ffd400b0
fe7f0069
00e1000c
004fff63
0037ff0d
013e009e
015c00a1
ffa0ff5e
001200b2
ffe7fffe
ff4d0007
ff83004b
0023ff3a
fec20079
ffa9fff6
ff50ff10
ff7bff61
ff7d0020
00e0001a
ff85ff68
ff430033
007e0157
0067000a
ffb4ff1c
003b0034
ff56012a
ff580020
005fffc4
00a2009f
00adff74
00d4ff8d
ff66005b
ffe30177
01020044
ffa5fee8
ffd4ff8b
00470072
ffe7fed7
0045feb9
008fffe3
00830034
ffaa0077
ff5cff83
016000c7
003b007e
00060089
00e70000
ffdc0064
00a10002
013200d3
01380059
004000af
00870193
ffa7ff20
0023002c
0066ffad
002cffe7
ffccffc4
ffe400bf
003b0018
003cffe9
ffae0151
00ca007e
00d8012a
00cc0159
00510058
ffc2ffa7
007900d6
ffe5002d
ff63006c
ffabfee6
ff33ffee
fed6ff67
0098ffe1
011b0118
00dfff35
005e0047
0073010b
0031ff5d
ffb4014a
002000b4
fffeff7c
00030065
ffb2ffef
ff7cffa7
ff5d003c
ff9600cd
00720034
00c9ff6e
0022001f
000d01a1
00510101
ffa40024
ff540039
0043fed7
ff4900da
ffa4ff5d
ffe0feef
0098ffb1
0084fef1
008aff9a
0135ffe1
00a90009
007cfffb
ff760006
feb4005a
ff56fff5
ff4300a7
ff85fff8
ffe601d0
ffb10052
0076001e
00960069
ffa50096
0046ffb4
000eff37
ff3ffec4
00420037
fec5001c
ff940013
fff7ffb2
00b2ff1a
0043ff3d
ffacff99
ffa40076
ffcd0081
ff8a0062
ff830017
006c00a9
ffb4012f
feb2003f
ff5f0018
fef5007f
0054fffe
017f007f
00aeffd6
0091fe0b
00410004
ffd6ff8d
ffefff4e
0048ffb1
ff87ffd9
0014ffc2
00970011
0048003e
ffacffbc
ffea0065
ffda0036
ff550074
fff5003b
0111ff8e
ffb3000c
004c0096
ffdbffd4
01530000
ff200053
fefcffe5
0015ff08
fedbfff9
0058ff32
0076ff99
006c002a
ffa3ffea
0020ff82
ff7eff02
0071ff9b
fef1ff8d
0060ffb6
ffac004f
ff74ff0d
001100b9
0075ff95
001eff61
00780139
0059ff33
0023ffc4
0057ffa5
ffaaff86
0173ffd7
0198005c
0082ff77
ff45ff3d
ffffff67
ff900031
ffe9ff8e
0017ff53
ff2aff94
0061ffb6
ffe6000b
0003ffd3
fffbff5f
ff24004a
00ddffc0
00a7ffd8
ff94ffc3
00e50074
01ad003d
ff6bff7c
ffd2ffa2
00cd0131
00b5ff73
ff11ff8d
00900016
00c2ff6e
ffd8ff2c
008dffcd
ff05007f
ff2e0081
0065ffa0
ffccfffc
ffc7ff16
fffcffb4
ffeaff55
010efee8
010c0076
0005febf
ffa50065
0128ff63
ff96ff5a
ff5ffff3
ff860086
fe87ffa7
fefdff1e
fff1ffa5
ffcffffe
ffd0fef1
ff98ff30
002bff4e
ff6fffb3
ffab002d
0116002e
008bffb9
0093feb3
003900ef
fe69009b
ff3100bc
fea90028
004c0072
ff83feed
003bffd2
00fc00c3
ffe200d9
ffafffcf
ffe7ffaa
ffc60082
ff330073
002dff73
ff7bff60
00030051
002d000e
fef50056
00000066
fef600ba
ff800088
0042009b
009bff29
00c50023
002eff9c
0008009e
ffa6ff3e
0014ff68
ffe2ffeb
0022ff90
ff8cffc7
ffc8ff9e
0043007d
ff950132
ffb30027
ffc9fe1e
ffb4ffe4
ffadfff4
0090ffe1
0077005b
fec0ff2a
ff90ff56
00580008
fff800a0
00b3ffeb
ff3f00ae
ff670097
00e7ffbe
fefaff9f
ff1eff5f
ffc10018
fff8ffaf
004dff75
ff990035
ff20ffa0
ff2f0077
00c50063
0002ffe9
fdb0000d
fffa0022
ffe7ff77
ffba0018
ff8fffeb
003f0015
012b000c
007e0021
007cfff9
0027ff58
010d002f
fff3001f
ff94ff4e
0062ff86
ff5effa0
008100ae
fffe0003
004d0083
00e1ff9c
0182ff98
001a00b2
ff2affa0
ff59ffda
ff530080
ffe3012c
ff42008c
003cff70
006cff9a
00b70002
ff36ffa2
000f0056
00aeff8b
0048ffcf
004cffec
0149fee0
004bffd2
ff9500d6
ff9dff53
00800028
0048ff84
ff0cff34
007c00d5
0115ff6f
0104fecf
00890077
ffe80049
007bffc4
004f005d
0110ff8d
ff86005a
febe0087
ffd70033
004900fc
0073ffd1
ffb20057
001d007a
fff6000c
00dbff4d
0044fff7
ffd5ffb9
ff1eff9d
fe2b0021
ff40ffb6
ff4501c4
fed6ffee
ff410045
ff6600d0
ff460066
ff90002b
ffca00fe
00ac0091
ff5a004b
0066ff92
ffacfee0
0087ff59
00dafee6
ff51fff4
0077ff87
0185fe87
001c0027
002fff90
000bff46
fffbfefc
001aff62
fed5005d
004bffd4
001400cd
ffa90075
ffdfffa3
0033ff5a
01c1003d
0005ff83
ffedfe1a
003eff67
ffb0000d
0083007d
ff31fe33
0102ff72
010ffe78
00b6ff95
00dd0031
ffc50067
fe70fed0
0022fff9
ffe20039
0046003b
00c3fff3
0076004f
007e0074
ffe8ff35
0008feb2
ff6b0016
005f0055
009efff4
ffa5ffe0
ffdeffaf
0031ffa9
00d6ff37
00a1006d
0045ff83
00e500b6
005300d6
009cfff3
ffab0040
fef70105
00ad007d
ff56ff71
00130030
0026ffe1
ffab000b
00a2ff9b
002b0018
008600b6
ff68fff0
01180054
016b00ac
012fff89
00ac00f8
00450001
ff86ff28
ffc90040
ff5900f3
ff400014
ff8700ee
01b9fef8
00b6ff7d
ff250082
003afe79
ff2dffbe
006400e0
0094ff14
0093ff2d
009f0071
ffacff89
fee400a4
0107fff5
00070064
004000c1
00ea00b3
000800d3
ffaa0063
0137000c
ffa3003d
fe700070
ffbe0066
ff6a0048
0164ffdf
008e0011
0190ffec
0028004b
ffe900e4
ff49010e
ff7a0052
ff9d003a
ffc90002
005a00d0
00160108
00bfffbf
00e70019
005e0025
0041001b
002aff6e
0145ff92
003c0087
0101003f
0028fdf2
0071ff9a
0028ffb9
ffb2fffe
0058ff9f
00f10095
00e30042
003f009f
006e0063
ff78ff62
ffa0ffd6
fff30060
ffa600fe
ffb9ff75
ff87ffd3
fffb00c4
ffecfff2
ff7a0028
0190ff75
fffa0074
ff570005
00b1fed5
002dff72
ff34ff01
ff2d0101
ff3dffb9
ff52007e
fffe00c7
ffb9006d
ff6f0069
fefb0037
ffa900c3
0080ffea
000bfea5
ffc0ff97
006aff47
fefbff89
ff55ff48
00b90044
004d0064
0000ffcf
00880075
0077ffc5
0079ff53
fff30025
ffd60097
0025003b
015600ed
ffacff28
000cff34
0024ffd9
ff1affe6
ffd300cb
ff410017
ff7fff08
ffe3ff89
ff78ffc0
00bd009e
ff9100a2
fff5ffa6
00fdffd6
ff78ffcd
00540105
00b2ffcc
00050036
002600c2
0055009e
ffee006b
ff8fff42
ffc3ff68
00effe80
fff400ac
ff18fff8
fffdffbf
01280019
fed4ff70
00c000ba
ff400080
006b0126
fff200bd
ffe40047
ffdaff78
ffceffc2
004bff96
00a800a9
008dff6b
ff9cfee8
01600018
ff03005d
0044ffac
001f0039
ff88008e
ffe00091
010d0006
012bfef7
0089ffe0
fec1ff68
ffb4feb5
000ffeec
007aff93
000bff3c
ff880073
003b0010
0082ff91
001dff4e
00420043
00bf0086
ffbbff2b
00980092
ffde0004
006cff74
00e200f4
001cffd1
ffa9ffeb
ff4c0022
fff20006
0040ff5e
0017ff77
ff43fff5
ffd7ffeb
ffbaffc1
001ffff5
01000031
ffa9fee7
0045fecf
fff8ff6a
00d7ff4c
ffa9008c
00b30037
ffbbffff
ffdc00bd
0046ff72
ff42fdd7
ffca0032
ff8dfffa
0085ffbb
feaaff36
ff1dff77
007a0113
005e0114
ffad0050
feff00c4
ffea0023
0003000a
00e2008d
ffeb00e6
ffecfffd
01780011
00c6008f
ffef0061
008dfff7
003a01b3
002e001b
ff93fff7
00f8ffcc
000dffea
0088ff54
ffc6ff6b
0073ffd1
ff1900e0
ffccffcf
0110ff9d
001dffe8
ff50fe86
ffa800e3
ff9600ef
ff69005d
ff7dffa8
fef0fff4
ff60ffef
ff9dff48
0109ff81
ff7900a1
00520172
00c6006e
ffa9ff9e
ffa1000c
00d20062
001b0025
0048000b
0027fffb
ff56ff02
ff99ff8f
0100006b
009a0064
ffac0044
00c0fffd
00f2fff5
002dff0b
0087ff6a
00cf0005
ff2800bb
ff3500a7
ff97fefe
ffe600ce
ffb000a7
fefa0075
febd0041
ff9efffa
0084ff3e
fffa003b
ff5a0022
0080ffb4
ffdbff9e
007e0084
ffc4ffaf
00e7ff64
0086006c
0061fec9
0060ffea
0105ffe9
ffdbfe6f
ffa8ff3d
ff40ffc5
00da0010
0061ffa8
00eefea8
00b70074
fff0ffe9
ff98ffc2
0058ffda
ff3aff65
feaf0083
0071006b
ff5eff10
ffc2ffec
ff69ffd9
00c0ffa8
ffe70063
ffa7002a
ffad0006
fffe0006
000fffd9
fef1ffa8
ffc1001b
fed3ffc5
ffcafef3
ff7cffa2
00e4004d
0017fefd
00820090
00b1ff4c
0051fef3
ffc8ffa5
ffcd0177
0084001d
0025ff29
00670026
ffd6ff96
009fffed
ff4bff81
ff0ffe4e
00daff9a
ff6c001e
ff98ff78
ffe70010
ff9e0045
fedbff23
ff79ff2b
ffd40048
00470033
003b002e
ff97ff40
ff3eff3a
007e009a
ffb80004
ffa8ffcb
ff540033
005fff26
0046ffc4
fff6010a
0002004e
ff29ff5b
00ceffe6
00cb002e
00350019
ffa1fed6
00e4ff9a
0044feb6
000eff4b
00a0ffbd
ffdcff84
00b1ff89
002d0020
01a7ff5f
00540031
0018009b
ffcc008a
ff94005d
fff9ffd0
ffaeffb6
00b20001
0075ffdc
000e0191
000a00a3
00cefffc
0006ffba
ff6cffe8
ffcaff8f
0060ff8c
0023ffbc
00a7ff6c
001effd9
ff9f0099
0074feec
ff9b00d8
0075ffc6
0043ff94
00360092
ffdaff6c
fffbfff5
ff6e0123
00a4ff19
ff620036
00f0ffd2
fff0ff6b
004300d5
00bfffb0
fec2ffcb
004c0099
0094fff7
fee1ffb6
ff68fefe
0031ffc7
ffc7ffe8
fee0ff76
ff9afff5
ff4e0085
ff5fff71
00060081
ffb0ff0d
00f1ff48
fea500ba
00edff4a
008f01dc
00b8ffdb
00e50017
004f0005
00ccffac
ff30001f
004d0084
0082ff59
ffe8ffec
00d1fffd
0006000f
ff0b00a6
00f2003a
ffe40007
ffc7ff33
0161007c
0004ffb9
0032ffda
ff9eff79
002effa1
001efedb
ff3c00d5
ffec0031
01070079
006a0084
ffe1ffd4
ffc30044
009b002f
ff93ffc0
0051fe9b
fff1010b
ff8a00ca
00c0ff60
ffacff89
ffb5fea7
ffc2ff4b
0052ff72
ff9aff4a
ff3700ee
ffe7004e
002000de
00b8004a
fff1ffe3
ff590004
ff39ff2a
feb3ff1f
0034ff04
007bff10
003200d3
ff7400d6
0039ff1b
ffb700a0
ffd40049
000e0076
ff33ffba
0015fe6c
ffbdff1a
00a3ffdc
00170075
ff7e0015
ffa1ffea
ff7eff78
ff67ffc9
ff42004f
ff3aff8a
ff2f0050
fffdff95
ffb0ffa9
00ab0174
000bff47
ffe3ff7a
ff9e0003
fff30004
002200b3
00caffba
002fffa3
ff310033
ffa5011c
0036000b
00ab000e
000f0029
009cff41
fff90042
fedc0152
ff9d0021
004e00e9
00fcffc3
00b70041
007eff57
002bfe86
fe0e00a9
fe9bffde
ff94febc
0008003a
007dff3c
001000a2
0042ff85
ff66ff9e
ff8dff82
ff93ffad
ffb7ff24
0085ffe0
008eff45
ffc6fffc
ffc8008c
00d70008
ff80fffb
fef5004d
ffeb0072
00810031
0082008f
ffa50031
00fa00f5
0022fffe
0058ffb4
ff11004a
ff3effd2
00fe0030
0025ff00
003ffe76
ffbf001a
fff90101
006aff7c
fe76ffb0
ffcb004b
0034ff6c
ffcfffc0
0050014e
004c0026
0044fff9
ffd40110
ffb5009a
011b0154
0050ff82
00380047
00080107
ff350010
00f4ffc2
00270085
ffdc0037
001affe1
ffdd007f
ffae0031
0018004d
ff86ffe6
00510029
0024fe8a
00ecff28
003c0107
ffe50127
005800eb
0053ffbc
00b5011a
00590043
0035ffff
0127005a
00e800c0
006200a4
ff9fffbb
ff7eff92
ff89ffb5
ff0d01af
fff4ff80
00d1ff20
00530067
ff68006a
ff260078
0060012e
00ca0090
0047017a
ff330011
ff7dffec
ffe000df
ff8f0018
fe58ffb6
00250168
0081ffb2
011d0026
00bdffd8
ff8f009c
0045ffed
007e0065
ffa8006b
ff9e008c
ffcefe80
fffcfedd
ff41008f
0010001b
ff8f0025
ff4000c4
0034003b
008eff41
01130025
007c007d
fff9ffbe
ffa1ffa9
ff650007
00120057
ff690020
fefa007a
00acff89
0027001a
ff59003c
febaff29
fe77ffeb
0034fec4
ffc10001
009e00bd
ff9dffd1
0073ffc1
ff6a009a
00870031
00ceffd8
0072ff27
ff1000ad
fefb011f
007f0013
004d0101
ff11009a
ff3dffe0
0022ffbf
feb6012a
ff6cff8d
00bbff3a
ffcfff11
006cffcc
00a60046
01010037
0035ffdd
00520020
fee4ffd9
ffdd009e
0081ffc6
ff380028
ff1e0010
0002ff71
fff6ff83
fff10018
00ed0071
0072006c
ff9bff84
ff57ff86
ffd20011
000bffe6
ffd80050
002cff78
ffd3ffe7
0020ffe4
0118011d
00c0013f
00acfedd
021800ac
0092ffa2
002bffb9
00ed0033
ff73ff7a
ff84ff58
010fff0f
0060fe93
ff7cff2c
00550032
ffeb0114
ff73000b
fffc0007
0061007c
ff28fed6
ff26006a
ff18ff99
ffe5002b
0035003f
0081feb5
00afff39
0089ffb0
0002fff9
fee40133
fe6effe2
ff67ff5d
007cff26
ffeeffa4
ffe20012
ffa5fee7
002cffad
0077006d
005aff69
fff5ff18
ff8dffe4
ff8a000f
006d0088
0090000a
ffce0080
ff120072
ffd1ff3a
0079010c
ffae0052
ffb00033
0101fffd
ffcbff97
0116fee0
001d001b
fef4ffcc
008100b6
ff660025
0036ffe2
00e70158
ffd8ff11
ff9bff01
fff3ff37
fff0ff54
ff620015
ffb7017f
0033ff74
ffa60004
ff98ff57
fed9ffb1
00790049
00860012
0052fe7c
ff86ff15
ff250104
0056ffa0
ff88ffd6
ff65ffcb
fecc0050
fedd0024
ffe7ffc9
00c4ff4d
ffe7ffd4
ffcf0091
ffacff56
002f000d
fff20097
ffeaff21
ff92ff31
ff4cff69
ff930085
ffb30025
004dffb2
ff8600a1
fefe000d
0127fffb
017f0025
ffe3fffe
00a7ffb9
004700ad
ffe7ff96
fecf0063
fff2fff6
ffe2ff1f
00a3fffa
00f60078
00f0003b
0128ff01
000dff01
0056ff74
fe9effce
ff6eff3d
0072ff25
ff84ffb8
ffedfff0
ffb60052
0018ff02
001f00e2
ff840106
004cfffe
007d010f
ff24ffda
0069ff60
002d00aa
00020086
00b40089
00e40017
015afe32
005efee1
ff6e018a
ffddffac
01420065
009a0025
ffe1ff77
010a0005
000b002b
0011ff3b
00e5fe5e
ff60ff66
fef9002f
00a8ff74
ff030027
0024ffc7
00ca002e
00ff0077
ffc2ff9d
ff900090
0058006f
ff5e00e9
fff30018
0022009c
00ccffca
00450028
ff89004a
fefcffd7
006dff7f
ffeeff16
ff92ffe7
ff980004
0134ff75
00410050
ff8b000a
01510002
005e0015
fdfbffad
ff08ffe7
fe9cfef2
ff32ff8d
0038009a
fe050038
ff0200d5
00540074
ffc30060
0011ff10
006fff3f
00e9ffc4
0087fffc
ff7aff5c
fe68000a
00f2006d
004aff46
fff3ff2d
00f8fe63
ffe0ffa3
ff10ff8e
fec40046
ffab0003
00050084
ff1cfe9f
feca00bc
fff6ffca
00e0ff2e
ff87003c
fec7ffa8
fedcffab
ff09ff82
ffb000ed
0055ffcd
00350089
ff51fff3
004600fb
ffb9ffc8
00340092
008d006c
fffbfff2
014fff65
0004febf
007fff1a
fed9ff05
ff11001e
ffe20113
fe48ff6b
000b0001
002b00bc
ff800091
0101001f
ff8b001d
01100030
00390028
ffb2ff47
ff89ffd7
fea8ffaa
0074fff6
ffd70081
0196002a
00c60089
00eeffea
ffbd004d
0052ffb0
ff46ffc4
feb0001a
feb300ad
ffe600ed
feedffbc
0075fe64
00880039
ff02000f
0020008b
0001001f
0050ffae
000b0182
00b10083
00220085
ffddffd6
ffe8ff41
ffd9ffd1
ff8d009f
ffa4ffcc
0010ff1a
0036ff91
018fff22
00b0ffbd
003affe7
ffd1002d
0056007c
0053000f
00b8ffbb
00120050
ffe700c5
00e000a7
00a70026
ff590090
ff1e007c
ffaefecf
012affaa
ffb0ff8a
008900a4
ffa1006c
008aff16
00bbffc5
00cdfff1
0121ffef
ffdcff2d
004100d7
00b300e0
0139009b
feebffc3
ffb7010b
00410041
010cffcc
ffa30019
ff3d003e
ff82ff69
003a0061
00930129
ff5fff98
005affd7
002300ce
ff1c0061
ff87002c
0024ff57
00f00088
005900a5
ff60ff31
0095ff88
ffed0036
0090ffb9
ff0f01c0
ffab00c4
008dff71
ffef0175
ff1d002c
00650087
0089ff4d
006d00ad
fea3021c
ffb1ff9b
00d1ffdc
014afff3
ff05010a
fef70023
0068ff0e
0046ffc3
001d006b
0015ffc1
003dffec
00ad0093
fe99ff96
0011ffc7
0094ff8e
ff4fffe1
fe81012d
004fffac
003a00e8
ffc40065
ff51ff99
0011ffd8
00e6fef2
0017000b
ff59ff3b
ff380078
ffb6ff2c
ff8aff4d
010dffe5
ffde000f
ff2dff53
ffd200cc
006b0178
00f0ffaa
0033ffa5
0048fffb
ff50fffd
0079ff86
00820054
00ee0006
007cff56
ffc7ff50
ffc5ffda
ff89ff38
ff91003f
ff5d0119
ffda0051
feeb00a7
005600be
ffb20097
ffbd0028
feb20077
febf0008
005b00a3
ff9e0103
00ca005f
ff5700d1
00450116
ff180148
ff64008c
002bfed1
000bff46
ffb1fffe
ff330032
006dff90
0185ffe4
ffdaff41
ffe6ffa4
005bff0e
007cff92
000d000d
0059fff4
ff0effab
ff100017
ff0501a6
002a003a
003dffbd
019e0075
0048006d
005effdf
0133fefd
ff7e01f0
ffdd0164
ff98ff15
ffefff6a
fffd00cf
ff62ff9d
0028fee8
004a0047
002700ab
ffb2ffa5
ff63ff65
0030fffb
009b0025
0035fff4
010c0038
00f2006f
0073ffc4
ff32ffb3
ffba0052
00420073
ff740066
00d1febc
ffc0005c
ff860008
ff5e001c
0019ff44
0112fee7
ff9a00cf
ff2f0073
ff7f009f
feb5000f
fe3ffed1
0059ffa9
ff93ffcc
ff70ffa4
ff4600d4
fffdff7c
0096004c
ff93fe4e
00b2ff45
001f0084
0006ff64
001c000f
ff5b0077
ff3dff78
ffe3ff9f
ff410013
0014ff02
ff7b0095
014300b4
00070050
ff330041
fedb0090
ffd00022
ffb2fffd
ff3f011a
ff6dff58
00380004
011e01c4
010cff34
ff60ff94
00aa0025
ff98000a
001e0099
00bbff82
009afeed
002e0068
ffba0018
002d00d0
006effb9
0034ff64
fff5fea0
0006ffb8
00350175
00bdff9c
00ac0008
fedfff5b
ff13ffc2
ff3500d2
ffd9ff24
feb2ff8e
ff9c000d
0100001c
fe8e0056
ff45ffbd
015b0045
ffde00bd
ffc4ffe0
ff9900c7
00300029
fff90018
ffa6009a
ffef0025
fffe007d
00360051
005d0021
00bbfef4
00dd00ab
00f2ff80
009cfe39
002effa2
0062ff19
fff3ffb9
0068000f
ffc1ffff
ffc80077
ff5fffc3
0053ffe7
0063ff75
01750011
0106ff68
fff9ffd4
0068ffae
ffcb005b
003aff6b
001cffe4
0163fff7
fff6000d
00cfff7e
002d0033
002fffc3
00e5001c
ff9effbc
00b6fef0
001b0017
fe710084
00c700ff
ff70007b
0018ffd6
ff0f0026
ff230001
ffccff57
ff7a00c1
006efff8
00a8003f
ffc2ff9e
013500c5
00b60061
006f002f
0034ffcb
ff71ffd1
00b8ff7a
0049ffe7
01650060
0061ffe0
000eff95
004b0010
0029001c
003effc3
009c00cc
ff73010c
ff9affc6
fef8001b
fffa015f
ffd1ffcc
ff7e00b2
00270159
00fa003c
ff7f0066
ffe3ff88
ffd600c8
004a01ba
004cffdc
ffc2ffef
00c501af
ffb8ffac
0008fff2
ff5e003d
ff3a0154
00110090
ffb5ff9d
ff81fee0
00bfff8c
ff5cffef
ff660091
005200c3
0068ffb2
002bffe2
ffa7ffa9
00beff0b
ff3efeca
008300ac
ff35ff54
ff85002d
ffb10104
ffadff67
ffd6ffa5
ff6dff68
ffc8ff35
0040000e
ffe6008a
0013ffac
001bff61
000f0020
00c20027
ffadff38
ff8cff7f
0010002b
00daff19
00d7ffa0
000dffff
fffd0017
009d001b
0017ffc8
ff6f0088
0007ffc4
ffd40095
002400d1
ff7a0046
00f1ff64
0144ff9c
ffa7fe55
0013ff97
0031003e
ffc70057
ff850085
002c0059
00f2ffca
00d20011
004a0039
00d500e7
000a0072
ffce00cd
ffbaff7b
ffd5fe59
ff6dffe2
01690052
00200094
fecc0003
0036ff46
0043fefd
0056ff56
0011ffce
ff1200be
ff090178
ff800067
00510095
009bff79
ff57ffb7
011fffdd
00520074
ff41002d
ffaa010a
ffe7ffc5
008f0007
ffceffc2
00670029
ff8c0024
ff46ff9e
ff71fea9
00ae0049
006cff3a
fef30036
ff81004e
ffd8ffc3
00b4ffc3
ff0aff35
fef3003a
0006003a
009f0074
fef7ff8c
ff120038
008b00fa
ffabff7a
ffccffef
003aff6d
0095ffd3
ff02002a
ffd8ff55
ff47ff92
00630069
ff50ff9b
ffdb013c
003a005d
ffdc005e
00590056
fffffff2
00ebfff6
ff93ff99
007c0077
00eeffdc
fece0077
ff52ff39
0029ff6a
01550120
ffebfff9
00020015
005cff5f
0060ff43
0089006d
007400ce
01010049
008f0117
001400c8
00fb00dc
00db0003
010a007a
ffefff54
ff97ff5b
ff840053
0038ff09
ff500011
ff9a0075
006bfff3
0046ff25
002fffb3
ff920042
00bd0017
ffa300c4
ff890138
ffd40022
ffa9ff27
01afffba
ffe4003c
ff87fed5
00fc0046
ff54ff16
ffba0027
ffe1009c
fef0ffd9
003f00ed
00f1ff6c
0102ffac
ff89004e
fea600ac
ff92010b
00c7005e
00cefffd
00d00080
0063ff91
ffffffac
00c3011b
ffa70006
00cb0051
ff8f0104
000ffeaa
0001002f
ffc4ffb7
ffe8feb2
01780020
0085004c
ffca008f
ffefff80
00e6ffca
0024ffa3
ff40004c
000d00cb
ffddffc4
0030ff82
ffc30185
ff690130
ffa9ff8a
001f007e
ff7b00eb
ffb8ff90
003aff55
01620055
007d0015
00dbfff2
0063ffda
002500e5
00c5015f
000a0095
ff5cffe8
ff610077
005b0008
ffb9ffbd
003cfebe
00400174
0013fff2
ffb9fffd
00b900b2
ff9900a0
fec8004c
00b9ffc3
ffc1ff78
ff24ffd4
ff7bff91
ff7effc3
005efff1
014fffa6
008aff30
ff6affe0
ffb2ff5a
00260047
fec5fff2
ff7cff28
0080ffad
008d0049
ffb9008b
003fff8d
0007004c
001fff35
ffb6ff7f
ff76006e
ffdcff48
005d005a
ff42ffe3
ffa2003d
ff93fe5f
ff9efe13
feceffea
ff6a00c1
0040ffca
0001ff1b
00d60013
0042ffd6
01aafff3
ffcb00fd
008b003d
0062ffc4
ff7b00ad
00fafff4
ffa70088
00c9006f
ffc5005f
0090ffce
00d00019
0043ff9d
0063ffb5
00490036
ff2ffff9
005effef
001800ad
000c0051
ff630095
0026fead
003cff66
ff5a003f
001e0011
0019ff75
0082ffab
004a0124
ff89ffc2
0078004d
ff8bffcf
0057ff67
00b90002
00bcff25
0068fff2
0044ffa5
ffe8003c
ffb6008c
0006ff45
ffe4ff6e
ffdaff5a
004501fe
00380030
0032ffb7
002c009b
0043ff2d
00bd009c
000cff80
ffe9ffe6
ffb1000a
002cfff7
fffb00fa
003affd3
0081ffb9
ff5f0094
ff910058
00d1001d
ff760047
0023fec3
ffd4ff47
0005ffb4
ffec013e
ff9400d8
0094ff2d
ff900065
0041ff9f
0170fed2
0132ff47
00570089
ff1effd0
0067ff1d
00b9ff88
ff280021
ffc20013
ff6bff5e
feaeff26
ffd1ffb7
ff5c0125
00230142
012f0038
ff8f00f4
ffbeff96
ff4d0087
0002ff74
00490008
00a10050
002f005e
00620055
ff54ff08
fffaff2d
01130046
001f0086
ff7dfff5
ffe3ff47
ff37fffe
ff5bffa3
001fff67
ff4eff29
00ecfffd
0046009a
ffa9004c
ffafff03
00370012
0019ff97
007aff67
00bbffe6
ffea0069
008b006e
00b2011b
00f800b8
ffeefff6
008100b6
00eb0006
ff3affd4
ffc0ffc9
ff6effc4
ffbdffab
009a0130
00bc00e7
fff4ffdf
ffda0027
005effd0
fe49ff0d
003dfef4
0104ffc5
006600a9
ffac0062
ffa90047
0065ff44
00a8ff5a
00770037
ff3a0025
ff10fef7
ff1effdc
fed0ffb3
0046fffd
ff41fffe
0047ffd6
feba0061
ff7b0101
00b0006e
ffaafffa
ff9000cd
fee700d2
ff73005e
ffd400fc
fe92012f
ff01ffb5
ff9bff6a
0069ffd8
ffb3ffde
ff5eff88
ffc6ffc6
fff1ffeb
fecb01fb
002c0093
fe37ff32
ff6dff54
005dffc7
fe560071
001e0018
ff46ffb6
00c700e5
ff2100eb
fe70ffd7
ff0eff96
ff75ffce
00030096
ff450051
00d50089
fff800d5
ffb10053
ffb5ffed
00e6ff72
ffbffffb
fecc0032
ff64014f
ffedffaf
002c0024
01620045
ff9f006e
ff920015
ffcaffca
ff43008c
ff360045
00520028
ff30009a
004dfffc
ffe5ff7f
0055ff7e
0091ff86
ff5affb0
ffe1ff5a
ff71000f
011b0023
00eeff4b
ffd5ff55
ffda0116
ff4a0006
fe9300bb
ffb3005b
00a0feec
0060006a
00ad0118
00daffe9
ffda0030
00c00122
002bff94
fe3f00b6
ff8e0020
00200005
ffdc0124
ffc6001a
ffef008e
ffa200c4
ffdcffd9
fef1ff5b
ff84ffa4
ffe0ff16
ffd10002
001dff80
ff5fffd1
006c00ee
0001fe65
ffa3febd
ffe8ff65
008dffe2
0044002a
0060ff6f
0055006b
00a50002
ffc9ff51
007800d4
00480012
ff1dffe1
ff3dffd6
fe17011c
ff2e0077
001f00cd
009dff44
0046ff51
ffb5001b
ffb1ff6d
003affbe
00920057
ff4bffa7
0079fffa
ffc1004b
007d0081
ffad0141
00230004
0040002c
00ceffcc
0053ff79
ffbafff8
fda50084
008b00bc
00dd0021
006700c4
00efff7b
0038006d
0029ff6f
ffac0096
008d008e
00f5007e
015000d3
00380016
008f003f
ffefff73
015dff8a
00a1ff13
013cfff8
00c8ff27
002effc0
0074ffe2
fff900da
006b0088
009effc0
00d8002e
007eff43
ffa1ff93
ffe8ff6c
ff86ff6f
002a0176
00690020
005fffd6
003000c8
014b018b
007b00c1
ffcf004f
0012fe77
ff9b00c9
ffb60197
0059ffc2
00bdff3d
00a6ffb2
00e1009b
00e6ff7c
015bff60
002fff91
ffb8ff8b
ff9b000e
004bfec7
ff7a0141
ff9c013a
01c8ff7e
ff9d004e
ffef005f
0125ff85
001fffa8
ff9c0039
007f0020
012bff62
feb0ffe8
ff69000c
ff23004f
00afff20
00adffbb
00900097
002600e4
009aff98
0105ff33
ff9b0064
ffdd0034
ffa1ff47
0040ffea
ffb2003d
ff990020
00faff31
ffb0feb5
0077fefc
00d400b0
ffe80029
0075fe9c
ffe4ffe9
ffbc007d
0084ff1a
ff7d000f
ff8c0062
000300e6
ff24ffcb
ffd5ffab
0002ffaa
ff770041
ff6d00a8
00f5fecb
ffb900d4
ffba013d
00960066
001600b9
0004ff22
007a0061
001f0029
00b70034
00be004d
ffcb0101
00ea0033
ff67ff97
ffc400f1
00600052
ff5fff40
0090ffb7
0012ffa7
ff14ffc4
ffc8ff6d
00c5ff30
fee7fedf
ff6e0075
0144ffff
ff300075
ff2a0126
ff8a010b
ffd5ffaf
ff56004f
fe60ff4f
0004ff91
008bff31
ff3dffeb
ff41ffa6
000d004f
ff380073
0032ff4d
00ccff91
00780171
ffba0156
ffee010e
ffd8003c
00bc00a4
ff9b0091
ff9bff16
ff0a0049
ff06008a
00090095
01770061
007f0028
ff11ffc5
008eff36
ffbe005a
ff1e009e
002effa0
00510000
0088ffd5
ff8b00a4
008700e6
fff1ff95
ff6200d4
ffc4011a
ff42ff47
ffcdff95
008cffbc
0021003d
ffcbffe8
ff4cff31
ffadff80
007bff78
005cff4a
00070098
00beffcb
010bff63
01190058
0050ff4f
ff8f007b
0139ff04
006affa9
ffaf00f7
ffc80040
00ae0035
ff4f002a
00530061
ff990081
0000ff39
01060079
016dff6e
0082feec
00c60074
ffbf008a
00410081
001cffd6
ff7e002b
0049ffc6
00d5005c
008200cb
ffc3fe9d
ffedff86
fffbff19
fde4fff4
ffac008a
00280077
ff220033
00be00c8
ffa30083
00470099
002300b9
002b0062
ff64ffc3
001c00fe
0042000a
00730063
ffa30024
ff68ff6d
fe3dff2d
0036fefc
00ee0011
ffdc000c
ffce00bd
007b0155
ff3f001e
0042ffc6
ffd200d8
007d00a6
003500ff
ffcffff8
00e50055
ffea0032
013e00df
ff07007c
ff83012f
010300c2
003d007d
0097ff05
00350022
ffeeffdd
001cff77
00250054
00c600a0
fef900ba
001a0054
00b70063
0057ff90
004500dd
fe890102
ffe8005b
00e6ff77
009e0037
00510038
fff70025
ff4fffc9
00b10038
00d6ff57
ffdcff11
ffe30001
005dff83
0045003f
ff7bff31
0043ffe5
ffca015c
000fffda
ff2fffb4
00c0004d
0076ff94
0044ffc6
003dff7c
00530048
ff9fff6a
ffb3ffea
ffbeff7a
0074007d
002eff90
ff70fea2
ffd2fed6
ffe00045
007dfff6
ffdbfef4
00e8ff70
ff73003e
ffdd0086
0011ff60
004c0035
002afffa
ffb5001a
0159ffc1
00a100db
ffa90187
fffd00ba
001bffe3
00040029
00310003
fffbff18
00c1001f
00010049
ffb8ff06
ff8c00a5
fea0004a
ff53ffe8
00fcfed5
ff770061
ff48fec1
fee6ff3f
003100af
0111ffd4
ffe5000e
00950071
ff75ffb2
ffdeff89
000b006a
00cdff83
ff64fee2
ffbaffe7
ff0b00b6
00e700c4
ff3bff6b
0022ff11
001f0006
ffd7ff83
00bcffda
ffc0ffdb
00aaffcb
003a0077
fffafff9
00b20051
018c0066
00340071
0097001e
ff9d0055
ff58ffeb
ffd00014
ff8e007f
00100063
ffab0082
ff90ff53
00220092
ffdaffc5
fff8ff93
00a70027
ff72ffc5
fe7fffec
feba0020
000e004e
ffc4ffa8
ff41ffa4
0011002f
00370032
004fffea
00d20039
00c9002a
ff40ff9e
ffa300e9
002500be
003dff85
0061feff
fe94ffd2
ffb1007a
0004fefc
ffe7000c
ff170021
00adffd6
ff7eff0e
fef7005f
000001f1
0179008e
00eeff85
00abffc1
008100e5
001efe5c
003fff9e
002ffe62
ff25ffc4
00b0ffc6
0174ff74
ff70ffbe
00850098
ff31009a
000fff1b
008a0094
0048ffbb
ff720159
ffdd002c
ff15fef4
006cff8e
ff9a0046
ff700005
ffd70015
ff74fffc
003eff95
002e002f
ffb6ffd1
fff6ffff
00e0ff5d
ff6a0107
00cdff72
ff84ff0f
004dff05
ff15ffa9
ffa3ff63
ff65ff63
ff44ff9f
ffb8ff0f
ffc80007
ff630012
003400a0
ff86fff9
004900d8
00b2001b
005600f8
00950061
012dff3c
01e20002
fe9bff82
fe5b0166
ff76000f
ffc1ffd0
ffcaff19
0034ffbf
ffd700fc
004d0016
ff820020
005400a4
00caffbc
00b000cf
000f0163
002d0020
00f1ffb7
00b2fffc
ffadff38
ffe0ffae
00cc0099
ff850086
0085ffec
ff9e0078
ff97011a
ff5fff58
ffc8fe41
00c300c3
ff910009
0018ffc5
ffd4008a
00baff9b
0036ff88
ff7f00f7
fecbfe56
fee50020
00510060
007e0130
fe55012a
ffd0ff36
ff39ff62
00200068
00c4ffd9
fe5a0026
00b000cc
ffa60001
008200af
ff73fffb
ff31ff8e
ffc00029
0010ff7d
0032ffd1
008100ab
ffbd00cf
fff2006b
009effbe
000cfffa
00e90111
008c0021
ffffff0f
ffc8ff5b
ffa40139
00170049
ff99ffe5
004b0163
012f009c
0160006b
0034ff1d
0042008b
0051fffe
ffa3009b
004bfe97
ffc9ffaf
ff4affd4
000200c0
0041008b
fecfff9f
0018009b
001e0045
ff0e007a
0029feb5
ffb10073
ff4f0108
fef90055
ff64ff73
ffda0109
ffdb00d6
0007000c
0075009f
002affbc
ff89ffec
ffc0ffaf
0026ffac
ffaa00b1
ff8e0076
ff18ffc7
00c3011a
0023fea1
01100012
00a3001b
0063ff87
0014006b
0117009d
0043ffbc
003bffd8
ff8eff7f
0000ffed
ff5f00ad
ff85006a
00ec0028
ff5e0069
ffbbffc4
ff5d0055
ffbbffc4
005cff54
00b9ffd2
010afeef
0010ff6c
ffd6006a
ffddfed8
ffe20026
0025ffe3
fed8ff29
015a00eb
ffc3ff3b
0029014b
004a0061
0047ff63
ffcb009b
ff8c0014
007f00bb
ff5d005a
ffb3006c
0007ffb2
fed1ff93
ffa6ff8d
ff0fff9f
ff5e0040
ff68ff93
ff2f0100
007e00c0
00bf0050
ffd60069
ff9c0092
ffd8ff76
0008ff51
ff63ff44
ff72ff6f
00a6ffe4
fff3fe9d
ff38ffb0
ff3f0059
ff61fef5
0065fee9
ffdc002f
fe5aff28
ffffffd7
ff270122
ff90ffad
ffb9feff
00c300c5
ffd3007e
fffe00da
fe52ff9a
fed8ffd8
002e0084
ffeb0017
ff5dffbe
ffacffd0
00920038
004cff5c
004a002e
006efffd
00f4ff55
ff5cffb9
ff910007
00100025
feefffe5
ffd7000f
fed6feea
ff7c0000
00620014
feb1ff34
010f0011
ff0dffef
0079ff99
ff500077
ffdf0133
001bff49
ffd8ff67
00ef0094
0098ff64
00bdff9b
ffe7005b
00130027
ff8300ac
ffa3ffd3
ff630002
00d1ffc0
00610003
fffe0094
00e6007b
ffdafffd
0063ff8e
00d0ff4c
0117001b
ffdc0038
ffe9ff97
ff47ffb0
ffc4ffb0
006d009d
fff60054
fff5ffe8
fea9ff99
ff8b001c
ff29004d
ff4bffe8
00fb0056
ffb400b2
ff43ffa2
00ae0073
ff69004e
ff98004e
ffdfffab
00b4ffd7
ffff0057
ffc8005a
0149008b
005d0034
0063002f
ff7e0031
004e004b
ffddfffe
000efedf
005e0059
ffac001a
ffadffea
001d00f1
fff00047
004aff7a
ff7ffff3
00380040
ff820109
fef6fff9
018cfff4
0007007e
00a0003d
00030050
0088ffdc
009d00c6
0046ffe5
00a7ff84
ffb90121
ff8800cf
0046ff96
015b00f1
ffedffdc
003300a2
ff530042
005cff85
0019ffcd
ffef005f
ffa4fff8
ff2e0016
ff53fff3
ffb6ffa2
ffc800cd
ff570051
ff2f0047
ffee0026
006300d6
004efe53
0027feea
ffad002a
ff47ffb1
ff4fffbb
ff9cfffd
ffda0077
00a3ffa1
00c8011d
ff5dffd6
ffbdff2e
ffc20051
ffaa000a
fff40024
0015007c
00d70080
ffd40087
0066ffdf
0017ffe6
ffd000cf
00a6ffba
00370066
ff2bff32
ff3fff2a
ffcffeb3
0000006d
ff1efffe
ffc6ff81
007500f3
ff9100c7
ff77ff9e
ff3cffd8
ffc9008f
00d70137
00230052
00aa00fd
00170004
ffc1ff68
ff28ffeb
0090fe52
00b7ffb0
fe5c00ac
00a80052
007e0100
ff6a0035
ffe900c7
0029ff82
ff4fff85
00c1008d
0124001e
001cffa9
ff84000a
ff9f0010
00b5ffe6
00230073
ff6100a8
ff76ff98
00cbff35
feceffbe
ff30ff1e
0045feb6
00160059
0031ff96
0116ff45
008dff4b
002cff65
ff640081
ffcf0038
015a000c
0026004a
ffd100f8
ff7effd7
ff64ffd3
0068002c
00aa006e
ff5500bc
ffc4000d
ff8400c8
ffb80054
00a10074
ffd9ff7a
0016ff1b
ff59ffb8
0113ff2e
ffdb00fb
ff7eff21
ffcd0001
feef014a
ff5c0064
fef6ffb8
ff450072
ff9afff5
0015ff6d
00e50000
008c0034
0044ff73
004d0009
ffcafed3
ffb30049
ffc4000b
ffdcffd2
ffdcfff7
ff6d0067
ff8d005c
00610033
005c001b
ff9100ae
ff810059
001b00bc
ff5a00c3
ff330076
0033ffd5
ff21ff48
ffa80040
ff5cfff3
ff9500e0
00b70040
00c00118
ff9bffa4
001e0025
007e0045
007efee1
ff29013d
0159ff07
01370007
0146ffc2
00240016
ffcefff7
0061fec9
0031feae
ffd6006f
000b0043
0058ff11
ff18fefd
003d0025
ff77003e
000efff4
00f5004a
fea7fff1
00b5fff2
ff70ffa3
ffa300c6
00260076
ffd40135
01700002
010dff2e
ffae0083
004a0042
003c0138
ffdb00a1
008bfffd
fee90062
0089007a
005bff23
00a7ffd2
00a2ff58
fea100d2
00ac008b
00f90093
ffd2000b
0099ff55
0102ffdf
ff470086
000100a6
fff00025
00be0014
0099ffea
ff940037
ff90000a
ff7eff64
ff5e0029
ffe000b6
007c0029
ff97ffe1
ffb4ff4d
0032ff45
0072ff31
fff40099
0101ffcc
ffb4ff77
00480114
003500d4
00330070
0004ff7b
00c1ff1a
fff30000
004afff5
0178ffef
fff20089
ffceffff
febdff02
ff170087
00c60125
00ccffe9
00b500b9
00a70001
ff1f0051
00f1013d
ffa9ff5e
ffe9004b
003dffb5
ff8e0019
003100ca
00810047
0038ff77
0009ff37
ffe0002d
0039000d
00720053
0028017b
ff8c00aa
0100ffb4
0003ff8f
ffbc0093
ffcaff8e
ffa2ff09
0012fea7
ffc6ffff
ffb6fef0
00710080
ff53008a
002e0027
00fbff33
0097ffd3
ff65ff6a
ff06ffb9
008300f4
0014ff7b
fee7013f
004cffec
00ec0055
00a50140
ff8dff76
00490029
00a80021
01500019
ffe800a7
0082ffb4
007fff70
ffec012e
00bdffeb
fffeff3e
ff5e00df
ff43fe3c
ffaf001a
0000ffc8
ffd200cf
0070007b
ff5fff08
0073ff9d
0119ffaa
011affac
0067002e
fe9200bd
fec80082
fec10037
ff39ffc0
0072ffc3
011200c5
003200e2
0068ff9e
00110060
ffd3005a
ff4d0015
ffc4005e
00c10012
006100a9
ff1f0060
0019ff30
000fffb1
fefbffde
ffa5ffdf
ffe40095
ffd60024
ffd80016
0045009b
ff5affe4
ff7cff6f
00030127
fff7002a
ff0500a8
ff63ff3a
00530058
ff0cffda
00790030
0026001d
00410083
0025ffaf
ff02ffdf
00b6ff29
0056ffd4
00480081
0041ff9f
ff9e00ae
ffee0057
ff9a0007
fde4ffdf
003effee
00470029
0098ffc5
0067ff94
ff770075
007d005e
00a20010
00330047
fff4ff87
ff12ffeb
ff5000ab
001ffff1
fed7ff80
003dff37
00bf0043
00b500c1
ffa5ffa2
0002ffef
00b60103
0013003b
002d0045
ff910089
ffb0ffe0
00860041
029bff70
ffca007a
ff62009c
00ee0033
ff38ff7a
fff10013
ff7d004d
ffe7fff9
009fff7d
ff4f0123
003effc0
fedf0041
ffdfffd6
007dffe0
ff94ffac
ff2c0106
004b0180
002900cb
ff800027
fed20004
ffecfff2
009dff99
fffaff85
ffc3003a
ffed0082
fffe0094
00ffff9f
0128ffc8
00280030
ffc6009e
ff15ffce
010c0065
ff780006
008cff49
0054feea
0068ff31
ffd3007f
ff140031
ff98ffd3
ff360020
0000ff7d
002300c4
ffa8ffb8
000dff93
00170035
ffbb0046
0008ff50
fde3ff1d
fee4ff76
00690033
ff4fff83
0086fea9
ffd4ffa8
ff66004d
0058008b
01b1ffda
002efff8
ff0a000d
009b0051
ff9e0018
008800cc
003efee4
00950077
ff2e0095
00bb00ee
006900b4
ffb1000c
00370055
00840077
0144ffd2
0085ffb9
0076ff89
0007ffd4
ffb2000b
ff64fff6
ffcaffa6
009b007a
00c40034
ff4f000a
004d0076
0055fed4
ffe2ff8f
ffaa004e
00470092
0057011d
0097fec7
0081fff2
ffa6ff88
0019ff23
00ca013d
ffc0ff70
ffceff7b
fffc0153
ff6dfffe
ff670016
009f0055
006d0037
ff1effb1
ff2e003b
ffe40191
ffe40154
ff50ff14
0001ffc3
ffd2ffa6
ff3fffa7
ff770046
ff3cff35
ffb2fee1
002100a1
ffd9ff9d
00a8006f
0028000a
006e0012
ffff00e1
00a70016
ffa7ffe4
ff5b0100
00110074
fff7ff83
009e0067
ff650028
ff65ff55
006a0083
ff2700df
004b0088
ff6c0066
ffc30016
00e3ff62
00c00083
ff5500ab
ff1affc2
00760065
005dff8f
fffaff5f
fef2ff7a
0073ff66
00e0fe6e
fff3fff9
ff8ffff0
fedeff30
ffa6ffce
ff57ff16
ff17ff95
01050112
00b8001a
ffcefe40
fee6fec4
ff60007b
ff6400ad
ff12ff18
ffdc0020
00330023
00f20041
fffb007a
0087ffd1
00b90079
ff7b0012
ffd2ffdf
001cffae
00a0ffb5
0040ffe9
00b60033
0070000c
ff4e001d
ffffff72
ff6e008d
0008ffa5
ff9eff09
ffc60075
0038fff4
ffbaff4a
008cffc3
0028ff67
fee4ff68
ff6affbe
ff7c0048
006eff60
ff89ff98
007c002b
00b4004a
0050ffae
00acffe0
00da00d6
ffc7ffa0
ffa3ff5a
00950034
ffffffd2
fe5eff43
ff98ff14
00b8003a
fff6fee5
00160060
0071ff87
fe4f001b
ff94004c
005affbb
00c300d2
00590037
ff070027
ff51fff9
ff49ff94
0025fff7
ffb100b5
ffc20039
000dfff5
ff730041
ffa0006f
00d800e2
00ad00ab
ffbdfe3a
ffdfff86
0080ff22
0099ffc2
ffa2ffd6
001f002e
00e6005e
ff710015
ff08fff7
ff390001
007eff6c
0161ff7d
ffc5ff3c
0011001a
ff01009a
001d003c
fff7001c
002bff8c
004d0007
008d008d
ff7cffe1
ffa7ffb5
ffac000c
ffef00bd
ff14ff96
ff3cff7e
00b600ac
0020005b
ffab004f
ffd30074
00060056
004afea2
ffa7ff9e
0000ff9c
000fff4c
ffbe00b2
ff2b00a8
00550077
00fbffc2
ff990018
00790046
008bff0e
00da0001
fef400ca
fe9eff45
fefd0066
005cff81
002fff40
ff9d001b
00300005
0143ff41
0081ffa3
fe470093
0098ffe8
006b0039
0035013a
00560007
0060ff0f
00d8ffe3
00240057
ff600000
002b0006
006dff2a
0075007f
feb800a6
fecbff3a
005600ea
fffbff9e
ffb50026
ffe80037
00d900d1
00da0011
009eff32
ff55ff79
ff8eff6f
ff6d0039
00dcff0a
00c9ffa1
ffeeffec
ffbd007c
fff7feef
007dff69
001000c6
ffdeffb0
008cff76
fff700b9
005fffc3
ff9cff77
ffbe0033
002bffd7
ff94ffa2
ff93ffb2
ff090053
ff1affd2
009efefb
0064fea9
00acfff1
00400027
00daffa3
00620067
ffa00118
001bfeac
ffcaffa2
00440033
ffb7ff4a
0026ff8f
004fff7e
ffb60027
ff85ffaa
0073ffe0
001cffc5
ff94ff96
ffd6ffe4
ffb30007
ff8a0057
ff1affff
001cff6c
ff710055
00940117
ff4a0069
ff0d006f
006affb1
ffbdff7b
ffc3ffe7
00830055
fffffeba
014f008a
ff5afff3
008a0047
015a0019
fef80017
fee3ff9e
003f0036
ff58002c
ff540001
ff1bffe0
00dcffa2
0174fe60
ff5bff26
ff9aff6c
003bff7b
ff6e004c
fff60077
00040086
0034ff29
01ccfe15
003fff40
00680021
ffecfef9
ffb500f0
0058ffb4
ffd6ffb3
002cff7c
00840078
ffafffea
ffc1ff4a
003bffeb
ffa8ffd2
00b900c2
fed2ff2e
0015ffcc
00670058
ff9b0033
005fff17
ff8b0070
ffa20021
fffd0013
0033ff1d
004fffca
0128010a
003000a0
ff04ff9f
00c7ff0e
0035006e
ff33ff31
ff8100a4
ff5a0074
00720021
00140063
ff3dffe9
ffb6ffb6
00410075
003e0035
00460068
00b5ffca
00c9ffe2
00bdffdc
ffe70026
ffa6fe78
ffd60008
00c0ffe5
0018ff90
fff4ffcf
0015ff6d
000fff73
00220020
0019ff9d
ff02febc
ff5dffa1
ffa0ff23
ffb90038
00cb0113
fff5ff81
00c40053
0086fea4
fe8aff75
0007019b
ffea0020
ffa40153
00890007
009e002a
00a2000d
0033ffd3
001eff50
fee4ff78
005cffd4
006e00f1
ff590048
007200a9
007b00d8
fffa0114
0056ff86
007fff96
ff320108
fe70007b
009dffbc
0033ff9c
ff6a0100
ffcc0038
ff5bffef
ff9200a8
0046ffb6
00bfffe7
00420162
ffbcffef
ffd5015e
01b9007e
01070078
0033ffe3
009e0029
ffc30040
00a2ffb9
012e000a
0025001c
00b70086
001e0068
fee3001c
ff2bfeb1
ff5ffecc
ff5cfef0
fec3ff84
0067feb0
003ffee6
005a0064
fff30067
0094ffc9
00a2ffb9
ffe2ff5d
ffd0ffd2
00820034
ff810028
ffdaff99
001200f5
003f005d
ff7a0091
00faffe4
00d4ff83
002600be
ff3c0012
ff2e0007
0082ffdc
005aff7a
ff87ff97
ffb9ff60
00a6003a
ff1b00c7
0004009d
fff9ff2d
ff1bfea1
0055ffd9
ffa00050
ff8affcd
fec7fffd
005d0008
001e00eb
00ea00b0
0086fff0
fec70046
ffb10016
ff46ff84
0008005c
ff0f0095
ffccfe9e
0087002e
fed70086
00cafffd
ff7e0083
ff1000ac
ff49007c
ff940086
00310095
00abff1c
ff48ff9c
0085ffd9
ffc90008
feae00f5
ff980109
feecff6a
ffc1000d
ffe0ff84
ffe3ffb8
ffe20085
ff7a0000
00590019
0024ffb0
003000ac
ffdf009f
007200b5
ffbbffec
001fffe6
0004ff93
ffa0ff41
00a7ff6f
007dffaf
008eff98
ff95008b
0044ffb3
0071ff6f
ffe40021
fefb00df
00d8ffb7
fef3006e
ff4cffbb
0117ffe0
ff760043
ff850026
ffd0ffa4
000900de
009cffef
0033ff7f
00280035
004b0026
001300e5
000c0092
006800b3
00b000b6
00540003
0134ff8e
ff940037
ffcbffa7
ffbd001d
001effe9
002cff75
ffddff8a
00f4ff7d
012c0023
ffcdff5a
ff300066
feca001e
ffe90022
007bfff0
ff870012
00c9ff74
ff92fed3
ff4a0029
0034ffd6
ffcfff55
ff8aff07
ffa0ffb5
ffa3ffc9
fe9700d4
feb1ffe4
00a4013d
00a70042
0083ff46
00830063
ff450000
ff9eff8d
ffc90071
010dfefe
00140075
ff580002
ff7a0156
0008008d
00bb00dc
ff2bffcb
ffe4ff8d
ff94ff7a
ffd00052
fff0feba
ffcb0152
ff9a01c2
ff1900c8
006d0005
0005ffd8
0029016c
00970241
0021009f
00160050
00bbffe8
ff00fe42
ffa1ff4a
0012fec5
fed9ffd9
0026005f
0059ffd8
ff7bff57
ff880013
ffb50079
ff00ff88
ff35ffa0
003ffffe
008e012e
0033009e
005f0044
002fffb1
fff7ffdd
ffa9ffbb
ffd30089
003effd2
ffcf00f0
0051004b
0000ffbe
ff9400a7
0001ffb1
ff740133
ff2bff4d
ffecff8a
ff9400a3
fee5ffdd
00200073
009efff8
ffaaffa4
009effa3
ff8300ad
ffd00176
00020021
ff6700ba
fffb00b3
004e012a
ffb7ffcc
008efed6
00b1005f
ff76ff44
ff7ffeac
ffcbffb6
003bfff3
feedff56
ff1b002f
ff98ff95
00df007b
fff100f2
0016fdf5
feb80025
ff05ffba
ff4c0010
ffb30178
00c900fd
00e0ffdf
ffed004d
ffc00009
ffc8ffa4
006b0004
00f00041
0012ffec
0069ffa7
00a400ac
00dd0069
ffe9ffbc
ff940072
00740099
013dff41
0020002e
0066ff7f
ffd7ffe8
0047ffca
00000048
ffbdff92
0103000b
000d005c
fed4ffe5
ffd3ffc1
002f0019
ffecffce
00050035
00dd0003
00b70120
fff3ffda
feaf0009
ffdeff53
fe9dff80
ff3bfe9c
000a0065
fef000ac
003dff5e
00700101
fff300bf
006dff41
ffb7ffd1
fe930044
ffd2ff23
0089ff88
0081ffe5
ffd9ff8f
004bfff3
00cbfff0
ffcc00a9
fe8b00e5
ff410069
0000006b
0065ff5b
00d1ffef
ff60ff67
fefd0019
00e0ffde
003fffe7
00ccff96
ffd70076
00baff49
0091ffc7
00a2ffd4
ffecffe3
ff870064
fe8900ef
ffb0004a
012500cf
0058014b
ffabff65
ffb4ff75
ffee007c
00c4ffeb
ffdb0022
ff70006f
010500be
ffca0044
00fafff2
003a00aa
0089ffc3
ffa4ff69
ffc60012
ffd2ffef
007bff04
ff970058
ff850092
ffbe00b8
ff97ffe5
ffdf0106
0001009c
ff8100f8
0060001b
ffac008f
fee3ffa8
0055ffb9
005e0017
ff1d00d2
ff9b00a8
ff5000a5
ff2100d2
0047ffa9
00e20099
ff3e0014
003d0070
fff00078
0042ff5f
009bfe99
001cff7e
0056ffba
009bfffb
0036fee3
ffb6ff5e
ff89fff8
00460029
0060ff40
001bfec7
ff68ff7e
0058ff87
ff560024
ffec004b
003cfed2
00acffb8
00350014
ffd3ffd8
0030ffe7
ff9fff8a
ff83ffc1
00480000
0167ff4e
0062fff9
008bffd6
ffad0008
003a0137
0084ffa6
fffcffbb
ff480011
002000d9
00940010
004affd1
ff780092
ff1f008e
ff9fffa6
fff600bd
009effca
008bff89
00cefff5
0104ffe1
006f0026
0033ff51
ffec0087
fff60096
ffd9ff92
ff62ff84
ff0e0006
ff85ff52
ffeb000e
ff84ffdf
003b00d4
00b20008
001d0055
004d006a
00b50049
010bffc9
0048fef7
ff40010e
0175ffab
015afebf
ff8600f4
006fff09
000aff9f
ff560065
ffa6ffbb
00f7ffa3
0087fef7
fed4ffe6
ff33ff15
0054fe83
0001ff70
ffbb010d
ff78ff69
007dfe68
ff60ff67
fec400eb
00a9ffb8
ff63ff31
ff4c013e
ffdd0013
0085ff0a
ffddfff7
010600ef
ff3c00d2
ffc900fa
ff0e0067
0034ffd9
ffe9ff41
ff9fff0c
0050ff65
ff960021
ffad002d
fff50130
00920103
fefaff1d
00c90045
ffe6002e
002300b0
ff57007d
ff49ff28
0072ff8e
ff5f016b
ffc7006e
008eff30
ffe10010
00c600c4
00010075
fec4ffe9
00e60043
ff210029
ff8100d8
00b7ffc4
ffadfe2e
01310020
000b0012
fec9ffdb
00e3ffac
feea0030
002aff4c
018600d0
ff5100da
ff13ffd6
00440087
003b0066
ff0600ba
ffffffcb
00ac0085
ff60ff88
004200e0
ffc1001d
002800ac
01de0096
000bff35
0052ff50
ffeb0042
ff47fff5
004dff59
012e0006
ffb0ff87
ffe7fef6
ffd000b9
018dff49
00b60060
ffac0057
fffdff6b
ff91ffd4
ffa4ffb2
ff840075
fee2ff6b
011dff46
00eeff4f
ff4c00fc
ffdefed2
ff28007c
ffd20119
0054fffb
0009ffb6
ff59ff2d
ffeaff4d
00610038
009cffcc
ffab012c
ff7d0093
01790075
001cff9b
002cff9b
ffd5ffc7
0025fff6
ff94003c
fed50060
fee1008a
ff87fff1
ffe8006f
ff23ff9c
0034ff36
0094ff9b
0088002b
ff8cff46
fffffff5
ff950012
ff21ffee
ffd7000f
007c002d
00fbff36
000efe94
ff61ffde
ffd30079
0175ff6d
01a6ff71
0029ffaa
ffa5ffeb
00f70027
ffb60034
0068ffea
fefcff8f
fedafefb
00930010
008dfffd
010fff5f
ffc00023
ff9e0010
ff120025
0064fff0
00740097
ffbd0060
00650099
ffc9ff3e
fff4ff7d
ff60ff40
ff1dff60
ff57009c
fff3ffd4
0021004d
ff940064
0065ffde
fe92ff9b
fff400d8
ffd60007
fecbffab
ff80ffc9
008eff71
ff3500b6
00daffae
ffb1ff87
fed2ffec
00360044
ff30ff0d
0063ff18
000dff9f
00b000e8
ffdeff3a
ff7bff50
fea5ffd1
0026ffb1
ff890034
fe4d0085
00390124
fe8bffd6
ff460013
ff7f003f
fff7004d
ff92ffe0
ff87fff9
ffeb0084
feff00ad
ffc300ca
ff03fff9
00a501ba
00260055
ffa0ff1b
00f6ff7c
0066ff3e
0058ff06
004e0016
0039ff94
ffcbffa9
ffe5ff15
0044ff79
0050ffae
ff6bfe4c
0015004a
006f0104
ffa0ff7a
ffaafff2
fff0ff6c
01020032
0086008f
fff3ffb4
ffbc0082
006afffa
000f0092
fff1ff67
00520020
0028ff1a
ffb1ffba
00f4008c
003bffa8
ffc0ffaa
ffd9ff0c
0017fff6
ff7d0038
ffb60143
004eff68
ff32004c
ff110005
fe87ff98
ff46ff79
003a00b2
0008006d
0090ffb1
ff80ff2d
0015ff8e
ff860164
009f0027
fe8b00a1
ff840017
00840030
0022ffdb
fe85003a
000000cf
0119ff07
ffb1007c
fed3ffd0
fed7ff5e
fff9000b
ffc3fffa
ffb00004
ffb3003e
00000021
00fbff0b
00410026
00f70004
00a8ffb0
00ad0022
0043ff43
0011fffb
ff8800a5
ff220045
ff81ffce
ffe100a4
00780000
ffdd0101
ffa901e5
0058ff02
ff9effd8
00a70054
004b001e
000bffe4
00920034
ffb300fd
00350019
0043ffd5
00daff1e
00cbff27
ffd1004f
ffddff0b
ffcaffd5
ffcbffb8
ff93fffc
ff600110
ffc400a7
ffe5fff4
ff59ffea
001aff96
ff6affbc
ffa6008d
0065fe5a
fffdfff6
0082ffd9
00ffffa0
ff55ff30
ffe40005
ff4100dc
00ffff74
004ffe33
ffe8ffc8
ffb7006b
00690019
ffab005f
ff7ffec7
0007ffbd
ff55ff7c
ffc2ffd4
ffeaffdd
002affc2
fffb00cb
ffbcfff5
002fff3f
016bffc3
00380009
0052ffd2
ffb7ff9d
0063fff3
ffe00058
ffc5ff3b
00b3012f
0039001b
ffc20054
ffc3ffe7
ffbc0034
00500047
ff88ff88
0046ff63
00a80065
ffa70096
ff26ff29
ff7100ce
00a0ffdd
00250090
ff01ff0e
ff5bff46
ff14001c
0080ffdb
00bc015f
0144ff7e
0052ff6b
ffaa002d
ff9900a1
ffec004d
ffc6ff8e
004100f7
fffe00a1
ff7b0133
00a80072
005e0072
ffe70091
005c00c3
ff8bffae
0036ffdf
0056ff16
ff82ffc9
0050005f
ff65009c
0058001d
ffbb00bd
009dfedb
016bfe9b
ff86007b
ffb70063
00cf00c8
0021ff82
008bff20
007a0007
00660088
ff9d0011
ff66ffc8
ff9bff93
000000b9
00e00028
00d600de
ffc3ffc5
ffadffc5
007dff70
005b0012
ffcf0100
fffd0041
011900dc
005600c8
000e0104
ffbd002e
ffa3ff34
ff6dff8f
00b4ff3a
fff9ffe3
fffbff69
ffde0007
ff47ff5c
01770012
000300be
0063ff0c
0083001c
01f701ee
002cff7e
fff3000a
0072ff9e
00ed000a
015000ce
ff6e00ff
ffd1005e
fff9ffa4
00dd00e8
00870061
ff9fffd0
ff3f0061
00880010
ffbaffed
ffa4009f
001b009d
0175ff48
ffde0007
00150091
fff5fff7
ffc5ffbf
ffd300ca
ff8c00b4
0006001c
ffeaffd3
008aff63
014400d0
ffbbff9e
00290073
00f2ffd1
ffccff62
ff4fff7a
ff7e0036
00b20013
fefe000b
002bffaf
ffbcfffc
fece00ac
00a7ffb1
ffc6ffdd
0024ffb4
003efff3
006200af
00b40080
004e008b
ffa4ffde
ffc000cc
004dff72
ffd1003b
ff9cffe2
ff780026
ff95008d
ffbe00cf
ff950049
ff72ff6a
0031ff75
004e0010
ff9f00bc
ff9fff7d
004eff1b
008e002c
003400bb
ffcfff86
009eff2e
007d0040
ff96ffe1
00790035
0091ffec
feb60018
00240027
ffb6ff43
ff63006b
00b5ffed
00020054
00e5ff6b
ff2effca
ff440079
010effe7
000dffd8
ff8b0067
00730064
000b00fc
ff8affff
ffeb0079
ff30ffa0
0082ffed
feeeffe2
ff950107
00620056
0067ffdc
ffec0068
ffadff7a
ff3bfdec
ff17ffef
fff00067
001d0061
ffb00045
0003ff9e
ffe10074
0038ff1c
0006002d
ff6b0122
0026ff57
00400000
00aaffd4
fed4007b
ff4bffa6
008dff8b
ff63ffdf
ff0a0053
ffccff91
ff310086
ff08ff83
ff96ff63
0044fff6
010aff2c
00b5003c
ff5bff94
fee0fff1
006c0068
0046ff75
ff3fffa8
0009005e
00840070
0004ffc1
fede0005
005100c8
00b40101
00f7003c
ffc6ff26
ff3dff13
0131ffc0
017dff9d
00690043
009efffd
0074ff96
0026ffd9
00d8ff60
010a007a
ffd80097
008dffe6
00c0013c
002500f2
0059ff55
fffbffe2
ff140085
ff6effe6
ff6cff5f
00e70053
ffc901a6
00870045
006efec7
00a7ff69
ffff00f0
008e008f
00b20087
0033006b
00b0ffc9
00fd0099
00db007d
00ad00d6
00f1003e
00930056
0078ff8b
fff7ffe7
0017010b
00e7fff0
fefbff50
fffeff3e
ff7a00b9
ff32ff04
ff79ff3f
fff3009a
00bb007a
00000087
0013006d
0047ff68
ffed008e
ffbb0008
ff09ffaf
002900d2
00520027
0027fff2
0084ffbb
ff41005e
fe9a0083
002affb9
00d9ffad
00df000c
ffb7ff56
0028fedd
fff9ff87
0086ffbb
001affa8
ff90ff1c
ffb20061
0063006f
ff6cffd1
0128ff00
fff1ff4a
fe9affb8
ff7fffd4
00c6fffb
ffccffe8
ff6b006f
fea9001e
ff440064
fff7ffe6
ff4e001f
00d2ff24
005e0092
003c0027
ff9f00bf
ff0d00c5
008c0011
ffe0003e
000a010c
01980127
00a40065
009d0111
ffba005d
00d4ff7e
00ff009a
0009ff9d
00fc00ab
ff8900c1
ffbbfef7
0064006f
016700d7
ff59ff24
ffcfff55
0018fff4
fe85004a
ff25fedb
0053ff0f
0033ffb4
007e0016
fffbffb4
ffaffecc
fff70045
ffb8006a
fffafffa
ff71014f
ffcdff28
0085ff80
ffb90065
0047ffdd
ff89ff5d
0074006f
ff3d0081
ffc40012
ffc4005f
ffc0ff2c
00a0ffef
000300f9
009a0083
ffe70041
0047ffe3
fff3fff9
fffdfff0
00cd0054
0032fee1
ff4dfed0
ff9c0052
feb1005b
003d001e
00c6004f
ff480093
ff0e001f
00e4ff96
ffb40024
00c6001d
ffddffea
ffc90027
0096ffd2
0007003e
ffbb004b
ffd600ad
009a0085
00f6ffc1
ff44ff7a
00b7ff4a
fffdffba
ffe8fe6b
00ecff8a
00450064
feee0093
fec400a9
00c1fece
01340018
00260070
fea7ff98
ff2bff83
ff350107
001c0060
001dffea
0059ff3d
00d4fe95
0059ffb3
00c50028
00000178
00280054
ff98ffc0
ffb4ff9a
002efffa
ff5b0157
00d600af
006efefc
ff86ffee
0039ff40
00c7ff85
ff150123
00320067
0072ff68
ffb900ad
0119fff5
004e013b
012bff5f
011c00a9
01880112
0119ff46
ffeaff43
ff0cff4a
00a3007f
004dffc2
ff74ffe3
fe3dffc9
00fcffa5
00fd00ef
008b0054
ffd50069
fff8017a
ff49ff9c
000c00c8
00b700f5
feb6ff9a
0083fee9
0097fee6
0128ffae
0066002d
fef200ea
001aff7b
ffbafeee
ffed0089
ff990025
ff29ffc4
ffd6febd
001b0038
001dffe4
0028ff74
015c003f
0084ff97
ffb50053
00f2001f
0050ff94
001f0034
ff81006d
ffa2ffb3
ff2afe86
ff280024
ff9e0018
00e5ff1d
ff27ffce
ff44ff4a
003700c9
009e0015
002effd1
00de005b
ffb7ffe5
ff5200fa
ff50006a
feefff87
0056fe5c
ffb3ffcf
000400c4
00c5ff93
00860054
ffd200ad
0058ffdc
0001ffc5
ff12ff75
ffdb0007
ff0a0048
000600ec
007e0015
feeeff58
0130ffc8
000b007c
ff13005e
011e00dc
005dff61
ffdbff4b
ff5900ad
00320111
0008ffc7
0062ff6e
0063ffd0
0012004e
015e00bb
010dfeec
ffd0ffa3
ffe000de
0111ffc7
ff89ff4d
ffdfffbb
ff3d0040
0038008a
0067ff6d
006d0073
00e70073
005a001e
0057ffbe
00eaff88
003c0020
fffa010d
ff54fff0
ffeb0086
007a011b
00abfed2
0101ffe9
ffa30041
ff30001a
0011ffce
00acfff2
0144fff8
ffda0074
000a00b8
ffc6ffca
0174ff84
00d7ffb8
ff930034
003b0004
fed3ff66
00e6ff1b
ff7dffdc
ffea0012
0107ff49
ff5aff92
ffed000b
ffc3000c
ff91002a
003a0072
ffd1fff1
0019feaf
0105ff4d
002200ad
00210015
006d0048
00ecffc3
001a0002
ffcd0135
0116ff90
00030032
ff4b000c
ff05ff9c
ff4eff98
00160139
ff4f00e9
01220050
002aff2e
ff54ff54
0041ff76
ffaa007a
00320024
0063ff75
ff3effb3
ffe5ffdc
ff8e0093
ffeb0039
00afffe7
ffa80078
ff7ffe01
ff8300ba
fff500c3
fea0ff81
0067001b
01460001
00fc00ae
00b9ff9d
007d0053
ffbcff36
fffaff6e
fff90057
001fff35
001dff96
0000010f
ff50ff88
0052feb2
ffafff71
ffdafffa
ff8a0010
ffc10070
ff570029
ffd40012
00aaff99
007d0040
00daffc1
00530034
0016005d
0017ffe5
fefeffa3
0131009e
ffe9ff09
014900b2
ff97008c
0061ffe4
010b0079
feca0018
0044007b
008200bb
ffe90025
00bcffd1
0048ff97
007000cb
00c50049
ffcc007b
02620041
00e9000d
fffaff5e
00b0ffd1
fee0ffac
00580060
ff9e00bd
fed0ffb8
001cffd4
ffd3ff8b
ffc5008a
ff9bfff6
ff2efee1
00cd0010
0109ff4f
ff4dffbb
0071ffcd
ff4bfff5
00000171
009a0066
003bffe6
00f1ff4e
ffe2008c
fecb0006
ff10ffef
fed7009a
ffa700f3
004400d0
fe98ff6a
ff39012f
ff3dffc1
fee80061
fff50050
003cff67
00470038
0101ff5b
fff0ffc5
ffb50082
003affed
ff78ffa4
ff860001
00170065
ff550050
ffe7ff5c
00840033
00320077
ffb4014e
fff20030
ff90ff04
0001ff0b
00010034
00690068
00900057
ffc10058
ffa3fe76
ff68ff51
ffb7ff6b
0023004d
ffe7ff9b
005e0092
009effd7
001b0160
0068ffeb
0119ff8b
0000ffcb
0097ff84
004a0078
ff69ffb3
fff5003e
003affd7
008e0062
ffe7ffee
00fd00ac
0011ffbd
ff890049
00320001
feec0029
ff4a00ca
003bffc5
00c1fff9
0036ff1d
009dffd7
00f8ff6e
fff9ffa2
fede000f
ffbbffd9
feb60067
00890079
00a00094
001c0017
ff8dffb7
ffe300d9
00e5003b
ff5f0094
0027ff90
0058ffa0
ffe10107
009cffa4
ffa80044
ffab0090
ff3ffef4
0000ffd9
fffd00da
ff5bfeb5
ff2100d0
002f002a
ffa0ff41
fec6ff84
feb900a6
ff5affce
ffc4ff37
007c00d4
011bff2d
008b0054
ffbd00ae
ff8400a9
ff0e012d
ff88ff58
ff790014
fffcffa3
0070001a
ffb90029
ff43ff42
004cff70
ff350078
008100fa
0090ffd0
ff0800c1
ff8200cf
00460036
0078fedd
007dffed
fea70178
ff6cff8a
0115ffa4
ff100009
006d0053
ffd7fee2
001e0028
00aeff50
00dcffaf
00780058
ffbbffcf
0019ffaf
ff4100bf
ffd20079
ffc4004f
ff50ffba
ff5aff1e
008000d1
ff5dffd4
ff1300b1
ff600014
fec8ff73
ff3b000e
ffca00d9
0079018b
ff84015a
00000103
00710001
ff5affee
ffe0007d
001f00c0
00bbffab
0034006b
001fff44
00e30030
fe2800be
0027001a
ff74004d
fef0ff34
ff89ffc3
0099ffbc
002efff8
ff46ff99
007b0090
ffb2fff3
0030ff2e
ff97007e
ffd4008a
ffff003c
ffad0153
008200d8
ffc20176
ffb5000c
ffce0005
ff21ff96
00cdffac
0029006c
0023fefb
0084ffa2
ff9effd5
0001ffa6
ffa00028
ff26001d
0011ff7d
ff7d002c
ff91fef6
ff13fee5
0056ffc5
ff68ffcc
ff9fff90
00e3ffe8
005ffffe
0095003d
00de015f
006e011c
ff4fffb9
ffd4ff52
ff63ffd1
0079ff71
004bffc1
ff17ff7c
003aff9e
008b000a
fff5ffe5
002effed
ff9dffc3
003cffe9
ffb700e3
006cfeea
ff790018
0012ffb0
0039feab
015e0024
00b6ff5f
010bffe4
01befff3
ff8100e0
ffa1ff39
0055ff85
00950066
ffc8fe94
ffa4ffb8
00c7ffda
00caff7d
0084ffad
00a800e6
00180137
00a200cd
002dfff5
0080007c
00b7000e
00330112
ff640132
ffecff91
ff6f0101
ff7a000e
ff93ffb0
002b0025
003a005e
006b0096
ffeeff64
009fff93
0157ff9f
0051ffb7
006dff63
ffb60015
ffe400df
00f300af
007800d7
001bffb1
016b0083
010200b8
004700ca
009f002b
ff44005e
ffb8001d
004b0051
ff990016
0056ff83
ff9b0094
ffaeffe1
ffa80020
ffd3ffe3
0102ffa4
ff5e0016
ff42fff9
ff30ffa4
ff19fefe
00cdff25
ff50005b
ffcfff5e
ffa8ff07
ffddffbe
ffb8ff48
00820061
fffeff91
ff3d0037
00590041
001f00f3
ffddfffe
ff1a0020
0063009c
001effd7
009bffc7
0017005c
ffb1ffb9
fff1ff5c
ffbaffed
ff49ff62
0040ff2d
005eff80
00430053
002bffa8
0093feed
00510102
015f0029
01150086
ff700039
ff6dff5e
fff9ffc4
ff75002a
0008ff98
fffcff9e
0131ff67
fff00063
ffc9fff5
ffbc004b
ffeb0127
00840050
004effd7
007f0027
ffd4fff2
0030ff32
001fff87
003b0020
ff71ffd6
002f00ea
ff8f0086
ffdc004e
0171ff0b
0013ffae
00df0079
002fff53
feafff2d
ff280057
00840057
fffbff90
ff8a00c1
0101ffb7
00100120
ff58ff60
0083ff3b
ffdcff61
0030ff6e
007b0074
ff4500c7
ffd10164
0010fe60
ff1cffd5
003e0094
011c00d2
0007004f
ff49001f
00ab0007
0083fffc
ff4700b4
002bffd8
fff2ff91
004d00bc
ffd20081
ff61fffe
00e8fff9
ffabff21
feac0054
ff84ff19
003aff88
ffa5ffe6
ffe7ff9f
ffe80067
00caffde
fff0ff94
003bff6f
002affb4
ffc600e1
ffe1ff7b
ff42006c
00b2ffe4
0017ff5e
00c4ffc2
012c0020
ff58000a
ffeaff94
fea1008d
fe98ffed
00bfff96
0067ffdd
ff0bff10
00ab001d
ff3efeec
ffc5ffb9
0041ff6f
fda60012
00550003
00050056
fff3fe3b
00baffa2
01a800b5
ffbf006c
ff9affb6
0109ff53
fff7ffe9
00d2001b
007c0117
0049ffba
01180072
00cd0068
ff86ffe2
00d60036
0000ffb9
00dffffd
0028006c
fef8008b
ff8b0015
ff540058
0063012e
01a00033
ff51ff9b
ffa800bd
ffe3000a
001801c6
005000b2
0025fffa
0107fff2
008f001f
fe6a0061
ffc3003f
008eff64
ff82009b
00530095
005200d8
ff8500c3
008e006f
009700f2
0081007b
003a00a1
0059ff10
ff9bffc1
0060ff9a
ffccff5c
005f00be
000cffe3
00a5ff65
00590092
ffa400dd
ffe7ff93
003bff84
0091fece
00a4018e
ff8000df
000500d8
fff70031
001a00b0
ff5b006c
009d00ff
ff1500c5
fffbff6d
ffd0ffec
0067ff42
ff5b00a0
ffe500ef
0043ff9d
0061ff60
011200c6
0124fe02
00f30155
ffb3fffd
005c00cf
ffd2ffe7
fefe0023
fff0ffaf
ff98ffe9
ff9f00b3
ff7bff66
001e009f
0026feeb
002f0001
fff60149
00ce0081
0128ff64
00b8ff10
004d003c
ff7dfffa
ffb10083
007d0141
005e0071
012e00e1
ffa6ff78
ff6500a3
008bfe40
000affb8
ff3d0069
ff3d0022
ffc6ffc7
001e002f
00af0065
ffda00b6
ff79ffa0
00a10035
ff7cff3c
003b00d6
ff59ff4a
ffe20047
00390019
fff7002f
00f9ff63
0068ff0a
00a20066
ff60ff20
ffcf0075
00bd01bb
ff42012b
ff1c002a
006affe1
ff0dff9c
ff70ff16
00c40158
ff96017e
ff87006c
ff87000f
ffb0000c
00c10017
0045ffe8
ffa50090
ffa3ff8c
0034ff04
00ffff61
013100ab
004d0004
ff6ffff3
00270066
00cb00e6
ffb2ff83
005affe2
00000145
ff55ff98
fff8003f
008c001c
00c6fe7d
fff3009c
ffa50058
0019001d
ff7a0145
0033ffc7
ffb7007c
ffd3fff6
feacfed8
0046001e
001dff53
ff8a0018
ff63007d
ffdbffd8
009efff1
000bffe0
0025ff78
ff7800dc
00080008
ff87fffe
00400018
0058012e
002501c5
00cfffe4
00efff87
ff56ffc4
01360014
006bff93
ffd900a6
ffb900fd
00660032
00150052
0041fffd
ffb80049
00dc005c
00250038
00a5009b
00a500b3
001c0070
01000089
0011002d
003bfeca
ff9dffc5
ff060087
002e0003
00ba0008
fe94ffc6
ff41ffa7
ffb00028
001e0066
ffe2ff90
ff62fff4
ff740094
00b0ff5e
0045ffa4
00dc001d
008fff6f
00a70040
0059ff30
ff8d0087
ffb9fed5
0017ffe6
000bffb6
ff60ff86
ff240085
0042fff8
0060ffed
ff64fff1
ff69ffd3
00300045
0059ff94
ff4eff55
ffaf00f2
00efffed
ff6bffe3
ff81ffc1
0084ffc4
00ed0032
ffc3ffc7
fef9fe81
ffe10017
ff550109
ffb40049
ff83ff95
ff54ff45
009effe7
002200cc
017b0083
0097ff56
ff37ffb2
ffc4fffd
00280075
00bdff19
ff40ff45
fedaff74
fff3fef7
ffd0ff34
0034fef6
001f0032
ffd10060
ff780061
0085ff34
ff3c003c
feae0094
0012ff13
ff7f004d
ff2000bd
febe0119
ff72ffc9
0023ff57
ff61015e
0018003c
ffee0119
ffe40016
fee30009
ff93017f
ff1cffc7
ffdcfef8
008bfe8b
fe910015
fe9900b1
0001ffc8
010400ba
fffd00ea
ff2dffd6
ff53ffe4
00e6005c
fed7ff2d
fe6bfff5
ff490006
005200f3
fffeffd1
ff70ff74
ff9901d7
012dfff5
ffb5012c
ff99000d
0034ff4b
ffd60085
007f0116
ff2d0050
00a50031
00810049
fed8ffcc
00000050
0091003c
ffa90026
fecdffe1
ffae0025
ff95000b
fed0000b
0037fff2
ffbb016c
ffaeffdd
ff44010a
ffce001c
ff320023
fec40063
005500e8
ff5e00e9
fffbffa6
00bd01b1
ff9a003c
010b005f
00b1ffc0
ff47ff36
ffc0005b
0004000b
fe7aff43
ff99ffad
ff9a001a
000ffff8
ff79005e
fff9001e
000cff39
ffc4009d
0067000a
00ecffb7
0099ff2f
ff59ff89
ff8b0042
ffb6ff4a
feefff51
ff5a003d
00b0ffd9
00640142
ff7b007a
ffcfffea
008500ff
00b1ffec
ffa6ff33
ffb7ffa0
01760070
ffab008c
007eff9a
ffaeff85
ff130009
0062002d
000f009a
003fffc6
ffd40027
0145ffb9
0117fe6e
ff01ff82
ffb9ffc0
ffa8fffa
00580004
ffa1ff2a
0036ffb5
ff7affdd
fe9f0092
0001ffde
ffe1ff7d
002dff88
0023ff63
fe5affe8
ff3d007a
ffb70106
fedd0013
ffe800a3
ff260066
fef70004
0041ffac
fed00095
ffd50075
ff900048
009d000a
ff91ff6a
ff7cff7e
01d6014b
ffc7ffde
006cff9e
ffa00159
ff620101
ff98002d
ff6afe8d
007e002a
004fff3e
ff8eff98
0036fffa
ff47ff75
00900154
0015ffc9
0117fed7
ffcbff6b
ff950063
010aff79
002a008e
ff5d001e
ff5800ea
ffac00ad
0040febe
019600b9
ff300039
ff95ff34
ffa100e3
ff4bffd8
0052ff46
ff95fff0
0069ffe4
00dcff56
006f0012
ffa60053
ff2cfff8
00820049
ffdb002f
ff0700a7
ffe9ff45
0037ff69
0067fff2
004dffd4
000300ac
000dffcd
ff23004d
00aa000d
0167ff61
004a000e
003bffd0
ff6500cb
00250073
ff770128
ff3fffc2
ff9d0106
ff8fff9b
00f800af
ffd9ffa0
ffe9ffca
0006ff9b
fecbffc9
fffc005f
005d0063
00920077
0020008a
ff090009
0067ff23
0158ff95
00a1ffeb
ff2cffc2
00cbff86
0038006d
ff2f0047
01260074
ff5dff6f
00a5ff61
ffddff26
0040ff67
ff5affd7
00e0ffee
0002008e
ff88ffd6
ffeeff7f
ffb7002b
0022009f
ff1d007a
0048ffee
00320046
00da0054
006c00d1
ff9a0063
009e0059
00bcff73
ffe2008d
ff22ff74
ff84fee7
ffc4ff43
ffd20109
001a005a
feffffa4
fefb0068
ffa8ffcf
ffd7ff6f
ffb3ffed
ff4fff99
017cff80
00b300ee
ff700018
00dcff59
009a0094
005600f4
0085006a
009300ba
ff060029
ff86ffa5
ffebfffe
fed2ffc7
002cff9c
00af000e
006aff77
ff9dfff4
0081005d
fe9fffea
ffe6000b
00a7ff44
feb5ff64
ff2aff9c
00c70111
0020ff1d
0087fee8
ff96fedc
ff790160
ff56ffd5
007dfed7
00850083
00e2ffba
0072ff08
00daff70
0002ff90
ffbf0039
ffec0108
00f2fee2
008cff39
ffc700b2
0162002d
ffd50074
00b5ff32
0046ff12
003aff8e
ffddfe13
ff3dff75
0027ff76
ffd4ff41
009dff48
ff4e0087
ffb50050
00b9ffac
ff4c0092
feda0064
0028fefd
ffbaff35
01b4005e
ff91001a
ffa2ffd7
006ffff6
ff8bffd8
00edfef6
ffa8004b
ff89ff18
ff520001
ff11ffbf
ff7aff81
011eff68
fff10195
ff6d0005
0092fec8
002fff53
0056ff65
0008ffc2
00a3003f
005fff58
ff54ffe5
ff80ffcd
ff61fed4
ffc8ff93
ff2e00a0
ffd000e3
0021ff80
00360035
004300a5
ffee006d
00b8ffe4
ff97fee2
0055003e
ff3700b4
feceff6f
00950019
ffd00008
0095ffe6
000fffd7
003cfee5
00320018
fef1ffd5
ffdeffe8
00c7ffd3
ff6d004f
00df0039
ff3e0050
0001ffd4
ff6d001d
00be00a8
ffecff65
fee7003f
013e00ae
ff83ffc8
003eff8c
000d0035
00b8ff63
ff9200c6
004f018e
0028fecc
ffba00ca
ffe80089
ffa8ffa8
ffa40034
00330127
ffeb01ed
00a8ff72
ff7e0001
00150042
ffc4fee2
ff75001f
ffee0011
ff82ffe6
00a900f9
00cf0002
ffb6ff11
011000b2
0071001b
ff99fe7c
ffaaff7a
fff0ff8a
00f8011f
002aff27
0019ffb3
ffacffdb
0095ffa4
00daffaa
001fff5e
ff3c0006
ff470045
feeaffb9
006b00ba
ffeb00ba
ffeaff07
ffc40010
0065ff7a
0067ff80
008affd5
00460141
001a0153
004a0028
015600a7
00b1ffb3
0009ffbe
0004ffa7
0029009f
004dff77
0051fffd
003a007b
ffcf0047
ffd4fe72
0008ff74
00e6004c
00d5ffd6
004aff27
002b008c
0054ff6b
001cff51
ff8effe9
fed5fea5
fffa0095
009cff6e
0057ff5c
0052fe9a
008effed
ff170017
ff6bff25
ffbaff5d
ff450169
ffaa0021
fffd0044
ffa300ec
ff8cffa6
00280064
003a00d4
00f9ff7f
00b0fe85
015cfff1
ff8dffd2
0136ffac
ff800060
0017002b
ff4d009a
fee3007c
000dfeda
ff65fffb
00c00093
00d6ff35
ff89ffdd
0074014c
ff51001f
ff67ff95
ff83ffc8
fe99ffc1
ffe60057
004d001b
ff390151
ffd100cf
fff1003e
ffb60047
ff11ffd9
0037fff8
0069ffc3
0003feea
ffd4ff80
0126002c
002e00f4
ff5c011d
fefbffdd
ff8600d5
ffee000e
ffc9004b
00c400f7
000aff9c
ff9eff72
0056ff68
004fff9c
00940042
006e0095
002fffc8
ff8bff4b
fed4ff67
00bcfee5
01e7ffcf
0046ff09
00990048
fff400f3
febeffaa
ff8f0126
ff80fff6
001d0012
008300b7
ff9e0056
ff4cff99
ff95ff74
00a4ffe9
00780048
00110003
015aff6e
fe4eff8c
ffc0ff43
004effb4
008ffffe
ffd9004d
002b006c
ffadfebd
ff5a0018
005c0105
feca0047
00a9fec6
00aeff7c
00e20011
ffa9ff75
0064007c
003200d1
003eff60
007500ea
004b0172
ff51fe85
00650001
ff64006a
003e000d
ff7f000f
0050fef5
ff72fed5
ffbe00df
fed9fffe
00a1ffaa
00b90023
ffa7fe9d
ff9aff74
ff880069
ffa6ff6e
ff23001b
009dffcd
0077ff57
0195ffff
008a0092
fffc0062
0020001e
0052ffb2
ffea008e
ffb500e3
0060009e
00a6005f
007400e0
003a0054
fec7008f
ffd9fed2
ffb6ffba
004dffc2
0110ff55
009d0104
00efffd3
ff440000
01000042
00e3ff62
ff580048
ffd2006d
0063005e
0096ff9f
ff75fff1
fe65ffa7
ff59ffc6
0038ff8a
00bcff3e
ffa600aa
00e8ffb4
ffc1ffad
ff1fff6c
ff8effbe
0028014c
0093ff27
ffefff05
0067ff77
008e0063
001e001a
00310035
000e0006
ffdf00d8
0033ff6f
00030013
00dafff0
01acfefc
0086ff6e
fee40099
004aff32
ff86ffa7
0043ffc7
ffda00c4
ff95ffb0
00a40021
ffc0ffad
fee0ffba
ffd5fee8
00f200ab
0081ff5f
ffd2ffe7
ff8300c5
ffa6ffc1
ffe0fff4
ffbaffb6
00b6ffb2
008a0048
00b6ff56
ffadff38
ffba0011
0080ff43
0078003a
0025fee5
fff8006a
00cbff43
ffdaffde
ff75ffd2
00bbff3c
ffd9ff73
ffd40041
ff470067
fe65ffcf
00c7fff2
00a40045
012100af
008c004a
0007003e
ff66019e
00ddfff1
00cc0012
008e0104
003b0067
ff5bffab
00dfffe5
00950068
ffb900fe
ff4000f6
00b4009e
0112ff61
008e003a
ffe0ff8d
00b8fff4
ffe10068
ff820037
ffa80096
ffd50047
012c0017
ff94000d
0160fff9
ff52ffd0
01b1ffbd
ffdf0070
002ffffa
008d0096
ff7200ac
ff370062
ff3b0012
feacff91
ff49ffe4
ff110022
001400a4
00170038
ff60005f
00c20035
00fe00a8
ffb50003
00440082
0080002c
013bfee3
ff09000c
ff1f0015
0067fff0
ff99ffd8
00d5ffa4
ff5fff5c
ff8100a1
005d00cc
006d0047
0060008f
00f4ff5c
feddff2e
00f5ffd0
00bc00d9
ff30ff2d
0026ffe7
00470072
fe930160
fee0ffeb
00900020
00f50024
ffeeffcf
0053ffc3
ff57fedc
ffc4ff2b
000200b8
ff5dff72
00c5ff7e
ffecffd0
00e3ff43
00c30023
fff4feef
fefffee7
ff0600c0
00350005
0024ff4a
ff710042
ff07ff81
fff1ff6e
ffabff5c
007dfffc
fffcff82
00c5ffac
01040046
ff570120
ff800034
ff1b000d
ffaeff2f
00bcfee4
00a0ffc8
fffeffba
00ae004d
ffc40085
002effb3
00b7009d
ffdbff98
ffa2ff00
006cff98
0043ffac
01630075
ff44fe75
0061ff97
0026ff7d
fff1fff6
ff86ffcf
ffc2001a
ffbb0040
0055ff0a
ffb80018
fee2ff30
ffcbff44
ff2eff60
0087ff8d
ff9fff48
000a004d
ff930000
0089002e
ffc20064
0049ffbf
0072ffbc
ff5f0064
ff1600aa
ffcf0186
ff26ff57
ff7dffe5
ffee0042
fe94ff8b
006bff7f
003b000d
007000a3
007600c5
ffb50082
0010ff37
fdfbff64
ff24fff5
0133ffad
ffccff8e
00440057
00850189
005bff5a
ff6fffa2
008cff6c
ff9d00e3
ffdf0008
ff7affb5
fe6c0037
0050ff48
00aeff64
013000d7
009affbc
ff9f0003
00810105
ff29014f
0046006f
00bcff49
004b004e
0010ffcc
ffc60087
00aefffb
00ceff9e
0084ffe7
00260050
0025ffba
0091ff45
ffbfffc4
0061feed
0108fef9
0032ff51
0027ff77
0077013a
ff84ffea
ffba000d
0082ff1f
ffc7fecc
005600d8
ffcc0015
ffccff63
ffa5ff28
ffea0004
ff90ffa2
009a0085
ff44fff1
ff46ff13
00040065
ffac0018
00ba00ec
009cffd8
00c2ff0b
ff65ffa0
ff390052
0069ff61
00bcff6b
00530050
0009ff5d
004500b3
fff0ff63
00e7fedb
ffb6ff8f
00b0ffe5
fffbff31
ffd3ff67
017aff83
fffd001e
ffe2ffb1
002bff6d
ff250135
ffef0060
00ba0030
ffaaff28
009400a9
ff3f0067
ff0e00d1
009fff55
ffa9ff57
00400092
fffe0055
0076ffff
000100c0
ffb9005a
ffe2ffca
00beff56
ffacfffa
ffc50060
0120feb5
ffca001a
ffe4002a
ff5a003a
00b800ac
00d20062
ff97fffc
000a0122
fff8ffba
ffa60048
ffd80045
01040089
fff5ffd8
004dff97
ff6d007c
ff5eff77
0097ffbb
00dbff59
003dff2b
000bfff3
ffa7ffc2
ff720081
ff96ffcc
ff06ffee
fee30018
004cff7e
00610054
0053ff9b
ffa1fed6
ff2fff5b
002000a1
00bc0051
ffc800ca
ff5c00e7
fef6003e
fee1ffbb
ff00ffe9
001dffaa
ff4bff93
0035fff0
ff3f0011
0062ff7f
007d0038
ffee0094
00c00084
ffcdff92
004c0073
007d0052
ffedff54
0068ff49
ffeeff5d
ffcdffd0
001fff7e
00a6fff3
ff88ffa8
ffb6ffd1
ffe40067
ff77009e
ffbc008f
ffe5ffbd
ffdaff8d
008fff73
ffd5007b
ffe5ff6f
ffb6000f
002fffa3
009a000a
fff5004e
fed70014
fed1ffb4
ff9aff38
0046ff0c
003b0088
ff8e00d1
ff440006
003eff7c
ff83ffe0
ffc0007a
ff0aff3c
007c0084
00dfffc8
009bff22
00cc011a
008cff6d
fff8ff1f
001d0078
0046ff9c
ffaf0130
ffeeff2c
ff5fff9c
0072005a
0081002b
00c1006f
ffa3feb3
ffc2fe67
ff71ff95
ff6aff7b
00f4000d
ff59ffa2
ff5dffe2
007efefc
002fff9f
0006ff06
ff7dff55
0019fffa
ffc2ffaa
0026ffc2
0004002e
00b6ff45
ffffff00
00200050
0062fe6e
ff830057
ff3a0024
ff72fef3
ffecff0b
0100fe5d
003e008a
ff710049
001efeda
ff65ff48
ff7dff5c
fffafe3d
008c000d
ff7dffcd
007eff10
ff94000a
ffccfe51
000bffd0
ffd40041
ff7afebf
ffdcfef9
004affee
ffbfff5d
001400c2
ffafff9f
ffd9ff76
ff900083
ff9efec0
ff48fec8
ffc30064
0182ff1a
feefffdd
00ebff39
008eff98
ff550028
ff6cff84
ff7a001c
fffefebe
ffceff52
ffaeff99
017d013e
ff9fff40
feceffda
ffc0ffa2
002f0008
00660015
fef4003b
fefa0052
ffea0041
fecc00b0
ff110022
ffc9ff8c
ffe4ff4a
ffb80013
00f4014b
008d0035
ffde008c
00ae000d
0005fff4
ff76ffef
ff37ff81
00400001
ff07ffd4
ff56001e
0076009e
0082000d
fee8ff9e
fff80032
ff2eff2e
ff44003c
ffe500dc
ffbd0016
ffeb001f
009cffce
ffd7007e
ff59ffe5
fff200c7
00810050
00d70066
fff60000
ffc8ffb4
013bfff2
ff07fef4
fe7dff74
ff7300cb
ffe50124
fdc3ff3e
0062010e
005e00b9
001f0083
005f0128
ff60ff5f
ff4c007e
002eff3a
00afff2f
ffb8ffdf
ffdcfff0
ffa9ff84
008700b8
ffff0031
ffc0ffc2
ff6ffece
ffa0ffec
ffdf001c
005affef
fffb0189
ff9c008d
ff490008
0085ff70
00bdff71
00e0fed6
ffdd0030
ffb9ffcd
feb3ffde
ffc9ffa3
00eeff39
ff71008e
0133008a
002bff3a
ffbbffa5
004f0184
00b80003
00e6ffdf
ffd8ff66
0027ffc2
00efffd1
ff70005e
fffe00a0
ff950105
00870030
ffb6fefe
ffbc004c
004600a2
00bffe63
00ddff43
ff7c00f4
00380124
ff3f011e
fffffeab
016eff46
ff2800dc
ffa80057
00560012
000dff9f
ffba00cd
feb8ffb6
00720003
ffd1005c
febb00a0
fff0ffe4
000c00d2
007e0093
ffab01a2
ff36ff70
00f2ff1f
0106ffd0
ff9fff86
00430039
fff800b3
0073ffb4
005bffd5
001bffb3
00c1002a
00d20003
ff1f003a
ffe6004e
005c0026
0038ffa5
01b200ef
00080114
ffdaff0d
0037ff28
003bff67
ff3a000a
ffe10163
ffa9ff44
ff3dfeeb
012c003e
006fffad
ffefff1f
ffa5ff34
ff68fff5
0043ff63
ffc0ffe1
ff5e003e
0031fdf1
00d3fe3c
ffe800b4
ff3cffcf
0008ff1e
008c001a
00fd00af
00eb0061
007bffc5
ffab0006
fff500ba
ff3601ac
fff7ffa3
0006ffd5
00ecff74
016600c8
00b60129
ffd60055
007b0044
00b6001d
ff7efffa
ffb9001c
ffc6fff1
0051ffd8
00350065
feee0079
0082ff94
0052ffb2
ffa5005e
ff180073
006cff7e
ff67ff87
0038fef0
00a5ffca
ffc200bd
00cd0031
006dffff
0042ffb7
ffeb011f
0059ffe4
00c0ff52
ffecffff
ff6b00af
01910095
0000ffad
007e0023
ffccffdc
00e20043
ffccffb9
0056ff71
fff50104
003600f0
ffaa0017
004d001f
0087ff85
008effcd
017a005f
00b7fffb
0006ffbe
0014ffce
006cffc2
0157fff5
ffbeffad
00d3ff92
ff70ff7c
ffa0ff52
ff16ffc6
001c0023
001b0094
ffac0036
0007fe09
ffb8ffa8
0088ffc8
ffe1008c
00d70074
008900ff
00b3ff0f
0015ff95
ffd800be
ff9efefc
0007006e
ffdb007b
feadffc3
0098006c
0036ff1c
0007fec2
0014fff6
0033001d
ff80ff8d
ffd8ff30
ff78ffb1
0042005e
014e004f
000efefd
009aff75
007c0119
00170002
ff9cffbe
0023ffa7
000effaa
ffca007b
00dafff8
00f7ff89
ffd50083
ff8100b0
ff800089
fffcffa3
ffe80090
00a9ffb2
ffa5ffc7
ffe3ff4b
00410010
ff340065
0010ffc3
ffdeff9c
ff5e011c
009c000f
0038ffc1
ffdc0083
01b5ff59
008e006c
0025ff2d
007c001f
0093004f
003cfe56
fff2ffdd
ff8efffb
0070008c
013f00ca
fffb0040
fffb0044
ffe2004f
ff4bfffe
ffe2006c
ff1eff2a
ffbdfe69
ff79ff62
0057fee7
ffebff90
ff44ff29
005d0060
0135009e
00ef005c
00dd0028
00dafff0
0029000c
fee4ff9d
ff4b0041
0054ff8d
0047ffa0
0113ff92
fff6fff6
ffa6ff41
feec0098
01a800a5
febb00eb
ffacff57
ffb1fff1
0025ffa8
ff9e00ad
ff6f0032
ff7800ad
000100f9
014700d0
00390061
003bffce
ffa7000f
ffe80053
ffb200cf
ffdb00a8
ffa9ff72
ffe3fff4
00d3ff40
008e0063
fefcffe3
ffebfed4
001d0096
005b0048
009c008b
0038ffa4
ffa600df
ff5e0079
0055ff5c
00460077
ffe0003e
ffd4007e
ffed0096
ff3a007c
ffa6002e
005f0047
005c0003
0051000b
ffc700ae
0042ffac
ff830074
00a10042
00c1ffef
004cffde
009e0000
00670038
00a2ffea
ff5cff1c
0008ff84
01930114
ffe7ffb6
011dff5c
0065005b
ff2bfff5
013a0021
00feff80
ff52006a
ffe400dd
ff0dffad
005effc1
00f3ffda
ff85ffb1
00e4ffdf
00170089
ffd700a1
0078014d
00240061
008dfffa
ff99ff82
fef4ff61
008e0002
0132006c
003100a8
ff9f008c
00a0ffd3
ffc6ff62
0186fffa
ff7e00a2
0022011f
008fff97
ff3b0007
feedfff0
00cc00a1
003d00ef
005f0060
ff24ffd8
008d004f
0050ffcf
00bfff0b
ffd8ff9f
ffb1ffe1
ff5f00cf
ff0e00c9
ffc8ff8c
005fff71
00ce0051
ff3100fa
ff82ffe2
0094005e
0075ff5d
ff68ff95
ffa700d5
0013ffb6
ffe3001f
ff0400e5
ff8bfffe
007dff65
ff87ff4b
ffddffe7
001c00fd
fff6ff5c
ffa7ff3b
ff6fffa4
ff6cffd1
00420098
ff7b003f
fed4ffe6
00b4009d
fec4009d
ffa3ffb5
0051ff85
0068001d
00f3014e
00200047
00040061
008cff3f
ffc6ff61
ff29000c
00a80023
ff9efee4
009cffad
0102ffff
00c1007c
003800a8
0121ffd0
ff41006c
ff93004a
ffa800a2
fefcffb7
0094ffee
00bb002b
ffccfed4
ff9400f2
002f00d4
fef9ffa6
002dffcd
00b0ffc7
00eaffda
013100c4
0002fff2
ff7aff49
ffc300e6
feb40063
ff520034
00080020
0038ffa2
ffeb0012
ff0cffcc
ff6a0090
ffabffe6
007b007c
004bff20
008000ba
015800e8
0081ff1f
010a0033
ffdeff93
ff64005a
0072ffd3
0035feb7
009d0071
0194ffcd
00bcffca
ff62ff20
fffcffbd
ffdeffdd
00d6ffc1
ffd0ff96
ff10fffe
00a40101
ffd5ff64
ffff002b
ff8dff1b
ffe9ffe5
00de0073
0038ffd7
ffa80158
003a00a9
00caff5e
00c100aa
005c003d
ff320111
015dff25
ffd8feab
00a9003d
014effe4
001dfe25
ffc3ff9e
ffc0ffbf
0067ffd8
0083fedb
0007ff3e
00d800c6
00b200b7
005a000c
0020ffcc
003ffee2
ffcc005a
ff81fea3
0184ff21
00c20062
00deffde
fff6ff83
fec7ffbb
010fff67
ff3a007e
ffcd00af
009cffeb
006c0013
00e8ffb6
ff73ff6a
001e0086
ffd300c9
ff7effaf
ffba003c
ffcd001e
00d4ff64
0111010f
0047ff4f
fff0ff4d
ff06fee7
004d00a9
ffb7fec4
0039ffcf
005c00ef
ffcf00a3
ff65ffc7
ff9fffee
009c0014
0081ff3b
00b600bb
ff80ff77
002f0068
00f7000a
0016ff06
00630033
ff6b00d5
00340076
ffdcff95
009c015c
fee50086
009f002b
009cffc3
ff460026
002500a7
ff80ffcf
ff5e004d
00c1ff8f
ffebff13
ff21ffe7
fec90066
fff7fee8
ffba00c1
006bffff
ffdc0013
ff91011a
ff40ff8c
0009ffee
0045001a
ff97fed4
ff65011a
fef4ffe6
ffe10004
00210086
ff76ffe1
0115ff16
ff9000a2
ff51ff1d
ff7dff99
00490039
000d00ba
001701aa
001dff43
feb2ff2d
fee5ffb3
0107ff4a
fff3feb1
ff610040
ff48ffd0
00bbff4e
00f3ffb6
ffc8fff2
0046ffcd
ffb300e5
ffb20014
ff62013d
017cffa1
01b5ff81
009dfff2
01360048
004300a3
ffe500fe
009e00a3
0118feae
015800b3
ff85ff9b
ff4c000b
007d00ac
00e1010e
fea8ff97
ff65ffba
ff8aff87
ff31006f
0027fffd
ff8effc4
ffb8ff8b
ffd4ff1e
00490071
ffddff75
006fffb8
00c90092
fefb0014
00100008
00e700e7
011a00ac
ff2aff5e
fe35ff4d
0033ffe9
0045fff0
ffc8ff36
ff3b00ea
006c011c
fffcff5f
ff38000c
ff9400ea
00b3007c
00570067
fe7d001c
ff00ffde
012900be
00ebff91
ffc100c5
ff9effb6
ffc00023
fef40180
003d0001
ff64001c
ff2e002a
001b004b
fff3000d
ff1cffe7
000aff5a
fe6e005e
ff03fe9f
00fd005f
00740097
00b2009e
0098fff9
007b00c2
01180141
0046ffad
0065ff70
fef0fffb
ffb0005b
fffe0031
ff180041
0078fef1
ff96ff06
ff8aff93
ffaeff5b
ff980050
004100c0
ffb70034
00200165
fe600091
017a002b
00320008
ff1d006f
ffdfffcc
0006ff7d
ffbd01d4
00b10071
0028ffa8
0006001d
004500e2
fee9ff62
0057ffe5
003d00aa
00ed0118
ff3effb2
005efff1
00440066
ff2d0080
ffce0103
ff5e00b4
0027011d
ffa50093
ff79ff34
ff4d0021
ff02ffed
005fffe9
001b009c
fff4fffc
fefa0082
017000f6
0072ffe8
ffa6ff1f
00a3005e
003c0044
ff92004e
ff6effbd
00e9ff23
00690048
ff510088
0019ff23
ffcfff65
fecfff5f
ffa1003c
ff88010f
004cff59
ffc7ffe8
ff0a005c
0035fff5
0037ffaf
00890131
ff710119
0010ff07
006a00ca
ff9200a6
0070ff9b
015fff7d
0035003e
0040ff96
00290044
003bffd4
ff76fff8
ff87006e
0075ffd6
ff49ff29
0127ff61
00d201a7
ff54ffef
011efed7
003f00d0
ffb3001a
0102000a
ffd9ffcc
01750063
0084003b
0032ff50
013cff71
ff76ff07
ffe400f1
0123ff89
ffaeff85
fff8002c
00260060
ff82ff80
ffa2ff94
003300ab
ffc4ffd8
ff80ffd0
00370052
012f007d
0076002b
ff9300cb
0169fe2d
ffc00032
006a0013
ffe8ff00
ff5e002c
000c008b
004a00fb
016700d5
0089ff8c
ff5bff7e
ff76ff9d
0054fe8f
ff6b0010
fef4fee0
ff0c0053
ffadfff7
fff60005
fff40007
0015ff62
ff7900f4
00280083
00880015
0093ffb7
003aff4a
ff8ffe3a
0024ffa0
0007ff72
0080ff5b
005bfffb
00ed0018
001b0068
ffe5fe29
00910089
ffac0138
008aff74
0157fe73
00920060
001f0097
ff6effdf
00caffa9
00750035
00cb001b
0066ffe5
ffcd009d
0037ffe9
ff83ff8d
0177ff13
fef9fff3
000efefd
014efee5
ff67ff9a
fed3ffce
006c0026
0153ff8b
0019ff58
ff2eff7e
00360023
ffc80088
fefdffed
00ae0004
ff1affb1
fef0002a
00520064
00b20095
ff75010f
0002ff1d
00d7ff57
ff7d0044
00dfff95
00be0048
002f00ad
ffa6ff9c
005b005d
0079fff5
0034000e
0023ffcc
ff960099
fea300de
ff750009
ffceff0e
ffcdffcd
003cffe7
0041ff57
00cb00d1
00acffd7
00b9ff58
ffbc0076
ff8a0062
ffeb006f
000e0093
005400e4
0051ff8d
000800be
00ecff0d
0039fe9a
ffec0099
ffab00ca
001fff7f
ff810080
008cffd4
ff940078
0040ffd7
ffe0ffbd
00e40050
00590019
ffb6ff43
00c2009f
004effb3
006efee3
003effe6
ffb7ff54
fe91001f
0043ff57
ff8efeec
ff49000b
ff6e0047
ffcaff60
00940070
00d90060
ff76004b
ff94ffb6
00b80116
ff4c0075
fec00052
0043ff85
ffbd0095
ffa40080
0074ffd3
ff62008d
ff73ff16
ff5700f7
003b00d8
feeaffb1
ff45ff43
ffd7ffbf
ffe9fe9d
ff1500ce
ffa6ffb7
0075ff86
004c00ed
001c0002
0070012a
fffc009f
00c4fff1
0012ffa3
ffdbffe8
ff86009d
ff32004f
fff0ffdb
00ac002f
ff55013a
ff2600ed
00a80152
023cffd8
0062007c
008a00ad
004c0031
ff87ff7a
0060ffde
ff68ffcc
fe4dff66
006cff97
010a0045
ff59ffe4
ff2d0091
fe5b0031
00c30138
00d2ff19
ffd2ff41
ffadff82
00c4ff15
ffbaffe1
ff6d00cf
00cdff7a
000b0044
00860008
ff5cff91
ff75004a
ff680050
00250069
006eff94
ff2fff7f
ffd30027
007a00de
007f0075
ff83ff60
ff9d0073
0060ffe5
ff93ffbf
009dfff4
0079001b
ff570051
01430030
0008ff91
ff70ffea
ffc50101
002c005c
00f9ffec
00ad0026
001b00b5
001dffb7
fff6ffb9
003affcc
004efff6
ff91ff60
ff38006e
0019012f
febfff1b
fee4ff47
ff4c0037
ff010007
0080015f
0087ff04
ff9cfed2
fff7003c
ff58008f
002c0107
ffde00dc
ff3f0052
0080ff28
012dff1b
00670043
0023ffc9
00cfffae
ffe200c4
003dffdb
0033ffee
ffbafeaf
00c400c1
009900ca
005dff8b
00ceff4c
ff4ffdff
ff87ff19
015500b1
0161ffe2
fef5ffcb
ffd00070
ff30ffd1
ff510019
0097ffdb
002fff48
fee000ed
002d00eb
00ddff52
fff90109
006dff7e
007fff40
004a00d6
00680123
00f900fd
0025ffa1
ff92ffd1
003cffb6
00deffe2
00a50023
ffb70046
fec5001b
ff8e0033
0055ff1e
ffc800c0
ff510081
ffedff91
00d0006c
0040ffdb
ffbfffd0
005effbf
ffa50057
0000ff73
ff8dfffd
00010070
ffc5002f
00b5ff27
0030ffac
002bfff1
00d1007b
ff850008
00d7ffcb
ffc9ffb8
ffb3ff89
00a0004d
ff7fffe6
ffec002b
008affdd
008c0049
0107fff3
ffb9ffd4
ff89ffac
0021ffe0
ff36ff6e
ff250068
feb7000d
ff82ff6c
ff4400e3
ff39ffe4
ffcbff41
011cff7e
0044ff76
ffb70086
feef01c3
00400004
00730077
ffc0ff5b
00a8ffcb
0113fff5
008dff33
006e007b
ff780082
007d0081
ff93ff99
0100ff83
ffd0ff09
ffc6ff42
fffe000d
004c0013
ffc7ff8a
ff74ffcd
ffc0005e
ff3cff86
ff740006
0037ff96
0171fff9
ffbc00da
ff89ff96
00c0ffcf
ff6a00d4
001b005c
fff500e3
fef5ffc0
0015008f
0032ffe9
0017ffb1
00fcffe7
001d0052
ff7900c1
ff840068
fedf0066
ffb5fed9
0070fff7
00a500f4
004e004b
00b5feff
0049ffa7
ffe4ffa0
0018005f
ff8bff2c
ff4e00af
ff0100ad
005e0078
0058ff9c
00dd006b
0019ffea
009bff4e
0074ff4d
004fffa0
ff3f00e3
fe7d0075
fe6dfff2
0035ffe7
00bdff2b
ffe1fe48
00bcffde
ff7c0001
00b80077
ff270135
fff700a7
0037ff88
00860031
ff7dff2f
ff210124
ffc7007a
007dfefe
ffde0049
ffa30082
013cffe5
0081010f
ffdbff36
ffdfff6c
001e005d
007bff26
ff78005b
005cffe2
002d00aa
01000112
ffcaffc2
ffb4004c
013b000e
fed6ffeb
ffaf017a
006100a6
007dff8a
00a2001c
ffe3ffd7
003e003a
ff040095
00430082
00010086
0066ff97
ffcaff1d
fed3001d
003bff74
ffc6ffd2
fff9002b
ffb100b4
00010002
00100053
fee600a9
ff7f0076
ffc0008c
0017ff55
00b00044
006e001e
00cbff8d
00d00061
00760096
009500b9
ff360035
00410060
ffd2fe8f
0084fff5
00eeff27
ffd8ff7e
00100024
ffcdff44
ff00009b
ffff003a
00ff012c
ffd2ffc6
004c002f
ff81ffd2
0136fee6
00db007c
fe7effdd
ff92fea2
fff00062
0186ffb0
0043003c
00670006
0110ff65
007aff8f
00ef001c
00d30048
003000f7
fff5fec5
0076ffeb
ffe10074
fe4eff1a
0016ff40
ffda0056
0062ff0c
0081ffd2
ff6fffaf
0149ffc0
00e600c5
0079fe50
0104ff65
01120037
ffa7ffda
ff3b00c9
0040ffa4
00d0ff41
ff64004a
ffc1ffe7
0035ff7d
0089ffbb
ff79003d
ffc8fff0
006a01e9
ffd1ffb9
003fffd8
ffebffb6
ff18ff4f
013f0103
ff130195
00dffffb
000cfff3
000bfff5
007dffee
00f701be
008f0073
ff9b0022
0114ff46
fffb001d
ff3d0150
fffb00ac
00aa0113
ff870023
ffaaff46
000bfffd
0195fff1
008fffa1
015f0059
0005004c
001500cd
00f60058
00df0025
ff01ffce
006dffc4
ff2b0030
004fffa0
00f90073
00a20033
ff830040
008c0034
0076ff78
001eff10
00eeff7f
00750045
001b004c
0047ff46
ff180143
ff2000d4
0031ff1f
009600a5
ff35ffa4
002dfe77
00440021
002dffca
0059009c
005fffe8
00df0020
0095015d
ff8f00b0
006b0077
018600bd
ffecfffb
001300b9
ffb400e0
0199ff77
019b0096
ffc700ed
00effebc
014bffb2
ffbaffa8
0059ff9a
0012ff71
ffbc0085
febc014d
ffdcff44
003c0001
0058ffb9
00f00053
0047fff2
0058fefd
0071ffb1
008bff19
feb1ffc4
ff490167
ffd100da
0058ff86
ff2dffb7
feceff57
ff8fff7a
0006ff00
ffc1ffff
01740135
015d0001
00d3ff17
ff0cffda
ff1bfec7
ff93ffdc
004b0097
005a00d4
0063ff66
00370012
ff3eff86
003afea4
ff95ffc9
00c3ff19
ffdb003b
fe92ff96
fe0c0028
ff7fff4c
ffed0054
0017ffd8
001400a3
00e2fec5
0001ffe6
005cff86
000cff6e
ffb4fffe
00e3ff3f
0035ffdf
00fc00e1
004fffd0
004dff6d
0089ff52
00390026
0033fec5
0034ffbb
00330027
fff70035
0098000d
ff930109
ffdb0053
ffa0010d
002c0058
ffd50004
ffa4ffc8
ffddff96
0020ffd4
0034ff4f
001fffdf
fec2ff3b
ff4dffd9
00740055
ffe7002d
008cfff7
feba0044
000800fc
0012ff4e
ffd0ff3a
0027ff92
ffa5ff92
009300a0
ffe5007d
ff9fff95
feebff8a
ff3200f5
ff8dffc1
ffca008c
ff710131
ffec0117
00c000a6
ff55ffd7
006bffa7
009a000a
ff5001fc
0043ff59
fff5ffef
001affb8
0025ffc7
00380072
ffaeff5d
00acff69
0076ff8e
ff89ffb2
ff62fff9
ff8200b7
001e0012
ffe60028
00c8ff41
ff88fff3
00020046
009800af
ff2afeab
ff24ff50
ff2d0040
ff22ff60
ff75ffa7
ff60ffee
fee50062
ffc70023
ffc8016e
fe680116
ff8affac
ffcaff3d
ffbdff1e
00040056
ffd6013b
00a8ff90
fff8ffe7
ffe00084
ff95003e
ffc900e1
ffefff84
000d0068
00330097
ffcb007b
00a40085
fff5ffe9
ff7d0058
00a0ff9c
00160061
00910029
0074011a
ffdc0078
ff61fff6
ff72006f
008d0005
ff5a00f7
01d5ff20
0062ffd5
ff1d0070
008bffad
ff1bff41
0040ffb3
ff0700e2
ffdd008c
0016ff6c
ff53ff91
012b0035
fe0fffc5
003cffac
fffeff2f
005cff88
ffd40091
fe8c0032
ffd80035
ff2a0008
ff8a00ab
000a005b
ff29fffe
0055ff8c
005c0000
ff82007d
005d00c5
ffa8ff4b
010500ae
ff6c0013
007c001d
012effef
ff4c0021
006ffeb2
0051ff84
fe8000de
ff8b0040
ff6bfee9
fef0ff08
fef700f7
0105000c
003d0042
00330009
0011fe27
ff55fe8d
ff2fff8c
00470027
00d7ff11
003dfffe
000100f7
007d012d
ff42001c
ff8effd2
ffa0012e
ffcc007d
0054ffc0
009cff4d
ff8effa7
0062fff0
00affff8
ff47feb3
ffaf0000
00890026
00bfff00
00c8ff0e
00d50075
ffa1004e
ffc0ff5c
002bffec
ff40ffb1
0075008c
ffc80017
fec90019
ffef0115
00cfffa0
008a008d
ff4fffbe
fefdfe83
002cffe3
004fffcd
feddffb2
00d10003
00150027
0049ffa9
fff10023
ff2ffef9
00380087
00ad004a
ff73ffda
ff32fef0
ff10ff0b
0048ff16
ffc4ffa0
ffd6fed7
0076ffc0
fecf002a
0084ffac
005800f5
ffc7ff19
002aff80
ff69ffb2
0055ffb6
ffb5009d
feba004b
ffc1ff83
ffd9ff73
ff27ffca
ffdafefd
00c1ffa2
ff20ff8f
ff8effee
0036fe63
ff82ffbc
007cffb3
ff25fe7c
ff26ff23
ffbaffdf
0122ffe1
ff4600cc
ff5400b8
005501be
00570065
0102ff02
0014ff4c
ffcfff5a
ff53ff7b
fe9f0006
00e20053
002efed6
0038ff88
0015002f
004600a6
ffab0129
00560095
00ac0079
ff9c007f
00f400af
004cffe1
ffe9ffe3
00a4ffdd
fff70144
00d9ffa1
00a1ff69
01cfff09
00cb00a9
ff1dff88
004200ef
ffcaff81
001dff4f
0088ff66
fef70024
0067027d
0027001f
ffa1ffa4
ffdcff32
ff170063
ff69ffaa
ffb9fec6
ff89ff97
fe5b0153
ffdf00ad
ff49ff57
ffabfff2
ff8a00ad
ff1000fb
ff4b000e
001c0032
001e0003
ffdbff85
ffb8ff3a
ffb9002a
007aff9c
0099009c
0062ffa7
0002002a
004effda
ff53ff9b
ff30008d
ff84ffab
ff350028
01a6013b
0198008c
ffebfff1
0037fe3a
005bff13
ff98ff84
000dfff2
ffe5ff8a
ffd1fff7
ff800000
0049ffd5
ffd40174
fff2fff0
0098ff43
00140069
ff850016
ffa4ffea
ff81001d
fedfffe8
ff8f0050
ff50ff69
00ccff36
ffa4002e
ffd4ffa9
ffa4ff97
002cff9c
01600050
0000ff85
00a6ffd9
ffc0012c
fe610154
0034ff26
fe67ff17
fee6ffdf
0044ffbf
0002ffdf
ff4dffab
ffa8ffa0
005f0057
000bff0a
ffcefe47
ff4fff85
003b018a
ffa8000d
ff92ffbe
00dfffc0
00510041
ff64ffba
ffcefed4
ff710089
002c00a0
00d90112
ff770105
ff23ffdf
ff4cffdc
fe7800e0
008e0078
ffad0043
ff4dff46
002bff98
ff4e005f
00f4ff7c
00140064
ff8cffdc
ffc1ffb3
ff010006
004b0010
ff81ff9a
fe98ffe0
fff2fec7
002bff90
0009ff62
007aff77
00820045
ffb700ce
0086004c
ff7f01b5
0068ff71
006cfefb
ffee00d4
0074ff66
ff6dffe2
00a00100
ff12fffa
00470093
fffe0029
005affa8
0017009a
ff1e003b
000f00ba
ff2effdc
002dffde
ffc4ff90
ffdaff6c
001a0054
ffe1010f
00400105
ffa5ffae
0072ff3b
000f0089
ff17ff3f
fff9ff0f
00280025
ffeb0082
0043ff34
ff58008c
ffc6ff10
ff7c0099
ff8e004b
fff40054
ff770061
ff9d00b0
fedffff3
fff9ff91
005e00fe
0046fff4
0041ffb8
ff92ffcf
ffa5ffad
0035ff9f
ff6f0004
ff8f0005
ffd6ff2c
feeaff97
ff3c000d
0010004c
009900e6
ffb4ff65
ffc2ffe0
0061009f
004d001e
007cffea
007400c5
016fffdf
00b7003f
0008ff8c
001e0050
00a400af
ff62ff34
ff5a0080
00cbff80
005700a1
0076005d
0003ff34
019e0029
ff6b013b
ffe90054
007cfffd
ffd900ac
000c0002
ff2dffa4
fef80012
00470034
00d7000d
ff7500b5
001500aa
0036ff88
00270012
0079ff02
ff94003f
0039008f
ffc8ff74
0148ff5c
ff26ff7e
fffaffe4
ff32ff22
ff5e002b
0079003f
ffb0ff66
0046000d
0165000d
00530036
ff4dff44
0059ff37
00320005
0077ff88
ffff0033
ff41ff9c
000cffaf
00dbfecf
ff710024
000c00fd
0093ff71
ff0f0010
00a00035
ff73ffa1
ff9cff8a
007aff18
ffebff8a
007a0071
ff72ffc6
001500be
0050ffcd
00aaff8d
0067fff8
ff850010
0062ffa5
00c20001
00c80104
ffc2012e
00a60071
ffe8ffde
00e2ff08
00d7ffcd
003affe2
ff99018a
0029fff4
00a1ffe1
fef8ff9b
fffbff3e
ff90ffa9
ff80ff75
003300f2
011600d4
00fd00a1
ffd6ff9f
ff11ff3d
00f8017a
00c6ff54
00120075
ffe8ffe2
ffdaffa4
ff490105
0092ff65
0088ff5c
00110112
ffdd003b
fffcffdb
ff49ff17
0043ffb3
ff6e00ce
ff95fea4
fff6ff7b
ffc6ff78
000d0061
ffb8ff04
ff41ff82
ffdffff3
ffed006e
ff84ff60
0041fe68
ff700040
0043ff04
0030ffac
00140034
01370024
fffdffcc
0076ff96
fff500d0
002600dd
00e3000f
009f002a
ff7cff6d
fff5004c
0011ffcd
ff7cffe7
003affd6
0174ff81
ffc80072
ff970144
000201ac
fea8ff9a
ffaa0055
ffa50001
fe4effa6
00770033
0030ffee
00cd00c3
00280059
00ca0117
ffb60196
00010034
0018fee7
ff65ff96
008d002c
ffc9ffac
ff34fe6b
00140037
ff89fff6
00910003
0103ff3e
feec004a
0008003c
0127008e
0023000d
014a0055
00acffbf
ff78ffc0
001c007c
fe800012
0000ff62
008fff22
ffc7007f
ffe500de
ffe3fefe
0087fe07
00de0041
ff79ffbf
ff96fe70
fff6001e
ff46001d
000cffd3
002c0015
00830186
0135ffd8
ff6e0057
003dff48
ff620040
00320055
013a0160
000c013d
00cd0031
009bfff8
fe930108
0034ff5f
0027ff91
00990032
002b0062
0030004c
0004ffc1
01320093
ffd70002
ff84fef8
00050068
007cfed9
009dffc4
ff4000bb
0096ffc8
ffe9011d
ff67006f
0054ff73
0048fee7
006b010c
0011ffaa
0085ff5f
014e0080
015800dd
ff220024
ff5a007c
001100db
0041ff34
ff22fffa
fe890073
fead0058
0007007a
006fff72
ff90000e
000aff96
ffb800c0
0015005c
ffe50094
00330068
ff67ffc0
0030ffd3
0075005d
ffbfffde
ffb0000d
ffe30045
ff65ffa1
ffd2ff72
ffb800fc
ff5a002f
0028ff6d
ffd5ff6b
0046003e
ffb2fff2
feefff8f
ff790007
006dff1c
00e0ff7a
003c0044
ff7b006f
00cf0053
00b5ff0c
00390080
000c00a2
0043001e
002c007a
ff130024
ff740011
ff6eff86
ffd8fdc2
0051fed4
00af0022
feefffc9
ffd80066
ff690017
ffb4ffe4
004500c3
ffc20150
0157006f
00c9008d
fed500cb
feccfeee
0001ff87
ffdb000d
ff97001b
0012ffbe
fffbff97
00dc0048
01240028
ff340025
feca003c
ffd100ff
0023ffcf
ffa2ffaf
00f80098
ffef00f5
006effe4
ff38007a
00030029
0071fffd
ff46fff9
fefaffe0
fefdff59
0072ff14
0093ff8e
000f00bb
fffeff96
fef30041
00f8ff9f
fedcffdc
ffd2ffca
00c5ff64
00fd00d9
ff7bfffb
ff6cfea3
ff7affdc
ff26ff89
00e4fec5
01a0fef5
00eb0029
00280038
007e0007
0066002b
01d400be
fff8ffd0
0009ffe7
008600c4
fff8ffb7
00dfff08
ffaafff1
ff9efedd
ff640008
ffb1004b
009afef2
ff83ff85
00b50057
00c50061
00cffff1
0085ffd2
ff7d015b
ffb9009f
00d2ff5b
0058001b
feb5007c
ffa9005b
ffc90026
007f00bd
ff6900c1
feffff54
ffb90143
ffb400cc
ff200094
ffab0006
ffa6fe9b
0035005c
ffc7004e
00a1004c
fffffe7e
ff40ff5c
005d0020
007bff7f
ffbaffab
00ba0046
00ddffde
ff8dff38
ffcfff62
feab0006
ff7700b3
0068ffb2
014fffd3
ff4d010d
003eff42
004d00fc
003000ed
005e00b5
ff24ff9c
0052ff3d
ff3d0024
0125ff62
004900a0
00c70032
000fffaf
fec70059
0025ffd2
ff870065
ff800016
ffea0019
ffdfffbd
00c900a3
01430086
008e000a
ff510060
ff0afffe
ffd0ffd9
0079008c
ffdd00a6
002e00ce
fee600da
ffac002a
ffe1000d
ffdfff60
001fffcf
ff8a001c
00e1ff90
00b8ffc5
0069ff86
0072ff6a
ff78ff7f
ff8e0014
006cff93
ffc2ff96
ffee0002
000fffc5
005cffa8
003cff52
0002ff96
fff7005a
00ae00f9
0110007f
ff4800c3
ffd2ffe8
ff3eff0a
001bffe8
00d7feaf
00400024
0177ffcd
00caff59
ff8b004d
013fffaa
ffe7004d
003d0007
00a8ff54
ff4800ed
ff61ff98
ff530028
ff3b0047
fffeff9e
ffcaff2f
fff0ffef
00c90046
0047002a
fef3004c
fff0ffa1
ffc1ff22
0083002b
0042ff97
00010007
0094ffcf
0018000e
ff8efff2
fee0ffa4
ffd3ff9b
00dfff56
00830012
ffa6002f
ff880026
ff7c006c
00bf010a
010200b0
ff97ff88
fecdffee
fff200b4
ffd6ffd5
015500c0
004a005e
ff3f00b4
00e20068
0102ff86
00e8ffb7
0031ffc1
005a0018
0022ffbd
ff81ffbf
013e00ae
00fdff8c
0017ff2e
00560074
00500124
fffeffda
005bffa6
ffa3010b
00210055
fff30000
0073ff84
00b9ff22
01a4004c
ffdd006a
ffeeffd6
0123ff1a
0046fe7a
ffa0002a
fff40051
feb5011a
ff2f0076
004700d2
008a00e2
0089fecb
00ad004e
ff96fef7
008f00e9
0011006d
ffec0053
0024ff9e
feceff70
004a0071
006fffc0
ff80002e
ffec007d
003f01b5
0018ffa3
ffd6ff7c
ffc600d1
ffe800b4
ffcbffb8
0021ffab
ffefff76
00b400fd
ffa9ffbb
fff000b2
008400ac
ff56ff9d
01240015
00ceff47
ffef0031
ff8100e4
013e00ad
ff7300de
ffdbffea
0020fe5a
006bff5e
000affb3
ff9f007e
0029ffcf
ff8c019f
ff510006
ff93ffe1
fecd009c
00b00026
ff4d0097
fed701cd
0049ffc5
0012ff07
ffde0106
00f1fff4
0115ff52
0001fff1
ff1f0002
00ec00b5
008b0054
007001f9
ffb50077
ff9a00b2
0070006a
ffa2003d
00880038
00a40057
010dff00
00e70023
00530005
febc0054
ff4b007e
0007000d
0006ff80
ff520031
ffccffc8
ff630036
ff1bff11
ffcffe7e
ff9cff14
00f3ff9f
0058fe94
ff1f0043
0014002f
002e0034
002dffa7
0035ff7c
004d003b
0085ffc9
0016009d
0084ff5a
0053ffb6
00e2ffec
0088ffbe
ff840011
ffdf000e
0061fff1
ffdcff92
008a00b5
00dbffb8
ffdb0015
0098feeb
000b006e
00c700b4
00fd0035
ffc1ff7f
00dbffc4
009ffffb
ffd40057
005400ca
ffbcffd7
ffd50087
01110042
002900e6
ff9eff80
001fff95
002a0039
01370181
00e6ff3b
ffac0095
00c1ffcd
0006ff11
ff66ffcf
00acfff5
0030ff50
ff36feaa
ffd9ff34
006d005b
00f1ff24
001effa5
ff82ff4f
fff6ff26
ff55ffce
01140034
ffc2ff2c
ffa1007f
ffc90196
ff190071
017b0019
ff90ff8f
ff7900a2
0004ff53
00ec0045
000f0004
fff4ffec
00010007
ffd70003
01320061
ff93ffdb
0088007a
0019ffb2
ff6b0065
00110052
004d00ba
00520034
0020002e
00ad0109
ffcbfff4
ff9c0059
ffbd002d
ffe4fe91
ffcfff7f
fefa002f
ff510061
fe8f0027
008dfeff
0167006d
ff38ff53
ff5e0019
ff93004d
0030002b
ffdfff88
0092fef4
0008011c
ffea00d3
00af0095
00280029
00a9fff3
003cff8c
004bff84
ffd10034
001dfe5a
00400045
ff7500ac
fe96ff84
0081ff22
003cff84
ff9c0109
ff8300a0
005effd3
001cffc1
ff81fffa
00140034
ffce000e
fec1ffd3
00630066
00220013
002e00ed
ff5c00f6
00c5ffbc
0093ff7e
ff04ff42
ff6f019d
ffab0030
0005ffe2
002400d5
001dff53
011d004d
00a2ffb5
ff63ffc6
0048000d
ff6bff22
ff84ffae
003c00cf
ffe40166
008fffd8
007d00ae
fe6c002d
007f0033
00490074
fed200a5
006a006a
000effd8
0109ffc1
ff930025
feed0036
009700b0
ffea0026
ff6500b9
ff52ffdf
ffcbffdb
00250054
00fdfe16
00e3ff25
009effb7
ff67ffe0
ff650006
00a9ffe4
ffae0014
006e0032
ffb6008b
00190002
01bdff0b
001e0019
006d0012
006200cf
ffe2ff6b
ff120011
00ffffea
ffef00be
fff1003d
ffac00cc
00c700bd
004fffb4
009e0021
005cff77
000b0031
001900d0
ffb3ffd7
008d001b
001dffdf
00210026
0028ff28
ffddff61
ff2a00a9
fea800a3
005b0002
ffd10093
003affdb
ff000000
009100f1
001400a4
ff5b0043
0025014a
ff540116
00770061
0092004d
004000ca
000300f9
00dcffbf
0006015c
ff86001a
ff5d0057
ffb6ffba
ffff0051
ffb00085
ff9eff2b
0027ffc4
00850081
ff7cffe9
ff8dfffe
ff3d008e
0086ff66
ff71000f
ff8e0087
000cff88
0006ff8e
ff4fffde
ff140040
0074ffb3
ffb9ffb1
fff90073
0033007a
00a7ffed
00690099
ffb20003
006f0055
ff2e006d
009a0060
ffd8008c
fecbff9b
000cff8a
000d000e
00cc0004
fff8003f
ff750051
01340039
00750023
003dffef
ff390022
ff7fff8d
00f400c5
ffe6006d
ff5dff2a
0021ffe1
00e7ff21
004bff8a
ffb1ff5f
ff380045
ff78ff9e
ff4c001f
ff3b0018
00e0ff6f
0002ffa8
002b0002
00cd0095
ffda0110
00a60047
0002ff2e
007f0054
ffaaffe4
00940017
ffd9009a
0057ff8b
006d00a9
ff7fffc8
0032006c
0006007c
002e0119
ff930134
00a8ffda
0005fff3
ffaa0057
00adff89
00610013
00c3fff1
004300e5
ffa50066
003d0055
00a2ff27
00d8007a
007a0051
ffb600db
00060047
ff880038
ff00ffc8
001afed2
ffdb000e
0032ff9d
009e00d4
feee00c0
00ca00b3
00990009
fea1ff7e
ffe00018
005f0141
ff930028
00a1ffcf
00c70025
ff5e0052
ffa7ffd4
ff27ff80
00380021
ff7effe0
feb50016
0054ffe3
ffebff13
ffb1ffa1
000dff4e
00b3ff7b
ffd8fefc
ff7500f7
ff130136
ffcc0009
00c30022
ffbfff38
0058ff4d
ffb1002d
002aff1a
00edfefd
ff650013
ff15007f
feebfff3
ffe9005d
00220035
ffea00a4
00020022
ff43009c
0024ff64
0030005e
fea9ffb8
ffba00e9
00af0029
012fffc5
0040ff96
00630051
00ecffde
ffd10057
ffbafed3
0014ffcb
001bff89
ff22004c
002a0027
019c0013
ff2d00de
00a4fffd
ff50ff3a
ff94ffa8
ffb0ffcc
0012ffb3
ff2e00be
ff2600f7
ffb9010d
0083ffd2
010dfff5
00a700e2
ff84ff9f
ff50ffa6
00feffc4
fee50035
0052ff76
fef3feed
0025ffce
ff01ff01
fe4a001a
ffcafff9
ffea000c
ffcc0079
ff84003c
ff98ffeb
fe7bffba
002f0081
fffb000e
ff71ffc3
000b00ac
ff9e007e
0133fef8
ff6cffaf
00c00022
0057ffd7
ffbc0115
005d000c
00050016
00a0ff8b
ff91017b
0045ff91
ff61fff9
ff5eff15
ffd2ff5a
ff99000b
006b008d
009efff8
ff7a0061
007600ee
ffb5ff38
00680060
013bff75
008cffe8
002c00b8
ff86ff3f
ffb6ffe8
ffa800ab
0034ffbb
002efffa
01070153
0180ffc3
ff39ffea
ffbb0054
005dffae
ff9aff7a
00e4ffc6
00560038
008e00d9
00b2ff78
ff1fff7b
ff720094
ff61001c
fe35ffde
feda0043
00caffc9
00d300fe
00730062
ff180071
00faff8e
ffb20054
ff610055
ff4600fa
ffb900dc
ff970168
00b300bf
0042ff54
00c3fee4
ff7c0218
fffafef5
00acffbe
ffe40116
0092007b
0045003e
ff30ff96
000e0026
ffa2ffa3
feddffb3
0104fed0
013fffe8
ffd200ee
0091011d
ff6d00ad
00dd00b1
017e008f
ff02ff66
003f00ca
ffb100b1
ffcbff54
ff60008b
fffb00ab
ffeaff99
ff7800c9
fdea0038
0043002f
ff4effa0
ff15001e
005dff2a
00a2ff80
009100cd
ff9e00f6
006bfff3
00cd00b1
00ae001d
006bffd7
ffdeff66
0072000a
ff45000a
ff04ff1b
0078000f
ffb5fff3
0001ff59
007a004e
00520043
007fffd5
002e000b
ffb2007d
00200040
ffd1003a
ffa7ffa8
01de0075
ff63ff7d
fef9febe
008c0025
ffcb0082
000cffb0
ffc20191
0065014d
000200a4
0077005f
0050ffc1
ff23ff33
0044ff4d
feebfffd
ffafff63
000eff4c
0067ff56
0010009b
fe8f0131
ffaa0038
ff44ff5e
feff00ad
0013000c
ffe1fee3
0069ff7b
00cb00c8
feefff59
005b0110
ffb3ffe5
ff55ff9e
ffdbffab
00a8ff09
fff500ca
0032ffde
ff2cff70
ff8500eb
ffe3ffca
00e80007
ffb70054
00bc0054
00a3ff26
003fff2b
feeb000f
0051ffc2
00d5ffe9
fe70ff56
004dffc6
00d6febb
ffb3fed8
00340068
001f0091
000c004f
ffa100dc
012900ad
00abff7c
ffbfff0d
ff6ffef6
005dffa2
0045ff63
01050059
ff9e0026
ff54ffee
ffb0ff21
00b3fffd
00540034
ffb1ffe3
001fffed
004dfff3
002eff87
ffecff1a
ff9a0089
fedf00cf
ff6dfef4
00c5ff6f
016e003f
fff9ffdb
0149ff84
00bfffb7
ffe1ff1e
004fff5b
fe660049
fe4e0003
ff670149
ffa3ff82
ff97ff24
ffd8fffc
0004fffd
ff0f009e
014dffd6
00690017
ffdbfee6
ffbb0049
0107011b
ff65ffe3
ff9c0036
00b5ff0b
003cff92
ff64fff6
ff9dffcb
fff8feee
ffc1000e
fff50044
ff890098
010800df
ff910043
ff25006b
ff95ff57
0080ffe6
ffdb00a1
000efed3
0064006f
01390020
ffba0052
0045007a
003cff41
0047ffbd
00d500b6
0128ffcd
ff9e0087
ffeefff4
ffaeffdc
ff71000d
0060ffd7
ffecffa3
ffd0ff01
0151003c
0009ff82
ff97ffa9
00d8feb6
ffa5ff37
ffc1ffde
0074fef1
0060ffc7
ff54002c
ffb4ffd8
ff5800e4
0103ffa2
0056feba
00bdff8f
0080008b
0062ff93
0084008e
ffca0117
0026ffc9
ff560156
ffd30043
fe5aff9f
00bf00d8
020c00fd
004c00e9
002cfff5
ff2fff95
feccfee1
ffaeff7c
ffc10093
0031ff97
012e00f7
00f8ffc3
ff4b0018
00a60165
ffe20050
ff560044
fff2011c
ff0aff68
ff6c0016
ff7e0013
ff8c006e
ffbc0126
004eff3a
fe04ff0c
ff5900a4
002800be
00a9ffb2
0082ffe9
ff88ffde
00020127
ff17fff0
feb0ff37
fef5ff98
00610028
fff400f3
ffd2008a
ff6cff86
ffbb0034
ffa60062
ff3600e7
ff9c001d
0089ffef
008d003d
0048ff3f
001900c7
013000a4
ffc100c6
ffcc006f
ff5d00e3
01a20092
00ae00d3
ff33ffed
ffd6ff3d
fe9cffbd
ff98fed2
007a0033
ffe00119
008300ec
fefcffa6
006aff53
00f80014
012dff7a
0050ff4a
ff75ffb0
00800076
fffd00b6
022bffe9
ff9e0064
fee80086
00aafff1
009bffa7
0080ff9c
006afe6d
0036ff9c
ffe200de
0054004f
ff6600fd
001b004c
ffb800a0
00dd0012
0117ff4e
0046ff8f
013c00ac
0030ffbd
ff6b00dd
00b4003c
0105001a
011efffe
004d0054
0088005b
ff0effda
00d8ff83
01260059
ff7d0029
ffbfff9c
ff6afe86
ff97ff05
003ffff6
00530023
febdff0a
fea9fff6
006300fe
00d1001b
00ff0080
0039ff20
ff9dff70
ffbcff1e
001600a6
ffcdffc8
0049ff9b
000b0059
00210076
005c0005
ff10007c
0041ff58
ffd6ffa9
ffe0007f
01260032
0028fe3d
fffdffa6
00b40057
ff87ff8b
00600022
ff22015b
fff5000d
019cff8c
0050005e
ffbf0063
ff02011e
ffa8ff7d
fec6ffa8
00320101
fef800dc
ffa8ffa8
002bff7a
ffa6005f
00d90017
00eeff39
ff03000f
0105ffd0
ff6b000a
fe5600d6
008b0057
000cff8f
fe45ffa6
ff2e0039
ff73febb
ffbeff89
ff9f0080
ffbb012b
00a9ff08
ff93ffc1
00f5005f
00c8ff10
ffb70007
00760086
fe8afeba
00a20029
0006ff54
ff080115
fe8eff78
ff3eff0a
ff2fff50
0017fefc
ff4dffcc
00a500cb
0002fff7
ffdbffdf
00c60006
ff56fff8
0086ffe9
00990052
0051fffc
005a0015
0091ff86
00320132
00370117
ffd8004c
ff54ff64
0086feec
005bff7d
ff16ffe7
00150051
ffbdff1b
0030fee0
000101e3
008e0125
00770119
00020097
ffd9ffd6
00610014
00b6ffd7
ff27ff14
0027feb5
fecffff1
00280131
ffdcff9a
ff1800e1
ff7d00b3
004d0066
004d007f
ffad0001
ffc9fff6
00c00092
ffb80043
0118ff66
014ffffa
0171ff3d
007500c8
0047ffa1
00c4ffe8
0055ff70
ffc6fffb
ffe1ffda
ff99ffaf
00720020
00460002
fef30060
ff94ffb4
004fffb2
0059005d
00d2ff7d
008cff81
00fbff7d
ffddff8f
ffc8ff66
fffcfff8
ff6900bc
0020003e
004a0053
ffce0002
feecff96
ffb4fef4
ffaf009c
00e1003a
013d00bf
fe9d001f
ff3a000b
ff6bff9b
ffa00040
ffec002d
ffe7ffe6
ff630093
001100d0
001b0133
ffb30047
00980050
00210101
ffa6fffd
ffd40003
0098ff6f
00c6fe63
0002ff18
0099ff6a
ff740092
ff620097
006affcc
0020ffc8
003aff4b
ffe3008c
003700f3
00a30012
0063004f
ffac008c
ff36ffb3
0010001c
000d0003
003b0012
ff3900f7
000e0072
007a0018
0072000b
ffe5ffbb
fff10071
00160037
ff5400d3
ff3fff25
ff950060
00e3fef9
005dffca
ff41feaa
ffca0084
0062fffd
0054006a
ff810125
ff5d0029
ff8e00f9
0003017f
ffbb000a
ffe700bd
0037007f
0056ffcb
ff400163
feb2ff64
00c6fffd
00220070
fe93ffca
ff8c00fe
ff890012
003a0015
00ceffdb
0083ff89
00120100
003c0139
ff86ff3c
002e00a1
004b0050
001c00fc
0062ffe3
ffb3ffc3
ffef000e
0094ffcc
ffddffce
ffd8005e
ffa5ffaf
00310011
0012ff57
01af0035
ff700048
ff3dfff5
0071ff53
ff65ff78
00b20054
fed100e0
00e9ff63
00cb006a
00880131
fffeff62
fff0010d
0158ff73
ff3f0021
ff6d0051
ffe0fef5
0031fefc
00d7005e
014dffcc
ffe1ffb2
ff080044
01a3001e
003fff77
005aff13
0075ff80
fff0ffe9
0081ff54
ffbf0083
fe380110
ff6cff60
0060fff9
0016ff87
00e3ff35
00410025
fff6007e
0044ff6b
ffcc0049
002e009c
006affe6
ffa4ffad
001800c9
feef0109
ff270153
000600ab
005f00a1
00710055
00f4002b
007dff8d
ff2cfff5
ff960087
ff7200e3
ffba00e4
fff20049
ff2dff9c
ffb50019
ff1f003d
007800e8
00510068
ffb20068
ff5affc5
ff40ffdb
00b000c3
ff95ff41
0040ff3b
0016ff94
000500d6
fff20051
ffc6ff5d
0035ff11
ffd7ffae
ff72ff96
00480084
0091ffdd
008e002f
0033fee6
ffe5ff7d
ff90ffd1
ffcf00af
ff8b004a
ff9cffc2
ffd0ff6f
00590067
00100103
001b008f
ff840006
009cff76
ff6afeda
ff910020
ffde00c5
00060017
00c3008b
00300069
fff50092
0093002d
003300ce
0111005a
ffe1016d
ff67003e
ff420027
ff7cff09
00200016
00d5004f
003200d5
ff9b0096
ff410022
fe81fffc
00780038
ff930033
001d0119
00a4ffe3
012fffad
0099006b
00beff4d
ffbafe77
ff51009d
007300a6
018dffd8
fffa004d
ff13007c
ffe9ffee
ff9bfef1
ff47005a
fec3016b
ffcfffdd
009600fb
ffb7004a
ffea000f
008900a4
fef90053
fffe00d9
0056018c
0070ff92
fffbfffa
00320104
fff10020
ff94002f
fed5003b
003aff7c
ff20ff48
00290050
00440036
ffd6ffca
ff730004
ffee0029
fe56008e
00480065
005affe8
ff95ff98
0044ff8a
ffd60042
0015007a
00c40012
0044fffb
001f0065
ffecffa8
0102ff57
00ea0096
ff26ff0d
ff8cff60
ff140054
feca00b9
00890058
00fdffa5
ff2dff3f
ffa2002e
ffe1ff5d
0080feff
ff87001b
ffb7ff24
0054ff99
0035ff96
fff7ff0d
00a100fe
0040ffd4
ff63ff54
005f00c7
ff4d0095
ffdd004a
ffd5ffa2
0083ff8f
fff300f6
008b00e1
0017ffc6
ff3fff28
003bffcb
00270027
002f006c
00d8ff72
00abffa9
ff170176
ffdaffa4
0052fff5
ffaf0041
0059ffba
00c1016b
002d0073
ffd400a5
009bffa2
016cffba
ff9cffa9
0076ff8f
ffd9ff89
000cff33
ff83005a
ffd5006f
ff80ff89
ff88ff0a
ffeafef7
ff7bffcb
fff7fe99
fee60029
ffb70006
0050ffb1
ff5900f5
ffbdfff0
feca0031
00360065
0023ffdf
fff5ff6e
0103fff0
00800092
ff8bff60
ff080010
00550083
0062ff20
007b00ef
0066ffeb
0068ffbd
fee601ce
ff60fedc
00a4fee2
0090ff8c
ffd1ff55
002ffff9
0021ff64
00b6ffbf
001f0050
ffd20021
ff3afec5
0008feeb
ff80004c
0042fefe
0069fe90
fffdff8c
ffb70018
ffd40058
006bff6e
ffeb009e
ffe9ffd1
ff97007d
0062000a
008a006f
00890123
00acffd5
ffa4ff87
00c7002c
0025fed7
ff9f0077
ffc7fed6
ff700063
00a200fd
009800e0
ffee00a6
0050006f
002e0086
fff30021
ff95ffe3
ff98ff61
ff76000c
ff1fff9f
fe1e0094
007dffc3
ffc6ffa7
ff810046
ff8e00ef
009a007d
002e0054
ffb700fd
ff520026
ff400058
008d0067
005b00b5
ff8f00f3
0005ffb1
ffb001a3
ffad0157
0045ff71
ffe9ff78
000afeee
00c90008
fea8ffa1
ff54ff22
00d6ff8b
fffd003a
007dffd2
ffd300e1
0009ff67
006f0107
00ae0057
00ddfed2
00e600a1
ff4100b7
ff390049
01160036
01090010
ffb1ff30
fffbff12
ffb200df
005aff96
00030088
00f500c5
0001ff55
fee5004d
ff1bff9e
ffa6ff6b
fff2ff9a
ffeb00a4
ff70001f
ffecff1c
fff30028
ff50ffa5
005600d1
ffebff68
fff9ffb2
003c0019
fff6fff6
00760013
ffbb002c
ff6f00b6
fff4005e
007f0014
ffb3ff7f
ffc70051
fe4c0075
ff4600fb
ffc8006e
00df0080
0069ffb2
00ecff93
004700e6
00210039
ff39000d
ff2e00ae
ff44ff3b
feb80009
00eaffe4
0058ffa1
ff900082
00a100af
003000e5
ff2e00cc
00630070
ff1b012b
fff80056
00adff95
0075ff73
008500cc
0028003b
ff61ff41
ffd20074
00310064
00f70033
00d40054
ffe4ff2d
ffcbfee6
0064ff63
fff0ffa9
ffac0030
0139007c
ff8e0060
ff9a007a
001d0060
fe20fe99
ffcc00aa
0013ff5a
ff9500a4
ffe8018b
ff82ff83
ffc70038
ff42ffca
0058ffb8
feb4ff97
00220050
ff8900ca
ff5e012d
00eb0050
ff830117
feac009d
ff500039
004900f8
0035fee9
fff2ffa0
ffb7ffa2
ff520046
fff800b7
ffdb007f
ff3a0027
ff48ffd7
0031011d
001b00bd
00a90019
00320001
00480080
ffe6000f
ffa4003b
fff4ffdd
ffd0ff85
0066001b
0007ffd3
ffed00b3
fff0ff00
ff95ffad
00990030
011b003c
ff780069
009afed1
0127fe80
ff4afed8
ff6cff73
004fff41
002300b9
00350023
ffafff84
00280065
ff3d009b
ff6000b2
fe810088
0030ff74
005b0078
004f011b
ffde00f8
00aa000c
0003fffc
00010082
ffb90058
0093003b
008e0095
ffa0005d
ff4affb1
fe8dff44
ff2b00d7
ff57ff7f
ff98ff96
ffd7ffd1
ffdfff0d
ff99001c
fff40028
0046ff9b
00a3fe65
002eff96
ff450163
ff63ffe6
fff1ffd7
fe8a0089
011aff62
ffd4000d
001fff7d
010fff98
006800bd
00dc0035
ffbd004b
ffb100f3
fdc7002b
ffbfffc8
ff850053
002800a6
ff2b0044
fe4d0068
ffbd0007
ff8e0005
000dff3f
00e10072
ffa0ff86
ff60ff6b
fffb013c
ff45004e
ffcc0116
006600d1
ff36fff2
0041ff32
00b2002c
ffb700a8
0005ffb8
0021ffb6
fff3005b
004f0024
001c0002
ff420021
00a6014a
0080ff62
ffed00c4
ff4b0025
009700ca
ffebff75
0027ff35
010efeb9
00cbff1c
0022012b
0027ff66
005b001c
0099008b
ffb400f5
ffe2ff60
ffb4007d
ff88fff3
0030ff50
ffd6ff69
007a00e9
ff90ffac
007c0002
0008ffb1
0048ff0e
0003fed2
ff390031
ff49fff0
00ddff1f
0075ff66
ff09ffc4
0175ffcd
008a0060
ffd5ffa5
0061feaa
004aff90
0046ff18
ff3dff2c
fe90007e
ff760098
00beff82
fee500c1
ff9300e1
ffb400d0
0020ffc5
010cff0e
ffaf0013
ffefffac
01680100
ff47ffa0
0079fffb
0098002a
ff78ffc5
ffc10004
ffd0ffcb
ff31ff8a
ff95ff49
ffeaff40
ffe7febb
ffa5ffc7
ffef0043
0137ff99
ff8f0083
0008ff3e
00380120
01070003
002e0022
002cff13
0056006f
fea80058
0126ffb6
fff20036
ff0e0014
fe4aff47
fee9fff6
00c4ffdf
feb900c6
004bff8b
0038ff00
0024ff81
ff7e0021
ff9ffffc
00180014
ffdf0005
ff7f002a
ff76fff2
0101ff23
ffb50088
ff86ff95
00a3ffe2
ff230011
ffe8ffb9
007d001d
00110067
fffaff4d
0011fef2
ff240080
ff69ffa6
ff85ffa4
ffbdffe8
00890013
ffca006b
ffe20000
004dffd8
01bdff2c
015600be
ff5effcf
ff2000b4
ffb4ffcb
00c60005
0054011f
fef10082
0115ff88
00150039
ff1e0122
00760089
ffdefffb
0048ff3c
0142002d
ffa90076
003effcf
ffe600b0
ff89016f
ff87feac
ff3afeec
0006ff7a
0053004c
ff54feed
00060094
ffda013e
fecaff84
ffc40075
00550100
00340118
0039ffa7
ffe80073
00720063
ff250036
002b014c
004dfffe
ff51ff3e
ffb2009b
ff50002d
ffe4ff77
005b0106
ffb500b3
ff2e0079
fff2007a
001eff3d
ffa8001d
00090002
007aff2b
0088ffe0
008bfe8f
ff46ffcb
ff15015d
007e0126
005effa0
012a006c
ff82fff7
00dd0053
0096ff64
ffccff65
fe5bff16
ffca001f
006e0060
fe9cffce
ff99fec4
ff87ff52
ff290071
fed700c5
0143ff6d
005f003b
01130071
00bafffd
00a40060
ffb00062
ffcb0126
ffc700fd
ff1b00a8
ffd4ff72
ff8b0020
ff200185
ff37fff4
002f0054
014b0027
011afe79
0025ff32
00550013
00ee0004
ffbf007d
fe830093
ffad013b
00af00e4
0044ffa6
00ae0109
ff590020
ffd000cf
001e00d2
ff360073
ff03ff94
00bbffe2
0107ffb4
ffedff8e
ff5aff36
fff7001b
ffd8ff24
0080ff71
0192ff19
0007ff87
ff2aff6e
ffbeff52
00cdffcd
ff9d0004
ff33ff9a
ffa6ff79
fe50fff2
fef4ff90
ff36ff9b
ff4aff34
ff4c0021
0080ff9b
0167ffa0
004300b8
008e00f2
0033ff0c
0043fde9
011dff79
001d00cc
009d006a
0025ff57
ffb3004c
ffa9002f
001b0048
003400b3
002a00a0
ff11007b
ff07000a
ff77ff80
fff80052
ffa2005f
0028ffd8
0018ffd0
ff82fffa
ff7eff5c
ff79ff73
fedeff88
001bffd2
00910026
028e004d
001200dc
ff87fecd
ff82ffd7
000aff84
008afff4
008aff57
0049ffb4
ffe9001d
00970023
ff6dff94
00a00045
ffd700e7
00d80042
ff73012c
ff8b006e
ffc5ffc0
ffbb0028
ffa8008b
ff040068
ffa10046
ffa90020
0076ffdd
feee00bc
ffb2009f
0099ffd3
ff830085
ff5700be
ff15ff26
fffc0098
ff4a00a8
ffd10024
fffdffcc
ff13fef6
ff31001f
009c0070
ff85ff5e
fffaffa8
001f0015
fefb009f
00a9fec3
fff80099
00fffffc
ffd40000
ffaf002d
0071005e
ffe90098
ff81ff29
0089009e
ff3effd7
0071fef8
fff4ffd1
00a2009a
ffc40172
ff6700dc
ff1b0024
fed2ff53
fff2ffdd
ff79000c
ffda0043
008dff9c
0162ffd2
fff1ffbf
ff520011
0146ffee
ff710026
fe440021
0074ff8b
ffd5fffe
0039002e
feaf00ed
ff3ffe93
ff960035
ff7b005e
ff84ff1f
0057008b
ffd60026
008affae
005affe4
ff6b003c
007b00f1
005d00dc
ff28ffdd
fffb0084
0009ffb2
0098ffd0
ff6a00ce
fff70050
ffb4ffce
00daff7f
ff04ffe2
ff9cfeee
00c9ffad
ff8f004e
00aaffac
ff7fff4b
ffe7ff62
0010ffc6
ffecfee4
ff57007b
fefb0113
0065ffd9
ff56ffbd
012eff7b
ffceff76
0033006a
ff0dff9c
fff1ff5c
ffbbffc9
009dffd9
004bffbb
ff730048
0046002e
00110119
0098ff86
ffd4ff62
008cff7d
004fffae
000700a2
fe95ff46
ffb0ff6c
fffcffb2
ffb0ff95
002a0024
feffff5b
ff0fffda
00a8ff99
0030ffa2
00d10058
004aff1a
ff9800c9
ffc500d5
ffdfff68
0021ff7c
0023002a
ff2aff82
ff63ff78
0150ffc9
00d60182
011d00b0
0084fffe
00fb00ec
00fe009d
011e00a2
015aff1e
000cfee2
feffffde
ff010071
002cffd0
00240154
003c0124
009900be
ff8dffea
ffc4ff08
ff5fffb1
00c4011b
ffd2008e
fffb0114
ff570081
ff6bff68
fffb00d8
ff1effeb
0040fff8
ffddff9e
ff6afeb1
000cffc8
ffe300c4
ffe50045
ffc8006c
00210099
0001fffe
ff95002f
00b200a2
00c3004e
ffc2002d
ffee0081
003b00cf
ffe9ffd8
0019fffe
fee1004d
ffbb009f
ff6b0026
ff2b009b
00570030
00cbfed5
ff93ffa3
fec60015
ffb7ff7d
00b3001b
0044ffd7
ffde0063
ffe1ff73
fef80102
fedf0095
002f0062
fffb0080
ffa6fff2
fed9ff26
006f009b
ffe100f9
ff74ffc9
0059ff26
01a200c7
001200b5
0084006f
0075fe9c
fff8ffd8
ff7cffe1
ffcdffa7
006dff52
ffc1ff5c
ff2d007b
00b1ffba
ffe700e2
ffabff6d
001dff2a
ffac0015
ffc4ffba
ff7affc3
ffe8ff66
00a8003a
fffc00ba
00520153
005cfe6a
00b00002
00af0105
0026ffc2
ff6200b5
ff21fec5
00090037
ff50ff8b
ff42ffbf
ffa9001c
002dff0d
ffabff37
ff13ff4f
002a0085
ff76ff35
febcffc0
0061010c
ff1bffde
ffa60005
00020172
fe7900d0
010900de
ffc8ff87
ff5effde
002600b2
ffe40024
ff95008f
ff74fff8
ffcefe85
ffdd0027
ffc2002d
ffb9ffd1
ff560011
00e70152
ff37ff72
0060ff98
001c0078
00500010
002e00e7
ff79ff41
ffff0064
000800ef
00f00035
0051fe5a
00dfff3e
ffd8ff8b
0010fffc
00070090
fff1007c
ff78ff85
ff6c0018
ffe7ff72
00a6ffac
ffbefea3
fed5fe5a
fff5fedb
0137ffc8
ff6b0117
ff54ff67
ffb3ff82
008c00fd
ffd5ff95
ffd2ffd4
ff69007a
ff7cffa2
fef400ba
ffbbff6c
ffcdfea7
fff50059
0169fff5
0048ffa8
ff9600c9
ff630047
005300b4
00340077
fff4fec1
01650064
ff6c002b
fff70071
ff9d005d
ff300086
00a0008a
012900ea
005100e1
fe500078
ff3400a5
0078ffcd
ff9e00bf
ff760109
ffb9003b
01410069
0153ff71
0189ff79
ff53fec4
ffa8ffd0
00ff00fd
ffcd0012
007eff1c
003cfe1e
ffddffbe
fff8ffc6
ff4600e9
ff930054
00a9ff9e
ffda009c
ffdcffb4
002aff3b
007fff41
00c80069
ff73ffc8
ffbcff73
00a9ffab
001c0060
ff0fffc2
ffc6002f
ff5fff8f
ffacffd0
ffe0fee9
0051000e
ffe1ff2c
004fff2c
ff7e0093
ffbd0006
002900eb
0106005e
0065ffe8
0061ff6c
fffc003c
007fff1f
0082fee1
00e9ff40
00b6ffbf
0050ff67
009dff6c
fff200f5
01a9ffdc
0018ff3f
ffbcffe6
0013ff9b
fff0007a
ffc80031
ffafffb4
ffca0054
0049ff89
ffa3ffd4
ff650023
00ecffda
000cfff8
ff58ff8e
00e3ff59
01290075
0060ffe4
ffb8ff5d
ff45ff13
00e5ffcf
000b005c
ff4f0013
0054ffcd
0028000c
0043ffc3
010bfee0
007f0040
0028ffda
011cfe13
ffcafed7
0094ff88
0010003b
ff890014
00d70044
0018ffa1
009c0110
0019ff8c
ffbafe68
0157019a
00d5ff7e
00c1ff4b
ffd4ff22
01adfefe
0099ff5a
002bfebe
ff87fff7
ff5fffd7
0046ff81
00990080
ffd9ffd8
0002ffa1
00ffffc7
00400087
fffafff9
ffa50026
ffb7ff82
ffcbff47
00e7ff54
ffa9ffec
ffdaff69
012aff86
00af00cf
ffab007d
fef2ff3e
fe6e0031
00400039
ff27ff8b
002800c6
0141ffba
0027ff46
0034fff1
fffbff03
0054ff61
ff72ff76
ff54ff4f
ff9cff77
ffdeff4e
ff380026
ff5600c2
0052004c
008000df
ffe7000f
ffec00b8
0028ff6b
fffcffbf
fdb9ff6b
ff3e00aa
ff88005c
ff8a0021
0191000e
ff1afff4
ff590080
011900f9
00a80084
ffc60008
0025002f
ffc1ff76
013d010c
0040ffd3
ffe30017
004900aa
ffc900eb
ff4cff83
0002009a
ffeb00a3
012100de
015cffb3
ff2eff5f
002fff45
ffaefefa
0023ff8e
0139ff9f
ff10ffb8
002a0056
017dff64
ffb500a4
fffe004a
ff8eff4f
fec9ff63
ffceff19
0023009e
fffc0000
ff720023
010bff8e
010e0007
ffbeff98
0012008c
ff9d0101
ff0400f6
00d800cb
013c0041
ff80fef4
ff31fdee
00e3009d
017d0034
ff57ffdf
00e0ffcd
00caffc4
015300a1
0030005f
ff2300a3
ffcb0155
ff4d00fe
ff6fffd1
ffbdffbd
ff7bfe6f
ff0a0030
ffa00069
011bffcd
0078ffd2
0003ff94
ffc80045
ffa300e7
fe9cfffe
ffea0042
fff6ffa2
007cff91
00f9007a
0052ff4c
001eff24
feacfff1
00df001c
ffefffab
007fff59
015efdf9
00d5ff69
fec00181
002600bf
00230067
fffc0111
007dffb2
ffb30052
00d20076
002a00fb
007d0047
015bff6d
ffb9003f
0071ffc3
ff38003b
ff44ff6a
0019ff5f
0094ffc1
010b0079
00320050
ffe2ffbf
00630092
0123008a
ff5e0081
00b2fef8
0031fff7
ffef0033
0003ff94
ffeeffb3
ffc0ffcd
fef60012
00140098
00da0007
006dff22
015700cc
001e0068
ffd800b2
0041ff2e
007cffec
001a000c
ffb7ffa6
ff1a00d2
fff80085
0075fe7b
009900c5
ffa9008d
004aff29
00430027
009affb4
ff71005a
0081ff35
ffb8fe9c
ff460035
0077ff8b
0083ffae
0083ffe7
008900f1
00420075
ff9d001a
0042004b
ffc8ff32
ff6dff4c
ffcf0121
ff7eff79
ff9dff38
fffd00a8
ffa80118
ff40ffd7
ff98ffe2
ff1c0014
015f00a0
005d00d9
016d00b0
0001004d
ff9cfef6
0033ff36
ffcdffb8
00daff9a
ffabff7b
ff0c0019
007200d8
ffb0fee5
00210052
fef00014
002f003c
0059ffc0
0005ff88
ff9f00a1
ffc70043
00df001e
ff25ff97
ff60014b
ffcc0035
00dbffab
ffcbfeca
0104feef
0041ffe7
ff68fff3
ff9a0247
fe96007e
ffbcffc4
0091013c
003d0063
ff530002
ff160156
ff710017
0040ffc7
00ffff93
001cff69
00260029
ffd3ffcd
00a7fed8
ffa50005
009b00ea
ff210011
005300ac
ff9eff4b
ffd500b2
0135ff48
ff7afff4
ff7200f8
00a40056
0074ffdb
009eff3c
fedd006d
ffb5ffc3
00ebfff0
feee00b3
0097009a
ffe0000d
007c002c
ffd4fff9
fe940053
ffab0088
ff90ffb6
ff8a0084
ff600079
00360010
00b00100
fe5effea
ff05ff35
ffbaff0e
00b8ff36
ffcc00cd
00db00f2
0072ff24
fff6ff70
005e00db
ff27ffea
fffbff08
ff93ffee
ffed0063
ffec000c
009fffba
ffb40076
ffbb0069
fe460007
fe490000
00d1ffca
fe96006a
ffad0025
ffdcff86
ff8dfeee
0011ffe5
ff01ff74
ff24ff54
ff8a007f
ffa400c3
ffcd0060
ff56ffdf
ff9affa7
005aff74
009cffd0
00dcffd5
ff9fff22
ff390051
ff72ffbc
00050018
00a9ff3d
ff4f001e
ff970033
ffd40024
005d0105
ffca0116
0082ff5a
003700de
0028ff6f
00f20065
ffde0006
00ceff72
0049002a
ffc9ffcd
003b0071
fefdff43
ff40001b
ffe6ff3b
00290023
ff8d003f
0019ff7f
00a2ffbf
fe89feb3
ff3fff41
ffd1ff24
000afffa
0008001f
0066000d
ff4e00ff
010a0185
002cffb0
ffd80127
00310046
0041ff94
000d00e1
001a00cc
0000ffbd
0081ffe5
007b000f
006c002e
001c0045
00f9ffcf
ff06ff2e
ff64ffea
ffa20069
0097ffc3
ffd6ff48
0036fffb
fffa0099
fffe0024
00790050
ffe8ffaf
0032ff28
ffa7ffdd
01a600b4
fff60018
fee3ffe7
0012ffab
0079ff34
007dff91
00b8fff0
002d000d
ff1cff96
fffe0004
0148ff8b
ffaa005b
00ccfffb
ff9a011f
ff59ffc8
ff21feab
00a1ffdf
0016005e
ff56000b
ff66ff9c
001dfffe
0068006a
003dff5c
ff3cff1b
febfffb0
ff9fff6d
ff55ffa9
ff4d006f
00c800ae
ffeb0022
00a4ffbe
002dfff8
ff4affa0
ff39ff3f
006300eb
ffdeffe9
fe3afec7
00740063
00cfff94
ffe6003b
009700bd
ffacffe1
0057009c
013a0024
ffe10045
ff57ff1f
006aff50
0114004c
00950093
ffaafff5
000100cf
ffc0ffef
ffb3ff8b
003effcc
00d8ffd3
013affe9
ff8fffdd
fe97010a
000f0075
00c30002
ffaaffee
ff9eff21
ff5effc1
ffa700a9
ffdeff69
ffb7010d
fef0ff25
00c0ff60
fff0ff62
ffb2ff59
ff97fff1
0033ffa0
ffc70010
001eff0f
0061ff64
ff35ffd4
0075ff4f
ff95008f
ffb5fed8
ff940017
ffa0012f
ff41003a
ff4a0036
ffb4fee2
00ca008a
ffd50045
007aff64
0102ff6a
fef8ff80
ff3a0092
ffe40018
0068ff3e
011effda
fec5fffd
fe56ffb2
00370012
0039009a
00230015
00fd0066
feeefeee
ff51ff32
0066fff9
0064ff38
ff8dff7a
00c6ffbb
00400034
ffe30029
fff5ff98
ffe1006a
00bdfedd
ffeb0035
0065ffa2
008cfe64
002a0028
00b900db
00840011
02280010
ff88ff8e
ff78ffc9
ffa3ff8d
001bff7e
004900b2
ff90fe87
fefc0010
00e300ef
ff9000a9
006cffcf
0034ff24
0057ffc5
fffdff10
00a3fe83
ffe1ff3e
fe890117
005cfffb
0002005d
ff5dffa3
008900f4
00e9ff36
00b00185
fe9fffd6
ff81fecf
007bffe6
ff810064
009400f6
fee00027
ff6900dc
ffe3006c
ffa100c7
0058fff3
00480058
ffd6fe99
008bffbb
fedb0017
ffd00008
000e0040
ffd6ff6a
ffd7ff73
ff220094
006600a9
0061ff7d
ffc3fff9
00c20080
ffb00086
ff4cffb4
0131ffd9
ff760046
ffe7007b
00270102
ff73ffa9
00b8001c
ffed0154
ff63006d
005aff97
ff6f0028
0138ff80
ff340003
ff500071
ffdf00e9
ff5800f9
00240006
0059008b
ff48ff33
fffd0033
012ffff8
fef900ad
015400d4
ffbfffba
ff30ffea
016500fb
fe370068
fff90116
010e007e
ff760119
fee9002e
ffaf0035
ffc6005e
ff800046
ff510002
ff5b00d6
ffdc00ac
00f3ffe7
00030189
fff5009d
0069ff7c
fee801a6
0031007f
003e0077
0050ffd5
fec8ffb9
0089ffe3
0112ff65
0037005d
005affc8
01030075
ff720090
ffb7ff8a
001400df
ffc0003b
008b0011
0054fff1
002a0058
005600e9
ff8affa8
005c00c6
0012ffa0
ffb6010f
ffd5009f
008f00b7
ffb8ffc3
ff3a00b1
fedf0048
fea70069
006dff9f
ffbb00b9
005100ea
ffd30065
00080115
0122006b
fed5ff21
0023fff1
0113ff7f
00a70000
00ceffc5
ff2e0014
ffd6005f
ff5cffff
ffbe00b6
00720080
0054ffe4
ffb1ff1c
00520151
00cbff81
0001ffe8
00820088
0049ff10
ffc000a9
008c005f
0013ffc5
ffb2ff2e
0002ff8b
ffa3ff0f
00dc006b
00f9003d
ffcb0018
ff74fff9
ffe5ff02
ff69ffe1
0066ffd4
007200c4
00f8001a
fe68ff80
ffddff98
00dbff3f
fed700c4
00370047
ffc4002f
fef50025
ffd1ff51
ff3700d3
febcff45
00b5ff19
00940026
ff56fea6
ff430052
0016006e
ffcd002a
00050155
0096ff27
ffe5ff37
ff97009b
002afff5
004aff1f
ff02ffef
ff7f00b2
ff71ff5a
ffd90165
feba0196
feba00f4
ffe7ffda
ff5e0042
ff6dff08
ff82000e
fef800a8
003dff37
ff38ff3c
fe8dff09
ffdc003f
ffd1feb5
0062fefd
005dff95
001b0025
00710034
0025002c
0069006f
fff5ffb9
ff9cfe87
ffe5fec4
ff7dff8d
ffcc0053
012f0015
ff8c005d
ff12004f
ffcb004e
ffc2000a
ffee00b0
ffaa0095
ff450045
011200be
ffcb0022
0001ff64
008c0086
ffbaff0d
0072feff
0038005b
ff9dfe7b
0047000e
007dffdf
005cffd1
ff24fff6
00bb007e
ff650144
ff720047
015c00b5
ffc6ffff
00130031
00e80036
fff10056
ff0cfee3
00e80038
000a004a
000cff93
0009ffcc
ff1affa7
ffef01bd
ff850148
fffeff52
0019007e
0046016f
009900e6
ff00ffb5
ff72ff5d
00bdffde
ffa5006d
ffa1007d
0019ffae
005f009a
ffbffefb
0007ff6d
00b40035
ffe90089
010eff12
001c0064
fed70038
00430088
ff950055
014aff1c
00080017
0010ff96
ffe80028
00f1ff3e
008f0032
ffaf0044
0075ffb0
fefb0090
007cffc8
fff8fff8
0041013c
00910038
ffc5ffa0
fef8ff92
ff5500df
003b0014
00ecfffd
00680040
0052ffed
0030012f
ff0d0028
ffa0fff6
006cff08
0026ff21
feef00bb
ff57ff11
00600056
ffa8fea2
fff0002b
0084002f
00a400dd
ffac00e3
ff49ff67
ff3bfed9
fffbff58
00ddff49
0070ff4e
00710174
00c6004b
00f2ffce
00510057
fef0ff64
ff57fff6
0065005b
00500065
0038003a
0009ff5f
ff3cff8b
0017ffe5
00010071
ff9eff9e
0052000a
0068002a
ffc000fc
ffe300c9
ff54ff67
009b00e1
ff8e0035
ffccff73
012bfede
008d008b
fee20086
fedaffda
ff1900d0
007cfff6
ff86ff5f
ffd2ffa9
00dd0074
ff730099
ff92fff2
ffe6ff87
ff3cffdf
0019ffc5
004efed8
ffe20168
0058ff1d
ff2a0019
feee00a2
0007000f
0004ffde
002bffda
ffccff92
fffe0097
0049002c
ff85ffee
0013ff2f
ff3bffb4
004aff84
011a0113
ff51fff7
fff7ff80
ff8300e3
00170186
000c0021
ff68fe68
ffe4ffae
ffd9ffc7
ff6bff6f
015bffeb
00aa0086
000b0058
0094002f
ff1a0056
0010ff54
ffd0013a
01b900a3
ffc4002e
0015ff99
0029fff3
ff52009b
fef5ffb7
0070ffc9
00b2fecd
0087014d
008c000c
002b00d9
0045ffeb
ffe5ffba
ff7aff1b
0028ffbb
ffb9ffe5
00d90033
ffc3ffc5
ff4f0001
ff2dffaf
ffc4ffba
ff8dffcd
005c009c
001e0053
fe59fec9
fffd0048
ff19001e
ff480099
ff69ffe9
ffa5ffb7
fef50064
ff8efff6
0088ff88
00de0053
fee60037
0040ffb4
0051ff7d
001bff84
004900a6
ffe4003e
ffe300c8
fee900f9
ff9cffae
0053fead
00a300cd
feee0155
00ceffbc
0074002b
feb9ff86
fe56ff5a
ff98ff6e
011afefa
005fff42
00f10127
01700020
00e6ffed
0037fff2
003c00cd
0007007e
ffb8012a
ffedff2e
007cff67
00550154
ffcdff55
002efed4
006400d3
ff630153
0058ff9c
ff3cffea
007c0019
fef3002f
ff7bfff3
ff5dfff9
0026008f
0015004b
008700bd
ff990000
ff51ff08
007fffbf
fef3ffe9
ff93ffe2
ff7800a6
ff230095
ff2c0105
00d10019
fee000ad
00050029
ffc3ff4a
00ba00c7
006c002d
00a2fffc
00ceff74
006800ba
004f00dd
fe0eff7e
fe9fffe8
0027ffe1
0041fec6
000cfec7
001fffcc
00a30007
fff1ff21
ffe40078
0072009e
ff6b0103
ffbd003e
0079ffff
0085004e
00b6ffb3
01d00101
ff9c0088
0090ffc1
fff40108
ffd3ff6a
ffa5ff9d
ff9300b2
00380009
ffbc0063
00f7ffe0
0019ff76
00adff1f
00d8ff7f
008d006a
ff10fede
ff65000a
004400be
fec2002c
000bff2f
001b006d
000b004b
ff6eff16
0060ff42
ffe3ffbe
ffd6007a
0091ff25
0027002d
00470071
00e0005e
feee0085
ff8effae
ff24ffb1
00480106
004700ad
ff7e0005
0003ff44
ffc4ff3a
0079ffbf
0012ffef
fee4ffbd
0070ff68
ff870033
0051ffd9
fff2005c
ffd9fffa
fff0ffd0
ff11ff55
fe4eff75
003dff92
007f002a
ff9900f5
ff3b006b
00b9ffef
0004fe45
ff62ff2d
00c0ffd8
005bffbf
00d1ff18
000e009b
ff96ff11
004aff78
ff6c0037
ffc3ff76
0059000f
002aff70
ffe900f0
ff3aff36
00180026
ff19fffd
ffce0078
013e0030
004d0001
ffe40067
ff84ffcc
ff920013
ffeb0009
ff9efef5
0027ff51
ff93ff81
ffacff8f
ffeb008b
00880025
0083ff22
ffa9ffcb
ff97fff2
00bdff8b
002b0012
ff780052
fff10037
0010ff2d
005d009a
0041007b
00c6ffec
ff210069
001aff93
00060047
ff6fffa5
005800a7
0160005e
ffb30017
00c9feda
ff5600a9
fe27ff56
000dfe52
ff4b01ea
00a9ff4e
ffa1ffd9
003aff92
0057ffb2
feedff6f
ffc1ff13
00cb00b3
0053fffa
ffe9ff4c
ff540025
002c0054
ff830032
fee300de
001cff88
ffecff35
00ac00bf
ffbbfeff
0013ff47
0022ff5d
fee5ff94
001a00a3
011fffa2
007100fb
ff25fff2
0049fffc
00aaffc5
001afebe
fedd0016
ff8d0051
0094008a
ffab003b
ff8c002a
001d00fd
00fe01cd
ffc7013c
ff7a0056
0072ff69
ff70ff0d
fff2fff0
0088000a
ff4fff96
ff08ff7c
00a5ff34
0058009a
001fff10
00380006
008bff9f
ffd1ff86
002e0055
ff65ffe1
ff270062
ffe3ffb7
00d00083
fff3003c
ff49ff94
009dff3d
ff21fefe
ffac000e
ffdfffc9
00a70026
0100fffc
00420093
0142ff67
009aff5c
009eff64
00f6ffa4
ffc80000
ffc6000d
00b8ff69
00810031
0026008c
ff7100a8
00400075
ffeb0050
ffdf014e
ffb1007b
ff2b00c5
ff760139
00620156
ffda0056
ff55fff0
ffddff85
00aeffb5
ffd6ffce
ff90ff07
ff2100f0
ff7000ae
00c3004d
ffd2ff96
003aff21
ffaeffd3
ffe50063
0016fff3
0028fee0
0002ff42
005900fd
ff560080
000b0004
ffc700e1
ff96ff6b
ff620089
ff7bff86
ff4dffd3
016f013f
0133ff4e
ffee0052
00b1ff79
ffff0023
ffe80139
00490164
00670036
0019ffc7
003b0042
ffbb0089
00a0ff4f
0133fecd
00a60107
002c0061
007efff0
00b900b0
00e1ffd7
0083001c
013900a6
ff18ffa7
0068fee0
007e00b7
ffc20023
00d0ff3d
00f4fe51
ffd3012f
0024ffe0
004fff96
0031006f
00090082
ffadff94
0005fe54
00ad0094
0026ffdd
ffb2ff70
ffe20019
ff5600e5
00f5012b
00ad0022
006dff9f
00e50062
0081007a
0122ffe2
ff85ffb8
ff5fffb8
008e0058
009dfff1
ffd6fef7
ffb1ff8e
ff6fff82
ffef0038
00c9ff18
00a6ff04
00940058
00d20022
00700109
0011ffd0
001b003a
003c00e2
00750067
ffff0111
00dafef9
0063ff49
ffa200a5
ffebff4f
01ec0000
001200d6
005700db
ff38ffe6
ffdd00e8
ffe4fefe
ffac00ed
00baff9f
fff9ff83
ff4f0118
ff16ff96
0098ff9d
ff5e00d4
fefaffb6
ffd3ff72
ff82007d
0023fe95
00b1ff9f
00d8005f
006f0000
01300084
ffe7fff6
ffa8ffea
00290003
011ffed5
00d8ff72
ffadffc8
0033006e
0068ff7e
fff50115
ff65005d
000eff9d
00c1ff6a
ffdd00aa
ff17fff4
ff6bffcc
ffd4ff7c
ffd00096
fe92ffe3
ff31ff69
00a100f8
007b0016
ffd10044
00dd003d
ffff0105
ff14fff1
fec10073
fff8fe30
ffea0032
0065ffc3
0078002f
ff970178
ffc7fe42
ff3d003e
fff7005d
0036ff9f
ffd10063
00e9003e
ff530096
ff2b0036
ff56001d
ffbe0138
fed9003d
ffac000d
fff90054
ff5f0066
0020ffb9
fe8ffe77
ff52ff7e
0029ffca
ff1eff5f
00dcff45
005200b8
ff1cff1c
ff8affd9
0032009d
ffe20043
ff77ffab
000dff35
ff3c0076
ff950122
ff27002f
0055fff4
009bfffd
ffdcff26
0071ffcc
0059ff65
ffce0037
0016ffb3
ff5b0077
ff710186
ffbc0005
0037ffed
0034001c
fe54ff9f
ff5bff77
ff0901ab
feb9ff35
01dc00a7
ff640014
fecf00c9
001400fe
ff83ff08
0012ff5a
fee0fff0
ff1a005c
008aff1b
febeff40
ff94fea4
00aeff9d
fef4002a
ff13ff32
ff4afff3
ff720077
0027ff8c
ff420023
ff900012
ffea00c1
004efff5
009dffde
fee90006
00b00077
008c00f1
004fffe4
00ca00e2
010aff32
fff900e0
fe2dffca
ff01ffd7
ff230000
005bffe2
004cffd4
ff170027
fffb0054
009dff72
fffa0033
00280007
ffd5005c
fef5ff89
009dffc8
010e0045
ff1100ae
007c000e
ffc7ffd5
ff33ffd1
ff29fed4
fffaffc3
0032ff9d
ffd0007c
00630049
fff6007b
00d000fa
004f0006
ffa90011
ff5eff6f
ff69ffe7
00b1ff36
004eff57
fffdff86
0082ff8f
ff1e002b
ffbe0030
ffca0054
003e0013
00cd008c
fedf007c
ffe100a3
009b000c
0022feb0
ffe0ff9a
fef7ff86
ff790058
ff180085
ff92ff80
ff78ffa3
003501a1
ffdcfff9
002cff73
ff13ff8d
ff9dffdf
ffc5ff48
00beffec
00930095
ff5effda
00b10069
ffc800f9
00bc00af
00be00a5
ff8cffde
ffbcffc0
00330165
00dbfeee
007cfefa
006affec
ff9ffef3
ff06fe89
00c30131
00740056
fe930026
00db002e
018cffc7
fff3ff19
ffddff92
001dff21
00c0008e
00a20001
ff740013
0110ff8b
0199fff8
00db0050
fffd0072
feafff29
ff460098
ffbafefc
ffa2ff25
00b60053
00a60004
00d1000a
005cffec
fff100ad
fff4ff8f
ff650021
ff3d012c
0026ffdf
00dcffdc
0161fff0
0018002c
ff10ff3b
ffee003b
ffad005d
0037ffa8
0163ffc3
007cffec
ffe0ffb0
ff1ffedb
0035fe25
00260097
ff510095
000aff07
010f0081
005a0003
ff5aff97
fef7ff81
ffc60070
ffee0176
001aff21
ffa6ffc5
00c2ff8e
ff58feee
001bffd1
ffc1fff5
005effba
0087ffb2
ff7900f7
fee80173
009afffe
ff6b003b
ff83ff79
fff2ff86
fde4ffaf
fee5004c
00ae003f
ff29ffc3
004dffab
ff950079
00110068
ff7500bb
fe4100a8
fe83ff63
0034ff1f
002dffa3
000efec4
00c50059
ff2c01f6
ffc5ff50
007000e9
009bff6e
0075004f
002c00a5
ff260033
000aff02
00930004
0084ffd0
ff58ff74
ff6bffae
ff2eff2f
ffbaff8a
0017fefe
ff7afec7
00970067
0065004e
001efff6
00cc0056
007cff70
ff7800df
ffe3fffc
00b1010d
003b00a9
ffaaff8d
ffbbff9a
0090ffcb
006dfffd
ff1d0072
008bffc9
ffb6ff87
fef1002e
006f00aa
005bffbb
ff5effce
ffa0ff87
00700017
ffe1ff84
ff26ff68
ffab0153
009effe5
ffb0002a
002d00e6
00a8ff4b
ff73ff8c
ff69ffa0
fff20117
ff8dfffb
ffd4ff2c
ff6dffd0
ffc8ffeb
013b0135
ff230060
fee1ffd5
0155ff74
000c00e8
fff5ff21
0020ffe4
ffba0010
ffe4001e
00f6fffd
010f012d
014c003d
ff890085
ff24ffd4
ff7f00e5
ff7900b0
0041009c
00af0014
fed90088
00150095
00080018
feb7ffa5
0016ff07
ff6a00b3
00e7001b
00cefff3
ffc0005a
006d0065
ff9800bc
fff700bd
ff2efff8
0079ffb7
fffb00e9
004aff9c
00ce0075
ff9d0018
fe93ff23
ffc90118
ff7f000b
0085ffbc
00bcffe6
ffd2ff66
001a0094
ff470029
00cdffd0
ffda0086
ff340108
01230021
0036ff34
00f2ff80
ff3effe5
fff2ff8b
0123005a
007bff61
fff800b4
0033ffee
004e0027
ff4ffef1
00b6ff55
008cfede
fe6fff69
fef7ff4b
ffdd00d7
fff501ae
0022ffdb
000cffa0
00560067
00caffbf
00d000cf
ff54fe8b
0056fef2
008c00dc
004e0003
000200fc
0027007b
ff4f00c5
00e80014
007bffa4
00c9ff1b
0020ff63
005d004b
ff60002f
0079ffec
006aff0a
0034fec2
ffcd0047
fffa0058
00b4007c
00af0085
002600bc
0133ff44
ff44ff2e
ffd700b7
ff9cffdf
fefcff6e
ffceffd1
01180072
00b3ffd5
ff9a00e1
001e00c1
ffc1008a
ff7a009f
ffb2012b
010a00a0
ffafffa8
fee4ff4e
00af000b
00b00135
00d50028
002d0087
ff7400c1
00a8000b
ffe00020
0035ff78
ffea00ad
0012003d
ffdaffc7
004eff70
00f4005f
000b00cb
011d001b
ff750024
ffe7ff87
0073007f
00560005
fff6fff5
006dffe1
005600ba
ffdbffb3
00400055
0061ffe0
ffa9000c
ff1b0089
fffd0063
00bd00ac
ff3fff70
003fff71
0063ff6e
001dff64
ff2a002f
fff100fa
fff3008c
ff52ffa8
fe0efffe
00cf0054
002d0045
010500d2
00e8000a
012affdd
fef9ff76
ffcd0049
00550029
feb4002f
ffdeff4a
01200077
006800c5
ff60ffa8
ffc60019
ffd9febf
00930029
0036feab
00470082
ff1700ce
ffd6fec6
ff4aff65
ff85ffbc
ff0afffa
004b00c5
00e100d5
00bbff0a
0083006c
00800031
00edff40
ffa5002a
ffb4ff2e
ff360085
007cfff2
ff80ffc9
ff560102
ff7900e8
ff4c0029
ffd9003d
00bbff91
012bffc5
01160077
008bffc5
008effcf
0011005d
ff2e006a
00cb00dd
ffc5ffed
ff79ff77
0088ffbd
00700006
ffcc0095
ffc4000f
ff90ffb0
002dffe7
fea3ff5e
ff24ffe3
ffdf0028
ffb4ffda
000c0031
004dffbf
ff8f00ba
00680080
feb1004f
ffe2ff0e
0054ff4f
003effb6
ffb20051
ffc6009c
0050ff01
ffef0071
001c0019
012c001b
002effb6
004800dc
008fff7f
0020ff63
ffd600aa
005affd7
008cfe90
005d0007
ff8b0011
ff43ffa0
0029ff5c
007cffbc
004c0015
00010131
007bfedf
0081008c
ff940042
00acff32
0013ffc3
ff3cfea3
ffa9ff66
fffe0103
0014002d
002eff6d
0083ffa6
ff14002d
ffce0071
0060ffad
00920027
ffdcffd5
ffc4ffbe
00100059
ff3800c2
ff12012b
0007005d
ffa8006b
01b3018a
000b0047
ff3900cc
00f70076
ffd5002a
009aff49
0106fec8
004c003c
fecdfebd
ff030074
ffe70086
ff02000c
ffa6ff71
00e9ff2a
0014ff2b
fffb0094
ffd300bc
fe9b0089
ff2c00f7
0028ffa4
00c80042
00a10043
00dafe72
00c70039
010d0021
fed1fefe
011d0067
01310010
00b4ffe9
0099ff35
0050001d
ffb1ffd1
ff0eff48
009fff07
00570010
ff10fecf
00d6ff0a
0019ffe3
01d300a1
00d300b7
ffd9fe16
ff9f0046
ff8e002a
00c2ff22
ffd60195
00a9ffd3
0047ff52
ff880007
ff78fe4f
ff8ffe2f
0138002d
0145005a
00c2ff47
ff90000f
00a500f7
ff8fff40
016a0016
01f2ff33
ffedff2c
0102ff66
00730134
feec00b3
fff4ff70
ff8300f4
feb701b9
004b0014
fffffefe
ff510064
00b800ad
0101ffdb
0040ffa4
ffbbff08
ff99fff0
ff21000c
ffafffde
00570000
ffadff63
00cbffbf
ffe3ffca
ff9b008d
00be004e
ffeeffec
ffc5ffa7
00f0ffb2
ff27000d
0023ffb9
001600ba
00320030
fef1ff6e
ffe100b2
0206ffa8
ff80004d
ffbdff0c
ffd3003f
ffbe00ba
ffdeff7b
00300015
ff53ff52
ffecff07
001dff8e
003aff7e
006d0028
00d0ffbb
0060ff2a
ffd8ff85
ffbaff2d
ff4700ca
003e00c7
00d6ff17
ff5fffc1
ff9cfffb
ffc4ffc0
00bf0024
003c00c6
0091ff6d
0083011e
0046009d
ff95ff4f
ff87ffbe
fff9000f
011dfff7
ffcf006e
ff160186
ffd1ff64
0041ff2c
00bdff0a
ffd60002
0015ffe4
fe5f016c
010cff52
018200dd
008f0088
ff46fff8
ff530050
00cc0003
0040ffbb
0096ff94
ffb5ffa8
fff5feee
001bff55
008f00df
ff8cffba
008dffef
ff2f004e
00b8008a
0182ff18
0048ff38
00e8006c
ffc20060
ffb4ffd5
ffe5ffdf
fffaffad
ffab00a8
ffcf0035
0005ffad
ff3bfee2
001200d5
ff6cff75
ffef0026
ffbf0059
00db0032
00140075
fec6ff14
ffab005d
0061001f
00afff53
00a1ffc0
0088feee
00470011
fff90037
003dff79
00360018
fe520054
ffe5ffdc
00a2001d
00410051
00d9015c
00200085
ffc8ff47
0020ff5d
ff7800a8
00120036
fff90027
ff8affa7
014dff51
00a20026
ffa400cd
fffaff8b
ffd4ff8b
00270063
fff1ff1c
009dff48
0028ffac
ffa00015
0028004d
002000ab
fff0ff75
ffec0164
005e00b7
01c8ffb9
fffe0056
01b7fea0
00e1fef1
fed5ff78
ffe500f2
ff3000ac
00b0ffb6
fed2ffbc
00290132
002d002c
ff0c001f
014b003b
0016fffa
000a001b
ff8bffa5
00640067
ffbd0112
ff9fffa2
ffb1ff5e
ffd6fe87
000affbf
001e0155
00a50095
ffe00088
006affa2
fffffedf
ff73ff8a
ff210109
0017ffe8
00bf0001
ff6bff78
0092ff9d
006100b2
0010ffc3
ffb70073
ff39fff3
ff270094
ffc0ffaa
005a0013
0090fff1
ff5d005d
ff52008b
ff95feda
fee60085
fe4e00ca
005700cf
ff90ffd2
ff2a009f
ff3600a5
0065fff1
00100030
0057005f
003c0034
feacffc9
ff260031
0039ff9b
ff96ffac
00acff7a
ffaf0091
ff49fee4
ff0effa6
ffe7003c
0123ffbe
ff53ffc7
ffea004d
febcfe95
0039ffe1
ff3e0073
ff18fe91
0025ffbb
ffc5ff0f
00dbffb2
013a0055
00fb0032
ffd2ffef
007efff6
0049ff99
0050ff61
ff3d0117
0061ff85
00bcff55
00ea00ef
ffeeffd5
ff78008d
ffafffa3
00270056
fff5fffd
ff55ff77
ffb60080
ff81fefa
00a0ff86
ffb900a7
00340018
0070ff7e
004affd8
00ca00b8
0036fe99
ff9f0032
01120039
0049ffd3
00680002
001aff86
fe2dff9f
014cff8f
0075fff9
ffd6007e
0005ffe1
00ae006d
0113007d
003eff74
ff59003a
00f5ff37
ff9f0036
ff11001e
00c1fff4
00b50125
0033ffc2
007b0001
ff79ff2a
ffc30035
ff5d00ae
0064000d
00620023
ff03ffc0
ff7e005e
ffc50131
0052fff8
0002008a
00660034
00d3ffb7
ffd2ffac
ffdeff1e
ffdbffcb
004bfe3c
ffd5ffe3
ff53fff5
ffb8ffe8
00a0ff46
ffdd0069
ffe1feef
0066fe8a
009f0060
0076000d
001200b2
0014ffd4
feebff7c
ff0effbb
ff88ff69
00a0ffc5
ff45003e
004e011d
001b00bd
00210094
ffda0015
004eff68
ffcafecb
ffdd003a
ffa60002
00f3ffc9
009e005c
00080035
ff6cff85
ffb4ffde
ffb8005d
005c0070
ffceffe7
00570052
fff100aa
ff9efff2
001ffff8
002effc4
fff1ff8f
008b0013
0083ffdd
ffbaff4b
ffb8ffe6
ff8cff87
ffa4ffb9
014c004d
0016ff2e
ffdafeaf
002fff51
ff56000e
0031ff63
007b00de
009f000d
ff2e0039
fe6f00d9
fe550061
ff880001
000dffde
00320061
0079ff1f
011effd8
ffd00056
fffe00a6
00b90058
010b0110
007eff6b
ffa6fe57
ff4b0078
016a0020
0193fee4
0077ff4c
ffb900ff
ff60fffb
ff950077
ffff0027
ff38ff04
00ceffb0
00600005
ff44015d
ffc400b2
00f60021
ff70007e
00a10051
ffa20032
fff1007e
002e004c
00ae00c9
0094000b
0067ff9b
ffa5ffe5
00a20094
0046ffe2
ffe200f2
0026000d
00350024
ffefffdf
ff8fff87
fe0fffe3
010c000f
0071ffa6
ff3cffcf
0117fff5
00b7017f
ffe500ab
fffe0032
00f2ff1f
00e5ff53
00500005
008cfffa
01490012
003aff57
0000005e
003600a1
ffe5ffe7
00d9004b
00700008
ff7500f5
ff8affea
0080ff86
ffc8009f
fff3ff50
0043ff64
002f0016
01150046
0054ff22
ff650004
01730042
0053ff27
0029fed4
006efeb0
ff99ff02
ffafffb4
00bf013e
00d7ffeb
ffad0123
ff7a0020
ff68fff1
003dffa6
ffa8ff8d
00650055
00690094
008e00c5
003effc8
fff4002f
fff6ffb9
0103ffc9
ff97ffc4
00880028
012900be
0140ffc6
ffceffb9
ffd300fc
00f30076
ffc7ff80
00d3ff3a
008dfec1
ff73ff78
ffab0091
0009ff60
ffb5ff0e
ff75ff31
ff8c00dd
003aff4c
ff6f00de
00640010
0092ff52
ff8000df
0085008b
ff52ffb1
fea7ffa3
ff8400fb
ff91ff3f
003ffff0
002800d3
0059ffc3
ffa2ff17
00f7002e
00cbfea8
ffcdff52
fff00072
004e0078
ff72ffda
ff2bfece
ff8cfe24
ff98008e
01090002
00a3001c
ff9300d2
00ceffa1
00020096
ff2f0140
ff59005c
ff20fec7
ff3affab
ffc4ffb8
ff05fe21
0011ff74
ff880162
0010ff93
00caff82
ffc30102
ff9aff70
000cfeef
007a0081
ff9800c1
0032ff69
006eff26
009d0094
007bff13
002dff04
ffb3ff2e
0087ff76
002c00bc
0017ffe4
0079feb9
006a00b7
ffe2ffdd
ff51ff2a
ff12003c
003900e7
ffe10091
0081ff7f
ff8300e7
ffcf0077
ff4000a8
ffccff28
ff9effb7
ff720063
ffd7ff5c
ffb1ff98
00abffd6
004a00db
005dff58
0053fec7
002bff8d
000d00bf
ff580054
00e00105
007effbf
febd000d
fe7d00fa
00aa006a
ff60001e
ff2cfff8
ff570028
ffc2ff51
0003ff05
ffeefefe
ff8bffe7
ffee0041
ffcaffb4
fffe0062
002500f0
feefff98
008900f0
febd0039
ffeaff58
ffcd00ee
fee80114
ff9f0054
ff8b00b4
003dff8c
0041003a
00fc0022
001eff3c
ffdcffc3
0065ffb6
012f0111
0065001b
00040033
ffdc00eb
ffb1fffc
001200d0
00c4ff76
ffb3ffc1
ffcdffff
fffdffac
ff63ffd0
ff5f0076
ff0dff46
fffc008b
004cff4b
ff4fff36
ff18ff32
0011002b
ffacff74
ffa0feff
ffca0036
009b00e9
ff7afe97
005d00bf
00de00fd
feef00e5
009400e9
ffb60007
0043ff79
fe5dff55
005cfffb
00a9ffb2
fe2fff86
fe54ffdc
0004ffc8
0080005e
ff87feec
ff4aff9b
ff980158
00c10028
0022ff99
ff82ff68
00f1ff89
ffe700b4
ff15004f
ff4aff19
ffc7000b
008eff4b
ffb50064
ffbe00a5
ffc4fef1
ff67ff5b
005dffee
ffbc0077
fe74ffe4
fffb000b
002c003d
ffe2007a
ff8ffff4
ff08ff7b
fec40078
0017ff7a
0097ff83
ff83ffc3
00f9ffc1
ff2e0009
fefcff4b
ff59ff89
fffb0023
00720024
ffde00bf
fff300a4
009f00ca
0008005c
ffaafe9c
001f0051
00270062
fea5ffab
ffc9ffc8
fff90087
ffe90003
00280042
00480015
ff96ff7d
fef9ffcd
010aff81
0038ff73
ffc500be
00a4ffea
fffcff8c
002a011f
013600a8
002c00bd
ff82ffd9
0129ff89
0124ff54
0014001a
0052ff69
ff07000e
ff4700c3
013bff83
010a00d4
ff7a0028
00060116
002bffbf
ff3d0048
007600bd
ff9bff77
010c010d
ffe5ff49
0055ffae
ffb3ffea
ff590032
001c00d7
005cffb8
007a006a
ff42fecb
ffea0042
006dfef2
ffd7ffb5
ffd8ff62
ff65010e
005200fe
0097ff36
006a0036
003e007c
ff85ff06
0144ff4a
00040073
0004ff9a
fffaffc6
ffd90071
0141ff88
ffa7005f
fffe00d8
005aff31
0018ffd4
ffbeffb3
00a30077
00dbffc4
00160002
010cffea
002a0044
ffe400b7
ff44ff84
00360089
ff1effa5
fe72ff3c
ff9efee9
ff5c0039
ff8fff23
00e4ffae
ffe3ff0b
febdfe73
ff080009
ffecff99
0154ffdc
0148ff06
ff09ffa5
fe54fec0
ffc2fea1
ffd6ffa4
ff96ff3e
00dbfed9
fe8e0067
ff4bfff4
00ceff5c
00adffa0
ff8dffa8
ffa6ffe2
0045ff9a
ff91004e
ff4c0009
ff74ff48
ffaefeb5
0087ffc9
003bff99
ff3100c3
feafff6c
fe42feb8
0006ff3f
ff720135
ff1600ec
fe5cff65
ff46ff72
ffb9ffcc
00690004
002d0082
ff16004c
0013ff1a
00ec001d
00340093
0100ff71
009f0055
00120006
01750104
013e00a4
002bff0f
fffcff90
0058006c
0022ff8d
ffb1fffd
002900e3
011000c6
0037015f
0092ff28
ffe50002
0037006a
0052ffca
fff90030
00070060
004a00f7
ff6c00b3
ffb8006c
ffc0ffa4
ff580062
013600ad
00a1ffaa
ffbd0098
006b00a2
0058fff1
007eff5b
0078ffbd
fefe001b
ffea002b
ff860031
ff8affca
007bffa5
ffe2ff71
006bff46
0061ff6a
ffaa00a8
002f00de
0107ffe9
00b3ffa1
006c0005
ff7bffac
00d5ffb0
001ffeea
0026fff3
00c70033
ff22001a
ff35ff38
00c000bd
ff78ff82
ffcf001b
ff9e0025
006bff60
ffb4fefd
ffdb0038
00f3020e
00740047
0146ff4a
0054ffa3
ffcaff51
006bff87
00140047
00c5ffcd
008600e5
ff0100e6
ffd0fee8
ff780034
0110015b
008b011e
ffed000e
0121fe51
ff80ff82
ffb4000f
fe94ff1e
ffc1017e
ffd6ffb1
00b8007f
00b3ffa4
fe8cff6d
ffa80108
fffa0037
005a002c
fed8ff22
ffe70080
000e0012
ff6eff5a
ff87ff77
ff97ffb9
ffc600ea
ff760030
ff28ffac
ffff00db
001a00c8
00e20023
00bdfffa
0055ffd9
ffb00033
ff47ffd5
ff80ffd0
ffe60107
007d00b1
0079ffec
003cffb8
ffccffb8
ff8dffaa
0046ff55
01640044
0029ff0a
ffd5ffe1
00ce0059
ff6b0161
ff410097
00e60124
ffbd0053
ff8cff72
ffbbffd1
fe82fff0
fef200f5
001cffe7
fe2fffb3
ff3fff62
00780024
fff80053
fff3ff95
00850019
00feffec
005eff99
0046fee7
00cfffcd
ffe00018
004b0033
ffefff05
004c0026
01520042
ffa3001a
0064fffd
0091fe2c
000fffe8
005a00bb
010dffb6
01850000
0039008f
ffb6ffbc
00650054
0084000a
ffefffd2
0021ffda
ffbbfffd
000c0075
02060028
ffd0ffbf
ff09009f
0051007a
0000ff80
ff71020c
fffb00f8
ffc90120
005dff4e
ff3dff38
ffb7ffde
004dfff7
007e000e
ff2200dc
001c00e5
0099ff30
00fc00af
ffac009e
00010092
ff760009
fefdff2d
008a00d2
003401ba
ff730121
005c0030
00800023
ff960073
004d0075
0015002a
006affdd
ffca0051
002e0107
fe7200ce
ff39001b
001300f9
fe9e002e
00430055
008afeb5
ffbaffff
0138ff7c
ffe3fed2
00660084
ff6e0079
fffe008e
0064ff64
fe770022
ffedfef0
010cffc9
ff72ffd5
003fff3d
ff4fff28
ff84feec
ff62ff4e
000800d6
00630044
00d5ffd3
feabff7a
ffe9ffcf
fed400fb
ff2000d2
ffa9fed0
00b1006a
ff920028
ffd70050
007c018d
fff5005e
ffde0067
fed60061
00cdff27
0068ffbe
00b5ff9a
00060071
ff9600fe
00b3ff8e
ff45ffb8
ff1e0010
0151fffd
0040ff61
ff060098
ff64ffc5
ff3900c6
ff92ff9d
002aff95
00ab0014
005bffb1
ffa70067
ffb9ffab
000a014f
fe8effbc
ff97fef5
00480022
ff75ffab
0002009c
0005ffcb
fff9ff88
ff86fff8
feb5000e
ffbe006e
00230122
fff00038
004f00ff
00c5002a
00d100e4
ff850119
fefc0011
ff9bffc2
01950015
ff7eff90
009dffb6
00e30007
ffa0007d
ff4e017d
feca0030
fff40027
010cffd8
fdf8fe14
0051fff4
fffb0009
001bffca
00110146
ffe500d6
006a0001
00f40071
ff4600cd
0015ff81
009000af
ffc60069
ff7100a0
ff94007a
008a006f
00bdffbe
ffcafff0
ff7c00a0
00680020
ffda002e
008800d8
016dff4f
00640106
0091ffe1
ffe5fed1
007d00bb
ffe7ffdc
ff3aff9c
ff9b00b5
ff6500d7
ffefff7d
0104ffeb
ff1500a9
00410092
009d00c0
00120003
ff5c00e0
0008fff8
ff72ffc3
0094003e
008afffb
000300f8
00d6ff73
ffd2ffe7
ff1f016a
fee00077
ffe60056
ffc5001e
00cdffcd
ffdaff1f
ff680024
ff9c0007
ffdc0076
00edffad
00950021
00d8fef9
0110006b
00130058
ff14ffad
0019ff3c
006efff6
00160001
0022ff13
0104003d
00e6010c
ff4e0001
0088fef9
0080ff7f
ff98ffe2
ffd8ffd0
00930089
ff46ff3c
006c0045
ff870074
004800c5
ffa1ff5d
ffe90055
ffe500b6
0041001b
00a3ff2e
00370073
0084016a
001fffb3
0157ffc6
fff30054
fef60043
ffdeffdf
ff94ffad
002f003a
013900f5
011bfe9a
011d00aa
ffdd0051
007a0104
0054001c
011fff12
009e0033
0008ff5b
ff55fffc
ff4cfffa
00030060
000000b2
fffaff81
0014001c
00beff95
ffd4001e
ffdcff85
ff850026
00650028
ffc70111
ff3f019b
ffbfffaf
ff9bfec7
0037ff9d
ff6d005d
ffc6ff98
005e00a9
0060ff5c
ffc4ff37
ff760016
00f0ff92
0023008c
ffdfffd3
00750000
fff40101
0059003b
ffdfffbe
fff3ff4e
0027007a
fe850080
ffdbffb6
00d10018
001e00a1
ff640098
ff96febd
00effeea
00d80094
fe570057
0075003b
002c00a9
ff86ffec
fe71005f
004a006a
006d004f
00850089
ffda0020
ffc90022
001c0012
007cfff0
ffc6ff84
ffcdff4e
ffad002a
fed000a9
000cff14
0045fe6f
fff6ff14
000cfef8
00cbff21
008dff56
003b0050
ff5bffa2
ff50ff1b
ffdc0019
006cffc4
fea0ffb0
0024ff96
0229ff80
00e2ff48
0139ff14
ffa3feb3
00eb006d
ffc70050
ff64ffc0
007c00dc
00510083
00260086
fff0ffe7
fff6ff5c
ff88ff8d
009e0098
00190045
0097feae
ff46fecf
fe96ffc7
ffb100bd
fff9ff46
ff0f000f
ff9f00f6
ff3efe5c
ffa1ffed
0042003c
008cff80
00390008
ff61ff79
0005ff90
fedfffdf
ff0dffc3
000affec
ff2100eb
004e003d
fff3ffdf
00e3000b
009affa8
fe78ffa2
ffcf0013
00210017
ffd2ffcb
ffeaffcf
00030187
007d009c
ffac0080
fff00053
0042fff4
007fffc4
ffc00095
00080063
ff96007c
00090041
ffd7ffed
fff90068
ff55004a
0058ffeb
ff50ff91
ff8100d9
ff99002f
fef30009
ff75ff76
ffa60008
007900e5
ff68007b
fef9ff87
00c0ff84
ff810042
ff340040
000dff96
ffbaffea
004aff7d
005000a7
ff920070
ffce00de
008d0188
00990228
000c0106
00c3ffc5
ffc900e7
ff63004d
01220013
0045ff35
ffc3fec0
ff72ff83
000e00d5
fef7ffcf
ff97ff6a
ff93ff38
fef8ff26
fff80040
00e4fe7e
0012febc
00bdffce
fece00ce
ffcb0059
0067fed4
ff22ff7c
ffeeffa0
ff48ffb1
ffac004a
00690026
ff8affaa
ffe2006b
ff5eff85
0054003a
ff9bff96
ff4bff45
009a006b
0032ffce
fec200c0
ffbf003c
018e0025
ff8fff77
ffb1001e
fefc0019
ff5efee0
003400b0
fe6eff9c
00c70067
00ab0068
01070026
0031007e
0036ffb4
002dff81
ffe500f4
0064ff5a
ff3affd7
ffdc00c3
fed1ffeb
003bfee4
ff46ff2c
00e4ffa1
ff37ffae
fe1c007c
0038ff5d
008dffe3
ff7efff9
ff5000ab
fef6ffd8
ff7dfff6
feb9ffa3
0007ffb4
009dffe4
ff3b0111
01b80064
0080fe9e
0067ffc8
ffb200c7
fed90082
ff8b00ca
fee40047
fff4ffe2
00fd00ac
fff8ff92
0057ff65
005dfeda
006affd4
00a1ff20
009afee6
0149ff8a
0050ffc6
ff8700a9
ff6f00b5
fef0005a
ff64001e
01350028
0032ff69
003dfff7
00db001f
0006008b
0109fee8
ff55ff34
fec10037
0048ffb7
00deff58
ffc2ff93
ff2cff5e
ffdcff9c
ffbc00a8
ff210012
ffe60003
ff6c00c8
ff7dffe8
ffc40004
0018ff36
ff81ffe2
ffc7fff6
0012ff82
0163ffd8
008600d2
ffee008f
017aff62
004bffec
000800d2
ffe80019
00100093
ff560083
ff94ff75
0071015f
ffac0023
ffa6003c
008eff88
ffc10004
ff72003b
ffba00b6
00270070
ffef00d0
ff680075
ff5cfe75
00a4ff22
fff80001
00ec0132
ffd700f3
00230032
0099004e
00bf007d
008f0079
007a00af
ffbeffab
febd0016
ff6c00c6
ff7a003a
fed90133
ffc5005c
fffe0042
ffedffbc
0024007a
00920029
ffeaff5a
0064ffaf
0022fff0
0018000a
fff2ff45
ff8e0100
00e7fff8
ffe70092
ffbcffea
fff30094
00eb001e
ff98ff8d
001a001d
ff5700f7
ffedff8a
002aff15
fffd007a
00faffc0
fefdff77
ff40ff55
fec80011
00060000
00330056
0039ff8e
fed9003f
ff6c0079
ff45001f
ff91ff65
002e00e7
ff33ffb7
0035ff04
ff840045
011aff31
ffec005e
ff110033
0091000b
00590083
001b006e
fef2000a
ff92fec5
009aff91
ff22ffe8
006bff87
ff5aff57
ffb3ffac
ffdeffb5
ff6b008e
fffbffda
ffdeff2b
0006006f
ff94ffdc
00feff62
0077ff39
ff68ff14
ff570081
ffdf0005
feccffea
0020007b
00d3ff45
00770122
00a100a7
ff550050
00430005
ff7cff64
0077006b
00310049
008aff28
ff350014
0042ffd7
01290015
006f0045
00b60066
00fbffe3
008e004e
ffe7ff70
000f002c
ff6fffa9
0075ffe1
ffdafeba
fefc0051
ffd6006c
ffdbff89
0024ffcd
ff99ff69
ffe2ff21
fec7fefb
005c0070
00c7000f
009f00de
00fc001d
00b3ff40
00affed3
0019006f
0087ff6f
00dbff75
ffec0050
ff5cfe6a
0029ff8f
ff0300d8
ff1200e6
00590004
ff3efee2
ffc500fd
ffc9ff80
fffbffc8
fff3ffc9
0059ffa1
ff5d0060
ffbbffe4
ff96006a
0039006c
0034ffcc
ff30ff99
0129003b
fffc0027
00c7001e
ffcf0007
0075ff8d
00d4ffaa
fed1fff5
0006ffd7
fffcff6f
0025ff45
ff970077
0021009b
ff50fe9a
fff3fffb
008fffe8
014dff93
009d0040
001c0020
00880085
00ff0036
fffd0043
ff17007d
00f100c5
009f0008
007a00f6
ffea0152
0008ffb3
ffacff66
0094ffca
ffdd004a
ff3800b4
004f00f4
00e1ffcd
0038008c
0048ffaa
ffd00157
00af010b
00adff13
0002ff59
0058febb
00090034
ffa50005
ffb300aa
00730073
000dfe79
00de0037
ffed010d
fee8002f
00130114
002fffea
00630129
ffbb00da
00c900a4
00c7fff2
fec0ffff
0031ffa9
00c0ff7b
ffa7008d
0002008f
ffd40057
000dff97
ffe10058
ff32ffee
000c012c
00da0071
ff6e014e
fee4ff92
00ae0006
004400cb
ffa1fed1
0161ffc2
011cff37
003dff72
ff970159
ff2a0068
0032fff5
ff13feaf
fff0ff97
fe850093
feebff7f
015d0019
0139008c
002a0051
00110051
ffd8002a
ffff0059
014600b8
ff4300e1
ff790018
ff4b0117
ffa3ff32
ffe0ffe8
003400fb
00bf00a8
ffe9ffab
0081ff05
ffacff1f
fe730006
0096ff43
006b0062
0064001d
003b003a
0061ff11
ff830006
ffbbffbf
0056fec2
0036006b
00ea01e8
005c00c4
0003ffd0
ff4b0021
ff4f0062
002900ab
ffcf0012
ff0aff69
ff81ffe7
00030062
0050fff7
00e700d0
002f0001
ffdfff73
0087ff83
fff2ff22
00e3ff40
012fffe9
00adffcc
ff4eff20
ff44fecd
0111ffeb
ffb1fef4
ff77004b
002e003f
feb90083
0002fff4
0012012a
000400e7
0024fecc
fea1ffd9
ffa1ffbc
ff9f0062
000cff76
fffa0002
ff430075
ff2f00ac
001d00e7
ff340022
ffab008c
ff63ff01
ff210051
ff5100bb
ff87001c
ff5b0048
00effe48
0039006c
007f0049
ff6d0075
ff16ff27
ffc0ffca
003100d9
ff4900e6
ff8b0009
0003ffd8
000700c4
0002ffb6
ff7e0038
001f015e
ff2e000d
ffa4ff7e
01e0fff6
00000170
ff3a0052
ffc7ff21
fe6e002c
00bc003b
fee800da
fedb007d
01b0007e
ff61002e
fef6ffa9
ffcaffbd
ff80fdd0
001b0047
ffa0001f
ff450034
000d0017
0055000b
ffedffdb
ff390073
ffc1ffa3
0046ff95
0011ff60
ffc5ff45
ff3300f0
ffca000a
ffa9ff93
feb8fed4
fee500cd
00c701c5
ffed007c
ffda0186
ffa8fff2
007cfeeb
00230043
00240135
fe4cff1e
ffa9ffba
ffc6ffd2
0034005c
004afef3
0001ff50
008b0022
ff95ffdf
007200ae
0016ffcb
ffe9ffc2
0078ff79
ff3a0063
0004001b
ff8901ad
0091fea2
ff9bff9b
ff86000f
00f6fff0
ff7f0054
ffebffc9
0148ff3a
00900060
003e0040
0003ff96
0055004b
ff63ffb0
00bc005d
0001ffc0
00c80034
0144002a
ff9e00c5
ffcd0093
ff32002e
ffeeffaf
00a7ff87
ff430067
00d5fff2
006000a0
fff30066
012cff3c
0084ff36
0058fe5b
001001a9
ff89ff68
ff46fe6e
004d0050
012efe6e
ff930011
ffc40023
00d50034
ffe0fff8
ffe9ff60
ff45ff48
00520088
001200a0
ffe3ffbf
ff2f0071
ff16fff1
ffd1007a
ffa8fffd
ff8100d8
ff8aff80
fffcffd1
ff1600ca
ffbcfe7c
ff5dff79
003cff34
ff93ff8f
ffdbffc2
0081ffca
00160095
ffe500ee
ff9effcf
fe770050
feebff48
009e00a2
fe9d01e9
ff6cfed8
ff11ffad
008a006b
ffa9fffb
fef10057
ff65ffcd
00220057
ff8f0112
01350024
ff6eff49
fee4ffd1
0037ff34
ff60ff51
fed0002f
ff500014
0118001b
0030ff7e
0097ff7a
001a009e
00c00026
00520014
ff830033
ffd50017
ffaa00c7
00c80036
009d014b
fefa00a6
0013ff11
0197ff38
ffd1ffdb
ff9c0097
ff3cffc7
ffdf00e5
ff01fea2
ff0f0026
ff33ffef
ff91ffd1
ffcc0023
ff5cff3b
ffd9feab
feae0068
ff83ffc4
ff9d0047
fe6afee9
0089fe42
ffe900cc
0075004d
ff7a0002
ff7f0031
0038ffe6
ffba0011
ff7400e3
ffe9ffad
00d1ffc4
00400012
ff75ff52
0170004a
0046ffeb
ff3500ab
ff800059
ffd4ffcc
007600cd
fefb004f
ffd3ffd7
ff370030
ff0bff70
00400035
ffe5003c
ff8effa1
ff9d0096
0091000a
001200a0
004dff98
ff39ff65
0105ffb4
ffedffbf
003ffff8
ff78009e
00210147
001cffbd
0044008c
ff550018
002500a8
ff7a0124
fe6aff10
014f005c
003a00e3
ffde0030
00b20047
ff88ff93
00d7002d
00130037
004dff17
ff21003b
ffd3ffb9
fff8ffb9
00430114
00940016
ffa5febf
00b6ffb1
ff34fff8
ffa3001a
fef600a6
febeffe8
ff58ff30
ff6b0029
0110ffa0
ffecff94
ff2fffae
007dff92
0003ffae
00980054
ff79ffbe
ffc0fe79
003affd7
ffcd00e6
feefff6b
ffa20021
013affcf
0042ff88
004d00dc
002eff96
ff7bffe6
0090ff9b
004c0014
ff9f0154
004b0111
ffed0054
ff9c006b
008cff4d
ffd8ff6e
00dcff67
018fff5b
001c000b
00c9015c
ff6d0178
ffe6004c
ffc7ff77
feedffb5
003bffa1
016affec
005d00e1
00fcffdb
000eff14
ffb2ffa8
00dcff3b
fe9600c9
ff250075
ff76fffb
ff770096
ffed0019
00300031
ffcb0071
018aff29
ff440056
fef700e3
016aff10
009d0045
00870072
00300102
fff6ff2c
00ea0006
ffe800d7
ff150053
00deff59
ffc60025
fffefffd
ffc8ff8d
00720024
0034ffb1
0039ff42
0134005a
ff6d0011
00230011
00f700da
00e6ff54
00e2ff78
fee30051
ff29feae
001aff8b
ffd40064
000dff75
fec4ff82
feb50036
fef8ffd2
00c3ffc0
00790074
013300fe
ffd800bd
0020ff9e
009800e7
ffdeff07
00a4ffb4
0012ff5f
ffbd002c
00f0ffd6
fff6ffe7
ffda0060
0039fe13
ff91ff63
003800ad
003f0086
fefb006f
ff7d0001
00b6ff7f
ffdeffa6
00d1ffcd
ff48004a
00db009e
003f0023
ff2d0021
ffcb0063
ffefffe4
0004ff90
fe48ffcf
fef4ff38
ffbd004d
004e003d
ff970043
0011002f
009800c6
fea10125
ff4f0079
0060ff96
008effd5
00e2ff08
00f30025
0116ffe5
00f8ffa5
fec5ff8f
ff9501c2
006800b6
ff8dffeb
ffa30019
0023ff12
ffb600e2
00a60065
fff700b1
ffb9ff5f
00ffff50
002700e2
009900e2
feddffa3
ff86ff24
ffbd0110
fff30170
0017ffb3
015a0080
00c3fff0
00310035
ffd0006d
000bff44
002cff2d
ff7d0074
0091fff2
007fff8c
00b4ffe5
004f0057
01120123
00de0059
004a000a
003e000c
00fbff89
ff98ff7e
009e0189
00410133
00a0fee6
0226fff8
00140036
ff3a0010
006e0104
00540081
ffac0073
0115006d
0013014d
ffd0ff9f
feecff1b
00edfe80
01f7001f
0062ffe7
0095011a
015e00e0
00a4ffae
01410002
00790034
001aff2d
009cffe9
ffe6ff7f
ffe5ff87
feeeffd7
ff310038
00caff08
00720041
ffab00d1
0040ff98
01040130
0101ff68
ffc7ffcb
ffcaff79
0060001f
0088ffcb
01950015
00410020
001f00da
ff9600c9
ffc60028
002e0015
ffc8ffdc
ffe80071
ffa6002f
fff3ff78
008dff43
009e0021
ff410118
0025fef1
ffecff01
00590001
ffcf00e3
00b60080
01530026
0039002f
00e2ff72
0035000a
ffeb0099
fff1004f
00fdffcc
ff5eff46
00960019
0064000c
ff750058
ff9effe2
008cffb4
ffb20126
00a1ffcb
0095ff95
ff250093
ff36fffd
0028ffc7
0098001f
007aff36
ff92ffe9
ff79ffbb
fff1fffb
002dff30
0046ffbc
00610083
0016ffea
0042ffbc
ff85ff29
ffcdffb2
001cff87
ffbcff9d
0068feed
0095ffea
00370017
ffe101a5
002600ae
00c1fede
ff15010a
0004ffed
008800b6
fff60064
ff7b0085
000cff67
ff22ff38
01b3ff98
ff8800ed
00720089
00670090
fed5018a
008c0082
fe9700e9
ffd50048
00a0ffb4
ff4dff63
0096ffcb
ff5e0099
ff340079
ff00ffb7
0050ffa5
ff800007
ff52ffd8
fffbff04
ffb3ffd1
ff54001a
ff18ff3c
00c7ffd5
feb10001
fff2ffc2
015300b1
00a1ffab
006cff9e
feb0fffb
ff400105
00b9ff1f
00e2feca
0054ffdb
fff7ff3c
002affa9
fe940032
000d00b8
ffacff4e
004c0080
ffec00c7
ff0aff6d
ffa1ffc1
ff87ff37
005fffe2
00a7fffe
00400030
00cd00bc
ffbeffd8
ffc0feeb
001000d1
ff9d00ac
004efedd
00a1ff97
007fffd9
ffdd003b
00b1ffd6
ff940035
ffaa004f
01400053
ff5c0121
ffb9ff58
00d60064
fffd0056
0068006f
ff710065
ffc9ffe7
0040ffb5
ff01ffd6
ff8c007a
00660092
000eff2f
ff670012
0050ff4e
00ba006a
ff5900aa
000cfef0
0077ffea
000f0022
fe2aff98
ffd1ffd7
00af0044
ffcc0075
00d9ffd8
fee8006b
ff2effa0
feddff5f
ffd50115
00c9ff7a
00bcffd0
00760023
ffdafeef
ff1cff84
011e002a
00320005
fffd003c
00fefefd
005fffbb
ffd700bb
009300c1
003afff8
0077fef1
0066ffc2
ffca0015
0010ff59
00a2012d
ff94ffb6
008aff48
ffe7ff6a
0168ff2d
001affc7
ff9c0018
fffafefe
0080ff33
001300fd
ffe00156
ff7000c2
006e0177
ffe7fff3
ff690046
fff0008f
002e0048
01150073
ff6a0078
ffef011e
fe75ffd1
ff46fffe
015cff57
0065ffb3
00d600e2
ffdb005c
ff4f0029
ffdbff0d
0023fede
ff5dffeb
00830005
003bff7c
0041004a
fe54ff4a
fe81ffbb
00090057
00a100b9
0054ff9e
001fff17
00be0128
fed8ffd9
fd4cff32
ff5c007f
ff9c0034
ff7e0091
0124004f
fef000fd
ff0affe5
000b0052
00270070
ff5dfe5f
00dd0082
00700025
fff2ff3b
006c001a
fefeffd2
ff8effa5
ffeaff69
00aeff15
fed60085
ffe401ba
ffa6ff18
00170116
0044007d
ff38ff7b
ffa4ff6a
ffc3ff87
fff4ff75
00db00a4
0031ff8e
ff430032
ffc2ffe6
ff8fff4c
ffa7003f
00760000
ffa1ffc2
ffd9007f
00680141
fead01a1
ffbdffbf
ffd60008
ffeafee2
ffb700b2
fff0ffee
00c8ff4a
0038ff6c
ff0fff4c
fef800b9
ffc10049
00a1ff42
febb0078
ff77ffe7
ff54ff07
00c90078
011b0099
0047fefc
ffd1ff69
ffafffae
fe9e00b9
00270095
008cff9d
ff870015
ff7effd0
ff700064
fffb0150
ff040011
0019ffd9
009bffa9
ff110005
0060fff5
ff15ff1d
ffb90065
005d004e
005fff21
0044fe96
002e005d
004900c8
003efee7
fff90067
008d006b
00f300c3
ff6f00b0
004100e0
000e0014
00f90029
011aff3d
01470135
00c4ffa7
00220020
01520000
ff7a0076
005effff
00570056
ff63002a
ff5fffc1
ff2bffee
00b900b3
009f0041
ffadff09
00120046
ff8cfee1
000fff77
003b009d
ff4700e6
ff3300e5
ffcb0037
00530079
ff3fffe3
ff2eff9f
00f5ff7c
010900dc
ff30fff2
00eb00e4
009b00ad
ff1a006e
fee3016c
fecfffd2
00a3ffd9
011600b3
ffc5ff9a
ff59fffb
008cfff0
005c000f
0046010b
00f1ff51
ff02ff89
ff7eff92
003700a0
0053004c
ff3fff8a
fffb003e
011fffe6
ff6a0092
ffa6004d
ff4fff2c
ffd100c6
002cffc7
ff60ffbf
009bff61
ffe3fff5
0015ff56
ff98fec0
0008febf
ffcaffae
0022000e
0181ffd4
0149ffa1
00a6ffd5
002efff6
feafff93
ffbeff66
ff94ff5a
006bffb6
0086fedd
009a00a7
003100b2
ffa70037
013dff6c
0015fed8
002300cf
ff8d0001
ffa0ff84
0057ff58
00a9feee
0000005a
0091ffc4
0044fea4
00200080
000cff52
0081fe41
003300c3
007a00c6
ff4fff67
ff38004a
ff7500a8
000f0060
ff9effb9
ffc4febf
006afeb2
ff53fe20
ffd6ff6a
0047fefe
fff9ffc1
003d0082
00900094
ff2e004c
00a1002e
fede0045
ffe8ff24
008800b5
ffabfffa
fff0ff68
ffd5ffd8
ffbefff3
ff95ff42
fe8dffb6
001f0033
007f00df
00a3ffea
ffa4ffcc
00a7ff6e
00adffef
fff500df
ff4dffa0
00580035
008affd5
007bfef3
0191ff2b
ff47ff19
00c8fefd
fffeffa5
ff750048
ff870054
fff1fe66
0090ffc6
00540031
005800a9
00c0ff11
ffceff56
ff5dffb0
ffe6ff31
ff62feb4
004f0059
00100106
007400a7
00df00ae
011f0111
0083ff3e
ffbfff19
ff40ffdd
ffbcffb2
00740015
003900c4
004cff8f
ff650005
0070005d
ffffff0f
008eff13
ff2bff5c
ff960037
ffec00d2
ffc9ff12
ffbffff1
ff45ffa3
ff81ff5e
ffa800ea
ff1eff78
00a9000c
0015ffcb
ffd5ffad
005e000a
0124ffef
00c0ffea
0068ffdb
011101e8
ffac001e
ff99ff20
ffd5000d
0084ffec
016d006c
0034ff86
ff1c0056
007aff92
fffa00ac
00050031
ff910039
ff830059
017dff98
ff740001
0074ff71
001e0065
00400037
ffa70069
ffcc0114
ff1200a9
00900057
ff3200bc
006bff5f
004b003f
0034ff9d
004dff0d
0055ff78
ff65ff2a
013b0057
00840068
00c8ffe7
ffd4ff7a
ff94ff53
ffc3ffe2
ffb4000f
ffc9ffc0
0010ffa1
00a30029
ff41ffe3
002dff8a
ffaaffb4
ffcbff56
001dffc7
0086000b
fff4ffea
00220066
0072fffb
000affd3
ffacffa2
009a0051
ffb1ffb3
ffbaffc2
0106ff10
fffa0164
ff9effbd
ffeeffea
ffa30003
0095ffe9
0108ffda
ffca007c
ff9001c2
0086ffa1
008bff84
00defff7
00c900d3
00170083
ffc000a3
0059ffa8
00720011
003cffb6
ff6e00b0
0018009a
010bff46
fffd0008
00a80117
008c005c
00940020
ffd4fff2
009e008e
0070008c
ff6b0033
00140106
0095ffdb
00e5ffbf
00580005
ffd000fe
ffe80097
00260054
ffff0029
007f0088
0019004f
ff450087
ff4b010b
00320023
ffbb009a
ffd0ff77
003dffe7
ff160018
ffc300db
ff65feae
001efe26
ffb90016
ff7effef
0041ff2f
ffae0096
ff820098
ffc2ff85
ff62ff65
00bdffba
019efe56
00410058
fffe0065
00c2003e
002b0017
00ac0032
005c005c
008cfffa
ff5bffca
ff57ff86
ff7cff94
0007ffff
ffb6fffe
ffa0ffd6
ffce0072
0019009d
00b9ff99
ffe40054
ff9affd7
0048008b
fff60128
00c1ff31
0198001c
ff070012
ff0d0006
ffe90115
ff6600ff
ff21ff69
ff82ff88
ff34ffb2
00c8006f
0187ffa4
0045004a
00b9004e
00e0ffbf
00130001
00650064
ffa8001b
00850024
fef6ffec
00b7002b
001300b3
feb50010
004100cb
0004ff80
00f5fe62
00f5ff8f
004200e7
ffa5ff8b
ffd6ff0b
ffac0070
fef6ff72
febe0077
0070ff2f
00e1ff5c
011bff64
0065000f
003fff60
febeff87
fefc00e7
ffe60145
003fffb1
00100053
ff6cfeb8
0098ff34
01290148
0042ff45
009a0174
ff6b0052
ffc5008b
007000c2
ff1d000a
00410137
015c0092
012900c3
ffafffc4
003fffd0
00890004
0021008c
006eff34
004b0079
ffa5002b
ffe2010b
ff9e0099
00080096
00930042
00e9000b
000f009c
ff7800cd
ff15fe8b
ffebfec0
ffad01aa
0020ffec
ffbdff7b
ff4b0001
ff4a000b
fe77ff1e
ff81fff7
01340015
0020005c
ff280035
ff7f007b
fff5ff4f
004201df
ff87ff41
00430013
003bff9f
0164ff27
ff780067
005cff3c
0075ffd5
fed90068
0056ffc8
ffbb00db
ff11ffa0
ffb1ffad
000a0153
ff73ff62
ff21013b
ff560082
00610019
008300af
0043fece
ff19ff5e
ffb001d0
ff2a0029
006a00d5
ff5f0079
00a70011
ffd6003c
005f0005
ff98ffd3
ff1bff5f
0155ffc8
007000c6
001dff7c
ff5f0071
ff63ff92
ff850092
fefe0122
00190011
00950025
ffaffebc
01090056
ffbb0095
007c00a2
ffcbff40
ffcbfeef
0070fedd
011100a4
00750055
0020fee8
0016016c
ff6f0067
001d006e
000d0014
00a5004d
ffc00031
ffd00114
ffdeff96
018dff80
feb6ff61
ff98ff61
010c00d8
fed10045
001e004a
fef6013d
feb0ff27
00660062
00eb0030
0082ff88
005a0031
0021ffe0
fef70020
ffe600d3
01510019
013cffe4
fffeff6d
fed4ffdd
ffbb0067
ff18006c
00d90065
00c6ffc3
ff990006
003f0096
009bffef
0051ff74
000dfffb
ff700012
01e30147
0058ffbf
fff7ff76
000fff7b
ffdeff66
00480095
ff8d00b1
ffb7ffdf
002e00ee
ff71019a
00400012
01b3003a
ffe8ff27
fec6feaf
00a10013
0073ff16
0082ff96
ffb50111
0099012f
004c0116
0023001b
ffaffebf
ff990135
009d00b0
00340106
000affb8
0106003a
00d0001f
0046ff4c
fff9ff32
ff35002d
00d401ac
0013fff7
ff39ff8b
ff66ffdb
0051004c
00edff8e
00d80116
fe8fff65
fe4a00b3
ffd0ff97
ff8fff64
fed20030
ff61ffe3
ffd80018
ffe3ffe9
ff450059
0032010a
ffdb0085
feb90033
ffdd007a
001b0056
ff810061
ff91ff89
ff66ff96
005dfff3
ff9a0050
002f00d5
009aff29
ffa0ffb3
ff80ff3e
ff940065
0070ffee
ff3d0043
0066fffa
ffc30029
ffe6ff63
feb30097
ffc400b4
ff900042
ffecff01
00eb0009
ffe2ffb5
012d0017
01190123
00bc009d
00140077
ff0bff14
0053ff47
ffee005d
004cfeb9
0003ffa7
0104fff0
ffdf00a4
0075ff2b
ffc9ff6c
00df0138
0029ff1d
005dffc2
00d6ff6e
0083ff7f
0033006d
00a0ff4d
009e0080
004e0043
ffd800a9
fe50ffd2
ff06ffdc
ffd90083
fff10068
0064ff99
ff41ff1a
ffd6ff47
00920069
ff590125
ffd0008f
ffba0058
000affa5
ff20009b
ff6eff30
ffa2fffa
018a0038
00120017
ff930052
00000019
ffc7004e
ff95ff72
ff68fe3f
ff46ff5e
0085002e
ffed0055
0089008b
ff410048
ff36ff85
005fff8b
ff06ffaf
ff2200a2
feac010e
feed0111
0035ff91
0098009d
ff730171
ff63fff7
ffd300ac
0156ffc8
00470024
0046ffd7
004eff9d
ffbeff75
ff99ff79
ffc5ff3d
0010005f
ffd900d8
ff5effb3
ffbfff8c
ff2e007f
ffde0082
014eff27
ff91ffb4
ffb200a8
0047ffe8
00280007
ff1e007a
ff9aff94
ff71ffae
00910019
ffec0087
008aff65
00130005
005a01be
ff180007
ff310033
ffce001d
ff3fffa8
ffb10098
ff6d00f3
005afffd
00780086
0015002b
002b00c1
fff300bb
ff9f013f
0063003d
00baff6b
ffc00110
ff790015
ffbaff15
00efffef
00610143
008f001f
009c00ed
00bc00ae
009fffc2
0076ff68
00970070
00970039
ffa8ffdd
00880043
00d00078
ffbf005a
0035ffc1
ff49ff21
001b0013
00b80016
0078ff11
fffc00a5
fff20008
ff18ff8a
ffe9ff5a
ffbf0050
ff1f0008
ffb0ff4f
004c003a
00d2ff76
ff63ffc1
010900a8
ff04ffc8
ff6a00af
000eff74
008dffac
fff4fee9
005a001d
ffe300de
003400e0
ffa6002f
006cfe2d
ffedffb7
ff300016
00bcffec
004400cc
ffc8ff93
ff9d0016
0059004b
ffc10042
00c10088
000d0007
ffd200b0
003fff11
ffd3ffac
ff9aff97
ffa9ffb2
ff4e00b6
00260013
ff8bff2e
ff9c009e
00450036
ffc9ff18
ffd20058
ff8100cb
0127008c
000a0004
ff85fe6f
0197ffa1
0111ff9d
ff5ffe82
fe97ff74
ffd8fed8
00850027
00be006f
ffcdfecc
00610038
ffe6ff3d
ffe7ffaa
ffbf00b5
003bff98
0036ffaf
fff4010f
003500b1
ffa900b4
0040ffb8
ff46ff3d
fe670086
ff7fffd6
ffd50003
ffeb011e
003eff9f
014b0033
005dffe2
ff61ffce
00deff5c
00f2ffd1
00fefeca
01ae004b
00ee003e
ffbc001c
0017002e
00c8ffd1
00cfffab
0029ff0f
0069002c
0099ffd5
0065ff97
003effd0
fe38febf
ffbf0025
0044013f
0060005b
001d00c2
00870135
ff43009e
ffc5005f
ff610152
ff18fe76
ffb0ff98
0088ff5a
006400a3
fff2ff14
ff71ffaf
ff09ff73
ffb5ff0f
00efffd2
005e000c
0114ffd5
0077fed3
ffb80099
007cfece
006afed7
009b000e
ffb201cb
ffc70008
004e0013
ffec0001
0117ff3c
fff6ffe7
fffe0012
00e80003
007bffb3
ffcd0080
ffe1ff53
0003ff7f
0042ff7d
00860041
ff66ffbc
00ab0043
00fb0059
ff78fecd
ff57ff34
006cfff9
ff01000c
00030087
00c2004d
007fff26
0083ffb6
0023ffe6
003a0003
ffbaff98
00f600ba
ff8afe9d
00d5000f
00180019
004f006b
00550020
000bfed9
00a20053
00240032
002e0021
00b50067
ffa4ffdf
00f80013
01530110
00a6ffc6
00650028
ffbcffa2
0031ffef
ffe5ff0b
ffaa0145
ff1aff0e
00abfff4
00700097
0065ffd9
ff18fffe
000affaa
007effd8
0039fff5
00bafebb
002c0012
00aaff75
007cff1f
00afff37
0065ffcb
ff45ff2e
00abffd6
fef4ff95
ff150034
ffd0ff91
01a30060
008a008f
fe990119
ffbffeac
0011ffce
007fff21
fff0feff
00fa006c
ffd3ff47
fff6005a
0036fff6
ffb2ff72
ffcdff27
ff01fff3
ff74fff0
0016ffda
009bff12
007bffe5
ffcdff18
ffdcff14
008b008a
0088ffa7
009e0183
006e0044
003affc9
ffabff4d
ff79fef6
004affc3
00cb0044
0019ffd4
ffb30120
ffd70059
ffabff3d
00a800da
ff24003e
0090fef4
fff10003
ffa30011
ff5d009a
00c1ff3d
0101fff2
ff21ff92
0041ff47
fe97ffb1
0040ffe3
ffbfff47
ff4bfeb9
0077ffcd
007700d1
ffa9ffca
fea6fed0
011f009d
ffd600d3
00700054
00530039
ff85ff17
0105ff95
0029002d
ffddffe1
000c0099
ffabfeca
ffa5ff46
ff7bffca
fea7ff23
009e00cc
00c10002
007f006b
0070ffc1
fed1000c
ff38ff21
fff3ffaa
0047ffc9
fe8b0053
0062ff4e
005d007e
00a00015
ffafffa2
fee0001e
ff27ff21
fed6ff99
ff9800fd
ffd20158
00610096
002affa1
ffe2ffd3
ff89ff01
fef200f6
ffff00d8
00400163
fe7b005d
ffb100a5
004700dc
febc0025
ff4b0069
ffb4ffc0
ff7d00ac
00d50042
00b3ffb3
00120049
ffe4ff54
ffe2001e
00a9ff59
00320031
ff1f00a9
ff2fffe5
00f6ffa3
0058000a
fff3ff78
ff510034
fef6ff8f
0002ff88
ff25001a
ffa6ff5e
00a1ff7c
ffdeff4c
ffe500c4
ff550073
006ffffa
ff43ff8f
0010ffa8
015cff06
00a60129
001c00c2
ff98009e
ff67feb5
00300073
ffebffd0
ffeb005a
00a40081
ffaa00cb
00390020
006f0026
00650092
ff3f0020
ffe9ff3d
0053ff83
0008ffdd
ff96ffd1
000600e1
0038ff7a
002b005a
ffb00008
006d00e2
ff95fff1
ffb7ffd4
fffc0030
ffed0066
ff11fffb
ff840007
ff34004f
ffb8ffae
ff1100b5
ff61fffc
00510041
fe75ffa3
ffd00099
0089012a
fff8ff59
ffaafffa
ffc1007f
004b00d7
0069fffd
0138001a
ffa80055
00040055
0045ffc1
ff22ff43
ff40ff5b
00ba0006
007f00a8
ff4500dd
00820007
00c100e8
ffb90048
ff7a0018
ffcd00f4
ff8fffa6
008200c3
00ab00cb
0023ff0b
0052ff5f
feeffff4
00250018
ff880010
ffd00062
ff98fff9
ff81feb6
fe3cffe2
00460007
ff6dff5d
ffda003a
ff4fffe6
0095fecd
ff1c00c7
ffb50045
000d0097
006e00e5
002cff7a
003d0033
001b005b
fef600ca
00f8fff2
004d0028
013e0017
0103ffd7
005b0058
0128000b
005e009a
00950025
002b0058
ffb20124
ffb7ffad
007dff47
fff900f3
012a004d
0080ff3d
ffdfffed
00aa010b
01f4ffd3
0049000f
ffa80088
ff2400f8
00800081
009cff5d
ff9affb1
ffca0102
ff4600dd
fff5ff7c
febbffdd
ff41fffa
0081ff75
ffa100e1
005dffd2
feb2ff86
0000ff66
00ee001a
00570024
015cff2b
008bffac
ff6dfe99
ff8dffb0
0062ffb2
00a8ff49
00e3ff7a
012e00aa
00860088
ff1b003b
0019feef
ff3e00f2
00a2014f
ffba0073
ffd1008d
0098004d
011f0054
ffeb000a
ff590013
004cffa8
00130062
00cbfdf2
00890089
0034ff86
00ce00db
feac003f
ff98ff4b
ffe50007
005e001b
0034fe68
007300e1
00fcff99
0013ff9c
001d00ac
00e8ffbc
ffd6fe4c
ff74013b
ff3d00f9
ffe600c5
00b2006a
0044ffa5
0091010c
ff6a0030
ff29ff5a
ffbc005a
004bfef1
006500c4
00d2ffe2
ffb50051
0044ff7e
0002fe2a
fea40056
ffa700ee
00b40116
0006ffe2
ffa5ff8c
00eeffd9
ffb50104
0058ff97
0006fe72
ff8fffb9
ff8700ca
fff4013f
ff9cff94
ffb6ff88
0055ff9e
ffa9ff52
ff23004d
002e00ff
00420083
ff2700ae
feab014a
005bfffb
fe71ff72
ff99006e
ffe70092
004b00c3
004c008d
ffaffef3
ffc3004a
fff300f2
00b3ff8a
ff3fffbe
ff910047
ffb8ffd2
0039ff92
ff3c0086
001fffde
005bffb3
00d0ffd2
015afec6
0033ff9e
ff8dffb9
0099005e
fec200c2
00baff71
000c0035
ffc10140
005b0056
00ee0035
00c1ffa7
ffa6ffc8
ff8effaa
ffdcfef3
ffd5ff57
ffb4004c
ffc50027
ff25ffa5
ffadff36
00200042
ffddff32
fec1ffdc
ffa5ff72
00d1fede
ff93ffd9
00bfff5f
fff500a1
ff27ffc4
ffb8000f
00920044
ffa0ffb5
ff7dff51
ff92005b
ff57005d
0052ffd2
ffd3fea4
ff2eff08
ff96ff68
ff4dff35
0064fe72
016dff42
00980100
ff57fef9
ff84ffa4
ff0bffc7
ff74ffbc
006eff16
0013fed7
00350070
010a0038
ff56ff74
fee8ff19
016b0127
febc003c
000aff0d
0092ff72
001c0091
ffea0107
00240013
00240035
000bffc8
ffa7001c
0042ffab
002a006b
004cffec
ff810053
ff07ff41
ffebfef4
ff5d0033
fff1febc
ff2bff97
0094ff6b
00a90010
ffe9ffea
ff76ff2c
ff6c002e
0081ffec
ffe0ffd8
00be0110
fff0001b
00410004
ffdbffb3
007cffa0
ff95ff9a
00bcff9b
00daff88
fff0feec
00e3003b
00b8ff77
ffb0ffd6
0020ff5d
0050fffc
005d005e
003aff27
ff96ffb4
ff43fff3
00300002
ffc30060
002a0126
0034ffd6
ffaaffd0
0086001c
0062ffa2
0020ffd2
ff91fee8
000bffdb
ffdf001c
fe920097
00f9ff06
00b30038
ffb5015e
002d00af
ff2400ec
000c00cf
0035fec3
001800a8
0055015d
ffdf009a
ff77ffd5
fecd005b
00910094
00fb00ec
0038ffdf
0039018d
00180088
ffbe011a
001cfff9
febd006f
0140ff94
00630044
009a0099
007effcb
00010005
ffa8ff73
002000a1
ff4fff64
ffb9ff5e
0047ffc9
ff9e0133
00f6ff62
0061ff7c
ff84fed5
007d0043
003b000e
0061ff1e
ffdd007a
004bfecb
fee8ffe0
ffb9012c
00140039
ff18ff5e
ff2f0104
000500a4
00240115
00770030
0060000f
ffa5fff6
ff28ff3d
ffe1001e
0140ff73
00beffd2
ff6500b6
ff80ffd6
ff60ffcc
ffd30020
0025ff17
016cffd3
0012ff4b
007d014f
01a20048
fff30028
0034ffea
ffb70064
fef10041
008fff4f
006c0027
00affff7
0034000b
0038ffa4
ff750062
009b00fb
ff550013
ffebffd6
fff8ff6d
ff89ffca
ffab0157
ff43ffe1
003dfe66
00240093
0013ffb1
ff7600ad
008d00d4
00dcfff4
0002002e
0008ff98
006c00b1
00a50031
ff3afed5
ffe70042
ffc60108
00e5ff38
ffa900b3
0081ffcd
ffc3fe28
00a3fe40
0152ff44
ffc2ffa2
00bf000e
0016005a
fff5011b
000f006d
0039ffd0
00450109
00aaffc9
009f001e
ff9900b0
ff7d007d
00e6ff86
0050ff7e
000d00b0
ff7cfffb
00520105
ffdbff8b
ff58ffe1
ff9a006b
00fe00cd
ff3dffc1
ffbcffb4
0137ff13
00c6fed7
00a80002
0007ffe5
018b0054
000a006b
ff0d0093
00310022
00920099
002500cb
012c0066
00b9ffb4
ffe70150
00ad005e
004dffd5
00b0ffd9
0149ff12
00800032
004dffab
0084fec4
000f006b
ff43ff6d
005c008c
ffb900bb
ff69ff4b
ff48ffbc
0021003d
0087004e
0001fff5
009cffc1
ffba0010
00c000b7
00c5001d
00b60091
0160ff28
0099fe82
000900ba
fee2003e
ff230069
ffa800cf
ff63010d
ff59ff64
0043002b
00f30039
ffc60021
ff97000b
002affa8
ff7e004c
00910023
ff2fffb0
ff1c006d
00faff7b
ff3800db
ff3b007f
ff1dfff3
ffc7002e
005effdf
0044ffca
ffb2ff41
ff94fefa
ffdffff8
ffdaffde
003100c8
ffe5ff72
ff4cfff7
fff3ffca
fff1ff99
ffbd004a
00420066
ffbbfff3
0127ff21
00350045
ff2f01f0
fecbff60
01d60084
ffb80056
ff830052
0021ffbb
fff5002f
ffa90166
00570034
ff810099
ffd3000f
012afff5
ff96ffc8
fff0ff6e
005d0062
00e700f4
00170008
0012ff8b
00760052
ff78ff23
0125002b
ffed0092
00c3ffd8
01030053
fffd00ce
00e7ff7b
0031feb2
0060007e
ff2200bf
014fffae
012e012b
fff000aa
ff920147
fef9008e
005bffd9
ffa00063
ff980075
ff640071
00bb0091
00760018
01220060
00400069
00ffffc9
0110fefe
ffbbff61
006aff55
0085ff79
ff2affcf
ff34ff8b
00570017
0036ff57
00f0000c
fde3ff96
0101ffc3
fff9ff84
012fff03
fecfffed
ff46004b
00c0ffde
ff1d0012
00570137
ff57ffd3
00e9ffc6
00950134
ffae009d
002d0098
00110073
ffa4ff74
fff400d2
003effd8
00be00a7
00330006
ff4000c4
ffdd00e7
0029ff7e
ffe9001b
00210004
ffbc012c
ffd30059
007fffa5
ff99fff0
00720087
00b4fffd
ffa90071
ff5b009d
0028ffda
005bff58
ff85feb7
ffcdff83
005b0037
ffb7ffb6
ffcf00ed
fffa0071
0045ff71
0074feb8
0094ff6f
009b000d
fff90099
00a500cd
ffd80064
ff690014
fe54ff45
005700d6
01110112
0016fff4
007b0000
ffe30030
00b0002c
ffdeffcc
ffd70010
0004ff53
001e0098
ffb9feb5
0016006f
ffee00ae
00620078
00f90075
0007000c
00bc000c
012a0064
00a10130
ff7eff1a
ff11ffec
ff52008e
009200e5
00aa007d
0028fff2
ff650061
ffc5ffba
ff5dffc0
ff9c003b
006cffcb
ff9d0087
01070037
00ae0008
00deffdc
ff91ff49
005bffeb
012c0099
000affc4
ff0dff17
ff4cff12
00a700c9
0050ff0a
005cff9c
ff9fff0e
00280087
ffb4ff7b
ff29ffc7
0143ff86
001a0031
00430018
00aaff73
003f0029
00620080
ffcb0158
ff2aff01
ffaf002b
00c60108
0108ff3b
ff62ff82
014bff59
025cffb5
0034ffd5
fecaffc0
ff92ff4d
ffc9009f
00dbffd4
00edff8c
ffadffbd
0015ff4e
ff7a0038
fe930058
00d40001
00c80096
fef0ffa5
ff880096
00a000c3
00450047
009bffb3
ff110028
fffbff4f
01030062
00cc0004
0006ffeb
ff98ff70
ff29ff3f
004100ca
ff760182
00850121
0182ff8d
ffaaffe1
ffeeffa7
0072ffdc
00e1008c
ff35ff55
fe79fe6a
ff7bfefb
02710048
00e700d8
0060fff4
002f003b
ffbcfef9
ff06ff31
fef80170
ffb9ff34
ffba00d7
0021ffaf
ffd5ff90
fe8bff1e
fef3fff1
ff36ffde
fec7ff20
ffd1003a
ff23ff89
ffe9008b
ff110067
003f0048
00a40003
ffe8ff11
ff40ff8e
0041ff5e
00760037
ffd4ffed
0057001e
00490015
fea60046
ff470075
000a0033
ff780068
ff77ff91
001300bd
ffbe0092
ff5affe0
00faff05
00b1ffd2
00240003
ffe5006e
00420060
013d0001
fffa002a
ffbfff57
ff2cff99
ff7000f9
feaa0055
ffdcffff
ffffffe8
ff6ffff2
002e0070
00100027
00f7001a
ffa0ff2e
00340061
fef20069
ff6e01a1
005d0147
00210004
0000ffb3
ff120037
ffb7ff53
003dffa8
ff6b005f
001f0067
ffecfff3
00b1ffd1
0034ff5a
00d20001
ffc5ff2e
ff0bfe83
00e00059
0105ff12
ffd90006
ff8cff92
ffa2ff9f
ffd1009d
001f007d
fedeffef
006dffe4
0048002b
00c60024
fff5ff28
ffa5ff3e
ffb2ffbd
ffea0124
0053ff39
0005ffae
002effb8
00410085
0091fff4
ffb6008b
007d0118
000d0055
ffff012e
0097fea6
ffc0007b
0025ff4b
ffbcfea4
ff89ffca
00ba00f8
01180025
fff400aa
ff5e0191
ff3b0023
ffd70034
ff5f0026
fed00102
ffb3000e
ff09ffc7
ffc7ff85
009affeb
005cff9f
0038ffa6
00b20056
009900d0
ffaeff8d
00780045
fef80076
ffd7ff15
ff38ffdc
ffdc0084
ffc8ffb3
fdd6fff1
ff990012
ffa9ff68
00b7ff4e
ff4d007c
ff39ff48
ffebff44
ffca0068
ffa5ff76
00750044
00a5fff5
00f8000e
00800093
008b00cb
ff6cffda
fffd0043
ff6e00de
0038feed
0058003c
004ffff8
007aff78
00b0ffec
ff000058
fe82006c
ff3cff93
ff890030
ff550031
ff350017
ff82fff1
000effe9
009a0042
fefa0032
ff7bff2e
ff020084
0021ffeb
0090010b
ff93ff41
ff5500df
feca00a7
ffcf0007
ff71012f
fe97008c
00e3ff66
fff9009c
ffe8ffa6
0003ffc3
ff75ffd1
ffe5ff65
001dffcf
0058ff0e
ffe8ffaf
00cafec6
ffc1fffc
000500be
ffea00e6
ff2c0080
ff41ff9f
00550040
0036000e
0046ffbb
ff57000c
ff59ff49
ff50ffdc
0036007d
ff0f00dd
ff160018
ff86fed6
ff89fffc
fef8ffec
ffd0ff65
009bff9a
ff90ff09
fff0ff7c
ff3afeb8
ff2f0065
00510057
002800d2
ff2b00d5
ffdaff80
002600a4
00baffd6
ff91ffd7
ff79ffcc
00efff98
0092002c
ff4b0120
fef10045
feefff37
0102ff61
fdfe0059
0094ffb2
0124ffec
0008fff3
010b0043
fef50013
ffefff24
004dff89
001600c0
fec60049
ff08feae
00780084
fe8d0029
ff400027
001f01bd
00a5008f
ff920086
feecffc2
fffdffd6
ffd100b9
ffbd00a0
ff7b0129
00eb00c5
ff7bffb0
fe950001
0087ffed
00750050
ff380032
005200f5
005b004f
0133ff46
0026ffd1
ffd800af
ffa90027
ffe80009
008dff93
0123ff66
ffa800b2
ff5fff8c
0010ff53
001cfff9
001bff43
0014002b
ff5effc7
ff72ff96
004dff8f
00f20079
00350058
00c80018
001f0051
ffae009f
0000fff9
fff7014c
ff68007d
ff0cfed7
fff6ffaa
ff8b008b
ffa00056
ffc6007a
00ecff63
009bffd1
ff8dff90
00c2001d
ff6d013a
ff9c00ed
00f2ff6e
002c00e9
ff3f006d
00caff06
ffceffd8
ffcdff4d
00550001
00430013
005fff82
00800063
fff9003b
00e40097
ff0600e1
0073005a
016c0012
ffe70093
ff50002d
ff5500ce
ffe5003f
00680009
00d300ff
01240099
008bfecb
ff31000e
015cffbb
ff70002f
fffeffae
00490013
0064fff2
00c40016
fece003d
0016fff9
008dffe1
01430081
006100f9
fef40008
fef20046
ffda0065
ff38ff94
0011ff2e
008dfff7
0139fff1
005afe8e
003d007b
ffac009a
0071001a
ff9bffe0
0087ffde
ffeeffc7
ff6eff1e
ffae00d4
0136ff67
012e010f
00e20044
009afea4
00bbffa0
003eff25
000400f3
ff54ffec
ffd2004d
016d00ab
ffac0181
0034ffe4
000bff60
fff3ffd6
00160054
001700bb
ff7eff0d
fff7002f
ff5c0116
00470087
ff4100a1
0037ff75
00aeff5b
000200e6
001cff49
ff540098
ffee0050
00d800fc
ff600053
00a0ff8e
ffd8ffa4
ffae011e
ffd1fff6
ff54ffaa
0105009a
0052ff96
fee4ff6d
ff9cff17
0021fffb
0006ffb4
ffedff40
ffdd0079
003200ff
0092fff3
00f20027
00a4ff7d
fff20037
00a3ffda
007b008f
0133fea6
0030ff7e
0054fffb
00bfff8d
ff0b0005
0076ff51
ff3700a2
ffa50084
013bff8c
00d00094
ffdeff3c
00f20090
00e7ff45
ff8c001e
ff9e004c
009d002f
ff94ff3e
0056005c
007a0160
ffb401ab
00eeffda
ff8eff35
00f4ffa5
008dffc1
ff5d003e
00490129
ff940116
005f00b7
00eb000a
0037006b
0041ffd1
ffffff52
002d0083
003500da
ff720086
ff75009d
00a90082
007f0077
ffbf005c
ff6cffdf
ff3fff54
001600b5
ff5effa3
ff4bfffe
0068ff97
ff7a0002
00daffcc
fede0033
0063ffb0
ffdeff09
fe6ffff6
ff2e004f
0005005e
ffa2ff56
ff9400ad
004100f7
0003ffbd
ff6a00cb
0023ffdf
ffd00061
ff490004
ffd8ff36
007dffac
00470075
ff38ff66
ff58ffce
fe9e0036
00020069
ffb7005a
ffe8008b
000d00b6
008bffb8
0035fff1
ffb3008a
ffad002f
fef600d2
ff070029
ffe8fff2
00f200c0
ff70001c
0012ffb1
0003ff84
ff7cffa8
ffd0fff2
ff69ffdc
007400a9
00d00048
000b008c
0065fffa
000e000e
0078001d
0034ff62
00460006
011e0087
fff800bc
ff9f006a
0030ff0a
00b7ffe5
ffa30039
ff24fe4b
ff3aff5f
fff0ffa6
ff260085
ffe4ff55
0014ff2d
008fff3d
ff74ff44
fe7dffc4
006affe8
ff1a00a2
0064005a
00270034
ff870070
0090ffb0
0074ff13
004cffc9
004500dc
00e5ffa8
ff16006d
ffc6ff23
0205fe67
00b1ffe0
000200b2
ff5bffef
004b0033
00e0ff68
000f002e
0041012a
ff9fff21
ffd9ff6a
000aff74
ffe60038
006e00f9
ff9e0000
ff07ff73
006400d4
ffeefff1
ff3fff67
001affe1
ff23ffab
ffeefee5
00b9008c
000f004f
fff6002b
ff71ffb7
ffbe0065
005b00ca
ff91013c
fff1008f
003fff52
ff5b001e
ffd10041
002affbc
00820017
00f2fff1
0019006b
ff7a00ab
00b80096
0104ffc9
ffea0090
ff67003f
fece000b
ffb8000a
ff8c0050
ffc800ae
febcff42
00270055
fffd0004
ffcb0073
ff28ffdb
0064ff14
009900b0
001d00e2
0043ffcb
ff66ff2a
0016ff08
ffe70083
004e0135
00840052
000a002e
0024002f
ffd8ff60
00b50017
00bf00c6
003b0023
0048ff6e
feb7ff83
ffb0ff02
fff4fee6
00c2ff5f
008b0002
0015ff80
0037004f
feaeff00
0133ffbb
01130058
ffd00102
00250018
ff3bfe5e
ff92ff98
ffdb00aa
ff2dffdc
ffb10065
00abffce
002f0046
0148009f
00f5012a
0060001f
ffeaffd8
01750089
009a00c3
00ccff75
00640025
ff750059
00bb001b
fe1aff4c
010fffad
007dff94
ffd1ff6d
0089ff82
00280090
0074012d
0094009b
00a80044
ff1eff66
ffd7ff4d
ffe3ffa2
ff8600cd
00c10004
ffc2008b
fff6ff61
ff1eff39
fee8ffdc
0004ff58
ffd8fffe
00a60059
0036ffe5
011e010c
feb2005b
fffbffe4
003100b8
0031006d
ff6bfefd
001a00d1
00ba00f2
ff28ff9e
0045010d
0008ffb4
01060015
0196008c
ffc7ff7c
00020009
ffc4ff87
ff8effc6
ff6a018c
00210073
00510027
ff51ffe7
feb6fea4
ffd3004d
fecd00d4
000e003e
0083ff84
ffd5ff98
fff3ffdb
00ab010b
00e5ff68
00cc00d7
00a7ff0a
ffb80121
fff2ff94
00f3ff95
004e0059
009cfe9d
ffea0032
ff38008c
ff22003a
ffc5ff4c
004100ca
0083ffd2
009b00c3
004cffe7
0003ff7c
fff8ffa4
0065ffc5
002c0084
ff7f0050
0002ffdb
ff39ff67
ff36fff2
ffb7000f
ffbfff98
0067fffc
0056ffad
ffdcff4a
ff87005a
001a0067
ff62002b
0038fed6
fff8ffee
ff02ff85
001effb8
00b40126
000bfe9f
000aff83
000a00d5
001b00a3
fffeff31
ffb8ffd2
0026ffe6
fff6ff49
0091ffca
0034006b
ff06ffb5
ff78ff4e
ffad003e
007cfeee
ffd30056
ffe60054
ffd80028
ffe3ffeb
00c2005b
0118ffe0
007bff4f
ffbeff5f
00a0002f
003d008a
ffe30029
008e0034
ffdc009d
ffa0ff92
ffbefe65
0076003b
002d0023
00210035
005800b9
ffc30048
ff840009
ffecff64
0069000a
00ecff19
01850036
ffa60130
feffff26
fe830023
0085ff7b
ffc60017
ff530078
00f8ff5a
0032ff3a
ff80ffca
ff75ffce
ff2cffd3
001300a2
ff3300c2
ff7a0045
fef4001d
fe34ff7e
ff860073
ffbe00bf
ffd80036
ff750143
fef3ff61
ff3c000b
00710012
ffc20001
ff8bffc1
0003ffa8
fe9c0029
ffb9feaf
ff9d0010
ffd8ffd9
00780031
ff7e0010
fec60119
fed0fffc
fedaffb9
007f01ce
004d0110
ff27ffa6
ff850021
00340051
0008001a
0072ff8a
ff84ff42
ffdfff28
002afff1
ffafff72
00baff12
005b01ad
ff0f00e2
ff8cff67
005ffece
fffeff91
ff56ff8a
ffefff22
0076001e
003e00a9
004dffec
ff1900b3
ff5301bc
ff0f00f5
ff4800b4
ffe9ffc4
ff5f0071
fff800cc
005200d6
ffa8000a
0094ffe5
00d8004c
ffd1fec9
0040fffd
00aaffc2
004dffc9
01420077
004d00ca
00b700b0
ffc1ff6c
007c0131
006fffb9
ff94fff1
00a3004e
00610084
ff26ff61
00b30027
ffce013e
0024ffa6
fff00042
ff3f00d5
ffba011b
ffa4005f
ff6dffad
ff89ff19
ffec0010
ffe3ffe9
ffe8fff8
0027ffc7
0117fe68
ffecff32
002dff97
003c00cd
ff5900e7
00a2000e
ffba0067
ff32ffc9
ff8dffe7
ff470080
ffc3003f
00720092
002ffefc
ffe7ff1e
013affa1
0097000a
00d60072
ff3afe66
ffdd0048
ff740051
ffcfff8e
0010ff45
ff6b0062
ffc20044
fea8004e
0040008b
004f003c
00250062
0068ff54
ff5aff4a
00a10025
ff620088
fee2fff5
ffdaff79
00660028
0059ffe0
ffab015a
ffa6ffa3
00ba00b4
ffa1003a
ff5cffda
0150004a
ff4dffbb
ff1800b3
0106004b
ff9600cc
00a2ff66
00caffa3
0005004e
00b800a7
00bfff66
004800b7
ff7d001d
ffdc0048
ffa2fff1
ff8bff37
0050004d
008d0060
ff980098
002cff89
ffeaffad
ffbe018a
feef003a
ff490047
01080032
ffbfff40
003bffa5
0085fffa
00a7fffd
0088009c
ffa70066
feb9ffc3
ff93fff4
00790006
ff810052
fff7ffe4
ff8500ac
ff22fed9
009cffdd
00260166
ff87ffbc
00c00006
00ccffec
00410033
ffbaff3c
0087fff3
004e00f1
ffbd004b
001b0028
ffd0ff63
00f9ffe7
fff60087
ff6e00f6
003eff92
ffe3ff96
feeb009d
ff96ff1c
00380080
ffe60087
0001ff6d
0036ffda
ff6d0066
ff6c00e7
003bff80
ffaf0023
ff2d003f
00c7ffca
005500f9
0043ffa9
ff27ff37
ff4affc1
00a90061
0060006a
ff87ff88
ff89001b
0035013a
ffbeff68
ffb9ff83
ff990018
0028004d
ffc8fff1
00a5fefb
00a3ff66
ff5eff8a
ffb2003c
ffb80185
008dffa9
0131ff9f
007aff4f
ffefff03
00320065
00caff86
ffdaffa8
ffb3011c
0010ff95
00120018
0021ffaa
0041ffbb
ff5dfee0
ff95ff48
000b0036
ff6b0057
ff69ff88
ffe4ffab
ffa5009e
00a700c2
0016ff56
00b8ffa6
0018001b
009dff43
00c1fee1
ffef0033
ff9a0018
ff91ff32
0138ffc4
ff84ff18
ff380001
ffa400a8
ffb20054
ff5dffbc
ff9bff41
ff23ff2d
fdfb0073
ff56ff9b
00d8ff21
0079003b
ffd0001d
0011ffc1
0020ffb4
00a60046
ff2affc2
00280101
ffdeff16
ffe6ffcb
0038003b
fffdffaf
fed3ffa8
ffaeff3c
ffab0061
ff5500bb
0018ff3f
ffeb008a
ff58ff5a
00eaff14
002cff50
00620043
feb1ffd8
ff9fffec
0102ff15
ff4cfff7
0051ff31
00bbff7c
001dfff3
ffcdffc7
ff53003a
00300033
005dff81
ff08ffd5
003dfff2
feecff93
0028ff51
00c3008f
fef50050
fffe004d
007a0006
0026ff95
ffb6ff87
ffbffeea
0104ffa0
00d30057
ffb6fee2
ff03002b
015a0092
ff7f007e
00ddfffb
0022ff82
0036ff48
fffb01a6
013500a2
00ceff6b
ff9cfff0
0013007f
ff8fff5c
0074ff72
00280042
ffc0ff87
ff340127
ffdf0085
ff6e0079
fee000d8
fed2ffbc
ffcbfffc
0081005d
008900c0
ff770032
006cff1e
0022ff07
000b011c
ff8c007f
0067ff13
00c9ffad
00b8ffb2
00b9007a
ff990026
ffdb0045
ff9f000e
ff76007a
0172ffb1
000effe4
ffdd004c
00ef005d
001a0013
ff48ffc7
ff61009b
00130127
ff9c0017
ff13ffd5
ff060084
ffc30015
007bffeb
ff7e0146
fff4004d
ffdd004d
003bff28
ff880128
ff49ffa3
ffb000a3
ffffffc5
ff9800be
ff40011e
ff20fe98
fef0ffea
00560010
0113ffab
00400016
008a00f5
000f000c
ff3ffff4
ffe0ff64
ffc1003b
00d1002d
0053008c
011dfff1
0056005e
0081ff9d
00f8ff85
ffd9ffbd
ffcc0044
ff0bffb2
ffc70002
ffe90085
ff69ff76
0004005c
00460031
ffc4ff68
ffdfff9b
00100015
ff7bff6f
fe860045
00560058
00060104
fff1ffff
0091fee5
ff0c004e
ff3dffc6
fff3fec1
fe8dff9e
00470037
fe4c003c
00020093
0110fed0
fe9dff83
ff3dff45
ffb3ff95
fff5ff52
ff47005f
fee900e4
ffd8ff8a
00a3ff2d
ffde00ea
0039ffb2
ffaaff6c
ff76ff55
0019ffa4
ff9400fc
005cffc9
00bcff3f
ffc5012f
001300e1
ffe9ff84
004effab
00bfff82
ffb60011
ffc2ff7e
007bffc3
ff4bff9e
ff370087
ff6a0025
fff20048
003aff9d
ff93ff4f
0087ffaf
00690016
ff3a0058
005dff6d
ff4affdc
00f00112
0049fffa
0066ff61
00a4ff22
000200d5
009600ec
ff7cfea8
fed1ff1d
00b8012f
fdefff81
ffc1ffbe
008f004c
ffd8fee3
ffa1ff97
0033ffc0
009fff90
004fff6c
005dfefb
0055ffdf
008a0054
ffaa0035
00d6ffdf
ffc6ffec
ff790188
00d90104
ffa5ff57
00100060
ffe10031
ff450022
fed60086
005e0038
fff6ff20
00a5ffa6
00620094
00700060
ff1a00eb
ffecffdf
00aaffb8
ffd5ff41
ff9c00b7
006e0066
0065ff98
ffa100f5
00d1ff6a
007c009b
ffe6ff6b
0024ff2f
0068ff29
ffdd00f0
00b9000b
00d1007a
00deff4c
0021001f
004c0055
fef60090
ff39006e
007dfff9
0017000b
002bffe1
00f600d4
ff850085
ff3aff66
00e3ff62
ff140080
ff970057
ffc3ff87
ff53ffa8
fff6feb5
0033ff67
00b4ff58
007dff6f
ff0bfec1
fedeffca
00d5ff89
feef000a
ff26ff4a
002cfee5
ff50ff44
ffe6ffe2
0020010a
ffe9ff61
00b6ffcb
ff450020
00eeff92
0055ffee
ffc80072
013dffb6
ffd80003
fffa0047
ffc100cb
00c10004
00b40099
004d0112
ffb8ffba
ffbcff78
015eff2b
0074019c
ff8a0142
000c00ea
fff4004e
ffc60043
fff50068
ff9aff84
0071ffac
006fff9e
ffcbffdb
ffec000d
ff7d005f
0039feda
0039ffb4
ffdf008e
ffbf0094
ffd1ff84
006a002c
003900bf
ff43ffb0
0034ffdd
ff8e00ad
000700b4
0165fedf
00e40103
ff2000ea
fff1fe8a
ffcffede
ff900060
ff96ffaf
011affba
ffd900f4
ff3dffda
ff8e007b
ff27febe
00acff96
00ad0012
0059fff9
ffee0119
0092ff6f
0127ff4f
0103ff1a
fee6ff6b
ffacfef3
ff5f0024
00350143
00460020
ffa5fe57
ff23fe56
ff6ffffa
ff1f008d
0023ff7c
00afff71
0035ffeb
0047ffca
ffb7ff89
00e801d1
00800027
ffa60057
009f001a
0105001c
ff1aff56
ffadffbd
00890022
00440110
ff630094
0082ffa1
002600db
00140059
008effd2
ffce00fa
007301e9
0030fff5
ffb300d6
007f0005
00a4003c
02360067
0174ff40
ff50ffb4
fee0ff8c
ff9c00c8
0074ffba
00a8ffe7
0077006b
003b0020
ffcfff65
ff73ffbc
fec30132
ff6200a0
00d4007d
000d0015
fee0ff6e
ff3d0013
00aeff8f
007c0023
ff57feaf
ff8efe3e
00a90030
0135000b
ffb3004a
01120185
00660055
014fffa8
015a00f8
ff84000e
0010ffb5
ff51ffa6
00d0ff6c
00c3fefb
ff960035
fe8efff7
0012fe4d
ff0f005e
ffe0ff7d
001800c2
0110ffe7
00980014
005a0013
fff6ffee
ffd7ffa2
00eaff5e
fffeffee
ffebffd9
00ed0039
0059fed6
00aaff9e
005c008f
ff7f001e
00bb0047
009fff9c
0031007f
0060005b
018b0019
00f10069
ffb7ff63
ffe1ff0d
0037ffe4
005d0061
ff66ff43
002efecd
000cff76
003effaf
001bffdb
ff1effab
ff60ff7a
ff1fffc1
ffee0010
009c0025
0045004c
ff890007
ff2bfff0
ff3cff90
000affd6
ff670060
ff73fffc
00be0035
0020ffa3
0009ffaa
00020040
ffe4ff9c
febffff8
0073ffaf
0105ffa3
00c2ff5f
ffb50091
fff4008b
fff4ffd1
007a0049
ff40ff9f
fe7600cb
00f70030
012fffd3
ff4afff1
ff500054
ff4effe9
ff860028
004e0090
fff8ff30
008eff26
fefa0053
005b00f2
01060025
ffa0005f
006d0017
002f000a
017300b2
0059ff0e
ff55fff3
0044ff6f
ffc7ffa7
ff7efeab
ffe4fff7
00b50108
fff5007f
ff91ffb1
00aaff24
fee9ffb4
ffc00112
ff6bfffa
00caffd7
0092004c
ff74ffd8
00b5001e
0045ff9d
012bfff8
007bffa4
00a9fe90
00910013
00ae002e
0029ff00
006dfe2c
00fefef2
ff9aff7d
001b0014
014c00b4
0084009c
0080ff5a
013dffb6
002500e4
0078ff5b
0066ff0e
002c0062
0024000c
ffea0160
01050046
0073ffb6
001800d3
ffa4ff73
ff59ffef
0085ff78
ffacffd6
ffe40022
00faffa3
00a201f2
00e700bb
00700029
ff6eff30
0143ff32
00a40083
ff4a00ee
fea1feb8
008afff2
ff6c00a1
00a1ff42
00c9ff8b
ffa900fb
013500fb
00b6ffde
0069ff36
00bafe98
000f007b
002a00ea
019fffb3
004ffff2
0101003b
0105ffad
ff7cff6e
ffac007a
0022ffe9
ff91ff40
ffc1ffe6
00660003
ffee009f
00ef004e
ffb30039
00e700c4
ffaf0058
0049fffb
00f0ffc2
00c3004f
ffad00ac
fefbffd7
005dff98
012700cb
ffab0029
00f7ffbd
00e0ffb0
ffc4005a
01540151
0012ff00
fed0fe6e
0020ff0b
ffd0ffe2
ffd6ff95
ffef0031
002dffb3
00a300ac
0040ffdd
002affc9
000d0064
ff4f007c
005f00b5
01230039
00a7ffcd
0056ff3f
0123ffbb
ff880062
fff10031
001400b6
ff22ffe2
ff73ff0b
ff48ff76
000800b4
ff91ffb9
003efe75
0064ff39
004effad
ff8e00da
ff72007b
ffdaff4b
fffe0119
fe8900ae
0108ff1a
0025ffb7
ffda006b
0013004b
ff34ff71
ff260091
00540073
0113ffc4
ffc9ff7e
0040007a
006d0069
00c9ff28
015c0011
ffe50046
fff9ffc3
00d40013
ffa90070
006e00bf
0084ff8f
ff3effdb
0024ff85
002bfffc
000200c9
ff56ffd0
001efffd
00150030
002cffe7
00e4003f
ff6dff79
ff6f0029
0070ff06
006aff1c
00f7ffb0
ffaefffc
ff04002f
ff640106
00440066
ffff0023
010e00cb
ffc30024
ffebff78
ffb2ffe4
000c0006
ffbefff0
00760009
00460099
fff9014b
0118ff82
ffb8ffbc
ff790032
ffd7ffc4
ffb5ff9c
0022ffc7
ff3e0045
0056ff9c
ff07ff73
ff49003a
00e0004f
0077ff6d
ff5000b1
ff1b0049
ff2500f5
003a0060
ffef00b3
ffe7ff54
007d004e
ffbaffb9
ff740071
00800133
00c4ffac
004600ad
ffd2ffb9
009d003a
ff9dffba
00aeff91
0020002f
002b0055
00d7ff82
00c0ffa2
00c8fff5
ff4b008b
ffa8ffd2
011affeb
ff9d0029
0055ffe8
0022ffdf
009affa3
00f3003f
ff8cfffd
ffd6ffc2
ffa0ff6b
0090ff20
fed4ffbe
ff9f00cb
ff8c015f
ff71004c
00d0005b
fecf000f
002effae
ff870096
0117ffc2
0006ffef
ffd200ab
ffc70011
0025007e
00c5002c
00bc0063
001e00cf
ff9dfff2
ff17ff3d
fed6ff8f
004bffcd
ffaefff2
ffb7ffad
001f001c
00df0029
ff7dfff0
001f004f
ff72ffd2
00a100ea
ffcf00bc
003fff61
0091ff28
0024ffd1
ffb3ffdb
0088ff62
ffb1ff2c
fffdff3d
ffde00d5
fef600cd
001901e0
006e0029
0091ff86
005400a6
ff16ffae
ff9bff87
00ac008b
0064009c
006eff7d
0074004d
000cffe2
ffb000e5
ff4b0048
005f00fd
0062007e
00a20000
00f3004b
ff75006d
ffb5ff47
ffc0ff5c
0007ffbb
00cc00a5
0067006b
00a60024
fed700a6
ffc0ff4e
ff4a00dd
ffc100c9
fffa0080
ff73ffcb
ff160073
fe770016
ffd9ff88
012cff76
ff72ff9d
0060ffa4
fff0ff84
ff51ff6e
00d60025
ffad007f
00570058
ff91fec9
010ffff8
01000016
fedd000c
fe710179
ff4700d1
0051ff8f
ffb9ff85
003c0024
0081ff94
ffc6006b
00970072
0015ff3c
ffd00020
ff37fff7
00090058
0043fefd
013affee
00d5003b
0005009f
001100bb
00dbff9c
002effa6
0068006f
00e10043
0121ff83
013a006f
ffc8ff1e
007cffe1
00ed0098
ffae0031
ff90003d
01b100b4
ffecff64
000bfffb
004fffac
ffe3ff42
01100026
ff1400bb
ffd4ff10
ff4d0091
fef80013
ff5afe92
ffe60010
0027018a
011affc6
011bfe5f
ffbf010a
003ffff4
ffe20098
00e30065
ffd2feed
ff5a0131
0020ff75
0018ffbd
0144010e
0071ff67
fffd003e
018fffc7
ff33000d
ffaf009f
0133ff8e
ffd600ab
ff78018c
ff4c00ed
00600005
ffe1003d
004f0090
0033018a
004b00a9
ffdd0071
0087ff69
ffa9fff8
ff410040
ffdd0107
ff2f00a3
ff780038
feb0004c
ffe600c1
ffd500b6
00b6ff03
01a40008
0015ff87
fff9ffa7
006400b9
0092ffab
0072ff82
ffbbff6a
fee6ffc8
ff6cffed
fef2006d
ffd90030
ff9b001e
ffa2fe6f
00800032
008aff68
ff9fff89
ff25ffc9
ffc7ffd6
ff61ff9e
fff40177
0092ff31
0097ffb1
fed80114
ff21ffc5
00cfff69
006fff7f
ffbdffc2
ffb90169
ff580005
ffd200cd
ffc1001d
00780021
ffff0019
ff61ff17
ff3effa1
0040001d
ffd0ffeb
ff54ff76
00b60015
fee400a3
ff0cfff2
fffe0065
ffa9fec4
ff76ffc6
00ecffe6
00c10075
ffedffe9
fff7ffcf
ff29fff9
00af0059
ff4b01c2
00310002
fff6ff79
000dfffc
00a500b5
fed5018f
ffbbff5d
003d016f
ffd3009c
003cfff5
0083015e
0060ffe7
ffeb00ae
ffe10046
ff7800ab
00500094
00ca0022
ffaa0010
ffc9ff0d
ff29ffe2
ffb6003e
0169ffed
0048003f
00a5fe82
ff8b003a
003cff3e
005dff90
ff340055
ffed0018
0014ff3e
0138ffff
ffe0008c
ffb50187
ffe2ff8b
ffc6fed4
ffa8fffa
ffd3fee4
002800c5
ffb4ffb9
011900d8
ff99ff88
01cbffd5
ffc7fe8f
00090010
014dffb7
fff9ff9b
008a00b6
00c500ae
0054fff1
006300be
ff420008
ffc7ff47
006a003b
009d001a
fff20090
00f20020
ff51ffd3
009eff0a
005eff71
ff960023
0064ffa6
ffc1ffa0
017a005a
018f0103
00beffab
002ffed3
00110039
ffa70053
ff7700e8
ff6200c4
ffd2febb
0018ff9a
ffc3ffd7
005500ad
ffbd008b
ff27ffb6
fefd004e
00aa012f
001f0037
0010ff4c
ffceff51
fff60028
ff48ff98
ffa2fe98
00ccff78
0099ff15
003c0069
00c1ff96
ff20ff1a
ffb1fff2
fff7ffde
0019ffe1
ff5cffe8
ffcfffdd
00bfff58
00d8002e
00bf003f
ff59ffac
0045ff99
00880019
fed9ff6d
fff8ff68
009affce
010500a7
004a002d
ffee002b
008500c0
ffddff85
ffecffde
00200118
fffeff73
0078ffc7
0070ffe2
ff9a0044
ffa20033
ff560019
0085ff4b
00ce005c
00f1ffb2
00f6009e
ff9cff1e
ff2fffeb
0056000c
0025feb2
ffb9ffc0
003dff43
0046ff3f
00640068
ffc600eb
000100ad
00f00054
00a6fff8
0121ffa4
00a6fff3
000900c6
00350098
ffd30041
00540101
ffe300c9
ffca00a1
ff960001
0071001f
000500d2
ffe6007b
ff840038
ff95ffa3
00e6ffa3
ff4f0000
00cd0030
ff88ffcd
ff8300be
0175009b
ffbdff79
ff38ffdb
00760071
00b300d1
ff6e0023
ff5effb3
ff430045
00e4fffc
fffe005e
ffecff62
ff6dffbd
ff7800b8
005c00b0
ffd60012
0076ff22
0082ffe6
ff88001c
005a00b3
0104008e
007c0085
001d0009
ff9f0025
ff8f00af
00da00fc
00ccff30
00570035
002cffb9
008bfff3
ff840030
ffbbffb4
ffcf0024
ffb3ffce
ff86fef1
ffc6ff48
01690094
00fb00bb
ffd60095
ff99ff7a
0000ffda
0140ffc9
ff71ff58
00a9ffa7
005400b0
0012ff75
fee7010f
0137009c
ff410041
ffccff46
0123ffab
ff340085
ff870009
fe8c0049
ffaafec9
ff52000a
ffbd0075
00b0ff60
ffd6ffbb
ff63ff93
0088003b
0055ffa0
00efffb5
00ac00b6
00680054
ff6a0042
ff730103
ff6f00d4
ff8300c4
ff10004a
00050062
ffb9ffe3
ff8aff9a
00290006
ffd000da
00390028
0040000f
fff80070
ffbbff8c
ffc4ff3f
005100f6
0036ff8b
ff50ffaa
011eff87
ff7e0032
fee30039
0111ff82
00490106
00ba00ea
00e6ff32
0054ffbc
fe68ff16
004cfebd
00b3ff03
0061ff89
006100f6
fed500a3
0020ff9b
0002ffec
ffc0ffa8
ff91fe4e
ff1d0058
0098ffa9
fffbffb9
00630045
feed0095
00b9ff8d
ff89004f
ff5affcc
ff31fef7
ff2cff6a
ffb1004e
ff3d005a
005aff9c
ff9100c0
ff1f00c4
ffb8ffd1
ff20ff3d
001dffda
0001004b
001900de
0090ffe6
0080ff11
01e3ff5c
005dff9b
0011002e
fe9000c5
0041fee0
0111fffd
ffa80103
00220022
ff82ffbb
ffc2ffcc
00b5008a
00280095
ffbd0126
ff47ff60
ffd7ff9c
0028ffab
0089000a
004a0045
ffecff80
ff910007
017dff78
001bfed0
ff310012
005b00be
ffcf0057
ffa50076
ff3700a5
fff90088
0098ff8c
00a0ffd9
fec0feee
ff89ffac
00b3ff18
ffd1ff23
ffa800ea
ff80ff97
00700092
ffda0013
ff3b0034
0024ffda
01b80075
ff450016
fe880114
005e0037
0114ff8e
011b0041
ff400015
ff9a0019
0033ffd2
00910157
0044007a
004b0014
ffa4ff7e
014bffd5
ffc5007b
ffeb00d3
00c4001a
001ffee9
0092fe70
fffafe93
ff1900d8
ff4cffd7
000a0094
ff24ff84
ffa40008
000affe7
0089ff67
00ea0111
0068ff6d
018d0069
ff74ff94
0031feda
006c0143
004effbe
0072fff0
ffc3ffc4
fffaff25
ff2f0094
000effb4
fffc0099
0003000e
00d7ff65
ff98ffa0
0094ff8f
ff13ff7a
ff72ffb1
ff1600c2
ffd8fff9
00f700c5
ffcd0160
ffbd00e2
0045ff94
008b002d
006d0002
fff200ca
00420125
0069ffe5
ffb8002b
001f00c7
002ffebd
0057ff9d
001b004b
010b0026
0024ffbd
fff60070
008d000f
ffdaff99
ff38ffa5
feed0065
0021011f
00780069
ffa4fed7
001a0171
ffbe0094
ffe7ffd9
ff78ff54
ffd000f3
015e002c
fff0ffad
ffc500a6
ffc3ffe0
ff6efff8
0036ff68
0017ff8e
ff82ffb3
ffcaffeb
ff76ff7b
0017ff02
00100019
00a100ef
00bd00f9
ff07fff6
fe95ff25
ffdaff96
ff1000cb
fef90071
ff89004a
ff8e0035
ff9cfff2
00ec003a
febf001f
ffba005b
006f0004
0042002b
ffecffa2
00670070
00a80069
00b8ffc7
002f00a2
ff60ff80
0025fdf4
ffa60134
ffa9ffa0
fffd0036
00c50030
0064ff21
ff28fef6
001200bd
006c005d
ff26ffd2
00160024
ff9dff70
ff6fff55
fe5aff95
ffb000a6
ffe4008d
0094ff5a
00c0ff96
ffa4ff3a
feefffac
ffbbff59
ffa5ff04
ff61ff6f
00c8fff2
006afff6
020000ad
00d20047
ffa50099
ff9dff3a
006f003a
fe81002a
00e60025
ffe0ffd5
ff780039
0072ff49
ffbbffaf
ffff00c3
ffd8ffd8
007100d5
fff0fff1
ffcf000a
011aff7b
0030fee9
ffc6ff35
ffabff82
ff4d0002
0054ff74
0035ffc7
01cd00a9
0014ff5b
0088ffa8
00260056
00af0093
fff20061
fe61ff27
0053fee9
0124003e
0050feb4
00c4000c
ffe1ffd2
fff3ffbe
011a0029
0083ff9d
0064ffa1
00a80076
003a0079
0044feff
ffb0ff87
0060007c
ffb1feb7
00c4ff99
ff1eff37
0006ff91
fffaffcd
ffbd0035
0099015b
00290068
006eff28
ff31ffa2
0027fffd
0002fff9
ffe5ff76
ffb4ff6e
ffab004e
0021005e
0054002c
ffd2ff75
ff56003f
0114fffe
00f7ffcf
ff9e000d
ffadff2e
0005fee8
005dffb2
0004fed0
ffd90039
ff52ffb1
ffedffb6
ff63ff9c
011e004a
ff1e0187
007d0088
00750069
ff41ffeb
0086ffb8
ffeb0013
ffc60036
ffb6ffd0
0023ff4a
00a4004f
00810044
ffefff62
002d0132
009eff6c
ff34ff74
fee2ff23
ff9c0013
fea3ff9b
ff63ffbf
00a600c4
0068fffb
ff91002d
ffba0027
00afff46
005eff31
ffd2ff23
ff240007
fed7ff5a
0016fff5
0019ffd6
00a90016
00840100
006bff9d
0007ff66
0082001b
0031fffd
ffa6ffee
ffecff8c
0020ffab
00c30028
ffc4ff4a
00bdffbe
ff72fffa
fff20031
005affec
00030023
ffecffed
fef4ffc0
009eff50
fff4ff73
0025002a
009cffb6
00480015
ff3400ac
0068006f
006b0046
ff56000a
ffc1ff99
fff7ff94
ff93fe5c
005a0023
ffcb0141
00c60074
007dfff1
ff79006a
ffc0ffd1
ff59ffb2
fee7ffff
0040ff96
00db0042
00870091
0040ff58
002f0098
00e2003d
ff59ffad
fee3ff93
0037ffe5
0007002a
009000b2
00f200b3
ff810061
ffecff84
ff750096
0040006c
0036ffa9
ff1bff31
ff28ff8b
0008ff57
ff81ffec
ff0300c0
fec3fff0
feebffd1
0074009b
009e006d
fffc002b
ff8a00b8
ffc50037
007a004e
ff3fff93
ff68003c
ff93fee8
0046ff14
0013007c
00bf0069
004d0040
0028ffa9
007e0057
0085ffe1
00560013
00e9009b
006cffb5
ffba006f
ff20007e
ff78005a
007100ac
0070ffa4
001900f0
ff7dfff6
ffd6000c
0090010a
fffe0018
fffcffcf
000fff95
ff450055
00d3007f
00ff007f
ff1800eb
008e0042
ffb2005d
ffdb0003
00320019
0094ffcf
ffb1fe94
ffd9ff7b
00beff9e
0068006c
00d3fff5
00b9ff01
ffc8ffb9
ff97ffd0
ffe6fed1
0046ff4d
ffc2feed
ff2500c5
0041feba
00910054
002fffec
008fff55
ffc2008f
009cff06
ff71ffe8
feecff65
ffaafff4
fec00043
ffefff69
0070ffa8
ffe700cf
0005ff33
003a007a
0017004c
ffaaff87
003b0092
ff06ffe0
ff4000cf
00b100e8
ffda0092
ff370001
ff3cff8f
ff1700e8
ffce0061
0111ffb7
00110027
ff95ffc1
0122ff5a
00f6ff3f
ff08ff94
0165ff60
ffe1ffa6
ff8fff78
ff1dff19
ff290042
006dfef7
ff7c0149
ff2e0189
fff3ffb9
ff94005f
003500a5
00a0ff50
002afffd
ff5300e5
ff8dffbb
ff6d008b
0037005c
0031ff9e
ff71ffd2
002b00ba
ff77fef9
ffb9ffed
ffd8ffa8
001b0023
010c007c
ff66ff94
ff6001ad
0061ffa2
001efed6
ff36ffec
ffed0118
00900195
fffe0004
00ff002b
00ad003e
ff06ff33
0062ff84
00190049
012affea
009cfe63
012aff5f
ff89003e
ffa30008
ffaa0011
001bffe3
ffdd0085
00c3ffb0
ff380033
0002007c
ff8cff71
0012ff09
ff97ffec
004e0055
00cdffc7
006f0035
ff8f000c
ffe900f6
00190033
002400a5
000b002d
0057fffa
ffd8005c
00dc0062
fff000a2
001affe1
fffc005d
ffc10060
ffaaff2d
ff4f0057
004b0170
ffce0065
0080004d
0031fea8
001100c5
0078fff8
002effc1
0085ffd5
0016ff1a
ffd9006e
ffd2005c
012600c4
00fd00a8
002c0022
006e0012
011bffbc
013fffe3
ff830012
0032fe8e
0126008d
ff760015
ffc0ff9d
fef7fea1
ff60005c
00ac001b
ff9cff00
ffc60060
fe7b0096
00010068
00d30039
ffd8ffa5
00aafff6
00d8ff4e
0023004c
ff960022
ff6d003c
ff10000f
00c2ff9d
000e002d
00850032
00d8fefb
010900ee
0042011b
ff2800ae
ffb900a7
ff7effbc
006d004d
ffd5ff83
00b7000c
ffc50018
011300dd
0071ffdc
ffb6ff4c
ffe9feb6
ffda00ba
00100090
0063ffc3
00cf00b7
ffbc008e
ffe60177
fffb003a
003b00a1
00d70106
0187001f
fefb00c1
ff9100b8
ff4fff8b
ff020043
ffb0ffdb
fe55ff3f
ff3d005e
002bffdd
ffffff4d
ff7effd1
ff98002e
ff5500d3
ff23fef9
0023ffb3
005e00d1
0038ffbe
00baff8d
0077009e
001e006c
ffaaffb5
004e0142
ff300010
ff4effae
006fff34
ffff004c
0002ffe0
ffc8012e
fe490078
ffc8ffb9
0091004c
0094001f
0049ff8b
000d007f
0051007e
ffa8ff3d
ffd4ff2f
ff57ff26
ffdeff68
ff02ff3d
ff780063
0028ffd4
ff4f002a
0036ff42
0074fea3
ff36ffea
0034ffc8
0003ffe7
ff93ffb8
ff1a00d1
ffe50082
fffc011a
ffe100c2
006fffe1
fff70072
ffcffff4
004f00e5
00630045
00d7ffde
005cff6e
00d40038
fff3ffbd
ff8affa2
ff8fffb0
0090ff25
00710083
0036feb0
ffaaff5a
feeaffbe
ff530013
fea0ffcb
ff69ff3f
ff95006b
fffdff4e
0048ffde
fffbff67
003dffc1
ff4fffc8
0020ffdb
fef500f8
ffa30094
ffcdff70
0017ffe2
0000fe90
ffac0026
0093fe4f
ff81fffb
ffa600b8
0135009d
ff5000e9
ffe2ff04
ff6bffb6
ff4d0030
0051ffcc
ff7effcd
009400a1
ff7bff85
ff6e0014
006c004e
0105ffd6
0021fff6
fecaffe0
ffbd00ac
ffb20060
fff200ad
00ca0073
ffb4004f
ffc6ffd0
ff59ff0d
01b8ff64
ffffff9b
0087fe75
00aafffe
005ffff2
009b0063
00b800b7
006e003b
ffb8fec3
00f6ff4e
ff22005c
ff2600a1
ffdbfeef
004aff6e
00040057
ff6affd8
ffd2006e
005c008e
ff9e0073
001cff58
ffe2009d
00ad0139
ff900006
004dfe7a
fef40088
005aff48
008afe94
003d004d
0032000e
001c0055
00ef012a
ff5dfff9
ffb1003b
ffda0021
012a0148
003bffbf
0050ffed
00830101
ffb80093
00c8ffa7
0131000e
0080ff87
ff64ffd3
0068fff9
0069ff7a
ffd5ff82
ffe10057
002f002c
004cffff
00110001
00f8003d
ff99fffe
0085fee6
ffbd005b
ff97ff9e
0025007a
0038012d
ffc9ff1a
0029ff6a
ffd6003d
003a002f
ff91ffe8
ff1b004c
00090138
fed101b3
fef0000b
fff5ff82
00f2ffdf
fff400ac
00b4ffec
0066ff5b
00c50047
00d30087
001dfff7
00a2ffe7
00a4ffc5
ff50006b
ffa6ffd6
fe95ffae
ff26fff0
ffebff5c
ffebff77
000fff6b
ffe0ffac
0056fef1
001d0100
00090062
ff65ffd3
0184002d
00a50027
ffecff42
00c7ffc2
00e700c9
0105fff7
00bd00b1
ff5cff45
002effa0
ff3bff5e
ffcf004c
ff710000
ffb3010e
0026007d
003cfed6
fee8008a
ffa1ff40
ff69ff71
ff86fffa
ffcdff3c
00d8ff03
0042ffea
ffd1ff2c
0007ffbe
001801d2
ffa0ffd1
00100043
ffb400cf
ff1500dc
ffb5ff57
0031ffea
009fffd3
00810061
ffd60067
0100ffc3
ff80fff6
ff160040
ffa500bc
00ce0136
00a90043
ff8b004b
fe970053
0020002d
ffa200a0
ff7c0062
fdbaff58
014800bc
00150131
ffd60007
ffe9ffec
ffe2ffcb
0000ffa3
ffda0067
ff5b0020
ffca0080
ff86ff74
00a5ff8f
ff420054
008e0018
007c005f
ffed00be
004cff8e
ff2dffe6
00b70191
008a002e
002d0054
ff96007a
ff8f0049
fe4b003e
00a50033
ffaa0040
003b0096
010cffcb
ff8a0129
fead0092
ff560060
ffd00142
001affc5
ff8e0024
ffe000fb
008effe5
00a900f0
ff1a008a
ff15ffb2
00e8ffcf
002effc2
0062ff17
fef500c1
002d00c9
00970095
000affce
ff59fec8
ff910080
ff4f000c
ffbe0046
003f0087
ff5f0034
ff4dffa7
000aff85
fff5ffcd
001dff9c
ffd8ffc7
0037ff55
ffb9fef1
00040004
ff30ff61
ffa40059
008e0067
0144ff20
ffac0063
ff39ff8f
ffe3002c
00a800a0
ff97ff5e
0045fffa
000a0058
008efffc
009e0062
008f0062
000a0042
fe2e0119
0032fffe
ff9afff0
0121ff72
ffd5ff66
ff97011a
fedb00e3
ffddff15
ff0200a7
0051006d
ffbaffec
00a0fffe
00610063
ff84ff19
007cff34
fedd001e
ffe7ffa2
00a8ffc1
ff30ffe0
ffd0ffd4
019500a5
0072006c
ff86000b
ffc9fe56
002aff1f
fef5002b
ff71ffd1
00f9ffcf
ff4a0110
ff710039
ffd900e7
ff5b006f
ff9c00cd
ff970074
0029ffdc
ffd2ffef
ffa5ffc6
0028ff5e
00f2006d
ff1a000d
ffa3ffc8
00d300c2
fed8ff90
ffd8002b
00a40040
002cfff8
000dff9a
00160008
ffd3ff70
0050ff65
ff43ff25
ff74016a
006300c7
004e0098
0010017e
fffc002f
00edff85
0038ff2b
00b7ffbb
017fffe6
006e003a
00c4ff1b
ffd500ad
fff7ffb7
004aff4f
00ceffbe
009cffd1
ff68ffe9
00a3ffce
0037013b
ff770103
0045ffba
ffbcff45
0059fff3
005d0050
feaf0054
fff5ffa9
00140036
00ecffe0
008c00a8
00290096
00450096
ff3cff9d
003fffd6
ffa80019
0012fff1
00560020
ffc90017
003effca
00ec00ef
ff6bff79
004e0035
000a003d
ffea0068
0022ff84
0044ffe6
0049ff48
feb0ff65
ffe80040
ffc5000c
003e005c
ff5a0137
ff3600ad
0016004f
ff24ffd6
0030fe91
006cffaf
002dffbc
005f0089
00e70080
ff560050
fe9c0037
ff8d0009
004601c5
002b00c0
ff8d012c
009bfff5
ffcb0023
006c0016
0013003c
ffbd00e6
ff6dff74
ffa8fe50
ff0a0055
ff3afed6
0190ff29
0010ffb0
ffa2003c
0016ff6b
0043ffc1
00d50026
00ea005c
ffdf0024
ff41ffce
ffe90035
ff830032
0097001c
0136003b
ff86ff3c
0095ff78
ffd90033
00140008
011aff48
00010044
ff63ff66
ff890025
ff3200e6
ffbb0045
ffcf00d2
0141ffa6
00a0ff97
010dffb4
ffd8fefa
fea9ff7f
00f7ffa8
000fff72
ff730111
ffa00033
00c80085
006affca
fff6ff96
ffb400f3
000bff81
0026fec1
00b100ab
0114ffb1
00beffb1
feea0153
ff9fff43
ff35fffc
ffcafff2
00c9ff3c
0001ff29
fff9fed2
009a0031
002a0092
ff23010f
0090ff8c
00bbffb3
ff72007f
ffc6ff2f
00eb0012
ffebffe2
0018ffdf
00aeffa0
ffe7ff24
ff550004
ff60ff1c
00a0ffec
000d0020
007fffb1
015dffba
ff38ff2b
009d001a
0074ff8c
ffc7ffed
000b004c
ff620064
ff6cff5a
006b00dc
00140026
008fff0f
0074ffbd
ff4700c7
006aff44
fee100a9
ff5600d6
ff8efef7
ff57ff32
ff58ff7a
ff860068
ff920001
00f3003b
ff6b008a
0009fee6
ffb0ffa6
fef3fff9
003900dd
002300a8
ff85000f
00a2fffc
ff880085
0058ff1a
ffc3ffa0
ff0b00ea
0012ff8f
ffe8ffc7
ffc200aa
fff80007
009a0072
00b9ff9c
ff8dffd6
003100e3
0044fe8e
0054ff26
ff68ff86
0063ff51
ffeb0054
ffc6004a
001f003a
ffafffe0
00530121
0043007f
004d0008
0082ffeb
001d003b
00400051
ffc0ffd1
ff29015f
00c8ff79
00b3ff41
ff83ff6d
00a20083
00faff72
0023ff7d
ff450009
ff9600fe
ff6100cf
ffd0ff8a
0125ffec
feb50136
ff73ffce
ffd4fedd
0066ffc3
005800bd
ffdafffc
0090ffb2
01240128
ffb8feb4
fe870081
ff180083
00bdffea
ffaf00c4
00120050
ff610052
ffa9ff3e
0016ffdd
0075ff71
011500cc
ffeaff79
0126ff0c
0025ffe6
0001ff10
0151010a
ffe8ffcb
0031002b
ff08fff2
0018009a
001b0021
fff3011d
00d5fe7f
ff46fefc
00cf0041
0017ff3b
00140003
004effec
000f005a
00a10083
ff1100ae
ff11013d
00cafec4
001c00d0
ff23ff5f
ff4eff1f
00ab00d5
ffda00a0
00a10078
00450011
ff68ff7f
01a40056
008e006d
004a0005
0068ff2d
ffbdff5f
0064000c
fff30142
fed80093
003fff67
003aff41
0032ff79
00b1ff71
000900a9
ffe9011a
00730019
00c0fff8
0020fff2
fff0ffe0
fff90092
00360090
fffb001a
0008ffbf
006800e5
fff2ffd6
0141fec2
ffbcffad
ffe30043
0114ff89
0140ff76
fffd0043
ff8100c2
ff11ff51
0098ff8b
00770095
ffbd00fb
0099ffc4
002a0103
017b0171
ff77ff9f
0080002b
fffe0097
001a0079
ff7b0001
00cb0053
ffcb0040
ff92ff3c
0071ffc7
ff79ffb1
fe33ff6a
0054ff18
007a0104
ff46ff98
fffaffef
fea80147
0023ffd9
013600e0
0027fe75
0044ffee
00550052
ff7600d3
ffbe00ed
0042007f
009fff93
000f0131
ffc10144
0014ff78
0097006d
00adfecc
ff1d009b
ff300027
0039fe8c
ffedffea
009dfff1
ff8d0032
00cd018c
00790051
00020065
00be0035
ffbf004a
00580036
0023006f
00e4ffb4
ffbaff74
002bff4c
ffe80049
ff8c00f0
012dff43
ff4a008d
ffcc0014
00cdffde
fff3ff89
008e00d5
00410019
003cfff3
ff7c009e
00bc003a
00890151
ff9000d8
ff8800b9
ff64003a
ffdf0034
000bfffe
00c90046
009400b7
ff93ff55
fff0ffdd
feee0147
fef90014
ff7f0023
0057ff7d
002cff3f
00cb00c8
0026ff53
ff77003c
ff04ff4b
ff78fecd
ff7d005c
fffbffd9
00a70089
00b2ff6a
004f0109
00220005
003d00a8
ff9a0048
003aff7a
ff63ff09
00420049
ff6f0083
ff2c00ed
006cffff
00c90035
00450043
0001ffb6
ff440039
0100ff75
ffdc006e
00850063
00500047
0033ff95
00210069
00450019
00800069
ffaa005d
ff93ff2c
fef200a3
008aff6f
009f0009
006a007e
ffcd009b
000900d2
ffc3ffa0
ffa2ffc8
ff27fff1
ffb0fe7e
005700c9
00b10010
ff73ffdb
ffa90008
fffc0038
ff7d002c
00a9ff8a
0083ffe1
003c000e
00b3009c
ff37fe83
001800a3
ffb200b4
ff4effcb
fecbffe4
ff7dfffb
0075004c
ff9e0059
ffb2ffcb
ff91ff45
003effcb
005eff85
001bffc8
00fd0013
fec60092
ff8dff68
01b50080
00470039
006d0126
ffd000ff
000f0063
fffa010d
01390062
ffbcffb3
ffe3001e
ffeb0094
004300cb
ff5dfffc
ffab0087
018fffd2
ff76ffee
ffa8fee8
00ebff32
ff81ff84
ffbc00ed
ff260023
ffb5ff51
ffdbffaa
00ff0005
00a80021
0135ffd2
ff1300d8
ffe6ffb2
00e3000c
ff7c000f
00c50040
00c6ffb1
fecb008d
001cff3a
0052005c
001b0066
003bff84
ff89ffaf
ffa70073
00fbff84
0013ff2e
ff940023
0016ff83
ffbcff02
001cff88
ffd10070
ff0e00cb
ff9c0090
005b00e6
007600f2
fefeff6a
ff39fff3
006c0106
ffeeffae
00ac0026
ff9fffca
fff50039
ffcd0037
ff7dffe3
ff8c0099
ff590025
ff0d0052
feabfeb7
ffb200d3
ff87ffd1
ffea0024
fee500d2
0025ff80
0009009b
007b00e1
001aff83
ffc000a2
0099006d
0025003d
0050ff9f
fec3002f
008100d6
ffe5ff2c
ffae0069
00980062
00400095
00370077
ffd90024
ff930173
00d500af
0185ff6b
0061ffa0
fee60010
006dffdc
0108ffab
0052ffcb
ffa4fee2
00c2ff64
fffa0046
010b00fd
0008ff41
ff4a001a
000c0069
006f00b6
002f009c
0051ffa7
00a90031
00240075
006a0128
00790152
0069001e
0120005d
ff58ffe4
ffd60009
0077ffb8
ffef0090
ff99007d
004effe1
0032ffca
011b00fb
ff2eff69
ff14ff35
009b0088
ff28005c
ff2b0127
00140045
001400b9
008fffee
00fe00bc
ffb3ffd0
ffda0056
0118003c
ffbf0076
ff710001
ffc1ff64
fff50067
0037ffe9
0062ffb9
003e00cb
fec4010e
0031ff56
00e4fe9b
005dff43
0099ff91
ff520038
ff7d0000
0127000b
fff800a3
ff40ff4b
0041ff30
ff720001
00030010
ff900047
feb4006e
0069fe72
0041ff94
002efec0
ffefffae
ff560147
ff7f000c
ffffff26
0018007d
001bff25
003f0017
00a7003b
006eff34
ff95004a
00620008
ffcd004c
ffaf001e
0112ff4c
ffb70033
001c005f
005ffff2
0045004c
00ee0019
ffc2ffa6
007900c4
002effea
ff68ffd6
ffb1ffcc
00dbff9b
ff59ffb8
ffcd00b3
ff300066
ffd7feaf
0065ffd8
003b0062
004dffdd
00befed0
00a1003b
ff560014
0075ff48
003cff74
00d1009c
001bff8b
feee00aa
004700c1
01a2ff33
ffd00101
ff0effc6
0034ffa7
01030076
007b0015
ff11ffbf
ffabff5b
ffcd0009
ffe6ffff
000c00ab
011f00d8
ff77ff5d
ff820112
ffcf0092
ff2eff04
fe4d0000
fecefef2
0089000f
fffe00ed
000dfe8e
fffa018b
004d0098
004dfe88
ff84ff60
0033fff8
ffa90150
fffcff65
ff390045
fff2ff7d
ffe80021
ff790009
003bfff3
ff4affaa
ff72ff32
000100ea
fdb5fefd
fffd0167
001c01f5
ff14ffde
008aff84
0003ff7f
ffd70042
ff37ff8b
0036ff3d
ffdcffc5
ffb8ffab
0015ff57
ff8ffff0
ff7fff4a
008a0078
ffe90079
0111fef9
feb0006a
007600e5
ff45ff8b
ff77ffe7
002200d8
fefcffd5
ff6eff89
0028ff83
ff85fedf
ff2f005d
00840071
0004003b
0015fff1
0071fff6
ffcc0050
00810007
00350020
ff98fffc
fec0fec6
ff0bffa0
01190111
00f601e9
0048ff8a
009c0085
ffc7ffe6
ff840006
ffd100e5
ffc5fff0
0062ffb0
007700a8
ff77ffb5
0005ffb1
ff940079
ffb900fe
001fff69
00bafedd
00ce01af
ff570174
fffdffe5
fff4ffad
ff55ffb0
005affff
006a0031
003f002e
00ae0021
ff8ffe72
0099ffbf
ffdeff19
ffa1ff9e
00bd002a
ffed005f
ff300083
ff170071
00490071
00c9007f
00ca0077
fffa0080
001affb6
ffbb00b2
ff630026
00790090
fee300b2
0024fe6d
00090072
0024001b
ff9c008c
ffc5001b
fff5ff5b
ff1e0043
0055ffb9
00db002a
ff9eff4c
fee80028
ffbf004c
00b90082
feda001a
ff91ff89
ff4dfe89
0083007e
0135ff14
fe76ff69
003f0036
0068fde3
ffdf0002
ffb200c9
0047ff90
ffc9ff87
fffaffa1
013c00a4
ffc5ffba
ff51ffce
00d2ff5f
fffc00b3
ff1501f7
0106fffb
0073ff98
0073009e
ff9effed
0042ffab
0082ff85
ffc6ffad
007d00f7
00800093
fffbfedf
001bfee9
fef6ff8a
ff9fffe9
01690029
00ca0006
008bffce
ff72ff6a
ffe50048
006e006b
ffcf001e
004dfff1
00bf0075
003f00a0
ffdb0018
000d0199
ffb90099
0039feda
ffd40001
00d9ff64
0121005e
0006fff9
ffa6ffe6
fff70118
ffd8ffe8
00eb00c2
001cffad
015cfffb
011f0112
ff0d00ce
ff6d00a1
ff430092
ffb6ff2b
00cf00cf
00f6002b
00530011
002d0087
0121ffef
00d10091
ff460001
004fff63
00030082
ffb70066
0050002b
000cff95
003b008e
00a6ff8f
fff0ff8d
013efff4
00c90020
0062ffae
005e007f
ff9bffff
004aff2e
ffdb0116
ff6efe76
ff9efedd
fff00045
ff9dff3c
0025ff98
ffd8ff5f
fff7ffb2
00cd006b
008800d8
0053003d
0075ff7e
0010004a
ffba00df
010fffb7
ff8a009d
ffbdffa9
005400d8
ffc9009e
00ac0078
00aa008b
fe7cff23
ffdfffcc
00220055
ff7dffac
000100c2
ff430043
ff09006f
ffd50068
004900f4
ff9eff55
001cff2e
009a0080
ffcbffc6
008d0041
ff6d0059
0010ff68
009ffff3
fefd0044
ff2cffab
ff42ffc4
ffc0ff24
ff380016
00250195
0098ffc4
0041003a
ffc40061
ffadffb9
0022ff99
ffbdffd8
0092ffa2
00a70062
00330077
ff9b019e
005600db
00b50022
0097000b
007dff39
ff5fffb1
ff6f00da
00640068
00430054
ff0dff0a
ffc3ff3b
011fff97
ff0e0030
00e0ffd4
ffbbfffe
ffdfff73
ff48ff32
0071ffc3
ffd20027
0004ff2c
ff71ff3c
ffe0ffca
017dfee5
007a004c
00850000
00010077
fed2ffd7
0026ff9e
000e00ce
006cffdb
ff82ff4a
004dffbc
ff7aff13
000cffe5
ffa80037
004dffa6
00db0028
ff24000b
002d00da
00770009
0018004d
ffeafefc
ff98ffe6
ff53ff71
ffcd00e9
00f8ffe9
009cff37
ff700097
0031005f
0101002a
013efff4
ff2900d7
001a0093
0042ff7e
00370013
ff82003d
ffcb00f7
ffe2015b
ff7a0004
0059ff26
ffb1fe9f
00350146
ffc4006b
012aff1c
0082fff1
ffdb0091
00ab0034
ffe9ffcf
ffc4ff43
fed6fe6d
0081ffa5
0016ff79
ff88ffd7
ff83fffe
ffabffb6
0224ff7c
00a100a0
ff39ff81
00d9fee9
ffb1002f
0063001f
ff170055
ffe7febd
001100d7
000bffd6
0000fff6
ff7affec
ffbbffca
ff860060
ffca00bf
ffbf006a
ffb9ffef
00420003
002100c9
006f001d
006fff3a
ffcc003a
008a010a
ffeb0007
ff61ff67
ff44ff92
ff970062
003300ac
002e0035
ff40ffe1
003f002c
0099010d
fee2ff95
feabffad
ff7fffb5
ff140002
0096ff95
fee90038
fe2400d6
ffcd0131
00510080
008f0012
ffe8ffb7
ff77ff43
ff66fff6
009cff14
00bfffe3
ff900093
008c004a
0039ffbc
00ddfedb
ffa4004d
00edff77
ff7eff5f
0061000e
0044ffff
007a0005
ffaa0075
ff9dfff6
ff550002
ff10006d
011b0101
007700a8
0035fed6
004efecc
002bffef
004a001b
ff7bffbb
0084ff28
000aff28
0063ffa9
007a0020
ffb20008
ffd90040
008000a2
ff96012a
ffd900d1
ffb40047
ffe70034
00f10112
ffd8fe5a
fee2feea
013c0020
001b0076
ffba008e
001affe9
0042feb1
0109ff43
004cffc1
ff40003e
0069ffa8
ff4cff66
ffb201f7
ffb9006b
0051ff71
fff000df
ffae000e
0029004e
0022001f
000aff2b
0092ffed
00d40019
005afedd
ffcd001b
003b00cf
fef4ffca
ffa3ff72
ffd1ff7d
ff2500b4
ff5a0155
ff50ffc1
019f0033
ffd8fffd
ff7a0080
00820137
fffbff41
010fff44
006a002b
00a2003b
ffd6ffca
007dff27
00ccffd5
ffebffe0
fee800c4
ffbc002e
013eff69
0059ff72
00fdff90
ff9fffd0
ffd80029
001f0057
005eff33
ff77ffa9
fefa00a4
ffa9ff53
ff390005
00a7011f
001c007c
ffb70095
00beff9a
ff9a0047
00aeffd4
00c50129
ff4c00a9
ff4b0024
ff73ff8e
0021ff8c
006affd9
ff56000a
fec1ffc8
009300e7
fffe0025
006c00d7
ff7dffcd
ff2dff5e
ff96ffbb
ff3d00e1
006d0007
00c2ffb7
0067ff8d
ff3dff37
fff500b0
ff9fff1a
006f007c
ffa8ff9e
0018fff9
fffdffa2
ffa60030
fede005e
ffe1ff94
003e00ac
0080ff64
0070000f
00b700a3
ff3bff98
ff87fffe
fff2ffd2
00a400b0
ff31ff8a
ffe7ffad
0053fffd
00420117
00be001f
0016ff56
00760068
0062ffef
00820038
0180fe80
0044ffca
ff800051
fef6ff42
ff0100b1
ff2a011d
00090022
0092ff65
fed3ff97
00b0007a
005affb8
ff45ff9c
fff60033
0026ffb6
ffb30066
001100d1
ff91ff8b
00fcfff5
ff8c0048
0025ffd1
fec80110
ffb70012
ffccffa4
0020ffb1
0011ffab
ffe7009a
00a70027
000a006c
00bc0030
ff4c0018
00bb00df
007300c8
ff61fdf3
00140131
002e008f
ff78fff5
ff8dff85
fef2ffb8
ff85001c
ff9cffc8
ffdc0000
0000002e
000401d4
feaf009b
005ffff7
fef60077
ff4b001e
01c7005c
00600046
ff9effdd
ff5dff56
ff31ffa4
0020ff8e
fffe000b
0165006d
0071ffa0
ff8d0053
0054008b
0072010b
00510094
ff20ff95
ffc7ffa5
002affd6
00400068
013a0082
005dff23
ffd4001e
ffa8ffac
0027fea9
007cfff9
01100197
00200012
004200cc
ff81ff66
0044ff34
0058ff4d
00510063
00a3ff29
002affc1
007a00f9
fea1ff20
00beff7f
00d60031
fff1012c
ff060007
0028fef8
004f0072
ff67ff95
0015007e
fff8000b
001affc0
fff00066
01320070
ffaaffa7
ffa3004c
002f001c
ffdeffcd
ff730021
ffccff3e
0047001a
fffd0157
ff6fffe3
015c0020
000affa9
fed2000a
ffb0012a
ffdfff73
ff8cffa2
fefcffc8
ff3f0011
ff75fef7
ff6aff03
00b6ff48
0069ff90
fffb018c
005a0004
ffd9febc
ffea0011
ffa00001
000c0060
ffbd002a
ff390019
ffc4ff89
009501a6
ffbaffc9
ff1aff4b
ffa2010d
001b000e
ff79011b
ff68018e
0001ff97
ffd50004
0101ffcd
002f00bc
00c5ff4a
fff8009d
005cffb9
00eafe82
00ef00cc
00ad00f4
006f0014
ffb9ffa2
fecc003e
0053ffc8
ff3cffb0
005efe86
ff800054
ffb2004c
0064ff8a
ff230014
00210154
0034fffc
00cefe39
00d80123
001f004d
00c5ffb1
0012007f
00a80090
000f00e7
00440049
007affaf
006fff63
00900113
00990006
ff6dfed5
00c600ad
006701a8
017800de
0019ffaa
ff7600df
0064008c
ff7000cc
0042fff2
ffd200d6
00010145
003a0040
ffa9fef4
0091fff5
ff0cffd1
ffc400c0
00780006
011fff96
ff7b00c1
ffac00b7
009eff3c
ff7aff5c
ffdd0047
00f60018
ffb100cc
00deffbb
ffb00007
00e5ff6f
00a1ffcf
fff7ff6c
feb7fef5
00baffdf
008100ac
00970108
005eff85
010e0185
0035010a
0017fee1
001affe9
0041ffad
002e006e
ffb70080
ff150177
001cfefc
ffbf005b
00110085
011afff8
008a005e
ff75ffba
ff0c008f
007fff89
01bc0092
0112ffca
0026fffb
0019007e
ffce003a
ffc0ff6e
ffc7fe4b
0020001f
fe92ffe1
ff300050
ffd0ff67
ff08ffb8
0008ffe4
0077fefc
fff900e5
ffcdff3d
ffe7006f
00a8001a
0192001a
ffc90077
0040ff4c
0023007a
ff37ff98
ff2e004b
fff8004b
00020132
ffac0009
0087ff80
ffda0097
fff5003c
0008fee1
0025ff6f
ff3e0026
001000ed
000cffda
004c0061
0041ffd4
ff2a009b
001a00ad
ff74ff6c
ff5bffe8
ff62ff77
ff74fffe
fe9d0082
feb000d0
005700a1
ffff007a
01fe00ff
009a0074
0080012a
002bfffc
ff51ff62
00dafffa
009b001e
00e10040
013400cc
0000ffd6
feda00fa
00620025
00800012
0067fff6
ff05ff89
ffafffea
ffc7fea6
ff4ffeee
006100c7
ff71002b
ffc6ffe9
ff3b011b
0063002d
00b6ffc3
0122000e
ffbbff51
fff9007e
0003ff8f
fff60020
0093ff69
ff8eff36
ff970123
0060fff9
0037003f
ffe40116
ffd7006e
000b001e
ff8900de
00590113
000c002e
fffd005b
ffd7fff2
ff960070
ffde00f8
0087005d
021a0063
ffdeff73
01730014
fff0ff3e
ff43fee7
ffea00ba
ff11017e
0015ffcc
fffd00ad
ffeaffe0
0117004e
ffd9ffd8
ffaa0010
00910026
003c003b
0077ff76
fe2fffca
ffbc000e
ffa0ff8e
ffb30071
000d0121
006f002a
0078ff25
0097fff8
0006fffc
ff4f00a7
ff8fff27
ffb000b6
ffc10008
ffe8fedb
ff61fef2
fe6cffb4
ff52ffc8
ff500034
00d00076
00b60024
00080041
ff7dfffd
ffacffb2
ff69ff85
ffa4ff7e
ff7fffbd
ff6ffffe
00690020
0020ffd1
ff450010
002f00b6
00d0ffe8
00480052
fe870098
ffe2ffa9
00af000c
feedffbd
ff450080
0099ffbc
00a2fe8c
00160085
003000d4
ffb6ff9f
ff680000
ffea000e
009e0112
ff15004d
ff76ffd3
fec40095
ff1bff45
fffd00f1
fff400ad
0011010d
ffbf00da
ff56fff8
ffa3ff63
fff8ff64
011600a4
00750093
004dff9b
003c0016
feeb021b
003bffcf
00c40070
fffdffd0
002fff7c
006d018d
0056ffcf
00e0ff68
0110ff9c
0088ff21
00a40013
ff06ff4e
ff49ff3e
0006fee3
0036009e
00a5000c
ff95ffd0
ffcf00ad
01590009
004b004b
ffa8005c
0036ffc3
ff320095
ffc80132
ff14ff0d
fffc00c6
00a300b5
fffd006f
008dff6d
ffa6ff42
ff6c0076
ff2e00d8
0019fec2
0034ffd6
009bffc5
0093fed9
ff58ffa4
0008ff83
002c00cc
ff01ffef
0016ff23
ffca002c
010ffff0
00750005
0019ffc1
0063ff39
ff620053
00200072
004bffa5
ff570071
ffde011e
ffe5ff74
006d007d
00d20009
00150049
ffb30014
0037ffa3
001a00c8
004e0163
00b8fff0
00f2001c
00b80184
ff65ffb1
0016ffa8
fff9ffd0
00a7ffb9
015f006e
00dafff4
ff9e0022
ffaaff1a
fffc00df
fec50077
fee2ff14
0028ffc3
00c9ff51
00430025
fffcff25
ff14ff3b
ffffff16
00560080
00760005
0008ff67
00b100c1
fef7ff98
fee600a7
ff5b012a
0052ff08
ffe0001c
001d005b
ff8dff7d
ff6a000e
ff8200c4
00080082
0068fef0
ff7cff57
ffb7ff46
ff21fec1
fee3ffb0
00310065
ff93006a
ff04ff3f
ffd10089
00c2ffab
ffa9ff60
00290089
ffad0003
ff3d001e
ff7fff74
ffe00012
0013ff9e
ffba0019
ff73fffe
002cff52
002a006f
0016ffd0
008700a5
00ad0031
002eff90
ff1d011f
ff80ff9e
006b0018
ffbb0047
ff7d007e
ffaa0052
fffffed5
ffa1ffd4
ff40ff6e
fff10074
00ddff02
006fff54
010e00ee
01000082
fff8ff56
ffc2ff83
004ffeb7
0043fea1
006a0020
fff6febc
004d0046
00570054
ff860054
ff3affd9
0023ff9a
00f1ff4c
ff050094
0015ffdb
fff5ff19
ffe60008
ffc7000b
fff70090
003f001b
008b000f
ffcdff3c
0066fe45
ff53ff1c
0101ffe3
0003ffd8
ff7400f5
0051ff8c
0008002e
0012ff47
0062ff1d
ff4c002a
003500fe
0071000d
ff910000
006500c5
ffabffab
005eff02
fff6006d
ff7800c8
000affb1
ffa1ffe3
01740189
ffbe000c
ff920039
009dff7e
001a007d
ffc200eb
ffdfff13
003b0086
ffc700a2
ffc600ab
006900e4
ff72fff2
00580087
ffe10016
fe79003a
009e0109
0040008f
ffa0004e
003aff28
0067ffbf
ff990038
005dff05
0032fff0
fea60042
0098ff7e
00620067
016cffae
011a0076
002f00b8
00e6fefb
ffad00d9
006fff2b
004bfe9a
0072002a
012400b0
ffbfff61
0038ff59
ff8a000c
ff6afffe
00380026
ff2bff05
000a001a
ffd5fff8
fff0fe83
006600c6
001f004a
00e700a2
ffa5ff8c
0095004b
ff06ff73
0000ff2f
ffb7ff1f
ff3dff70
ffbfffbf
003fff9e
0094003e
00030079
00b3fff9
ff0aff77
0077ff5d
ffadff5f
00230005
00edffe9
0015ffd8
ffc400ff
00aa017e
005600af
ff7bfe25
006dffd1
006dff0b
fff4ff66
fff0ffca
fffb0028
ff18010e
0031ff29
ffbc0045
ffaeff47
0021011f
0020fff6
00b80016
ffadfe39
ffe80040
ff260022
0054ff9c
006a0013
fe1affe8
ffaa00d1
ff24ff61
ffac0084
ff6f0128
fff500ab
ffb6ffdb
013700c5
ffc4ff85
0068feba
ffc60069
ff990044
000dff7d
0006ff82
01410030
ffd0ffe7
ff4c00ae
0010010c
ffd20022
00cf00b3
00340021
0086ff5c
0065ffe0
ffa5fee6
ff74004c
009700c2
0114fecb
ff8ffef3
ff5f0002
01ac00dd
00e7ff49
ff70fe72
0005ff1b
0022ff35
ff6fff0b
ff48fec6
005bffdf
017700b6
fff8ffca
0104ff6f
00df0098
008e0092
fffffebf
fffd0001
0170ff94
01beffe7
ffe400a9
ff77fee0
0071ff4e
008b00ba
ff66ffbd
008e0040
008e0044
00caffa7
00c0ff7e
ff32fefe
fff6ff05
ff6800a4
002bffb8
0081ffab
0087ff6e
0049ffee
ffd800ae
004aff00
ff5dffec
ffd9ffaa
0035ffaf
0017fff8
ff39ff67
ff670051
ffba006b
00c60172
008e00f6
ff460015
ffb5004c
00bdff15
ffa60077
ffa4ff54
00050003
ff3cfff6
0034ffec
00dbfff0
ff91ff16
ffefffca
0068ffd5
ff930190
ff7400c7
ffacffa9
ffd200a6
00aa0094
ffb1ffa9
ffd7feff
ff3eff4b
fee1ff5b
ff8dffa6
ff530028
001f0031
ff3e007d
00300064
00120079
0026ffeb
011a003c
00a00088
0003ff93
0108ff74
0074ff3f
ff02004c
000effdb
019a009c
012d0024
00a80035
0043003c
ffb9fff0
ff74ffee
00920044
0054004b
0055ffe3
00790090
ff85ffd4
0086ff14
ffba0038
0052fff9
ffc70083
ff0a0102
ff49ffcd
0123007f
011a0075
006dff93
00f3ffdc
0123005c
00fb0181
fffa011a
ffb100a2
ffc20068
ff6000f6
ff9800d0
0092ff42
008dffc0
ffa4ffab
ff6100d0
00570064
001afff4
ffc7ffec
ffd1ff34
fff2004e
ff49ffbc
ff91006b
007300c3
0000ffe7
ff64ffad
ff24ff4d
00e8ffd1
ff400015
ff9c00dc
ff7d004f
ffc9ffa2
fe1dffa2
ff8b004c
fe98ffed
ffa9ff49
00b300a7
00f600ec
ff14005c
011e0031
0048ffda
fefe0031
ffc8ffd5
0082ff61
0017ffc8
ffe200e1
00140132
00ee007a
006eff3c
001d0149
0060ff87
001afebc
002300cc
ff02ff8c
ff4afffb
0017ff3e
ff700015
ff25ffe4
ff3fff77
fea0ffbb
ff18ff9f
fe45ff0c
0069ffab
0116ff90
ffa80079
ffe3ff94
ffc6fe98
00ac00c8
00b100a7
ff9fffaf
fe870001
011100a8
00f9ffac
00110014
feba007a
ff0ffde0
fffeffd2
ff2c0022
00780080
002a005d
ffe6010b
002f00c1
010d0009
fefd010e
0097ffaf
0094ffca
fee1ffee
ffbe0016
ff37ffc2
000b0056
fec0fff6
015fff68
007a005d
fee9ffc0
ff960032
fff2ff0b
016cfff7
ffe0ff48
ffb00035
0066002b
ff79ff6e
009bff7e
00c80132
0035ffa8
0018ff94
fff0ffb3
ffddff43
ffbd0025
ff0dff7a
ff3cff49
ff3c0052
ff58ffef
ffefff4b
006bffb6
ff58ff4b
ffa0fe9f
ff750085
ff3f0062
ff8d0112
ffb60079
ff75004d
0069002d
0025ffcd
ff1e0088
fff2ffcc
00d60045
00aafff7
00260016
000affed
0045ff0b
0020ff5f
00c1feac
ff3400d3
0064001e
00c6ffc9
00940056
fffe0073
ffadff9f
ff3c004f
ff47ff5f
ffa6ffb7
ffab0076
fee3fff5
ffddffec
00c9fefa
ffc3fecd
ffc2003c
ffa3fff7
0007009e
00ee0029
ffb6ff54
0020fffe
009a0091
0044017e
002b00ce
0045ff47
005f0020
00c8ff83
ffcd00e7
ffe100f6
ff35ff23
00270035
0018000f
0073fef4
009cffbb
01140095
feff006a
ff1dff94
003200aa
007b00e5
00ae001d
0000ffff
01af00eb
00f7ff21
fff1fff6
ffffffa6
0078ffc9
004dffdf
ffebffbe
ffefffda
00e0006a
00ddffd5
00ffffdb
00d0ff92
fef5ff74
0052ff4a
ff48ffab
fec40033
00500046
01010045
00460086
ffe7fecc
fff700e0
fff000b6
00d9008c
fff9000d
0070ff85
011dff5f
ff8c016d
003afff2
ff52fed1
00030003
ffce00a5
ff83002a
ff2cfff0
ffb50025
ffd000e3
fee20059
ffaeffaa
ff5b00bb
ff8700ed
01100003
00430101
ffaa0018
006dfec8
ffffff42
ff80ff6a
ff80ff2c
0051ffbd
ff6f008e
005cffbd
004200c8
ffbdff41
fe6b001c
ffb5001b
009700d6
0143003b
00ef0007
008effa3
ff1fffcb
ff9bffb5
0022ff98
fe51ffbe
00bdff44
ffbeffc3
ff13006e
ffd6ffd3
004bff29
ff4afffb
fecd002a
006effdc
0032fff4
00b6000a
0086ffc5
007cff9d
ffc2004b
ff740085
ff300018
00b50105
fff3ffd2
0075002b
007600be
ff9affe5
ff810094
0050003a
ff8f017a
00330118
ff92ff12
ff88ff76
ff60ffeb
fee1ff80
ff5bffa4
fef6ffce
ffe00002
006cfff9
00dfff21
00cbff8b
006cff85
00de002c
00ca0052
0098ffd0
000eff02
00e3feba
ff61ffc2
00520023
007ffece
ff15ffae
fffb004b
fffdff3f
ff0afedd
fefcff95
ff3c0043
ff970035
ff80004b
ff87ffdd
ff95007b
ffb400a3
0092fe8f
ff84ffdc
ffb700b8
0088ff81
006300ae
ff6a00df
ffd4ffc7
0055fefd
ff6cff95
00ecffd0
ffc300bf
ff4c0029
00bbfee0
00840002
ffdd0119
00430083
ffc0ff6d
007c0002
ff6fff1a
ff65ff72
ff4fffd3
ff75ff68
004000d5
008fff74
00700007
002b0021
ff8b00f6
fedcff8f
01840049
000efff2
0029ffc7
00a60039
00b50151
010700c3
00b5ff3e
ff0c005f
ff7d00ab
009aff0d
001dffc5
ffbb0080
0013ffae
ffbe003b
00150006
00210095
0099ff7b
ffe8ff6f
ff4efe97
008b0027
ff7e002e
ff07fff3
004a0021
00260084
ff44ff91
00f8ffa0
ffb7001f
0083fecf
00b200ac
fefc0098
feb9ffd6
fee00010
00080025
006cff8a
ffb7feb5
0097ffe0
ffbcff47
00c8ff3e
0041ff86
ff57ff6b
fff80087
00a6ff70
006b0048
ffa5fffa
002bffee
00ae00ca
007d009f
0019ffc0
0064ffaf
00680025
00300061
ffd4002a
ff9f0038
0037ff52
004dff17
ff04004b
ffacff14
fff50058
fed700d3
ff780067
ffd70094
ff53ff60
0099ffad
ff28ffbf
fedbffaf
ff8800e2
00560050
0057ff74
0030ff75
00a800cf
0010ffe0
ff8c0033
ff790000
ffdc005d
000effb6
00eafef3
009a0033
0015ffc5
ff9c0032
00a2ffc5
ffb30018
ffb9ffdf
ffd9ff61
ff9a0054
009eff45
00b900cb
0005ff4d
ff83ffe9
fff50093
feaffee2
fee400f7
012effaa
011f0068
000e0139
ff0300fd
fe2dffd2
008f005d
013e00a4
0093ffed
00760112
ffb5011f
000c0153
0001ff39
fed8ffcf
ff240029
0083001a
ffa7ff8f
0054005b
0082ffd0
00a10148
fff800e4
ff8cffd5
ff9aff5b
fff7ffaf
00c6ff41
ff7dffc6
ff8b00ac
ff260073
fe50ff77
fec900ae
ffd30084
0029ff14
ff8eff28
00530145
00030058
ff100072
ffef00bd
006ffeeb
ffb7ff06
ff390027
0018fec7
ff7bfff4
ff680051
ffceff6b
fec60091
ff5600d1
00adffc9
01350051
0117003e
ff470019
0058005b
ff52ffe6
ff9bffd2
ffa7ff74
00480017
002f0066
00ecffff
00480014
ffab007a
008b0033
ff23009d
00beffcb
0033fff2
000b0035
00740031
ff5fffa6
ff1a0101
ff4c00ca
0010ff73
01760006
017200cd
00c600bc
0072ffc1
004dffb9
00a50019
fff7ff80
0094ffe1
ff83ff7c
01090008
ffdaff64
00c40064
ffc0ffb5
009a006f
0027ffba
ff4dff8c
ffa7fff8
0002feef
ffabffd0
0148ffb7
ffffffc9
00af0137
006e0035
001bfffd
00870093
000d004b
003fffb8
001500ca
00b10094
ff90009d
ffb1ff9d
009d008a
0052ffe8
ffcfffd9
fff3ff65
ffa2ff6b
0052fef9
0048000e
ffbe0137
014200ca
ffe5ff67
ffc0fedf
0056ffec
ffd30012
00800032
004eff71
ffe5ff92
00b20024
0067feff
005e0082
ffb1ffcb
000800a8
0012fffc
ffa3000a
00870086
ff7e0097
0014ffcf
002afeeb
0128008e
00a0ffda
feda003b
fff000d2
005ffe7b
ffdcff71
ff86008d
00950012
ff69ffc8
fff5ffd2
ffccffc6
ff08ff38
fff1fffe
ff99fef3
ffbeff9f
005cffcc
fee7fdd6
fffcff19
ffff0051
ff18003b
00390014
ff18006d
0022ff70
fff00022
fe810112
ff55fef9
00c7ffb6
ff4dffc5
ffb0001c
ff960039
ff17ff5d
ffe8ffd7
fefd0041
fff600ab
fff0002c
0012000f
004fff91
00590037
00da009b
ffdd0003
0065fff1
ff2e0071
00a5fec1
001afe82
fee2ffd4
ff8bfec7
fff6004a
fec4ffe1
002dffd4
00fdff80
ff5cfe62
ff12ffad
0003ffe3
010dffaf
ffea0014
001f0067
003dff24
feea002e
00960082
00b2ff71
ffc4ff5a
fff2ff93
fef4ff4d
0034001c
ff72fff1
000c0086
ff58ffaf
ff54fff8
011dff12
ffb4ff96
00140045
00020037
feea0010
0093ff32
ff51008d
ffcb00af
00a7febe
ff930000
ffcf002f
0027fff1
ffecffb5
007b0099
ff91ffb5
ffd1ffa7
00d2ff4d
ff720024
ff91ff07
ffda0053
009f0088
0007fffb
ffe2ff64
0091ff21
ffa7ffd6
0028ff52
ff49009c
0067ff5a
ff0fffae
00d60076
00cd0006
0099006a
005fff91
ffa8003d
0093ff19
ffa80063
ffcb0043
008aff76
ffacff8f
fef4ffe5
0102002d
00710064
ff8bff83
ff50005e
ff8ffef6
ffd4ffea
fff500ab
ffd9ffb7
004fff9f
ffdd001c
ffc8ff7e
ffa7ff50
0082004f
ffc9ffa8
0093ff6d
ff93001a
006100ae
ffebff71
ffc1ffc3
006dfffe
000affeb
ffbc0045
002bff8e
013a0061
ff6cfffc
ffe60055
0097000f
007dff42
0048ff8a
ffc50020
feac00df
0003ffb9
002900db
001a0068
ffaaff5d
00570080
01150129
005d012c
ff7700eb
fef2ff9b
0082ffd9
00210129
fe50000d
00460047
00d4008c
ff92ffc0
fef6002f
00020097
0157ffb4
0091ff64
ffb70064
ffe100c0
ffce00a0
ff50008c
febaffcb
fff6ff62
008a014a
004cff97
0010ff05
007800b6
ff030058
fe9efea5
ffe2fefb
0008ff87
0107fffc
01ab009f
ffb5ff41
00c3ff8f
ffbd0002
008100e6
00920133
ff57ff4b
00fe005d
003dff81
003dfead
ffe2ffec
ff7a001c
ff770085
ffe70016
001affab
0001ffd1
003c0192
ffb800cb
0085ff9c
003300b6
0121ff4a
ffb100c1
ffecff45
ffa80035
fff900dc
005bffc9
00150039
fecfff76
ff860073
00f5009b
ffd3ff8b
0040ff6b
ff23014b
00410072
ffc2ffc8
00440045
ff620118
ffd9ffd7
00a6fed0
ff3200a5
007fff21
00daff86
0160ffba
00830022
00440034
00f6ff79
00d4ffa5
ff4d008b
ffe100fe
0007ff97
ff48006a
ffd70045
008bffa6
004aff63
ff1b001a
00f90042
ff85ff79
ff3eff7f
0123fff5
0046ff9e
ff67ff2c
00050066
007f00cc
ff9cffad
ff6b006b
002aff41
fed2ff2d
ffa60042
0111ff5e
0095ff89
fefc0122
fec8ffc0
ffd7ff69
ff9e0014
ffb5013e
fff9ffec
008200bc
00b6ffbd
0001febd
ffffffef
00b1ff60
ffd20084
ffd100b5
0035ff11
0101006e
0092ffdc
003b0070
0029ffe3
fe97ff9a
ffb0ff7d
0049004f
0126ffe9
008effd6
0067003b
ff380004
feea0015
00c20028
fff700e1
000d006c
00c2ffdd
008e00c0
ff440092
fee0ff93
ffbbffed
ff90ff92
fede000a
ffe50064
005000c4
0026fffe
ff7500c2
ff6c0049
fefe0029
0039006a
004d004d
00de014e
000b0020
ffaf00bd
ff81ffe7
ffd2ff8f
ff75ff13
ff10ffac
ff41ff6b
0012ffc0
ffb6fea4
ffad0040
ff6dffd9
ff89ff29
ff1cffc1
0000ff97
ff2c000a
fff6004f
0050fef9
feee0082
ffd8ffc0
ffcfffff
ff96feb5
00630023
ffa6001c
ff6d001c
00ba0024
ff670052
001e0101
00c9005c
ff1fff50
fff3002a
ff7900b9
ffd30136
0030ffec
ff04ffe3
fffe004f
00b1ffa6
005700a7
ffb700b7
ff8eff6d
fedd0076
01080192
00c7fff4
ff4b004a
ffa9ffe2
01e0ffd3
0091002d
ffbc0017
00f100c4
008d0097
0005004b
ff47fff4
ffcc00b1
0051ff89
ffecffe4
005bffd6
010b0022
0092ffd2
0083ff89
ffac00dc
fecf0007
00540055
006000bb
fef1ffd1
004cfea4
ffd1ffcd
ff22006c
ffe6ffe1
fffeff82
004e00ad
ff8fffdc
000700bc
002200d7
00ad002d
00c0ffc4
004e002e
00bb0085
00d5ff5e
ff3fff9b
0096ff5f
ffec0015
ff5dff96
ffbe003b
004500be
ffa1ffa6
0133009a
00d4ffc2
00a8005d
00af000c
ff98ff4a
fff80062
00e50023
ffba004a
ffb10059
ffefff84
0003ffad
00690042
ff47ffa6
00120063
00d90032
0075ffd5
0012ff89
ffd7ff21
0042fef4
0096007c
007300d5
ff7affe9
00f3005f
002b008a
ffa40000
ff78009c
ff7d018a
002300ae
01100026
01460024
012effd3
00e6fff8
01490067
00b00047
ff71ffc2
0031fff9
00dd0008
00d7ff37
004cff80
001e00ee
ff6400a7
001e00b1
ff350041
ff26006b
001100f7
0102fff3
004eff78
007affe1
01300072
0041009e
ff640137
ff8d0048
0001004a
011200e8
fff50126
ff85fff2
ff86ff3d
ff7f0058
ff80ffa0
ff1e0003
ff79ff99
fff7ffab
ff29ff92
00110015
011e0102
0096003a
ff42001b
0047fffa
00640011
001d0151
ffccff83
ffecffdc
ffd00177
ff23009f
000900b1
0010feda
fff0ffd5
0054ffbb
ff5eff69
fff4ffb9
ff3200b5
ff2cff46
ffba0001
00850023
006dff51
ff5f0073
ff8bfe8b
004dff90
ff380090
ff69fffd
004dff73
00b0ffea
ffeeff79
00a40111
004a0074
00280051
00a1ffd5
002b007e
00330078
ffdcff5a
0126ff10
00120099
00a3ffd7
ffac002b
fff9011d
ff9b00fb
ff9f00b1
000bffb4
0011fffe
ff43011a
009cfeeb
ffdd0008
01130056
003f001a
ffcbff63
01360069
0040ff34
ff0afee7
fffa009a
00100083
ff6700c5
ff15001f
ff38ffa4
ff10015f
ff38002f
00efffbf
ff38ff53
ffc700b4
000700ec
00390037
00a000cc
000bff2d
fed9ffff
00890020
ffee0004
fe70ff9f
00580060
ffda004a
008f0023
ff29007e
ffc30003
ffcbffc7
ff720054
ffb3ffac
00b2ffca
00a2fec3
0014ffc4
00720010
010b0020
0165ff86
ffe1ffdb
ff6f000b
0088ff2d
ff69ff9a
ffe80055
ffb2ff79
ff2c012c
fff40016
00d9ffdd
01b0fffa
00c3fffd
0070006f
009b0030
ff4e00b2
ffe7ff87
00b5ff2b
ffdbff59
ff8900d7
0016002a
00a7ff44
ffb800b7
fed60008
ffb0ff54
0003001f
006cffb2
0009017a
016c00c9
fffeffa8
ffc4ff32
ff59004d
ffc3ffe4
ffc8ffa2
ff73010f
ff480154
000d009f
00d4ffb4
00a7ffa0
fff7006e
ff93ff4e
ff40ffcd
ffafffb9
fedc002f
fff0019b
ffa3005c
ffa9ff9c
001cfff5
000ffed5
ffcc00c1
00880056
00370123
00520134
0171007b
00370041
0019ff06
ff120010
ff8dff3e
00960140
fef501e0
001eff18
ff4d0018
ff17007b
ff40ff99
ff34006f
ff45ff54
fef3003b
00310043
ff4dfffe
0044ffaa
fef7feaa
ffb00098
00a6007f
01550026
005e011b
0082013f
ff9f0033
ff47ffd3
ffa8ffe0
fff30099
fffcff78
ffc7ff73
ff39ffb0
ffbfff8f
fffeff94
010aff89
001c008e
fff1fee9
00a20062
ff950044
fe9eff6c
008600c0
00cf00a4
ff83ff6d
ffe2ffe8
010cff52
00e70077
ff5dffa6
0056ff54
ff480093
00e400b5
fffd00b0
0087ffce
0075fee8
fff4ff99
003c00a2
000bffe2
002f01d3
ffd4ff79
01130086
ffac004f
ffb2fff8
ff690109
fefcffd7
004effd0
ff76ffaf
ffa5ffbe
ff4effbb
00a40009
004b002e
001f007e
ffd0004a
fe65006d
005fffac
0045004b
ffd0004b
0000007e
00ea0120
000bffa9
ff15ffac
fff5ff98
ff4bffcf
ff9cfff0
0098004f
009c0138
004d0077
00ae002b
ffdcffce
ffb10021
ffc30055
ffcc00ec
00f201a3
ff2f007d
003200af
ffea0094
00260064
00d30001
ffe4ffdf
ff5bfff8
00e7ff71
009ffffa
00590035
02050007
0047ff7c
ff4dfffa
ffa500e8
00d1002a
007b0086
001500b0
0014005a
0064003a
ff42ff21
fff200af
ffc400e8
0019fef8
00620015
ffe60048
00dcfff2
003c0009
005cffd8
ffbe01e2
fe81ff76
0011ff59
ffc900a9
004100ed
00a7ff0f
00d1ff87
00660044
ff400003
007400a3
ffc8fefa
008d0090
00afff87
00ffffa8
005000a5
fef20058
ff82007e
002f0106
ffe80040
00d50064
00bcffa5
ff43002e
00b5012a
00e90016
0042ff6d
ffdf003e
0017ffea
ffbc004b
00cc006b
ff89ff4b
fead000b
ffd70153
ffff0042
ffaeff64
0092000d
0084feab
00d4ff56
0019ffbb
0048fec3
0179004c
ff50ffee
ffc50023
00680003
ffb50059
00d80031
00c7ff74
fffbfeeb
00e500a5
00d700a3
007aff0b
0121ff3c
0066ff62
ffb5fee1
ffa4005e
ff73ffbb
ffca006a
ffd700a6
007e00fe
ffd1ff9c
0030fec7
ff8effcc
010a0030
fffb0117
00550061
00c2ff68
0091ff94
ffdd0090
005f000f
ffd0012b
ffbdffcf
febd0000
ff96005e
00d0ff17
012effc5
ff9dffff
002500a4
ffdc0070
00dcff52
0126ff11
ff42fecf
0091ffb6
ff9d01ab
00230098
00d1002e
ffaf011e
ff7d0113
fff50075
002dfeb7
0005ff03
ffbe01bc
008a00dc
fe680026
0061ff57
00d4008a
ffd70013
ff6f0000
002effd4
ff66ffa2
feb20041
00ae001a
ff0800c1
00bcfff4
0087ffc1
0020ffff
ffe30041
0066ff33
00eb00ad
ffe60034
ff7dff80
ff98ff45
008d00b5
001fffd4
ff8ffecd
ff9cfef3
ffedfff6
01000108
004d008f
00a7ff6c
ffbaff90
00510001
0061ffbe
00c80068
ffd2ffad
fe4600a2
ffc9ffbe
ff9cff40
0105000e
ffbd01a8
ffbb00e3
004f0207
0004fff6
ffdf0030
ffecff6a
ffcbfff3
ffc7fffb
ffebfed5
003eff85
00d7002b
ff6ffe73
ff66fee1
ff6e004e
feb20026
ff7fff6a
0068ff77
00a6fff2
ff7fffa3
fef4004f
ff78011d
fff40018
00a9ff72
007e0035
ff3bffdf
ffebfffe
ff6500aa
ff910031
ffa60033
feb6008b
0006fffb
017200a3
00a0013d
0094ff56
000b00a2
ff98ff53
0013ff7e
ff88013b
013c0080
004bff6c
ff9eff74
0058ff3d
016d009e
0100ffd8
ffaf0055
008f0115
ff44000b
01370016
00480094
fef7ff85
000aff1f
ffe90016
0027ff45
0094fff6
ffae016c
00590073
006cff96
ff4e009d
ff5800a5
001d009f
ffd00051
ff4f0061
fee801d3
ff32ff87
ff940065
fff4001e
007afff2
004dff96
00a9ff18
ff85ffd5
ffa9fff6
009dfeca
0080ff33
ff2400f4
ffdb000d
000c0041
fff6ffeb
ffd0ffd5
fff70012
ffaaffcc
003fff88
ff17ff37
00da00a3
000aff57
010aff32
0003ff4f
ffcdff4c
fff3fffc
fe9b0069
001700f6
0039ff18
001500c8
0042ffd5
001bfe63
002dff51
0085fece
ff01fff4
0022ffca
0079ff3b
ff55ffe6
004fffb2
00bd00b8
ff86006f
ffd900af
00e9ffcc
00b0ff30
00630022
00a1ff75
0047ff7b
ffc9001c
00f80028
ff42ffeb
00b8ff4a
006effa2
ff6aff93
0195001a
00320097
ff550045
004500f4
ff9bff33
0106006b
01070091
00620024
009afffd
00c700af
00270179
ffdeff5b
ffa4ff94
ffeeff2c
ff55fec1
ff8d0044
0041007a
00a5ffcc
ff34001c
0073004f
ff41ff3f
ff4000b4
002c00c2
0040000e
0218ff87
ffc5008e
ff190011
ffb20082
00ba00a5
0101fef9
ff4700ea
0013ff86
ff3dfff4
ffa2004e
ff36011a
ffbe008b
00d9ff92
00ea0006
0024ffab
ffb8fecb
001d0025
ffc70009
ffea00ad
00a9005c
ff3c0046
0104ff83
002e00f3
ffa4011c
ff0100bb
ffe00103
0084ff39
fed30027
0150ffdb
00390012
ffbeffe7
01280075
0074000d
ff5f0056
feb30092
ff0cff9a
ff3bffde
001affa0
ff2c0184
000a0054
ffffff29
ff8fff69
ff69007c
0113000c
ff97ffee
0086ffef
00960002
fefeff41
ff9800d4
00b3ffeb
ffc50044
ff5f0114
002f00c7
ffadff8d
0077000f
00acff7f
00eaffa3
ffaaffec
ff1effec
fecdffb1
ff3eff46
ff80014b
ff87005b
007cff31
008dffc0
009eff34
00d1008e
0065009d
0108ffd9
ff36002e
ff62ffd0
003000e0
ffebffd2
004effc8
fff0005d
ff68ff81
000d0047
0108007e
007400a5
005efedd
ff25fe5b
fe5d0063
ff3aff91
feeaff60
00360020
ffd7ffd1
00caff5c
ffe7ff98
ffdcff97
ff83ff25
0121003e
ffa1ffcd
ff39fe8a
fee20052
0019ff77
008aff86
004bffd8
fff9fe50
ffe00141
00e2003d
ff89ffa7
ff540069
008a011d
0036007b
ff86ff33
003bff20
00d300df
0040ffac
ff33ff9d
0019001e
00820090
00500003
ffa0fffd
002a0179
0122001d
005f00c7
ff5dffd7
ff6bff5d
001effbc
00c2fef7
004c00c1
ff6affa1
006b0096
ffc5ff51
ffa1fec9
fee80102
ff82ff5b
00b7ff9d
ffee00ca
ff3600e8
009b0061
01260141
ff76002a
ff090146
0000011b
0016ff2e
fefe0019
fff0ff81
ff6500cf
ff60ffe1
003e0016
fef00081
ffb9ff87
012200bc
ff4600c7
0028fff5
00ac015b
ff1c0045
ff8a00ad
ffc5ffb7
ff97ff78
fff70134
ff55ff6a
ffeeff95
0066ffea
ffb0ff6e
ff8bff91
ff2bff37
ff9b00d5
01a200d5
00690024
ffceffd3
ff45ff4a
ff5e0020
ff3bfeef
fffdfeea
ff6afe9b
0010ffae
00120095
0032ff76
fffeffcc
fff20055
004affd5
ff80fff2
ffc5ff59
ffd1ffdc
ffabffa7
fffd007c
ffd5007a
0063ffb8
fffafff0
ffe80067
00750062
fffc0024
ffc20167
ff80ffa0
005effdd
00f8ff9f
0035ff3d
00580021
0074ffcb
001b005a
00550049
ff62ffc7
fecfff40
fe9400aa
ff160046
0017fffd
001e0010
ff34ff8e
ff0b0079
fedeff78
00970017
0016ffa0
000e0104
0085ff6c
003bff14
ff3bfff1
00160017
00cdff37
00a5ff5b
fff8ffb1
ffa2fff1
ffc300c1
fff2fed0
ffd3ffc7
ff1dffd7
ffd00083
fff4ffa9
ffa7ff49
feef0111
ffd5ff4b
ffe40038
ffe800bd
ffd5ffe1
00bfff02
00b6ff48
004b0015
ffdbff9b
00e9ff20
ffe4004e
fffe002e
ffe00075
ffaf00b6
00e9feb1
00a20064
002dffad
00550005
00cc00a7
003e0011
00350102
ff50ffd6
ffc2febc
ff1cffe7
002e00cd
00740006
ffedffe2
ff7c00b7
fffe0040
ff770040
0021fffa
0025ffae
00140019
00d30000
008301fa
011d01c4
00d5010f
00db00a1
00360035
ff3effd1
ff95ffde
00d50008
00380087
006b00c7
feef00a8
ffcdff09
ff31ff67
fea8010f
006bfeae
01e7fe71
00a7002c
011700c6
00640081
0036ffb7
005cffa8
ff9600ba
0126fff8
ff9cff81
002affcb
01effeb0
00aaff32
ffb6ff84
ffdc0150
ff8a001c
0084fe97
002b008d
ffbeff72
00b3ff3b
ff050039
ff60ffa7
ffda0001
00e3fffc
ffbe0005
00c4ff88
00870092
ff480048
ffb50010
ff97ff96
0055ff72
fef8ff11
ff7400bb
ff7e0109
000bff9c
015fffe8
ffb200cb
00ddfee7
0035ff31
ff5aff7f
0068007d
ffbf0056
ffd1003b
fef5003c
ffdb0001
ffd300d6
ffacff5d
00a5ffc2
febfff8e
ff95ff5e
001e0020
ffdd0077
ff17ffcf
00b4001e
ff71009f
ffc701e6
008b0019
0134ff33
00d2002b
008dffc6
0023feee
0087fee6
009ffe87
01600044
007b0014
ffa5ffde
001e0132
ff35004d
009e00da
ff79ff15
ffc7fee0
01080111
00250037
0070ff4c
006600c0
ffd90093
fff9ffef
fff5ff73
00c1fe6b
00b300c7
ffc2ffd7
ff5c0059
ffed0050
007bffc8
fec30063
00170009
ff9f00ad
00ad0078
00a8ffd2
ffbd0104
002f009c
014cff5d
ff5d0116
0035ffe0
002d0013
00fbff88
01880056
002bffe5
000200b8
00520026
ff9c0094
ff5500a6
ff7300c4
00220007
0106ffa1
ffd1fff6
fff30036
0020003b
00d80082
ff93ffdc
006afe9a
00690000
ffea0017
ff3eff4c
0046ffb4
00fd0083
ffe5ffa6
0058009a
fffc00f0
ff3cffec
0076008d
feac0051
ff2dff9b
ff9e0015
ff83001e
ff44ffe3
008fffe8
0052ff7b
0121ffe4
006200ac
fecc0010
ff380041
ff58ffe2
ffa100b4
ffb90059
0129001d
004e0052
00e8ff71
001900ae
ffd5009e
ffebff94
00f4ff38
ffdeffe0
00160072
ff09ffcc
ff52ffdd
ffb7ff29
0071fef1
ffb100d7
fe91ffe1
003eff80
011cfe55
012cfe91
003200d1
ff6d0104
0046ffe5
0125ff57
ff28ffa0
ff9e000d
00460024
0068ff31
ff7e0045
fe72001e
00c0007f
ff910017
ff1fff26
0033ff22
00d20030
ff5900d3
ff92007f
ffe60058
00c1ffae
ff0cfedd
ff55ff7b
fff4009e
ffbe012e
00220085
fefbff60
0056001e
0058005e
ffa4fff5
004a0048
0093ffea
003dff58
ffb2ff67
ffb4ffd2
003aff8c
ffc60077
fff00078
ffe9ff8c
008a0028
ffa0ff8d
ff8bffc7
ff420116
ff37007d
0025ffbe
0062ffad
ff4bffaa
0100ffa6
0004ffab
ff700055
00070025
fefcffc7
fffaffcd
ffd0ff2a
00c30071
0111000f
ffc7004b
fff200b6
ff83009f
00f400ad
ff13fe79
ff3b0020
010f0071
ffacffa1
008f003a
ffa80067
ff9c0047
ff92ff39
004dffbe
00d9ffaf
ff60ffae
00aa0031
006cff9c
01160013
ff4f001a
feacff72
ff8fff6f
ffbe0050
ff75ff2f
ffc10012
0018009a
ffe7fe75
ffb9007e
ffd1fe52
ffecffa9
ffe0003b
ffaeffa0
0067002e
002aff6a
018a0141
ffda0046
ffc2ff01
009affea
00270003
ff76ff14
ff34ff59
004eff0f
ffe70054
ff6effaf
0018ff73
fffd0035
ffd9ffe6
fff7ff6c
00a40007
00f1ff14
005cffea
002300a3
0058ff6d
ffd7ffa6
ffefff5e
fff9fe76
ff67ffc8
000dff92
0032006f
ff61ff86
fff7fff7
002c00fa
ff940085
012d0017
00d2ffc5
ffb4ffea
ff370046
002cffe3
ffc8002f
009e0023
ff15ffe8
00390072
004300da
ffceffec
ff9a0014
ffdbffd5
ffccffaa
ff950011
0104ff86
ff710013
ffe9009d
0018fff8
fff700f7
00470024
00e8fef1
ffa4ff25
ff2c003e
ff830058
ff94ff76
fff80073
ff91ffbd
ff21ffc1
ffec0044
ff99ffd4
ffbcfff8
004400c5
0005ff3b
007000a4
0061008b
002b005b
0034006a
ff60004a
002effaf
004400d3
ffde00c9
00c1ff3f
001b0039
00ddffdc
fea4ff2d
ff96ffb1
ffe9fffd
ffa3003c
00e1ffa0
fed700e0
ff41ff89
002fffe3
006f00fd
007bfffd
ff46000b
ff87008d
ff52008e
00550005
fff3ff37
ffdbfff9
ff6a0035
ff61ff0e
0155fff2
004f00a1
ff89ff8c
0141ff5e
ff9e0023
00ed0037
0033ff52
00980026
0034000d
0016ff98
ff7fff4d
ff53ffc8
ff3e00b9
003bffa9
ff54ff8d
ff58012e
00220104
005dff4b
01030029
fffefff1
00ad0011
009f00dc
0093003b
ff59ff75
ff82ffd1
0054ff60
00e0ffcc
0180ff45
004dff9c
0020ffe9
ff3aff05
00810084
ffc2008e
ffe7ff65
ff69ff49
ff1800b1
006effbe
000aff89
ff2eff2a
01190087
fff9005a
fffb005a
ff0f00aa
0087001c
00ac0024
ff89ff76
0012ff8f
fff8009c
0084ff44
ff8bfff7
0041ffe4
ffc8ff76
00c6ff4d
00350021
ffdc003b
ff82ff8b
ffb5001c
febeff71
ff880000
00a6ff34
fec6ff07
ffa2fff4
002bff59
006c00fe
ff3bffd1
ff39fea6
006e00d2
0043ffb2
ffc5ffd2
0077ffa1
fff7002c
ff8e001d
fff0ffed
ff8afffd
ff8dffdd
ff9bffda
ffcbff5a
ff49ffd6
fffdff9a
ff04fef0
0063fedb
ffd2ffc8
ffb40155
001fff26
fff1ff01
fffeff5f
007c007a
febc0020
ff04016d
00a70093
feb10019
ff64ffe9
ff220038
ff8aff70
ffe4ffa8
0081ffd3
002400d5
007d004c
ff9a001d
ff6fffe3
ff72014c
fee9fe00
ffbfff2b
ff5dff6d
ffacfef1
ffab0057
005f007a
002a004a
00eaffcd
fff0fff8
0070001d
00730063
ff48ff54
fff50008
ff8d0013
ff83ffc0
fe3f0013
ffeb002d
0172ffe6
00450014
000dffcd
001cff96
fe950034
fe98ff20
ff4eff54
ffa20014
ffb80034
00f2001c
ff95ffdb
001901ac
ffa6001b
ff9aff8f
003a003e
00b0ffea
011aff9a
0010fff6
0016fff7
004bff3f
0015fdbd
0127feed
ff15002f
ffc1ffd1
0036006e
ffe2fff9
0007fe7e
ffeafebb
ff58ffed
fefbffd1
000300ad
ff98feec
fed2ff72
ffc5feb5
ff64ffb3
ff72ff66
fef400c2
ff3b0039
00b1004d
001000c0
ff7f0007
ff60ff08
ff8dff0d
ffd4ffd6
ffbe0019
003b000f
00d1fe59
ffa0fff2
004bffda
ffe9ff8d
fefcff32
005d001f
fe7bff91
ffc7ffea
00caffd6
ff5a00a0
ff70ffed
ff1eff62
ffd9fe73
00ec0036
ff1300c8
ff25ff58
01280093
003b0099
ff36007b
005e0087
fff4ff08
0094ff84
003bff9c
ffff0183
ffd7ffdf
ff64fe80
ffbf00af
00a2ff8a
000bfed5
ffff008f
ffd50014
fedbff77
ff88ffbd
ffaa00a8
006f001e
005100b2
ffd30100
ff9a0026
fff6ffea
00d7fff8
ff090125
0066008c
0135ff38
00a1ff02
00f0fee0
ffb5ffea
001affcd
ff43ffa5
ff9affbf
fec6ffb0
0126ff7c
009c0065
0041ff43
000000ae
003c0042
00de001c
ff5fffb5
00500041
fef2019d
00d3feaf
ffd2ffad
000dfff9
ff74ff77
ffd7003d
007a0039
fffeff6a
ff8f0062
fee4ff6f
001500bb
00f5010c
ff900007
003aff6a
004bffb0
00c2ff9c
0034ff57
ffaeffe9
ffddff0d
0096ff7b
0013ff11
0030ff6e
ffc10040
ff60ffe7
ff1bffcf
ff550067
ffdeffd8
00490167
005bffb9
ff96012e
ffdbffe2
ffdc00ab
ff0cff9b
ff6cff0b
fee90068
00c1ff7b
fff4ff36
ff3cffa5
008e0091
00c700c5
ff3d001a
ff24ffa1
ffb900b3
fe2e0068
ff52ffd0
ff78feee
00c700dd
006e0032
ff25001d
ffbeff0e
ffd4ff4e
00ceffb5
00fdffa6
fef40037
00c0004e
ffffffa6
fe83ffc9
0072fffa
00b7ffb6
fea8ffbc
0063ff9f
0091001d
ffa6ff09
ffa4ffc3
ffa40093
fff90052
ff28006a
002cff91
00b4ff02
001f0046
ffbbffaa
002a0049
ffd5ff6a
0031ffc7
ff4aff7f
00f3ff97
ffffff01
fea5fe4f
ffafff7e
ffe2ff96
00da00da
fffdfebc
ffa3003d
00f5fffb
000dfe5a
002a0075
0000ff62
fef7fec6
ff6a00de
ff7b00d8
012a009e
0096ffc9
ffdc002c
ffdfffef
000500bb
ff5cfea5
005f0071
0021fea1
fef8ffb4
00d4000f
0172ff3f
006affba
ff2aff03
004affaa
fff0ff97
fe27ffb4
ffa1ffba
0011ff8c
ffdfff4e
fef0ffff
ff080095
ffbb0023
ffce0008
00060062
00a40052
00cffff3
ffb500fd
ff8600a5
ffc8ff75
ff68ff50
002e003f
0111ffbd
0024004f
0029ffd8
0092014d
007b003e
0100fef2
ff95ffe9
006f008e
ff90ffd2
ff95ffa1
009b0139
ffddff65
0121fffe
0083ffe8
fffd0007
006d0046
002300e1
fff8009e
0023fe8d
ffd5003f
000c0010
007600bc
0048003c
ffddffd8
00a300c3
ff9000a9
005c0058
ffcc0039
ffb6fef5
ffc2002f
00aa00c5
ff8c00f3
0030ff63
000fff72
0107ffdb
012b005b
0001ffd9
001f0035
00eb00a6
00840020
00450024
ff1800f0
ffbe0036
000bff6a
003fffd2
00f500b4
ffe10050
001100f1
00490115
00e10081
016aff97
00acff31
0107ff8f
00c50055
febdff37
ff45fe4a
006cff1e
0110fffc
ff69008e
ff9cfff2
01280022
006bffcf
0056fe96
ff53ff43
ff300065
ffd5ff79
ffb80078
ff5d0085
ffb7ff9c
ff53ff4d
ff6400a6
ff850005
feeb00b0
ff62ffbf
0087feae
0007ffbb
0078001c
0018014c
ffbaffa0
ffe700ae
ffe20070
00a10109
ff6c0028
0061ffa8
014a0053
ffab008c
ffaffff1
00e30018
0080ffe9
0083fff0
ffa60049
ff6fffbe
0154003c
0058ffb3
fef20010
005aff9d
001d0008
ffb6ffb1
ffbf001b
ff8c0087
0132ff50
00d300da
ff950030
00d2ff8c
00b30049
0022005f
ff9e0095
ff6fff23
0102ffb5
006500be
fec9000e
0015fffc
006bffd0
ffb3010c
ffdbff25
006e000d
feb40105
ff5500a9
0022ff9e
00adffa4
006d012b
fed80130
ff20ffb3
006f0002
008200d2
00e1007a
ffcd0063
fffdffa6
000bffbb
ff40ff74
ff5aff53
ffd40074
017bfea2
0056ffcb
0068008d
ff06fff7
ffbcff8e
ffcc00ef
fffbfff0
0045ff07
ff80006a
ffee000c
0027007a
fff5ff1b
0058ffe8
fff1ff87
00140168
ff5600d0
007aff9d
ff7f00f5
ff70ffa2
0001fe50
00daffa0
003f0075
fec3ff8a
001d0051
ffcafedd
ff0600a1
006fffca
ff95fffc
ffaf0037
00e20070
ff37ffd5
fffcffdb
00b500ac
ffefffdb
ff950096
ff64ffae
00ef007d
feb60024
ffd3ffda
ffb3ffb9
fed600f9
ffed0070
008cfec5
0116ffee
000600e3
ffcaffbc
ff39fff8
003d0004
006fffd8
007effad
00a50005
008f009b
00db0091
0046ffe0
01dbff5d
ff42008f
ff30fff6
006a007f
0009ffd7
008fff74
ff32ff8b
ff28ff70
ff96ffcd
009b0035
ffa100cb
ff7f00d1
ff2900e2
ff20ff66
000c0091
003600ac
ff5dff16
ff86ffd6
ff11ffdc
0023ff64
fff7ff7e
ff18ff30
0001ffe9
ffc0013f
ff0fff99
000d0087
fee2ff86
ff4fffc6
ffdd000f
00300014
fff0ff37
0058007c
ff2800e2
00f8ff80
0119feb8
ff25002c
00caff5c
ffb9fef7
ffe00013
0075fedf
0000000c
0082feec
0147ff28
ff58fe8e
003cffc7
002bff02
fed90046
fe210035
ff21ff72
00c80059
fffeffb6
006fffe6
003f0007
00c4ff3e
0005ff70
ffcd0079
0051fef6
003a007f
ffc900ff
ff3b0072
fff0001d
fec2fec0
00c1fead
00680024
00f8fef1
ff91ff34
ffde0071
0180ff76
ffceff1a
0027ff76
006fff77
ff37ff24
ff2400b1
ffdcffa4
fe20ff4b
003effeb
0092008b
0077ffb5
ff4eff8f
ff68ff5b
fffb000d
005effe4
ff56ffae
fff100c3
ff26008d
ff51011b
0000fff8
ffd9ff6d
003dfee8
00180025
ff63ff73
ff2e00d0
010d002b
00d4ffbf
ffc00002
ffbbfeee
ff6400fa
ff370055
ff5200d9
ffc8ff7a
fff9004c
0061feda
ff13ffbe
fff0ff8b
ff82ffc3
0098007d
0026ff23
ffcb0037
fe7effbe
ff8ffea8
0102ffc8
0014ffbe
0041ff5d
00f9ffe6
00b7ffee
0085fef5
ff2dffd1
ffaf00c3
fff1006e
0044ff6b
0177fff4
0099009c
002c00f5
ff020078
ff54fecd
fffbff94
0026ffc8
0110ffe1
007c0080
ffcb008e
0019fe98
ff01000a
ffcfff42
006a007a
000c01cd
ffb600af
feaf0018
00450060
005e00ec
0041ff6a
ff3fffb3
ffddff8e
003cfecc
fef4ffb4
ff00ff5c
009bfeee
005100c0
ffc90059
ff67fefe
003d015b
fe70004b
ff5f0101
ffe50007
ff3eff15
002900fc
002c00b2
ffebffc6
ff3700c7
fef1ffd0
ffe3ff62
ff16006d
001cfe69
ff1e00de
ffc7ffd2
01d1ff58
001b0111
febc00cb
ff800063
ff690048
00550041
004c00f5
003a0151
00bd000e
ffa1000f
ffae00ce
0019001f
ff29ff6a
002dff09
ffd90114
ffd3ffe8
00beffac
fef20084
ffc2ff16
ff310050
ff4c00e4
00680061
ff5e011d
01090079
ffe6fe96
fef6001a
ffce00ad
ff500104
ff5affdb
fe5dff57
ffc70031
000100b4
00ddffea
ff5c0054
ff50ff4b
0070ff50
ffef00b0
001900da
00060057
ff2500be
fe44ff8b
005affa4
fffbff73
ffe9005e
010afeb9
00aeff85
001fffee
012c0081
0078011e
ff7f003e
0067ff7d
0008ffe6
ff42ffb7
ffe5feb8
009fffb8
ffbdff95
ff81ffbd
ffc200b1
003400e8
009a003b
ff7bffb0
ffa0ff2f
00f4ffff
ff9fffad
00a900f6
002b007f
ffeaffda
00a5006d
00ac010a
0113003f
005dff1e
00310106
fff40001
0022ff6e
ff46003f
ff97ffbe
ffedffc7
ff570134
007500c3
fffcfed9
00a600b3
008f0088
0116fffc
0060003a
0095ffba
00deff89
ff8000b0
ff6e0097
000c0083
0029ff78
ff780048
0037ff47
ff69ff6b
0142ff86
00290039
fef20051
0032ffee
00e2ff23
ff8d0035
00e9ffc2
0047fff5
ff8d0066
ffdf0122
ff20ff6c
fff2ff05
ffbe0072
00c70026
ff8c00e7
009000c3
008400ee
0085ff40
00b700af
ff6000bf
001f00c1
ff870103
ff51ff61
00fb0022
ff91002e
fed800ec
ff8e004b
0029ffd2
ffe600a1
fff50066
0011ff98
007aff5f
ff6bff75
0054ffeb
0017fff5
ff2b0081
00220000
00200049
ff8500be
ff59ff71
00820020
ffc30010
ff93ff6f
003c0071
ff5eff71
0023ff52
002bffd6
fec5ffec
ffee0001
0020fdfe
fe20ff19
0192ff70
0079ffad
ff82001d
0053fffc
003e000b
00b500f9
0080ff9b
ffa700aa
00d20046
ff9cff86
000100a5
008e0004
006dfffc
ff8eff48
ffc5ff26
0070005d
fff4ff8b
ff7dffd5
0006ff65
003100c8
01780044
ff78002a
ff53004f
fecc001a
ff850072
ffe800a8
ffa1010a
013c0092
ff3b0002
ff18ff38
ff99ffeb
00b9000a
ff78ffa1
002dff70
00500011
ffcc00c0
ff9fff23
ffaa0018
0093ff8b
ffe2ffd7
006f0025
0029ffcf
0154fef9
00af003f
ff95ffd3
0007ff2c
0007ff6d
ffcd0079
ff6e0085
000fff0b
00c9ffb6
002efee2
00d4ffbb
ffdeffc7
00590017
003c0150
ff940021
00740091
fffc0034
ffad0035
ffe1ff4a
008cff66
002f002f
0036fff0
ffe2ffd6
ff81ff70
007f00e7
ffb500b2
ffd60042
005d006e
00c0ffeb
002e002d
00c8fe7a
0090ff6d
0025ffeb
0067ff90
fff0000b
00430084
ff9f004a
fff4ff51
00dfffba
0088009d
ff0f0102
0019ff8e
00c30088
007dffab
00300047
003bfff8
fe670024
fed2ff35
0032004c
000d00ab
ffedff02
009e012a
ff7c0090
ff70fffd
ff0401d4
00f90182
008b0055
0132004e
0028feb1
fe630030
00ca00cd
0002ff53
00110053
0083ff73
ffc3fffb
00af0095
ff960088
fea501d4
0070ff8d
003f0041
ff59006c
ffbdffac
003dff28
00450060
fff2ff60
003b0026
ffb5ffed
ff7cff52
0046ffef
0138ffdd
000201af
00070082
010cffbb
ffae0064
0082ffe3
ffd9009c
ff9501a6
013eff9d
ffdc0104
ffef0071
ff67ff32
ff04007a
ffb000db
feebffff
ffd9002a
ffc7ffd5
ff8fff92
ff4f0049
00a8fee2
00d1ff98
00940028
00f4000b
ff0600af
ff21ffc9
ff4dfeb7
ff94ff7a
0069ffe1
00d400a9
ffb20042
feb30123
006aff66
fff1ffc4
00be0129
ff9b0026
ffd600bd
ffb4ffc8
00330063
0055ffb9
0016ff63
00a00138
000900e3
fff2ff9a
0075ffe8
001800fb
ff8d005d
0021ffaf
0105002e
ff3a0047
ff99ff94
ff4c0127
ffabffd3
ffff001b
00cf00a4
0067ffdf
006dff88
ffac0026
ffdf0007
0014ffa2
00caff94
ffd600a3
00280008
0045ff83
ffd6006f
000f00ab
ffe1ff81
ff430034
0005ffbf
0004ffe5
0072fff8
00c3008a
ff47003a
00ef0007
00f20034
ff2a001c
01330007
01010081
00b5ff29
00baff99
0023ff94
ffd80091
0043ff5f
fff8ff87
0094ff53
00e1fff7
ffff0048
ff58ffff
0023ff63
00b6ff9e
009dfff6
006effdd
ff8aff84
003b0086
0086ffa3
01660035
ffd8005a
fe9cffba
fffe0053
ffff0033
000100da
00770125
ffff0077
ffbb029a
febcfffc
ff2eff8e
ffebffdf
0021ffa4
006f0017
ff3f00d9
00c9fff9
ff67ff54
ffddff57
ff74fff8
ff10008a
ffefffbb
ffa90095
ff3f0149
005900ac
ff120011
ff7b0154
0062ff37
ffcfffa8
000fff8b
00affeed
ff95003a
ffd1ffc9
0135008f
ff620020
fe8ffe41
ff3dff07
0092ff5a
005e0118
00350050
005aff2f
ff4d0037
fef1ffe4
ff5bffda
010bfeb8
003d00b2
ff180062
ff690072
feff00a2
ffecfffe
ff7c005e
ff65ffba
ff7dff03
0003ff50
ffa8000a
001200b5
ffe20099
ff890155
fffe0071
ff6a007a
00360132
ffa50011
007f0068
ffb8ffc4
ff33ff48
0011ffb3
fee2ff06
ffebff49
0011ff61
008b00d4
003200a2
fffb0047
ff67ffa7
ff8c00f6
00fbff45
ff1effa7
ffa5ffad
ffd5ff37
ffa0ffe0
002efed2
00670053
01650040
00b2ffe1
009affa2
003d0035
00b3ffe4
015cff80
009c0053
ff99ff37
ffbaff78
ffed0054
00810044
fff2009b
ffe6ff8c
0064ffc3
01a2001d
00d20091
ff540078
001000dc
fefe003b
fefe0065
ffb2fffc
00710039
ffa300c2
0020fe74
00abff2a
00b0ff32
fff8ff2d
003b002a
000700d8
ff72ffad
001d0075
00e30062
00ba00f3
ffee0005
ff86ffa4
0035005b
00cf000b
01000071
ff38ffba
feebff04
ffedff83
003bfff1
006000ba
ff970056
002aff0f
0016ff4e
0067ffad
0119ffac
0071ffdb
00aa0029
00aeffac
ffdf00ba
0071000a
007a0026
0008ffa4
ffdeff61
0031ffbe
ffed0049
008effdf
000d0051
00610038
006b0063
ffcb0034
00600036
ff8e0040
fefeff90
ff0c00fb
ffb2002c
ffc3ff63
ff810017
fff4ff5d
012b00d5
002f00e5
ff69fefd
0083001f
003100ab
ffdd008e
ffd0fff9
ff6b0053
0033ffee
0056ff96
0031ff61
ff77ff7a
ff74ff9b
004a0045
005000aa
0043ff0d
00beff3d
fff8ffc7
ffe60117
01d8ff51
0046fedd
ff6a00dd
fff0ff13
ffd70026
0090fff5
ff16ffb9
0074ffac
0089ffb9
ff63ffb5
005c00db
ffb0002c
0086000d
ff060099
fefcff84
0060008d
00c70167
011500f7
ffe30050
ffc4000e
ff07ff59
fff0fff6
ffd7ffe6
ff0cff54
ff9b012d
ff86ff69
0092ffdf
fff6ffcd
0029000b
fffb0092
000a003d
00e9ff92
00d400aa
013b010e
0045008e
0082ffe2
016e005c
ff500089
ff74ff7c
0093001e
004cff6b
00b600a6
ffda0035
fec8ffab
003afe86
fee8ff6b
ff9fff5b
ff82ffee
ff0e002e
002c008a
ff8ffff6
fefdfff4
ffbffffc
0016feee
00970033
00d4ff8e
0150006c
ffa7fff9
00ef0057
00d3ff9b
ffd4ff9f
0088ffda
ffff0022
00a8002a
ffaf0032
00d2ffec
00b1001c
ff97ffa8
ff8e0049
000a009c
000dff0b
ff9aff75
fea1ffdf
ffd4006d
0073ff38
0043ff56
ff36ff78
fe4eff3a
ffddff71
ff3bff6c
ffea007e
ffb8ff53
000cffe0
00acfff2
001e0070
ffb40015
00850064
ffdefed9
005c0004
ffc900c0
003bff68
fff5002c
ff27008b
ff60ff4f
ffb0ffa6
003600fb
0033012c
000dff9f
ffc700a9
ffe3000d
ffa9ff9b
fe4b0084
fe8aff91
ffd7004c
0050ff6f
0068006c
ff000081
00c2ff03
0077ff63
006cff21
ff0e010e
000c0093
014300fa
ff710038
ff1e0039
00f100f0
009e000a
ff4f006e
00fbffb0
0015fedd
ff500053
ff240056
ff6ffee1
000fff64
0014ffe8
feb7008c
ffe000af
00ac001f
ffe3fffd
0157ff88
ff1100b6
0012ffdc
fef8ff4b
fed8ff06
ff58ffc1
ffadff6c
fef300c8
ff90fe0e
007bff20
fe960013
ffccff71
ffe6ffe3
ff3cff62
0098ff85
ff85002a
00840045
ffd9ff9d
ffa800d6
fef3ff7e
ff5cff92
ff8eff9f
fff20029
feca00d7
ffe5ffea
000600b2
ffc20003
ffad0112
ffe6ff62
0135ff9d
00630088
00250023
006b00c4
ff780012
0020fffe
0088011b
ff20ffa5
00b6ff11
0049fefc
ff1aff0e
ffe3002a
ffc20099
ffcd00ec
00a2ffc4
0046ffc4
004c0066
00eefef6
001cff5f
ffb5ff28
0008ffbc
0047ff77
00abff86
0083008d
01310078
0064009a
fe4f0039
ff0100e0
ffe80049
009a0053
0008ff60
ff7a00f9
0011ff96
002e001a
003c00be
000fff93
ffc8ffcc
014eff90
012d0033
ff4bffd3
fff100c0
ff98002b
00f6017d
ffdc0073
ffcdff95
ff99002e
ff94ffe0
ff88ff99
ff92ffc0
febbfee9
003cff9c
006fff69
ff6400b0
000c0120
ffd500e1
feee001f
ff6cffc8
ff4cff9a
ff12005c
ff8e01fa
fee00038
0057ffd9
ffdcffc3
00d0008d
004400ff
ff4affe1
00510043
015f002c
006e0042
0029ffaa
ff92ff14
00a5ffbb
00a80089
ff11ffe1
0052ffe5
fec30033
006dff4d
ffbf006a
ff9e0098
000000b7
007fffba
007e0164
ffdd012d
ffd0fff1
0053ffb9
0029fe82
ffb20084
002a0110
ffa1ff46
007900ca
ff0c0151
008fffcc
0147ffff
00bcff6d
fffd004a
00f80187
01c8ffef
00e900f0
ff4700fc
ffbbffb2
003300b7
006bffd0
00640109
0084ff9f
fff7004e
fec60073
00360010
00baffb0
012d0098
001e00da
feffff5d
0004ff80
005300b5
005c0064
fed5007a
ffc00010
ffe10161
ff4f0006
ffd4ffaf
00f8006b
005f00bf
00e500cc
ff35ffe2
005bffaf
ff8cffa4
ffdd001d
00b3febb
feefff06
ffee009b
ffd70025
ffd1ff2f
ff6bff81
00bcff9c
ffc4ff5c
0097ffb1
00450064
ff64ff93
ffb30040
006c0017
0051002d
ff7b0015
0057ff92
012effeb
00f40092
0081ffd8
ff54ffdb
fef7ff73
003aff71
0005010a
ff80ff3a
ffd7ffea
0090ff23
ff93ffa3
0012ff01
0085ff61
ff50ff77
ff8a0072
ff1a0007
0020ffe0
004e0014
ffb0ffd0
ffd2ffed
ff5bffdd
003e011c
ffb3ffc5
007f0048
ffea0101
ff9affdd
000eff64
ffe2ff64
ff8a00f7
0027ff79
01470063
ffdb0105
00460108
ffa000b4
ff620128
ff91006e
ff69ff73
0025ffaa
ffee0055
ff8d0020
ff88ffba
ff16ff47
00a6fffc
0009ff85
fe72ff64
feee001f
005b003b
00f2ff0e
ff56ff58
ff4f00c4
0004ff19
00180024
ffa6ff62
ff68ffce
014500dc
0017ff8f
003800f3
fffcffa5
ff670031
ffddff3e
ffd600d3
00130136
00690056
00c3010b
004a00cb
fe04ff98
0009ffcf
fffe0013
ff0affbc
00760018
ff89003e
002dffe8
00ecff6f
0025ff8b
00160060
000ffff4
003fff4d
00770035
00690035
ff6aff53
000cff31
00d4ffcb
002b0018
ffdfffc1
ff4f0095
fef0ffcf
0089fff5
ffb3fecc
0071fff3
ffffffff
007b0025
ff7cff50
003bff77
feb3000f
fef5000c
009e00e3
ff96fff7
fffaff72
ff21fff5
00f5ff5c
00eb0037
ff31ff23
0023ffba
ffbbffd9
ffc80037
015a0091
ff9effb8
ff8effa6
0007ffca
005dfffe
ff8300c6
005ffff3
ffebfe71
00b0ffb7
fffd0090
014200eb
ffd0ff81
ff98ff62
ffc60036
ff780011
00ad007f
00570027
ff1bffd3
ff970049
ff72ff8f
0075ffee
ff950009
0089ff54
fea7ff50
000500d1
ffe700d8
ff580008
fec4ff87
003c00ec
00ed00f6
00c6007c
007efea0
ffda0005
ff0101bf
ff5c0008
0023ffad
ff9f00a1
fff4002a
ffde005b
ffd90023
00ea0037
0009ff31
0049ff5c
fff6004e
ff1fff48
014cffc2
feffff2a
ff890081
00caff98
ff99ff12
ff6c013f
ff7d00c2
ff1600c2
fee9ff91
007a00c9
00b20067
0096fef7
ffe4ffbf
00260006
003bff8d
00ad00d2
00720015
0028feab
ffd0ffa3
009600b7
00160035
ffc5fec6
002ffec2
fffdffef
ff28ffe1
fec20160
00a700c0
fffbfff9
ffb8ff97
0018ffe8
ffdfffe3
ffbdffcb
00b6ff3e
ff51004d
ff0b0001
00140012
011cff3e
0039feaa
000e0032
ffa8ff5a
0016ff26
00440061
ffe600b4
0034ff0e
0112ff56
003f0078
00b80164
00a000db
0025010b
00d2ffe7
01180013
000dffb9
ffc7ff21
ff8fff7c
ffe2ffa7
00e9ff98
0078fedb
008d0178
00b80046
00b1fffa
ff5b0019
ffecffdc
01820070
ffac0084
0049fffc
ffbd00b2
ff16fec9
0025ff91
003bff8a
007aff92
005cffe6
005bfee5
001b00e4
00df009b
00450100
fe9d0061
ff74fff4
00110061
0093ffb9
ff53ff78
fffd0062
ff8701a2
ff3400e2
ffc2ff83
ffb9ff8f
fff9ff89
fed3ffdc
ffbcff84
ffc00025
ff8fff9c
ff990032
fff60093
ffc3ff59
00570098
001cff07
001b00ef
000affdf
0009ff70
ffe0ffa2
ff8dff85
fef0fee8
ff50ff6e
fe4cffc2
0014ff96
ffe6ffcc
ff5fffa3
00e4ffaa
007e013c
00a40056
fffc001a
ffcdfff3
00a0ff2d
0032001d
010a0083
ff0c008f
ffc000bc
ff7fff5f
ff52ffdf
ffc600d7
ffc3004b
01410070
00c70033
ffaf0059
fed6ff8c
00050004
00570051
0062ffdf
0051feeb
0072003f
ff8c0051
001affce
ffc30016
00a400c5
011500ca
00200035
006b0014
ffedff89
006600aa
0010009d
00590034
0091001c
007afecb
005c00c5
ffd0003d
ffbbff14
fff9fefa
ff1e004d
fffb0084
ff9b004e
00030050
006fff2e
009efecb
ff7a0008
fe750031
00cf007d
ffe3ffef
ff5a0039
ffe900de
ff10ff59
ff19ffcf
ffb90095
ffa9ffdf
ffb3ff68
0003ff52
ffdcfffb
ff1dff8b
0022ffa4
ffbcffb1
ff4c01c4
fff800ce
000f001a
00350058
0003004a
00be00db
0017feae
ffb9ff80
ff870146
007f0043
009ffef4
00860009
013f0142
001800c3
008effef
0162002e
feb8001f
01a4fea4
ffafffca
ff0b00c3
ffd40143
000cfff7
00b70090
00f10012
006300be
ffe30004
0081ffb3
ff0900ed
0064002c
00c400f7
ffdcff90
01a3ffe2
ff41ff68
ff88ff7f
007c00f0
fff900b5
fedc00bc
ff4bffde
00bc0021
0041ff8d
ffa2fee7
00e5ff6a
00ab0113
00110103
ffd20133
0014ffaa
0098fff0
012b003c
002b002e
ff8b0010
006a0140
0036ff97
0033ff1b
ff9affdb
000b001f
00e800a3
0002fed2
ff83fe7f
fff100e9
00ab0067
00660060
004efec6
00c0feae
00b9ff55
fffaffed
fff90028
006e0165
fff5fff1
00fbffcc
ffe3ffdc
ff66ffca
00640049
002d0061
feff0097
002b0054
ffcfff51
ffa2ffc3
fff700ad
ff1dffb7
ffa5ffd7
00380001
0030fec9
001efe77
00b3ffae
ffdc0048
004dff18
00120002
ff7000cf
ff870011
fff7ff1c
003200c4
ff92ff59
0062001c
ff5d004c
0003ffeb
fff2ff68
fff1003d
00360098
002bffd5
ffde0027
00100012
ff96003b
ffe3ffc2
ffd1ff92
fea800a7
008000cf
ff9bffa1
000d0029
0006ff4e
ffc3ff97
ffeafffe
ff7d0143
00d30097
ffadff9b
fe97fe4c
fede009d
008f0064
009b0021
ff5700bc
ffcb01ac
ffe9ffee
fed0ff69
ff3d008f
00a8ff32
ffff0018
ffeb0134
fffe0035
fffcffcd
002f00be
ffffff4d
00620021
00220022
00b3ff7c
ff0d0075
0027001a
ff99ffbc
ff3bff0d
ffcbffb0
00e200ce
ff1dffbd
ffcd0024
00beff53
ffaffff1
0163000c
00210091
ffb700b5
ffc3004f
ffe700d8
008c0082
ffd2001e
00b8ff49
0021fff0
0106ffe7
ffd10027
ff830049
0056007c
ffe5ff98
ff82ffe8
fe4c0043
01290030
ff68ff5f
0002ff4b
00bf0084
001800ed
0028ffce
ffbcff76
0062ffac
00410058
0038ffa1
0004ff78
00d80114
ffe1ff83
0034ff7a
00ebff99
ff96ff9a
012c004e
fff7ffd7
010e0079
00a7ffbe
ff6d0000
0033003f
fe660008
fee0004a
fffeffee
00610082
ff1efe72
0060ff9a
fff0ffef
ffc4ff74
002900ea
00b7ff67
ff9c0076
ff5400ef
011ffe8f
005aff1d
ff980098
feceffc8
ff8a005c
ffc5002b
00afffda
0057febc
ffeb00e3
ffeb0058
ffbcfff8
ff5fff1f
ffecff14
ff3b0068
fff0ffb5
00afff5f
ffffff95
ffd2ff9f
0056ffd1
00b00022
ffd4ff43
0009ffbc
000eff7c
ff5dffa9
00f20030
00a1ff97
013eff84
008600da
ffb2fef6
ff46ff11
ffc6ffd9
ff31fec7
0030ffc5
002700c2
ff8b002c
0077ff3c
00e10055
ffed000e
ffa00028
ffd3ffca
ffb4ffd0
00210078
ffd5ff11
ff38ffba
00130001
0003ff16
00ed0001
ff5a002d
ff8fff53
00f3ffa3
00e9ff7c
006e0041
00a5fff0
00410029
ff7500a8
feef0122
ff69000b
0017ff74
ff4d0154
ffa9ff0c
ffce00bb
00970053
00a4008e
ff81fe7a
021afed5
0106feca
00aafdf5
0060ffc3
010dff4f
ff83ffb7
ffa10011
001c0024
0058ff74
ff6effa4
ff0ffef1
ff17ff5a
00aafed2
00570056
fe9a0034
009c002e
0020ff89
0049ff77
0030fed5
ff89ffb9
fec50050
01600040
014fff34
009cff74
0003ffc3
001d014c
0014ffad
ffd30002
006d000c
ffb3ff98
ff71fff0
00dcffa7
00dbff76
ffbf0064
fff3ff0c
ffe10038
009300a4
ffefffc5
009100a8
00f9ffe2
00bf00ef
0056ff27
fe67003f
0031003a
001f0079
ffc6ff1b
017fffb7
ff42ff37
001000b2
fff300ea
0136ff52
00490067
003dffe9
fefc0029
ff410024
ffc1fefe
ff850067
ff4d0062
00680040
0149ffe4
00c0ff51
001000e6
ffcf001d
00170095
0132ff79
001a0003
ff44ff9b
0168fff7
ff44001e
ffb5fff6
0001ff45
ffdffe75
ff930013
00560050
00290134
007cff7e
ff4fff9a
006b005a
0060ff68
011aff76
0050ffc0
ff5b0064
ff1f0031
0097004e
010a0040
ffd80054
006a0052
017d009c
ffe6ff46
ffbb0060
009000ac
0013ffeb
00c800ca
fff60185
ffc1fef9
002bff37
0076feee
0000fee5
0011ff76
0101007a
ff620019
0063008d
008800b5
ffe0005e
0089ffdf
00c80019
ff51ffaa
ff8dffed
002e0042
fff00060
00aaff99
0126fff6
0021fff3
fff0005d
fee4009e
ffec002c
000f0103
ff180013
ff3b0036
0114ff93
005cff53
ffd30064
00e3006c
0012ff6c
000cffec
feb8ffcf
00c3ffc0
01290170
ff5f0054
ff1dffbf
ff31ff6c
01670010
ff9100e8
00720025
0061ffd7
fff20011
fff5005f
0020fed7
006bfee0
006c005a
fead003f
ffbe00ba
004dfff2
00020090
0114ffb8
fff8ff00
00acfebb
006c0071
ff410158
ffb200df
002bffdb
005d003a
00f8fff8
ffc90001
ff8eff36
00670038
ffb100a4
fef10098
00930077
ff96ffc2
0192ff0c
0006ffd9
fffbfefc
0088ffb0
ffb8ff7f
0076ff0f
00330078
ff260080
00680059
ffebff38
ffe5ff6a
ff99ff54
fe45ffa0
000a003e
ffdefec9
005bff8a
0020fffa
ff4cff32
ffe5feed
000c00ee
fe8d000d
ffd0ff89
00dffefd
ff87ff44
fe98001f
ff130081
0019ff50
fff000bd
00b30095
00c7ff67
ffe3ff49
ffc7ff2f
ffd5ffac
00c8ff32
ffb00101
ff6effdd
003600f8
0018ffef
ffbcfff3
0074003c
ffbeffa1
0084003b
fff9006b
00030105
0037ffed
ffffffa4
ff63ff67
001e004d
fefd003f
00540123
ff250028
ff5a00b5
ffb00088
ff290065
00400086
ffe20025
006f014e
011aff81
fff30019
ffe1ff8f
0036ff5b
ff010084
0023003c
001efffa
fff9ff5c
ffbb0046
ff79ffb0
00c2004c
ff84001e
00260074
ff56ffdd
002d00f5
0136ffa1
001efeeb
001d008a
ffec0057
00540019
010bffbb
fff00043
ffcb004e
00b70043
001cffdc
00300015
0043ff3b
0061ffdb
ff5fffb3
011a00a0
0029fff6
0077feaa
0059ffdb
ffaaff96
ffac00a9
ff0ffeef
006000d2
00720015
00b6ff53
ff7e007b
ff8dff6e
ffec0050
ff34fffb
ffc3001a
ffad0098
000700d4
ff79ff67
0067ff43
0067ff9b
ff7fff11
001fffde
00900188
fef8ffbf
ffe300a8
ffe500f9
ff73000c
000cfedc
01b0ff41
ffd4ff9e
0013ffa7
ff8afe77
00520008
ff5a0031
00b90058
0047007e
ffba00f3
ff98ffd4
0006ff56
01a60030
006eff35
ffd4ff09
005f0074
feee0035
ffbdff80
00210047
ff93ffca
ff0f007c
ff5a002f
00840110
004e0044
ff8c006d
00240032
00b2004c
fed3006d
fe16fe52
ff5aff49
ff8bfece
0046ffc2
008cffbc
ff720133
00b4002a
006e00fc
fed20037
fffeff17
0079ff10
ff690053
ffa6ff6d
000dfff8
000f002c
ffea0017
000a00b3
0020007f
ff0dff6b
ffd8ff3d
0056005d
ffb0ff55
004d009b
ffc3ff2c
ff14000c
ff2c0022
0078ffd7
ffccff8b
005fff46
001fff21
ff0c00a3
00ca0045
00450047
0034004f
0034ff96
ff4f000e
ff9bfea3
ffe7003a
011c002c
feef009b
00900186
ffda001d
ff8c004e
006cff8a
ffdb007c
0059ffc1
ff9effdc
ffc7ffb1
00380051
01200154
00ccffb1
ff58ff23
012e0012
01590123
000c0070
0096007e
014b00a6
00310062
ffc7ffc3
0008005d
0005ff68
ffb1fffe
ffec0034
01430011
ff36ff89
ff14ffb2
ff72fff5
00340048
fffd0119
ffac00f6
ffd5ffe2
0085ff0a
001d00a6
ff44fff8
ff65ffed
fed3ff89
ff80ff0e
ffd1007d
ff36004b
ffa4000c
009e001d
009cffa6
006a008a
fe7a004f
ffb1fff7
01efff94
014800a6
01bdffef
ffabff95
ff6a00da
ff95fffc
00ebffa9
ffb7ffb2
ff91fee1
00c0ffc8
0076ffb3
ff9d0050
ff2a0078
00520139
ff6300dd
005f0081
fe72ffdd
001c0055
0034ff76
ffc6ffae
fea50008
0022ffda
0093fff7
ffb0ff51
0062000c
004b0065
ffe70002
ff78ffc7
ff7f00c7
ff28005d
01930080
ffe60034
ff81ffc5
006aff47
ffb5ff12
006fffb1
00100095
0071ff6f
0163004b
00f30058
0092fe91
00c7ffc9
ff760054
00130000
0049ff98
ff94ff94
0028ffea
fff20016
ff88004e
00bdff27
ff6f012e
ffa3ffe4
ffb2012a
002e00e9
ff9fffc7
00c5ff78
ffbcffbc
0006ffdc
00ee002f
001f00a0
011f00cf
009d004a
0052ffbe
ff5dffad
fff40008
011cfea6
ffa20001
ff3e0063
01900053
002b0051
010dffd1
00990013
0051003e
ff91004b
0010002d
0116ffb9
00ed001b
fff2ff30
ff0dffa0
00780019
0050014e
ff960041
0036ffbb
0092ffa4
008a0034
00100061
001a0022
ff71006f
0093ff00
0190ff80
ffb5ffc9
feff002c
ffbfffcf
0072ff95
ffe7ff07
ffb3017f
feebffbb
ffd4ff6e
ffdfff32
ff9c0004
00900058
003a004e
ff1f0061
006400c3
ff9e0009
00f2ff35
ffbe008a
ffbeffb3
ff70ff6b
009fff80
ff3000bd
ff430142
00090028
ff1afea8
ff59ff92
000dffd6
0062ffbd
ffd60012
0089fedf
ff14ff1d
fe91011d
01b8009f
00570006
ff730058
ff9ffeb7
ffbb0017
004cff50
002b002b
fef3ffb6
00ddff33
00c7ff11
003bfe7d
00daff7e
003c00e3
ff2300db
ffffff22
00130035
007afff4
ffe8fffc
00c70037
0096ffbd
0039004d
ffedffa3
0053003d
0122011d
ff700000
ff55002f
004c0029
0078ffee
fef800aa
0011001f
0022ffa3
0082feaa
011d00f8
00e9ffc8
ffefff62
ff580063
ffbb0021
fe21001a
001eff5a
008affdb
ffc5ff41
0004ff06
0082fffc
ffce0145
fe3600f1
ff37ffba
0041007f
ffcafed8
ff7d009d
0000ff08
ffd800e7
ff3c0143
ff4effcf
fecaffaf
ffd4ffee
006a000e
00cafff0
fff7ff6d
003fffcb
00920013
ffc9ff63
ffff0019
ffd30017
00a9004a
00fa011f
ffdfff54
008b00eb
0087001a
000eff4f
ff5cff6b
0003ff0b
ff43ffe7
000bff7e
00e3ffc1
ff4d00c0
ff7fff66
fffd00d6
01a60047
002200a0
00ae0110
007c006b
0047020a
ffaa0079
00d0ffba
ff09003d
ff0dffe8
003dfed2
ff96ff5d
0007ff84
ffb7ff9a
ffddff6c
ff6d0010
fff600f9
0083006d
ffb7ff8a
ffa90092
ff4c0059
0008ff9c
ffe1ff81
ff61ffd2
ffabfe1e
ff40004e
00250049
0043ff46
ffec00ef
009dff8b
ff67008b
0066004e
fefafff0
ff3c0049
ff99005f
0037ffe6
ffb8ff5b
feb4ffb9
00afffb5
ffb400a4
003e007d
ffc1fff6
ff360012
fef70006
fffa0080
0017ffb2
ff65ff2c
fff9ffd0
009300a4
008bffee
ff7200c9
ff5bff39
00b5ffe5
ff650042
0025ff96
00160132
ff96014a
0064ffca
009b0085
feeafef0
0069ff6b
00fdffa0
00120084
00acff4f
0051ff14
fffdff12
ff09ffa0
ff770029
feeeffab
00120092
0038ffd3
00550054
0047fff9
0093ff85
fff3ffe9
ff8dffa5
00d4ff23
ffd2ff4d
fffefeed
003dffac
0007ff88
005dffb9
ff900033
000affcc
ffbcffca
ffa50071
feabffbe
ff3dff3a
003cffd2
001f0004
ff6cff82
ff9dffb7
004cff98
ff7aff3c
ffaeff5b
014effb9
008d0168
ffab0026
002b004d
ff30fffa
0012001f
ffbbff6e
0059fff8
ffc3ff94
ffbcffda
ff9a0007
00910075
0046ffcb
ff850039
ff340006
002dff89
000b0030
ffa60018
ff2600c3
00a00088
ff910031
ffb00108
00d7ffd0
0135ff26
ffa4ffeb
ffd70067
011a005b
0070ff28
003aff85
ffdefff7
ff82fff6
002c009d
01d4ffc7
0018ffea
ffe4009f
005dffda
0099ff6c
0151ff47
ffc6fff6
ffca0078
ff6dffa4
ff740007
0119ff99
ffc7ff60
00030184
ffec009a
00440027
0028ffc8
0068ff5d
00f2003f
0077ffd2
006bfff6
ff40ffc1
ff9200ba
00490027
005eff4a
000d0032
ffc70047
ff83ffab
ffc0ffd1
01b30099
0049ff96
00330037
ffcb0063
0048ffc4
00930005
ff27ff2d
0034ff0b
00b100b3
ff3bffc7
0023ff66
002bff23
ff5eff86
fea60000
003f0013
ff81ffa0
ffae006c
ffae0037
00d1006d
fff2ffef
005efee5
002dff1b
ffe4005c
00e0006c
ff9700ba
ffe9ff08
0093ffa8
fed90088
ffb9ff5f
ff8d0011
ffcc00dd
ffb1feb9
004e009f
ff4900a5
ffad0146
0023000e
003900af
0148ff8a
0004ffa1
00170024
ff6600a3
fea60019
ffb9fef4
ff94fe8c
fed8ff1e
ffd000d9
00880074
ff8400c6
fef00091
ff910074
ff8efff4
0011ff18
ff470025
fee5003a
0080ffbf
0027ffdd
ff98ff15
ff9fffc7
001aff6f
010cfef3
00a50087
ff56fea8
ff64ff33
ffa3ff9f
ffc5fe3a
00050047
ff9dff63
0085ff67
ffcd0039
ffeaff18
006d00e6
00830063
0029ff7d
ff97ffae
00530033
ff25ff7f
ffd5ffd0
ffb4feff
000affda
004a0070
0045fffb
001efeda
014bff58
0129ffc1
ff6f0126
fec10000
ff3b0025
ffecff0b
fe69ff95
ff67ff52
001aff03
017fff54
ffc900f3
ff3a0025
004ffed3
ffebff4b
0013ffa8
003b0007
fffa0035
00bc00f7
ff690007
00fa00a2
00fb002c
0085ff87
ff91ff6e
ff4afedb
ff5b0047
ff57ff88
ff6f0016
ff0afff0
00c9001b
00f8ff94
00e300af
ffdc0067
ff170077
0030008c
fefdfffe
00d2ffef
0024000f
ff96000a
00b6ff78
0023ff50
ff15012e
009fffca
fe3f000b
fe190066
ffe9fffc
ff70ffac
ff1f002e
00390019
0103ffa6
0024ffd5
003effff
ffb2ffe1
009300ad
0039fffd
0016fe3b
ff72ff5e
fec1fefe
ff30006a
ff5e00ee
00c30054
ffd7002f
007d0060
ffd3ffb4
004b0082
0030ffa8
0044ff65
ff33ffb2
005f0018
0018fec5
005cffbc
ffe0000f
ff82ffd6
00e10129
0028ffb4
ffc8ff0a
ff7cfeed
fed40065
ff9dff1b
ffe3ffb4
ffd200b9
ff95ffa0
ff59ff5c
ff35012b
ff410007
ff50ff92
ff29ffb3
ffbeffb7
0118feed
ffc9fee4
ff9c00ad
ff370015
ff350014
0064005e
003dfff0
ffc2ff67
ff80006f
0205003d
ffcc004a
ffb8ff80
ff7affe7
ff5100d1
ff5b0002
ffc0ffb5
0002ffc2
004300e5
ff510015
ff40ff39
0033ff26
014cff1f
009700fa
00170069
ff8e00ff
ff9fffd3
003100a4
feb2004e
ffca00bb
00170025
ff5500dd
00b9007a
ffceffc2
ff32fee6
00090129
ff43ff76
ff040093
ff8900dc
ff610118
fffc000a
0010ffe8
ff3000d9
001fff6b
008e0031
ffe6004a
005effeb
00270010
007e00a0
ff810095
ffc7003c
003aff20
ffe8ffe1
fff2ff87
002f004b
003b0144
ff44ffb3
000d011d
004200b6
008800c7
007fffaa
ffa60033
00d5002d
009bff20
00390055
00100055
005fff95
ffb80082
ff6000bf
00910087
003fff48
00810037
ff230046
0019ffde
0025ff99
0014ff48
ff56fecb
ffc70163
004eff8d
00a4ffc5
0078ffed
012ffe25
004e000c
00870128
0016fed3
fef3ff34
ffd0ff67
fecdffd1
ffc400e5
ff62001e
ffde0102
fefd006c
ff93ffd3
00850074
00510036
ff88ffc3
0058fff4
00b10138
0065ffae
ff75004e
ffbdfff6
00100031
fecd0123
ffa8016e
00230008
ffc7001d
ff3b000d
ff4afff6
0111009c
003affdb
ffecff28
0022010a
ff72fff2
00560001
00590106
ff810033
01190139
00300058
ffa0ff90
00d3ffd0
feb8ff9f
00d70065
002c0149
ff79ff4c
0042ff64
0000011f
01b40092
0053feb8
ffddff43
00c1ff8c
fff1ff3e
006f00b2
0061004e
ff7f001a
002000e8
002f003e
00e7ff93
ff5bff9e
0001008e
001c0198
ff6c019d
001b0052
ffff0062
ffda00e9
00930054
ff7dfff0
ffde007b
0169feed
ff2a0179
0098ffef
007affbc
ff8b0046
00b5fe15
008500e0
ff5e0061
ffeaff5b
ff210057
ffcbffa3
fff2ffbc
ff23000e
ffa9006d
0043001b
0089ff99
00070097
0028008b
004aff49
00d2ff9e
ff9dffc8
fff6003c
ff77009a
fee90084
ffe7ff87
00970089
00c2ff46
ff41fee2
002200ee
008c0040
ffb1005b
00610045
00b5ff46
0008ffbc
ffec006c
ffc6ff6d
004affb5
00f200a2
000c0101
ffc9002a
00690012
005c0149
ff910063
ff7cffcb
ffa2ffcf
fe95ff25
0059ffa7
005a0012
0084ff59
00990085
0021ff6d
fea0000c
00d1ff53
ff720076
ff0000bc
fee9008a
fffcffbc
010c006e
ffacfff4
0025ff3f
0149ff94
fed3002b
002dffaf
ffb4ff9f
0087ff9d
00900055
ff460034
0018ffd6
00b70021
0050ffa1
004bffd8
0062ff89
011bff03
ffb8ff70
fffb0068
ffb1fed6
00690033
00ceffe9
0083ffff
0084ff80
00a6ff6f
ffc3ff8b
ffdeffa5
0004ffdf
fecaffca
00150046
004ffff7
ffb8ff9d
007100fe
ffa1007e
0010ff6d
002700a0
ffb80003
ff890039
00cbfeb2
ff2a0019
00000063
ff29fffd
004ffff8
ffcfffbb
005e00e8
fff80030
ff980013
ffdafffe
ff02ff6b
ff21ffc1
ff9e0058
002dffd9
005cffb4
ffa4002f
ffe5ff5e
ffdcffb1
00c7005f
0001014f
0007ffd4
ff78ffec
010f0012
0008ff47
00a400f1
ffa8ff69
0055ffca
ff5f0051
ff570098
001fff94
ffd9ff8e
fef60085
ff61ff84
0045ff28
001aff9d
00c2fee4
ff20000a
ffefffad
ff93009e
ff24004f
fef3ffbf
ff4700c1
00fa0132
00d00185
ffd80061
00570078
ffa30016
ffae00de
ff650065
ff4dfed6
00560075
01b6ff14
ff0e00da
ffe100ec
fff4ff5c
fff8ff6e
ffc6ffff
014bff80
ffd3008e
ff5affd5
ff63ffd4
ff8200b6
ffda00c1
006f0155
ffc100f1
ff09ff9b
010bff82
00150007
ff3afff6
003fff44
003e0176
ffc10084
ffca0066
00f9000d
00100025
ffa7ff73
ffa5ff52
001eff7c
004a0075
ff8bffe8
ff89ffd6
ffbb0015
00750062
ff3a0010
001aff62
ffc9ff56
fe41002a
ff5e00de
007400a3
01030003
0001ffd5
ff26ff8b
008f0065
00b2ffbd
ff7400a4
ff2a0036
ff57002d
ff90fed1
fec00023
0082ffe8
0020fef3
ff470037
ff70ffd7
ffa5ffab
ff00ff97
fed8ff20
0000ff75
ff8700c6
00560029
fed9ffbd
005dff18
007dff21
ffb6ffe0
0035ff87
008dffc5
0154ff60
009efeb1
ffd400af
ffec002d
00b2007c
00c4ffe0
ffebffc4
ffc000f0
007f00ac
006a003a
012dff40
008f002c
ffa9ffd1
00e5ffd3
0032ffc2
ff7cff3c
ff84ff73
fef90060
fff8fff1
ff49ffb8
00240105
00b7ff4c
0028ffd2
fee3003f
ff77008b
ff50ffd1
ffaeff1a
ffe4006a
ff31ff3d
000bff71
ff0dfeea
004affad
018eff18
001e0058
fe94007f
001c0046
00d6fec5
00a5ff7b
0039ff47
fed6ffd3
00780000
0109ffc7
ff8effc9
ffa900ea
fff7014c
ff5fff4f
ff28ffa8
ff680087
ff58ff57
00700054
003b0119
00efffae
01090072
00cc0011
ff58ffbb
ff0100fc
ff8e0056
0050006d
ff74005c
fe80ffb4
00540143
01010039
000eff84
ffe5005e
ff2cff98
ffc4ffb6
ffe9006d
ffd4ff31
ffae007b
fec300db
ff91ffad
ffe40019
00070013
ff93ff34
ffd1ffdf
0097ff9c
ff28ffc7
011a009d
00ba001d
fde601ab
ffc50016
fff7ff14
00160101
ffacfff8
ffcefff8
ffef00e6
ffb3ffd1
006f00b9
ff9f008d
00ac0066
006000ff
0059ff01
ffaf00c5
ffa100db
00a3009b
ff840068
ffc6ff08
fff6009a
fef1ffff
ffd3ffeb
00c1ffe8
ff17ff80
ffc0001d
00a6004e
00ad014e
ffc2005c
006aff17
ffc800c5
