Copyright 1986-2022 Xilinx, Inc. All Rights Reserved.
----------------------------------------------------------------------------------------------------------------------------------------------------------------------------------------------
| Tool Version : Vivado v.2022.2 (lin64) Build 3671981 Fri Oct 14 04:59:54 MDT 2022
| Date         : Thu Sep 10 01:14:58 2026
| Host         : gauss running 64-bit Ubuntu 26.04 LTS
| Command      : report_timing -from [get_clocks island_175] -to [get_clocks island_175] -delay_type max -max_paths 20 -file /tmp/starlink-completed-input.5EaJuD/route-v1/island_175_max.rpt
| Design       : starlink_pss_fft_bank_owned_slice
| Device       : 7z010-clg400
| Speed File   : -1  PRODUCTION 1.12 2019-11-22
----------------------------------------------------------------------------------------------------------------------------------------------------------------------------------------------

Timing Report

Slack (VIOLATED) :        -3.855ns  (required time - arrival time)
  Source:                 next_inverse_reg/C
                            (rising edge-triggered cell FDRE clocked by island_175  {rise@0.000ns fall@2.857ns period=5.714ns})
  Destination:            joiner/kernel_rom/block_start_index_reg[12]/CE
                            (rising edge-triggered cell FDRE clocked by island_175  {rise@0.000ns fall@2.857ns period=5.714ns})
  Path Group:             island_175
  Path Type:              Setup (Max at Slow Process Corner)
  Requirement:            5.714ns  (island_175 rise@5.714ns - island_175 rise@0.000ns)
  Data Path Delay:        9.280ns  (logic 2.938ns (31.661%)  route 6.342ns (68.339%))
  Logic Levels:           17  (CARRY4=6 LUT2=2 LUT3=1 LUT5=1 LUT6=7)
  Clock Path Skew:        -0.049ns (DCD - SCD + CPR)
    Destination Clock Delay (DCD):    0.924ns = ( 6.638 - 5.714 ) 
    Source Clock Delay      (SCD):    0.973ns
    Clock Pessimism Removal (CPR):    0.000ns
  Clock Uncertainty:      0.035ns  ((TSJ^2 + TIJ^2)^1/2 + DJ) / 2 + PE
    Total System Jitter     (TSJ):    0.071ns
    Total Input Jitter      (TIJ):    0.000ns
    Discrete Jitter          (DJ):    0.000ns
    Phase Error              (PE):    0.000ns

    Location             Delay type                Incr(ns)  Path(ns)    Netlist Resource(s)
  -------------------------------------------------------------------    -------------------
                         (clock island_175 rise edge)
                                                      0.000     0.000 r  
                                                      0.000     0.000 r  fft_clk (IN)
                         net (fo=4544, unset)         0.973     0.973    fft_clk
    SLICE_X33Y4          FDRE                                         r  next_inverse_reg/C
  -------------------------------------------------------------------    -------------------
    SLICE_X33Y4          FDRE (Prop_fdre_C_Q)         0.456     1.429 r  next_inverse_reg/Q
                         net (fo=137, routed)         1.027     2.456    product_bank/read_valid_reg_1
    SLICE_X35Y2          LUT2 (Prop_lut2_I0_O)        0.124     2.580 r  product_bank/descriptor[4]_i_1/O
                         net (fo=3, routed)           0.687     3.268    input_guard/metadata_valid0_carry__4_0[4]
    SLICE_X34Y2          LUT6 (Prop_lut6_I2_O)        0.124     3.392 r  input_guard/metadata_valid0_carry_i_3/O
                         net (fo=1, routed)           0.000     3.392    input_guard/metadata_valid0_carry_i_3_n_0
    SLICE_X34Y2          CARRY4 (Prop_carry4_S[1]_CO[3])
                                                      0.533     3.925 r  input_guard/metadata_valid0_carry/CO[3]
                         net (fo=1, routed)           0.000     3.925    input_guard/metadata_valid0_carry_n_0
    SLICE_X34Y3          CARRY4 (Prop_carry4_CI_CO[3])
                                                      0.117     4.042 r  input_guard/metadata_valid0_carry__0/CO[3]
                         net (fo=1, routed)           0.000     4.042    input_guard/metadata_valid0_carry__0_n_0
    SLICE_X34Y4          CARRY4 (Prop_carry4_CI_CO[3])
                                                      0.117     4.159 r  input_guard/metadata_valid0_carry__1/CO[3]
                         net (fo=1, routed)           0.000     4.159    input_guard/metadata_valid0_carry__1_n_0
    SLICE_X34Y5          CARRY4 (Prop_carry4_CI_CO[3])
                                                      0.117     4.276 r  input_guard/metadata_valid0_carry__2/CO[3]
                         net (fo=1, routed)           0.000     4.276    input_guard/metadata_valid0_carry__2_n_0
    SLICE_X34Y6          CARRY4 (Prop_carry4_CI_CO[3])
                                                      0.117     4.393 r  input_guard/metadata_valid0_carry__3/CO[3]
                         net (fo=1, routed)           0.000     4.393    input_guard/metadata_valid0_carry__3_n_0
    SLICE_X34Y7          CARRY4 (Prop_carry4_CI_CO[3])
                                                      0.117     4.510 r  input_guard/metadata_valid0_carry__4/CO[3]
                         net (fo=1, routed)           0.787     5.296    input_guard/metadata_valid0
    SLICE_X28Y7          LUT6 (Prop_lut6_I3_O)        0.124     5.420 f  input_guard/fault_reasons[1]_i_3__0/O
                         net (fo=5, routed)           0.362     5.782    input_guard/fault_reasons[1]_i_3__0_n_0
    SLICE_X26Y8          LUT6 (Prop_lut6_I0_O)        0.124     5.906 f  input_guard/descriptor[69]_i_3__0/O
                         net (fo=3, routed)           0.184     6.090    product_bank/fault_reasons_reg[0]
    SLICE_X26Y8          LUT6 (Prop_lut6_I1_O)        0.124     6.214 f  product_bank/fault_reasons[0]_i_3/O
                         net (fo=3, routed)           0.354     6.569    product_bank/protocol_fault_reg
    SLICE_X27Y8          LUT2 (Prop_lut2_I0_O)        0.124     6.693 f  product_bank/state[3]_i_2/O
                         net (fo=7, routed)           0.354     7.046    product_bank/fault_reasons_reg[4]
    SLICE_X26Y7          LUT6 (Prop_lut6_I0_O)        0.124     7.170 f  product_bank/forward_committed_i_2/O
                         net (fo=2, routed)           0.399     7.569    output_bank/forward_committed_reg_0
    SLICE_X25Y7          LUT6 (Prop_lut6_I5_O)        0.124     7.693 f  output_bank/commit_pulse_i_2/O
                         net (fo=7, routed)           0.391     8.084    result_guard/return_occupied_reg_1
    SLICE_X24Y7          LUT5 (Prop_lut5_I0_O)        0.124     8.208 f  result_guard/fault_reasons[6]_i_2/O
                         net (fo=4, routed)           0.574     8.783    result_guard/fault_reasons[6]_i_2_n_0
    SLICE_X21Y7          LUT6 (Prop_lut6_I4_O)        0.124     8.907 r  result_guard/product_ii_reg_i_1/O
                         net (fo=8, routed)           0.454     9.360    joiner/kernel_rom/input_accept
    SLICE_X21Y5          LUT3 (Prop_lut3_I0_O)        0.124     9.484 r  joiner/kernel_rom/block_start_index[63]_i_1/O
                         net (fo=69, routed)          0.769    10.253    joiner/kernel_rom/block_exponent_1
    SLICE_X17Y3          FDRE                                         r  joiner/kernel_rom/block_start_index_reg[12]/CE
  -------------------------------------------------------------------    -------------------

                         (clock island_175 rise edge)
                                                      5.714     5.714 r  
                                                      0.000     5.714 r  fft_clk (IN)
                         net (fo=4544, unset)         0.924     6.638    joiner/kernel_rom/fft_clk
    SLICE_X17Y3          FDRE                                         r  joiner/kernel_rom/block_start_index_reg[12]/C
                         clock pessimism              0.000     6.638    
                         clock uncertainty           -0.035     6.603    
    SLICE_X17Y3          FDRE (Setup_fdre_C_CE)      -0.205     6.398    joiner/kernel_rom/block_start_index_reg[12]
  -------------------------------------------------------------------
                         required time                          6.398    
                         arrival time                         -10.253    
  -------------------------------------------------------------------
                         slack                                 -3.855    

Slack (VIOLATED) :        -3.855ns  (required time - arrival time)
  Source:                 next_inverse_reg/C
                            (rising edge-triggered cell FDRE clocked by island_175  {rise@0.000ns fall@2.857ns period=5.714ns})
  Destination:            joiner/kernel_rom/block_start_index_reg[20]/CE
                            (rising edge-triggered cell FDRE clocked by island_175  {rise@0.000ns fall@2.857ns period=5.714ns})
  Path Group:             island_175
  Path Type:              Setup (Max at Slow Process Corner)
  Requirement:            5.714ns  (island_175 rise@5.714ns - island_175 rise@0.000ns)
  Data Path Delay:        9.280ns  (logic 2.938ns (31.661%)  route 6.342ns (68.339%))
  Logic Levels:           17  (CARRY4=6 LUT2=2 LUT3=1 LUT5=1 LUT6=7)
  Clock Path Skew:        -0.049ns (DCD - SCD + CPR)
    Destination Clock Delay (DCD):    0.924ns = ( 6.638 - 5.714 ) 
    Source Clock Delay      (SCD):    0.973ns
    Clock Pessimism Removal (CPR):    0.000ns
  Clock Uncertainty:      0.035ns  ((TSJ^2 + TIJ^2)^1/2 + DJ) / 2 + PE
    Total System Jitter     (TSJ):    0.071ns
    Total Input Jitter      (TIJ):    0.000ns
    Discrete Jitter          (DJ):    0.000ns
    Phase Error              (PE):    0.000ns

    Location             Delay type                Incr(ns)  Path(ns)    Netlist Resource(s)
  -------------------------------------------------------------------    -------------------
                         (clock island_175 rise edge)
                                                      0.000     0.000 r  
                                                      0.000     0.000 r  fft_clk (IN)
                         net (fo=4544, unset)         0.973     0.973    fft_clk
    SLICE_X33Y4          FDRE                                         r  next_inverse_reg/C
  -------------------------------------------------------------------    -------------------
    SLICE_X33Y4          FDRE (Prop_fdre_C_Q)         0.456     1.429 r  next_inverse_reg/Q
                         net (fo=137, routed)         1.027     2.456    product_bank/read_valid_reg_1
    SLICE_X35Y2          LUT2 (Prop_lut2_I0_O)        0.124     2.580 r  product_bank/descriptor[4]_i_1/O
                         net (fo=3, routed)           0.687     3.268    input_guard/metadata_valid0_carry__4_0[4]
    SLICE_X34Y2          LUT6 (Prop_lut6_I2_O)        0.124     3.392 r  input_guard/metadata_valid0_carry_i_3/O
                         net (fo=1, routed)           0.000     3.392    input_guard/metadata_valid0_carry_i_3_n_0
    SLICE_X34Y2          CARRY4 (Prop_carry4_S[1]_CO[3])
                                                      0.533     3.925 r  input_guard/metadata_valid0_carry/CO[3]
                         net (fo=1, routed)           0.000     3.925    input_guard/metadata_valid0_carry_n_0
    SLICE_X34Y3          CARRY4 (Prop_carry4_CI_CO[3])
                                                      0.117     4.042 r  input_guard/metadata_valid0_carry__0/CO[3]
                         net (fo=1, routed)           0.000     4.042    input_guard/metadata_valid0_carry__0_n_0
    SLICE_X34Y4          CARRY4 (Prop_carry4_CI_CO[3])
                                                      0.117     4.159 r  input_guard/metadata_valid0_carry__1/CO[3]
                         net (fo=1, routed)           0.000     4.159    input_guard/metadata_valid0_carry__1_n_0
    SLICE_X34Y5          CARRY4 (Prop_carry4_CI_CO[3])
                                                      0.117     4.276 r  input_guard/metadata_valid0_carry__2/CO[3]
                         net (fo=1, routed)           0.000     4.276    input_guard/metadata_valid0_carry__2_n_0
    SLICE_X34Y6          CARRY4 (Prop_carry4_CI_CO[3])
                                                      0.117     4.393 r  input_guard/metadata_valid0_carry__3/CO[3]
                         net (fo=1, routed)           0.000     4.393    input_guard/metadata_valid0_carry__3_n_0
    SLICE_X34Y7          CARRY4 (Prop_carry4_CI_CO[3])
                                                      0.117     4.510 r  input_guard/metadata_valid0_carry__4/CO[3]
                         net (fo=1, routed)           0.787     5.296    input_guard/metadata_valid0
    SLICE_X28Y7          LUT6 (Prop_lut6_I3_O)        0.124     5.420 f  input_guard/fault_reasons[1]_i_3__0/O
                         net (fo=5, routed)           0.362     5.782    input_guard/fault_reasons[1]_i_3__0_n_0
    SLICE_X26Y8          LUT6 (Prop_lut6_I0_O)        0.124     5.906 f  input_guard/descriptor[69]_i_3__0/O
                         net (fo=3, routed)           0.184     6.090    product_bank/fault_reasons_reg[0]
    SLICE_X26Y8          LUT6 (Prop_lut6_I1_O)        0.124     6.214 f  product_bank/fault_reasons[0]_i_3/O
                         net (fo=3, routed)           0.354     6.569    product_bank/protocol_fault_reg
    SLICE_X27Y8          LUT2 (Prop_lut2_I0_O)        0.124     6.693 f  product_bank/state[3]_i_2/O
                         net (fo=7, routed)           0.354     7.046    product_bank/fault_reasons_reg[4]
    SLICE_X26Y7          LUT6 (Prop_lut6_I0_O)        0.124     7.170 f  product_bank/forward_committed_i_2/O
                         net (fo=2, routed)           0.399     7.569    output_bank/forward_committed_reg_0
    SLICE_X25Y7          LUT6 (Prop_lut6_I5_O)        0.124     7.693 f  output_bank/commit_pulse_i_2/O
                         net (fo=7, routed)           0.391     8.084    result_guard/return_occupied_reg_1
    SLICE_X24Y7          LUT5 (Prop_lut5_I0_O)        0.124     8.208 f  result_guard/fault_reasons[6]_i_2/O
                         net (fo=4, routed)           0.574     8.783    result_guard/fault_reasons[6]_i_2_n_0
    SLICE_X21Y7          LUT6 (Prop_lut6_I4_O)        0.124     8.907 r  result_guard/product_ii_reg_i_1/O
                         net (fo=8, routed)           0.454     9.360    joiner/kernel_rom/input_accept
    SLICE_X21Y5          LUT3 (Prop_lut3_I0_O)        0.124     9.484 r  joiner/kernel_rom/block_start_index[63]_i_1/O
                         net (fo=69, routed)          0.769    10.253    joiner/kernel_rom/block_exponent_1
    SLICE_X17Y3          FDRE                                         r  joiner/kernel_rom/block_start_index_reg[20]/CE
  -------------------------------------------------------------------    -------------------

                         (clock island_175 rise edge)
                                                      5.714     5.714 r  
                                                      0.000     5.714 r  fft_clk (IN)
                         net (fo=4544, unset)         0.924     6.638    joiner/kernel_rom/fft_clk
    SLICE_X17Y3          FDRE                                         r  joiner/kernel_rom/block_start_index_reg[20]/C
                         clock pessimism              0.000     6.638    
                         clock uncertainty           -0.035     6.603    
    SLICE_X17Y3          FDRE (Setup_fdre_C_CE)      -0.205     6.398    joiner/kernel_rom/block_start_index_reg[20]
  -------------------------------------------------------------------
                         required time                          6.398    
                         arrival time                         -10.253    
  -------------------------------------------------------------------
                         slack                                 -3.855    

Slack (VIOLATED) :        -3.855ns  (required time - arrival time)
  Source:                 next_inverse_reg/C
                            (rising edge-triggered cell FDRE clocked by island_175  {rise@0.000ns fall@2.857ns period=5.714ns})
  Destination:            joiner/kernel_rom/block_start_index_reg[25]/CE
                            (rising edge-triggered cell FDRE clocked by island_175  {rise@0.000ns fall@2.857ns period=5.714ns})
  Path Group:             island_175
  Path Type:              Setup (Max at Slow Process Corner)
  Requirement:            5.714ns  (island_175 rise@5.714ns - island_175 rise@0.000ns)
  Data Path Delay:        9.280ns  (logic 2.938ns (31.661%)  route 6.342ns (68.339%))
  Logic Levels:           17  (CARRY4=6 LUT2=2 LUT3=1 LUT5=1 LUT6=7)
  Clock Path Skew:        -0.049ns (DCD - SCD + CPR)
    Destination Clock Delay (DCD):    0.924ns = ( 6.638 - 5.714 ) 
    Source Clock Delay      (SCD):    0.973ns
    Clock Pessimism Removal (CPR):    0.000ns
  Clock Uncertainty:      0.035ns  ((TSJ^2 + TIJ^2)^1/2 + DJ) / 2 + PE
    Total System Jitter     (TSJ):    0.071ns
    Total Input Jitter      (TIJ):    0.000ns
    Discrete Jitter          (DJ):    0.000ns
    Phase Error              (PE):    0.000ns

    Location             Delay type                Incr(ns)  Path(ns)    Netlist Resource(s)
  -------------------------------------------------------------------    -------------------
                         (clock island_175 rise edge)
                                                      0.000     0.000 r  
                                                      0.000     0.000 r  fft_clk (IN)
                         net (fo=4544, unset)         0.973     0.973    fft_clk
    SLICE_X33Y4          FDRE                                         r  next_inverse_reg/C
  -------------------------------------------------------------------    -------------------
    SLICE_X33Y4          FDRE (Prop_fdre_C_Q)         0.456     1.429 r  next_inverse_reg/Q
                         net (fo=137, routed)         1.027     2.456    product_bank/read_valid_reg_1
    SLICE_X35Y2          LUT2 (Prop_lut2_I0_O)        0.124     2.580 r  product_bank/descriptor[4]_i_1/O
                         net (fo=3, routed)           0.687     3.268    input_guard/metadata_valid0_carry__4_0[4]
    SLICE_X34Y2          LUT6 (Prop_lut6_I2_O)        0.124     3.392 r  input_guard/metadata_valid0_carry_i_3/O
                         net (fo=1, routed)           0.000     3.392    input_guard/metadata_valid0_carry_i_3_n_0
    SLICE_X34Y2          CARRY4 (Prop_carry4_S[1]_CO[3])
                                                      0.533     3.925 r  input_guard/metadata_valid0_carry/CO[3]
                         net (fo=1, routed)           0.000     3.925    input_guard/metadata_valid0_carry_n_0
    SLICE_X34Y3          CARRY4 (Prop_carry4_CI_CO[3])
                                                      0.117     4.042 r  input_guard/metadata_valid0_carry__0/CO[3]
                         net (fo=1, routed)           0.000     4.042    input_guard/metadata_valid0_carry__0_n_0
    SLICE_X34Y4          CARRY4 (Prop_carry4_CI_CO[3])
                                                      0.117     4.159 r  input_guard/metadata_valid0_carry__1/CO[3]
                         net (fo=1, routed)           0.000     4.159    input_guard/metadata_valid0_carry__1_n_0
    SLICE_X34Y5          CARRY4 (Prop_carry4_CI_CO[3])
                                                      0.117     4.276 r  input_guard/metadata_valid0_carry__2/CO[3]
                         net (fo=1, routed)           0.000     4.276    input_guard/metadata_valid0_carry__2_n_0
    SLICE_X34Y6          CARRY4 (Prop_carry4_CI_CO[3])
                                                      0.117     4.393 r  input_guard/metadata_valid0_carry__3/CO[3]
                         net (fo=1, routed)           0.000     4.393    input_guard/metadata_valid0_carry__3_n_0
    SLICE_X34Y7          CARRY4 (Prop_carry4_CI_CO[3])
                                                      0.117     4.510 r  input_guard/metadata_valid0_carry__4/CO[3]
                         net (fo=1, routed)           0.787     5.296    input_guard/metadata_valid0
    SLICE_X28Y7          LUT6 (Prop_lut6_I3_O)        0.124     5.420 f  input_guard/fault_reasons[1]_i_3__0/O
                         net (fo=5, routed)           0.362     5.782    input_guard/fault_reasons[1]_i_3__0_n_0
    SLICE_X26Y8          LUT6 (Prop_lut6_I0_O)        0.124     5.906 f  input_guard/descriptor[69]_i_3__0/O
                         net (fo=3, routed)           0.184     6.090    product_bank/fault_reasons_reg[0]
    SLICE_X26Y8          LUT6 (Prop_lut6_I1_O)        0.124     6.214 f  product_bank/fault_reasons[0]_i_3/O
                         net (fo=3, routed)           0.354     6.569    product_bank/protocol_fault_reg
    SLICE_X27Y8          LUT2 (Prop_lut2_I0_O)        0.124     6.693 f  product_bank/state[3]_i_2/O
                         net (fo=7, routed)           0.354     7.046    product_bank/fault_reasons_reg[4]
    SLICE_X26Y7          LUT6 (Prop_lut6_I0_O)        0.124     7.170 f  product_bank/forward_committed_i_2/O
                         net (fo=2, routed)           0.399     7.569    output_bank/forward_committed_reg_0
    SLICE_X25Y7          LUT6 (Prop_lut6_I5_O)        0.124     7.693 f  output_bank/commit_pulse_i_2/O
                         net (fo=7, routed)           0.391     8.084    result_guard/return_occupied_reg_1
    SLICE_X24Y7          LUT5 (Prop_lut5_I0_O)        0.124     8.208 f  result_guard/fault_reasons[6]_i_2/O
                         net (fo=4, routed)           0.574     8.783    result_guard/fault_reasons[6]_i_2_n_0
    SLICE_X21Y7          LUT6 (Prop_lut6_I4_O)        0.124     8.907 r  result_guard/product_ii_reg_i_1/O
                         net (fo=8, routed)           0.454     9.360    joiner/kernel_rom/input_accept
    SLICE_X21Y5          LUT3 (Prop_lut3_I0_O)        0.124     9.484 r  joiner/kernel_rom/block_start_index[63]_i_1/O
                         net (fo=69, routed)          0.769    10.253    joiner/kernel_rom/block_exponent_1
    SLICE_X17Y3          FDRE                                         r  joiner/kernel_rom/block_start_index_reg[25]/CE
  -------------------------------------------------------------------    -------------------

                         (clock island_175 rise edge)
                                                      5.714     5.714 r  
                                                      0.000     5.714 r  fft_clk (IN)
                         net (fo=4544, unset)         0.924     6.638    joiner/kernel_rom/fft_clk
    SLICE_X17Y3          FDRE                                         r  joiner/kernel_rom/block_start_index_reg[25]/C
                         clock pessimism              0.000     6.638    
                         clock uncertainty           -0.035     6.603    
    SLICE_X17Y3          FDRE (Setup_fdre_C_CE)      -0.205     6.398    joiner/kernel_rom/block_start_index_reg[25]
  -------------------------------------------------------------------
                         required time                          6.398    
                         arrival time                         -10.253    
  -------------------------------------------------------------------
                         slack                                 -3.855    

Slack (VIOLATED) :        -3.855ns  (required time - arrival time)
  Source:                 next_inverse_reg/C
                            (rising edge-triggered cell FDRE clocked by island_175  {rise@0.000ns fall@2.857ns period=5.714ns})
  Destination:            joiner/kernel_rom/block_start_index_reg[29]/CE
                            (rising edge-triggered cell FDRE clocked by island_175  {rise@0.000ns fall@2.857ns period=5.714ns})
  Path Group:             island_175
  Path Type:              Setup (Max at Slow Process Corner)
  Requirement:            5.714ns  (island_175 rise@5.714ns - island_175 rise@0.000ns)
  Data Path Delay:        9.280ns  (logic 2.938ns (31.661%)  route 6.342ns (68.339%))
  Logic Levels:           17  (CARRY4=6 LUT2=2 LUT3=1 LUT5=1 LUT6=7)
  Clock Path Skew:        -0.049ns (DCD - SCD + CPR)
    Destination Clock Delay (DCD):    0.924ns = ( 6.638 - 5.714 ) 
    Source Clock Delay      (SCD):    0.973ns
    Clock Pessimism Removal (CPR):    0.000ns
  Clock Uncertainty:      0.035ns  ((TSJ^2 + TIJ^2)^1/2 + DJ) / 2 + PE
    Total System Jitter     (TSJ):    0.071ns
    Total Input Jitter      (TIJ):    0.000ns
    Discrete Jitter          (DJ):    0.000ns
    Phase Error              (PE):    0.000ns

    Location             Delay type                Incr(ns)  Path(ns)    Netlist Resource(s)
  -------------------------------------------------------------------    -------------------
                         (clock island_175 rise edge)
                                                      0.000     0.000 r  
                                                      0.000     0.000 r  fft_clk (IN)
                         net (fo=4544, unset)         0.973     0.973    fft_clk
    SLICE_X33Y4          FDRE                                         r  next_inverse_reg/C
  -------------------------------------------------------------------    -------------------
    SLICE_X33Y4          FDRE (Prop_fdre_C_Q)         0.456     1.429 r  next_inverse_reg/Q
                         net (fo=137, routed)         1.027     2.456    product_bank/read_valid_reg_1
    SLICE_X35Y2          LUT2 (Prop_lut2_I0_O)        0.124     2.580 r  product_bank/descriptor[4]_i_1/O
                         net (fo=3, routed)           0.687     3.268    input_guard/metadata_valid0_carry__4_0[4]
    SLICE_X34Y2          LUT6 (Prop_lut6_I2_O)        0.124     3.392 r  input_guard/metadata_valid0_carry_i_3/O
                         net (fo=1, routed)           0.000     3.392    input_guard/metadata_valid0_carry_i_3_n_0
    SLICE_X34Y2          CARRY4 (Prop_carry4_S[1]_CO[3])
                                                      0.533     3.925 r  input_guard/metadata_valid0_carry/CO[3]
                         net (fo=1, routed)           0.000     3.925    input_guard/metadata_valid0_carry_n_0
    SLICE_X34Y3          CARRY4 (Prop_carry4_CI_CO[3])
                                                      0.117     4.042 r  input_guard/metadata_valid0_carry__0/CO[3]
                         net (fo=1, routed)           0.000     4.042    input_guard/metadata_valid0_carry__0_n_0
    SLICE_X34Y4          CARRY4 (Prop_carry4_CI_CO[3])
                                                      0.117     4.159 r  input_guard/metadata_valid0_carry__1/CO[3]
                         net (fo=1, routed)           0.000     4.159    input_guard/metadata_valid0_carry__1_n_0
    SLICE_X34Y5          CARRY4 (Prop_carry4_CI_CO[3])
                                                      0.117     4.276 r  input_guard/metadata_valid0_carry__2/CO[3]
                         net (fo=1, routed)           0.000     4.276    input_guard/metadata_valid0_carry__2_n_0
    SLICE_X34Y6          CARRY4 (Prop_carry4_CI_CO[3])
                                                      0.117     4.393 r  input_guard/metadata_valid0_carry__3/CO[3]
                         net (fo=1, routed)           0.000     4.393    input_guard/metadata_valid0_carry__3_n_0
    SLICE_X34Y7          CARRY4 (Prop_carry4_CI_CO[3])
                                                      0.117     4.510 r  input_guard/metadata_valid0_carry__4/CO[3]
                         net (fo=1, routed)           0.787     5.296    input_guard/metadata_valid0
    SLICE_X28Y7          LUT6 (Prop_lut6_I3_O)        0.124     5.420 f  input_guard/fault_reasons[1]_i_3__0/O
                         net (fo=5, routed)           0.362     5.782    input_guard/fault_reasons[1]_i_3__0_n_0
    SLICE_X26Y8          LUT6 (Prop_lut6_I0_O)        0.124     5.906 f  input_guard/descriptor[69]_i_3__0/O
                         net (fo=3, routed)           0.184     6.090    product_bank/fault_reasons_reg[0]
    SLICE_X26Y8          LUT6 (Prop_lut6_I1_O)        0.124     6.214 f  product_bank/fault_reasons[0]_i_3/O
                         net (fo=3, routed)           0.354     6.569    product_bank/protocol_fault_reg
    SLICE_X27Y8          LUT2 (Prop_lut2_I0_O)        0.124     6.693 f  product_bank/state[3]_i_2/O
                         net (fo=7, routed)           0.354     7.046    product_bank/fault_reasons_reg[4]
    SLICE_X26Y7          LUT6 (Prop_lut6_I0_O)        0.124     7.170 f  product_bank/forward_committed_i_2/O
                         net (fo=2, routed)           0.399     7.569    output_bank/forward_committed_reg_0
    SLICE_X25Y7          LUT6 (Prop_lut6_I5_O)        0.124     7.693 f  output_bank/commit_pulse_i_2/O
                         net (fo=7, routed)           0.391     8.084    result_guard/return_occupied_reg_1
    SLICE_X24Y7          LUT5 (Prop_lut5_I0_O)        0.124     8.208 f  result_guard/fault_reasons[6]_i_2/O
                         net (fo=4, routed)           0.574     8.783    result_guard/fault_reasons[6]_i_2_n_0
    SLICE_X21Y7          LUT6 (Prop_lut6_I4_O)        0.124     8.907 r  result_guard/product_ii_reg_i_1/O
                         net (fo=8, routed)           0.454     9.360    joiner/kernel_rom/input_accept
    SLICE_X21Y5          LUT3 (Prop_lut3_I0_O)        0.124     9.484 r  joiner/kernel_rom/block_start_index[63]_i_1/O
                         net (fo=69, routed)          0.769    10.253    joiner/kernel_rom/block_exponent_1
    SLICE_X17Y3          FDRE                                         r  joiner/kernel_rom/block_start_index_reg[29]/CE
  -------------------------------------------------------------------    -------------------

                         (clock island_175 rise edge)
                                                      5.714     5.714 r  
                                                      0.000     5.714 r  fft_clk (IN)
                         net (fo=4544, unset)         0.924     6.638    joiner/kernel_rom/fft_clk
    SLICE_X17Y3          FDRE                                         r  joiner/kernel_rom/block_start_index_reg[29]/C
                         clock pessimism              0.000     6.638    
                         clock uncertainty           -0.035     6.603    
    SLICE_X17Y3          FDRE (Setup_fdre_C_CE)      -0.205     6.398    joiner/kernel_rom/block_start_index_reg[29]
  -------------------------------------------------------------------
                         required time                          6.398    
                         arrival time                         -10.253    
  -------------------------------------------------------------------
                         slack                                 -3.855    

Slack (VIOLATED) :        -3.855ns  (required time - arrival time)
  Source:                 next_inverse_reg/C
                            (rising edge-triggered cell FDRE clocked by island_175  {rise@0.000ns fall@2.857ns period=5.714ns})
  Destination:            joiner/kernel_rom/block_start_index_reg[30]/CE
                            (rising edge-triggered cell FDRE clocked by island_175  {rise@0.000ns fall@2.857ns period=5.714ns})
  Path Group:             island_175
  Path Type:              Setup (Max at Slow Process Corner)
  Requirement:            5.714ns  (island_175 rise@5.714ns - island_175 rise@0.000ns)
  Data Path Delay:        9.280ns  (logic 2.938ns (31.661%)  route 6.342ns (68.339%))
  Logic Levels:           17  (CARRY4=6 LUT2=2 LUT3=1 LUT5=1 LUT6=7)
  Clock Path Skew:        -0.049ns (DCD - SCD + CPR)
    Destination Clock Delay (DCD):    0.924ns = ( 6.638 - 5.714 ) 
    Source Clock Delay      (SCD):    0.973ns
    Clock Pessimism Removal (CPR):    0.000ns
  Clock Uncertainty:      0.035ns  ((TSJ^2 + TIJ^2)^1/2 + DJ) / 2 + PE
    Total System Jitter     (TSJ):    0.071ns
    Total Input Jitter      (TIJ):    0.000ns
    Discrete Jitter          (DJ):    0.000ns
    Phase Error              (PE):    0.000ns

    Location             Delay type                Incr(ns)  Path(ns)    Netlist Resource(s)
  -------------------------------------------------------------------    -------------------
                         (clock island_175 rise edge)
                                                      0.000     0.000 r  
                                                      0.000     0.000 r  fft_clk (IN)
                         net (fo=4544, unset)         0.973     0.973    fft_clk
    SLICE_X33Y4          FDRE                                         r  next_inverse_reg/C
  -------------------------------------------------------------------    -------------------
    SLICE_X33Y4          FDRE (Prop_fdre_C_Q)         0.456     1.429 r  next_inverse_reg/Q
                         net (fo=137, routed)         1.027     2.456    product_bank/read_valid_reg_1
    SLICE_X35Y2          LUT2 (Prop_lut2_I0_O)        0.124     2.580 r  product_bank/descriptor[4]_i_1/O
                         net (fo=3, routed)           0.687     3.268    input_guard/metadata_valid0_carry__4_0[4]
    SLICE_X34Y2          LUT6 (Prop_lut6_I2_O)        0.124     3.392 r  input_guard/metadata_valid0_carry_i_3/O
                         net (fo=1, routed)           0.000     3.392    input_guard/metadata_valid0_carry_i_3_n_0
    SLICE_X34Y2          CARRY4 (Prop_carry4_S[1]_CO[3])
                                                      0.533     3.925 r  input_guard/metadata_valid0_carry/CO[3]
                         net (fo=1, routed)           0.000     3.925    input_guard/metadata_valid0_carry_n_0
    SLICE_X34Y3          CARRY4 (Prop_carry4_CI_CO[3])
                                                      0.117     4.042 r  input_guard/metadata_valid0_carry__0/CO[3]
                         net (fo=1, routed)           0.000     4.042    input_guard/metadata_valid0_carry__0_n_0
    SLICE_X34Y4          CARRY4 (Prop_carry4_CI_CO[3])
                                                      0.117     4.159 r  input_guard/metadata_valid0_carry__1/CO[3]
                         net (fo=1, routed)           0.000     4.159    input_guard/metadata_valid0_carry__1_n_0
    SLICE_X34Y5          CARRY4 (Prop_carry4_CI_CO[3])
                                                      0.117     4.276 r  input_guard/metadata_valid0_carry__2/CO[3]
                         net (fo=1, routed)           0.000     4.276    input_guard/metadata_valid0_carry__2_n_0
    SLICE_X34Y6          CARRY4 (Prop_carry4_CI_CO[3])
                                                      0.117     4.393 r  input_guard/metadata_valid0_carry__3/CO[3]
                         net (fo=1, routed)           0.000     4.393    input_guard/metadata_valid0_carry__3_n_0
    SLICE_X34Y7          CARRY4 (Prop_carry4_CI_CO[3])
                                                      0.117     4.510 r  input_guard/metadata_valid0_carry__4/CO[3]
                         net (fo=1, routed)           0.787     5.296    input_guard/metadata_valid0
    SLICE_X28Y7          LUT6 (Prop_lut6_I3_O)        0.124     5.420 f  input_guard/fault_reasons[1]_i_3__0/O
                         net (fo=5, routed)           0.362     5.782    input_guard/fault_reasons[1]_i_3__0_n_0
    SLICE_X26Y8          LUT6 (Prop_lut6_I0_O)        0.124     5.906 f  input_guard/descriptor[69]_i_3__0/O
                         net (fo=3, routed)           0.184     6.090    product_bank/fault_reasons_reg[0]
    SLICE_X26Y8          LUT6 (Prop_lut6_I1_O)        0.124     6.214 f  product_bank/fault_reasons[0]_i_3/O
                         net (fo=3, routed)           0.354     6.569    product_bank/protocol_fault_reg
    SLICE_X27Y8          LUT2 (Prop_lut2_I0_O)        0.124     6.693 f  product_bank/state[3]_i_2/O
                         net (fo=7, routed)           0.354     7.046    product_bank/fault_reasons_reg[4]
    SLICE_X26Y7          LUT6 (Prop_lut6_I0_O)        0.124     7.170 f  product_bank/forward_committed_i_2/O
                         net (fo=2, routed)           0.399     7.569    output_bank/forward_committed_reg_0
    SLICE_X25Y7          LUT6 (Prop_lut6_I5_O)        0.124     7.693 f  output_bank/commit_pulse_i_2/O
                         net (fo=7, routed)           0.391     8.084    result_guard/return_occupied_reg_1
    SLICE_X24Y7          LUT5 (Prop_lut5_I0_O)        0.124     8.208 f  result_guard/fault_reasons[6]_i_2/O
                         net (fo=4, routed)           0.574     8.783    result_guard/fault_reasons[6]_i_2_n_0
    SLICE_X21Y7          LUT6 (Prop_lut6_I4_O)        0.124     8.907 r  result_guard/product_ii_reg_i_1/O
                         net (fo=8, routed)           0.454     9.360    joiner/kernel_rom/input_accept
    SLICE_X21Y5          LUT3 (Prop_lut3_I0_O)        0.124     9.484 r  joiner/kernel_rom/block_start_index[63]_i_1/O
                         net (fo=69, routed)          0.769    10.253    joiner/kernel_rom/block_exponent_1
    SLICE_X17Y3          FDRE                                         r  joiner/kernel_rom/block_start_index_reg[30]/CE
  -------------------------------------------------------------------    -------------------

                         (clock island_175 rise edge)
                                                      5.714     5.714 r  
                                                      0.000     5.714 r  fft_clk (IN)
                         net (fo=4544, unset)         0.924     6.638    joiner/kernel_rom/fft_clk
    SLICE_X17Y3          FDRE                                         r  joiner/kernel_rom/block_start_index_reg[30]/C
                         clock pessimism              0.000     6.638    
                         clock uncertainty           -0.035     6.603    
    SLICE_X17Y3          FDRE (Setup_fdre_C_CE)      -0.205     6.398    joiner/kernel_rom/block_start_index_reg[30]
  -------------------------------------------------------------------
                         required time                          6.398    
                         arrival time                         -10.253    
  -------------------------------------------------------------------
                         slack                                 -3.855    

Slack (VIOLATED) :        -3.855ns  (required time - arrival time)
  Source:                 next_inverse_reg/C
                            (rising edge-triggered cell FDRE clocked by island_175  {rise@0.000ns fall@2.857ns period=5.714ns})
  Destination:            joiner/kernel_rom/block_start_index_reg[31]/CE
                            (rising edge-triggered cell FDRE clocked by island_175  {rise@0.000ns fall@2.857ns period=5.714ns})
  Path Group:             island_175
  Path Type:              Setup (Max at Slow Process Corner)
  Requirement:            5.714ns  (island_175 rise@5.714ns - island_175 rise@0.000ns)
  Data Path Delay:        9.280ns  (logic 2.938ns (31.661%)  route 6.342ns (68.339%))
  Logic Levels:           17  (CARRY4=6 LUT2=2 LUT3=1 LUT5=1 LUT6=7)
  Clock Path Skew:        -0.049ns (DCD - SCD + CPR)
    Destination Clock Delay (DCD):    0.924ns = ( 6.638 - 5.714 ) 
    Source Clock Delay      (SCD):    0.973ns
    Clock Pessimism Removal (CPR):    0.000ns
  Clock Uncertainty:      0.035ns  ((TSJ^2 + TIJ^2)^1/2 + DJ) / 2 + PE
    Total System Jitter     (TSJ):    0.071ns
    Total Input Jitter      (TIJ):    0.000ns
    Discrete Jitter          (DJ):    0.000ns
    Phase Error              (PE):    0.000ns

    Location             Delay type                Incr(ns)  Path(ns)    Netlist Resource(s)
  -------------------------------------------------------------------    -------------------
                         (clock island_175 rise edge)
                                                      0.000     0.000 r  
                                                      0.000     0.000 r  fft_clk (IN)
                         net (fo=4544, unset)         0.973     0.973    fft_clk
    SLICE_X33Y4          FDRE                                         r  next_inverse_reg/C
  -------------------------------------------------------------------    -------------------
    SLICE_X33Y4          FDRE (Prop_fdre_C_Q)         0.456     1.429 r  next_inverse_reg/Q
                         net (fo=137, routed)         1.027     2.456    product_bank/read_valid_reg_1
    SLICE_X35Y2          LUT2 (Prop_lut2_I0_O)        0.124     2.580 r  product_bank/descriptor[4]_i_1/O
                         net (fo=3, routed)           0.687     3.268    input_guard/metadata_valid0_carry__4_0[4]
    SLICE_X34Y2          LUT6 (Prop_lut6_I2_O)        0.124     3.392 r  input_guard/metadata_valid0_carry_i_3/O
                         net (fo=1, routed)           0.000     3.392    input_guard/metadata_valid0_carry_i_3_n_0
    SLICE_X34Y2          CARRY4 (Prop_carry4_S[1]_CO[3])
                                                      0.533     3.925 r  input_guard/metadata_valid0_carry/CO[3]
                         net (fo=1, routed)           0.000     3.925    input_guard/metadata_valid0_carry_n_0
    SLICE_X34Y3          CARRY4 (Prop_carry4_CI_CO[3])
                                                      0.117     4.042 r  input_guard/metadata_valid0_carry__0/CO[3]
                         net (fo=1, routed)           0.000     4.042    input_guard/metadata_valid0_carry__0_n_0
    SLICE_X34Y4          CARRY4 (Prop_carry4_CI_CO[3])
                                                      0.117     4.159 r  input_guard/metadata_valid0_carry__1/CO[3]
                         net (fo=1, routed)           0.000     4.159    input_guard/metadata_valid0_carry__1_n_0
    SLICE_X34Y5          CARRY4 (Prop_carry4_CI_CO[3])
                                                      0.117     4.276 r  input_guard/metadata_valid0_carry__2/CO[3]
                         net (fo=1, routed)           0.000     4.276    input_guard/metadata_valid0_carry__2_n_0
    SLICE_X34Y6          CARRY4 (Prop_carry4_CI_CO[3])
                                                      0.117     4.393 r  input_guard/metadata_valid0_carry__3/CO[3]
                         net (fo=1, routed)           0.000     4.393    input_guard/metadata_valid0_carry__3_n_0
    SLICE_X34Y7          CARRY4 (Prop_carry4_CI_CO[3])
                                                      0.117     4.510 r  input_guard/metadata_valid0_carry__4/CO[3]
                         net (fo=1, routed)           0.787     5.296    input_guard/metadata_valid0
    SLICE_X28Y7          LUT6 (Prop_lut6_I3_O)        0.124     5.420 f  input_guard/fault_reasons[1]_i_3__0/O
                         net (fo=5, routed)           0.362     5.782    input_guard/fault_reasons[1]_i_3__0_n_0
    SLICE_X26Y8          LUT6 (Prop_lut6_I0_O)        0.124     5.906 f  input_guard/descriptor[69]_i_3__0/O
                         net (fo=3, routed)           0.184     6.090    product_bank/fault_reasons_reg[0]
    SLICE_X26Y8          LUT6 (Prop_lut6_I1_O)        0.124     6.214 f  product_bank/fault_reasons[0]_i_3/O
                         net (fo=3, routed)           0.354     6.569    product_bank/protocol_fault_reg
    SLICE_X27Y8          LUT2 (Prop_lut2_I0_O)        0.124     6.693 f  product_bank/state[3]_i_2/O
                         net (fo=7, routed)           0.354     7.046    product_bank/fault_reasons_reg[4]
    SLICE_X26Y7          LUT6 (Prop_lut6_I0_O)        0.124     7.170 f  product_bank/forward_committed_i_2/O
                         net (fo=2, routed)           0.399     7.569    output_bank/forward_committed_reg_0
    SLICE_X25Y7          LUT6 (Prop_lut6_I5_O)        0.124     7.693 f  output_bank/commit_pulse_i_2/O
                         net (fo=7, routed)           0.391     8.084    result_guard/return_occupied_reg_1
    SLICE_X24Y7          LUT5 (Prop_lut5_I0_O)        0.124     8.208 f  result_guard/fault_reasons[6]_i_2/O
                         net (fo=4, routed)           0.574     8.783    result_guard/fault_reasons[6]_i_2_n_0
    SLICE_X21Y7          LUT6 (Prop_lut6_I4_O)        0.124     8.907 r  result_guard/product_ii_reg_i_1/O
                         net (fo=8, routed)           0.454     9.360    joiner/kernel_rom/input_accept
    SLICE_X21Y5          LUT3 (Prop_lut3_I0_O)        0.124     9.484 r  joiner/kernel_rom/block_start_index[63]_i_1/O
                         net (fo=69, routed)          0.769    10.253    joiner/kernel_rom/block_exponent_1
    SLICE_X17Y3          FDRE                                         r  joiner/kernel_rom/block_start_index_reg[31]/CE
  -------------------------------------------------------------------    -------------------

                         (clock island_175 rise edge)
                                                      5.714     5.714 r  
                                                      0.000     5.714 r  fft_clk (IN)
                         net (fo=4544, unset)         0.924     6.638    joiner/kernel_rom/fft_clk
    SLICE_X17Y3          FDRE                                         r  joiner/kernel_rom/block_start_index_reg[31]/C
                         clock pessimism              0.000     6.638    
                         clock uncertainty           -0.035     6.603    
    SLICE_X17Y3          FDRE (Setup_fdre_C_CE)      -0.205     6.398    joiner/kernel_rom/block_start_index_reg[31]
  -------------------------------------------------------------------
                         required time                          6.398    
                         arrival time                         -10.253    
  -------------------------------------------------------------------
                         slack                                 -3.855    

Slack (VIOLATED) :        -3.855ns  (required time - arrival time)
  Source:                 next_inverse_reg/C
                            (rising edge-triggered cell FDRE clocked by island_175  {rise@0.000ns fall@2.857ns period=5.714ns})
  Destination:            joiner/kernel_rom/block_start_index_reg[34]/CE
                            (rising edge-triggered cell FDRE clocked by island_175  {rise@0.000ns fall@2.857ns period=5.714ns})
  Path Group:             island_175
  Path Type:              Setup (Max at Slow Process Corner)
  Requirement:            5.714ns  (island_175 rise@5.714ns - island_175 rise@0.000ns)
  Data Path Delay:        9.280ns  (logic 2.938ns (31.661%)  route 6.342ns (68.339%))
  Logic Levels:           17  (CARRY4=6 LUT2=2 LUT3=1 LUT5=1 LUT6=7)
  Clock Path Skew:        -0.049ns (DCD - SCD + CPR)
    Destination Clock Delay (DCD):    0.924ns = ( 6.638 - 5.714 ) 
    Source Clock Delay      (SCD):    0.973ns
    Clock Pessimism Removal (CPR):    0.000ns
  Clock Uncertainty:      0.035ns  ((TSJ^2 + TIJ^2)^1/2 + DJ) / 2 + PE
    Total System Jitter     (TSJ):    0.071ns
    Total Input Jitter      (TIJ):    0.000ns
    Discrete Jitter          (DJ):    0.000ns
    Phase Error              (PE):    0.000ns

    Location             Delay type                Incr(ns)  Path(ns)    Netlist Resource(s)
  -------------------------------------------------------------------    -------------------
                         (clock island_175 rise edge)
                                                      0.000     0.000 r  
                                                      0.000     0.000 r  fft_clk (IN)
                         net (fo=4544, unset)         0.973     0.973    fft_clk
    SLICE_X33Y4          FDRE                                         r  next_inverse_reg/C
  -------------------------------------------------------------------    -------------------
    SLICE_X33Y4          FDRE (Prop_fdre_C_Q)         0.456     1.429 r  next_inverse_reg/Q
                         net (fo=137, routed)         1.027     2.456    product_bank/read_valid_reg_1
    SLICE_X35Y2          LUT2 (Prop_lut2_I0_O)        0.124     2.580 r  product_bank/descriptor[4]_i_1/O
                         net (fo=3, routed)           0.687     3.268    input_guard/metadata_valid0_carry__4_0[4]
    SLICE_X34Y2          LUT6 (Prop_lut6_I2_O)        0.124     3.392 r  input_guard/metadata_valid0_carry_i_3/O
                         net (fo=1, routed)           0.000     3.392    input_guard/metadata_valid0_carry_i_3_n_0
    SLICE_X34Y2          CARRY4 (Prop_carry4_S[1]_CO[3])
                                                      0.533     3.925 r  input_guard/metadata_valid0_carry/CO[3]
                         net (fo=1, routed)           0.000     3.925    input_guard/metadata_valid0_carry_n_0
    SLICE_X34Y3          CARRY4 (Prop_carry4_CI_CO[3])
                                                      0.117     4.042 r  input_guard/metadata_valid0_carry__0/CO[3]
                         net (fo=1, routed)           0.000     4.042    input_guard/metadata_valid0_carry__0_n_0
    SLICE_X34Y4          CARRY4 (Prop_carry4_CI_CO[3])
                                                      0.117     4.159 r  input_guard/metadata_valid0_carry__1/CO[3]
                         net (fo=1, routed)           0.000     4.159    input_guard/metadata_valid0_carry__1_n_0
    SLICE_X34Y5          CARRY4 (Prop_carry4_CI_CO[3])
                                                      0.117     4.276 r  input_guard/metadata_valid0_carry__2/CO[3]
                         net (fo=1, routed)           0.000     4.276    input_guard/metadata_valid0_carry__2_n_0
    SLICE_X34Y6          CARRY4 (Prop_carry4_CI_CO[3])
                                                      0.117     4.393 r  input_guard/metadata_valid0_carry__3/CO[3]
                         net (fo=1, routed)           0.000     4.393    input_guard/metadata_valid0_carry__3_n_0
    SLICE_X34Y7          CARRY4 (Prop_carry4_CI_CO[3])
                                                      0.117     4.510 r  input_guard/metadata_valid0_carry__4/CO[3]
                         net (fo=1, routed)           0.787     5.296    input_guard/metadata_valid0
    SLICE_X28Y7          LUT6 (Prop_lut6_I3_O)        0.124     5.420 f  input_guard/fault_reasons[1]_i_3__0/O
                         net (fo=5, routed)           0.362     5.782    input_guard/fault_reasons[1]_i_3__0_n_0
    SLICE_X26Y8          LUT6 (Prop_lut6_I0_O)        0.124     5.906 f  input_guard/descriptor[69]_i_3__0/O
                         net (fo=3, routed)           0.184     6.090    product_bank/fault_reasons_reg[0]
    SLICE_X26Y8          LUT6 (Prop_lut6_I1_O)        0.124     6.214 f  product_bank/fault_reasons[0]_i_3/O
                         net (fo=3, routed)           0.354     6.569    product_bank/protocol_fault_reg
    SLICE_X27Y8          LUT2 (Prop_lut2_I0_O)        0.124     6.693 f  product_bank/state[3]_i_2/O
                         net (fo=7, routed)           0.354     7.046    product_bank/fault_reasons_reg[4]
    SLICE_X26Y7          LUT6 (Prop_lut6_I0_O)        0.124     7.170 f  product_bank/forward_committed_i_2/O
                         net (fo=2, routed)           0.399     7.569    output_bank/forward_committed_reg_0
    SLICE_X25Y7          LUT6 (Prop_lut6_I5_O)        0.124     7.693 f  output_bank/commit_pulse_i_2/O
                         net (fo=7, routed)           0.391     8.084    result_guard/return_occupied_reg_1
    SLICE_X24Y7          LUT5 (Prop_lut5_I0_O)        0.124     8.208 f  result_guard/fault_reasons[6]_i_2/O
                         net (fo=4, routed)           0.574     8.783    result_guard/fault_reasons[6]_i_2_n_0
    SLICE_X21Y7          LUT6 (Prop_lut6_I4_O)        0.124     8.907 r  result_guard/product_ii_reg_i_1/O
                         net (fo=8, routed)           0.454     9.360    joiner/kernel_rom/input_accept
    SLICE_X21Y5          LUT3 (Prop_lut3_I0_O)        0.124     9.484 r  joiner/kernel_rom/block_start_index[63]_i_1/O
                         net (fo=69, routed)          0.769    10.253    joiner/kernel_rom/block_exponent_1
    SLICE_X17Y3          FDRE                                         r  joiner/kernel_rom/block_start_index_reg[34]/CE
  -------------------------------------------------------------------    -------------------

                         (clock island_175 rise edge)
                                                      5.714     5.714 r  
                                                      0.000     5.714 r  fft_clk (IN)
                         net (fo=4544, unset)         0.924     6.638    joiner/kernel_rom/fft_clk
    SLICE_X17Y3          FDRE                                         r  joiner/kernel_rom/block_start_index_reg[34]/C
                         clock pessimism              0.000     6.638    
                         clock uncertainty           -0.035     6.603    
    SLICE_X17Y3          FDRE (Setup_fdre_C_CE)      -0.205     6.398    joiner/kernel_rom/block_start_index_reg[34]
  -------------------------------------------------------------------
                         required time                          6.398    
                         arrival time                         -10.253    
  -------------------------------------------------------------------
                         slack                                 -3.855    

Slack (VIOLATED) :        -3.855ns  (required time - arrival time)
  Source:                 next_inverse_reg/C
                            (rising edge-triggered cell FDRE clocked by island_175  {rise@0.000ns fall@2.857ns period=5.714ns})
  Destination:            joiner/kernel_rom/block_start_index_reg[9]/CE
                            (rising edge-triggered cell FDRE clocked by island_175  {rise@0.000ns fall@2.857ns period=5.714ns})
  Path Group:             island_175
  Path Type:              Setup (Max at Slow Process Corner)
  Requirement:            5.714ns  (island_175 rise@5.714ns - island_175 rise@0.000ns)
  Data Path Delay:        9.280ns  (logic 2.938ns (31.661%)  route 6.342ns (68.339%))
  Logic Levels:           17  (CARRY4=6 LUT2=2 LUT3=1 LUT5=1 LUT6=7)
  Clock Path Skew:        -0.049ns (DCD - SCD + CPR)
    Destination Clock Delay (DCD):    0.924ns = ( 6.638 - 5.714 ) 
    Source Clock Delay      (SCD):    0.973ns
    Clock Pessimism Removal (CPR):    0.000ns
  Clock Uncertainty:      0.035ns  ((TSJ^2 + TIJ^2)^1/2 + DJ) / 2 + PE
    Total System Jitter     (TSJ):    0.071ns
    Total Input Jitter      (TIJ):    0.000ns
    Discrete Jitter          (DJ):    0.000ns
    Phase Error              (PE):    0.000ns

    Location             Delay type                Incr(ns)  Path(ns)    Netlist Resource(s)
  -------------------------------------------------------------------    -------------------
                         (clock island_175 rise edge)
                                                      0.000     0.000 r  
                                                      0.000     0.000 r  fft_clk (IN)
                         net (fo=4544, unset)         0.973     0.973    fft_clk
    SLICE_X33Y4          FDRE                                         r  next_inverse_reg/C
  -------------------------------------------------------------------    -------------------
    SLICE_X33Y4          FDRE (Prop_fdre_C_Q)         0.456     1.429 r  next_inverse_reg/Q
                         net (fo=137, routed)         1.027     2.456    product_bank/read_valid_reg_1
    SLICE_X35Y2          LUT2 (Prop_lut2_I0_O)        0.124     2.580 r  product_bank/descriptor[4]_i_1/O
                         net (fo=3, routed)           0.687     3.268    input_guard/metadata_valid0_carry__4_0[4]
    SLICE_X34Y2          LUT6 (Prop_lut6_I2_O)        0.124     3.392 r  input_guard/metadata_valid0_carry_i_3/O
                         net (fo=1, routed)           0.000     3.392    input_guard/metadata_valid0_carry_i_3_n_0
    SLICE_X34Y2          CARRY4 (Prop_carry4_S[1]_CO[3])
                                                      0.533     3.925 r  input_guard/metadata_valid0_carry/CO[3]
                         net (fo=1, routed)           0.000     3.925    input_guard/metadata_valid0_carry_n_0
    SLICE_X34Y3          CARRY4 (Prop_carry4_CI_CO[3])
                                                      0.117     4.042 r  input_guard/metadata_valid0_carry__0/CO[3]
                         net (fo=1, routed)           0.000     4.042    input_guard/metadata_valid0_carry__0_n_0
    SLICE_X34Y4          CARRY4 (Prop_carry4_CI_CO[3])
                                                      0.117     4.159 r  input_guard/metadata_valid0_carry__1/CO[3]
                         net (fo=1, routed)           0.000     4.159    input_guard/metadata_valid0_carry__1_n_0
    SLICE_X34Y5          CARRY4 (Prop_carry4_CI_CO[3])
                                                      0.117     4.276 r  input_guard/metadata_valid0_carry__2/CO[3]
                         net (fo=1, routed)           0.000     4.276    input_guard/metadata_valid0_carry__2_n_0
    SLICE_X34Y6          CARRY4 (Prop_carry4_CI_CO[3])
                                                      0.117     4.393 r  input_guard/metadata_valid0_carry__3/CO[3]
                         net (fo=1, routed)           0.000     4.393    input_guard/metadata_valid0_carry__3_n_0
    SLICE_X34Y7          CARRY4 (Prop_carry4_CI_CO[3])
                                                      0.117     4.510 r  input_guard/metadata_valid0_carry__4/CO[3]
                         net (fo=1, routed)           0.787     5.296    input_guard/metadata_valid0
    SLICE_X28Y7          LUT6 (Prop_lut6_I3_O)        0.124     5.420 f  input_guard/fault_reasons[1]_i_3__0/O
                         net (fo=5, routed)           0.362     5.782    input_guard/fault_reasons[1]_i_3__0_n_0
    SLICE_X26Y8          LUT6 (Prop_lut6_I0_O)        0.124     5.906 f  input_guard/descriptor[69]_i_3__0/O
                         net (fo=3, routed)           0.184     6.090    product_bank/fault_reasons_reg[0]
    SLICE_X26Y8          LUT6 (Prop_lut6_I1_O)        0.124     6.214 f  product_bank/fault_reasons[0]_i_3/O
                         net (fo=3, routed)           0.354     6.569    product_bank/protocol_fault_reg
    SLICE_X27Y8          LUT2 (Prop_lut2_I0_O)        0.124     6.693 f  product_bank/state[3]_i_2/O
                         net (fo=7, routed)           0.354     7.046    product_bank/fault_reasons_reg[4]
    SLICE_X26Y7          LUT6 (Prop_lut6_I0_O)        0.124     7.170 f  product_bank/forward_committed_i_2/O
                         net (fo=2, routed)           0.399     7.569    output_bank/forward_committed_reg_0
    SLICE_X25Y7          LUT6 (Prop_lut6_I5_O)        0.124     7.693 f  output_bank/commit_pulse_i_2/O
                         net (fo=7, routed)           0.391     8.084    result_guard/return_occupied_reg_1
    SLICE_X24Y7          LUT5 (Prop_lut5_I0_O)        0.124     8.208 f  result_guard/fault_reasons[6]_i_2/O
                         net (fo=4, routed)           0.574     8.783    result_guard/fault_reasons[6]_i_2_n_0
    SLICE_X21Y7          LUT6 (Prop_lut6_I4_O)        0.124     8.907 r  result_guard/product_ii_reg_i_1/O
                         net (fo=8, routed)           0.454     9.360    joiner/kernel_rom/input_accept
    SLICE_X21Y5          LUT3 (Prop_lut3_I0_O)        0.124     9.484 r  joiner/kernel_rom/block_start_index[63]_i_1/O
                         net (fo=69, routed)          0.769    10.253    joiner/kernel_rom/block_exponent_1
    SLICE_X17Y3          FDRE                                         r  joiner/kernel_rom/block_start_index_reg[9]/CE
  -------------------------------------------------------------------    -------------------

                         (clock island_175 rise edge)
                                                      5.714     5.714 r  
                                                      0.000     5.714 r  fft_clk (IN)
                         net (fo=4544, unset)         0.924     6.638    joiner/kernel_rom/fft_clk
    SLICE_X17Y3          FDRE                                         r  joiner/kernel_rom/block_start_index_reg[9]/C
                         clock pessimism              0.000     6.638    
                         clock uncertainty           -0.035     6.603    
    SLICE_X17Y3          FDRE (Setup_fdre_C_CE)      -0.205     6.398    joiner/kernel_rom/block_start_index_reg[9]
  -------------------------------------------------------------------
                         required time                          6.398    
                         arrival time                         -10.253    
  -------------------------------------------------------------------
                         slack                                 -3.855    

Slack (VIOLATED) :        -3.849ns  (required time - arrival time)
  Source:                 next_inverse_reg/C
                            (rising edge-triggered cell FDRE clocked by island_175  {rise@0.000ns fall@2.857ns period=5.714ns})
  Destination:            state_reg[1]/D
                            (rising edge-triggered cell FDRE clocked by island_175  {rise@0.000ns fall@2.857ns period=5.714ns})
  Path Group:             island_175
  Path Type:              Setup (Max at Slow Process Corner)
  Requirement:            5.714ns  (island_175 rise@5.714ns - island_175 rise@0.000ns)
  Data Path Delay:        9.508ns  (logic 3.186ns (33.509%)  route 6.322ns (66.491%))
  Logic Levels:           19  (CARRY4=6 LUT2=2 LUT3=2 LUT5=2 LUT6=7)
  Clock Path Skew:        -0.049ns (DCD - SCD + CPR)
    Destination Clock Delay (DCD):    0.924ns = ( 6.638 - 5.714 ) 
    Source Clock Delay      (SCD):    0.973ns
    Clock Pessimism Removal (CPR):    0.000ns
  Clock Uncertainty:      0.035ns  ((TSJ^2 + TIJ^2)^1/2 + DJ) / 2 + PE
    Total System Jitter     (TSJ):    0.071ns
    Total Input Jitter      (TIJ):    0.000ns
    Discrete Jitter          (DJ):    0.000ns
    Phase Error              (PE):    0.000ns

    Location             Delay type                Incr(ns)  Path(ns)    Netlist Resource(s)
  -------------------------------------------------------------------    -------------------
                         (clock island_175 rise edge)
                                                      0.000     0.000 r  
                                                      0.000     0.000 r  fft_clk (IN)
                         net (fo=4544, unset)         0.973     0.973    fft_clk
    SLICE_X33Y4          FDRE                                         r  next_inverse_reg/C
  -------------------------------------------------------------------    -------------------
    SLICE_X33Y4          FDRE (Prop_fdre_C_Q)         0.456     1.429 r  next_inverse_reg/Q
                         net (fo=137, routed)         1.027     2.456    product_bank/read_valid_reg_1
    SLICE_X35Y2          LUT2 (Prop_lut2_I0_O)        0.124     2.580 r  product_bank/descriptor[4]_i_1/O
                         net (fo=3, routed)           0.687     3.268    input_guard/metadata_valid0_carry__4_0[4]
    SLICE_X34Y2          LUT6 (Prop_lut6_I2_O)        0.124     3.392 r  input_guard/metadata_valid0_carry_i_3/O
                         net (fo=1, routed)           0.000     3.392    input_guard/metadata_valid0_carry_i_3_n_0
    SLICE_X34Y2          CARRY4 (Prop_carry4_S[1]_CO[3])
                                                      0.533     3.925 r  input_guard/metadata_valid0_carry/CO[3]
                         net (fo=1, routed)           0.000     3.925    input_guard/metadata_valid0_carry_n_0
    SLICE_X34Y3          CARRY4 (Prop_carry4_CI_CO[3])
                                                      0.117     4.042 r  input_guard/metadata_valid0_carry__0/CO[3]
                         net (fo=1, routed)           0.000     4.042    input_guard/metadata_valid0_carry__0_n_0
    SLICE_X34Y4          CARRY4 (Prop_carry4_CI_CO[3])
                                                      0.117     4.159 r  input_guard/metadata_valid0_carry__1/CO[3]
                         net (fo=1, routed)           0.000     4.159    input_guard/metadata_valid0_carry__1_n_0
    SLICE_X34Y5          CARRY4 (Prop_carry4_CI_CO[3])
                                                      0.117     4.276 r  input_guard/metadata_valid0_carry__2/CO[3]
                         net (fo=1, routed)           0.000     4.276    input_guard/metadata_valid0_carry__2_n_0
    SLICE_X34Y6          CARRY4 (Prop_carry4_CI_CO[3])
                                                      0.117     4.393 r  input_guard/metadata_valid0_carry__3/CO[3]
                         net (fo=1, routed)           0.000     4.393    input_guard/metadata_valid0_carry__3_n_0
    SLICE_X34Y7          CARRY4 (Prop_carry4_CI_CO[3])
                                                      0.117     4.510 r  input_guard/metadata_valid0_carry__4/CO[3]
                         net (fo=1, routed)           0.787     5.296    input_guard/metadata_valid0
    SLICE_X28Y7          LUT6 (Prop_lut6_I3_O)        0.124     5.420 f  input_guard/fault_reasons[1]_i_3__0/O
                         net (fo=5, routed)           0.362     5.782    input_guard/fault_reasons[1]_i_3__0_n_0
    SLICE_X26Y8          LUT6 (Prop_lut6_I0_O)        0.124     5.906 f  input_guard/descriptor[69]_i_3__0/O
                         net (fo=3, routed)           0.184     6.090    product_bank/fault_reasons_reg[0]
    SLICE_X26Y8          LUT6 (Prop_lut6_I1_O)        0.124     6.214 f  product_bank/fault_reasons[0]_i_3/O
                         net (fo=3, routed)           0.354     6.569    product_bank/protocol_fault_reg
    SLICE_X27Y8          LUT2 (Prop_lut2_I0_O)        0.124     6.693 f  product_bank/state[3]_i_2/O
                         net (fo=7, routed)           0.354     7.046    product_bank/fault_reasons_reg[4]
    SLICE_X26Y7          LUT6 (Prop_lut6_I0_O)        0.124     7.170 f  product_bank/forward_committed_i_2/O
                         net (fo=2, routed)           0.399     7.569    output_bank/forward_committed_reg_0
    SLICE_X25Y7          LUT6 (Prop_lut6_I5_O)        0.124     7.693 f  output_bank/commit_pulse_i_2/O
                         net (fo=7, routed)           0.796     8.489    result_guard/return_occupied_reg_1
    SLICE_X26Y2          LUT3 (Prop_lut3_I2_O)        0.124     8.613 r  result_guard/next_inverse_i_2/O
                         net (fo=4, routed)           0.428     9.041    result_guard/awaiting_ack_reg_0
    SLICE_X27Y2          LUT5 (Prop_lut5_I4_O)        0.124     9.165 r  result_guard/state[0]_i_4/O
                         net (fo=1, routed)           0.151     9.316    result_guard/state[0]_i_4_n_0
    SLICE_X27Y2          LUT6 (Prop_lut6_I5_O)        0.124     9.440 r  result_guard/state[0]_i_3/O
                         net (fo=2, routed)           0.480     9.920    output_bank/state_reg[0]_1
    SLICE_X26Y2          LUT3 (Prop_lut3_I2_O)        0.124    10.044 r  output_bank/state[2]_i_2/O
                         net (fo=2, routed)           0.313    10.357    output_bank/state
    SLICE_X27Y1          LUT5 (Prop_lut5_I1_O)        0.124    10.481 r  output_bank/state[1]_i_1/O
                         net (fo=1, routed)           0.000    10.481    output_bank_n_39
    SLICE_X27Y1          FDRE                                         r  state_reg[1]/D
  -------------------------------------------------------------------    -------------------

                         (clock island_175 rise edge)
                                                      5.714     5.714 r  
                                                      0.000     5.714 r  fft_clk (IN)
                         net (fo=4544, unset)         0.924     6.638    fft_clk
    SLICE_X27Y1          FDRE                                         r  state_reg[1]/C
                         clock pessimism              0.000     6.638    
                         clock uncertainty           -0.035     6.603    
    SLICE_X27Y1          FDRE (Setup_fdre_C_D)        0.029     6.632    state_reg[1]
  -------------------------------------------------------------------
                         required time                          6.632    
                         arrival time                         -10.481    
  -------------------------------------------------------------------
                         slack                                 -3.849    

Slack (VIOLATED) :        -3.844ns  (required time - arrival time)
  Source:                 next_inverse_reg/C
                            (rising edge-triggered cell FDRE clocked by island_175  {rise@0.000ns fall@2.857ns period=5.714ns})
  Destination:            state_reg[2]/D
                            (rising edge-triggered cell FDRE clocked by island_175  {rise@0.000ns fall@2.857ns period=5.714ns})
  Path Group:             island_175
  Path Type:              Setup (Max at Slow Process Corner)
  Requirement:            5.714ns  (island_175 rise@5.714ns - island_175 rise@0.000ns)
  Data Path Delay:        9.505ns  (logic 3.186ns (33.520%)  route 6.319ns (66.480%))
  Logic Levels:           19  (CARRY4=6 LUT2=2 LUT3=2 LUT5=1 LUT6=8)
  Clock Path Skew:        -0.049ns (DCD - SCD + CPR)
    Destination Clock Delay (DCD):    0.924ns = ( 6.638 - 5.714 ) 
    Source Clock Delay      (SCD):    0.973ns
    Clock Pessimism Removal (CPR):    0.000ns
  Clock Uncertainty:      0.035ns  ((TSJ^2 + TIJ^2)^1/2 + DJ) / 2 + PE
    Total System Jitter     (TSJ):    0.071ns
    Total Input Jitter      (TIJ):    0.000ns
    Discrete Jitter          (DJ):    0.000ns
    Phase Error              (PE):    0.000ns

    Location             Delay type                Incr(ns)  Path(ns)    Netlist Resource(s)
  -------------------------------------------------------------------    -------------------
                         (clock island_175 rise edge)
                                                      0.000     0.000 r  
                                                      0.000     0.000 r  fft_clk (IN)
                         net (fo=4544, unset)         0.973     0.973    fft_clk
    SLICE_X33Y4          FDRE                                         r  next_inverse_reg/C
  -------------------------------------------------------------------    -------------------
    SLICE_X33Y4          FDRE (Prop_fdre_C_Q)         0.456     1.429 r  next_inverse_reg/Q
                         net (fo=137, routed)         1.027     2.456    product_bank/read_valid_reg_1
    SLICE_X35Y2          LUT2 (Prop_lut2_I0_O)        0.124     2.580 r  product_bank/descriptor[4]_i_1/O
                         net (fo=3, routed)           0.687     3.268    input_guard/metadata_valid0_carry__4_0[4]
    SLICE_X34Y2          LUT6 (Prop_lut6_I2_O)        0.124     3.392 r  input_guard/metadata_valid0_carry_i_3/O
                         net (fo=1, routed)           0.000     3.392    input_guard/metadata_valid0_carry_i_3_n_0
    SLICE_X34Y2          CARRY4 (Prop_carry4_S[1]_CO[3])
                                                      0.533     3.925 r  input_guard/metadata_valid0_carry/CO[3]
                         net (fo=1, routed)           0.000     3.925    input_guard/metadata_valid0_carry_n_0
    SLICE_X34Y3          CARRY4 (Prop_carry4_CI_CO[3])
                                                      0.117     4.042 r  input_guard/metadata_valid0_carry__0/CO[3]
                         net (fo=1, routed)           0.000     4.042    input_guard/metadata_valid0_carry__0_n_0
    SLICE_X34Y4          CARRY4 (Prop_carry4_CI_CO[3])
                                                      0.117     4.159 r  input_guard/metadata_valid0_carry__1/CO[3]
                         net (fo=1, routed)           0.000     4.159    input_guard/metadata_valid0_carry__1_n_0
    SLICE_X34Y5          CARRY4 (Prop_carry4_CI_CO[3])
                                                      0.117     4.276 r  input_guard/metadata_valid0_carry__2/CO[3]
                         net (fo=1, routed)           0.000     4.276    input_guard/metadata_valid0_carry__2_n_0
    SLICE_X34Y6          CARRY4 (Prop_carry4_CI_CO[3])
                                                      0.117     4.393 r  input_guard/metadata_valid0_carry__3/CO[3]
                         net (fo=1, routed)           0.000     4.393    input_guard/metadata_valid0_carry__3_n_0
    SLICE_X34Y7          CARRY4 (Prop_carry4_CI_CO[3])
                                                      0.117     4.510 r  input_guard/metadata_valid0_carry__4/CO[3]
                         net (fo=1, routed)           0.787     5.296    input_guard/metadata_valid0
    SLICE_X28Y7          LUT6 (Prop_lut6_I3_O)        0.124     5.420 f  input_guard/fault_reasons[1]_i_3__0/O
                         net (fo=5, routed)           0.362     5.782    input_guard/fault_reasons[1]_i_3__0_n_0
    SLICE_X26Y8          LUT6 (Prop_lut6_I0_O)        0.124     5.906 f  input_guard/descriptor[69]_i_3__0/O
                         net (fo=3, routed)           0.184     6.090    product_bank/fault_reasons_reg[0]
    SLICE_X26Y8          LUT6 (Prop_lut6_I1_O)        0.124     6.214 f  product_bank/fault_reasons[0]_i_3/O
                         net (fo=3, routed)           0.354     6.569    product_bank/protocol_fault_reg
    SLICE_X27Y8          LUT2 (Prop_lut2_I0_O)        0.124     6.693 f  product_bank/state[3]_i_2/O
                         net (fo=7, routed)           0.354     7.046    product_bank/fault_reasons_reg[4]
    SLICE_X26Y7          LUT6 (Prop_lut6_I0_O)        0.124     7.170 f  product_bank/forward_committed_i_2/O
                         net (fo=2, routed)           0.399     7.569    output_bank/forward_committed_reg_0
    SLICE_X25Y7          LUT6 (Prop_lut6_I5_O)        0.124     7.693 f  output_bank/commit_pulse_i_2/O
                         net (fo=7, routed)           0.796     8.489    result_guard/return_occupied_reg_1
    SLICE_X26Y2          LUT3 (Prop_lut3_I2_O)        0.124     8.613 r  result_guard/next_inverse_i_2/O
                         net (fo=4, routed)           0.428     9.041    result_guard/awaiting_ack_reg_0
    SLICE_X27Y2          LUT5 (Prop_lut5_I4_O)        0.124     9.165 r  result_guard/state[0]_i_4/O
                         net (fo=1, routed)           0.151     9.316    result_guard/state[0]_i_4_n_0
    SLICE_X27Y2          LUT6 (Prop_lut6_I5_O)        0.124     9.440 r  result_guard/state[0]_i_3/O
                         net (fo=2, routed)           0.480     9.920    output_bank/state_reg[0]_1
    SLICE_X26Y2          LUT3 (Prop_lut3_I2_O)        0.124    10.044 r  output_bank/state[2]_i_2/O
                         net (fo=2, routed)           0.310    10.354    output_bank/state
    SLICE_X27Y1          LUT6 (Prop_lut6_I1_O)        0.124    10.478 r  output_bank/state[2]_i_1/O
                         net (fo=1, routed)           0.000    10.478    output_bank_n_38
    SLICE_X27Y1          FDRE                                         r  state_reg[2]/D
  -------------------------------------------------------------------    -------------------

                         (clock island_175 rise edge)
                                                      5.714     5.714 r  
                                                      0.000     5.714 r  fft_clk (IN)
                         net (fo=4544, unset)         0.924     6.638    fft_clk
    SLICE_X27Y1          FDRE                                         r  state_reg[2]/C
                         clock pessimism              0.000     6.638    
                         clock uncertainty           -0.035     6.603    
    SLICE_X27Y1          FDRE (Setup_fdre_C_D)        0.031     6.634    state_reg[2]
  -------------------------------------------------------------------
                         required time                          6.634    
                         arrival time                         -10.478    
  -------------------------------------------------------------------
                         slack                                 -3.844    

Slack (VIOLATED) :        -3.805ns  (required time - arrival time)
  Source:                 next_inverse_reg/C
                            (rising edge-triggered cell FDRE clocked by island_175  {rise@0.000ns fall@2.857ns period=5.714ns})
  Destination:            joiner/kernel_rom/block_start_index_reg[23]/CE
                            (rising edge-triggered cell FDRE clocked by island_175  {rise@0.000ns fall@2.857ns period=5.714ns})
  Path Group:             island_175
  Path Type:              Setup (Max at Slow Process Corner)
  Requirement:            5.714ns  (island_175 rise@5.714ns - island_175 rise@0.000ns)
  Data Path Delay:        9.230ns  (logic 2.938ns (31.830%)  route 6.292ns (68.170%))
  Logic Levels:           17  (CARRY4=6 LUT2=2 LUT3=1 LUT5=1 LUT6=7)
  Clock Path Skew:        -0.049ns (DCD - SCD + CPR)
    Destination Clock Delay (DCD):    0.924ns = ( 6.638 - 5.714 ) 
    Source Clock Delay      (SCD):    0.973ns
    Clock Pessimism Removal (CPR):    0.000ns
  Clock Uncertainty:      0.035ns  ((TSJ^2 + TIJ^2)^1/2 + DJ) / 2 + PE
    Total System Jitter     (TSJ):    0.071ns
    Total Input Jitter      (TIJ):    0.000ns
    Discrete Jitter          (DJ):    0.000ns
    Phase Error              (PE):    0.000ns

    Location             Delay type                Incr(ns)  Path(ns)    Netlist Resource(s)
  -------------------------------------------------------------------    -------------------
                         (clock island_175 rise edge)
                                                      0.000     0.000 r  
                                                      0.000     0.000 r  fft_clk (IN)
                         net (fo=4544, unset)         0.973     0.973    fft_clk
    SLICE_X33Y4          FDRE                                         r  next_inverse_reg/C
  -------------------------------------------------------------------    -------------------
    SLICE_X33Y4          FDRE (Prop_fdre_C_Q)         0.456     1.429 r  next_inverse_reg/Q
                         net (fo=137, routed)         1.027     2.456    product_bank/read_valid_reg_1
    SLICE_X35Y2          LUT2 (Prop_lut2_I0_O)        0.124     2.580 r  product_bank/descriptor[4]_i_1/O
                         net (fo=3, routed)           0.687     3.268    input_guard/metadata_valid0_carry__4_0[4]
    SLICE_X34Y2          LUT6 (Prop_lut6_I2_O)        0.124     3.392 r  input_guard/metadata_valid0_carry_i_3/O
                         net (fo=1, routed)           0.000     3.392    input_guard/metadata_valid0_carry_i_3_n_0
    SLICE_X34Y2          CARRY4 (Prop_carry4_S[1]_CO[3])
                                                      0.533     3.925 r  input_guard/metadata_valid0_carry/CO[3]
                         net (fo=1, routed)           0.000     3.925    input_guard/metadata_valid0_carry_n_0
    SLICE_X34Y3          CARRY4 (Prop_carry4_CI_CO[3])
                                                      0.117     4.042 r  input_guard/metadata_valid0_carry__0/CO[3]
                         net (fo=1, routed)           0.000     4.042    input_guard/metadata_valid0_carry__0_n_0
    SLICE_X34Y4          CARRY4 (Prop_carry4_CI_CO[3])
                                                      0.117     4.159 r  input_guard/metadata_valid0_carry__1/CO[3]
                         net (fo=1, routed)           0.000     4.159    input_guard/metadata_valid0_carry__1_n_0
    SLICE_X34Y5          CARRY4 (Prop_carry4_CI_CO[3])
                                                      0.117     4.276 r  input_guard/metadata_valid0_carry__2/CO[3]
                         net (fo=1, routed)           0.000     4.276    input_guard/metadata_valid0_carry__2_n_0
    SLICE_X34Y6          CARRY4 (Prop_carry4_CI_CO[3])
                                                      0.117     4.393 r  input_guard/metadata_valid0_carry__3/CO[3]
                         net (fo=1, routed)           0.000     4.393    input_guard/metadata_valid0_carry__3_n_0
    SLICE_X34Y7          CARRY4 (Prop_carry4_CI_CO[3])
                                                      0.117     4.510 r  input_guard/metadata_valid0_carry__4/CO[3]
                         net (fo=1, routed)           0.787     5.296    input_guard/metadata_valid0
    SLICE_X28Y7          LUT6 (Prop_lut6_I3_O)        0.124     5.420 f  input_guard/fault_reasons[1]_i_3__0/O
                         net (fo=5, routed)           0.362     5.782    input_guard/fault_reasons[1]_i_3__0_n_0
    SLICE_X26Y8          LUT6 (Prop_lut6_I0_O)        0.124     5.906 f  input_guard/descriptor[69]_i_3__0/O
                         net (fo=3, routed)           0.184     6.090    product_bank/fault_reasons_reg[0]
    SLICE_X26Y8          LUT6 (Prop_lut6_I1_O)        0.124     6.214 f  product_bank/fault_reasons[0]_i_3/O
                         net (fo=3, routed)           0.354     6.569    product_bank/protocol_fault_reg
    SLICE_X27Y8          LUT2 (Prop_lut2_I0_O)        0.124     6.693 f  product_bank/state[3]_i_2/O
                         net (fo=7, routed)           0.354     7.046    product_bank/fault_reasons_reg[4]
    SLICE_X26Y7          LUT6 (Prop_lut6_I0_O)        0.124     7.170 f  product_bank/forward_committed_i_2/O
                         net (fo=2, routed)           0.399     7.569    output_bank/forward_committed_reg_0
    SLICE_X25Y7          LUT6 (Prop_lut6_I5_O)        0.124     7.693 f  output_bank/commit_pulse_i_2/O
                         net (fo=7, routed)           0.391     8.084    result_guard/return_occupied_reg_1
    SLICE_X24Y7          LUT5 (Prop_lut5_I0_O)        0.124     8.208 f  result_guard/fault_reasons[6]_i_2/O
                         net (fo=4, routed)           0.574     8.783    result_guard/fault_reasons[6]_i_2_n_0
    SLICE_X21Y7          LUT6 (Prop_lut6_I4_O)        0.124     8.907 r  result_guard/product_ii_reg_i_1/O
                         net (fo=8, routed)           0.454     9.360    joiner/kernel_rom/input_accept
    SLICE_X21Y5          LUT3 (Prop_lut3_I0_O)        0.124     9.484 r  joiner/kernel_rom/block_start_index[63]_i_1/O
                         net (fo=69, routed)          0.719    10.203    joiner/kernel_rom/block_exponent_1
    SLICE_X17Y4          FDRE                                         r  joiner/kernel_rom/block_start_index_reg[23]/CE
  -------------------------------------------------------------------    -------------------

                         (clock island_175 rise edge)
                                                      5.714     5.714 r  
                                                      0.000     5.714 r  fft_clk (IN)
                         net (fo=4544, unset)         0.924     6.638    joiner/kernel_rom/fft_clk
    SLICE_X17Y4          FDRE                                         r  joiner/kernel_rom/block_start_index_reg[23]/C
                         clock pessimism              0.000     6.638    
                         clock uncertainty           -0.035     6.603    
    SLICE_X17Y4          FDRE (Setup_fdre_C_CE)      -0.205     6.398    joiner/kernel_rom/block_start_index_reg[23]
  -------------------------------------------------------------------
                         required time                          6.398    
                         arrival time                         -10.203    
  -------------------------------------------------------------------
                         slack                                 -3.805    

Slack (VIOLATED) :        -3.805ns  (required time - arrival time)
  Source:                 next_inverse_reg/C
                            (rising edge-triggered cell FDRE clocked by island_175  {rise@0.000ns fall@2.857ns period=5.714ns})
  Destination:            joiner/kernel_rom/block_start_index_reg[39]/CE
                            (rising edge-triggered cell FDRE clocked by island_175  {rise@0.000ns fall@2.857ns period=5.714ns})
  Path Group:             island_175
  Path Type:              Setup (Max at Slow Process Corner)
  Requirement:            5.714ns  (island_175 rise@5.714ns - island_175 rise@0.000ns)
  Data Path Delay:        9.230ns  (logic 2.938ns (31.830%)  route 6.292ns (68.170%))
  Logic Levels:           17  (CARRY4=6 LUT2=2 LUT3=1 LUT5=1 LUT6=7)
  Clock Path Skew:        -0.049ns (DCD - SCD + CPR)
    Destination Clock Delay (DCD):    0.924ns = ( 6.638 - 5.714 ) 
    Source Clock Delay      (SCD):    0.973ns
    Clock Pessimism Removal (CPR):    0.000ns
  Clock Uncertainty:      0.035ns  ((TSJ^2 + TIJ^2)^1/2 + DJ) / 2 + PE
    Total System Jitter     (TSJ):    0.071ns
    Total Input Jitter      (TIJ):    0.000ns
    Discrete Jitter          (DJ):    0.000ns
    Phase Error              (PE):    0.000ns

    Location             Delay type                Incr(ns)  Path(ns)    Netlist Resource(s)
  -------------------------------------------------------------------    -------------------
                         (clock island_175 rise edge)
                                                      0.000     0.000 r  
                                                      0.000     0.000 r  fft_clk (IN)
                         net (fo=4544, unset)         0.973     0.973    fft_clk
    SLICE_X33Y4          FDRE                                         r  next_inverse_reg/C
  -------------------------------------------------------------------    -------------------
    SLICE_X33Y4          FDRE (Prop_fdre_C_Q)         0.456     1.429 r  next_inverse_reg/Q
                         net (fo=137, routed)         1.027     2.456    product_bank/read_valid_reg_1
    SLICE_X35Y2          LUT2 (Prop_lut2_I0_O)        0.124     2.580 r  product_bank/descriptor[4]_i_1/O
                         net (fo=3, routed)           0.687     3.268    input_guard/metadata_valid0_carry__4_0[4]
    SLICE_X34Y2          LUT6 (Prop_lut6_I2_O)        0.124     3.392 r  input_guard/metadata_valid0_carry_i_3/O
                         net (fo=1, routed)           0.000     3.392    input_guard/metadata_valid0_carry_i_3_n_0
    SLICE_X34Y2          CARRY4 (Prop_carry4_S[1]_CO[3])
                                                      0.533     3.925 r  input_guard/metadata_valid0_carry/CO[3]
                         net (fo=1, routed)           0.000     3.925    input_guard/metadata_valid0_carry_n_0
    SLICE_X34Y3          CARRY4 (Prop_carry4_CI_CO[3])
                                                      0.117     4.042 r  input_guard/metadata_valid0_carry__0/CO[3]
                         net (fo=1, routed)           0.000     4.042    input_guard/metadata_valid0_carry__0_n_0
    SLICE_X34Y4          CARRY4 (Prop_carry4_CI_CO[3])
                                                      0.117     4.159 r  input_guard/metadata_valid0_carry__1/CO[3]
                         net (fo=1, routed)           0.000     4.159    input_guard/metadata_valid0_carry__1_n_0
    SLICE_X34Y5          CARRY4 (Prop_carry4_CI_CO[3])
                                                      0.117     4.276 r  input_guard/metadata_valid0_carry__2/CO[3]
                         net (fo=1, routed)           0.000     4.276    input_guard/metadata_valid0_carry__2_n_0
    SLICE_X34Y6          CARRY4 (Prop_carry4_CI_CO[3])
                                                      0.117     4.393 r  input_guard/metadata_valid0_carry__3/CO[3]
                         net (fo=1, routed)           0.000     4.393    input_guard/metadata_valid0_carry__3_n_0
    SLICE_X34Y7          CARRY4 (Prop_carry4_CI_CO[3])
                                                      0.117     4.510 r  input_guard/metadata_valid0_carry__4/CO[3]
                         net (fo=1, routed)           0.787     5.296    input_guard/metadata_valid0
    SLICE_X28Y7          LUT6 (Prop_lut6_I3_O)        0.124     5.420 f  input_guard/fault_reasons[1]_i_3__0/O
                         net (fo=5, routed)           0.362     5.782    input_guard/fault_reasons[1]_i_3__0_n_0
    SLICE_X26Y8          LUT6 (Prop_lut6_I0_O)        0.124     5.906 f  input_guard/descriptor[69]_i_3__0/O
                         net (fo=3, routed)           0.184     6.090    product_bank/fault_reasons_reg[0]
    SLICE_X26Y8          LUT6 (Prop_lut6_I1_O)        0.124     6.214 f  product_bank/fault_reasons[0]_i_3/O
                         net (fo=3, routed)           0.354     6.569    product_bank/protocol_fault_reg
    SLICE_X27Y8          LUT2 (Prop_lut2_I0_O)        0.124     6.693 f  product_bank/state[3]_i_2/O
                         net (fo=7, routed)           0.354     7.046    product_bank/fault_reasons_reg[4]
    SLICE_X26Y7          LUT6 (Prop_lut6_I0_O)        0.124     7.170 f  product_bank/forward_committed_i_2/O
                         net (fo=2, routed)           0.399     7.569    output_bank/forward_committed_reg_0
    SLICE_X25Y7          LUT6 (Prop_lut6_I5_O)        0.124     7.693 f  output_bank/commit_pulse_i_2/O
                         net (fo=7, routed)           0.391     8.084    result_guard/return_occupied_reg_1
    SLICE_X24Y7          LUT5 (Prop_lut5_I0_O)        0.124     8.208 f  result_guard/fault_reasons[6]_i_2/O
                         net (fo=4, routed)           0.574     8.783    result_guard/fault_reasons[6]_i_2_n_0
    SLICE_X21Y7          LUT6 (Prop_lut6_I4_O)        0.124     8.907 r  result_guard/product_ii_reg_i_1/O
                         net (fo=8, routed)           0.454     9.360    joiner/kernel_rom/input_accept
    SLICE_X21Y5          LUT3 (Prop_lut3_I0_O)        0.124     9.484 r  joiner/kernel_rom/block_start_index[63]_i_1/O
                         net (fo=69, routed)          0.719    10.203    joiner/kernel_rom/block_exponent_1
    SLICE_X17Y4          FDRE                                         r  joiner/kernel_rom/block_start_index_reg[39]/CE
  -------------------------------------------------------------------    -------------------

                         (clock island_175 rise edge)
                                                      5.714     5.714 r  
                                                      0.000     5.714 r  fft_clk (IN)
                         net (fo=4544, unset)         0.924     6.638    joiner/kernel_rom/fft_clk
    SLICE_X17Y4          FDRE                                         r  joiner/kernel_rom/block_start_index_reg[39]/C
                         clock pessimism              0.000     6.638    
                         clock uncertainty           -0.035     6.603    
    SLICE_X17Y4          FDRE (Setup_fdre_C_CE)      -0.205     6.398    joiner/kernel_rom/block_start_index_reg[39]
  -------------------------------------------------------------------
                         required time                          6.398    
                         arrival time                         -10.203    
  -------------------------------------------------------------------
                         slack                                 -3.805    

Slack (VIOLATED) :        -3.805ns  (required time - arrival time)
  Source:                 next_inverse_reg/C
                            (rising edge-triggered cell FDRE clocked by island_175  {rise@0.000ns fall@2.857ns period=5.714ns})
  Destination:            joiner/kernel_rom/block_start_index_reg[49]/CE
                            (rising edge-triggered cell FDRE clocked by island_175  {rise@0.000ns fall@2.857ns period=5.714ns})
  Path Group:             island_175
  Path Type:              Setup (Max at Slow Process Corner)
  Requirement:            5.714ns  (island_175 rise@5.714ns - island_175 rise@0.000ns)
  Data Path Delay:        9.230ns  (logic 2.938ns (31.830%)  route 6.292ns (68.170%))
  Logic Levels:           17  (CARRY4=6 LUT2=2 LUT3=1 LUT5=1 LUT6=7)
  Clock Path Skew:        -0.049ns (DCD - SCD + CPR)
    Destination Clock Delay (DCD):    0.924ns = ( 6.638 - 5.714 ) 
    Source Clock Delay      (SCD):    0.973ns
    Clock Pessimism Removal (CPR):    0.000ns
  Clock Uncertainty:      0.035ns  ((TSJ^2 + TIJ^2)^1/2 + DJ) / 2 + PE
    Total System Jitter     (TSJ):    0.071ns
    Total Input Jitter      (TIJ):    0.000ns
    Discrete Jitter          (DJ):    0.000ns
    Phase Error              (PE):    0.000ns

    Location             Delay type                Incr(ns)  Path(ns)    Netlist Resource(s)
  -------------------------------------------------------------------    -------------------
                         (clock island_175 rise edge)
                                                      0.000     0.000 r  
                                                      0.000     0.000 r  fft_clk (IN)
                         net (fo=4544, unset)         0.973     0.973    fft_clk
    SLICE_X33Y4          FDRE                                         r  next_inverse_reg/C
  -------------------------------------------------------------------    -------------------
    SLICE_X33Y4          FDRE (Prop_fdre_C_Q)         0.456     1.429 r  next_inverse_reg/Q
                         net (fo=137, routed)         1.027     2.456    product_bank/read_valid_reg_1
    SLICE_X35Y2          LUT2 (Prop_lut2_I0_O)        0.124     2.580 r  product_bank/descriptor[4]_i_1/O
                         net (fo=3, routed)           0.687     3.268    input_guard/metadata_valid0_carry__4_0[4]
    SLICE_X34Y2          LUT6 (Prop_lut6_I2_O)        0.124     3.392 r  input_guard/metadata_valid0_carry_i_3/O
                         net (fo=1, routed)           0.000     3.392    input_guard/metadata_valid0_carry_i_3_n_0
    SLICE_X34Y2          CARRY4 (Prop_carry4_S[1]_CO[3])
                                                      0.533     3.925 r  input_guard/metadata_valid0_carry/CO[3]
                         net (fo=1, routed)           0.000     3.925    input_guard/metadata_valid0_carry_n_0
    SLICE_X34Y3          CARRY4 (Prop_carry4_CI_CO[3])
                                                      0.117     4.042 r  input_guard/metadata_valid0_carry__0/CO[3]
                         net (fo=1, routed)           0.000     4.042    input_guard/metadata_valid0_carry__0_n_0
    SLICE_X34Y4          CARRY4 (Prop_carry4_CI_CO[3])
                                                      0.117     4.159 r  input_guard/metadata_valid0_carry__1/CO[3]
                         net (fo=1, routed)           0.000     4.159    input_guard/metadata_valid0_carry__1_n_0
    SLICE_X34Y5          CARRY4 (Prop_carry4_CI_CO[3])
                                                      0.117     4.276 r  input_guard/metadata_valid0_carry__2/CO[3]
                         net (fo=1, routed)           0.000     4.276    input_guard/metadata_valid0_carry__2_n_0
    SLICE_X34Y6          CARRY4 (Prop_carry4_CI_CO[3])
                                                      0.117     4.393 r  input_guard/metadata_valid0_carry__3/CO[3]
                         net (fo=1, routed)           0.000     4.393    input_guard/metadata_valid0_carry__3_n_0
    SLICE_X34Y7          CARRY4 (Prop_carry4_CI_CO[3])
                                                      0.117     4.510 r  input_guard/metadata_valid0_carry__4/CO[3]
                         net (fo=1, routed)           0.787     5.296    input_guard/metadata_valid0
    SLICE_X28Y7          LUT6 (Prop_lut6_I3_O)        0.124     5.420 f  input_guard/fault_reasons[1]_i_3__0/O
                         net (fo=5, routed)           0.362     5.782    input_guard/fault_reasons[1]_i_3__0_n_0
    SLICE_X26Y8          LUT6 (Prop_lut6_I0_O)        0.124     5.906 f  input_guard/descriptor[69]_i_3__0/O
                         net (fo=3, routed)           0.184     6.090    product_bank/fault_reasons_reg[0]
    SLICE_X26Y8          LUT6 (Prop_lut6_I1_O)        0.124     6.214 f  product_bank/fault_reasons[0]_i_3/O
                         net (fo=3, routed)           0.354     6.569    product_bank/protocol_fault_reg
    SLICE_X27Y8          LUT2 (Prop_lut2_I0_O)        0.124     6.693 f  product_bank/state[3]_i_2/O
                         net (fo=7, routed)           0.354     7.046    product_bank/fault_reasons_reg[4]
    SLICE_X26Y7          LUT6 (Prop_lut6_I0_O)        0.124     7.170 f  product_bank/forward_committed_i_2/O
                         net (fo=2, routed)           0.399     7.569    output_bank/forward_committed_reg_0
    SLICE_X25Y7          LUT6 (Prop_lut6_I5_O)        0.124     7.693 f  output_bank/commit_pulse_i_2/O
                         net (fo=7, routed)           0.391     8.084    result_guard/return_occupied_reg_1
    SLICE_X24Y7          LUT5 (Prop_lut5_I0_O)        0.124     8.208 f  result_guard/fault_reasons[6]_i_2/O
                         net (fo=4, routed)           0.574     8.783    result_guard/fault_reasons[6]_i_2_n_0
    SLICE_X21Y7          LUT6 (Prop_lut6_I4_O)        0.124     8.907 r  result_guard/product_ii_reg_i_1/O
                         net (fo=8, routed)           0.454     9.360    joiner/kernel_rom/input_accept
    SLICE_X21Y5          LUT3 (Prop_lut3_I0_O)        0.124     9.484 r  joiner/kernel_rom/block_start_index[63]_i_1/O
                         net (fo=69, routed)          0.719    10.203    joiner/kernel_rom/block_exponent_1
    SLICE_X17Y4          FDRE                                         r  joiner/kernel_rom/block_start_index_reg[49]/CE
  -------------------------------------------------------------------    -------------------

                         (clock island_175 rise edge)
                                                      5.714     5.714 r  
                                                      0.000     5.714 r  fft_clk (IN)
                         net (fo=4544, unset)         0.924     6.638    joiner/kernel_rom/fft_clk
    SLICE_X17Y4          FDRE                                         r  joiner/kernel_rom/block_start_index_reg[49]/C
                         clock pessimism              0.000     6.638    
                         clock uncertainty           -0.035     6.603    
    SLICE_X17Y4          FDRE (Setup_fdre_C_CE)      -0.205     6.398    joiner/kernel_rom/block_start_index_reg[49]
  -------------------------------------------------------------------
                         required time                          6.398    
                         arrival time                         -10.203    
  -------------------------------------------------------------------
                         slack                                 -3.805    

Slack (VIOLATED) :        -3.805ns  (required time - arrival time)
  Source:                 next_inverse_reg/C
                            (rising edge-triggered cell FDRE clocked by island_175  {rise@0.000ns fall@2.857ns period=5.714ns})
  Destination:            joiner/kernel_rom/block_start_index_reg[50]/CE
                            (rising edge-triggered cell FDRE clocked by island_175  {rise@0.000ns fall@2.857ns period=5.714ns})
  Path Group:             island_175
  Path Type:              Setup (Max at Slow Process Corner)
  Requirement:            5.714ns  (island_175 rise@5.714ns - island_175 rise@0.000ns)
  Data Path Delay:        9.230ns  (logic 2.938ns (31.830%)  route 6.292ns (68.170%))
  Logic Levels:           17  (CARRY4=6 LUT2=2 LUT3=1 LUT5=1 LUT6=7)
  Clock Path Skew:        -0.049ns (DCD - SCD + CPR)
    Destination Clock Delay (DCD):    0.924ns = ( 6.638 - 5.714 ) 
    Source Clock Delay      (SCD):    0.973ns
    Clock Pessimism Removal (CPR):    0.000ns
  Clock Uncertainty:      0.035ns  ((TSJ^2 + TIJ^2)^1/2 + DJ) / 2 + PE
    Total System Jitter     (TSJ):    0.071ns
    Total Input Jitter      (TIJ):    0.000ns
    Discrete Jitter          (DJ):    0.000ns
    Phase Error              (PE):    0.000ns

    Location             Delay type                Incr(ns)  Path(ns)    Netlist Resource(s)
  -------------------------------------------------------------------    -------------------
                         (clock island_175 rise edge)
                                                      0.000     0.000 r  
                                                      0.000     0.000 r  fft_clk (IN)
                         net (fo=4544, unset)         0.973     0.973    fft_clk
    SLICE_X33Y4          FDRE                                         r  next_inverse_reg/C
  -------------------------------------------------------------------    -------------------
    SLICE_X33Y4          FDRE (Prop_fdre_C_Q)         0.456     1.429 r  next_inverse_reg/Q
                         net (fo=137, routed)         1.027     2.456    product_bank/read_valid_reg_1
    SLICE_X35Y2          LUT2 (Prop_lut2_I0_O)        0.124     2.580 r  product_bank/descriptor[4]_i_1/O
                         net (fo=3, routed)           0.687     3.268    input_guard/metadata_valid0_carry__4_0[4]
    SLICE_X34Y2          LUT6 (Prop_lut6_I2_O)        0.124     3.392 r  input_guard/metadata_valid0_carry_i_3/O
                         net (fo=1, routed)           0.000     3.392    input_guard/metadata_valid0_carry_i_3_n_0
    SLICE_X34Y2          CARRY4 (Prop_carry4_S[1]_CO[3])
                                                      0.533     3.925 r  input_guard/metadata_valid0_carry/CO[3]
                         net (fo=1, routed)           0.000     3.925    input_guard/metadata_valid0_carry_n_0
    SLICE_X34Y3          CARRY4 (Prop_carry4_CI_CO[3])
                                                      0.117     4.042 r  input_guard/metadata_valid0_carry__0/CO[3]
                         net (fo=1, routed)           0.000     4.042    input_guard/metadata_valid0_carry__0_n_0
    SLICE_X34Y4          CARRY4 (Prop_carry4_CI_CO[3])
                                                      0.117     4.159 r  input_guard/metadata_valid0_carry__1/CO[3]
                         net (fo=1, routed)           0.000     4.159    input_guard/metadata_valid0_carry__1_n_0
    SLICE_X34Y5          CARRY4 (Prop_carry4_CI_CO[3])
                                                      0.117     4.276 r  input_guard/metadata_valid0_carry__2/CO[3]
                         net (fo=1, routed)           0.000     4.276    input_guard/metadata_valid0_carry__2_n_0
    SLICE_X34Y6          CARRY4 (Prop_carry4_CI_CO[3])
                                                      0.117     4.393 r  input_guard/metadata_valid0_carry__3/CO[3]
                         net (fo=1, routed)           0.000     4.393    input_guard/metadata_valid0_carry__3_n_0
    SLICE_X34Y7          CARRY4 (Prop_carry4_CI_CO[3])
                                                      0.117     4.510 r  input_guard/metadata_valid0_carry__4/CO[3]
                         net (fo=1, routed)           0.787     5.296    input_guard/metadata_valid0
    SLICE_X28Y7          LUT6 (Prop_lut6_I3_O)        0.124     5.420 f  input_guard/fault_reasons[1]_i_3__0/O
                         net (fo=5, routed)           0.362     5.782    input_guard/fault_reasons[1]_i_3__0_n_0
    SLICE_X26Y8          LUT6 (Prop_lut6_I0_O)        0.124     5.906 f  input_guard/descriptor[69]_i_3__0/O
                         net (fo=3, routed)           0.184     6.090    product_bank/fault_reasons_reg[0]
    SLICE_X26Y8          LUT6 (Prop_lut6_I1_O)        0.124     6.214 f  product_bank/fault_reasons[0]_i_3/O
                         net (fo=3, routed)           0.354     6.569    product_bank/protocol_fault_reg
    SLICE_X27Y8          LUT2 (Prop_lut2_I0_O)        0.124     6.693 f  product_bank/state[3]_i_2/O
                         net (fo=7, routed)           0.354     7.046    product_bank/fault_reasons_reg[4]
    SLICE_X26Y7          LUT6 (Prop_lut6_I0_O)        0.124     7.170 f  product_bank/forward_committed_i_2/O
                         net (fo=2, routed)           0.399     7.569    output_bank/forward_committed_reg_0
    SLICE_X25Y7          LUT6 (Prop_lut6_I5_O)        0.124     7.693 f  output_bank/commit_pulse_i_2/O
                         net (fo=7, routed)           0.391     8.084    result_guard/return_occupied_reg_1
    SLICE_X24Y7          LUT5 (Prop_lut5_I0_O)        0.124     8.208 f  result_guard/fault_reasons[6]_i_2/O
                         net (fo=4, routed)           0.574     8.783    result_guard/fault_reasons[6]_i_2_n_0
    SLICE_X21Y7          LUT6 (Prop_lut6_I4_O)        0.124     8.907 r  result_guard/product_ii_reg_i_1/O
                         net (fo=8, routed)           0.454     9.360    joiner/kernel_rom/input_accept
    SLICE_X21Y5          LUT3 (Prop_lut3_I0_O)        0.124     9.484 r  joiner/kernel_rom/block_start_index[63]_i_1/O
                         net (fo=69, routed)          0.719    10.203    joiner/kernel_rom/block_exponent_1
    SLICE_X17Y4          FDRE                                         r  joiner/kernel_rom/block_start_index_reg[50]/CE
  -------------------------------------------------------------------    -------------------

                         (clock island_175 rise edge)
                                                      5.714     5.714 r  
                                                      0.000     5.714 r  fft_clk (IN)
                         net (fo=4544, unset)         0.924     6.638    joiner/kernel_rom/fft_clk
    SLICE_X17Y4          FDRE                                         r  joiner/kernel_rom/block_start_index_reg[50]/C
                         clock pessimism              0.000     6.638    
                         clock uncertainty           -0.035     6.603    
    SLICE_X17Y4          FDRE (Setup_fdre_C_CE)      -0.205     6.398    joiner/kernel_rom/block_start_index_reg[50]
  -------------------------------------------------------------------
                         required time                          6.398    
                         arrival time                         -10.203    
  -------------------------------------------------------------------
                         slack                                 -3.805    

Slack (VIOLATED) :        -3.805ns  (required time - arrival time)
  Source:                 next_inverse_reg/C
                            (rising edge-triggered cell FDRE clocked by island_175  {rise@0.000ns fall@2.857ns period=5.714ns})
  Destination:            joiner/kernel_rom/block_start_index_reg[51]/CE
                            (rising edge-triggered cell FDRE clocked by island_175  {rise@0.000ns fall@2.857ns period=5.714ns})
  Path Group:             island_175
  Path Type:              Setup (Max at Slow Process Corner)
  Requirement:            5.714ns  (island_175 rise@5.714ns - island_175 rise@0.000ns)
  Data Path Delay:        9.230ns  (logic 2.938ns (31.830%)  route 6.292ns (68.170%))
  Logic Levels:           17  (CARRY4=6 LUT2=2 LUT3=1 LUT5=1 LUT6=7)
  Clock Path Skew:        -0.049ns (DCD - SCD + CPR)
    Destination Clock Delay (DCD):    0.924ns = ( 6.638 - 5.714 ) 
    Source Clock Delay      (SCD):    0.973ns
    Clock Pessimism Removal (CPR):    0.000ns
  Clock Uncertainty:      0.035ns  ((TSJ^2 + TIJ^2)^1/2 + DJ) / 2 + PE
    Total System Jitter     (TSJ):    0.071ns
    Total Input Jitter      (TIJ):    0.000ns
    Discrete Jitter          (DJ):    0.000ns
    Phase Error              (PE):    0.000ns

    Location             Delay type                Incr(ns)  Path(ns)    Netlist Resource(s)
  -------------------------------------------------------------------    -------------------
                         (clock island_175 rise edge)
                                                      0.000     0.000 r  
                                                      0.000     0.000 r  fft_clk (IN)
                         net (fo=4544, unset)         0.973     0.973    fft_clk
    SLICE_X33Y4          FDRE                                         r  next_inverse_reg/C
  -------------------------------------------------------------------    -------------------
    SLICE_X33Y4          FDRE (Prop_fdre_C_Q)         0.456     1.429 r  next_inverse_reg/Q
                         net (fo=137, routed)         1.027     2.456    product_bank/read_valid_reg_1
    SLICE_X35Y2          LUT2 (Prop_lut2_I0_O)        0.124     2.580 r  product_bank/descriptor[4]_i_1/O
                         net (fo=3, routed)           0.687     3.268    input_guard/metadata_valid0_carry__4_0[4]
    SLICE_X34Y2          LUT6 (Prop_lut6_I2_O)        0.124     3.392 r  input_guard/metadata_valid0_carry_i_3/O
                         net (fo=1, routed)           0.000     3.392    input_guard/metadata_valid0_carry_i_3_n_0
    SLICE_X34Y2          CARRY4 (Prop_carry4_S[1]_CO[3])
                                                      0.533     3.925 r  input_guard/metadata_valid0_carry/CO[3]
                         net (fo=1, routed)           0.000     3.925    input_guard/metadata_valid0_carry_n_0
    SLICE_X34Y3          CARRY4 (Prop_carry4_CI_CO[3])
                                                      0.117     4.042 r  input_guard/metadata_valid0_carry__0/CO[3]
                         net (fo=1, routed)           0.000     4.042    input_guard/metadata_valid0_carry__0_n_0
    SLICE_X34Y4          CARRY4 (Prop_carry4_CI_CO[3])
                                                      0.117     4.159 r  input_guard/metadata_valid0_carry__1/CO[3]
                         net (fo=1, routed)           0.000     4.159    input_guard/metadata_valid0_carry__1_n_0
    SLICE_X34Y5          CARRY4 (Prop_carry4_CI_CO[3])
                                                      0.117     4.276 r  input_guard/metadata_valid0_carry__2/CO[3]
                         net (fo=1, routed)           0.000     4.276    input_guard/metadata_valid0_carry__2_n_0
    SLICE_X34Y6          CARRY4 (Prop_carry4_CI_CO[3])
                                                      0.117     4.393 r  input_guard/metadata_valid0_carry__3/CO[3]
                         net (fo=1, routed)           0.000     4.393    input_guard/metadata_valid0_carry__3_n_0
    SLICE_X34Y7          CARRY4 (Prop_carry4_CI_CO[3])
                                                      0.117     4.510 r  input_guard/metadata_valid0_carry__4/CO[3]
                         net (fo=1, routed)           0.787     5.296    input_guard/metadata_valid0
    SLICE_X28Y7          LUT6 (Prop_lut6_I3_O)        0.124     5.420 f  input_guard/fault_reasons[1]_i_3__0/O
                         net (fo=5, routed)           0.362     5.782    input_guard/fault_reasons[1]_i_3__0_n_0
    SLICE_X26Y8          LUT6 (Prop_lut6_I0_O)        0.124     5.906 f  input_guard/descriptor[69]_i_3__0/O
                         net (fo=3, routed)           0.184     6.090    product_bank/fault_reasons_reg[0]
    SLICE_X26Y8          LUT6 (Prop_lut6_I1_O)        0.124     6.214 f  product_bank/fault_reasons[0]_i_3/O
                         net (fo=3, routed)           0.354     6.569    product_bank/protocol_fault_reg
    SLICE_X27Y8          LUT2 (Prop_lut2_I0_O)        0.124     6.693 f  product_bank/state[3]_i_2/O
                         net (fo=7, routed)           0.354     7.046    product_bank/fault_reasons_reg[4]
    SLICE_X26Y7          LUT6 (Prop_lut6_I0_O)        0.124     7.170 f  product_bank/forward_committed_i_2/O
                         net (fo=2, routed)           0.399     7.569    output_bank/forward_committed_reg_0
    SLICE_X25Y7          LUT6 (Prop_lut6_I5_O)        0.124     7.693 f  output_bank/commit_pulse_i_2/O
                         net (fo=7, routed)           0.391     8.084    result_guard/return_occupied_reg_1
    SLICE_X24Y7          LUT5 (Prop_lut5_I0_O)        0.124     8.208 f  result_guard/fault_reasons[6]_i_2/O
                         net (fo=4, routed)           0.574     8.783    result_guard/fault_reasons[6]_i_2_n_0
    SLICE_X21Y7          LUT6 (Prop_lut6_I4_O)        0.124     8.907 r  result_guard/product_ii_reg_i_1/O
                         net (fo=8, routed)           0.454     9.360    joiner/kernel_rom/input_accept
    SLICE_X21Y5          LUT3 (Prop_lut3_I0_O)        0.124     9.484 r  joiner/kernel_rom/block_start_index[63]_i_1/O
                         net (fo=69, routed)          0.719    10.203    joiner/kernel_rom/block_exponent_1
    SLICE_X17Y4          FDRE                                         r  joiner/kernel_rom/block_start_index_reg[51]/CE
  -------------------------------------------------------------------    -------------------

                         (clock island_175 rise edge)
                                                      5.714     5.714 r  
                                                      0.000     5.714 r  fft_clk (IN)
                         net (fo=4544, unset)         0.924     6.638    joiner/kernel_rom/fft_clk
    SLICE_X17Y4          FDRE                                         r  joiner/kernel_rom/block_start_index_reg[51]/C
                         clock pessimism              0.000     6.638    
                         clock uncertainty           -0.035     6.603    
    SLICE_X17Y4          FDRE (Setup_fdre_C_CE)      -0.205     6.398    joiner/kernel_rom/block_start_index_reg[51]
  -------------------------------------------------------------------
                         required time                          6.398    
                         arrival time                         -10.203    
  -------------------------------------------------------------------
                         slack                                 -3.805    

Slack (VIOLATED) :        -3.805ns  (required time - arrival time)
  Source:                 next_inverse_reg/C
                            (rising edge-triggered cell FDRE clocked by island_175  {rise@0.000ns fall@2.857ns period=5.714ns})
  Destination:            joiner/kernel_rom/block_start_index_reg[57]/CE
                            (rising edge-triggered cell FDRE clocked by island_175  {rise@0.000ns fall@2.857ns period=5.714ns})
  Path Group:             island_175
  Path Type:              Setup (Max at Slow Process Corner)
  Requirement:            5.714ns  (island_175 rise@5.714ns - island_175 rise@0.000ns)
  Data Path Delay:        9.230ns  (logic 2.938ns (31.830%)  route 6.292ns (68.170%))
  Logic Levels:           17  (CARRY4=6 LUT2=2 LUT3=1 LUT5=1 LUT6=7)
  Clock Path Skew:        -0.049ns (DCD - SCD + CPR)
    Destination Clock Delay (DCD):    0.924ns = ( 6.638 - 5.714 ) 
    Source Clock Delay      (SCD):    0.973ns
    Clock Pessimism Removal (CPR):    0.000ns
  Clock Uncertainty:      0.035ns  ((TSJ^2 + TIJ^2)^1/2 + DJ) / 2 + PE
    Total System Jitter     (TSJ):    0.071ns
    Total Input Jitter      (TIJ):    0.000ns
    Discrete Jitter          (DJ):    0.000ns
    Phase Error              (PE):    0.000ns

    Location             Delay type                Incr(ns)  Path(ns)    Netlist Resource(s)
  -------------------------------------------------------------------    -------------------
                         (clock island_175 rise edge)
                                                      0.000     0.000 r  
                                                      0.000     0.000 r  fft_clk (IN)
                         net (fo=4544, unset)         0.973     0.973    fft_clk
    SLICE_X33Y4          FDRE                                         r  next_inverse_reg/C
  -------------------------------------------------------------------    -------------------
    SLICE_X33Y4          FDRE (Prop_fdre_C_Q)         0.456     1.429 r  next_inverse_reg/Q
                         net (fo=137, routed)         1.027     2.456    product_bank/read_valid_reg_1
    SLICE_X35Y2          LUT2 (Prop_lut2_I0_O)        0.124     2.580 r  product_bank/descriptor[4]_i_1/O
                         net (fo=3, routed)           0.687     3.268    input_guard/metadata_valid0_carry__4_0[4]
    SLICE_X34Y2          LUT6 (Prop_lut6_I2_O)        0.124     3.392 r  input_guard/metadata_valid0_carry_i_3/O
                         net (fo=1, routed)           0.000     3.392    input_guard/metadata_valid0_carry_i_3_n_0
    SLICE_X34Y2          CARRY4 (Prop_carry4_S[1]_CO[3])
                                                      0.533     3.925 r  input_guard/metadata_valid0_carry/CO[3]
                         net (fo=1, routed)           0.000     3.925    input_guard/metadata_valid0_carry_n_0
    SLICE_X34Y3          CARRY4 (Prop_carry4_CI_CO[3])
                                                      0.117     4.042 r  input_guard/metadata_valid0_carry__0/CO[3]
                         net (fo=1, routed)           0.000     4.042    input_guard/metadata_valid0_carry__0_n_0
    SLICE_X34Y4          CARRY4 (Prop_carry4_CI_CO[3])
                                                      0.117     4.159 r  input_guard/metadata_valid0_carry__1/CO[3]
                         net (fo=1, routed)           0.000     4.159    input_guard/metadata_valid0_carry__1_n_0
    SLICE_X34Y5          CARRY4 (Prop_carry4_CI_CO[3])
                                                      0.117     4.276 r  input_guard/metadata_valid0_carry__2/CO[3]
                         net (fo=1, routed)           0.000     4.276    input_guard/metadata_valid0_carry__2_n_0
    SLICE_X34Y6          CARRY4 (Prop_carry4_CI_CO[3])
                                                      0.117     4.393 r  input_guard/metadata_valid0_carry__3/CO[3]
                         net (fo=1, routed)           0.000     4.393    input_guard/metadata_valid0_carry__3_n_0
    SLICE_X34Y7          CARRY4 (Prop_carry4_CI_CO[3])
                                                      0.117     4.510 r  input_guard/metadata_valid0_carry__4/CO[3]
                         net (fo=1, routed)           0.787     5.296    input_guard/metadata_valid0
    SLICE_X28Y7          LUT6 (Prop_lut6_I3_O)        0.124     5.420 f  input_guard/fault_reasons[1]_i_3__0/O
                         net (fo=5, routed)           0.362     5.782    input_guard/fault_reasons[1]_i_3__0_n_0
    SLICE_X26Y8          LUT6 (Prop_lut6_I0_O)        0.124     5.906 f  input_guard/descriptor[69]_i_3__0/O
                         net (fo=3, routed)           0.184     6.090    product_bank/fault_reasons_reg[0]
    SLICE_X26Y8          LUT6 (Prop_lut6_I1_O)        0.124     6.214 f  product_bank/fault_reasons[0]_i_3/O
                         net (fo=3, routed)           0.354     6.569    product_bank/protocol_fault_reg
    SLICE_X27Y8          LUT2 (Prop_lut2_I0_O)        0.124     6.693 f  product_bank/state[3]_i_2/O
                         net (fo=7, routed)           0.354     7.046    product_bank/fault_reasons_reg[4]
    SLICE_X26Y7          LUT6 (Prop_lut6_I0_O)        0.124     7.170 f  product_bank/forward_committed_i_2/O
                         net (fo=2, routed)           0.399     7.569    output_bank/forward_committed_reg_0
    SLICE_X25Y7          LUT6 (Prop_lut6_I5_O)        0.124     7.693 f  output_bank/commit_pulse_i_2/O
                         net (fo=7, routed)           0.391     8.084    result_guard/return_occupied_reg_1
    SLICE_X24Y7          LUT5 (Prop_lut5_I0_O)        0.124     8.208 f  result_guard/fault_reasons[6]_i_2/O
                         net (fo=4, routed)           0.574     8.783    result_guard/fault_reasons[6]_i_2_n_0
    SLICE_X21Y7          LUT6 (Prop_lut6_I4_O)        0.124     8.907 r  result_guard/product_ii_reg_i_1/O
                         net (fo=8, routed)           0.454     9.360    joiner/kernel_rom/input_accept
    SLICE_X21Y5          LUT3 (Prop_lut3_I0_O)        0.124     9.484 r  joiner/kernel_rom/block_start_index[63]_i_1/O
                         net (fo=69, routed)          0.719    10.203    joiner/kernel_rom/block_exponent_1
    SLICE_X17Y4          FDRE                                         r  joiner/kernel_rom/block_start_index_reg[57]/CE
  -------------------------------------------------------------------    -------------------

                         (clock island_175 rise edge)
                                                      5.714     5.714 r  
                                                      0.000     5.714 r  fft_clk (IN)
                         net (fo=4544, unset)         0.924     6.638    joiner/kernel_rom/fft_clk
    SLICE_X17Y4          FDRE                                         r  joiner/kernel_rom/block_start_index_reg[57]/C
                         clock pessimism              0.000     6.638    
                         clock uncertainty           -0.035     6.603    
    SLICE_X17Y4          FDRE (Setup_fdre_C_CE)      -0.205     6.398    joiner/kernel_rom/block_start_index_reg[57]
  -------------------------------------------------------------------
                         required time                          6.398    
                         arrival time                         -10.203    
  -------------------------------------------------------------------
                         slack                                 -3.805    

Slack (VIOLATED) :        -3.805ns  (required time - arrival time)
  Source:                 next_inverse_reg/C
                            (rising edge-triggered cell FDRE clocked by island_175  {rise@0.000ns fall@2.857ns period=5.714ns})
  Destination:            joiner/kernel_rom/block_start_index_reg[58]/CE
                            (rising edge-triggered cell FDRE clocked by island_175  {rise@0.000ns fall@2.857ns period=5.714ns})
  Path Group:             island_175
  Path Type:              Setup (Max at Slow Process Corner)
  Requirement:            5.714ns  (island_175 rise@5.714ns - island_175 rise@0.000ns)
  Data Path Delay:        9.230ns  (logic 2.938ns (31.830%)  route 6.292ns (68.170%))
  Logic Levels:           17  (CARRY4=6 LUT2=2 LUT3=1 LUT5=1 LUT6=7)
  Clock Path Skew:        -0.049ns (DCD - SCD + CPR)
    Destination Clock Delay (DCD):    0.924ns = ( 6.638 - 5.714 ) 
    Source Clock Delay      (SCD):    0.973ns
    Clock Pessimism Removal (CPR):    0.000ns
  Clock Uncertainty:      0.035ns  ((TSJ^2 + TIJ^2)^1/2 + DJ) / 2 + PE
    Total System Jitter     (TSJ):    0.071ns
    Total Input Jitter      (TIJ):    0.000ns
    Discrete Jitter          (DJ):    0.000ns
    Phase Error              (PE):    0.000ns

    Location             Delay type                Incr(ns)  Path(ns)    Netlist Resource(s)
  -------------------------------------------------------------------    -------------------
                         (clock island_175 rise edge)
                                                      0.000     0.000 r  
                                                      0.000     0.000 r  fft_clk (IN)
                         net (fo=4544, unset)         0.973     0.973    fft_clk
    SLICE_X33Y4          FDRE                                         r  next_inverse_reg/C
  -------------------------------------------------------------------    -------------------
    SLICE_X33Y4          FDRE (Prop_fdre_C_Q)         0.456     1.429 r  next_inverse_reg/Q
                         net (fo=137, routed)         1.027     2.456    product_bank/read_valid_reg_1
    SLICE_X35Y2          LUT2 (Prop_lut2_I0_O)        0.124     2.580 r  product_bank/descriptor[4]_i_1/O
                         net (fo=3, routed)           0.687     3.268    input_guard/metadata_valid0_carry__4_0[4]
    SLICE_X34Y2          LUT6 (Prop_lut6_I2_O)        0.124     3.392 r  input_guard/metadata_valid0_carry_i_3/O
                         net (fo=1, routed)           0.000     3.392    input_guard/metadata_valid0_carry_i_3_n_0
    SLICE_X34Y2          CARRY4 (Prop_carry4_S[1]_CO[3])
                                                      0.533     3.925 r  input_guard/metadata_valid0_carry/CO[3]
                         net (fo=1, routed)           0.000     3.925    input_guard/metadata_valid0_carry_n_0
    SLICE_X34Y3          CARRY4 (Prop_carry4_CI_CO[3])
                                                      0.117     4.042 r  input_guard/metadata_valid0_carry__0/CO[3]
                         net (fo=1, routed)           0.000     4.042    input_guard/metadata_valid0_carry__0_n_0
    SLICE_X34Y4          CARRY4 (Prop_carry4_CI_CO[3])
                                                      0.117     4.159 r  input_guard/metadata_valid0_carry__1/CO[3]
                         net (fo=1, routed)           0.000     4.159    input_guard/metadata_valid0_carry__1_n_0
    SLICE_X34Y5          CARRY4 (Prop_carry4_CI_CO[3])
                                                      0.117     4.276 r  input_guard/metadata_valid0_carry__2/CO[3]
                         net (fo=1, routed)           0.000     4.276    input_guard/metadata_valid0_carry__2_n_0
    SLICE_X34Y6          CARRY4 (Prop_carry4_CI_CO[3])
                                                      0.117     4.393 r  input_guard/metadata_valid0_carry__3/CO[3]
                         net (fo=1, routed)           0.000     4.393    input_guard/metadata_valid0_carry__3_n_0
    SLICE_X34Y7          CARRY4 (Prop_carry4_CI_CO[3])
                                                      0.117     4.510 r  input_guard/metadata_valid0_carry__4/CO[3]
                         net (fo=1, routed)           0.787     5.296    input_guard/metadata_valid0
    SLICE_X28Y7          LUT6 (Prop_lut6_I3_O)        0.124     5.420 f  input_guard/fault_reasons[1]_i_3__0/O
                         net (fo=5, routed)           0.362     5.782    input_guard/fault_reasons[1]_i_3__0_n_0
    SLICE_X26Y8          LUT6 (Prop_lut6_I0_O)        0.124     5.906 f  input_guard/descriptor[69]_i_3__0/O
                         net (fo=3, routed)           0.184     6.090    product_bank/fault_reasons_reg[0]
    SLICE_X26Y8          LUT6 (Prop_lut6_I1_O)        0.124     6.214 f  product_bank/fault_reasons[0]_i_3/O
                         net (fo=3, routed)           0.354     6.569    product_bank/protocol_fault_reg
    SLICE_X27Y8          LUT2 (Prop_lut2_I0_O)        0.124     6.693 f  product_bank/state[3]_i_2/O
                         net (fo=7, routed)           0.354     7.046    product_bank/fault_reasons_reg[4]
    SLICE_X26Y7          LUT6 (Prop_lut6_I0_O)        0.124     7.170 f  product_bank/forward_committed_i_2/O
                         net (fo=2, routed)           0.399     7.569    output_bank/forward_committed_reg_0
    SLICE_X25Y7          LUT6 (Prop_lut6_I5_O)        0.124     7.693 f  output_bank/commit_pulse_i_2/O
                         net (fo=7, routed)           0.391     8.084    result_guard/return_occupied_reg_1
    SLICE_X24Y7          LUT5 (Prop_lut5_I0_O)        0.124     8.208 f  result_guard/fault_reasons[6]_i_2/O
                         net (fo=4, routed)           0.574     8.783    result_guard/fault_reasons[6]_i_2_n_0
    SLICE_X21Y7          LUT6 (Prop_lut6_I4_O)        0.124     8.907 r  result_guard/product_ii_reg_i_1/O
                         net (fo=8, routed)           0.454     9.360    joiner/kernel_rom/input_accept
    SLICE_X21Y5          LUT3 (Prop_lut3_I0_O)        0.124     9.484 r  joiner/kernel_rom/block_start_index[63]_i_1/O
                         net (fo=69, routed)          0.719    10.203    joiner/kernel_rom/block_exponent_1
    SLICE_X17Y4          FDRE                                         r  joiner/kernel_rom/block_start_index_reg[58]/CE
  -------------------------------------------------------------------    -------------------

                         (clock island_175 rise edge)
                                                      5.714     5.714 r  
                                                      0.000     5.714 r  fft_clk (IN)
                         net (fo=4544, unset)         0.924     6.638    joiner/kernel_rom/fft_clk
    SLICE_X17Y4          FDRE                                         r  joiner/kernel_rom/block_start_index_reg[58]/C
                         clock pessimism              0.000     6.638    
                         clock uncertainty           -0.035     6.603    
    SLICE_X17Y4          FDRE (Setup_fdre_C_CE)      -0.205     6.398    joiner/kernel_rom/block_start_index_reg[58]
  -------------------------------------------------------------------
                         required time                          6.398    
                         arrival time                         -10.203    
  -------------------------------------------------------------------
                         slack                                 -3.805    

Slack (VIOLATED) :        -3.805ns  (required time - arrival time)
  Source:                 next_inverse_reg/C
                            (rising edge-triggered cell FDRE clocked by island_175  {rise@0.000ns fall@2.857ns period=5.714ns})
  Destination:            joiner/kernel_rom/block_start_index_reg[59]/CE
                            (rising edge-triggered cell FDRE clocked by island_175  {rise@0.000ns fall@2.857ns period=5.714ns})
  Path Group:             island_175
  Path Type:              Setup (Max at Slow Process Corner)
  Requirement:            5.714ns  (island_175 rise@5.714ns - island_175 rise@0.000ns)
  Data Path Delay:        9.230ns  (logic 2.938ns (31.830%)  route 6.292ns (68.170%))
  Logic Levels:           17  (CARRY4=6 LUT2=2 LUT3=1 LUT5=1 LUT6=7)
  Clock Path Skew:        -0.049ns (DCD - SCD + CPR)
    Destination Clock Delay (DCD):    0.924ns = ( 6.638 - 5.714 ) 
    Source Clock Delay      (SCD):    0.973ns
    Clock Pessimism Removal (CPR):    0.000ns
  Clock Uncertainty:      0.035ns  ((TSJ^2 + TIJ^2)^1/2 + DJ) / 2 + PE
    Total System Jitter     (TSJ):    0.071ns
    Total Input Jitter      (TIJ):    0.000ns
    Discrete Jitter          (DJ):    0.000ns
    Phase Error              (PE):    0.000ns

    Location             Delay type                Incr(ns)  Path(ns)    Netlist Resource(s)
  -------------------------------------------------------------------    -------------------
                         (clock island_175 rise edge)
                                                      0.000     0.000 r  
                                                      0.000     0.000 r  fft_clk (IN)
                         net (fo=4544, unset)         0.973     0.973    fft_clk
    SLICE_X33Y4          FDRE                                         r  next_inverse_reg/C
  -------------------------------------------------------------------    -------------------
    SLICE_X33Y4          FDRE (Prop_fdre_C_Q)         0.456     1.429 r  next_inverse_reg/Q
                         net (fo=137, routed)         1.027     2.456    product_bank/read_valid_reg_1
    SLICE_X35Y2          LUT2 (Prop_lut2_I0_O)        0.124     2.580 r  product_bank/descriptor[4]_i_1/O
                         net (fo=3, routed)           0.687     3.268    input_guard/metadata_valid0_carry__4_0[4]
    SLICE_X34Y2          LUT6 (Prop_lut6_I2_O)        0.124     3.392 r  input_guard/metadata_valid0_carry_i_3/O
                         net (fo=1, routed)           0.000     3.392    input_guard/metadata_valid0_carry_i_3_n_0
    SLICE_X34Y2          CARRY4 (Prop_carry4_S[1]_CO[3])
                                                      0.533     3.925 r  input_guard/metadata_valid0_carry/CO[3]
                         net (fo=1, routed)           0.000     3.925    input_guard/metadata_valid0_carry_n_0
    SLICE_X34Y3          CARRY4 (Prop_carry4_CI_CO[3])
                                                      0.117     4.042 r  input_guard/metadata_valid0_carry__0/CO[3]
                         net (fo=1, routed)           0.000     4.042    input_guard/metadata_valid0_carry__0_n_0
    SLICE_X34Y4          CARRY4 (Prop_carry4_CI_CO[3])
                                                      0.117     4.159 r  input_guard/metadata_valid0_carry__1/CO[3]
                         net (fo=1, routed)           0.000     4.159    input_guard/metadata_valid0_carry__1_n_0
    SLICE_X34Y5          CARRY4 (Prop_carry4_CI_CO[3])
                                                      0.117     4.276 r  input_guard/metadata_valid0_carry__2/CO[3]
                         net (fo=1, routed)           0.000     4.276    input_guard/metadata_valid0_carry__2_n_0
    SLICE_X34Y6          CARRY4 (Prop_carry4_CI_CO[3])
                                                      0.117     4.393 r  input_guard/metadata_valid0_carry__3/CO[3]
                         net (fo=1, routed)           0.000     4.393    input_guard/metadata_valid0_carry__3_n_0
    SLICE_X34Y7          CARRY4 (Prop_carry4_CI_CO[3])
                                                      0.117     4.510 r  input_guard/metadata_valid0_carry__4/CO[3]
                         net (fo=1, routed)           0.787     5.296    input_guard/metadata_valid0
    SLICE_X28Y7          LUT6 (Prop_lut6_I3_O)        0.124     5.420 f  input_guard/fault_reasons[1]_i_3__0/O
                         net (fo=5, routed)           0.362     5.782    input_guard/fault_reasons[1]_i_3__0_n_0
    SLICE_X26Y8          LUT6 (Prop_lut6_I0_O)        0.124     5.906 f  input_guard/descriptor[69]_i_3__0/O
                         net (fo=3, routed)           0.184     6.090    product_bank/fault_reasons_reg[0]
    SLICE_X26Y8          LUT6 (Prop_lut6_I1_O)        0.124     6.214 f  product_bank/fault_reasons[0]_i_3/O
                         net (fo=3, routed)           0.354     6.569    product_bank/protocol_fault_reg
    SLICE_X27Y8          LUT2 (Prop_lut2_I0_O)        0.124     6.693 f  product_bank/state[3]_i_2/O
                         net (fo=7, routed)           0.354     7.046    product_bank/fault_reasons_reg[4]
    SLICE_X26Y7          LUT6 (Prop_lut6_I0_O)        0.124     7.170 f  product_bank/forward_committed_i_2/O
                         net (fo=2, routed)           0.399     7.569    output_bank/forward_committed_reg_0
    SLICE_X25Y7          LUT6 (Prop_lut6_I5_O)        0.124     7.693 f  output_bank/commit_pulse_i_2/O
                         net (fo=7, routed)           0.391     8.084    result_guard/return_occupied_reg_1
    SLICE_X24Y7          LUT5 (Prop_lut5_I0_O)        0.124     8.208 f  result_guard/fault_reasons[6]_i_2/O
                         net (fo=4, routed)           0.574     8.783    result_guard/fault_reasons[6]_i_2_n_0
    SLICE_X21Y7          LUT6 (Prop_lut6_I4_O)        0.124     8.907 r  result_guard/product_ii_reg_i_1/O
                         net (fo=8, routed)           0.454     9.360    joiner/kernel_rom/input_accept
    SLICE_X21Y5          LUT3 (Prop_lut3_I0_O)        0.124     9.484 r  joiner/kernel_rom/block_start_index[63]_i_1/O
                         net (fo=69, routed)          0.719    10.203    joiner/kernel_rom/block_exponent_1
    SLICE_X17Y4          FDRE                                         r  joiner/kernel_rom/block_start_index_reg[59]/CE
  -------------------------------------------------------------------    -------------------

                         (clock island_175 rise edge)
                                                      5.714     5.714 r  
                                                      0.000     5.714 r  fft_clk (IN)
                         net (fo=4544, unset)         0.924     6.638    joiner/kernel_rom/fft_clk
    SLICE_X17Y4          FDRE                                         r  joiner/kernel_rom/block_start_index_reg[59]/C
                         clock pessimism              0.000     6.638    
                         clock uncertainty           -0.035     6.603    
    SLICE_X17Y4          FDRE (Setup_fdre_C_CE)      -0.205     6.398    joiner/kernel_rom/block_start_index_reg[59]
  -------------------------------------------------------------------
                         required time                          6.398    
                         arrival time                         -10.203    
  -------------------------------------------------------------------
                         slack                                 -3.805    

Slack (VIOLATED) :        -3.805ns  (required time - arrival time)
  Source:                 next_inverse_reg/C
                            (rising edge-triggered cell FDRE clocked by island_175  {rise@0.000ns fall@2.857ns period=5.714ns})
  Destination:            joiner/kernel_rom/block_start_index_reg[8]/CE
                            (rising edge-triggered cell FDRE clocked by island_175  {rise@0.000ns fall@2.857ns period=5.714ns})
  Path Group:             island_175
  Path Type:              Setup (Max at Slow Process Corner)
  Requirement:            5.714ns  (island_175 rise@5.714ns - island_175 rise@0.000ns)
  Data Path Delay:        9.266ns  (logic 2.938ns (31.708%)  route 6.328ns (68.292%))
  Logic Levels:           17  (CARRY4=6 LUT2=2 LUT3=1 LUT5=1 LUT6=7)
  Clock Path Skew:        -0.049ns (DCD - SCD + CPR)
    Destination Clock Delay (DCD):    0.924ns = ( 6.638 - 5.714 ) 
    Source Clock Delay      (SCD):    0.973ns
    Clock Pessimism Removal (CPR):    0.000ns
  Clock Uncertainty:      0.035ns  ((TSJ^2 + TIJ^2)^1/2 + DJ) / 2 + PE
    Total System Jitter     (TSJ):    0.071ns
    Total Input Jitter      (TIJ):    0.000ns
    Discrete Jitter          (DJ):    0.000ns
    Phase Error              (PE):    0.000ns

    Location             Delay type                Incr(ns)  Path(ns)    Netlist Resource(s)
  -------------------------------------------------------------------    -------------------
                         (clock island_175 rise edge)
                                                      0.000     0.000 r  
                                                      0.000     0.000 r  fft_clk (IN)
                         net (fo=4544, unset)         0.973     0.973    fft_clk
    SLICE_X33Y4          FDRE                                         r  next_inverse_reg/C
  -------------------------------------------------------------------    -------------------
    SLICE_X33Y4          FDRE (Prop_fdre_C_Q)         0.456     1.429 r  next_inverse_reg/Q
                         net (fo=137, routed)         1.027     2.456    product_bank/read_valid_reg_1
    SLICE_X35Y2          LUT2 (Prop_lut2_I0_O)        0.124     2.580 r  product_bank/descriptor[4]_i_1/O
                         net (fo=3, routed)           0.687     3.268    input_guard/metadata_valid0_carry__4_0[4]
    SLICE_X34Y2          LUT6 (Prop_lut6_I2_O)        0.124     3.392 r  input_guard/metadata_valid0_carry_i_3/O
                         net (fo=1, routed)           0.000     3.392    input_guard/metadata_valid0_carry_i_3_n_0
    SLICE_X34Y2          CARRY4 (Prop_carry4_S[1]_CO[3])
                                                      0.533     3.925 r  input_guard/metadata_valid0_carry/CO[3]
                         net (fo=1, routed)           0.000     3.925    input_guard/metadata_valid0_carry_n_0
    SLICE_X34Y3          CARRY4 (Prop_carry4_CI_CO[3])
                                                      0.117     4.042 r  input_guard/metadata_valid0_carry__0/CO[3]
                         net (fo=1, routed)           0.000     4.042    input_guard/metadata_valid0_carry__0_n_0
    SLICE_X34Y4          CARRY4 (Prop_carry4_CI_CO[3])
                                                      0.117     4.159 r  input_guard/metadata_valid0_carry__1/CO[3]
                         net (fo=1, routed)           0.000     4.159    input_guard/metadata_valid0_carry__1_n_0
    SLICE_X34Y5          CARRY4 (Prop_carry4_CI_CO[3])
                                                      0.117     4.276 r  input_guard/metadata_valid0_carry__2/CO[3]
                         net (fo=1, routed)           0.000     4.276    input_guard/metadata_valid0_carry__2_n_0
    SLICE_X34Y6          CARRY4 (Prop_carry4_CI_CO[3])
                                                      0.117     4.393 r  input_guard/metadata_valid0_carry__3/CO[3]
                         net (fo=1, routed)           0.000     4.393    input_guard/metadata_valid0_carry__3_n_0
    SLICE_X34Y7          CARRY4 (Prop_carry4_CI_CO[3])
                                                      0.117     4.510 r  input_guard/metadata_valid0_carry__4/CO[3]
                         net (fo=1, routed)           0.787     5.296    input_guard/metadata_valid0
    SLICE_X28Y7          LUT6 (Prop_lut6_I3_O)        0.124     5.420 f  input_guard/fault_reasons[1]_i_3__0/O
                         net (fo=5, routed)           0.362     5.782    input_guard/fault_reasons[1]_i_3__0_n_0
    SLICE_X26Y8          LUT6 (Prop_lut6_I0_O)        0.124     5.906 f  input_guard/descriptor[69]_i_3__0/O
                         net (fo=3, routed)           0.184     6.090    product_bank/fault_reasons_reg[0]
    SLICE_X26Y8          LUT6 (Prop_lut6_I1_O)        0.124     6.214 f  product_bank/fault_reasons[0]_i_3/O
                         net (fo=3, routed)           0.354     6.569    product_bank/protocol_fault_reg
    SLICE_X27Y8          LUT2 (Prop_lut2_I0_O)        0.124     6.693 f  product_bank/state[3]_i_2/O
                         net (fo=7, routed)           0.354     7.046    product_bank/fault_reasons_reg[4]
    SLICE_X26Y7          LUT6 (Prop_lut6_I0_O)        0.124     7.170 f  product_bank/forward_committed_i_2/O
                         net (fo=2, routed)           0.399     7.569    output_bank/forward_committed_reg_0
    SLICE_X25Y7          LUT6 (Prop_lut6_I5_O)        0.124     7.693 f  output_bank/commit_pulse_i_2/O
                         net (fo=7, routed)           0.391     8.084    result_guard/return_occupied_reg_1
    SLICE_X24Y7          LUT5 (Prop_lut5_I0_O)        0.124     8.208 f  result_guard/fault_reasons[6]_i_2/O
                         net (fo=4, routed)           0.574     8.783    result_guard/fault_reasons[6]_i_2_n_0
    SLICE_X21Y7          LUT6 (Prop_lut6_I4_O)        0.124     8.907 r  result_guard/product_ii_reg_i_1/O
                         net (fo=8, routed)           0.454     9.360    joiner/kernel_rom/input_accept
    SLICE_X21Y5          LUT3 (Prop_lut3_I0_O)        0.124     9.484 r  joiner/kernel_rom/block_start_index[63]_i_1/O
                         net (fo=69, routed)          0.755    10.239    joiner/kernel_rom/block_exponent_1
    SLICE_X16Y9          FDRE                                         r  joiner/kernel_rom/block_start_index_reg[8]/CE
  -------------------------------------------------------------------    -------------------

                         (clock island_175 rise edge)
                                                      5.714     5.714 r  
                                                      0.000     5.714 r  fft_clk (IN)
                         net (fo=4544, unset)         0.924     6.638    joiner/kernel_rom/fft_clk
    SLICE_X16Y9          FDRE                                         r  joiner/kernel_rom/block_start_index_reg[8]/C
                         clock pessimism              0.000     6.638    
                         clock uncertainty           -0.035     6.603    
    SLICE_X16Y9          FDRE (Setup_fdre_C_CE)      -0.169     6.434    joiner/kernel_rom/block_start_index_reg[8]
  -------------------------------------------------------------------
                         required time                          6.434    
                         arrival time                         -10.239    
  -------------------------------------------------------------------
                         slack                                 -3.805    

Slack (VIOLATED) :        -3.804ns  (required time - arrival time)
  Source:                 next_inverse_reg/C
                            (rising edge-triggered cell FDRE clocked by island_175  {rise@0.000ns fall@2.857ns period=5.714ns})
  Destination:            joiner/kernel_rom/block_exponent_reg[1]/CE
                            (rising edge-triggered cell FDRE clocked by island_175  {rise@0.000ns fall@2.857ns period=5.714ns})
  Path Group:             island_175
  Path Type:              Setup (Max at Slow Process Corner)
  Requirement:            5.714ns  (island_175 rise@5.714ns - island_175 rise@0.000ns)
  Data Path Delay:        9.229ns  (logic 2.938ns (31.834%)  route 6.291ns (68.166%))
  Logic Levels:           17  (CARRY4=6 LUT2=2 LUT3=1 LUT5=1 LUT6=7)
  Clock Path Skew:        -0.049ns (DCD - SCD + CPR)
    Destination Clock Delay (DCD):    0.924ns = ( 6.638 - 5.714 ) 
    Source Clock Delay      (SCD):    0.973ns
    Clock Pessimism Removal (CPR):    0.000ns
  Clock Uncertainty:      0.035ns  ((TSJ^2 + TIJ^2)^1/2 + DJ) / 2 + PE
    Total System Jitter     (TSJ):    0.071ns
    Total Input Jitter      (TIJ):    0.000ns
    Discrete Jitter          (DJ):    0.000ns
    Phase Error              (PE):    0.000ns

    Location             Delay type                Incr(ns)  Path(ns)    Netlist Resource(s)
  -------------------------------------------------------------------    -------------------
                         (clock island_175 rise edge)
                                                      0.000     0.000 r  
                                                      0.000     0.000 r  fft_clk (IN)
                         net (fo=4544, unset)         0.973     0.973    fft_clk
    SLICE_X33Y4          FDRE                                         r  next_inverse_reg/C
  -------------------------------------------------------------------    -------------------
    SLICE_X33Y4          FDRE (Prop_fdre_C_Q)         0.456     1.429 r  next_inverse_reg/Q
                         net (fo=137, routed)         1.027     2.456    product_bank/read_valid_reg_1
    SLICE_X35Y2          LUT2 (Prop_lut2_I0_O)        0.124     2.580 r  product_bank/descriptor[4]_i_1/O
                         net (fo=3, routed)           0.687     3.268    input_guard/metadata_valid0_carry__4_0[4]
    SLICE_X34Y2          LUT6 (Prop_lut6_I2_O)        0.124     3.392 r  input_guard/metadata_valid0_carry_i_3/O
                         net (fo=1, routed)           0.000     3.392    input_guard/metadata_valid0_carry_i_3_n_0
    SLICE_X34Y2          CARRY4 (Prop_carry4_S[1]_CO[3])
                                                      0.533     3.925 r  input_guard/metadata_valid0_carry/CO[3]
                         net (fo=1, routed)           0.000     3.925    input_guard/metadata_valid0_carry_n_0
    SLICE_X34Y3          CARRY4 (Prop_carry4_CI_CO[3])
                                                      0.117     4.042 r  input_guard/metadata_valid0_carry__0/CO[3]
                         net (fo=1, routed)           0.000     4.042    input_guard/metadata_valid0_carry__0_n_0
    SLICE_X34Y4          CARRY4 (Prop_carry4_CI_CO[3])
                                                      0.117     4.159 r  input_guard/metadata_valid0_carry__1/CO[3]
                         net (fo=1, routed)           0.000     4.159    input_guard/metadata_valid0_carry__1_n_0
    SLICE_X34Y5          CARRY4 (Prop_carry4_CI_CO[3])
                                                      0.117     4.276 r  input_guard/metadata_valid0_carry__2/CO[3]
                         net (fo=1, routed)           0.000     4.276    input_guard/metadata_valid0_carry__2_n_0
    SLICE_X34Y6          CARRY4 (Prop_carry4_CI_CO[3])
                                                      0.117     4.393 r  input_guard/metadata_valid0_carry__3/CO[3]
                         net (fo=1, routed)           0.000     4.393    input_guard/metadata_valid0_carry__3_n_0
    SLICE_X34Y7          CARRY4 (Prop_carry4_CI_CO[3])
                                                      0.117     4.510 r  input_guard/metadata_valid0_carry__4/CO[3]
                         net (fo=1, routed)           0.787     5.296    input_guard/metadata_valid0
    SLICE_X28Y7          LUT6 (Prop_lut6_I3_O)        0.124     5.420 f  input_guard/fault_reasons[1]_i_3__0/O
                         net (fo=5, routed)           0.362     5.782    input_guard/fault_reasons[1]_i_3__0_n_0
    SLICE_X26Y8          LUT6 (Prop_lut6_I0_O)        0.124     5.906 f  input_guard/descriptor[69]_i_3__0/O
                         net (fo=3, routed)           0.184     6.090    product_bank/fault_reasons_reg[0]
    SLICE_X26Y8          LUT6 (Prop_lut6_I1_O)        0.124     6.214 f  product_bank/fault_reasons[0]_i_3/O
                         net (fo=3, routed)           0.354     6.569    product_bank/protocol_fault_reg
    SLICE_X27Y8          LUT2 (Prop_lut2_I0_O)        0.124     6.693 f  product_bank/state[3]_i_2/O
                         net (fo=7, routed)           0.354     7.046    product_bank/fault_reasons_reg[4]
    SLICE_X26Y7          LUT6 (Prop_lut6_I0_O)        0.124     7.170 f  product_bank/forward_committed_i_2/O
                         net (fo=2, routed)           0.399     7.569    output_bank/forward_committed_reg_0
    SLICE_X25Y7          LUT6 (Prop_lut6_I5_O)        0.124     7.693 f  output_bank/commit_pulse_i_2/O
                         net (fo=7, routed)           0.391     8.084    result_guard/return_occupied_reg_1
    SLICE_X24Y7          LUT5 (Prop_lut5_I0_O)        0.124     8.208 f  result_guard/fault_reasons[6]_i_2/O
                         net (fo=4, routed)           0.574     8.783    result_guard/fault_reasons[6]_i_2_n_0
    SLICE_X21Y7          LUT6 (Prop_lut6_I4_O)        0.124     8.907 r  result_guard/product_ii_reg_i_1/O
                         net (fo=8, routed)           0.454     9.360    joiner/kernel_rom/input_accept
    SLICE_X21Y5          LUT3 (Prop_lut3_I0_O)        0.124     9.484 r  joiner/kernel_rom/block_start_index[63]_i_1/O
                         net (fo=69, routed)          0.718    10.202    joiner/kernel_rom/block_exponent_1
    SLICE_X19Y2          FDRE                                         r  joiner/kernel_rom/block_exponent_reg[1]/CE
  -------------------------------------------------------------------    -------------------

                         (clock island_175 rise edge)
                                                      5.714     5.714 r  
                                                      0.000     5.714 r  fft_clk (IN)
                         net (fo=4544, unset)         0.924     6.638    joiner/kernel_rom/fft_clk
    SLICE_X19Y2          FDRE                                         r  joiner/kernel_rom/block_exponent_reg[1]/C
                         clock pessimism              0.000     6.638    
                         clock uncertainty           -0.035     6.603    
    SLICE_X19Y2          FDRE (Setup_fdre_C_CE)      -0.205     6.398    joiner/kernel_rom/block_exponent_reg[1]
  -------------------------------------------------------------------
                         required time                          6.398    
                         arrival time                         -10.202    
  -------------------------------------------------------------------
                         slack                                 -3.804    




