Copyright 1986-2022 Xilinx, Inc. All Rights Reserved.
-----------------------------------------------------------------------------------------------------------------------------------------------------------------------------------------
| Tool Version : Vivado v.2022.2 (lin64) Build 3671981 Fri Oct 14 04:59:54 MDT 2022
| Date         : Thu Sep 10 00:57:53 2026
| Host         : gauss running 64-bit Ubuntu 26.04 LTS
| Command      : report_timing -from [get_clocks island_175] -to [get_clocks island_175] -delay_type max -max_paths 20 -file /tmp/starlink-bank-route.I50MDJ/route-v2/island_175_max.rpt
| Design       : starlink_pss_fft_bank_owned_slice
| Device       : 7z010-clg400
| Speed File   : -1  PRODUCTION 1.12 2019-11-22
-----------------------------------------------------------------------------------------------------------------------------------------------------------------------------------------

Timing Report

Slack (VIOLATED) :        -2.557ns  (required time - arrival time)
  Source:                 product_bank/metadata_out_hold_reg[3]/C
                            (rising edge-triggered cell FDRE clocked by island_175  {rise@0.000ns fall@2.857ns period=5.714ns})
  Destination:            joiner/kernel_rom/output_kernel_word_reg/ENARDEN
                            (rising edge-triggered cell RAMB18E1 clocked by island_175  {rise@0.000ns fall@2.857ns period=5.714ns})
  Path Group:             island_175
  Path Type:              Setup (Max at Slow Process Corner)
  Requirement:            5.714ns  (island_175 rise@5.714ns - island_175 rise@0.000ns)
  Data Path Delay:        7.744ns  (logic 2.444ns (31.562%)  route 5.300ns (68.438%))
  Logic Levels:           13  (CARRY4=6 LUT2=1 LUT4=1 LUT6=5)
  Clock Path Skew:        -0.049ns (DCD - SCD + CPR)
    Destination Clock Delay (DCD):    0.924ns = ( 6.638 - 5.714 ) 
    Source Clock Delay      (SCD):    0.973ns
    Clock Pessimism Removal (CPR):    0.000ns
  Clock Uncertainty:      0.035ns  ((TSJ^2 + TIJ^2)^1/2 + DJ) / 2 + PE
    Total System Jitter     (TSJ):    0.071ns
    Total Input Jitter      (TIJ):    0.000ns
    Discrete Jitter          (DJ):    0.000ns
    Phase Error              (PE):    0.000ns

    Location             Delay type                Incr(ns)  Path(ns)    Netlist Resource(s)
  -------------------------------------------------------------------    -------------------
                         (clock island_175 rise edge)
                                                      0.000     0.000 r  
                                                      0.000     0.000 r  fft_clk (IN)
                         net (fo=4594, unset)         0.973     0.973    product_bank/fft_clk
    SLICE_X26Y2          FDRE                                         r  product_bank/metadata_out_hold_reg[3]/C
  -------------------------------------------------------------------    -------------------
    SLICE_X26Y2          FDRE (Prop_fdre_C_Q)         0.456     1.429 r  product_bank/metadata_out_hold_reg[3]/Q
                         net (fo=2, routed)           0.796     2.225    product_bank/product_bank_metadata[3]
    SLICE_X24Y4          LUT2 (Prop_lut2_I1_O)        0.124     2.349 r  product_bank/descriptor[3]_i_1/O
                         net (fo=3, routed)           0.885     3.234    input_guard/metadata_valid0_carry__4_0[3]
    SLICE_X26Y3          LUT6 (Prop_lut6_I3_O)        0.124     3.358 r  input_guard/metadata_valid0_carry_i_3/O
                         net (fo=1, routed)           0.000     3.358    input_guard/metadata_valid0_carry_i_3_n_0
    SLICE_X26Y3          CARRY4 (Prop_carry4_S[1]_CO[3])
                                                      0.550     3.908 r  input_guard/metadata_valid0_carry/CO[3]
                         net (fo=1, routed)           0.000     3.908    input_guard/metadata_valid0_carry_n_0
    SLICE_X26Y4          CARRY4 (Prop_carry4_CI_CO[3])
                                                      0.114     4.022 r  input_guard/metadata_valid0_carry__0/CO[3]
                         net (fo=1, routed)           0.000     4.022    input_guard/metadata_valid0_carry__0_n_0
    SLICE_X26Y5          CARRY4 (Prop_carry4_CI_CO[3])
                                                      0.114     4.136 r  input_guard/metadata_valid0_carry__1/CO[3]
                         net (fo=1, routed)           0.000     4.136    input_guard/metadata_valid0_carry__1_n_0
    SLICE_X26Y6          CARRY4 (Prop_carry4_CI_CO[3])
                                                      0.114     4.250 r  input_guard/metadata_valid0_carry__2/CO[3]
                         net (fo=1, routed)           0.000     4.250    input_guard/metadata_valid0_carry__2_n_0
    SLICE_X26Y7          CARRY4 (Prop_carry4_CI_CO[3])
                                                      0.114     4.364 r  input_guard/metadata_valid0_carry__3/CO[3]
                         net (fo=1, routed)           0.000     4.364    input_guard/metadata_valid0_carry__3_n_0
    SLICE_X26Y8          CARRY4 (Prop_carry4_CI_CO[3])
                                                      0.114     4.478 r  input_guard/metadata_valid0_carry__4/CO[3]
                         net (fo=2, routed)           1.035     5.513    input_guard/metadata_valid0
    SLICE_X20Y6          LUT6 (Prop_lut6_I3_O)        0.124     5.637 f  input_guard/descriptor[69]_i_3_comp/O
                         net (fo=8, routed)           0.185     5.822    product_bank/request_toggle_reg_0
    SLICE_X20Y6          LUT6 (Prop_lut6_I2_O)        0.124     5.946 r  product_bank/state[3]_i_2_comp/O
                         net (fo=11, routed)          0.527     6.473    result_guard/state_reg[3]_0
    SLICE_X19Y5          LUT6 (Prop_lut6_I3_O)        0.124     6.597 f  result_guard/product_ii_reg_i_3_comp_2/O
                         net (fo=1, routed)           0.629     7.226    result_guard/product_ii_reg_i_3_n_0
    SLICE_X17Y5          LUT6 (Prop_lut6_I1_O)        0.124     7.350 r  result_guard/product_ii_reg_i_1/O
                         net (fo=11, routed)          0.880     8.231    result_guard/input_accept
    SLICE_X8Y2           LUT4 (Prop_lut4_I2_O)        0.124     8.355 r  result_guard/output_kernel_word_reg_i_1/O
                         net (fo=2, routed)           0.362     8.717    joiner/kernel_rom/output_kernel_word_reg_1
    RAMB18_X0Y0          RAMB18E1                                     r  joiner/kernel_rom/output_kernel_word_reg/ENARDEN
  -------------------------------------------------------------------    -------------------

                         (clock island_175 rise edge)
                                                      5.714     5.714 r  
                                                      0.000     5.714 r  fft_clk (IN)
                         net (fo=4594, unset)         0.924     6.638    joiner/kernel_rom/fft_clk
    RAMB18_X0Y0          RAMB18E1                                     r  joiner/kernel_rom/output_kernel_word_reg/CLKARDCLK
                         clock pessimism              0.000     6.638    
                         clock uncertainty           -0.035     6.603    
    RAMB18_X0Y0          RAMB18E1 (Setup_ramb18e1_CLKARDCLK_ENARDEN)
                                                     -0.443     6.160    joiner/kernel_rom/output_kernel_word_reg
  -------------------------------------------------------------------
                         required time                          6.160    
                         arrival time                          -8.717    
  -------------------------------------------------------------------
                         slack                                 -2.557    

Slack (VIOLATED) :        -2.557ns  (required time - arrival time)
  Source:                 product_bank/metadata_out_hold_reg[3]/C
                            (rising edge-triggered cell FDRE clocked by island_175  {rise@0.000ns fall@2.857ns period=5.714ns})
  Destination:            joiner/kernel_rom/output_kernel_word_reg/ENBWREN
                            (rising edge-triggered cell RAMB18E1 clocked by island_175  {rise@0.000ns fall@2.857ns period=5.714ns})
  Path Group:             island_175
  Path Type:              Setup (Max at Slow Process Corner)
  Requirement:            5.714ns  (island_175 rise@5.714ns - island_175 rise@0.000ns)
  Data Path Delay:        7.744ns  (logic 2.444ns (31.562%)  route 5.300ns (68.438%))
  Logic Levels:           13  (CARRY4=6 LUT2=1 LUT4=1 LUT6=5)
  Clock Path Skew:        -0.049ns (DCD - SCD + CPR)
    Destination Clock Delay (DCD):    0.924ns = ( 6.638 - 5.714 ) 
    Source Clock Delay      (SCD):    0.973ns
    Clock Pessimism Removal (CPR):    0.000ns
  Clock Uncertainty:      0.035ns  ((TSJ^2 + TIJ^2)^1/2 + DJ) / 2 + PE
    Total System Jitter     (TSJ):    0.071ns
    Total Input Jitter      (TIJ):    0.000ns
    Discrete Jitter          (DJ):    0.000ns
    Phase Error              (PE):    0.000ns

    Location             Delay type                Incr(ns)  Path(ns)    Netlist Resource(s)
  -------------------------------------------------------------------    -------------------
                         (clock island_175 rise edge)
                                                      0.000     0.000 r  
                                                      0.000     0.000 r  fft_clk (IN)
                         net (fo=4594, unset)         0.973     0.973    product_bank/fft_clk
    SLICE_X26Y2          FDRE                                         r  product_bank/metadata_out_hold_reg[3]/C
  -------------------------------------------------------------------    -------------------
    SLICE_X26Y2          FDRE (Prop_fdre_C_Q)         0.456     1.429 r  product_bank/metadata_out_hold_reg[3]/Q
                         net (fo=2, routed)           0.796     2.225    product_bank/product_bank_metadata[3]
    SLICE_X24Y4          LUT2 (Prop_lut2_I1_O)        0.124     2.349 r  product_bank/descriptor[3]_i_1/O
                         net (fo=3, routed)           0.885     3.234    input_guard/metadata_valid0_carry__4_0[3]
    SLICE_X26Y3          LUT6 (Prop_lut6_I3_O)        0.124     3.358 r  input_guard/metadata_valid0_carry_i_3/O
                         net (fo=1, routed)           0.000     3.358    input_guard/metadata_valid0_carry_i_3_n_0
    SLICE_X26Y3          CARRY4 (Prop_carry4_S[1]_CO[3])
                                                      0.550     3.908 r  input_guard/metadata_valid0_carry/CO[3]
                         net (fo=1, routed)           0.000     3.908    input_guard/metadata_valid0_carry_n_0
    SLICE_X26Y4          CARRY4 (Prop_carry4_CI_CO[3])
                                                      0.114     4.022 r  input_guard/metadata_valid0_carry__0/CO[3]
                         net (fo=1, routed)           0.000     4.022    input_guard/metadata_valid0_carry__0_n_0
    SLICE_X26Y5          CARRY4 (Prop_carry4_CI_CO[3])
                                                      0.114     4.136 r  input_guard/metadata_valid0_carry__1/CO[3]
                         net (fo=1, routed)           0.000     4.136    input_guard/metadata_valid0_carry__1_n_0
    SLICE_X26Y6          CARRY4 (Prop_carry4_CI_CO[3])
                                                      0.114     4.250 r  input_guard/metadata_valid0_carry__2/CO[3]
                         net (fo=1, routed)           0.000     4.250    input_guard/metadata_valid0_carry__2_n_0
    SLICE_X26Y7          CARRY4 (Prop_carry4_CI_CO[3])
                                                      0.114     4.364 r  input_guard/metadata_valid0_carry__3/CO[3]
                         net (fo=1, routed)           0.000     4.364    input_guard/metadata_valid0_carry__3_n_0
    SLICE_X26Y8          CARRY4 (Prop_carry4_CI_CO[3])
                                                      0.114     4.478 r  input_guard/metadata_valid0_carry__4/CO[3]
                         net (fo=2, routed)           1.035     5.513    input_guard/metadata_valid0
    SLICE_X20Y6          LUT6 (Prop_lut6_I3_O)        0.124     5.637 f  input_guard/descriptor[69]_i_3_comp/O
                         net (fo=8, routed)           0.185     5.822    product_bank/request_toggle_reg_0
    SLICE_X20Y6          LUT6 (Prop_lut6_I2_O)        0.124     5.946 r  product_bank/state[3]_i_2_comp/O
                         net (fo=11, routed)          0.527     6.473    result_guard/state_reg[3]_0
    SLICE_X19Y5          LUT6 (Prop_lut6_I3_O)        0.124     6.597 f  result_guard/product_ii_reg_i_3_comp_2/O
                         net (fo=1, routed)           0.629     7.226    result_guard/product_ii_reg_i_3_n_0
    SLICE_X17Y5          LUT6 (Prop_lut6_I1_O)        0.124     7.350 r  result_guard/product_ii_reg_i_1/O
                         net (fo=11, routed)          0.880     8.231    result_guard/input_accept
    SLICE_X8Y2           LUT4 (Prop_lut4_I2_O)        0.124     8.355 r  result_guard/output_kernel_word_reg_i_1/O
                         net (fo=2, routed)           0.362     8.717    joiner/kernel_rom/output_kernel_word_reg_1
    RAMB18_X0Y0          RAMB18E1                                     r  joiner/kernel_rom/output_kernel_word_reg/ENBWREN
  -------------------------------------------------------------------    -------------------

                         (clock island_175 rise edge)
                                                      5.714     5.714 r  
                                                      0.000     5.714 r  fft_clk (IN)
                         net (fo=4594, unset)         0.924     6.638    joiner/kernel_rom/fft_clk
    RAMB18_X0Y0          RAMB18E1                                     r  joiner/kernel_rom/output_kernel_word_reg/CLKBWRCLK
                         clock pessimism              0.000     6.638    
                         clock uncertainty           -0.035     6.603    
    RAMB18_X0Y0          RAMB18E1 (Setup_ramb18e1_CLKBWRCLK_ENBWREN)
                                                     -0.443     6.160    joiner/kernel_rom/output_kernel_word_reg
  -------------------------------------------------------------------
                         required time                          6.160    
                         arrival time                          -8.717    
  -------------------------------------------------------------------
                         slack                                 -2.557    

Slack (VIOLATED) :        -2.397ns  (required time - arrival time)
  Source:                 product_bank/metadata_out_hold_reg[3]/C
                            (rising edge-triggered cell FDRE clocked by island_175  {rise@0.000ns fall@2.857ns period=5.714ns})
  Destination:            joiner/kernel_rom/output_bin_index_reg[2]/CE
                            (rising edge-triggered cell FDRE clocked by island_175  {rise@0.000ns fall@2.857ns period=5.714ns})
  Path Group:             island_175
  Path Type:              Setup (Max at Slow Process Corner)
  Requirement:            5.714ns  (island_175 rise@5.714ns - island_175 rise@0.000ns)
  Data Path Delay:        7.822ns  (logic 2.444ns (31.245%)  route 5.378ns (68.755%))
  Logic Levels:           13  (CARRY4=6 LUT2=2 LUT6=5)
  Clock Path Skew:        -0.049ns (DCD - SCD + CPR)
    Destination Clock Delay (DCD):    0.924ns = ( 6.638 - 5.714 ) 
    Source Clock Delay      (SCD):    0.973ns
    Clock Pessimism Removal (CPR):    0.000ns
  Clock Uncertainty:      0.035ns  ((TSJ^2 + TIJ^2)^1/2 + DJ) / 2 + PE
    Total System Jitter     (TSJ):    0.071ns
    Total Input Jitter      (TIJ):    0.000ns
    Discrete Jitter          (DJ):    0.000ns
    Phase Error              (PE):    0.000ns

    Location             Delay type                Incr(ns)  Path(ns)    Netlist Resource(s)
  -------------------------------------------------------------------    -------------------
                         (clock island_175 rise edge)
                                                      0.000     0.000 r  
                                                      0.000     0.000 r  fft_clk (IN)
                         net (fo=4594, unset)         0.973     0.973    product_bank/fft_clk
    SLICE_X26Y2          FDRE                                         r  product_bank/metadata_out_hold_reg[3]/C
  -------------------------------------------------------------------    -------------------
    SLICE_X26Y2          FDRE (Prop_fdre_C_Q)         0.456     1.429 r  product_bank/metadata_out_hold_reg[3]/Q
                         net (fo=2, routed)           0.796     2.225    product_bank/product_bank_metadata[3]
    SLICE_X24Y4          LUT2 (Prop_lut2_I1_O)        0.124     2.349 r  product_bank/descriptor[3]_i_1/O
                         net (fo=3, routed)           0.885     3.234    input_guard/metadata_valid0_carry__4_0[3]
    SLICE_X26Y3          LUT6 (Prop_lut6_I3_O)        0.124     3.358 r  input_guard/metadata_valid0_carry_i_3/O
                         net (fo=1, routed)           0.000     3.358    input_guard/metadata_valid0_carry_i_3_n_0
    SLICE_X26Y3          CARRY4 (Prop_carry4_S[1]_CO[3])
                                                      0.550     3.908 r  input_guard/metadata_valid0_carry/CO[3]
                         net (fo=1, routed)           0.000     3.908    input_guard/metadata_valid0_carry_n_0
    SLICE_X26Y4          CARRY4 (Prop_carry4_CI_CO[3])
                                                      0.114     4.022 r  input_guard/metadata_valid0_carry__0/CO[3]
                         net (fo=1, routed)           0.000     4.022    input_guard/metadata_valid0_carry__0_n_0
    SLICE_X26Y5          CARRY4 (Prop_carry4_CI_CO[3])
                                                      0.114     4.136 r  input_guard/metadata_valid0_carry__1/CO[3]
                         net (fo=1, routed)           0.000     4.136    input_guard/metadata_valid0_carry__1_n_0
    SLICE_X26Y6          CARRY4 (Prop_carry4_CI_CO[3])
                                                      0.114     4.250 r  input_guard/metadata_valid0_carry__2/CO[3]
                         net (fo=1, routed)           0.000     4.250    input_guard/metadata_valid0_carry__2_n_0
    SLICE_X26Y7          CARRY4 (Prop_carry4_CI_CO[3])
                                                      0.114     4.364 r  input_guard/metadata_valid0_carry__3/CO[3]
                         net (fo=1, routed)           0.000     4.364    input_guard/metadata_valid0_carry__3_n_0
    SLICE_X26Y8          CARRY4 (Prop_carry4_CI_CO[3])
                                                      0.114     4.478 r  input_guard/metadata_valid0_carry__4/CO[3]
                         net (fo=2, routed)           1.035     5.513    input_guard/metadata_valid0
    SLICE_X20Y6          LUT6 (Prop_lut6_I3_O)        0.124     5.637 f  input_guard/descriptor[69]_i_3_comp/O
                         net (fo=8, routed)           0.185     5.822    product_bank/request_toggle_reg_0
    SLICE_X20Y6          LUT6 (Prop_lut6_I2_O)        0.124     5.946 r  product_bank/state[3]_i_2_comp/O
                         net (fo=11, routed)          0.527     6.473    result_guard/state_reg[3]_0
    SLICE_X19Y5          LUT6 (Prop_lut6_I3_O)        0.124     6.597 f  result_guard/product_ii_reg_i_3_comp_2/O
                         net (fo=1, routed)           0.629     7.226    result_guard/product_ii_reg_i_3_n_0
    SLICE_X17Y5          LUT6 (Prop_lut6_I1_O)        0.124     7.350 r  result_guard/product_ii_reg_i_1/O
                         net (fo=11, routed)          0.475     7.825    result_guard/input_accept
    SLICE_X19Y4          LUT2 (Prop_lut2_I0_O)        0.124     7.949 r  result_guard/expected_bin_index[8]_i_1/O
                         net (fo=88, routed)          0.846     8.795    joiner/kernel_rom/E[0]
    SLICE_X13Y5          FDRE                                         r  joiner/kernel_rom/output_bin_index_reg[2]/CE
  -------------------------------------------------------------------    -------------------

                         (clock island_175 rise edge)
                                                      5.714     5.714 r  
                                                      0.000     5.714 r  fft_clk (IN)
                         net (fo=4594, unset)         0.924     6.638    joiner/kernel_rom/fft_clk
    SLICE_X13Y5          FDRE                                         r  joiner/kernel_rom/output_bin_index_reg[2]/C
                         clock pessimism              0.000     6.638    
                         clock uncertainty           -0.035     6.603    
    SLICE_X13Y5          FDRE (Setup_fdre_C_CE)      -0.205     6.398    joiner/kernel_rom/output_bin_index_reg[2]
  -------------------------------------------------------------------
                         required time                          6.398    
                         arrival time                          -8.795    
  -------------------------------------------------------------------
                         slack                                 -2.397    

Slack (VIOLATED) :        -2.397ns  (required time - arrival time)
  Source:                 product_bank/metadata_out_hold_reg[3]/C
                            (rising edge-triggered cell FDRE clocked by island_175  {rise@0.000ns fall@2.857ns period=5.714ns})
  Destination:            joiner/kernel_rom/output_bin_index_reg[6]/CE
                            (rising edge-triggered cell FDRE clocked by island_175  {rise@0.000ns fall@2.857ns period=5.714ns})
  Path Group:             island_175
  Path Type:              Setup (Max at Slow Process Corner)
  Requirement:            5.714ns  (island_175 rise@5.714ns - island_175 rise@0.000ns)
  Data Path Delay:        7.822ns  (logic 2.444ns (31.245%)  route 5.378ns (68.755%))
  Logic Levels:           13  (CARRY4=6 LUT2=2 LUT6=5)
  Clock Path Skew:        -0.049ns (DCD - SCD + CPR)
    Destination Clock Delay (DCD):    0.924ns = ( 6.638 - 5.714 ) 
    Source Clock Delay      (SCD):    0.973ns
    Clock Pessimism Removal (CPR):    0.000ns
  Clock Uncertainty:      0.035ns  ((TSJ^2 + TIJ^2)^1/2 + DJ) / 2 + PE
    Total System Jitter     (TSJ):    0.071ns
    Total Input Jitter      (TIJ):    0.000ns
    Discrete Jitter          (DJ):    0.000ns
    Phase Error              (PE):    0.000ns

    Location             Delay type                Incr(ns)  Path(ns)    Netlist Resource(s)
  -------------------------------------------------------------------    -------------------
                         (clock island_175 rise edge)
                                                      0.000     0.000 r  
                                                      0.000     0.000 r  fft_clk (IN)
                         net (fo=4594, unset)         0.973     0.973    product_bank/fft_clk
    SLICE_X26Y2          FDRE                                         r  product_bank/metadata_out_hold_reg[3]/C
  -------------------------------------------------------------------    -------------------
    SLICE_X26Y2          FDRE (Prop_fdre_C_Q)         0.456     1.429 r  product_bank/metadata_out_hold_reg[3]/Q
                         net (fo=2, routed)           0.796     2.225    product_bank/product_bank_metadata[3]
    SLICE_X24Y4          LUT2 (Prop_lut2_I1_O)        0.124     2.349 r  product_bank/descriptor[3]_i_1/O
                         net (fo=3, routed)           0.885     3.234    input_guard/metadata_valid0_carry__4_0[3]
    SLICE_X26Y3          LUT6 (Prop_lut6_I3_O)        0.124     3.358 r  input_guard/metadata_valid0_carry_i_3/O
                         net (fo=1, routed)           0.000     3.358    input_guard/metadata_valid0_carry_i_3_n_0
    SLICE_X26Y3          CARRY4 (Prop_carry4_S[1]_CO[3])
                                                      0.550     3.908 r  input_guard/metadata_valid0_carry/CO[3]
                         net (fo=1, routed)           0.000     3.908    input_guard/metadata_valid0_carry_n_0
    SLICE_X26Y4          CARRY4 (Prop_carry4_CI_CO[3])
                                                      0.114     4.022 r  input_guard/metadata_valid0_carry__0/CO[3]
                         net (fo=1, routed)           0.000     4.022    input_guard/metadata_valid0_carry__0_n_0
    SLICE_X26Y5          CARRY4 (Prop_carry4_CI_CO[3])
                                                      0.114     4.136 r  input_guard/metadata_valid0_carry__1/CO[3]
                         net (fo=1, routed)           0.000     4.136    input_guard/metadata_valid0_carry__1_n_0
    SLICE_X26Y6          CARRY4 (Prop_carry4_CI_CO[3])
                                                      0.114     4.250 r  input_guard/metadata_valid0_carry__2/CO[3]
                         net (fo=1, routed)           0.000     4.250    input_guard/metadata_valid0_carry__2_n_0
    SLICE_X26Y7          CARRY4 (Prop_carry4_CI_CO[3])
                                                      0.114     4.364 r  input_guard/metadata_valid0_carry__3/CO[3]
                         net (fo=1, routed)           0.000     4.364    input_guard/metadata_valid0_carry__3_n_0
    SLICE_X26Y8          CARRY4 (Prop_carry4_CI_CO[3])
                                                      0.114     4.478 r  input_guard/metadata_valid0_carry__4/CO[3]
                         net (fo=2, routed)           1.035     5.513    input_guard/metadata_valid0
    SLICE_X20Y6          LUT6 (Prop_lut6_I3_O)        0.124     5.637 f  input_guard/descriptor[69]_i_3_comp/O
                         net (fo=8, routed)           0.185     5.822    product_bank/request_toggle_reg_0
    SLICE_X20Y6          LUT6 (Prop_lut6_I2_O)        0.124     5.946 r  product_bank/state[3]_i_2_comp/O
                         net (fo=11, routed)          0.527     6.473    result_guard/state_reg[3]_0
    SLICE_X19Y5          LUT6 (Prop_lut6_I3_O)        0.124     6.597 f  result_guard/product_ii_reg_i_3_comp_2/O
                         net (fo=1, routed)           0.629     7.226    result_guard/product_ii_reg_i_3_n_0
    SLICE_X17Y5          LUT6 (Prop_lut6_I1_O)        0.124     7.350 r  result_guard/product_ii_reg_i_1/O
                         net (fo=11, routed)          0.475     7.825    result_guard/input_accept
    SLICE_X19Y4          LUT2 (Prop_lut2_I0_O)        0.124     7.949 r  result_guard/expected_bin_index[8]_i_1/O
                         net (fo=88, routed)          0.846     8.795    joiner/kernel_rom/E[0]
    SLICE_X13Y5          FDRE                                         r  joiner/kernel_rom/output_bin_index_reg[6]/CE
  -------------------------------------------------------------------    -------------------

                         (clock island_175 rise edge)
                                                      5.714     5.714 r  
                                                      0.000     5.714 r  fft_clk (IN)
                         net (fo=4594, unset)         0.924     6.638    joiner/kernel_rom/fft_clk
    SLICE_X13Y5          FDRE                                         r  joiner/kernel_rom/output_bin_index_reg[6]/C
                         clock pessimism              0.000     6.638    
                         clock uncertainty           -0.035     6.603    
    SLICE_X13Y5          FDRE (Setup_fdre_C_CE)      -0.205     6.398    joiner/kernel_rom/output_bin_index_reg[6]
  -------------------------------------------------------------------
                         required time                          6.398    
                         arrival time                          -8.795    
  -------------------------------------------------------------------
                         slack                                 -2.397    

Slack (VIOLATED) :        -2.397ns  (required time - arrival time)
  Source:                 product_bank/metadata_out_hold_reg[3]/C
                            (rising edge-triggered cell FDRE clocked by island_175  {rise@0.000ns fall@2.857ns period=5.714ns})
  Destination:            joiner/kernel_rom/output_block_start_index_reg[16]/CE
                            (rising edge-triggered cell FDRE clocked by island_175  {rise@0.000ns fall@2.857ns period=5.714ns})
  Path Group:             island_175
  Path Type:              Setup (Max at Slow Process Corner)
  Requirement:            5.714ns  (island_175 rise@5.714ns - island_175 rise@0.000ns)
  Data Path Delay:        7.822ns  (logic 2.444ns (31.245%)  route 5.378ns (68.755%))
  Logic Levels:           13  (CARRY4=6 LUT2=2 LUT6=5)
  Clock Path Skew:        -0.049ns (DCD - SCD + CPR)
    Destination Clock Delay (DCD):    0.924ns = ( 6.638 - 5.714 ) 
    Source Clock Delay      (SCD):    0.973ns
    Clock Pessimism Removal (CPR):    0.000ns
  Clock Uncertainty:      0.035ns  ((TSJ^2 + TIJ^2)^1/2 + DJ) / 2 + PE
    Total System Jitter     (TSJ):    0.071ns
    Total Input Jitter      (TIJ):    0.000ns
    Discrete Jitter          (DJ):    0.000ns
    Phase Error              (PE):    0.000ns

    Location             Delay type                Incr(ns)  Path(ns)    Netlist Resource(s)
  -------------------------------------------------------------------    -------------------
                         (clock island_175 rise edge)
                                                      0.000     0.000 r  
                                                      0.000     0.000 r  fft_clk (IN)
                         net (fo=4594, unset)         0.973     0.973    product_bank/fft_clk
    SLICE_X26Y2          FDRE                                         r  product_bank/metadata_out_hold_reg[3]/C
  -------------------------------------------------------------------    -------------------
    SLICE_X26Y2          FDRE (Prop_fdre_C_Q)         0.456     1.429 r  product_bank/metadata_out_hold_reg[3]/Q
                         net (fo=2, routed)           0.796     2.225    product_bank/product_bank_metadata[3]
    SLICE_X24Y4          LUT2 (Prop_lut2_I1_O)        0.124     2.349 r  product_bank/descriptor[3]_i_1/O
                         net (fo=3, routed)           0.885     3.234    input_guard/metadata_valid0_carry__4_0[3]
    SLICE_X26Y3          LUT6 (Prop_lut6_I3_O)        0.124     3.358 r  input_guard/metadata_valid0_carry_i_3/O
                         net (fo=1, routed)           0.000     3.358    input_guard/metadata_valid0_carry_i_3_n_0
    SLICE_X26Y3          CARRY4 (Prop_carry4_S[1]_CO[3])
                                                      0.550     3.908 r  input_guard/metadata_valid0_carry/CO[3]
                         net (fo=1, routed)           0.000     3.908    input_guard/metadata_valid0_carry_n_0
    SLICE_X26Y4          CARRY4 (Prop_carry4_CI_CO[3])
                                                      0.114     4.022 r  input_guard/metadata_valid0_carry__0/CO[3]
                         net (fo=1, routed)           0.000     4.022    input_guard/metadata_valid0_carry__0_n_0
    SLICE_X26Y5          CARRY4 (Prop_carry4_CI_CO[3])
                                                      0.114     4.136 r  input_guard/metadata_valid0_carry__1/CO[3]
                         net (fo=1, routed)           0.000     4.136    input_guard/metadata_valid0_carry__1_n_0
    SLICE_X26Y6          CARRY4 (Prop_carry4_CI_CO[3])
                                                      0.114     4.250 r  input_guard/metadata_valid0_carry__2/CO[3]
                         net (fo=1, routed)           0.000     4.250    input_guard/metadata_valid0_carry__2_n_0
    SLICE_X26Y7          CARRY4 (Prop_carry4_CI_CO[3])
                                                      0.114     4.364 r  input_guard/metadata_valid0_carry__3/CO[3]
                         net (fo=1, routed)           0.000     4.364    input_guard/metadata_valid0_carry__3_n_0
    SLICE_X26Y8          CARRY4 (Prop_carry4_CI_CO[3])
                                                      0.114     4.478 r  input_guard/metadata_valid0_carry__4/CO[3]
                         net (fo=2, routed)           1.035     5.513    input_guard/metadata_valid0
    SLICE_X20Y6          LUT6 (Prop_lut6_I3_O)        0.124     5.637 f  input_guard/descriptor[69]_i_3_comp/O
                         net (fo=8, routed)           0.185     5.822    product_bank/request_toggle_reg_0
    SLICE_X20Y6          LUT6 (Prop_lut6_I2_O)        0.124     5.946 r  product_bank/state[3]_i_2_comp/O
                         net (fo=11, routed)          0.527     6.473    result_guard/state_reg[3]_0
    SLICE_X19Y5          LUT6 (Prop_lut6_I3_O)        0.124     6.597 f  result_guard/product_ii_reg_i_3_comp_2/O
                         net (fo=1, routed)           0.629     7.226    result_guard/product_ii_reg_i_3_n_0
    SLICE_X17Y5          LUT6 (Prop_lut6_I1_O)        0.124     7.350 r  result_guard/product_ii_reg_i_1/O
                         net (fo=11, routed)          0.475     7.825    result_guard/input_accept
    SLICE_X19Y4          LUT2 (Prop_lut2_I0_O)        0.124     7.949 r  result_guard/expected_bin_index[8]_i_1/O
                         net (fo=88, routed)          0.846     8.795    joiner/kernel_rom/E[0]
    SLICE_X13Y5          FDRE                                         r  joiner/kernel_rom/output_block_start_index_reg[16]/CE
  -------------------------------------------------------------------    -------------------

                         (clock island_175 rise edge)
                                                      5.714     5.714 r  
                                                      0.000     5.714 r  fft_clk (IN)
                         net (fo=4594, unset)         0.924     6.638    joiner/kernel_rom/fft_clk
    SLICE_X13Y5          FDRE                                         r  joiner/kernel_rom/output_block_start_index_reg[16]/C
                         clock pessimism              0.000     6.638    
                         clock uncertainty           -0.035     6.603    
    SLICE_X13Y5          FDRE (Setup_fdre_C_CE)      -0.205     6.398    joiner/kernel_rom/output_block_start_index_reg[16]
  -------------------------------------------------------------------
                         required time                          6.398    
                         arrival time                          -8.795    
  -------------------------------------------------------------------
                         slack                                 -2.397    

Slack (VIOLATED) :        -2.397ns  (required time - arrival time)
  Source:                 product_bank/metadata_out_hold_reg[3]/C
                            (rising edge-triggered cell FDRE clocked by island_175  {rise@0.000ns fall@2.857ns period=5.714ns})
  Destination:            joiner/kernel_rom/output_block_start_index_reg[36]/CE
                            (rising edge-triggered cell FDRE clocked by island_175  {rise@0.000ns fall@2.857ns period=5.714ns})
  Path Group:             island_175
  Path Type:              Setup (Max at Slow Process Corner)
  Requirement:            5.714ns  (island_175 rise@5.714ns - island_175 rise@0.000ns)
  Data Path Delay:        7.822ns  (logic 2.444ns (31.245%)  route 5.378ns (68.755%))
  Logic Levels:           13  (CARRY4=6 LUT2=2 LUT6=5)
  Clock Path Skew:        -0.049ns (DCD - SCD + CPR)
    Destination Clock Delay (DCD):    0.924ns = ( 6.638 - 5.714 ) 
    Source Clock Delay      (SCD):    0.973ns
    Clock Pessimism Removal (CPR):    0.000ns
  Clock Uncertainty:      0.035ns  ((TSJ^2 + TIJ^2)^1/2 + DJ) / 2 + PE
    Total System Jitter     (TSJ):    0.071ns
    Total Input Jitter      (TIJ):    0.000ns
    Discrete Jitter          (DJ):    0.000ns
    Phase Error              (PE):    0.000ns

    Location             Delay type                Incr(ns)  Path(ns)    Netlist Resource(s)
  -------------------------------------------------------------------    -------------------
                         (clock island_175 rise edge)
                                                      0.000     0.000 r  
                                                      0.000     0.000 r  fft_clk (IN)
                         net (fo=4594, unset)         0.973     0.973    product_bank/fft_clk
    SLICE_X26Y2          FDRE                                         r  product_bank/metadata_out_hold_reg[3]/C
  -------------------------------------------------------------------    -------------------
    SLICE_X26Y2          FDRE (Prop_fdre_C_Q)         0.456     1.429 r  product_bank/metadata_out_hold_reg[3]/Q
                         net (fo=2, routed)           0.796     2.225    product_bank/product_bank_metadata[3]
    SLICE_X24Y4          LUT2 (Prop_lut2_I1_O)        0.124     2.349 r  product_bank/descriptor[3]_i_1/O
                         net (fo=3, routed)           0.885     3.234    input_guard/metadata_valid0_carry__4_0[3]
    SLICE_X26Y3          LUT6 (Prop_lut6_I3_O)        0.124     3.358 r  input_guard/metadata_valid0_carry_i_3/O
                         net (fo=1, routed)           0.000     3.358    input_guard/metadata_valid0_carry_i_3_n_0
    SLICE_X26Y3          CARRY4 (Prop_carry4_S[1]_CO[3])
                                                      0.550     3.908 r  input_guard/metadata_valid0_carry/CO[3]
                         net (fo=1, routed)           0.000     3.908    input_guard/metadata_valid0_carry_n_0
    SLICE_X26Y4          CARRY4 (Prop_carry4_CI_CO[3])
                                                      0.114     4.022 r  input_guard/metadata_valid0_carry__0/CO[3]
                         net (fo=1, routed)           0.000     4.022    input_guard/metadata_valid0_carry__0_n_0
    SLICE_X26Y5          CARRY4 (Prop_carry4_CI_CO[3])
                                                      0.114     4.136 r  input_guard/metadata_valid0_carry__1/CO[3]
                         net (fo=1, routed)           0.000     4.136    input_guard/metadata_valid0_carry__1_n_0
    SLICE_X26Y6          CARRY4 (Prop_carry4_CI_CO[3])
                                                      0.114     4.250 r  input_guard/metadata_valid0_carry__2/CO[3]
                         net (fo=1, routed)           0.000     4.250    input_guard/metadata_valid0_carry__2_n_0
    SLICE_X26Y7          CARRY4 (Prop_carry4_CI_CO[3])
                                                      0.114     4.364 r  input_guard/metadata_valid0_carry__3/CO[3]
                         net (fo=1, routed)           0.000     4.364    input_guard/metadata_valid0_carry__3_n_0
    SLICE_X26Y8          CARRY4 (Prop_carry4_CI_CO[3])
                                                      0.114     4.478 r  input_guard/metadata_valid0_carry__4/CO[3]
                         net (fo=2, routed)           1.035     5.513    input_guard/metadata_valid0
    SLICE_X20Y6          LUT6 (Prop_lut6_I3_O)        0.124     5.637 f  input_guard/descriptor[69]_i_3_comp/O
                         net (fo=8, routed)           0.185     5.822    product_bank/request_toggle_reg_0
    SLICE_X20Y6          LUT6 (Prop_lut6_I2_O)        0.124     5.946 r  product_bank/state[3]_i_2_comp/O
                         net (fo=11, routed)          0.527     6.473    result_guard/state_reg[3]_0
    SLICE_X19Y5          LUT6 (Prop_lut6_I3_O)        0.124     6.597 f  result_guard/product_ii_reg_i_3_comp_2/O
                         net (fo=1, routed)           0.629     7.226    result_guard/product_ii_reg_i_3_n_0
    SLICE_X17Y5          LUT6 (Prop_lut6_I1_O)        0.124     7.350 r  result_guard/product_ii_reg_i_1/O
                         net (fo=11, routed)          0.475     7.825    result_guard/input_accept
    SLICE_X19Y4          LUT2 (Prop_lut2_I0_O)        0.124     7.949 r  result_guard/expected_bin_index[8]_i_1/O
                         net (fo=88, routed)          0.846     8.795    joiner/kernel_rom/E[0]
    SLICE_X13Y5          FDRE                                         r  joiner/kernel_rom/output_block_start_index_reg[36]/CE
  -------------------------------------------------------------------    -------------------

                         (clock island_175 rise edge)
                                                      5.714     5.714 r  
                                                      0.000     5.714 r  fft_clk (IN)
                         net (fo=4594, unset)         0.924     6.638    joiner/kernel_rom/fft_clk
    SLICE_X13Y5          FDRE                                         r  joiner/kernel_rom/output_block_start_index_reg[36]/C
                         clock pessimism              0.000     6.638    
                         clock uncertainty           -0.035     6.603    
    SLICE_X13Y5          FDRE (Setup_fdre_C_CE)      -0.205     6.398    joiner/kernel_rom/output_block_start_index_reg[36]
  -------------------------------------------------------------------
                         required time                          6.398    
                         arrival time                          -8.795    
  -------------------------------------------------------------------
                         slack                                 -2.397    

Slack (VIOLATED) :        -2.397ns  (required time - arrival time)
  Source:                 product_bank/metadata_out_hold_reg[3]/C
                            (rising edge-triggered cell FDRE clocked by island_175  {rise@0.000ns fall@2.857ns period=5.714ns})
  Destination:            joiner/kernel_rom/output_block_start_index_reg[3]/CE
                            (rising edge-triggered cell FDRE clocked by island_175  {rise@0.000ns fall@2.857ns period=5.714ns})
  Path Group:             island_175
  Path Type:              Setup (Max at Slow Process Corner)
  Requirement:            5.714ns  (island_175 rise@5.714ns - island_175 rise@0.000ns)
  Data Path Delay:        7.822ns  (logic 2.444ns (31.245%)  route 5.378ns (68.755%))
  Logic Levels:           13  (CARRY4=6 LUT2=2 LUT6=5)
  Clock Path Skew:        -0.049ns (DCD - SCD + CPR)
    Destination Clock Delay (DCD):    0.924ns = ( 6.638 - 5.714 ) 
    Source Clock Delay      (SCD):    0.973ns
    Clock Pessimism Removal (CPR):    0.000ns
  Clock Uncertainty:      0.035ns  ((TSJ^2 + TIJ^2)^1/2 + DJ) / 2 + PE
    Total System Jitter     (TSJ):    0.071ns
    Total Input Jitter      (TIJ):    0.000ns
    Discrete Jitter          (DJ):    0.000ns
    Phase Error              (PE):    0.000ns

    Location             Delay type                Incr(ns)  Path(ns)    Netlist Resource(s)
  -------------------------------------------------------------------    -------------------
                         (clock island_175 rise edge)
                                                      0.000     0.000 r  
                                                      0.000     0.000 r  fft_clk (IN)
                         net (fo=4594, unset)         0.973     0.973    product_bank/fft_clk
    SLICE_X26Y2          FDRE                                         r  product_bank/metadata_out_hold_reg[3]/C
  -------------------------------------------------------------------    -------------------
    SLICE_X26Y2          FDRE (Prop_fdre_C_Q)         0.456     1.429 r  product_bank/metadata_out_hold_reg[3]/Q
                         net (fo=2, routed)           0.796     2.225    product_bank/product_bank_metadata[3]
    SLICE_X24Y4          LUT2 (Prop_lut2_I1_O)        0.124     2.349 r  product_bank/descriptor[3]_i_1/O
                         net (fo=3, routed)           0.885     3.234    input_guard/metadata_valid0_carry__4_0[3]
    SLICE_X26Y3          LUT6 (Prop_lut6_I3_O)        0.124     3.358 r  input_guard/metadata_valid0_carry_i_3/O
                         net (fo=1, routed)           0.000     3.358    input_guard/metadata_valid0_carry_i_3_n_0
    SLICE_X26Y3          CARRY4 (Prop_carry4_S[1]_CO[3])
                                                      0.550     3.908 r  input_guard/metadata_valid0_carry/CO[3]
                         net (fo=1, routed)           0.000     3.908    input_guard/metadata_valid0_carry_n_0
    SLICE_X26Y4          CARRY4 (Prop_carry4_CI_CO[3])
                                                      0.114     4.022 r  input_guard/metadata_valid0_carry__0/CO[3]
                         net (fo=1, routed)           0.000     4.022    input_guard/metadata_valid0_carry__0_n_0
    SLICE_X26Y5          CARRY4 (Prop_carry4_CI_CO[3])
                                                      0.114     4.136 r  input_guard/metadata_valid0_carry__1/CO[3]
                         net (fo=1, routed)           0.000     4.136    input_guard/metadata_valid0_carry__1_n_0
    SLICE_X26Y6          CARRY4 (Prop_carry4_CI_CO[3])
                                                      0.114     4.250 r  input_guard/metadata_valid0_carry__2/CO[3]
                         net (fo=1, routed)           0.000     4.250    input_guard/metadata_valid0_carry__2_n_0
    SLICE_X26Y7          CARRY4 (Prop_carry4_CI_CO[3])
                                                      0.114     4.364 r  input_guard/metadata_valid0_carry__3/CO[3]
                         net (fo=1, routed)           0.000     4.364    input_guard/metadata_valid0_carry__3_n_0
    SLICE_X26Y8          CARRY4 (Prop_carry4_CI_CO[3])
                                                      0.114     4.478 r  input_guard/metadata_valid0_carry__4/CO[3]
                         net (fo=2, routed)           1.035     5.513    input_guard/metadata_valid0
    SLICE_X20Y6          LUT6 (Prop_lut6_I3_O)        0.124     5.637 f  input_guard/descriptor[69]_i_3_comp/O
                         net (fo=8, routed)           0.185     5.822    product_bank/request_toggle_reg_0
    SLICE_X20Y6          LUT6 (Prop_lut6_I2_O)        0.124     5.946 r  product_bank/state[3]_i_2_comp/O
                         net (fo=11, routed)          0.527     6.473    result_guard/state_reg[3]_0
    SLICE_X19Y5          LUT6 (Prop_lut6_I3_O)        0.124     6.597 f  result_guard/product_ii_reg_i_3_comp_2/O
                         net (fo=1, routed)           0.629     7.226    result_guard/product_ii_reg_i_3_n_0
    SLICE_X17Y5          LUT6 (Prop_lut6_I1_O)        0.124     7.350 r  result_guard/product_ii_reg_i_1/O
                         net (fo=11, routed)          0.475     7.825    result_guard/input_accept
    SLICE_X19Y4          LUT2 (Prop_lut2_I0_O)        0.124     7.949 r  result_guard/expected_bin_index[8]_i_1/O
                         net (fo=88, routed)          0.846     8.795    joiner/kernel_rom/E[0]
    SLICE_X13Y5          FDRE                                         r  joiner/kernel_rom/output_block_start_index_reg[3]/CE
  -------------------------------------------------------------------    -------------------

                         (clock island_175 rise edge)
                                                      5.714     5.714 r  
                                                      0.000     5.714 r  fft_clk (IN)
                         net (fo=4594, unset)         0.924     6.638    joiner/kernel_rom/fft_clk
    SLICE_X13Y5          FDRE                                         r  joiner/kernel_rom/output_block_start_index_reg[3]/C
                         clock pessimism              0.000     6.638    
                         clock uncertainty           -0.035     6.603    
    SLICE_X13Y5          FDRE (Setup_fdre_C_CE)      -0.205     6.398    joiner/kernel_rom/output_block_start_index_reg[3]
  -------------------------------------------------------------------
                         required time                          6.398    
                         arrival time                          -8.795    
  -------------------------------------------------------------------
                         slack                                 -2.397    

Slack (VIOLATED) :        -2.366ns  (required time - arrival time)
  Source:                 product_bank/metadata_out_hold_reg[3]/C
                            (rising edge-triggered cell FDRE clocked by island_175  {rise@0.000ns fall@2.857ns period=5.714ns})
  Destination:            joiner/kernel_rom/expected_next_block_start_reg[41]/CE
                            (rising edge-triggered cell FDRE clocked by island_175  {rise@0.000ns fall@2.857ns period=5.714ns})
  Path Group:             island_175
  Path Type:              Setup (Max at Slow Process Corner)
  Requirement:            5.714ns  (island_175 rise@5.714ns - island_175 rise@0.000ns)
  Data Path Delay:        7.791ns  (logic 2.444ns (31.369%)  route 5.347ns (68.631%))
  Logic Levels:           13  (CARRY4=6 LUT2=1 LUT6=6)
  Clock Path Skew:        -0.049ns (DCD - SCD + CPR)
    Destination Clock Delay (DCD):    0.924ns = ( 6.638 - 5.714 ) 
    Source Clock Delay      (SCD):    0.973ns
    Clock Pessimism Removal (CPR):    0.000ns
  Clock Uncertainty:      0.035ns  ((TSJ^2 + TIJ^2)^1/2 + DJ) / 2 + PE
    Total System Jitter     (TSJ):    0.071ns
    Total Input Jitter      (TIJ):    0.000ns
    Discrete Jitter          (DJ):    0.000ns
    Phase Error              (PE):    0.000ns

    Location             Delay type                Incr(ns)  Path(ns)    Netlist Resource(s)
  -------------------------------------------------------------------    -------------------
                         (clock island_175 rise edge)
                                                      0.000     0.000 r  
                                                      0.000     0.000 r  fft_clk (IN)
                         net (fo=4594, unset)         0.973     0.973    product_bank/fft_clk
    SLICE_X26Y2          FDRE                                         r  product_bank/metadata_out_hold_reg[3]/C
  -------------------------------------------------------------------    -------------------
    SLICE_X26Y2          FDRE (Prop_fdre_C_Q)         0.456     1.429 r  product_bank/metadata_out_hold_reg[3]/Q
                         net (fo=2, routed)           0.796     2.225    product_bank/product_bank_metadata[3]
    SLICE_X24Y4          LUT2 (Prop_lut2_I1_O)        0.124     2.349 r  product_bank/descriptor[3]_i_1/O
                         net (fo=3, routed)           0.885     3.234    input_guard/metadata_valid0_carry__4_0[3]
    SLICE_X26Y3          LUT6 (Prop_lut6_I3_O)        0.124     3.358 r  input_guard/metadata_valid0_carry_i_3/O
                         net (fo=1, routed)           0.000     3.358    input_guard/metadata_valid0_carry_i_3_n_0
    SLICE_X26Y3          CARRY4 (Prop_carry4_S[1]_CO[3])
                                                      0.550     3.908 r  input_guard/metadata_valid0_carry/CO[3]
                         net (fo=1, routed)           0.000     3.908    input_guard/metadata_valid0_carry_n_0
    SLICE_X26Y4          CARRY4 (Prop_carry4_CI_CO[3])
                                                      0.114     4.022 r  input_guard/metadata_valid0_carry__0/CO[3]
                         net (fo=1, routed)           0.000     4.022    input_guard/metadata_valid0_carry__0_n_0
    SLICE_X26Y5          CARRY4 (Prop_carry4_CI_CO[3])
                                                      0.114     4.136 r  input_guard/metadata_valid0_carry__1/CO[3]
                         net (fo=1, routed)           0.000     4.136    input_guard/metadata_valid0_carry__1_n_0
    SLICE_X26Y6          CARRY4 (Prop_carry4_CI_CO[3])
                                                      0.114     4.250 r  input_guard/metadata_valid0_carry__2/CO[3]
                         net (fo=1, routed)           0.000     4.250    input_guard/metadata_valid0_carry__2_n_0
    SLICE_X26Y7          CARRY4 (Prop_carry4_CI_CO[3])
                                                      0.114     4.364 r  input_guard/metadata_valid0_carry__3/CO[3]
                         net (fo=1, routed)           0.000     4.364    input_guard/metadata_valid0_carry__3_n_0
    SLICE_X26Y8          CARRY4 (Prop_carry4_CI_CO[3])
                                                      0.114     4.478 r  input_guard/metadata_valid0_carry__4/CO[3]
                         net (fo=2, routed)           1.035     5.513    input_guard/metadata_valid0
    SLICE_X20Y6          LUT6 (Prop_lut6_I3_O)        0.124     5.637 f  input_guard/descriptor[69]_i_3_comp/O
                         net (fo=8, routed)           0.185     5.822    product_bank/request_toggle_reg_0
    SLICE_X20Y6          LUT6 (Prop_lut6_I2_O)        0.124     5.946 r  product_bank/state[3]_i_2_comp/O
                         net (fo=11, routed)          0.527     6.473    result_guard/state_reg[3]_0
    SLICE_X19Y5          LUT6 (Prop_lut6_I3_O)        0.124     6.597 f  result_guard/product_ii_reg_i_3_comp_2/O
                         net (fo=1, routed)           0.629     7.226    result_guard/product_ii_reg_i_3_n_0
    SLICE_X17Y5          LUT6 (Prop_lut6_I1_O)        0.124     7.350 r  result_guard/product_ii_reg_i_1/O
                         net (fo=11, routed)          0.467     7.817    joiner/kernel_rom/input_accept
    SLICE_X17Y3          LUT6 (Prop_lut6_I0_O)        0.124     7.941 r  joiner/kernel_rom/expected_next_block_start[63]_i_1/O
                         net (fo=64, routed)          0.823     8.764    joiner/kernel_rom/have_previous_block
    SLICE_X14Y10         FDRE                                         r  joiner/kernel_rom/expected_next_block_start_reg[41]/CE
  -------------------------------------------------------------------    -------------------

                         (clock island_175 rise edge)
                                                      5.714     5.714 r  
                                                      0.000     5.714 r  fft_clk (IN)
                         net (fo=4594, unset)         0.924     6.638    joiner/kernel_rom/fft_clk
    SLICE_X14Y10         FDRE                                         r  joiner/kernel_rom/expected_next_block_start_reg[41]/C
                         clock pessimism              0.000     6.638    
                         clock uncertainty           -0.035     6.603    
    SLICE_X14Y10         FDRE (Setup_fdre_C_CE)      -0.205     6.398    joiner/kernel_rom/expected_next_block_start_reg[41]
  -------------------------------------------------------------------
                         required time                          6.398    
                         arrival time                          -8.764    
  -------------------------------------------------------------------
                         slack                                 -2.366    

Slack (VIOLATED) :        -2.366ns  (required time - arrival time)
  Source:                 product_bank/metadata_out_hold_reg[3]/C
                            (rising edge-triggered cell FDRE clocked by island_175  {rise@0.000ns fall@2.857ns period=5.714ns})
  Destination:            joiner/kernel_rom/expected_next_block_start_reg[42]/CE
                            (rising edge-triggered cell FDRE clocked by island_175  {rise@0.000ns fall@2.857ns period=5.714ns})
  Path Group:             island_175
  Path Type:              Setup (Max at Slow Process Corner)
  Requirement:            5.714ns  (island_175 rise@5.714ns - island_175 rise@0.000ns)
  Data Path Delay:        7.791ns  (logic 2.444ns (31.369%)  route 5.347ns (68.631%))
  Logic Levels:           13  (CARRY4=6 LUT2=1 LUT6=6)
  Clock Path Skew:        -0.049ns (DCD - SCD + CPR)
    Destination Clock Delay (DCD):    0.924ns = ( 6.638 - 5.714 ) 
    Source Clock Delay      (SCD):    0.973ns
    Clock Pessimism Removal (CPR):    0.000ns
  Clock Uncertainty:      0.035ns  ((TSJ^2 + TIJ^2)^1/2 + DJ) / 2 + PE
    Total System Jitter     (TSJ):    0.071ns
    Total Input Jitter      (TIJ):    0.000ns
    Discrete Jitter          (DJ):    0.000ns
    Phase Error              (PE):    0.000ns

    Location             Delay type                Incr(ns)  Path(ns)    Netlist Resource(s)
  -------------------------------------------------------------------    -------------------
                         (clock island_175 rise edge)
                                                      0.000     0.000 r  
                                                      0.000     0.000 r  fft_clk (IN)
                         net (fo=4594, unset)         0.973     0.973    product_bank/fft_clk
    SLICE_X26Y2          FDRE                                         r  product_bank/metadata_out_hold_reg[3]/C
  -------------------------------------------------------------------    -------------------
    SLICE_X26Y2          FDRE (Prop_fdre_C_Q)         0.456     1.429 r  product_bank/metadata_out_hold_reg[3]/Q
                         net (fo=2, routed)           0.796     2.225    product_bank/product_bank_metadata[3]
    SLICE_X24Y4          LUT2 (Prop_lut2_I1_O)        0.124     2.349 r  product_bank/descriptor[3]_i_1/O
                         net (fo=3, routed)           0.885     3.234    input_guard/metadata_valid0_carry__4_0[3]
    SLICE_X26Y3          LUT6 (Prop_lut6_I3_O)        0.124     3.358 r  input_guard/metadata_valid0_carry_i_3/O
                         net (fo=1, routed)           0.000     3.358    input_guard/metadata_valid0_carry_i_3_n_0
    SLICE_X26Y3          CARRY4 (Prop_carry4_S[1]_CO[3])
                                                      0.550     3.908 r  input_guard/metadata_valid0_carry/CO[3]
                         net (fo=1, routed)           0.000     3.908    input_guard/metadata_valid0_carry_n_0
    SLICE_X26Y4          CARRY4 (Prop_carry4_CI_CO[3])
                                                      0.114     4.022 r  input_guard/metadata_valid0_carry__0/CO[3]
                         net (fo=1, routed)           0.000     4.022    input_guard/metadata_valid0_carry__0_n_0
    SLICE_X26Y5          CARRY4 (Prop_carry4_CI_CO[3])
                                                      0.114     4.136 r  input_guard/metadata_valid0_carry__1/CO[3]
                         net (fo=1, routed)           0.000     4.136    input_guard/metadata_valid0_carry__1_n_0
    SLICE_X26Y6          CARRY4 (Prop_carry4_CI_CO[3])
                                                      0.114     4.250 r  input_guard/metadata_valid0_carry__2/CO[3]
                         net (fo=1, routed)           0.000     4.250    input_guard/metadata_valid0_carry__2_n_0
    SLICE_X26Y7          CARRY4 (Prop_carry4_CI_CO[3])
                                                      0.114     4.364 r  input_guard/metadata_valid0_carry__3/CO[3]
                         net (fo=1, routed)           0.000     4.364    input_guard/metadata_valid0_carry__3_n_0
    SLICE_X26Y8          CARRY4 (Prop_carry4_CI_CO[3])
                                                      0.114     4.478 r  input_guard/metadata_valid0_carry__4/CO[3]
                         net (fo=2, routed)           1.035     5.513    input_guard/metadata_valid0
    SLICE_X20Y6          LUT6 (Prop_lut6_I3_O)        0.124     5.637 f  input_guard/descriptor[69]_i_3_comp/O
                         net (fo=8, routed)           0.185     5.822    product_bank/request_toggle_reg_0
    SLICE_X20Y6          LUT6 (Prop_lut6_I2_O)        0.124     5.946 r  product_bank/state[3]_i_2_comp/O
                         net (fo=11, routed)          0.527     6.473    result_guard/state_reg[3]_0
    SLICE_X19Y5          LUT6 (Prop_lut6_I3_O)        0.124     6.597 f  result_guard/product_ii_reg_i_3_comp_2/O
                         net (fo=1, routed)           0.629     7.226    result_guard/product_ii_reg_i_3_n_0
    SLICE_X17Y5          LUT6 (Prop_lut6_I1_O)        0.124     7.350 r  result_guard/product_ii_reg_i_1/O
                         net (fo=11, routed)          0.467     7.817    joiner/kernel_rom/input_accept
    SLICE_X17Y3          LUT6 (Prop_lut6_I0_O)        0.124     7.941 r  joiner/kernel_rom/expected_next_block_start[63]_i_1/O
                         net (fo=64, routed)          0.823     8.764    joiner/kernel_rom/have_previous_block
    SLICE_X14Y10         FDRE                                         r  joiner/kernel_rom/expected_next_block_start_reg[42]/CE
  -------------------------------------------------------------------    -------------------

                         (clock island_175 rise edge)
                                                      5.714     5.714 r  
                                                      0.000     5.714 r  fft_clk (IN)
                         net (fo=4594, unset)         0.924     6.638    joiner/kernel_rom/fft_clk
    SLICE_X14Y10         FDRE                                         r  joiner/kernel_rom/expected_next_block_start_reg[42]/C
                         clock pessimism              0.000     6.638    
                         clock uncertainty           -0.035     6.603    
    SLICE_X14Y10         FDRE (Setup_fdre_C_CE)      -0.205     6.398    joiner/kernel_rom/expected_next_block_start_reg[42]
  -------------------------------------------------------------------
                         required time                          6.398    
                         arrival time                          -8.764    
  -------------------------------------------------------------------
                         slack                                 -2.366    

Slack (VIOLATED) :        -2.366ns  (required time - arrival time)
  Source:                 product_bank/metadata_out_hold_reg[3]/C
                            (rising edge-triggered cell FDRE clocked by island_175  {rise@0.000ns fall@2.857ns period=5.714ns})
  Destination:            joiner/kernel_rom/expected_next_block_start_reg[43]/CE
                            (rising edge-triggered cell FDRE clocked by island_175  {rise@0.000ns fall@2.857ns period=5.714ns})
  Path Group:             island_175
  Path Type:              Setup (Max at Slow Process Corner)
  Requirement:            5.714ns  (island_175 rise@5.714ns - island_175 rise@0.000ns)
  Data Path Delay:        7.791ns  (logic 2.444ns (31.369%)  route 5.347ns (68.631%))
  Logic Levels:           13  (CARRY4=6 LUT2=1 LUT6=6)
  Clock Path Skew:        -0.049ns (DCD - SCD + CPR)
    Destination Clock Delay (DCD):    0.924ns = ( 6.638 - 5.714 ) 
    Source Clock Delay      (SCD):    0.973ns
    Clock Pessimism Removal (CPR):    0.000ns
  Clock Uncertainty:      0.035ns  ((TSJ^2 + TIJ^2)^1/2 + DJ) / 2 + PE
    Total System Jitter     (TSJ):    0.071ns
    Total Input Jitter      (TIJ):    0.000ns
    Discrete Jitter          (DJ):    0.000ns
    Phase Error              (PE):    0.000ns

    Location             Delay type                Incr(ns)  Path(ns)    Netlist Resource(s)
  -------------------------------------------------------------------    -------------------
                         (clock island_175 rise edge)
                                                      0.000     0.000 r  
                                                      0.000     0.000 r  fft_clk (IN)
                         net (fo=4594, unset)         0.973     0.973    product_bank/fft_clk
    SLICE_X26Y2          FDRE                                         r  product_bank/metadata_out_hold_reg[3]/C
  -------------------------------------------------------------------    -------------------
    SLICE_X26Y2          FDRE (Prop_fdre_C_Q)         0.456     1.429 r  product_bank/metadata_out_hold_reg[3]/Q
                         net (fo=2, routed)           0.796     2.225    product_bank/product_bank_metadata[3]
    SLICE_X24Y4          LUT2 (Prop_lut2_I1_O)        0.124     2.349 r  product_bank/descriptor[3]_i_1/O
                         net (fo=3, routed)           0.885     3.234    input_guard/metadata_valid0_carry__4_0[3]
    SLICE_X26Y3          LUT6 (Prop_lut6_I3_O)        0.124     3.358 r  input_guard/metadata_valid0_carry_i_3/O
                         net (fo=1, routed)           0.000     3.358    input_guard/metadata_valid0_carry_i_3_n_0
    SLICE_X26Y3          CARRY4 (Prop_carry4_S[1]_CO[3])
                                                      0.550     3.908 r  input_guard/metadata_valid0_carry/CO[3]
                         net (fo=1, routed)           0.000     3.908    input_guard/metadata_valid0_carry_n_0
    SLICE_X26Y4          CARRY4 (Prop_carry4_CI_CO[3])
                                                      0.114     4.022 r  input_guard/metadata_valid0_carry__0/CO[3]
                         net (fo=1, routed)           0.000     4.022    input_guard/metadata_valid0_carry__0_n_0
    SLICE_X26Y5          CARRY4 (Prop_carry4_CI_CO[3])
                                                      0.114     4.136 r  input_guard/metadata_valid0_carry__1/CO[3]
                         net (fo=1, routed)           0.000     4.136    input_guard/metadata_valid0_carry__1_n_0
    SLICE_X26Y6          CARRY4 (Prop_carry4_CI_CO[3])
                                                      0.114     4.250 r  input_guard/metadata_valid0_carry__2/CO[3]
                         net (fo=1, routed)           0.000     4.250    input_guard/metadata_valid0_carry__2_n_0
    SLICE_X26Y7          CARRY4 (Prop_carry4_CI_CO[3])
                                                      0.114     4.364 r  input_guard/metadata_valid0_carry__3/CO[3]
                         net (fo=1, routed)           0.000     4.364    input_guard/metadata_valid0_carry__3_n_0
    SLICE_X26Y8          CARRY4 (Prop_carry4_CI_CO[3])
                                                      0.114     4.478 r  input_guard/metadata_valid0_carry__4/CO[3]
                         net (fo=2, routed)           1.035     5.513    input_guard/metadata_valid0
    SLICE_X20Y6          LUT6 (Prop_lut6_I3_O)        0.124     5.637 f  input_guard/descriptor[69]_i_3_comp/O
                         net (fo=8, routed)           0.185     5.822    product_bank/request_toggle_reg_0
    SLICE_X20Y6          LUT6 (Prop_lut6_I2_O)        0.124     5.946 r  product_bank/state[3]_i_2_comp/O
                         net (fo=11, routed)          0.527     6.473    result_guard/state_reg[3]_0
    SLICE_X19Y5          LUT6 (Prop_lut6_I3_O)        0.124     6.597 f  result_guard/product_ii_reg_i_3_comp_2/O
                         net (fo=1, routed)           0.629     7.226    result_guard/product_ii_reg_i_3_n_0
    SLICE_X17Y5          LUT6 (Prop_lut6_I1_O)        0.124     7.350 r  result_guard/product_ii_reg_i_1/O
                         net (fo=11, routed)          0.467     7.817    joiner/kernel_rom/input_accept
    SLICE_X17Y3          LUT6 (Prop_lut6_I0_O)        0.124     7.941 r  joiner/kernel_rom/expected_next_block_start[63]_i_1/O
                         net (fo=64, routed)          0.823     8.764    joiner/kernel_rom/have_previous_block
    SLICE_X14Y10         FDRE                                         r  joiner/kernel_rom/expected_next_block_start_reg[43]/CE
  -------------------------------------------------------------------    -------------------

                         (clock island_175 rise edge)
                                                      5.714     5.714 r  
                                                      0.000     5.714 r  fft_clk (IN)
                         net (fo=4594, unset)         0.924     6.638    joiner/kernel_rom/fft_clk
    SLICE_X14Y10         FDRE                                         r  joiner/kernel_rom/expected_next_block_start_reg[43]/C
                         clock pessimism              0.000     6.638    
                         clock uncertainty           -0.035     6.603    
    SLICE_X14Y10         FDRE (Setup_fdre_C_CE)      -0.205     6.398    joiner/kernel_rom/expected_next_block_start_reg[43]
  -------------------------------------------------------------------
                         required time                          6.398    
                         arrival time                          -8.764    
  -------------------------------------------------------------------
                         slack                                 -2.366    

Slack (VIOLATED) :        -2.366ns  (required time - arrival time)
  Source:                 product_bank/metadata_out_hold_reg[3]/C
                            (rising edge-triggered cell FDRE clocked by island_175  {rise@0.000ns fall@2.857ns period=5.714ns})
  Destination:            joiner/kernel_rom/expected_next_block_start_reg[44]/CE
                            (rising edge-triggered cell FDRE clocked by island_175  {rise@0.000ns fall@2.857ns period=5.714ns})
  Path Group:             island_175
  Path Type:              Setup (Max at Slow Process Corner)
  Requirement:            5.714ns  (island_175 rise@5.714ns - island_175 rise@0.000ns)
  Data Path Delay:        7.791ns  (logic 2.444ns (31.369%)  route 5.347ns (68.631%))
  Logic Levels:           13  (CARRY4=6 LUT2=1 LUT6=6)
  Clock Path Skew:        -0.049ns (DCD - SCD + CPR)
    Destination Clock Delay (DCD):    0.924ns = ( 6.638 - 5.714 ) 
    Source Clock Delay      (SCD):    0.973ns
    Clock Pessimism Removal (CPR):    0.000ns
  Clock Uncertainty:      0.035ns  ((TSJ^2 + TIJ^2)^1/2 + DJ) / 2 + PE
    Total System Jitter     (TSJ):    0.071ns
    Total Input Jitter      (TIJ):    0.000ns
    Discrete Jitter          (DJ):    0.000ns
    Phase Error              (PE):    0.000ns

    Location             Delay type                Incr(ns)  Path(ns)    Netlist Resource(s)
  -------------------------------------------------------------------    -------------------
                         (clock island_175 rise edge)
                                                      0.000     0.000 r  
                                                      0.000     0.000 r  fft_clk (IN)
                         net (fo=4594, unset)         0.973     0.973    product_bank/fft_clk
    SLICE_X26Y2          FDRE                                         r  product_bank/metadata_out_hold_reg[3]/C
  -------------------------------------------------------------------    -------------------
    SLICE_X26Y2          FDRE (Prop_fdre_C_Q)         0.456     1.429 r  product_bank/metadata_out_hold_reg[3]/Q
                         net (fo=2, routed)           0.796     2.225    product_bank/product_bank_metadata[3]
    SLICE_X24Y4          LUT2 (Prop_lut2_I1_O)        0.124     2.349 r  product_bank/descriptor[3]_i_1/O
                         net (fo=3, routed)           0.885     3.234    input_guard/metadata_valid0_carry__4_0[3]
    SLICE_X26Y3          LUT6 (Prop_lut6_I3_O)        0.124     3.358 r  input_guard/metadata_valid0_carry_i_3/O
                         net (fo=1, routed)           0.000     3.358    input_guard/metadata_valid0_carry_i_3_n_0
    SLICE_X26Y3          CARRY4 (Prop_carry4_S[1]_CO[3])
                                                      0.550     3.908 r  input_guard/metadata_valid0_carry/CO[3]
                         net (fo=1, routed)           0.000     3.908    input_guard/metadata_valid0_carry_n_0
    SLICE_X26Y4          CARRY4 (Prop_carry4_CI_CO[3])
                                                      0.114     4.022 r  input_guard/metadata_valid0_carry__0/CO[3]
                         net (fo=1, routed)           0.000     4.022    input_guard/metadata_valid0_carry__0_n_0
    SLICE_X26Y5          CARRY4 (Prop_carry4_CI_CO[3])
                                                      0.114     4.136 r  input_guard/metadata_valid0_carry__1/CO[3]
                         net (fo=1, routed)           0.000     4.136    input_guard/metadata_valid0_carry__1_n_0
    SLICE_X26Y6          CARRY4 (Prop_carry4_CI_CO[3])
                                                      0.114     4.250 r  input_guard/metadata_valid0_carry__2/CO[3]
                         net (fo=1, routed)           0.000     4.250    input_guard/metadata_valid0_carry__2_n_0
    SLICE_X26Y7          CARRY4 (Prop_carry4_CI_CO[3])
                                                      0.114     4.364 r  input_guard/metadata_valid0_carry__3/CO[3]
                         net (fo=1, routed)           0.000     4.364    input_guard/metadata_valid0_carry__3_n_0
    SLICE_X26Y8          CARRY4 (Prop_carry4_CI_CO[3])
                                                      0.114     4.478 r  input_guard/metadata_valid0_carry__4/CO[3]
                         net (fo=2, routed)           1.035     5.513    input_guard/metadata_valid0
    SLICE_X20Y6          LUT6 (Prop_lut6_I3_O)        0.124     5.637 f  input_guard/descriptor[69]_i_3_comp/O
                         net (fo=8, routed)           0.185     5.822    product_bank/request_toggle_reg_0
    SLICE_X20Y6          LUT6 (Prop_lut6_I2_O)        0.124     5.946 r  product_bank/state[3]_i_2_comp/O
                         net (fo=11, routed)          0.527     6.473    result_guard/state_reg[3]_0
    SLICE_X19Y5          LUT6 (Prop_lut6_I3_O)        0.124     6.597 f  result_guard/product_ii_reg_i_3_comp_2/O
                         net (fo=1, routed)           0.629     7.226    result_guard/product_ii_reg_i_3_n_0
    SLICE_X17Y5          LUT6 (Prop_lut6_I1_O)        0.124     7.350 r  result_guard/product_ii_reg_i_1/O
                         net (fo=11, routed)          0.467     7.817    joiner/kernel_rom/input_accept
    SLICE_X17Y3          LUT6 (Prop_lut6_I0_O)        0.124     7.941 r  joiner/kernel_rom/expected_next_block_start[63]_i_1/O
                         net (fo=64, routed)          0.823     8.764    joiner/kernel_rom/have_previous_block
    SLICE_X14Y10         FDRE                                         r  joiner/kernel_rom/expected_next_block_start_reg[44]/CE
  -------------------------------------------------------------------    -------------------

                         (clock island_175 rise edge)
                                                      5.714     5.714 r  
                                                      0.000     5.714 r  fft_clk (IN)
                         net (fo=4594, unset)         0.924     6.638    joiner/kernel_rom/fft_clk
    SLICE_X14Y10         FDRE                                         r  joiner/kernel_rom/expected_next_block_start_reg[44]/C
                         clock pessimism              0.000     6.638    
                         clock uncertainty           -0.035     6.603    
    SLICE_X14Y10         FDRE (Setup_fdre_C_CE)      -0.205     6.398    joiner/kernel_rom/expected_next_block_start_reg[44]
  -------------------------------------------------------------------
                         required time                          6.398    
                         arrival time                          -8.764    
  -------------------------------------------------------------------
                         slack                                 -2.366    

Slack (VIOLATED) :        -2.350ns  (required time - arrival time)
  Source:                 product_bank/metadata_out_hold_reg[3]/C
                            (rising edge-triggered cell FDRE clocked by island_175  {rise@0.000ns fall@2.857ns period=5.714ns})
  Destination:            joiner/kernel_rom/output_bin_index_reg[0]/CE
                            (rising edge-triggered cell FDRE clocked by island_175  {rise@0.000ns fall@2.857ns period=5.714ns})
  Path Group:             island_175
  Path Type:              Setup (Max at Slow Process Corner)
  Requirement:            5.714ns  (island_175 rise@5.714ns - island_175 rise@0.000ns)
  Data Path Delay:        7.811ns  (logic 2.444ns (31.291%)  route 5.367ns (68.709%))
  Logic Levels:           13  (CARRY4=6 LUT2=2 LUT6=5)
  Clock Path Skew:        -0.049ns (DCD - SCD + CPR)
    Destination Clock Delay (DCD):    0.924ns = ( 6.638 - 5.714 ) 
    Source Clock Delay      (SCD):    0.973ns
    Clock Pessimism Removal (CPR):    0.000ns
  Clock Uncertainty:      0.035ns  ((TSJ^2 + TIJ^2)^1/2 + DJ) / 2 + PE
    Total System Jitter     (TSJ):    0.071ns
    Total Input Jitter      (TIJ):    0.000ns
    Discrete Jitter          (DJ):    0.000ns
    Phase Error              (PE):    0.000ns

    Location             Delay type                Incr(ns)  Path(ns)    Netlist Resource(s)
  -------------------------------------------------------------------    -------------------
                         (clock island_175 rise edge)
                                                      0.000     0.000 r  
                                                      0.000     0.000 r  fft_clk (IN)
                         net (fo=4594, unset)         0.973     0.973    product_bank/fft_clk
    SLICE_X26Y2          FDRE                                         r  product_bank/metadata_out_hold_reg[3]/C
  -------------------------------------------------------------------    -------------------
    SLICE_X26Y2          FDRE (Prop_fdre_C_Q)         0.456     1.429 r  product_bank/metadata_out_hold_reg[3]/Q
                         net (fo=2, routed)           0.796     2.225    product_bank/product_bank_metadata[3]
    SLICE_X24Y4          LUT2 (Prop_lut2_I1_O)        0.124     2.349 r  product_bank/descriptor[3]_i_1/O
                         net (fo=3, routed)           0.885     3.234    input_guard/metadata_valid0_carry__4_0[3]
    SLICE_X26Y3          LUT6 (Prop_lut6_I3_O)        0.124     3.358 r  input_guard/metadata_valid0_carry_i_3/O
                         net (fo=1, routed)           0.000     3.358    input_guard/metadata_valid0_carry_i_3_n_0
    SLICE_X26Y3          CARRY4 (Prop_carry4_S[1]_CO[3])
                                                      0.550     3.908 r  input_guard/metadata_valid0_carry/CO[3]
                         net (fo=1, routed)           0.000     3.908    input_guard/metadata_valid0_carry_n_0
    SLICE_X26Y4          CARRY4 (Prop_carry4_CI_CO[3])
                                                      0.114     4.022 r  input_guard/metadata_valid0_carry__0/CO[3]
                         net (fo=1, routed)           0.000     4.022    input_guard/metadata_valid0_carry__0_n_0
    SLICE_X26Y5          CARRY4 (Prop_carry4_CI_CO[3])
                                                      0.114     4.136 r  input_guard/metadata_valid0_carry__1/CO[3]
                         net (fo=1, routed)           0.000     4.136    input_guard/metadata_valid0_carry__1_n_0
    SLICE_X26Y6          CARRY4 (Prop_carry4_CI_CO[3])
                                                      0.114     4.250 r  input_guard/metadata_valid0_carry__2/CO[3]
                         net (fo=1, routed)           0.000     4.250    input_guard/metadata_valid0_carry__2_n_0
    SLICE_X26Y7          CARRY4 (Prop_carry4_CI_CO[3])
                                                      0.114     4.364 r  input_guard/metadata_valid0_carry__3/CO[3]
                         net (fo=1, routed)           0.000     4.364    input_guard/metadata_valid0_carry__3_n_0
    SLICE_X26Y8          CARRY4 (Prop_carry4_CI_CO[3])
                                                      0.114     4.478 r  input_guard/metadata_valid0_carry__4/CO[3]
                         net (fo=2, routed)           1.035     5.513    input_guard/metadata_valid0
    SLICE_X20Y6          LUT6 (Prop_lut6_I3_O)        0.124     5.637 f  input_guard/descriptor[69]_i_3_comp/O
                         net (fo=8, routed)           0.185     5.822    product_bank/request_toggle_reg_0
    SLICE_X20Y6          LUT6 (Prop_lut6_I2_O)        0.124     5.946 r  product_bank/state[3]_i_2_comp/O
                         net (fo=11, routed)          0.527     6.473    result_guard/state_reg[3]_0
    SLICE_X19Y5          LUT6 (Prop_lut6_I3_O)        0.124     6.597 f  result_guard/product_ii_reg_i_3_comp_2/O
                         net (fo=1, routed)           0.629     7.226    result_guard/product_ii_reg_i_3_n_0
    SLICE_X17Y5          LUT6 (Prop_lut6_I1_O)        0.124     7.350 r  result_guard/product_ii_reg_i_1/O
                         net (fo=11, routed)          0.475     7.825    result_guard/input_accept
    SLICE_X19Y4          LUT2 (Prop_lut2_I0_O)        0.124     7.949 r  result_guard/expected_bin_index[8]_i_1/O
                         net (fo=88, routed)          0.834     8.784    joiner/kernel_rom/E[0]
    SLICE_X12Y4          FDRE                                         r  joiner/kernel_rom/output_bin_index_reg[0]/CE
  -------------------------------------------------------------------    -------------------

                         (clock island_175 rise edge)
                                                      5.714     5.714 r  
                                                      0.000     5.714 r  fft_clk (IN)
                         net (fo=4594, unset)         0.924     6.638    joiner/kernel_rom/fft_clk
    SLICE_X12Y4          FDRE                                         r  joiner/kernel_rom/output_bin_index_reg[0]/C
                         clock pessimism              0.000     6.638    
                         clock uncertainty           -0.035     6.603    
    SLICE_X12Y4          FDRE (Setup_fdre_C_CE)      -0.169     6.434    joiner/kernel_rom/output_bin_index_reg[0]
  -------------------------------------------------------------------
                         required time                          6.434    
                         arrival time                          -8.784    
  -------------------------------------------------------------------
                         slack                                 -2.350    

Slack (VIOLATED) :        -2.350ns  (required time - arrival time)
  Source:                 product_bank/metadata_out_hold_reg[3]/C
                            (rising edge-triggered cell FDRE clocked by island_175  {rise@0.000ns fall@2.857ns period=5.714ns})
  Destination:            joiner/kernel_rom/output_bin_index_reg[7]/CE
                            (rising edge-triggered cell FDRE clocked by island_175  {rise@0.000ns fall@2.857ns period=5.714ns})
  Path Group:             island_175
  Path Type:              Setup (Max at Slow Process Corner)
  Requirement:            5.714ns  (island_175 rise@5.714ns - island_175 rise@0.000ns)
  Data Path Delay:        7.811ns  (logic 2.444ns (31.291%)  route 5.367ns (68.709%))
  Logic Levels:           13  (CARRY4=6 LUT2=2 LUT6=5)
  Clock Path Skew:        -0.049ns (DCD - SCD + CPR)
    Destination Clock Delay (DCD):    0.924ns = ( 6.638 - 5.714 ) 
    Source Clock Delay      (SCD):    0.973ns
    Clock Pessimism Removal (CPR):    0.000ns
  Clock Uncertainty:      0.035ns  ((TSJ^2 + TIJ^2)^1/2 + DJ) / 2 + PE
    Total System Jitter     (TSJ):    0.071ns
    Total Input Jitter      (TIJ):    0.000ns
    Discrete Jitter          (DJ):    0.000ns
    Phase Error              (PE):    0.000ns

    Location             Delay type                Incr(ns)  Path(ns)    Netlist Resource(s)
  -------------------------------------------------------------------    -------------------
                         (clock island_175 rise edge)
                                                      0.000     0.000 r  
                                                      0.000     0.000 r  fft_clk (IN)
                         net (fo=4594, unset)         0.973     0.973    product_bank/fft_clk
    SLICE_X26Y2          FDRE                                         r  product_bank/metadata_out_hold_reg[3]/C
  -------------------------------------------------------------------    -------------------
    SLICE_X26Y2          FDRE (Prop_fdre_C_Q)         0.456     1.429 r  product_bank/metadata_out_hold_reg[3]/Q
                         net (fo=2, routed)           0.796     2.225    product_bank/product_bank_metadata[3]
    SLICE_X24Y4          LUT2 (Prop_lut2_I1_O)        0.124     2.349 r  product_bank/descriptor[3]_i_1/O
                         net (fo=3, routed)           0.885     3.234    input_guard/metadata_valid0_carry__4_0[3]
    SLICE_X26Y3          LUT6 (Prop_lut6_I3_O)        0.124     3.358 r  input_guard/metadata_valid0_carry_i_3/O
                         net (fo=1, routed)           0.000     3.358    input_guard/metadata_valid0_carry_i_3_n_0
    SLICE_X26Y3          CARRY4 (Prop_carry4_S[1]_CO[3])
                                                      0.550     3.908 r  input_guard/metadata_valid0_carry/CO[3]
                         net (fo=1, routed)           0.000     3.908    input_guard/metadata_valid0_carry_n_0
    SLICE_X26Y4          CARRY4 (Prop_carry4_CI_CO[3])
                                                      0.114     4.022 r  input_guard/metadata_valid0_carry__0/CO[3]
                         net (fo=1, routed)           0.000     4.022    input_guard/metadata_valid0_carry__0_n_0
    SLICE_X26Y5          CARRY4 (Prop_carry4_CI_CO[3])
                                                      0.114     4.136 r  input_guard/metadata_valid0_carry__1/CO[3]
                         net (fo=1, routed)           0.000     4.136    input_guard/metadata_valid0_carry__1_n_0
    SLICE_X26Y6          CARRY4 (Prop_carry4_CI_CO[3])
                                                      0.114     4.250 r  input_guard/metadata_valid0_carry__2/CO[3]
                         net (fo=1, routed)           0.000     4.250    input_guard/metadata_valid0_carry__2_n_0
    SLICE_X26Y7          CARRY4 (Prop_carry4_CI_CO[3])
                                                      0.114     4.364 r  input_guard/metadata_valid0_carry__3/CO[3]
                         net (fo=1, routed)           0.000     4.364    input_guard/metadata_valid0_carry__3_n_0
    SLICE_X26Y8          CARRY4 (Prop_carry4_CI_CO[3])
                                                      0.114     4.478 r  input_guard/metadata_valid0_carry__4/CO[3]
                         net (fo=2, routed)           1.035     5.513    input_guard/metadata_valid0
    SLICE_X20Y6          LUT6 (Prop_lut6_I3_O)        0.124     5.637 f  input_guard/descriptor[69]_i_3_comp/O
                         net (fo=8, routed)           0.185     5.822    product_bank/request_toggle_reg_0
    SLICE_X20Y6          LUT6 (Prop_lut6_I2_O)        0.124     5.946 r  product_bank/state[3]_i_2_comp/O
                         net (fo=11, routed)          0.527     6.473    result_guard/state_reg[3]_0
    SLICE_X19Y5          LUT6 (Prop_lut6_I3_O)        0.124     6.597 f  result_guard/product_ii_reg_i_3_comp_2/O
                         net (fo=1, routed)           0.629     7.226    result_guard/product_ii_reg_i_3_n_0
    SLICE_X17Y5          LUT6 (Prop_lut6_I1_O)        0.124     7.350 r  result_guard/product_ii_reg_i_1/O
                         net (fo=11, routed)          0.475     7.825    result_guard/input_accept
    SLICE_X19Y4          LUT2 (Prop_lut2_I0_O)        0.124     7.949 r  result_guard/expected_bin_index[8]_i_1/O
                         net (fo=88, routed)          0.834     8.784    joiner/kernel_rom/E[0]
    SLICE_X12Y4          FDRE                                         r  joiner/kernel_rom/output_bin_index_reg[7]/CE
  -------------------------------------------------------------------    -------------------

                         (clock island_175 rise edge)
                                                      5.714     5.714 r  
                                                      0.000     5.714 r  fft_clk (IN)
                         net (fo=4594, unset)         0.924     6.638    joiner/kernel_rom/fft_clk
    SLICE_X12Y4          FDRE                                         r  joiner/kernel_rom/output_bin_index_reg[7]/C
                         clock pessimism              0.000     6.638    
                         clock uncertainty           -0.035     6.603    
    SLICE_X12Y4          FDRE (Setup_fdre_C_CE)      -0.169     6.434    joiner/kernel_rom/output_bin_index_reg[7]
  -------------------------------------------------------------------
                         required time                          6.434    
                         arrival time                          -8.784    
  -------------------------------------------------------------------
                         slack                                 -2.350    

Slack (VIOLATED) :        -2.350ns  (required time - arrival time)
  Source:                 product_bank/metadata_out_hold_reg[3]/C
                            (rising edge-triggered cell FDRE clocked by island_175  {rise@0.000ns fall@2.857ns period=5.714ns})
  Destination:            joiner/kernel_rom/output_block_exponent_reg[1]/CE
                            (rising edge-triggered cell FDRE clocked by island_175  {rise@0.000ns fall@2.857ns period=5.714ns})
  Path Group:             island_175
  Path Type:              Setup (Max at Slow Process Corner)
  Requirement:            5.714ns  (island_175 rise@5.714ns - island_175 rise@0.000ns)
  Data Path Delay:        7.811ns  (logic 2.444ns (31.291%)  route 5.367ns (68.709%))
  Logic Levels:           13  (CARRY4=6 LUT2=2 LUT6=5)
  Clock Path Skew:        -0.049ns (DCD - SCD + CPR)
    Destination Clock Delay (DCD):    0.924ns = ( 6.638 - 5.714 ) 
    Source Clock Delay      (SCD):    0.973ns
    Clock Pessimism Removal (CPR):    0.000ns
  Clock Uncertainty:      0.035ns  ((TSJ^2 + TIJ^2)^1/2 + DJ) / 2 + PE
    Total System Jitter     (TSJ):    0.071ns
    Total Input Jitter      (TIJ):    0.000ns
    Discrete Jitter          (DJ):    0.000ns
    Phase Error              (PE):    0.000ns

    Location             Delay type                Incr(ns)  Path(ns)    Netlist Resource(s)
  -------------------------------------------------------------------    -------------------
                         (clock island_175 rise edge)
                                                      0.000     0.000 r  
                                                      0.000     0.000 r  fft_clk (IN)
                         net (fo=4594, unset)         0.973     0.973    product_bank/fft_clk
    SLICE_X26Y2          FDRE                                         r  product_bank/metadata_out_hold_reg[3]/C
  -------------------------------------------------------------------    -------------------
    SLICE_X26Y2          FDRE (Prop_fdre_C_Q)         0.456     1.429 r  product_bank/metadata_out_hold_reg[3]/Q
                         net (fo=2, routed)           0.796     2.225    product_bank/product_bank_metadata[3]
    SLICE_X24Y4          LUT2 (Prop_lut2_I1_O)        0.124     2.349 r  product_bank/descriptor[3]_i_1/O
                         net (fo=3, routed)           0.885     3.234    input_guard/metadata_valid0_carry__4_0[3]
    SLICE_X26Y3          LUT6 (Prop_lut6_I3_O)        0.124     3.358 r  input_guard/metadata_valid0_carry_i_3/O
                         net (fo=1, routed)           0.000     3.358    input_guard/metadata_valid0_carry_i_3_n_0
    SLICE_X26Y3          CARRY4 (Prop_carry4_S[1]_CO[3])
                                                      0.550     3.908 r  input_guard/metadata_valid0_carry/CO[3]
                         net (fo=1, routed)           0.000     3.908    input_guard/metadata_valid0_carry_n_0
    SLICE_X26Y4          CARRY4 (Prop_carry4_CI_CO[3])
                                                      0.114     4.022 r  input_guard/metadata_valid0_carry__0/CO[3]
                         net (fo=1, routed)           0.000     4.022    input_guard/metadata_valid0_carry__0_n_0
    SLICE_X26Y5          CARRY4 (Prop_carry4_CI_CO[3])
                                                      0.114     4.136 r  input_guard/metadata_valid0_carry__1/CO[3]
                         net (fo=1, routed)           0.000     4.136    input_guard/metadata_valid0_carry__1_n_0
    SLICE_X26Y6          CARRY4 (Prop_carry4_CI_CO[3])
                                                      0.114     4.250 r  input_guard/metadata_valid0_carry__2/CO[3]
                         net (fo=1, routed)           0.000     4.250    input_guard/metadata_valid0_carry__2_n_0
    SLICE_X26Y7          CARRY4 (Prop_carry4_CI_CO[3])
                                                      0.114     4.364 r  input_guard/metadata_valid0_carry__3/CO[3]
                         net (fo=1, routed)           0.000     4.364    input_guard/metadata_valid0_carry__3_n_0
    SLICE_X26Y8          CARRY4 (Prop_carry4_CI_CO[3])
                                                      0.114     4.478 r  input_guard/metadata_valid0_carry__4/CO[3]
                         net (fo=2, routed)           1.035     5.513    input_guard/metadata_valid0
    SLICE_X20Y6          LUT6 (Prop_lut6_I3_O)        0.124     5.637 f  input_guard/descriptor[69]_i_3_comp/O
                         net (fo=8, routed)           0.185     5.822    product_bank/request_toggle_reg_0
    SLICE_X20Y6          LUT6 (Prop_lut6_I2_O)        0.124     5.946 r  product_bank/state[3]_i_2_comp/O
                         net (fo=11, routed)          0.527     6.473    result_guard/state_reg[3]_0
    SLICE_X19Y5          LUT6 (Prop_lut6_I3_O)        0.124     6.597 f  result_guard/product_ii_reg_i_3_comp_2/O
                         net (fo=1, routed)           0.629     7.226    result_guard/product_ii_reg_i_3_n_0
    SLICE_X17Y5          LUT6 (Prop_lut6_I1_O)        0.124     7.350 r  result_guard/product_ii_reg_i_1/O
                         net (fo=11, routed)          0.475     7.825    result_guard/input_accept
    SLICE_X19Y4          LUT2 (Prop_lut2_I0_O)        0.124     7.949 r  result_guard/expected_bin_index[8]_i_1/O
                         net (fo=88, routed)          0.834     8.784    joiner/kernel_rom/E[0]
    SLICE_X12Y4          FDRE                                         r  joiner/kernel_rom/output_block_exponent_reg[1]/CE
  -------------------------------------------------------------------    -------------------

                         (clock island_175 rise edge)
                                                      5.714     5.714 r  
                                                      0.000     5.714 r  fft_clk (IN)
                         net (fo=4594, unset)         0.924     6.638    joiner/kernel_rom/fft_clk
    SLICE_X12Y4          FDRE                                         r  joiner/kernel_rom/output_block_exponent_reg[1]/C
                         clock pessimism              0.000     6.638    
                         clock uncertainty           -0.035     6.603    
    SLICE_X12Y4          FDRE (Setup_fdre_C_CE)      -0.169     6.434    joiner/kernel_rom/output_block_exponent_reg[1]
  -------------------------------------------------------------------
                         required time                          6.434    
                         arrival time                          -8.784    
  -------------------------------------------------------------------
                         slack                                 -2.350    

Slack (VIOLATED) :        -2.350ns  (required time - arrival time)
  Source:                 product_bank/metadata_out_hold_reg[3]/C
                            (rising edge-triggered cell FDRE clocked by island_175  {rise@0.000ns fall@2.857ns period=5.714ns})
  Destination:            joiner/kernel_rom/output_block_start_index_reg[32]/CE
                            (rising edge-triggered cell FDRE clocked by island_175  {rise@0.000ns fall@2.857ns period=5.714ns})
  Path Group:             island_175
  Path Type:              Setup (Max at Slow Process Corner)
  Requirement:            5.714ns  (island_175 rise@5.714ns - island_175 rise@0.000ns)
  Data Path Delay:        7.811ns  (logic 2.444ns (31.291%)  route 5.367ns (68.709%))
  Logic Levels:           13  (CARRY4=6 LUT2=2 LUT6=5)
  Clock Path Skew:        -0.049ns (DCD - SCD + CPR)
    Destination Clock Delay (DCD):    0.924ns = ( 6.638 - 5.714 ) 
    Source Clock Delay      (SCD):    0.973ns
    Clock Pessimism Removal (CPR):    0.000ns
  Clock Uncertainty:      0.035ns  ((TSJ^2 + TIJ^2)^1/2 + DJ) / 2 + PE
    Total System Jitter     (TSJ):    0.071ns
    Total Input Jitter      (TIJ):    0.000ns
    Discrete Jitter          (DJ):    0.000ns
    Phase Error              (PE):    0.000ns

    Location             Delay type                Incr(ns)  Path(ns)    Netlist Resource(s)
  -------------------------------------------------------------------    -------------------
                         (clock island_175 rise edge)
                                                      0.000     0.000 r  
                                                      0.000     0.000 r  fft_clk (IN)
                         net (fo=4594, unset)         0.973     0.973    product_bank/fft_clk
    SLICE_X26Y2          FDRE                                         r  product_bank/metadata_out_hold_reg[3]/C
  -------------------------------------------------------------------    -------------------
    SLICE_X26Y2          FDRE (Prop_fdre_C_Q)         0.456     1.429 r  product_bank/metadata_out_hold_reg[3]/Q
                         net (fo=2, routed)           0.796     2.225    product_bank/product_bank_metadata[3]
    SLICE_X24Y4          LUT2 (Prop_lut2_I1_O)        0.124     2.349 r  product_bank/descriptor[3]_i_1/O
                         net (fo=3, routed)           0.885     3.234    input_guard/metadata_valid0_carry__4_0[3]
    SLICE_X26Y3          LUT6 (Prop_lut6_I3_O)        0.124     3.358 r  input_guard/metadata_valid0_carry_i_3/O
                         net (fo=1, routed)           0.000     3.358    input_guard/metadata_valid0_carry_i_3_n_0
    SLICE_X26Y3          CARRY4 (Prop_carry4_S[1]_CO[3])
                                                      0.550     3.908 r  input_guard/metadata_valid0_carry/CO[3]
                         net (fo=1, routed)           0.000     3.908    input_guard/metadata_valid0_carry_n_0
    SLICE_X26Y4          CARRY4 (Prop_carry4_CI_CO[3])
                                                      0.114     4.022 r  input_guard/metadata_valid0_carry__0/CO[3]
                         net (fo=1, routed)           0.000     4.022    input_guard/metadata_valid0_carry__0_n_0
    SLICE_X26Y5          CARRY4 (Prop_carry4_CI_CO[3])
                                                      0.114     4.136 r  input_guard/metadata_valid0_carry__1/CO[3]
                         net (fo=1, routed)           0.000     4.136    input_guard/metadata_valid0_carry__1_n_0
    SLICE_X26Y6          CARRY4 (Prop_carry4_CI_CO[3])
                                                      0.114     4.250 r  input_guard/metadata_valid0_carry__2/CO[3]
                         net (fo=1, routed)           0.000     4.250    input_guard/metadata_valid0_carry__2_n_0
    SLICE_X26Y7          CARRY4 (Prop_carry4_CI_CO[3])
                                                      0.114     4.364 r  input_guard/metadata_valid0_carry__3/CO[3]
                         net (fo=1, routed)           0.000     4.364    input_guard/metadata_valid0_carry__3_n_0
    SLICE_X26Y8          CARRY4 (Prop_carry4_CI_CO[3])
                                                      0.114     4.478 r  input_guard/metadata_valid0_carry__4/CO[3]
                         net (fo=2, routed)           1.035     5.513    input_guard/metadata_valid0
    SLICE_X20Y6          LUT6 (Prop_lut6_I3_O)        0.124     5.637 f  input_guard/descriptor[69]_i_3_comp/O
                         net (fo=8, routed)           0.185     5.822    product_bank/request_toggle_reg_0
    SLICE_X20Y6          LUT6 (Prop_lut6_I2_O)        0.124     5.946 r  product_bank/state[3]_i_2_comp/O
                         net (fo=11, routed)          0.527     6.473    result_guard/state_reg[3]_0
    SLICE_X19Y5          LUT6 (Prop_lut6_I3_O)        0.124     6.597 f  result_guard/product_ii_reg_i_3_comp_2/O
                         net (fo=1, routed)           0.629     7.226    result_guard/product_ii_reg_i_3_n_0
    SLICE_X17Y5          LUT6 (Prop_lut6_I1_O)        0.124     7.350 r  result_guard/product_ii_reg_i_1/O
                         net (fo=11, routed)          0.475     7.825    result_guard/input_accept
    SLICE_X19Y4          LUT2 (Prop_lut2_I0_O)        0.124     7.949 r  result_guard/expected_bin_index[8]_i_1/O
                         net (fo=88, routed)          0.834     8.784    joiner/kernel_rom/E[0]
    SLICE_X12Y4          FDRE                                         r  joiner/kernel_rom/output_block_start_index_reg[32]/CE
  -------------------------------------------------------------------    -------------------

                         (clock island_175 rise edge)
                                                      5.714     5.714 r  
                                                      0.000     5.714 r  fft_clk (IN)
                         net (fo=4594, unset)         0.924     6.638    joiner/kernel_rom/fft_clk
    SLICE_X12Y4          FDRE                                         r  joiner/kernel_rom/output_block_start_index_reg[32]/C
                         clock pessimism              0.000     6.638    
                         clock uncertainty           -0.035     6.603    
    SLICE_X12Y4          FDRE (Setup_fdre_C_CE)      -0.169     6.434    joiner/kernel_rom/output_block_start_index_reg[32]
  -------------------------------------------------------------------
                         required time                          6.434    
                         arrival time                          -8.784    
  -------------------------------------------------------------------
                         slack                                 -2.350    

Slack (VIOLATED) :        -2.350ns  (required time - arrival time)
  Source:                 product_bank/metadata_out_hold_reg[3]/C
                            (rising edge-triggered cell FDRE clocked by island_175  {rise@0.000ns fall@2.857ns period=5.714ns})
  Destination:            joiner/kernel_rom/output_block_start_index_reg[33]/CE
                            (rising edge-triggered cell FDRE clocked by island_175  {rise@0.000ns fall@2.857ns period=5.714ns})
  Path Group:             island_175
  Path Type:              Setup (Max at Slow Process Corner)
  Requirement:            5.714ns  (island_175 rise@5.714ns - island_175 rise@0.000ns)
  Data Path Delay:        7.811ns  (logic 2.444ns (31.291%)  route 5.367ns (68.709%))
  Logic Levels:           13  (CARRY4=6 LUT2=2 LUT6=5)
  Clock Path Skew:        -0.049ns (DCD - SCD + CPR)
    Destination Clock Delay (DCD):    0.924ns = ( 6.638 - 5.714 ) 
    Source Clock Delay      (SCD):    0.973ns
    Clock Pessimism Removal (CPR):    0.000ns
  Clock Uncertainty:      0.035ns  ((TSJ^2 + TIJ^2)^1/2 + DJ) / 2 + PE
    Total System Jitter     (TSJ):    0.071ns
    Total Input Jitter      (TIJ):    0.000ns
    Discrete Jitter          (DJ):    0.000ns
    Phase Error              (PE):    0.000ns

    Location             Delay type                Incr(ns)  Path(ns)    Netlist Resource(s)
  -------------------------------------------------------------------    -------------------
                         (clock island_175 rise edge)
                                                      0.000     0.000 r  
                                                      0.000     0.000 r  fft_clk (IN)
                         net (fo=4594, unset)         0.973     0.973    product_bank/fft_clk
    SLICE_X26Y2          FDRE                                         r  product_bank/metadata_out_hold_reg[3]/C
  -------------------------------------------------------------------    -------------------
    SLICE_X26Y2          FDRE (Prop_fdre_C_Q)         0.456     1.429 r  product_bank/metadata_out_hold_reg[3]/Q
                         net (fo=2, routed)           0.796     2.225    product_bank/product_bank_metadata[3]
    SLICE_X24Y4          LUT2 (Prop_lut2_I1_O)        0.124     2.349 r  product_bank/descriptor[3]_i_1/O
                         net (fo=3, routed)           0.885     3.234    input_guard/metadata_valid0_carry__4_0[3]
    SLICE_X26Y3          LUT6 (Prop_lut6_I3_O)        0.124     3.358 r  input_guard/metadata_valid0_carry_i_3/O
                         net (fo=1, routed)           0.000     3.358    input_guard/metadata_valid0_carry_i_3_n_0
    SLICE_X26Y3          CARRY4 (Prop_carry4_S[1]_CO[3])
                                                      0.550     3.908 r  input_guard/metadata_valid0_carry/CO[3]
                         net (fo=1, routed)           0.000     3.908    input_guard/metadata_valid0_carry_n_0
    SLICE_X26Y4          CARRY4 (Prop_carry4_CI_CO[3])
                                                      0.114     4.022 r  input_guard/metadata_valid0_carry__0/CO[3]
                         net (fo=1, routed)           0.000     4.022    input_guard/metadata_valid0_carry__0_n_0
    SLICE_X26Y5          CARRY4 (Prop_carry4_CI_CO[3])
                                                      0.114     4.136 r  input_guard/metadata_valid0_carry__1/CO[3]
                         net (fo=1, routed)           0.000     4.136    input_guard/metadata_valid0_carry__1_n_0
    SLICE_X26Y6          CARRY4 (Prop_carry4_CI_CO[3])
                                                      0.114     4.250 r  input_guard/metadata_valid0_carry__2/CO[3]
                         net (fo=1, routed)           0.000     4.250    input_guard/metadata_valid0_carry__2_n_0
    SLICE_X26Y7          CARRY4 (Prop_carry4_CI_CO[3])
                                                      0.114     4.364 r  input_guard/metadata_valid0_carry__3/CO[3]
                         net (fo=1, routed)           0.000     4.364    input_guard/metadata_valid0_carry__3_n_0
    SLICE_X26Y8          CARRY4 (Prop_carry4_CI_CO[3])
                                                      0.114     4.478 r  input_guard/metadata_valid0_carry__4/CO[3]
                         net (fo=2, routed)           1.035     5.513    input_guard/metadata_valid0
    SLICE_X20Y6          LUT6 (Prop_lut6_I3_O)        0.124     5.637 f  input_guard/descriptor[69]_i_3_comp/O
                         net (fo=8, routed)           0.185     5.822    product_bank/request_toggle_reg_0
    SLICE_X20Y6          LUT6 (Prop_lut6_I2_O)        0.124     5.946 r  product_bank/state[3]_i_2_comp/O
                         net (fo=11, routed)          0.527     6.473    result_guard/state_reg[3]_0
    SLICE_X19Y5          LUT6 (Prop_lut6_I3_O)        0.124     6.597 f  result_guard/product_ii_reg_i_3_comp_2/O
                         net (fo=1, routed)           0.629     7.226    result_guard/product_ii_reg_i_3_n_0
    SLICE_X17Y5          LUT6 (Prop_lut6_I1_O)        0.124     7.350 r  result_guard/product_ii_reg_i_1/O
                         net (fo=11, routed)          0.475     7.825    result_guard/input_accept
    SLICE_X19Y4          LUT2 (Prop_lut2_I0_O)        0.124     7.949 r  result_guard/expected_bin_index[8]_i_1/O
                         net (fo=88, routed)          0.834     8.784    joiner/kernel_rom/E[0]
    SLICE_X12Y4          FDRE                                         r  joiner/kernel_rom/output_block_start_index_reg[33]/CE
  -------------------------------------------------------------------    -------------------

                         (clock island_175 rise edge)
                                                      5.714     5.714 r  
                                                      0.000     5.714 r  fft_clk (IN)
                         net (fo=4594, unset)         0.924     6.638    joiner/kernel_rom/fft_clk
    SLICE_X12Y4          FDRE                                         r  joiner/kernel_rom/output_block_start_index_reg[33]/C
                         clock pessimism              0.000     6.638    
                         clock uncertainty           -0.035     6.603    
    SLICE_X12Y4          FDRE (Setup_fdre_C_CE)      -0.169     6.434    joiner/kernel_rom/output_block_start_index_reg[33]
  -------------------------------------------------------------------
                         required time                          6.434    
                         arrival time                          -8.784    
  -------------------------------------------------------------------
                         slack                                 -2.350    

Slack (VIOLATED) :        -2.350ns  (required time - arrival time)
  Source:                 product_bank/metadata_out_hold_reg[3]/C
                            (rising edge-triggered cell FDRE clocked by island_175  {rise@0.000ns fall@2.857ns period=5.714ns})
  Destination:            joiner/kernel_rom/output_block_start_index_reg[38]/CE
                            (rising edge-triggered cell FDRE clocked by island_175  {rise@0.000ns fall@2.857ns period=5.714ns})
  Path Group:             island_175
  Path Type:              Setup (Max at Slow Process Corner)
  Requirement:            5.714ns  (island_175 rise@5.714ns - island_175 rise@0.000ns)
  Data Path Delay:        7.811ns  (logic 2.444ns (31.291%)  route 5.367ns (68.709%))
  Logic Levels:           13  (CARRY4=6 LUT2=2 LUT6=5)
  Clock Path Skew:        -0.049ns (DCD - SCD + CPR)
    Destination Clock Delay (DCD):    0.924ns = ( 6.638 - 5.714 ) 
    Source Clock Delay      (SCD):    0.973ns
    Clock Pessimism Removal (CPR):    0.000ns
  Clock Uncertainty:      0.035ns  ((TSJ^2 + TIJ^2)^1/2 + DJ) / 2 + PE
    Total System Jitter     (TSJ):    0.071ns
    Total Input Jitter      (TIJ):    0.000ns
    Discrete Jitter          (DJ):    0.000ns
    Phase Error              (PE):    0.000ns

    Location             Delay type                Incr(ns)  Path(ns)    Netlist Resource(s)
  -------------------------------------------------------------------    -------------------
                         (clock island_175 rise edge)
                                                      0.000     0.000 r  
                                                      0.000     0.000 r  fft_clk (IN)
                         net (fo=4594, unset)         0.973     0.973    product_bank/fft_clk
    SLICE_X26Y2          FDRE                                         r  product_bank/metadata_out_hold_reg[3]/C
  -------------------------------------------------------------------    -------------------
    SLICE_X26Y2          FDRE (Prop_fdre_C_Q)         0.456     1.429 r  product_bank/metadata_out_hold_reg[3]/Q
                         net (fo=2, routed)           0.796     2.225    product_bank/product_bank_metadata[3]
    SLICE_X24Y4          LUT2 (Prop_lut2_I1_O)        0.124     2.349 r  product_bank/descriptor[3]_i_1/O
                         net (fo=3, routed)           0.885     3.234    input_guard/metadata_valid0_carry__4_0[3]
    SLICE_X26Y3          LUT6 (Prop_lut6_I3_O)        0.124     3.358 r  input_guard/metadata_valid0_carry_i_3/O
                         net (fo=1, routed)           0.000     3.358    input_guard/metadata_valid0_carry_i_3_n_0
    SLICE_X26Y3          CARRY4 (Prop_carry4_S[1]_CO[3])
                                                      0.550     3.908 r  input_guard/metadata_valid0_carry/CO[3]
                         net (fo=1, routed)           0.000     3.908    input_guard/metadata_valid0_carry_n_0
    SLICE_X26Y4          CARRY4 (Prop_carry4_CI_CO[3])
                                                      0.114     4.022 r  input_guard/metadata_valid0_carry__0/CO[3]
                         net (fo=1, routed)           0.000     4.022    input_guard/metadata_valid0_carry__0_n_0
    SLICE_X26Y5          CARRY4 (Prop_carry4_CI_CO[3])
                                                      0.114     4.136 r  input_guard/metadata_valid0_carry__1/CO[3]
                         net (fo=1, routed)           0.000     4.136    input_guard/metadata_valid0_carry__1_n_0
    SLICE_X26Y6          CARRY4 (Prop_carry4_CI_CO[3])
                                                      0.114     4.250 r  input_guard/metadata_valid0_carry__2/CO[3]
                         net (fo=1, routed)           0.000     4.250    input_guard/metadata_valid0_carry__2_n_0
    SLICE_X26Y7          CARRY4 (Prop_carry4_CI_CO[3])
                                                      0.114     4.364 r  input_guard/metadata_valid0_carry__3/CO[3]
                         net (fo=1, routed)           0.000     4.364    input_guard/metadata_valid0_carry__3_n_0
    SLICE_X26Y8          CARRY4 (Prop_carry4_CI_CO[3])
                                                      0.114     4.478 r  input_guard/metadata_valid0_carry__4/CO[3]
                         net (fo=2, routed)           1.035     5.513    input_guard/metadata_valid0
    SLICE_X20Y6          LUT6 (Prop_lut6_I3_O)        0.124     5.637 f  input_guard/descriptor[69]_i_3_comp/O
                         net (fo=8, routed)           0.185     5.822    product_bank/request_toggle_reg_0
    SLICE_X20Y6          LUT6 (Prop_lut6_I2_O)        0.124     5.946 r  product_bank/state[3]_i_2_comp/O
                         net (fo=11, routed)          0.527     6.473    result_guard/state_reg[3]_0
    SLICE_X19Y5          LUT6 (Prop_lut6_I3_O)        0.124     6.597 f  result_guard/product_ii_reg_i_3_comp_2/O
                         net (fo=1, routed)           0.629     7.226    result_guard/product_ii_reg_i_3_n_0
    SLICE_X17Y5          LUT6 (Prop_lut6_I1_O)        0.124     7.350 r  result_guard/product_ii_reg_i_1/O
                         net (fo=11, routed)          0.475     7.825    result_guard/input_accept
    SLICE_X19Y4          LUT2 (Prop_lut2_I0_O)        0.124     7.949 r  result_guard/expected_bin_index[8]_i_1/O
                         net (fo=88, routed)          0.834     8.784    joiner/kernel_rom/E[0]
    SLICE_X12Y4          FDRE                                         r  joiner/kernel_rom/output_block_start_index_reg[38]/CE
  -------------------------------------------------------------------    -------------------

                         (clock island_175 rise edge)
                                                      5.714     5.714 r  
                                                      0.000     5.714 r  fft_clk (IN)
                         net (fo=4594, unset)         0.924     6.638    joiner/kernel_rom/fft_clk
    SLICE_X12Y4          FDRE                                         r  joiner/kernel_rom/output_block_start_index_reg[38]/C
                         clock pessimism              0.000     6.638    
                         clock uncertainty           -0.035     6.603    
    SLICE_X12Y4          FDRE (Setup_fdre_C_CE)      -0.169     6.434    joiner/kernel_rom/output_block_start_index_reg[38]
  -------------------------------------------------------------------
                         required time                          6.434    
                         arrival time                          -8.784    
  -------------------------------------------------------------------
                         slack                                 -2.350    

Slack (VIOLATED) :        -2.350ns  (required time - arrival time)
  Source:                 product_bank/metadata_out_hold_reg[3]/C
                            (rising edge-triggered cell FDRE clocked by island_175  {rise@0.000ns fall@2.857ns period=5.714ns})
  Destination:            joiner/kernel_rom/output_block_start_index_reg[39]/CE
                            (rising edge-triggered cell FDRE clocked by island_175  {rise@0.000ns fall@2.857ns period=5.714ns})
  Path Group:             island_175
  Path Type:              Setup (Max at Slow Process Corner)
  Requirement:            5.714ns  (island_175 rise@5.714ns - island_175 rise@0.000ns)
  Data Path Delay:        7.811ns  (logic 2.444ns (31.291%)  route 5.367ns (68.709%))
  Logic Levels:           13  (CARRY4=6 LUT2=2 LUT6=5)
  Clock Path Skew:        -0.049ns (DCD - SCD + CPR)
    Destination Clock Delay (DCD):    0.924ns = ( 6.638 - 5.714 ) 
    Source Clock Delay      (SCD):    0.973ns
    Clock Pessimism Removal (CPR):    0.000ns
  Clock Uncertainty:      0.035ns  ((TSJ^2 + TIJ^2)^1/2 + DJ) / 2 + PE
    Total System Jitter     (TSJ):    0.071ns
    Total Input Jitter      (TIJ):    0.000ns
    Discrete Jitter          (DJ):    0.000ns
    Phase Error              (PE):    0.000ns

    Location             Delay type                Incr(ns)  Path(ns)    Netlist Resource(s)
  -------------------------------------------------------------------    -------------------
                         (clock island_175 rise edge)
                                                      0.000     0.000 r  
                                                      0.000     0.000 r  fft_clk (IN)
                         net (fo=4594, unset)         0.973     0.973    product_bank/fft_clk
    SLICE_X26Y2          FDRE                                         r  product_bank/metadata_out_hold_reg[3]/C
  -------------------------------------------------------------------    -------------------
    SLICE_X26Y2          FDRE (Prop_fdre_C_Q)         0.456     1.429 r  product_bank/metadata_out_hold_reg[3]/Q
                         net (fo=2, routed)           0.796     2.225    product_bank/product_bank_metadata[3]
    SLICE_X24Y4          LUT2 (Prop_lut2_I1_O)        0.124     2.349 r  product_bank/descriptor[3]_i_1/O
                         net (fo=3, routed)           0.885     3.234    input_guard/metadata_valid0_carry__4_0[3]
    SLICE_X26Y3          LUT6 (Prop_lut6_I3_O)        0.124     3.358 r  input_guard/metadata_valid0_carry_i_3/O
                         net (fo=1, routed)           0.000     3.358    input_guard/metadata_valid0_carry_i_3_n_0
    SLICE_X26Y3          CARRY4 (Prop_carry4_S[1]_CO[3])
                                                      0.550     3.908 r  input_guard/metadata_valid0_carry/CO[3]
                         net (fo=1, routed)           0.000     3.908    input_guard/metadata_valid0_carry_n_0
    SLICE_X26Y4          CARRY4 (Prop_carry4_CI_CO[3])
                                                      0.114     4.022 r  input_guard/metadata_valid0_carry__0/CO[3]
                         net (fo=1, routed)           0.000     4.022    input_guard/metadata_valid0_carry__0_n_0
    SLICE_X26Y5          CARRY4 (Prop_carry4_CI_CO[3])
                                                      0.114     4.136 r  input_guard/metadata_valid0_carry__1/CO[3]
                         net (fo=1, routed)           0.000     4.136    input_guard/metadata_valid0_carry__1_n_0
    SLICE_X26Y6          CARRY4 (Prop_carry4_CI_CO[3])
                                                      0.114     4.250 r  input_guard/metadata_valid0_carry__2/CO[3]
                         net (fo=1, routed)           0.000     4.250    input_guard/metadata_valid0_carry__2_n_0
    SLICE_X26Y7          CARRY4 (Prop_carry4_CI_CO[3])
                                                      0.114     4.364 r  input_guard/metadata_valid0_carry__3/CO[3]
                         net (fo=1, routed)           0.000     4.364    input_guard/metadata_valid0_carry__3_n_0
    SLICE_X26Y8          CARRY4 (Prop_carry4_CI_CO[3])
                                                      0.114     4.478 r  input_guard/metadata_valid0_carry__4/CO[3]
                         net (fo=2, routed)           1.035     5.513    input_guard/metadata_valid0
    SLICE_X20Y6          LUT6 (Prop_lut6_I3_O)        0.124     5.637 f  input_guard/descriptor[69]_i_3_comp/O
                         net (fo=8, routed)           0.185     5.822    product_bank/request_toggle_reg_0
    SLICE_X20Y6          LUT6 (Prop_lut6_I2_O)        0.124     5.946 r  product_bank/state[3]_i_2_comp/O
                         net (fo=11, routed)          0.527     6.473    result_guard/state_reg[3]_0
    SLICE_X19Y5          LUT6 (Prop_lut6_I3_O)        0.124     6.597 f  result_guard/product_ii_reg_i_3_comp_2/O
                         net (fo=1, routed)           0.629     7.226    result_guard/product_ii_reg_i_3_n_0
    SLICE_X17Y5          LUT6 (Prop_lut6_I1_O)        0.124     7.350 r  result_guard/product_ii_reg_i_1/O
                         net (fo=11, routed)          0.475     7.825    result_guard/input_accept
    SLICE_X19Y4          LUT2 (Prop_lut2_I0_O)        0.124     7.949 r  result_guard/expected_bin_index[8]_i_1/O
                         net (fo=88, routed)          0.834     8.784    joiner/kernel_rom/E[0]
    SLICE_X12Y4          FDRE                                         r  joiner/kernel_rom/output_block_start_index_reg[39]/CE
  -------------------------------------------------------------------    -------------------

                         (clock island_175 rise edge)
                                                      5.714     5.714 r  
                                                      0.000     5.714 r  fft_clk (IN)
                         net (fo=4594, unset)         0.924     6.638    joiner/kernel_rom/fft_clk
    SLICE_X12Y4          FDRE                                         r  joiner/kernel_rom/output_block_start_index_reg[39]/C
                         clock pessimism              0.000     6.638    
                         clock uncertainty           -0.035     6.603    
    SLICE_X12Y4          FDRE (Setup_fdre_C_CE)      -0.169     6.434    joiner/kernel_rom/output_block_start_index_reg[39]
  -------------------------------------------------------------------
                         required time                          6.434    
                         arrival time                          -8.784    
  -------------------------------------------------------------------
                         slack                                 -2.350    

Slack (VIOLATED) :        -2.350ns  (required time - arrival time)
  Source:                 product_bank/metadata_out_hold_reg[3]/C
                            (rising edge-triggered cell FDRE clocked by island_175  {rise@0.000ns fall@2.857ns period=5.714ns})
  Destination:            joiner/kernel_rom/output_block_start_index_reg[62]/CE
                            (rising edge-triggered cell FDRE clocked by island_175  {rise@0.000ns fall@2.857ns period=5.714ns})
  Path Group:             island_175
  Path Type:              Setup (Max at Slow Process Corner)
  Requirement:            5.714ns  (island_175 rise@5.714ns - island_175 rise@0.000ns)
  Data Path Delay:        7.811ns  (logic 2.444ns (31.291%)  route 5.367ns (68.709%))
  Logic Levels:           13  (CARRY4=6 LUT2=2 LUT6=5)
  Clock Path Skew:        -0.049ns (DCD - SCD + CPR)
    Destination Clock Delay (DCD):    0.924ns = ( 6.638 - 5.714 ) 
    Source Clock Delay      (SCD):    0.973ns
    Clock Pessimism Removal (CPR):    0.000ns
  Clock Uncertainty:      0.035ns  ((TSJ^2 + TIJ^2)^1/2 + DJ) / 2 + PE
    Total System Jitter     (TSJ):    0.071ns
    Total Input Jitter      (TIJ):    0.000ns
    Discrete Jitter          (DJ):    0.000ns
    Phase Error              (PE):    0.000ns

    Location             Delay type                Incr(ns)  Path(ns)    Netlist Resource(s)
  -------------------------------------------------------------------    -------------------
                         (clock island_175 rise edge)
                                                      0.000     0.000 r  
                                                      0.000     0.000 r  fft_clk (IN)
                         net (fo=4594, unset)         0.973     0.973    product_bank/fft_clk
    SLICE_X26Y2          FDRE                                         r  product_bank/metadata_out_hold_reg[3]/C
  -------------------------------------------------------------------    -------------------
    SLICE_X26Y2          FDRE (Prop_fdre_C_Q)         0.456     1.429 r  product_bank/metadata_out_hold_reg[3]/Q
                         net (fo=2, routed)           0.796     2.225    product_bank/product_bank_metadata[3]
    SLICE_X24Y4          LUT2 (Prop_lut2_I1_O)        0.124     2.349 r  product_bank/descriptor[3]_i_1/O
                         net (fo=3, routed)           0.885     3.234    input_guard/metadata_valid0_carry__4_0[3]
    SLICE_X26Y3          LUT6 (Prop_lut6_I3_O)        0.124     3.358 r  input_guard/metadata_valid0_carry_i_3/O
                         net (fo=1, routed)           0.000     3.358    input_guard/metadata_valid0_carry_i_3_n_0
    SLICE_X26Y3          CARRY4 (Prop_carry4_S[1]_CO[3])
                                                      0.550     3.908 r  input_guard/metadata_valid0_carry/CO[3]
                         net (fo=1, routed)           0.000     3.908    input_guard/metadata_valid0_carry_n_0
    SLICE_X26Y4          CARRY4 (Prop_carry4_CI_CO[3])
                                                      0.114     4.022 r  input_guard/metadata_valid0_carry__0/CO[3]
                         net (fo=1, routed)           0.000     4.022    input_guard/metadata_valid0_carry__0_n_0
    SLICE_X26Y5          CARRY4 (Prop_carry4_CI_CO[3])
                                                      0.114     4.136 r  input_guard/metadata_valid0_carry__1/CO[3]
                         net (fo=1, routed)           0.000     4.136    input_guard/metadata_valid0_carry__1_n_0
    SLICE_X26Y6          CARRY4 (Prop_carry4_CI_CO[3])
                                                      0.114     4.250 r  input_guard/metadata_valid0_carry__2/CO[3]
                         net (fo=1, routed)           0.000     4.250    input_guard/metadata_valid0_carry__2_n_0
    SLICE_X26Y7          CARRY4 (Prop_carry4_CI_CO[3])
                                                      0.114     4.364 r  input_guard/metadata_valid0_carry__3/CO[3]
                         net (fo=1, routed)           0.000     4.364    input_guard/metadata_valid0_carry__3_n_0
    SLICE_X26Y8          CARRY4 (Prop_carry4_CI_CO[3])
                                                      0.114     4.478 r  input_guard/metadata_valid0_carry__4/CO[3]
                         net (fo=2, routed)           1.035     5.513    input_guard/metadata_valid0
    SLICE_X20Y6          LUT6 (Prop_lut6_I3_O)        0.124     5.637 f  input_guard/descriptor[69]_i_3_comp/O
                         net (fo=8, routed)           0.185     5.822    product_bank/request_toggle_reg_0
    SLICE_X20Y6          LUT6 (Prop_lut6_I2_O)        0.124     5.946 r  product_bank/state[3]_i_2_comp/O
                         net (fo=11, routed)          0.527     6.473    result_guard/state_reg[3]_0
    SLICE_X19Y5          LUT6 (Prop_lut6_I3_O)        0.124     6.597 f  result_guard/product_ii_reg_i_3_comp_2/O
                         net (fo=1, routed)           0.629     7.226    result_guard/product_ii_reg_i_3_n_0
    SLICE_X17Y5          LUT6 (Prop_lut6_I1_O)        0.124     7.350 r  result_guard/product_ii_reg_i_1/O
                         net (fo=11, routed)          0.475     7.825    result_guard/input_accept
    SLICE_X19Y4          LUT2 (Prop_lut2_I0_O)        0.124     7.949 r  result_guard/expected_bin_index[8]_i_1/O
                         net (fo=88, routed)          0.834     8.784    joiner/kernel_rom/E[0]
    SLICE_X12Y4          FDRE                                         r  joiner/kernel_rom/output_block_start_index_reg[62]/CE
  -------------------------------------------------------------------    -------------------

                         (clock island_175 rise edge)
                                                      5.714     5.714 r  
                                                      0.000     5.714 r  fft_clk (IN)
                         net (fo=4594, unset)         0.924     6.638    joiner/kernel_rom/fft_clk
    SLICE_X12Y4          FDRE                                         r  joiner/kernel_rom/output_block_start_index_reg[62]/C
                         clock pessimism              0.000     6.638    
                         clock uncertainty           -0.035     6.603    
    SLICE_X12Y4          FDRE (Setup_fdre_C_CE)      -0.169     6.434    joiner/kernel_rom/output_block_start_index_reg[62]
  -------------------------------------------------------------------
                         required time                          6.434    
                         arrival time                          -8.784    
  -------------------------------------------------------------------
                         slack                                 -2.350    

Slack (VIOLATED) :        -2.324ns  (required time - arrival time)
  Source:                 product_bank/metadata_out_hold_reg[3]/C
                            (rising edge-triggered cell FDRE clocked by island_175  {rise@0.000ns fall@2.857ns period=5.714ns})
  Destination:            joiner/kernel_rom/expected_next_block_start_reg[53]/CE
                            (rising edge-triggered cell FDRE clocked by island_175  {rise@0.000ns fall@2.857ns period=5.714ns})
  Path Group:             island_175
  Path Type:              Setup (Max at Slow Process Corner)
  Requirement:            5.714ns  (island_175 rise@5.714ns - island_175 rise@0.000ns)
  Data Path Delay:        7.749ns  (logic 2.444ns (31.538%)  route 5.305ns (68.462%))
  Logic Levels:           13  (CARRY4=6 LUT2=1 LUT6=6)
  Clock Path Skew:        -0.049ns (DCD - SCD + CPR)
    Destination Clock Delay (DCD):    0.924ns = ( 6.638 - 5.714 ) 
    Source Clock Delay      (SCD):    0.973ns
    Clock Pessimism Removal (CPR):    0.000ns
  Clock Uncertainty:      0.035ns  ((TSJ^2 + TIJ^2)^1/2 + DJ) / 2 + PE
    Total System Jitter     (TSJ):    0.071ns
    Total Input Jitter      (TIJ):    0.000ns
    Discrete Jitter          (DJ):    0.000ns
    Phase Error              (PE):    0.000ns

    Location             Delay type                Incr(ns)  Path(ns)    Netlist Resource(s)
  -------------------------------------------------------------------    -------------------
                         (clock island_175 rise edge)
                                                      0.000     0.000 r  
                                                      0.000     0.000 r  fft_clk (IN)
                         net (fo=4594, unset)         0.973     0.973    product_bank/fft_clk
    SLICE_X26Y2          FDRE                                         r  product_bank/metadata_out_hold_reg[3]/C
  -------------------------------------------------------------------    -------------------
    SLICE_X26Y2          FDRE (Prop_fdre_C_Q)         0.456     1.429 r  product_bank/metadata_out_hold_reg[3]/Q
                         net (fo=2, routed)           0.796     2.225    product_bank/product_bank_metadata[3]
    SLICE_X24Y4          LUT2 (Prop_lut2_I1_O)        0.124     2.349 r  product_bank/descriptor[3]_i_1/O
                         net (fo=3, routed)           0.885     3.234    input_guard/metadata_valid0_carry__4_0[3]
    SLICE_X26Y3          LUT6 (Prop_lut6_I3_O)        0.124     3.358 r  input_guard/metadata_valid0_carry_i_3/O
                         net (fo=1, routed)           0.000     3.358    input_guard/metadata_valid0_carry_i_3_n_0
    SLICE_X26Y3          CARRY4 (Prop_carry4_S[1]_CO[3])
                                                      0.550     3.908 r  input_guard/metadata_valid0_carry/CO[3]
                         net (fo=1, routed)           0.000     3.908    input_guard/metadata_valid0_carry_n_0
    SLICE_X26Y4          CARRY4 (Prop_carry4_CI_CO[3])
                                                      0.114     4.022 r  input_guard/metadata_valid0_carry__0/CO[3]
                         net (fo=1, routed)           0.000     4.022    input_guard/metadata_valid0_carry__0_n_0
    SLICE_X26Y5          CARRY4 (Prop_carry4_CI_CO[3])
                                                      0.114     4.136 r  input_guard/metadata_valid0_carry__1/CO[3]
                         net (fo=1, routed)           0.000     4.136    input_guard/metadata_valid0_carry__1_n_0
    SLICE_X26Y6          CARRY4 (Prop_carry4_CI_CO[3])
                                                      0.114     4.250 r  input_guard/metadata_valid0_carry__2/CO[3]
                         net (fo=1, routed)           0.000     4.250    input_guard/metadata_valid0_carry__2_n_0
    SLICE_X26Y7          CARRY4 (Prop_carry4_CI_CO[3])
                                                      0.114     4.364 r  input_guard/metadata_valid0_carry__3/CO[3]
                         net (fo=1, routed)           0.000     4.364    input_guard/metadata_valid0_carry__3_n_0
    SLICE_X26Y8          CARRY4 (Prop_carry4_CI_CO[3])
                                                      0.114     4.478 r  input_guard/metadata_valid0_carry__4/CO[3]
                         net (fo=2, routed)           1.035     5.513    input_guard/metadata_valid0
    SLICE_X20Y6          LUT6 (Prop_lut6_I3_O)        0.124     5.637 f  input_guard/descriptor[69]_i_3_comp/O
                         net (fo=8, routed)           0.185     5.822    product_bank/request_toggle_reg_0
    SLICE_X20Y6          LUT6 (Prop_lut6_I2_O)        0.124     5.946 r  product_bank/state[3]_i_2_comp/O
                         net (fo=11, routed)          0.527     6.473    result_guard/state_reg[3]_0
    SLICE_X19Y5          LUT6 (Prop_lut6_I3_O)        0.124     6.597 f  result_guard/product_ii_reg_i_3_comp_2/O
                         net (fo=1, routed)           0.629     7.226    result_guard/product_ii_reg_i_3_n_0
    SLICE_X17Y5          LUT6 (Prop_lut6_I1_O)        0.124     7.350 r  result_guard/product_ii_reg_i_1/O
                         net (fo=11, routed)          0.467     7.817    joiner/kernel_rom/input_accept
    SLICE_X17Y3          LUT6 (Prop_lut6_I0_O)        0.124     7.941 r  joiner/kernel_rom/expected_next_block_start[63]_i_1/O
                         net (fo=64, routed)          0.781     8.722    joiner/kernel_rom/have_previous_block
    SLICE_X14Y13         FDRE                                         r  joiner/kernel_rom/expected_next_block_start_reg[53]/CE
  -------------------------------------------------------------------    -------------------

                         (clock island_175 rise edge)
                                                      5.714     5.714 r  
                                                      0.000     5.714 r  fft_clk (IN)
                         net (fo=4594, unset)         0.924     6.638    joiner/kernel_rom/fft_clk
    SLICE_X14Y13         FDRE                                         r  joiner/kernel_rom/expected_next_block_start_reg[53]/C
                         clock pessimism              0.000     6.638    
                         clock uncertainty           -0.035     6.603    
    SLICE_X14Y13         FDRE (Setup_fdre_C_CE)      -0.205     6.398    joiner/kernel_rom/expected_next_block_start_reg[53]
  -------------------------------------------------------------------
                         required time                          6.398    
                         arrival time                          -8.722    
  -------------------------------------------------------------------
                         slack                                 -2.324    




