Copyright 1986-2022 Xilinx, Inc. All Rights Reserved.
---------------------------------------------------------------------------------------------------------------------------------------------------------------------------------------------------------------------
| Tool Version : Vivado v.2022.2 (lin64) Build 3671981 Fri Oct 14 04:59:54 MDT 2022
| Date         : Thu Sep 10 09:51:22 2026
| Host         : gauss running 64-bit Ubuntu 26.04 LTS
| Command      : report_timing -from [get_clocks island_175] -to [get_clocks island_175] -delay_type max -max_paths 20 -file /tmp/starlink-completed-input.5EaJuD/exact-control-combined-route-v1/island_175_max.rpt
| Design       : starlink_pss_fft_bank_owned_slice
| Device       : 7z010-clg400
| Speed File   : -1  PRODUCTION 1.12 2019-11-22
---------------------------------------------------------------------------------------------------------------------------------------------------------------------------------------------------------------------

Timing Report

Slack (VIOLATED) :        -1.761ns  (required time - arrival time)
  Source:                 product/output_block_start_index_reg[10]/C
                            (rising edge-triggered cell FDRE clocked by island_175  {rise@0.000ns fall@2.857ns period=5.714ns})
  Destination:            joiner/kernel_rom/output_kernel_word_reg/ENARDEN
                            (rising edge-triggered cell RAMB18E1 clocked by island_175  {rise@0.000ns fall@2.857ns period=5.714ns})
  Path Group:             island_175
  Path Type:              Setup (Max at Slow Process Corner)
  Requirement:            5.714ns  (island_175 rise@5.714ns - island_175 rise@0.000ns)
  Data Path Delay:        6.948ns  (logic 1.572ns (22.626%)  route 5.376ns (77.374%))
  Logic Levels:           9  (LUT3=1 LUT4=1 LUT5=1 LUT6=6)
  Clock Path Skew:        -0.049ns (DCD - SCD + CPR)
    Destination Clock Delay (DCD):    0.924ns = ( 6.638 - 5.714 ) 
    Source Clock Delay      (SCD):    0.973ns
    Clock Pessimism Removal (CPR):    0.000ns
  Clock Uncertainty:      0.035ns  ((TSJ^2 + TIJ^2)^1/2 + DJ) / 2 + PE
    Total System Jitter     (TSJ):    0.071ns
    Total Input Jitter      (TIJ):    0.000ns
    Discrete Jitter          (DJ):    0.000ns
    Phase Error              (PE):    0.000ns

    Location             Delay type                Incr(ns)  Path(ns)    Netlist Resource(s)
  -------------------------------------------------------------------    -------------------
                         (clock island_175 rise edge)
                                                      0.000     0.000 r  
                                                      0.000     0.000 r  fft_clk (IN)
                         net (fo=4721, unset)         0.973     0.973    product/fft_clk
    SLICE_X23Y8          FDRE                                         r  product/output_block_start_index_reg[10]/C
  -------------------------------------------------------------------    -------------------
    SLICE_X23Y8          FDRE (Prop_fdre_C_Q)         0.456     1.429 r  product/output_block_start_index_reg[10]/Q
                         net (fo=2, routed)           1.010     2.439    product_bank/D[15]
    SLICE_X23Y7          LUT6 (Prop_lut6_I0_O)        0.124     2.563 r  product_bank/balanced_metadata.leaf_equal_orig0_inferred__4/i_/O
                         net (fo=1, routed)           0.933     3.496    product_bank/balanced_metadata.leaf_equal[5]
    SLICE_X21Y7          LUT6 (Prop_lut6_I3_O)        0.124     3.620 r  product_bank/balanced_metadata.group_equal_orig0/O
                         net (fo=1, routed)           0.518     4.138    product_bank/balanced_metadata.group_equal[0]
    SLICE_X20Y7          LUT4 (Prop_lut4_I0_O)        0.124     4.262 r  product_bank/request_toggle_i_3/O
                         net (fo=1, routed)           0.161     4.423    product_bank/request_toggle_i_3_n_0
    SLICE_X20Y7          LUT5 (Prop_lut5_I0_O)        0.124     4.547 f  product_bank/request_toggle_i_2/O
                         net (fo=4, routed)           0.514     5.062    product_bank/request_toggle_i_2_n_0
    SLICE_X20Y5          LUT6 (Prop_lut6_I2_O)        0.124     5.186 f  product_bank/fault_reasons[0]_i_5/O
                         net (fo=2, routed)           0.183     5.369    product_bank/fault_reasons[0]_i_5_n_0
    SLICE_X20Y5          LUT6 (Prop_lut6_I0_O)        0.124     5.493 f  product_bank/commit_pulse_i_5/O
                         net (fo=2, routed)           0.512     6.005    result_guard/output_kernel_word_reg_i_2_0
    SLICE_X21Y5          LUT6 (Prop_lut6_I5_O)        0.124     6.129 r  result_guard/output_kernel_word_reg_i_4/O
                         net (fo=1, routed)           0.485     6.614    result_guard/output_kernel_word_reg_i_4_n_0
    SLICE_X21Y3          LUT6 (Prop_lut6_I1_O)        0.124     6.738 r  result_guard/output_kernel_word_reg_i_2_comp/O
                         net (fo=6, routed)           0.473     7.210    result_guard/input_accept
    SLICE_X22Y3          LUT3 (Prop_lut3_I0_O)        0.124     7.334 r  result_guard/output_kernel_word_reg_i_1/O
                         net (fo=2, routed)           0.587     7.921    joiner/kernel_rom/output_kernel_word_reg_1
    RAMB18_X1Y1          RAMB18E1                                     r  joiner/kernel_rom/output_kernel_word_reg/ENARDEN
  -------------------------------------------------------------------    -------------------

                         (clock island_175 rise edge)
                                                      5.714     5.714 r  
                                                      0.000     5.714 r  fft_clk (IN)
                         net (fo=4721, unset)         0.924     6.638    joiner/kernel_rom/fft_clk
    RAMB18_X1Y1          RAMB18E1                                     r  joiner/kernel_rom/output_kernel_word_reg/CLKARDCLK
                         clock pessimism              0.000     6.638    
                         clock uncertainty           -0.035     6.603    
    RAMB18_X1Y1          RAMB18E1 (Setup_ramb18e1_CLKARDCLK_ENARDEN)
                                                     -0.443     6.160    joiner/kernel_rom/output_kernel_word_reg
  -------------------------------------------------------------------
                         required time                          6.160    
                         arrival time                          -7.921    
  -------------------------------------------------------------------
                         slack                                 -1.761    

Slack (VIOLATED) :        -1.761ns  (required time - arrival time)
  Source:                 product/output_block_start_index_reg[10]/C
                            (rising edge-triggered cell FDRE clocked by island_175  {rise@0.000ns fall@2.857ns period=5.714ns})
  Destination:            joiner/kernel_rom/output_kernel_word_reg/ENBWREN
                            (rising edge-triggered cell RAMB18E1 clocked by island_175  {rise@0.000ns fall@2.857ns period=5.714ns})
  Path Group:             island_175
  Path Type:              Setup (Max at Slow Process Corner)
  Requirement:            5.714ns  (island_175 rise@5.714ns - island_175 rise@0.000ns)
  Data Path Delay:        6.948ns  (logic 1.572ns (22.626%)  route 5.376ns (77.374%))
  Logic Levels:           9  (LUT3=1 LUT4=1 LUT5=1 LUT6=6)
  Clock Path Skew:        -0.049ns (DCD - SCD + CPR)
    Destination Clock Delay (DCD):    0.924ns = ( 6.638 - 5.714 ) 
    Source Clock Delay      (SCD):    0.973ns
    Clock Pessimism Removal (CPR):    0.000ns
  Clock Uncertainty:      0.035ns  ((TSJ^2 + TIJ^2)^1/2 + DJ) / 2 + PE
    Total System Jitter     (TSJ):    0.071ns
    Total Input Jitter      (TIJ):    0.000ns
    Discrete Jitter          (DJ):    0.000ns
    Phase Error              (PE):    0.000ns

    Location             Delay type                Incr(ns)  Path(ns)    Netlist Resource(s)
  -------------------------------------------------------------------    -------------------
                         (clock island_175 rise edge)
                                                      0.000     0.000 r  
                                                      0.000     0.000 r  fft_clk (IN)
                         net (fo=4721, unset)         0.973     0.973    product/fft_clk
    SLICE_X23Y8          FDRE                                         r  product/output_block_start_index_reg[10]/C
  -------------------------------------------------------------------    -------------------
    SLICE_X23Y8          FDRE (Prop_fdre_C_Q)         0.456     1.429 r  product/output_block_start_index_reg[10]/Q
                         net (fo=2, routed)           1.010     2.439    product_bank/D[15]
    SLICE_X23Y7          LUT6 (Prop_lut6_I0_O)        0.124     2.563 r  product_bank/balanced_metadata.leaf_equal_orig0_inferred__4/i_/O
                         net (fo=1, routed)           0.933     3.496    product_bank/balanced_metadata.leaf_equal[5]
    SLICE_X21Y7          LUT6 (Prop_lut6_I3_O)        0.124     3.620 r  product_bank/balanced_metadata.group_equal_orig0/O
                         net (fo=1, routed)           0.518     4.138    product_bank/balanced_metadata.group_equal[0]
    SLICE_X20Y7          LUT4 (Prop_lut4_I0_O)        0.124     4.262 r  product_bank/request_toggle_i_3/O
                         net (fo=1, routed)           0.161     4.423    product_bank/request_toggle_i_3_n_0
    SLICE_X20Y7          LUT5 (Prop_lut5_I0_O)        0.124     4.547 f  product_bank/request_toggle_i_2/O
                         net (fo=4, routed)           0.514     5.062    product_bank/request_toggle_i_2_n_0
    SLICE_X20Y5          LUT6 (Prop_lut6_I2_O)        0.124     5.186 f  product_bank/fault_reasons[0]_i_5/O
                         net (fo=2, routed)           0.183     5.369    product_bank/fault_reasons[0]_i_5_n_0
    SLICE_X20Y5          LUT6 (Prop_lut6_I0_O)        0.124     5.493 f  product_bank/commit_pulse_i_5/O
                         net (fo=2, routed)           0.512     6.005    result_guard/output_kernel_word_reg_i_2_0
    SLICE_X21Y5          LUT6 (Prop_lut6_I5_O)        0.124     6.129 r  result_guard/output_kernel_word_reg_i_4/O
                         net (fo=1, routed)           0.485     6.614    result_guard/output_kernel_word_reg_i_4_n_0
    SLICE_X21Y3          LUT6 (Prop_lut6_I1_O)        0.124     6.738 r  result_guard/output_kernel_word_reg_i_2_comp/O
                         net (fo=6, routed)           0.473     7.210    result_guard/input_accept
    SLICE_X22Y3          LUT3 (Prop_lut3_I0_O)        0.124     7.334 r  result_guard/output_kernel_word_reg_i_1/O
                         net (fo=2, routed)           0.587     7.921    joiner/kernel_rom/output_kernel_word_reg_1
    RAMB18_X1Y1          RAMB18E1                                     r  joiner/kernel_rom/output_kernel_word_reg/ENBWREN
  -------------------------------------------------------------------    -------------------

                         (clock island_175 rise edge)
                                                      5.714     5.714 r  
                                                      0.000     5.714 r  fft_clk (IN)
                         net (fo=4721, unset)         0.924     6.638    joiner/kernel_rom/fft_clk
    RAMB18_X1Y1          RAMB18E1                                     r  joiner/kernel_rom/output_kernel_word_reg/CLKBWRCLK
                         clock pessimism              0.000     6.638    
                         clock uncertainty           -0.035     6.603    
    RAMB18_X1Y1          RAMB18E1 (Setup_ramb18e1_CLKBWRCLK_ENBWREN)
                                                     -0.443     6.160    joiner/kernel_rom/output_kernel_word_reg
  -------------------------------------------------------------------
                         required time                          6.160    
                         arrival time                          -7.921    
  -------------------------------------------------------------------
                         slack                                 -1.761    

Slack (VIOLATED) :        -1.572ns  (required time - arrival time)
  Source:                 product/output_block_start_index_reg[10]/C
                            (rising edge-triggered cell FDRE clocked by island_175  {rise@0.000ns fall@2.857ns period=5.714ns})
  Destination:            joiner/kernel_rom/expected_bin_index_reg[5]/CE
                            (rising edge-triggered cell FDRE clocked by island_175  {rise@0.000ns fall@2.857ns period=5.714ns})
  Path Group:             island_175
  Path Type:              Setup (Max at Slow Process Corner)
  Requirement:            5.714ns  (island_175 rise@5.714ns - island_175 rise@0.000ns)
  Data Path Delay:        6.997ns  (logic 1.572ns (22.468%)  route 5.425ns (77.532%))
  Logic Levels:           9  (LUT2=1 LUT4=1 LUT5=1 LUT6=6)
  Clock Path Skew:        -0.049ns (DCD - SCD + CPR)
    Destination Clock Delay (DCD):    0.924ns = ( 6.638 - 5.714 ) 
    Source Clock Delay      (SCD):    0.973ns
    Clock Pessimism Removal (CPR):    0.000ns
  Clock Uncertainty:      0.035ns  ((TSJ^2 + TIJ^2)^1/2 + DJ) / 2 + PE
    Total System Jitter     (TSJ):    0.071ns
    Total Input Jitter      (TIJ):    0.000ns
    Discrete Jitter          (DJ):    0.000ns
    Phase Error              (PE):    0.000ns

    Location             Delay type                Incr(ns)  Path(ns)    Netlist Resource(s)
  -------------------------------------------------------------------    -------------------
                         (clock island_175 rise edge)
                                                      0.000     0.000 r  
                                                      0.000     0.000 r  fft_clk (IN)
                         net (fo=4721, unset)         0.973     0.973    product/fft_clk
    SLICE_X23Y8          FDRE                                         r  product/output_block_start_index_reg[10]/C
  -------------------------------------------------------------------    -------------------
    SLICE_X23Y8          FDRE (Prop_fdre_C_Q)         0.456     1.429 r  product/output_block_start_index_reg[10]/Q
                         net (fo=2, routed)           1.010     2.439    product_bank/D[15]
    SLICE_X23Y7          LUT6 (Prop_lut6_I0_O)        0.124     2.563 r  product_bank/balanced_metadata.leaf_equal_orig0_inferred__4/i_/O
                         net (fo=1, routed)           0.933     3.496    product_bank/balanced_metadata.leaf_equal[5]
    SLICE_X21Y7          LUT6 (Prop_lut6_I3_O)        0.124     3.620 r  product_bank/balanced_metadata.group_equal_orig0/O
                         net (fo=1, routed)           0.518     4.138    product_bank/balanced_metadata.group_equal[0]
    SLICE_X20Y7          LUT4 (Prop_lut4_I0_O)        0.124     4.262 r  product_bank/request_toggle_i_3/O
                         net (fo=1, routed)           0.161     4.423    product_bank/request_toggle_i_3_n_0
    SLICE_X20Y7          LUT5 (Prop_lut5_I0_O)        0.124     4.547 f  product_bank/request_toggle_i_2/O
                         net (fo=4, routed)           0.514     5.062    product_bank/request_toggle_i_2_n_0
    SLICE_X20Y5          LUT6 (Prop_lut6_I2_O)        0.124     5.186 f  product_bank/fault_reasons[0]_i_5/O
                         net (fo=2, routed)           0.183     5.369    product_bank/fault_reasons[0]_i_5_n_0
    SLICE_X20Y5          LUT6 (Prop_lut6_I0_O)        0.124     5.493 f  product_bank/commit_pulse_i_5/O
                         net (fo=2, routed)           0.512     6.005    result_guard/output_kernel_word_reg_i_2_0
    SLICE_X21Y5          LUT6 (Prop_lut6_I5_O)        0.124     6.129 r  result_guard/output_kernel_word_reg_i_4/O
                         net (fo=1, routed)           0.485     6.614    result_guard/output_kernel_word_reg_i_4_n_0
    SLICE_X21Y3          LUT6 (Prop_lut6_I1_O)        0.124     6.738 r  result_guard/output_kernel_word_reg_i_2_comp/O
                         net (fo=6, routed)           0.311     7.048    result_guard/input_accept
    SLICE_X21Y3          LUT2 (Prop_lut2_I0_O)        0.124     7.172 r  result_guard/expected_bin_index[8]_i_1/O
                         net (fo=88, routed)          0.797     7.970    joiner/kernel_rom/E[0]
    SLICE_X19Y0          FDRE                                         r  joiner/kernel_rom/expected_bin_index_reg[5]/CE
  -------------------------------------------------------------------    -------------------

                         (clock island_175 rise edge)
                                                      5.714     5.714 r  
                                                      0.000     5.714 r  fft_clk (IN)
                         net (fo=4721, unset)         0.924     6.638    joiner/kernel_rom/fft_clk
    SLICE_X19Y0          FDRE                                         r  joiner/kernel_rom/expected_bin_index_reg[5]/C
                         clock pessimism              0.000     6.638    
                         clock uncertainty           -0.035     6.603    
    SLICE_X19Y0          FDRE (Setup_fdre_C_CE)      -0.205     6.398    joiner/kernel_rom/expected_bin_index_reg[5]
  -------------------------------------------------------------------
                         required time                          6.398    
                         arrival time                          -7.970    
  -------------------------------------------------------------------
                         slack                                 -1.572    

Slack (VIOLATED) :        -1.563ns  (required time - arrival time)
  Source:                 registered_scheduling.held_phase_reg/C
                            (rising edge-triggered cell FDRE clocked by island_175  {rise@0.000ns fall@2.857ns period=5.714ns})
  Destination:            input_guard/descriptor_reg[37]/CE
                            (rising edge-triggered cell FDCE clocked by island_175  {rise@0.000ns fall@2.857ns period=5.714ns})
  Path Group:             island_175
  Path Type:              Setup (Max at Slow Process Corner)
  Requirement:            5.714ns  (island_175 rise@5.714ns - island_175 rise@0.000ns)
  Data Path Delay:        7.024ns  (logic 1.448ns (20.616%)  route 5.576ns (79.384%))
  Logic Levels:           8  (LUT3=1 LUT4=1 LUT5=3 LUT6=3)
  Clock Path Skew:        -0.049ns (DCD - SCD + CPR)
    Destination Clock Delay (DCD):    0.924ns = ( 6.638 - 5.714 ) 
    Source Clock Delay      (SCD):    0.973ns
    Clock Pessimism Removal (CPR):    0.000ns
  Clock Uncertainty:      0.035ns  ((TSJ^2 + TIJ^2)^1/2 + DJ) / 2 + PE
    Total System Jitter     (TSJ):    0.071ns
    Total Input Jitter      (TIJ):    0.000ns
    Discrete Jitter          (DJ):    0.000ns
    Phase Error              (PE):    0.000ns

    Location             Delay type                Incr(ns)  Path(ns)    Netlist Resource(s)
  -------------------------------------------------------------------    -------------------
                         (clock island_175 rise edge)
                                                      0.000     0.000 r  
                                                      0.000     0.000 r  fft_clk (IN)
                         net (fo=4721, unset)         0.973     0.973    fft_clk
    SLICE_X29Y5          FDRE                                         r  registered_scheduling.held_phase_reg/C
  -------------------------------------------------------------------    -------------------
    SLICE_X29Y5          FDRE (Prop_fdre_C_Q)         0.456     1.429 r  registered_scheduling.held_phase_reg/Q
                         net (fo=125, routed)         0.962     2.391    product_bank/held_phase
    SLICE_X30Y3          LUT3 (Prop_lut3_I1_O)        0.124     2.515 r  product_bank/balanced_identity.leaf_equal_inferred_i_81/O
                         net (fo=2, routed)           0.844     3.358    input_guard/balanced_identity.group_equal_orig0_5
    SLICE_X29Y6          LUT6 (Prop_lut6_I4_O)        0.124     3.482 r  input_guard/balanced_identity.leaf_equal_inferred_i_20/O
                         net (fo=1, routed)           0.722     4.204    input_guard/balanced_identity.leaf_equal[4]
    SLICE_X27Y6          LUT6 (Prop_lut6_I2_O)        0.124     4.328 r  input_guard/balanced_identity.group_equal_orig0/O
                         net (fo=1, routed)           0.685     5.014    input_guard/balanced_identity.group_equal[0]
    SLICE_X24Y6          LUT5 (Prop_lut5_I4_O)        0.124     5.138 f  input_guard/fault_reasons[1]_i_6/O
                         net (fo=1, routed)           0.161     5.299    input_guard/fault_reasons[1]_i_6_n_0
    SLICE_X24Y6          LUT5 (Prop_lut5_I3_O)        0.124     5.423 f  input_guard/fault_reasons[1]_i_4/O
                         net (fo=6, routed)           0.201     5.623    input_guard/fault_reasons[1]_i_4_n_0
    SLICE_X24Y6          LUT6 (Prop_lut6_I2_O)        0.124     5.747 f  input_guard/fault_reasons[0]_i_2__0/O
                         net (fo=3, routed)           0.406     6.154    input_guard/fault_reasons[0]_i_2__0_n_0
    SLICE_X23Y5          LUT5 (Prop_lut5_I4_O)        0.124     6.278 r  input_guard/descriptor[69]_i_2__0/O
                         net (fo=3, routed)           0.795     7.072    input_guard/registered_scheduling.state_reg[3]
    SLICE_X26Y5          LUT4 (Prop_lut4_I0_O)        0.124     7.196 r  input_guard/descriptor[69]_i_1/O
                         net (fo=71, routed)          0.800     7.997    input_guard/job_started
    SLICE_X28Y9          FDCE                                         r  input_guard/descriptor_reg[37]/CE
  -------------------------------------------------------------------    -------------------

                         (clock island_175 rise edge)
                                                      5.714     5.714 r  
                                                      0.000     5.714 r  fft_clk (IN)
                         net (fo=4721, unset)         0.924     6.638    input_guard/fft_clk
    SLICE_X28Y9          FDCE                                         r  input_guard/descriptor_reg[37]/C
                         clock pessimism              0.000     6.638    
                         clock uncertainty           -0.035     6.603    
    SLICE_X28Y9          FDCE (Setup_fdce_C_CE)      -0.169     6.434    input_guard/descriptor_reg[37]
  -------------------------------------------------------------------
                         required time                          6.434    
                         arrival time                          -7.997    
  -------------------------------------------------------------------
                         slack                                 -1.563    

Slack (VIOLATED) :        -1.563ns  (required time - arrival time)
  Source:                 registered_scheduling.held_phase_reg/C
                            (rising edge-triggered cell FDRE clocked by island_175  {rise@0.000ns fall@2.857ns period=5.714ns})
  Destination:            input_guard/descriptor_reg[49]/CE
                            (rising edge-triggered cell FDCE clocked by island_175  {rise@0.000ns fall@2.857ns period=5.714ns})
  Path Group:             island_175
  Path Type:              Setup (Max at Slow Process Corner)
  Requirement:            5.714ns  (island_175 rise@5.714ns - island_175 rise@0.000ns)
  Data Path Delay:        7.024ns  (logic 1.448ns (20.616%)  route 5.576ns (79.384%))
  Logic Levels:           8  (LUT3=1 LUT4=1 LUT5=3 LUT6=3)
  Clock Path Skew:        -0.049ns (DCD - SCD + CPR)
    Destination Clock Delay (DCD):    0.924ns = ( 6.638 - 5.714 ) 
    Source Clock Delay      (SCD):    0.973ns
    Clock Pessimism Removal (CPR):    0.000ns
  Clock Uncertainty:      0.035ns  ((TSJ^2 + TIJ^2)^1/2 + DJ) / 2 + PE
    Total System Jitter     (TSJ):    0.071ns
    Total Input Jitter      (TIJ):    0.000ns
    Discrete Jitter          (DJ):    0.000ns
    Phase Error              (PE):    0.000ns

    Location             Delay type                Incr(ns)  Path(ns)    Netlist Resource(s)
  -------------------------------------------------------------------    -------------------
                         (clock island_175 rise edge)
                                                      0.000     0.000 r  
                                                      0.000     0.000 r  fft_clk (IN)
                         net (fo=4721, unset)         0.973     0.973    fft_clk
    SLICE_X29Y5          FDRE                                         r  registered_scheduling.held_phase_reg/C
  -------------------------------------------------------------------    -------------------
    SLICE_X29Y5          FDRE (Prop_fdre_C_Q)         0.456     1.429 r  registered_scheduling.held_phase_reg/Q
                         net (fo=125, routed)         0.962     2.391    product_bank/held_phase
    SLICE_X30Y3          LUT3 (Prop_lut3_I1_O)        0.124     2.515 r  product_bank/balanced_identity.leaf_equal_inferred_i_81/O
                         net (fo=2, routed)           0.844     3.358    input_guard/balanced_identity.group_equal_orig0_5
    SLICE_X29Y6          LUT6 (Prop_lut6_I4_O)        0.124     3.482 r  input_guard/balanced_identity.leaf_equal_inferred_i_20/O
                         net (fo=1, routed)           0.722     4.204    input_guard/balanced_identity.leaf_equal[4]
    SLICE_X27Y6          LUT6 (Prop_lut6_I2_O)        0.124     4.328 r  input_guard/balanced_identity.group_equal_orig0/O
                         net (fo=1, routed)           0.685     5.014    input_guard/balanced_identity.group_equal[0]
    SLICE_X24Y6          LUT5 (Prop_lut5_I4_O)        0.124     5.138 f  input_guard/fault_reasons[1]_i_6/O
                         net (fo=1, routed)           0.161     5.299    input_guard/fault_reasons[1]_i_6_n_0
    SLICE_X24Y6          LUT5 (Prop_lut5_I3_O)        0.124     5.423 f  input_guard/fault_reasons[1]_i_4/O
                         net (fo=6, routed)           0.201     5.623    input_guard/fault_reasons[1]_i_4_n_0
    SLICE_X24Y6          LUT6 (Prop_lut6_I2_O)        0.124     5.747 f  input_guard/fault_reasons[0]_i_2__0/O
                         net (fo=3, routed)           0.406     6.154    input_guard/fault_reasons[0]_i_2__0_n_0
    SLICE_X23Y5          LUT5 (Prop_lut5_I4_O)        0.124     6.278 r  input_guard/descriptor[69]_i_2__0/O
                         net (fo=3, routed)           0.795     7.072    input_guard/registered_scheduling.state_reg[3]
    SLICE_X26Y5          LUT4 (Prop_lut4_I0_O)        0.124     7.196 r  input_guard/descriptor[69]_i_1/O
                         net (fo=71, routed)          0.800     7.997    input_guard/job_started
    SLICE_X28Y9          FDCE                                         r  input_guard/descriptor_reg[49]/CE
  -------------------------------------------------------------------    -------------------

                         (clock island_175 rise edge)
                                                      5.714     5.714 r  
                                                      0.000     5.714 r  fft_clk (IN)
                         net (fo=4721, unset)         0.924     6.638    input_guard/fft_clk
    SLICE_X28Y9          FDCE                                         r  input_guard/descriptor_reg[49]/C
                         clock pessimism              0.000     6.638    
                         clock uncertainty           -0.035     6.603    
    SLICE_X28Y9          FDCE (Setup_fdce_C_CE)      -0.169     6.434    input_guard/descriptor_reg[49]
  -------------------------------------------------------------------
                         required time                          6.434    
                         arrival time                          -7.997    
  -------------------------------------------------------------------
                         slack                                 -1.563    

Slack (VIOLATED) :        -1.563ns  (required time - arrival time)
  Source:                 registered_scheduling.held_phase_reg/C
                            (rising edge-triggered cell FDRE clocked by island_175  {rise@0.000ns fall@2.857ns period=5.714ns})
  Destination:            input_guard/descriptor_reg[63]/CE
                            (rising edge-triggered cell FDCE clocked by island_175  {rise@0.000ns fall@2.857ns period=5.714ns})
  Path Group:             island_175
  Path Type:              Setup (Max at Slow Process Corner)
  Requirement:            5.714ns  (island_175 rise@5.714ns - island_175 rise@0.000ns)
  Data Path Delay:        7.024ns  (logic 1.448ns (20.616%)  route 5.576ns (79.384%))
  Logic Levels:           8  (LUT3=1 LUT4=1 LUT5=3 LUT6=3)
  Clock Path Skew:        -0.049ns (DCD - SCD + CPR)
    Destination Clock Delay (DCD):    0.924ns = ( 6.638 - 5.714 ) 
    Source Clock Delay      (SCD):    0.973ns
    Clock Pessimism Removal (CPR):    0.000ns
  Clock Uncertainty:      0.035ns  ((TSJ^2 + TIJ^2)^1/2 + DJ) / 2 + PE
    Total System Jitter     (TSJ):    0.071ns
    Total Input Jitter      (TIJ):    0.000ns
    Discrete Jitter          (DJ):    0.000ns
    Phase Error              (PE):    0.000ns

    Location             Delay type                Incr(ns)  Path(ns)    Netlist Resource(s)
  -------------------------------------------------------------------    -------------------
                         (clock island_175 rise edge)
                                                      0.000     0.000 r  
                                                      0.000     0.000 r  fft_clk (IN)
                         net (fo=4721, unset)         0.973     0.973    fft_clk
    SLICE_X29Y5          FDRE                                         r  registered_scheduling.held_phase_reg/C
  -------------------------------------------------------------------    -------------------
    SLICE_X29Y5          FDRE (Prop_fdre_C_Q)         0.456     1.429 r  registered_scheduling.held_phase_reg/Q
                         net (fo=125, routed)         0.962     2.391    product_bank/held_phase
    SLICE_X30Y3          LUT3 (Prop_lut3_I1_O)        0.124     2.515 r  product_bank/balanced_identity.leaf_equal_inferred_i_81/O
                         net (fo=2, routed)           0.844     3.358    input_guard/balanced_identity.group_equal_orig0_5
    SLICE_X29Y6          LUT6 (Prop_lut6_I4_O)        0.124     3.482 r  input_guard/balanced_identity.leaf_equal_inferred_i_20/O
                         net (fo=1, routed)           0.722     4.204    input_guard/balanced_identity.leaf_equal[4]
    SLICE_X27Y6          LUT6 (Prop_lut6_I2_O)        0.124     4.328 r  input_guard/balanced_identity.group_equal_orig0/O
                         net (fo=1, routed)           0.685     5.014    input_guard/balanced_identity.group_equal[0]
    SLICE_X24Y6          LUT5 (Prop_lut5_I4_O)        0.124     5.138 f  input_guard/fault_reasons[1]_i_6/O
                         net (fo=1, routed)           0.161     5.299    input_guard/fault_reasons[1]_i_6_n_0
    SLICE_X24Y6          LUT5 (Prop_lut5_I3_O)        0.124     5.423 f  input_guard/fault_reasons[1]_i_4/O
                         net (fo=6, routed)           0.201     5.623    input_guard/fault_reasons[1]_i_4_n_0
    SLICE_X24Y6          LUT6 (Prop_lut6_I2_O)        0.124     5.747 f  input_guard/fault_reasons[0]_i_2__0/O
                         net (fo=3, routed)           0.406     6.154    input_guard/fault_reasons[0]_i_2__0_n_0
    SLICE_X23Y5          LUT5 (Prop_lut5_I4_O)        0.124     6.278 r  input_guard/descriptor[69]_i_2__0/O
                         net (fo=3, routed)           0.795     7.072    input_guard/registered_scheduling.state_reg[3]
    SLICE_X26Y5          LUT4 (Prop_lut4_I0_O)        0.124     7.196 r  input_guard/descriptor[69]_i_1/O
                         net (fo=71, routed)          0.800     7.997    input_guard/job_started
    SLICE_X28Y9          FDCE                                         r  input_guard/descriptor_reg[63]/CE
  -------------------------------------------------------------------    -------------------

                         (clock island_175 rise edge)
                                                      5.714     5.714 r  
                                                      0.000     5.714 r  fft_clk (IN)
                         net (fo=4721, unset)         0.924     6.638    input_guard/fft_clk
    SLICE_X28Y9          FDCE                                         r  input_guard/descriptor_reg[63]/C
                         clock pessimism              0.000     6.638    
                         clock uncertainty           -0.035     6.603    
    SLICE_X28Y9          FDCE (Setup_fdce_C_CE)      -0.169     6.434    input_guard/descriptor_reg[63]
  -------------------------------------------------------------------
                         required time                          6.434    
                         arrival time                          -7.997    
  -------------------------------------------------------------------
                         slack                                 -1.563    

Slack (VIOLATED) :        -1.563ns  (required time - arrival time)
  Source:                 registered_scheduling.held_phase_reg/C
                            (rising edge-triggered cell FDRE clocked by island_175  {rise@0.000ns fall@2.857ns period=5.714ns})
  Destination:            input_guard/descriptor_reg[65]/CE
                            (rising edge-triggered cell FDCE clocked by island_175  {rise@0.000ns fall@2.857ns period=5.714ns})
  Path Group:             island_175
  Path Type:              Setup (Max at Slow Process Corner)
  Requirement:            5.714ns  (island_175 rise@5.714ns - island_175 rise@0.000ns)
  Data Path Delay:        7.024ns  (logic 1.448ns (20.616%)  route 5.576ns (79.384%))
  Logic Levels:           8  (LUT3=1 LUT4=1 LUT5=3 LUT6=3)
  Clock Path Skew:        -0.049ns (DCD - SCD + CPR)
    Destination Clock Delay (DCD):    0.924ns = ( 6.638 - 5.714 ) 
    Source Clock Delay      (SCD):    0.973ns
    Clock Pessimism Removal (CPR):    0.000ns
  Clock Uncertainty:      0.035ns  ((TSJ^2 + TIJ^2)^1/2 + DJ) / 2 + PE
    Total System Jitter     (TSJ):    0.071ns
    Total Input Jitter      (TIJ):    0.000ns
    Discrete Jitter          (DJ):    0.000ns
    Phase Error              (PE):    0.000ns

    Location             Delay type                Incr(ns)  Path(ns)    Netlist Resource(s)
  -------------------------------------------------------------------    -------------------
                         (clock island_175 rise edge)
                                                      0.000     0.000 r  
                                                      0.000     0.000 r  fft_clk (IN)
                         net (fo=4721, unset)         0.973     0.973    fft_clk
    SLICE_X29Y5          FDRE                                         r  registered_scheduling.held_phase_reg/C
  -------------------------------------------------------------------    -------------------
    SLICE_X29Y5          FDRE (Prop_fdre_C_Q)         0.456     1.429 r  registered_scheduling.held_phase_reg/Q
                         net (fo=125, routed)         0.962     2.391    product_bank/held_phase
    SLICE_X30Y3          LUT3 (Prop_lut3_I1_O)        0.124     2.515 r  product_bank/balanced_identity.leaf_equal_inferred_i_81/O
                         net (fo=2, routed)           0.844     3.358    input_guard/balanced_identity.group_equal_orig0_5
    SLICE_X29Y6          LUT6 (Prop_lut6_I4_O)        0.124     3.482 r  input_guard/balanced_identity.leaf_equal_inferred_i_20/O
                         net (fo=1, routed)           0.722     4.204    input_guard/balanced_identity.leaf_equal[4]
    SLICE_X27Y6          LUT6 (Prop_lut6_I2_O)        0.124     4.328 r  input_guard/balanced_identity.group_equal_orig0/O
                         net (fo=1, routed)           0.685     5.014    input_guard/balanced_identity.group_equal[0]
    SLICE_X24Y6          LUT5 (Prop_lut5_I4_O)        0.124     5.138 f  input_guard/fault_reasons[1]_i_6/O
                         net (fo=1, routed)           0.161     5.299    input_guard/fault_reasons[1]_i_6_n_0
    SLICE_X24Y6          LUT5 (Prop_lut5_I3_O)        0.124     5.423 f  input_guard/fault_reasons[1]_i_4/O
                         net (fo=6, routed)           0.201     5.623    input_guard/fault_reasons[1]_i_4_n_0
    SLICE_X24Y6          LUT6 (Prop_lut6_I2_O)        0.124     5.747 f  input_guard/fault_reasons[0]_i_2__0/O
                         net (fo=3, routed)           0.406     6.154    input_guard/fault_reasons[0]_i_2__0_n_0
    SLICE_X23Y5          LUT5 (Prop_lut5_I4_O)        0.124     6.278 r  input_guard/descriptor[69]_i_2__0/O
                         net (fo=3, routed)           0.795     7.072    input_guard/registered_scheduling.state_reg[3]
    SLICE_X26Y5          LUT4 (Prop_lut4_I0_O)        0.124     7.196 r  input_guard/descriptor[69]_i_1/O
                         net (fo=71, routed)          0.800     7.997    input_guard/job_started
    SLICE_X28Y9          FDCE                                         r  input_guard/descriptor_reg[65]/CE
  -------------------------------------------------------------------    -------------------

                         (clock island_175 rise edge)
                                                      5.714     5.714 r  
                                                      0.000     5.714 r  fft_clk (IN)
                         net (fo=4721, unset)         0.924     6.638    input_guard/fft_clk
    SLICE_X28Y9          FDCE                                         r  input_guard/descriptor_reg[65]/C
                         clock pessimism              0.000     6.638    
                         clock uncertainty           -0.035     6.603    
    SLICE_X28Y9          FDCE (Setup_fdce_C_CE)      -0.169     6.434    input_guard/descriptor_reg[65]
  -------------------------------------------------------------------
                         required time                          6.434    
                         arrival time                          -7.997    
  -------------------------------------------------------------------
                         slack                                 -1.563    

Slack (VIOLATED) :        -1.560ns  (required time - arrival time)
  Source:                 registered_scheduling.held_phase_reg/C
                            (rising edge-triggered cell FDRE clocked by island_175  {rise@0.000ns fall@2.857ns period=5.714ns})
  Destination:            input_guard/descriptor_reg[22]/CE
                            (rising edge-triggered cell FDCE clocked by island_175  {rise@0.000ns fall@2.857ns period=5.714ns})
  Path Group:             island_175
  Path Type:              Setup (Max at Slow Process Corner)
  Requirement:            5.714ns  (island_175 rise@5.714ns - island_175 rise@0.000ns)
  Data Path Delay:        7.021ns  (logic 1.448ns (20.625%)  route 5.573ns (79.375%))
  Logic Levels:           8  (LUT3=1 LUT4=1 LUT5=3 LUT6=3)
  Clock Path Skew:        -0.049ns (DCD - SCD + CPR)
    Destination Clock Delay (DCD):    0.924ns = ( 6.638 - 5.714 ) 
    Source Clock Delay      (SCD):    0.973ns
    Clock Pessimism Removal (CPR):    0.000ns
  Clock Uncertainty:      0.035ns  ((TSJ^2 + TIJ^2)^1/2 + DJ) / 2 + PE
    Total System Jitter     (TSJ):    0.071ns
    Total Input Jitter      (TIJ):    0.000ns
    Discrete Jitter          (DJ):    0.000ns
    Phase Error              (PE):    0.000ns

    Location             Delay type                Incr(ns)  Path(ns)    Netlist Resource(s)
  -------------------------------------------------------------------    -------------------
                         (clock island_175 rise edge)
                                                      0.000     0.000 r  
                                                      0.000     0.000 r  fft_clk (IN)
                         net (fo=4721, unset)         0.973     0.973    fft_clk
    SLICE_X29Y5          FDRE                                         r  registered_scheduling.held_phase_reg/C
  -------------------------------------------------------------------    -------------------
    SLICE_X29Y5          FDRE (Prop_fdre_C_Q)         0.456     1.429 r  registered_scheduling.held_phase_reg/Q
                         net (fo=125, routed)         0.962     2.391    product_bank/held_phase
    SLICE_X30Y3          LUT3 (Prop_lut3_I1_O)        0.124     2.515 r  product_bank/balanced_identity.leaf_equal_inferred_i_81/O
                         net (fo=2, routed)           0.844     3.358    input_guard/balanced_identity.group_equal_orig0_5
    SLICE_X29Y6          LUT6 (Prop_lut6_I4_O)        0.124     3.482 r  input_guard/balanced_identity.leaf_equal_inferred_i_20/O
                         net (fo=1, routed)           0.722     4.204    input_guard/balanced_identity.leaf_equal[4]
    SLICE_X27Y6          LUT6 (Prop_lut6_I2_O)        0.124     4.328 r  input_guard/balanced_identity.group_equal_orig0/O
                         net (fo=1, routed)           0.685     5.014    input_guard/balanced_identity.group_equal[0]
    SLICE_X24Y6          LUT5 (Prop_lut5_I4_O)        0.124     5.138 f  input_guard/fault_reasons[1]_i_6/O
                         net (fo=1, routed)           0.161     5.299    input_guard/fault_reasons[1]_i_6_n_0
    SLICE_X24Y6          LUT5 (Prop_lut5_I3_O)        0.124     5.423 f  input_guard/fault_reasons[1]_i_4/O
                         net (fo=6, routed)           0.201     5.623    input_guard/fault_reasons[1]_i_4_n_0
    SLICE_X24Y6          LUT6 (Prop_lut6_I2_O)        0.124     5.747 f  input_guard/fault_reasons[0]_i_2__0/O
                         net (fo=3, routed)           0.406     6.154    input_guard/fault_reasons[0]_i_2__0_n_0
    SLICE_X23Y5          LUT5 (Prop_lut5_I4_O)        0.124     6.278 r  input_guard/descriptor[69]_i_2__0/O
                         net (fo=3, routed)           0.795     7.072    input_guard/registered_scheduling.state_reg[3]
    SLICE_X26Y5          LUT4 (Prop_lut4_I0_O)        0.124     7.196 r  input_guard/descriptor[69]_i_1/O
                         net (fo=71, routed)          0.797     7.994    input_guard/job_started
    SLICE_X30Y5          FDCE                                         r  input_guard/descriptor_reg[22]/CE
  -------------------------------------------------------------------    -------------------

                         (clock island_175 rise edge)
                                                      5.714     5.714 r  
                                                      0.000     5.714 r  fft_clk (IN)
                         net (fo=4721, unset)         0.924     6.638    input_guard/fft_clk
    SLICE_X30Y5          FDCE                                         r  input_guard/descriptor_reg[22]/C
                         clock pessimism              0.000     6.638    
                         clock uncertainty           -0.035     6.603    
    SLICE_X30Y5          FDCE (Setup_fdce_C_CE)      -0.169     6.434    input_guard/descriptor_reg[22]
  -------------------------------------------------------------------
                         required time                          6.434    
                         arrival time                          -7.994    
  -------------------------------------------------------------------
                         slack                                 -1.560    

Slack (VIOLATED) :        -1.560ns  (required time - arrival time)
  Source:                 registered_scheduling.held_phase_reg/C
                            (rising edge-triggered cell FDRE clocked by island_175  {rise@0.000ns fall@2.857ns period=5.714ns})
  Destination:            input_guard/descriptor_reg[23]/CE
                            (rising edge-triggered cell FDCE clocked by island_175  {rise@0.000ns fall@2.857ns period=5.714ns})
  Path Group:             island_175
  Path Type:              Setup (Max at Slow Process Corner)
  Requirement:            5.714ns  (island_175 rise@5.714ns - island_175 rise@0.000ns)
  Data Path Delay:        7.021ns  (logic 1.448ns (20.625%)  route 5.573ns (79.375%))
  Logic Levels:           8  (LUT3=1 LUT4=1 LUT5=3 LUT6=3)
  Clock Path Skew:        -0.049ns (DCD - SCD + CPR)
    Destination Clock Delay (DCD):    0.924ns = ( 6.638 - 5.714 ) 
    Source Clock Delay      (SCD):    0.973ns
    Clock Pessimism Removal (CPR):    0.000ns
  Clock Uncertainty:      0.035ns  ((TSJ^2 + TIJ^2)^1/2 + DJ) / 2 + PE
    Total System Jitter     (TSJ):    0.071ns
    Total Input Jitter      (TIJ):    0.000ns
    Discrete Jitter          (DJ):    0.000ns
    Phase Error              (PE):    0.000ns

    Location             Delay type                Incr(ns)  Path(ns)    Netlist Resource(s)
  -------------------------------------------------------------------    -------------------
                         (clock island_175 rise edge)
                                                      0.000     0.000 r  
                                                      0.000     0.000 r  fft_clk (IN)
                         net (fo=4721, unset)         0.973     0.973    fft_clk
    SLICE_X29Y5          FDRE                                         r  registered_scheduling.held_phase_reg/C
  -------------------------------------------------------------------    -------------------
    SLICE_X29Y5          FDRE (Prop_fdre_C_Q)         0.456     1.429 r  registered_scheduling.held_phase_reg/Q
                         net (fo=125, routed)         0.962     2.391    product_bank/held_phase
    SLICE_X30Y3          LUT3 (Prop_lut3_I1_O)        0.124     2.515 r  product_bank/balanced_identity.leaf_equal_inferred_i_81/O
                         net (fo=2, routed)           0.844     3.358    input_guard/balanced_identity.group_equal_orig0_5
    SLICE_X29Y6          LUT6 (Prop_lut6_I4_O)        0.124     3.482 r  input_guard/balanced_identity.leaf_equal_inferred_i_20/O
                         net (fo=1, routed)           0.722     4.204    input_guard/balanced_identity.leaf_equal[4]
    SLICE_X27Y6          LUT6 (Prop_lut6_I2_O)        0.124     4.328 r  input_guard/balanced_identity.group_equal_orig0/O
                         net (fo=1, routed)           0.685     5.014    input_guard/balanced_identity.group_equal[0]
    SLICE_X24Y6          LUT5 (Prop_lut5_I4_O)        0.124     5.138 f  input_guard/fault_reasons[1]_i_6/O
                         net (fo=1, routed)           0.161     5.299    input_guard/fault_reasons[1]_i_6_n_0
    SLICE_X24Y6          LUT5 (Prop_lut5_I3_O)        0.124     5.423 f  input_guard/fault_reasons[1]_i_4/O
                         net (fo=6, routed)           0.201     5.623    input_guard/fault_reasons[1]_i_4_n_0
    SLICE_X24Y6          LUT6 (Prop_lut6_I2_O)        0.124     5.747 f  input_guard/fault_reasons[0]_i_2__0/O
                         net (fo=3, routed)           0.406     6.154    input_guard/fault_reasons[0]_i_2__0_n_0
    SLICE_X23Y5          LUT5 (Prop_lut5_I4_O)        0.124     6.278 r  input_guard/descriptor[69]_i_2__0/O
                         net (fo=3, routed)           0.795     7.072    input_guard/registered_scheduling.state_reg[3]
    SLICE_X26Y5          LUT4 (Prop_lut4_I0_O)        0.124     7.196 r  input_guard/descriptor[69]_i_1/O
                         net (fo=71, routed)          0.797     7.994    input_guard/job_started
    SLICE_X30Y5          FDCE                                         r  input_guard/descriptor_reg[23]/CE
  -------------------------------------------------------------------    -------------------

                         (clock island_175 rise edge)
                                                      5.714     5.714 r  
                                                      0.000     5.714 r  fft_clk (IN)
                         net (fo=4721, unset)         0.924     6.638    input_guard/fft_clk
    SLICE_X30Y5          FDCE                                         r  input_guard/descriptor_reg[23]/C
                         clock pessimism              0.000     6.638    
                         clock uncertainty           -0.035     6.603    
    SLICE_X30Y5          FDCE (Setup_fdce_C_CE)      -0.169     6.434    input_guard/descriptor_reg[23]
  -------------------------------------------------------------------
                         required time                          6.434    
                         arrival time                          -7.994    
  -------------------------------------------------------------------
                         slack                                 -1.560    

Slack (VIOLATED) :        -1.560ns  (required time - arrival time)
  Source:                 registered_scheduling.held_phase_reg/C
                            (rising edge-triggered cell FDRE clocked by island_175  {rise@0.000ns fall@2.857ns period=5.714ns})
  Destination:            input_guard/descriptor_reg[31]/CE
                            (rising edge-triggered cell FDCE clocked by island_175  {rise@0.000ns fall@2.857ns period=5.714ns})
  Path Group:             island_175
  Path Type:              Setup (Max at Slow Process Corner)
  Requirement:            5.714ns  (island_175 rise@5.714ns - island_175 rise@0.000ns)
  Data Path Delay:        7.021ns  (logic 1.448ns (20.625%)  route 5.573ns (79.375%))
  Logic Levels:           8  (LUT3=1 LUT4=1 LUT5=3 LUT6=3)
  Clock Path Skew:        -0.049ns (DCD - SCD + CPR)
    Destination Clock Delay (DCD):    0.924ns = ( 6.638 - 5.714 ) 
    Source Clock Delay      (SCD):    0.973ns
    Clock Pessimism Removal (CPR):    0.000ns
  Clock Uncertainty:      0.035ns  ((TSJ^2 + TIJ^2)^1/2 + DJ) / 2 + PE
    Total System Jitter     (TSJ):    0.071ns
    Total Input Jitter      (TIJ):    0.000ns
    Discrete Jitter          (DJ):    0.000ns
    Phase Error              (PE):    0.000ns

    Location             Delay type                Incr(ns)  Path(ns)    Netlist Resource(s)
  -------------------------------------------------------------------    -------------------
                         (clock island_175 rise edge)
                                                      0.000     0.000 r  
                                                      0.000     0.000 r  fft_clk (IN)
                         net (fo=4721, unset)         0.973     0.973    fft_clk
    SLICE_X29Y5          FDRE                                         r  registered_scheduling.held_phase_reg/C
  -------------------------------------------------------------------    -------------------
    SLICE_X29Y5          FDRE (Prop_fdre_C_Q)         0.456     1.429 r  registered_scheduling.held_phase_reg/Q
                         net (fo=125, routed)         0.962     2.391    product_bank/held_phase
    SLICE_X30Y3          LUT3 (Prop_lut3_I1_O)        0.124     2.515 r  product_bank/balanced_identity.leaf_equal_inferred_i_81/O
                         net (fo=2, routed)           0.844     3.358    input_guard/balanced_identity.group_equal_orig0_5
    SLICE_X29Y6          LUT6 (Prop_lut6_I4_O)        0.124     3.482 r  input_guard/balanced_identity.leaf_equal_inferred_i_20/O
                         net (fo=1, routed)           0.722     4.204    input_guard/balanced_identity.leaf_equal[4]
    SLICE_X27Y6          LUT6 (Prop_lut6_I2_O)        0.124     4.328 r  input_guard/balanced_identity.group_equal_orig0/O
                         net (fo=1, routed)           0.685     5.014    input_guard/balanced_identity.group_equal[0]
    SLICE_X24Y6          LUT5 (Prop_lut5_I4_O)        0.124     5.138 f  input_guard/fault_reasons[1]_i_6/O
                         net (fo=1, routed)           0.161     5.299    input_guard/fault_reasons[1]_i_6_n_0
    SLICE_X24Y6          LUT5 (Prop_lut5_I3_O)        0.124     5.423 f  input_guard/fault_reasons[1]_i_4/O
                         net (fo=6, routed)           0.201     5.623    input_guard/fault_reasons[1]_i_4_n_0
    SLICE_X24Y6          LUT6 (Prop_lut6_I2_O)        0.124     5.747 f  input_guard/fault_reasons[0]_i_2__0/O
                         net (fo=3, routed)           0.406     6.154    input_guard/fault_reasons[0]_i_2__0_n_0
    SLICE_X23Y5          LUT5 (Prop_lut5_I4_O)        0.124     6.278 r  input_guard/descriptor[69]_i_2__0/O
                         net (fo=3, routed)           0.795     7.072    input_guard/registered_scheduling.state_reg[3]
    SLICE_X26Y5          LUT4 (Prop_lut4_I0_O)        0.124     7.196 r  input_guard/descriptor[69]_i_1/O
                         net (fo=71, routed)          0.797     7.994    input_guard/job_started
    SLICE_X30Y5          FDCE                                         r  input_guard/descriptor_reg[31]/CE
  -------------------------------------------------------------------    -------------------

                         (clock island_175 rise edge)
                                                      5.714     5.714 r  
                                                      0.000     5.714 r  fft_clk (IN)
                         net (fo=4721, unset)         0.924     6.638    input_guard/fft_clk
    SLICE_X30Y5          FDCE                                         r  input_guard/descriptor_reg[31]/C
                         clock pessimism              0.000     6.638    
                         clock uncertainty           -0.035     6.603    
    SLICE_X30Y5          FDCE (Setup_fdce_C_CE)      -0.169     6.434    input_guard/descriptor_reg[31]
  -------------------------------------------------------------------
                         required time                          6.434    
                         arrival time                          -7.994    
  -------------------------------------------------------------------
                         slack                                 -1.560    

Slack (VIOLATED) :        -1.560ns  (required time - arrival time)
  Source:                 registered_scheduling.held_phase_reg/C
                            (rising edge-triggered cell FDRE clocked by island_175  {rise@0.000ns fall@2.857ns period=5.714ns})
  Destination:            input_guard/descriptor_reg[43]/CE
                            (rising edge-triggered cell FDCE clocked by island_175  {rise@0.000ns fall@2.857ns period=5.714ns})
  Path Group:             island_175
  Path Type:              Setup (Max at Slow Process Corner)
  Requirement:            5.714ns  (island_175 rise@5.714ns - island_175 rise@0.000ns)
  Data Path Delay:        7.021ns  (logic 1.448ns (20.625%)  route 5.573ns (79.375%))
  Logic Levels:           8  (LUT3=1 LUT4=1 LUT5=3 LUT6=3)
  Clock Path Skew:        -0.049ns (DCD - SCD + CPR)
    Destination Clock Delay (DCD):    0.924ns = ( 6.638 - 5.714 ) 
    Source Clock Delay      (SCD):    0.973ns
    Clock Pessimism Removal (CPR):    0.000ns
  Clock Uncertainty:      0.035ns  ((TSJ^2 + TIJ^2)^1/2 + DJ) / 2 + PE
    Total System Jitter     (TSJ):    0.071ns
    Total Input Jitter      (TIJ):    0.000ns
    Discrete Jitter          (DJ):    0.000ns
    Phase Error              (PE):    0.000ns

    Location             Delay type                Incr(ns)  Path(ns)    Netlist Resource(s)
  -------------------------------------------------------------------    -------------------
                         (clock island_175 rise edge)
                                                      0.000     0.000 r  
                                                      0.000     0.000 r  fft_clk (IN)
                         net (fo=4721, unset)         0.973     0.973    fft_clk
    SLICE_X29Y5          FDRE                                         r  registered_scheduling.held_phase_reg/C
  -------------------------------------------------------------------    -------------------
    SLICE_X29Y5          FDRE (Prop_fdre_C_Q)         0.456     1.429 r  registered_scheduling.held_phase_reg/Q
                         net (fo=125, routed)         0.962     2.391    product_bank/held_phase
    SLICE_X30Y3          LUT3 (Prop_lut3_I1_O)        0.124     2.515 r  product_bank/balanced_identity.leaf_equal_inferred_i_81/O
                         net (fo=2, routed)           0.844     3.358    input_guard/balanced_identity.group_equal_orig0_5
    SLICE_X29Y6          LUT6 (Prop_lut6_I4_O)        0.124     3.482 r  input_guard/balanced_identity.leaf_equal_inferred_i_20/O
                         net (fo=1, routed)           0.722     4.204    input_guard/balanced_identity.leaf_equal[4]
    SLICE_X27Y6          LUT6 (Prop_lut6_I2_O)        0.124     4.328 r  input_guard/balanced_identity.group_equal_orig0/O
                         net (fo=1, routed)           0.685     5.014    input_guard/balanced_identity.group_equal[0]
    SLICE_X24Y6          LUT5 (Prop_lut5_I4_O)        0.124     5.138 f  input_guard/fault_reasons[1]_i_6/O
                         net (fo=1, routed)           0.161     5.299    input_guard/fault_reasons[1]_i_6_n_0
    SLICE_X24Y6          LUT5 (Prop_lut5_I3_O)        0.124     5.423 f  input_guard/fault_reasons[1]_i_4/O
                         net (fo=6, routed)           0.201     5.623    input_guard/fault_reasons[1]_i_4_n_0
    SLICE_X24Y6          LUT6 (Prop_lut6_I2_O)        0.124     5.747 f  input_guard/fault_reasons[0]_i_2__0/O
                         net (fo=3, routed)           0.406     6.154    input_guard/fault_reasons[0]_i_2__0_n_0
    SLICE_X23Y5          LUT5 (Prop_lut5_I4_O)        0.124     6.278 r  input_guard/descriptor[69]_i_2__0/O
                         net (fo=3, routed)           0.795     7.072    input_guard/registered_scheduling.state_reg[3]
    SLICE_X26Y5          LUT4 (Prop_lut4_I0_O)        0.124     7.196 r  input_guard/descriptor[69]_i_1/O
                         net (fo=71, routed)          0.797     7.994    input_guard/job_started
    SLICE_X30Y5          FDCE                                         r  input_guard/descriptor_reg[43]/CE
  -------------------------------------------------------------------    -------------------

                         (clock island_175 rise edge)
                                                      5.714     5.714 r  
                                                      0.000     5.714 r  fft_clk (IN)
                         net (fo=4721, unset)         0.924     6.638    input_guard/fft_clk
    SLICE_X30Y5          FDCE                                         r  input_guard/descriptor_reg[43]/C
                         clock pessimism              0.000     6.638    
                         clock uncertainty           -0.035     6.603    
    SLICE_X30Y5          FDCE (Setup_fdce_C_CE)      -0.169     6.434    input_guard/descriptor_reg[43]
  -------------------------------------------------------------------
                         required time                          6.434    
                         arrival time                          -7.994    
  -------------------------------------------------------------------
                         slack                                 -1.560    

Slack (VIOLATED) :        -1.547ns  (required time - arrival time)
  Source:                 registered_scheduling.held_phase_reg/C
                            (rising edge-triggered cell FDRE clocked by island_175  {rise@0.000ns fall@2.857ns period=5.714ns})
  Destination:            input_guard/descriptor_reg[58]/CE
                            (rising edge-triggered cell FDCE clocked by island_175  {rise@0.000ns fall@2.857ns period=5.714ns})
  Path Group:             island_175
  Path Type:              Setup (Max at Slow Process Corner)
  Requirement:            5.714ns  (island_175 rise@5.714ns - island_175 rise@0.000ns)
  Data Path Delay:        6.972ns  (logic 1.448ns (20.769%)  route 5.524ns (79.231%))
  Logic Levels:           8  (LUT3=1 LUT4=1 LUT5=3 LUT6=3)
  Clock Path Skew:        -0.049ns (DCD - SCD + CPR)
    Destination Clock Delay (DCD):    0.924ns = ( 6.638 - 5.714 ) 
    Source Clock Delay      (SCD):    0.973ns
    Clock Pessimism Removal (CPR):    0.000ns
  Clock Uncertainty:      0.035ns  ((TSJ^2 + TIJ^2)^1/2 + DJ) / 2 + PE
    Total System Jitter     (TSJ):    0.071ns
    Total Input Jitter      (TIJ):    0.000ns
    Discrete Jitter          (DJ):    0.000ns
    Phase Error              (PE):    0.000ns

    Location             Delay type                Incr(ns)  Path(ns)    Netlist Resource(s)
  -------------------------------------------------------------------    -------------------
                         (clock island_175 rise edge)
                                                      0.000     0.000 r  
                                                      0.000     0.000 r  fft_clk (IN)
                         net (fo=4721, unset)         0.973     0.973    fft_clk
    SLICE_X29Y5          FDRE                                         r  registered_scheduling.held_phase_reg/C
  -------------------------------------------------------------------    -------------------
    SLICE_X29Y5          FDRE (Prop_fdre_C_Q)         0.456     1.429 r  registered_scheduling.held_phase_reg/Q
                         net (fo=125, routed)         0.962     2.391    product_bank/held_phase
    SLICE_X30Y3          LUT3 (Prop_lut3_I1_O)        0.124     2.515 r  product_bank/balanced_identity.leaf_equal_inferred_i_81/O
                         net (fo=2, routed)           0.844     3.358    input_guard/balanced_identity.group_equal_orig0_5
    SLICE_X29Y6          LUT6 (Prop_lut6_I4_O)        0.124     3.482 r  input_guard/balanced_identity.leaf_equal_inferred_i_20/O
                         net (fo=1, routed)           0.722     4.204    input_guard/balanced_identity.leaf_equal[4]
    SLICE_X27Y6          LUT6 (Prop_lut6_I2_O)        0.124     4.328 r  input_guard/balanced_identity.group_equal_orig0/O
                         net (fo=1, routed)           0.685     5.014    input_guard/balanced_identity.group_equal[0]
    SLICE_X24Y6          LUT5 (Prop_lut5_I4_O)        0.124     5.138 f  input_guard/fault_reasons[1]_i_6/O
                         net (fo=1, routed)           0.161     5.299    input_guard/fault_reasons[1]_i_6_n_0
    SLICE_X24Y6          LUT5 (Prop_lut5_I3_O)        0.124     5.423 f  input_guard/fault_reasons[1]_i_4/O
                         net (fo=6, routed)           0.201     5.623    input_guard/fault_reasons[1]_i_4_n_0
    SLICE_X24Y6          LUT6 (Prop_lut6_I2_O)        0.124     5.747 f  input_guard/fault_reasons[0]_i_2__0/O
                         net (fo=3, routed)           0.406     6.154    input_guard/fault_reasons[0]_i_2__0_n_0
    SLICE_X23Y5          LUT5 (Prop_lut5_I4_O)        0.124     6.278 r  input_guard/descriptor[69]_i_2__0/O
                         net (fo=3, routed)           0.795     7.072    input_guard/registered_scheduling.state_reg[3]
    SLICE_X26Y5          LUT4 (Prop_lut4_I0_O)        0.124     7.196 r  input_guard/descriptor[69]_i_1/O
                         net (fo=71, routed)          0.749     7.945    input_guard/job_started
    SLICE_X29Y8          FDCE                                         r  input_guard/descriptor_reg[58]/CE
  -------------------------------------------------------------------    -------------------

                         (clock island_175 rise edge)
                                                      5.714     5.714 r  
                                                      0.000     5.714 r  fft_clk (IN)
                         net (fo=4721, unset)         0.924     6.638    input_guard/fft_clk
    SLICE_X29Y8          FDCE                                         r  input_guard/descriptor_reg[58]/C
                         clock pessimism              0.000     6.638    
                         clock uncertainty           -0.035     6.603    
    SLICE_X29Y8          FDCE (Setup_fdce_C_CE)      -0.205     6.398    input_guard/descriptor_reg[58]
  -------------------------------------------------------------------
                         required time                          6.398    
                         arrival time                          -7.945    
  -------------------------------------------------------------------
                         slack                                 -1.547    

Slack (VIOLATED) :        -1.547ns  (required time - arrival time)
  Source:                 registered_scheduling.held_phase_reg/C
                            (rising edge-triggered cell FDRE clocked by island_175  {rise@0.000ns fall@2.857ns period=5.714ns})
  Destination:            input_guard/descriptor_reg[67]/CE
                            (rising edge-triggered cell FDCE clocked by island_175  {rise@0.000ns fall@2.857ns period=5.714ns})
  Path Group:             island_175
  Path Type:              Setup (Max at Slow Process Corner)
  Requirement:            5.714ns  (island_175 rise@5.714ns - island_175 rise@0.000ns)
  Data Path Delay:        6.972ns  (logic 1.448ns (20.769%)  route 5.524ns (79.231%))
  Logic Levels:           8  (LUT3=1 LUT4=1 LUT5=3 LUT6=3)
  Clock Path Skew:        -0.049ns (DCD - SCD + CPR)
    Destination Clock Delay (DCD):    0.924ns = ( 6.638 - 5.714 ) 
    Source Clock Delay      (SCD):    0.973ns
    Clock Pessimism Removal (CPR):    0.000ns
  Clock Uncertainty:      0.035ns  ((TSJ^2 + TIJ^2)^1/2 + DJ) / 2 + PE
    Total System Jitter     (TSJ):    0.071ns
    Total Input Jitter      (TIJ):    0.000ns
    Discrete Jitter          (DJ):    0.000ns
    Phase Error              (PE):    0.000ns

    Location             Delay type                Incr(ns)  Path(ns)    Netlist Resource(s)
  -------------------------------------------------------------------    -------------------
                         (clock island_175 rise edge)
                                                      0.000     0.000 r  
                                                      0.000     0.000 r  fft_clk (IN)
                         net (fo=4721, unset)         0.973     0.973    fft_clk
    SLICE_X29Y5          FDRE                                         r  registered_scheduling.held_phase_reg/C
  -------------------------------------------------------------------    -------------------
    SLICE_X29Y5          FDRE (Prop_fdre_C_Q)         0.456     1.429 r  registered_scheduling.held_phase_reg/Q
                         net (fo=125, routed)         0.962     2.391    product_bank/held_phase
    SLICE_X30Y3          LUT3 (Prop_lut3_I1_O)        0.124     2.515 r  product_bank/balanced_identity.leaf_equal_inferred_i_81/O
                         net (fo=2, routed)           0.844     3.358    input_guard/balanced_identity.group_equal_orig0_5
    SLICE_X29Y6          LUT6 (Prop_lut6_I4_O)        0.124     3.482 r  input_guard/balanced_identity.leaf_equal_inferred_i_20/O
                         net (fo=1, routed)           0.722     4.204    input_guard/balanced_identity.leaf_equal[4]
    SLICE_X27Y6          LUT6 (Prop_lut6_I2_O)        0.124     4.328 r  input_guard/balanced_identity.group_equal_orig0/O
                         net (fo=1, routed)           0.685     5.014    input_guard/balanced_identity.group_equal[0]
    SLICE_X24Y6          LUT5 (Prop_lut5_I4_O)        0.124     5.138 f  input_guard/fault_reasons[1]_i_6/O
                         net (fo=1, routed)           0.161     5.299    input_guard/fault_reasons[1]_i_6_n_0
    SLICE_X24Y6          LUT5 (Prop_lut5_I3_O)        0.124     5.423 f  input_guard/fault_reasons[1]_i_4/O
                         net (fo=6, routed)           0.201     5.623    input_guard/fault_reasons[1]_i_4_n_0
    SLICE_X24Y6          LUT6 (Prop_lut6_I2_O)        0.124     5.747 f  input_guard/fault_reasons[0]_i_2__0/O
                         net (fo=3, routed)           0.406     6.154    input_guard/fault_reasons[0]_i_2__0_n_0
    SLICE_X23Y5          LUT5 (Prop_lut5_I4_O)        0.124     6.278 r  input_guard/descriptor[69]_i_2__0/O
                         net (fo=3, routed)           0.795     7.072    input_guard/registered_scheduling.state_reg[3]
    SLICE_X26Y5          LUT4 (Prop_lut4_I0_O)        0.124     7.196 r  input_guard/descriptor[69]_i_1/O
                         net (fo=71, routed)          0.749     7.945    input_guard/job_started
    SLICE_X29Y8          FDCE                                         r  input_guard/descriptor_reg[67]/CE
  -------------------------------------------------------------------    -------------------

                         (clock island_175 rise edge)
                                                      5.714     5.714 r  
                                                      0.000     5.714 r  fft_clk (IN)
                         net (fo=4721, unset)         0.924     6.638    input_guard/fft_clk
    SLICE_X29Y8          FDCE                                         r  input_guard/descriptor_reg[67]/C
                         clock pessimism              0.000     6.638    
                         clock uncertainty           -0.035     6.603    
    SLICE_X29Y8          FDCE (Setup_fdce_C_CE)      -0.205     6.398    input_guard/descriptor_reg[67]
  -------------------------------------------------------------------
                         required time                          6.398    
                         arrival time                          -7.945    
  -------------------------------------------------------------------
                         slack                                 -1.547    

Slack (VIOLATED) :        -1.546ns  (required time - arrival time)
  Source:                 product/output_block_start_index_reg[10]/C
                            (rising edge-triggered cell FDRE clocked by island_175  {rise@0.000ns fall@2.857ns period=5.714ns})
  Destination:            joiner/kernel_rom/block_start_index_reg[12]/CE
                            (rising edge-triggered cell FDRE clocked by island_175  {rise@0.000ns fall@2.857ns period=5.714ns})
  Path Group:             island_175
  Path Type:              Setup (Max at Slow Process Corner)
  Requirement:            5.714ns  (island_175 rise@5.714ns - island_175 rise@0.000ns)
  Data Path Delay:        6.971ns  (logic 1.572ns (22.549%)  route 5.399ns (77.451%))
  Logic Levels:           9  (LUT3=1 LUT4=1 LUT5=1 LUT6=6)
  Clock Path Skew:        -0.049ns (DCD - SCD + CPR)
    Destination Clock Delay (DCD):    0.924ns = ( 6.638 - 5.714 ) 
    Source Clock Delay      (SCD):    0.973ns
    Clock Pessimism Removal (CPR):    0.000ns
  Clock Uncertainty:      0.035ns  ((TSJ^2 + TIJ^2)^1/2 + DJ) / 2 + PE
    Total System Jitter     (TSJ):    0.071ns
    Total Input Jitter      (TIJ):    0.000ns
    Discrete Jitter          (DJ):    0.000ns
    Phase Error              (PE):    0.000ns

    Location             Delay type                Incr(ns)  Path(ns)    Netlist Resource(s)
  -------------------------------------------------------------------    -------------------
                         (clock island_175 rise edge)
                                                      0.000     0.000 r  
                                                      0.000     0.000 r  fft_clk (IN)
                         net (fo=4721, unset)         0.973     0.973    product/fft_clk
    SLICE_X23Y8          FDRE                                         r  product/output_block_start_index_reg[10]/C
  -------------------------------------------------------------------    -------------------
    SLICE_X23Y8          FDRE (Prop_fdre_C_Q)         0.456     1.429 r  product/output_block_start_index_reg[10]/Q
                         net (fo=2, routed)           1.010     2.439    product_bank/D[15]
    SLICE_X23Y7          LUT6 (Prop_lut6_I0_O)        0.124     2.563 r  product_bank/balanced_metadata.leaf_equal_orig0_inferred__4/i_/O
                         net (fo=1, routed)           0.933     3.496    product_bank/balanced_metadata.leaf_equal[5]
    SLICE_X21Y7          LUT6 (Prop_lut6_I3_O)        0.124     3.620 r  product_bank/balanced_metadata.group_equal_orig0/O
                         net (fo=1, routed)           0.518     4.138    product_bank/balanced_metadata.group_equal[0]
    SLICE_X20Y7          LUT4 (Prop_lut4_I0_O)        0.124     4.262 r  product_bank/request_toggle_i_3/O
                         net (fo=1, routed)           0.161     4.423    product_bank/request_toggle_i_3_n_0
    SLICE_X20Y7          LUT5 (Prop_lut5_I0_O)        0.124     4.547 f  product_bank/request_toggle_i_2/O
                         net (fo=4, routed)           0.514     5.062    product_bank/request_toggle_i_2_n_0
    SLICE_X20Y5          LUT6 (Prop_lut6_I2_O)        0.124     5.186 f  product_bank/fault_reasons[0]_i_5/O
                         net (fo=2, routed)           0.183     5.369    product_bank/fault_reasons[0]_i_5_n_0
    SLICE_X20Y5          LUT6 (Prop_lut6_I0_O)        0.124     5.493 f  product_bank/commit_pulse_i_5/O
                         net (fo=2, routed)           0.512     6.005    result_guard/output_kernel_word_reg_i_2_0
    SLICE_X21Y5          LUT6 (Prop_lut6_I5_O)        0.124     6.129 r  result_guard/output_kernel_word_reg_i_4/O
                         net (fo=1, routed)           0.485     6.614    result_guard/output_kernel_word_reg_i_4_n_0
    SLICE_X21Y3          LUT6 (Prop_lut6_I1_O)        0.124     6.738 r  result_guard/output_kernel_word_reg_i_2_comp/O
                         net (fo=6, routed)           0.451     7.189    joiner/kernel_rom/input_accept
    SLICE_X21Y2          LUT3 (Prop_lut3_I0_O)        0.124     7.313 r  joiner/kernel_rom/block_start_index[63]_i_1/O
                         net (fo=69, routed)          0.632     7.944    joiner/kernel_rom/block_exponent
    SLICE_X17Y0          FDRE                                         r  joiner/kernel_rom/block_start_index_reg[12]/CE
  -------------------------------------------------------------------    -------------------

                         (clock island_175 rise edge)
                                                      5.714     5.714 r  
                                                      0.000     5.714 r  fft_clk (IN)
                         net (fo=4721, unset)         0.924     6.638    joiner/kernel_rom/fft_clk
    SLICE_X17Y0          FDRE                                         r  joiner/kernel_rom/block_start_index_reg[12]/C
                         clock pessimism              0.000     6.638    
                         clock uncertainty           -0.035     6.603    
    SLICE_X17Y0          FDRE (Setup_fdre_C_CE)      -0.205     6.398    joiner/kernel_rom/block_start_index_reg[12]
  -------------------------------------------------------------------
                         required time                          6.398    
                         arrival time                          -7.944    
  -------------------------------------------------------------------
                         slack                                 -1.546    

Slack (VIOLATED) :        -1.546ns  (required time - arrival time)
  Source:                 product/output_block_start_index_reg[10]/C
                            (rising edge-triggered cell FDRE clocked by island_175  {rise@0.000ns fall@2.857ns period=5.714ns})
  Destination:            joiner/kernel_rom/block_start_index_reg[54]/CE
                            (rising edge-triggered cell FDRE clocked by island_175  {rise@0.000ns fall@2.857ns period=5.714ns})
  Path Group:             island_175
  Path Type:              Setup (Max at Slow Process Corner)
  Requirement:            5.714ns  (island_175 rise@5.714ns - island_175 rise@0.000ns)
  Data Path Delay:        6.971ns  (logic 1.572ns (22.549%)  route 5.399ns (77.451%))
  Logic Levels:           9  (LUT3=1 LUT4=1 LUT5=1 LUT6=6)
  Clock Path Skew:        -0.049ns (DCD - SCD + CPR)
    Destination Clock Delay (DCD):    0.924ns = ( 6.638 - 5.714 ) 
    Source Clock Delay      (SCD):    0.973ns
    Clock Pessimism Removal (CPR):    0.000ns
  Clock Uncertainty:      0.035ns  ((TSJ^2 + TIJ^2)^1/2 + DJ) / 2 + PE
    Total System Jitter     (TSJ):    0.071ns
    Total Input Jitter      (TIJ):    0.000ns
    Discrete Jitter          (DJ):    0.000ns
    Phase Error              (PE):    0.000ns

    Location             Delay type                Incr(ns)  Path(ns)    Netlist Resource(s)
  -------------------------------------------------------------------    -------------------
                         (clock island_175 rise edge)
                                                      0.000     0.000 r  
                                                      0.000     0.000 r  fft_clk (IN)
                         net (fo=4721, unset)         0.973     0.973    product/fft_clk
    SLICE_X23Y8          FDRE                                         r  product/output_block_start_index_reg[10]/C
  -------------------------------------------------------------------    -------------------
    SLICE_X23Y8          FDRE (Prop_fdre_C_Q)         0.456     1.429 r  product/output_block_start_index_reg[10]/Q
                         net (fo=2, routed)           1.010     2.439    product_bank/D[15]
    SLICE_X23Y7          LUT6 (Prop_lut6_I0_O)        0.124     2.563 r  product_bank/balanced_metadata.leaf_equal_orig0_inferred__4/i_/O
                         net (fo=1, routed)           0.933     3.496    product_bank/balanced_metadata.leaf_equal[5]
    SLICE_X21Y7          LUT6 (Prop_lut6_I3_O)        0.124     3.620 r  product_bank/balanced_metadata.group_equal_orig0/O
                         net (fo=1, routed)           0.518     4.138    product_bank/balanced_metadata.group_equal[0]
    SLICE_X20Y7          LUT4 (Prop_lut4_I0_O)        0.124     4.262 r  product_bank/request_toggle_i_3/O
                         net (fo=1, routed)           0.161     4.423    product_bank/request_toggle_i_3_n_0
    SLICE_X20Y7          LUT5 (Prop_lut5_I0_O)        0.124     4.547 f  product_bank/request_toggle_i_2/O
                         net (fo=4, routed)           0.514     5.062    product_bank/request_toggle_i_2_n_0
    SLICE_X20Y5          LUT6 (Prop_lut6_I2_O)        0.124     5.186 f  product_bank/fault_reasons[0]_i_5/O
                         net (fo=2, routed)           0.183     5.369    product_bank/fault_reasons[0]_i_5_n_0
    SLICE_X20Y5          LUT6 (Prop_lut6_I0_O)        0.124     5.493 f  product_bank/commit_pulse_i_5/O
                         net (fo=2, routed)           0.512     6.005    result_guard/output_kernel_word_reg_i_2_0
    SLICE_X21Y5          LUT6 (Prop_lut6_I5_O)        0.124     6.129 r  result_guard/output_kernel_word_reg_i_4/O
                         net (fo=1, routed)           0.485     6.614    result_guard/output_kernel_word_reg_i_4_n_0
    SLICE_X21Y3          LUT6 (Prop_lut6_I1_O)        0.124     6.738 r  result_guard/output_kernel_word_reg_i_2_comp/O
                         net (fo=6, routed)           0.451     7.189    joiner/kernel_rom/input_accept
    SLICE_X21Y2          LUT3 (Prop_lut3_I0_O)        0.124     7.313 r  joiner/kernel_rom/block_start_index[63]_i_1/O
                         net (fo=69, routed)          0.632     7.944    joiner/kernel_rom/block_exponent
    SLICE_X17Y0          FDRE                                         r  joiner/kernel_rom/block_start_index_reg[54]/CE
  -------------------------------------------------------------------    -------------------

                         (clock island_175 rise edge)
                                                      5.714     5.714 r  
                                                      0.000     5.714 r  fft_clk (IN)
                         net (fo=4721, unset)         0.924     6.638    joiner/kernel_rom/fft_clk
    SLICE_X17Y0          FDRE                                         r  joiner/kernel_rom/block_start_index_reg[54]/C
                         clock pessimism              0.000     6.638    
                         clock uncertainty           -0.035     6.603    
    SLICE_X17Y0          FDRE (Setup_fdre_C_CE)      -0.205     6.398    joiner/kernel_rom/block_start_index_reg[54]
  -------------------------------------------------------------------
                         required time                          6.398    
                         arrival time                          -7.944    
  -------------------------------------------------------------------
                         slack                                 -1.546    

Slack (VIOLATED) :        -1.546ns  (required time - arrival time)
  Source:                 product/output_block_start_index_reg[10]/C
                            (rising edge-triggered cell FDRE clocked by island_175  {rise@0.000ns fall@2.857ns period=5.714ns})
  Destination:            joiner/kernel_rom/block_start_index_reg[55]/CE
                            (rising edge-triggered cell FDRE clocked by island_175  {rise@0.000ns fall@2.857ns period=5.714ns})
  Path Group:             island_175
  Path Type:              Setup (Max at Slow Process Corner)
  Requirement:            5.714ns  (island_175 rise@5.714ns - island_175 rise@0.000ns)
  Data Path Delay:        6.971ns  (logic 1.572ns (22.549%)  route 5.399ns (77.451%))
  Logic Levels:           9  (LUT3=1 LUT4=1 LUT5=1 LUT6=6)
  Clock Path Skew:        -0.049ns (DCD - SCD + CPR)
    Destination Clock Delay (DCD):    0.924ns = ( 6.638 - 5.714 ) 
    Source Clock Delay      (SCD):    0.973ns
    Clock Pessimism Removal (CPR):    0.000ns
  Clock Uncertainty:      0.035ns  ((TSJ^2 + TIJ^2)^1/2 + DJ) / 2 + PE
    Total System Jitter     (TSJ):    0.071ns
    Total Input Jitter      (TIJ):    0.000ns
    Discrete Jitter          (DJ):    0.000ns
    Phase Error              (PE):    0.000ns

    Location             Delay type                Incr(ns)  Path(ns)    Netlist Resource(s)
  -------------------------------------------------------------------    -------------------
                         (clock island_175 rise edge)
                                                      0.000     0.000 r  
                                                      0.000     0.000 r  fft_clk (IN)
                         net (fo=4721, unset)         0.973     0.973    product/fft_clk
    SLICE_X23Y8          FDRE                                         r  product/output_block_start_index_reg[10]/C
  -------------------------------------------------------------------    -------------------
    SLICE_X23Y8          FDRE (Prop_fdre_C_Q)         0.456     1.429 r  product/output_block_start_index_reg[10]/Q
                         net (fo=2, routed)           1.010     2.439    product_bank/D[15]
    SLICE_X23Y7          LUT6 (Prop_lut6_I0_O)        0.124     2.563 r  product_bank/balanced_metadata.leaf_equal_orig0_inferred__4/i_/O
                         net (fo=1, routed)           0.933     3.496    product_bank/balanced_metadata.leaf_equal[5]
    SLICE_X21Y7          LUT6 (Prop_lut6_I3_O)        0.124     3.620 r  product_bank/balanced_metadata.group_equal_orig0/O
                         net (fo=1, routed)           0.518     4.138    product_bank/balanced_metadata.group_equal[0]
    SLICE_X20Y7          LUT4 (Prop_lut4_I0_O)        0.124     4.262 r  product_bank/request_toggle_i_3/O
                         net (fo=1, routed)           0.161     4.423    product_bank/request_toggle_i_3_n_0
    SLICE_X20Y7          LUT5 (Prop_lut5_I0_O)        0.124     4.547 f  product_bank/request_toggle_i_2/O
                         net (fo=4, routed)           0.514     5.062    product_bank/request_toggle_i_2_n_0
    SLICE_X20Y5          LUT6 (Prop_lut6_I2_O)        0.124     5.186 f  product_bank/fault_reasons[0]_i_5/O
                         net (fo=2, routed)           0.183     5.369    product_bank/fault_reasons[0]_i_5_n_0
    SLICE_X20Y5          LUT6 (Prop_lut6_I0_O)        0.124     5.493 f  product_bank/commit_pulse_i_5/O
                         net (fo=2, routed)           0.512     6.005    result_guard/output_kernel_word_reg_i_2_0
    SLICE_X21Y5          LUT6 (Prop_lut6_I5_O)        0.124     6.129 r  result_guard/output_kernel_word_reg_i_4/O
                         net (fo=1, routed)           0.485     6.614    result_guard/output_kernel_word_reg_i_4_n_0
    SLICE_X21Y3          LUT6 (Prop_lut6_I1_O)        0.124     6.738 r  result_guard/output_kernel_word_reg_i_2_comp/O
                         net (fo=6, routed)           0.451     7.189    joiner/kernel_rom/input_accept
    SLICE_X21Y2          LUT3 (Prop_lut3_I0_O)        0.124     7.313 r  joiner/kernel_rom/block_start_index[63]_i_1/O
                         net (fo=69, routed)          0.632     7.944    joiner/kernel_rom/block_exponent
    SLICE_X17Y0          FDRE                                         r  joiner/kernel_rom/block_start_index_reg[55]/CE
  -------------------------------------------------------------------    -------------------

                         (clock island_175 rise edge)
                                                      5.714     5.714 r  
                                                      0.000     5.714 r  fft_clk (IN)
                         net (fo=4721, unset)         0.924     6.638    joiner/kernel_rom/fft_clk
    SLICE_X17Y0          FDRE                                         r  joiner/kernel_rom/block_start_index_reg[55]/C
                         clock pessimism              0.000     6.638    
                         clock uncertainty           -0.035     6.603    
    SLICE_X17Y0          FDRE (Setup_fdre_C_CE)      -0.205     6.398    joiner/kernel_rom/block_start_index_reg[55]
  -------------------------------------------------------------------
                         required time                          6.398    
                         arrival time                          -7.944    
  -------------------------------------------------------------------
                         slack                                 -1.546    

Slack (VIOLATED) :        -1.546ns  (required time - arrival time)
  Source:                 product/output_block_start_index_reg[10]/C
                            (rising edge-triggered cell FDRE clocked by island_175  {rise@0.000ns fall@2.857ns period=5.714ns})
  Destination:            joiner/kernel_rom/block_start_index_reg[56]/CE
                            (rising edge-triggered cell FDRE clocked by island_175  {rise@0.000ns fall@2.857ns period=5.714ns})
  Path Group:             island_175
  Path Type:              Setup (Max at Slow Process Corner)
  Requirement:            5.714ns  (island_175 rise@5.714ns - island_175 rise@0.000ns)
  Data Path Delay:        6.971ns  (logic 1.572ns (22.549%)  route 5.399ns (77.451%))
  Logic Levels:           9  (LUT3=1 LUT4=1 LUT5=1 LUT6=6)
  Clock Path Skew:        -0.049ns (DCD - SCD + CPR)
    Destination Clock Delay (DCD):    0.924ns = ( 6.638 - 5.714 ) 
    Source Clock Delay      (SCD):    0.973ns
    Clock Pessimism Removal (CPR):    0.000ns
  Clock Uncertainty:      0.035ns  ((TSJ^2 + TIJ^2)^1/2 + DJ) / 2 + PE
    Total System Jitter     (TSJ):    0.071ns
    Total Input Jitter      (TIJ):    0.000ns
    Discrete Jitter          (DJ):    0.000ns
    Phase Error              (PE):    0.000ns

    Location             Delay type                Incr(ns)  Path(ns)    Netlist Resource(s)
  -------------------------------------------------------------------    -------------------
                         (clock island_175 rise edge)
                                                      0.000     0.000 r  
                                                      0.000     0.000 r  fft_clk (IN)
                         net (fo=4721, unset)         0.973     0.973    product/fft_clk
    SLICE_X23Y8          FDRE                                         r  product/output_block_start_index_reg[10]/C
  -------------------------------------------------------------------    -------------------
    SLICE_X23Y8          FDRE (Prop_fdre_C_Q)         0.456     1.429 r  product/output_block_start_index_reg[10]/Q
                         net (fo=2, routed)           1.010     2.439    product_bank/D[15]
    SLICE_X23Y7          LUT6 (Prop_lut6_I0_O)        0.124     2.563 r  product_bank/balanced_metadata.leaf_equal_orig0_inferred__4/i_/O
                         net (fo=1, routed)           0.933     3.496    product_bank/balanced_metadata.leaf_equal[5]
    SLICE_X21Y7          LUT6 (Prop_lut6_I3_O)        0.124     3.620 r  product_bank/balanced_metadata.group_equal_orig0/O
                         net (fo=1, routed)           0.518     4.138    product_bank/balanced_metadata.group_equal[0]
    SLICE_X20Y7          LUT4 (Prop_lut4_I0_O)        0.124     4.262 r  product_bank/request_toggle_i_3/O
                         net (fo=1, routed)           0.161     4.423    product_bank/request_toggle_i_3_n_0
    SLICE_X20Y7          LUT5 (Prop_lut5_I0_O)        0.124     4.547 f  product_bank/request_toggle_i_2/O
                         net (fo=4, routed)           0.514     5.062    product_bank/request_toggle_i_2_n_0
    SLICE_X20Y5          LUT6 (Prop_lut6_I2_O)        0.124     5.186 f  product_bank/fault_reasons[0]_i_5/O
                         net (fo=2, routed)           0.183     5.369    product_bank/fault_reasons[0]_i_5_n_0
    SLICE_X20Y5          LUT6 (Prop_lut6_I0_O)        0.124     5.493 f  product_bank/commit_pulse_i_5/O
                         net (fo=2, routed)           0.512     6.005    result_guard/output_kernel_word_reg_i_2_0
    SLICE_X21Y5          LUT6 (Prop_lut6_I5_O)        0.124     6.129 r  result_guard/output_kernel_word_reg_i_4/O
                         net (fo=1, routed)           0.485     6.614    result_guard/output_kernel_word_reg_i_4_n_0
    SLICE_X21Y3          LUT6 (Prop_lut6_I1_O)        0.124     6.738 r  result_guard/output_kernel_word_reg_i_2_comp/O
                         net (fo=6, routed)           0.451     7.189    joiner/kernel_rom/input_accept
    SLICE_X21Y2          LUT3 (Prop_lut3_I0_O)        0.124     7.313 r  joiner/kernel_rom/block_start_index[63]_i_1/O
                         net (fo=69, routed)          0.632     7.944    joiner/kernel_rom/block_exponent
    SLICE_X17Y0          FDRE                                         r  joiner/kernel_rom/block_start_index_reg[56]/CE
  -------------------------------------------------------------------    -------------------

                         (clock island_175 rise edge)
                                                      5.714     5.714 r  
                                                      0.000     5.714 r  fft_clk (IN)
                         net (fo=4721, unset)         0.924     6.638    joiner/kernel_rom/fft_clk
    SLICE_X17Y0          FDRE                                         r  joiner/kernel_rom/block_start_index_reg[56]/C
                         clock pessimism              0.000     6.638    
                         clock uncertainty           -0.035     6.603    
    SLICE_X17Y0          FDRE (Setup_fdre_C_CE)      -0.205     6.398    joiner/kernel_rom/block_start_index_reg[56]
  -------------------------------------------------------------------
                         required time                          6.398    
                         arrival time                          -7.944    
  -------------------------------------------------------------------
                         slack                                 -1.546    

Slack (VIOLATED) :        -1.545ns  (required time - arrival time)
  Source:                 product/output_block_start_index_reg[10]/C
                            (rising edge-triggered cell FDRE clocked by island_175  {rise@0.000ns fall@2.857ns period=5.714ns})
  Destination:            joiner/kernel_rom/block_start_index_reg[21]/CE
                            (rising edge-triggered cell FDRE clocked by island_175  {rise@0.000ns fall@2.857ns period=5.714ns})
  Path Group:             island_175
  Path Type:              Setup (Max at Slow Process Corner)
  Requirement:            5.714ns  (island_175 rise@5.714ns - island_175 rise@0.000ns)
  Data Path Delay:        6.970ns  (logic 1.572ns (22.552%)  route 5.398ns (77.448%))
  Logic Levels:           9  (LUT3=1 LUT4=1 LUT5=1 LUT6=6)
  Clock Path Skew:        -0.049ns (DCD - SCD + CPR)
    Destination Clock Delay (DCD):    0.924ns = ( 6.638 - 5.714 ) 
    Source Clock Delay      (SCD):    0.973ns
    Clock Pessimism Removal (CPR):    0.000ns
  Clock Uncertainty:      0.035ns  ((TSJ^2 + TIJ^2)^1/2 + DJ) / 2 + PE
    Total System Jitter     (TSJ):    0.071ns
    Total Input Jitter      (TIJ):    0.000ns
    Discrete Jitter          (DJ):    0.000ns
    Phase Error              (PE):    0.000ns

    Location             Delay type                Incr(ns)  Path(ns)    Netlist Resource(s)
  -------------------------------------------------------------------    -------------------
                         (clock island_175 rise edge)
                                                      0.000     0.000 r  
                                                      0.000     0.000 r  fft_clk (IN)
                         net (fo=4721, unset)         0.973     0.973    product/fft_clk
    SLICE_X23Y8          FDRE                                         r  product/output_block_start_index_reg[10]/C
  -------------------------------------------------------------------    -------------------
    SLICE_X23Y8          FDRE (Prop_fdre_C_Q)         0.456     1.429 r  product/output_block_start_index_reg[10]/Q
                         net (fo=2, routed)           1.010     2.439    product_bank/D[15]
    SLICE_X23Y7          LUT6 (Prop_lut6_I0_O)        0.124     2.563 r  product_bank/balanced_metadata.leaf_equal_orig0_inferred__4/i_/O
                         net (fo=1, routed)           0.933     3.496    product_bank/balanced_metadata.leaf_equal[5]
    SLICE_X21Y7          LUT6 (Prop_lut6_I3_O)        0.124     3.620 r  product_bank/balanced_metadata.group_equal_orig0/O
                         net (fo=1, routed)           0.518     4.138    product_bank/balanced_metadata.group_equal[0]
    SLICE_X20Y7          LUT4 (Prop_lut4_I0_O)        0.124     4.262 r  product_bank/request_toggle_i_3/O
                         net (fo=1, routed)           0.161     4.423    product_bank/request_toggle_i_3_n_0
    SLICE_X20Y7          LUT5 (Prop_lut5_I0_O)        0.124     4.547 f  product_bank/request_toggle_i_2/O
                         net (fo=4, routed)           0.514     5.062    product_bank/request_toggle_i_2_n_0
    SLICE_X20Y5          LUT6 (Prop_lut6_I2_O)        0.124     5.186 f  product_bank/fault_reasons[0]_i_5/O
                         net (fo=2, routed)           0.183     5.369    product_bank/fault_reasons[0]_i_5_n_0
    SLICE_X20Y5          LUT6 (Prop_lut6_I0_O)        0.124     5.493 f  product_bank/commit_pulse_i_5/O
                         net (fo=2, routed)           0.512     6.005    result_guard/output_kernel_word_reg_i_2_0
    SLICE_X21Y5          LUT6 (Prop_lut6_I5_O)        0.124     6.129 r  result_guard/output_kernel_word_reg_i_4/O
                         net (fo=1, routed)           0.485     6.614    result_guard/output_kernel_word_reg_i_4_n_0
    SLICE_X21Y3          LUT6 (Prop_lut6_I1_O)        0.124     6.738 r  result_guard/output_kernel_word_reg_i_2_comp/O
                         net (fo=6, routed)           0.451     7.189    joiner/kernel_rom/input_accept
    SLICE_X21Y2          LUT3 (Prop_lut3_I0_O)        0.124     7.313 r  joiner/kernel_rom/block_start_index[63]_i_1/O
                         net (fo=69, routed)          0.631     7.943    joiner/kernel_rom/block_exponent
    SLICE_X23Y2          FDRE                                         r  joiner/kernel_rom/block_start_index_reg[21]/CE
  -------------------------------------------------------------------    -------------------

                         (clock island_175 rise edge)
                                                      5.714     5.714 r  
                                                      0.000     5.714 r  fft_clk (IN)
                         net (fo=4721, unset)         0.924     6.638    joiner/kernel_rom/fft_clk
    SLICE_X23Y2          FDRE                                         r  joiner/kernel_rom/block_start_index_reg[21]/C
                         clock pessimism              0.000     6.638    
                         clock uncertainty           -0.035     6.603    
    SLICE_X23Y2          FDRE (Setup_fdre_C_CE)      -0.205     6.398    joiner/kernel_rom/block_start_index_reg[21]
  -------------------------------------------------------------------
                         required time                          6.398    
                         arrival time                          -7.943    
  -------------------------------------------------------------------
                         slack                                 -1.545    

Slack (VIOLATED) :        -1.545ns  (required time - arrival time)
  Source:                 product/output_block_start_index_reg[10]/C
                            (rising edge-triggered cell FDRE clocked by island_175  {rise@0.000ns fall@2.857ns period=5.714ns})
  Destination:            joiner/kernel_rom/block_start_index_reg[22]/CE
                            (rising edge-triggered cell FDRE clocked by island_175  {rise@0.000ns fall@2.857ns period=5.714ns})
  Path Group:             island_175
  Path Type:              Setup (Max at Slow Process Corner)
  Requirement:            5.714ns  (island_175 rise@5.714ns - island_175 rise@0.000ns)
  Data Path Delay:        6.970ns  (logic 1.572ns (22.552%)  route 5.398ns (77.448%))
  Logic Levels:           9  (LUT3=1 LUT4=1 LUT5=1 LUT6=6)
  Clock Path Skew:        -0.049ns (DCD - SCD + CPR)
    Destination Clock Delay (DCD):    0.924ns = ( 6.638 - 5.714 ) 
    Source Clock Delay      (SCD):    0.973ns
    Clock Pessimism Removal (CPR):    0.000ns
  Clock Uncertainty:      0.035ns  ((TSJ^2 + TIJ^2)^1/2 + DJ) / 2 + PE
    Total System Jitter     (TSJ):    0.071ns
    Total Input Jitter      (TIJ):    0.000ns
    Discrete Jitter          (DJ):    0.000ns
    Phase Error              (PE):    0.000ns

    Location             Delay type                Incr(ns)  Path(ns)    Netlist Resource(s)
  -------------------------------------------------------------------    -------------------
                         (clock island_175 rise edge)
                                                      0.000     0.000 r  
                                                      0.000     0.000 r  fft_clk (IN)
                         net (fo=4721, unset)         0.973     0.973    product/fft_clk
    SLICE_X23Y8          FDRE                                         r  product/output_block_start_index_reg[10]/C
  -------------------------------------------------------------------    -------------------
    SLICE_X23Y8          FDRE (Prop_fdre_C_Q)         0.456     1.429 r  product/output_block_start_index_reg[10]/Q
                         net (fo=2, routed)           1.010     2.439    product_bank/D[15]
    SLICE_X23Y7          LUT6 (Prop_lut6_I0_O)        0.124     2.563 r  product_bank/balanced_metadata.leaf_equal_orig0_inferred__4/i_/O
                         net (fo=1, routed)           0.933     3.496    product_bank/balanced_metadata.leaf_equal[5]
    SLICE_X21Y7          LUT6 (Prop_lut6_I3_O)        0.124     3.620 r  product_bank/balanced_metadata.group_equal_orig0/O
                         net (fo=1, routed)           0.518     4.138    product_bank/balanced_metadata.group_equal[0]
    SLICE_X20Y7          LUT4 (Prop_lut4_I0_O)        0.124     4.262 r  product_bank/request_toggle_i_3/O
                         net (fo=1, routed)           0.161     4.423    product_bank/request_toggle_i_3_n_0
    SLICE_X20Y7          LUT5 (Prop_lut5_I0_O)        0.124     4.547 f  product_bank/request_toggle_i_2/O
                         net (fo=4, routed)           0.514     5.062    product_bank/request_toggle_i_2_n_0
    SLICE_X20Y5          LUT6 (Prop_lut6_I2_O)        0.124     5.186 f  product_bank/fault_reasons[0]_i_5/O
                         net (fo=2, routed)           0.183     5.369    product_bank/fault_reasons[0]_i_5_n_0
    SLICE_X20Y5          LUT6 (Prop_lut6_I0_O)        0.124     5.493 f  product_bank/commit_pulse_i_5/O
                         net (fo=2, routed)           0.512     6.005    result_guard/output_kernel_word_reg_i_2_0
    SLICE_X21Y5          LUT6 (Prop_lut6_I5_O)        0.124     6.129 r  result_guard/output_kernel_word_reg_i_4/O
                         net (fo=1, routed)           0.485     6.614    result_guard/output_kernel_word_reg_i_4_n_0
    SLICE_X21Y3          LUT6 (Prop_lut6_I1_O)        0.124     6.738 r  result_guard/output_kernel_word_reg_i_2_comp/O
                         net (fo=6, routed)           0.451     7.189    joiner/kernel_rom/input_accept
    SLICE_X21Y2          LUT3 (Prop_lut3_I0_O)        0.124     7.313 r  joiner/kernel_rom/block_start_index[63]_i_1/O
                         net (fo=69, routed)          0.631     7.943    joiner/kernel_rom/block_exponent
    SLICE_X23Y2          FDRE                                         r  joiner/kernel_rom/block_start_index_reg[22]/CE
  -------------------------------------------------------------------    -------------------

                         (clock island_175 rise edge)
                                                      5.714     5.714 r  
                                                      0.000     5.714 r  fft_clk (IN)
                         net (fo=4721, unset)         0.924     6.638    joiner/kernel_rom/fft_clk
    SLICE_X23Y2          FDRE                                         r  joiner/kernel_rom/block_start_index_reg[22]/C
                         clock pessimism              0.000     6.638    
                         clock uncertainty           -0.035     6.603    
    SLICE_X23Y2          FDRE (Setup_fdre_C_CE)      -0.205     6.398    joiner/kernel_rom/block_start_index_reg[22]
  -------------------------------------------------------------------
                         required time                          6.398    
                         arrival time                          -7.943    
  -------------------------------------------------------------------
                         slack                                 -1.545    

Slack (VIOLATED) :        -1.545ns  (required time - arrival time)
  Source:                 product/output_block_start_index_reg[10]/C
                            (rising edge-triggered cell FDRE clocked by island_175  {rise@0.000ns fall@2.857ns period=5.714ns})
  Destination:            joiner/kernel_rom/block_start_index_reg[62]/CE
                            (rising edge-triggered cell FDRE clocked by island_175  {rise@0.000ns fall@2.857ns period=5.714ns})
  Path Group:             island_175
  Path Type:              Setup (Max at Slow Process Corner)
  Requirement:            5.714ns  (island_175 rise@5.714ns - island_175 rise@0.000ns)
  Data Path Delay:        6.970ns  (logic 1.572ns (22.552%)  route 5.398ns (77.448%))
  Logic Levels:           9  (LUT3=1 LUT4=1 LUT5=1 LUT6=6)
  Clock Path Skew:        -0.049ns (DCD - SCD + CPR)
    Destination Clock Delay (DCD):    0.924ns = ( 6.638 - 5.714 ) 
    Source Clock Delay      (SCD):    0.973ns
    Clock Pessimism Removal (CPR):    0.000ns
  Clock Uncertainty:      0.035ns  ((TSJ^2 + TIJ^2)^1/2 + DJ) / 2 + PE
    Total System Jitter     (TSJ):    0.071ns
    Total Input Jitter      (TIJ):    0.000ns
    Discrete Jitter          (DJ):    0.000ns
    Phase Error              (PE):    0.000ns

    Location             Delay type                Incr(ns)  Path(ns)    Netlist Resource(s)
  -------------------------------------------------------------------    -------------------
                         (clock island_175 rise edge)
                                                      0.000     0.000 r  
                                                      0.000     0.000 r  fft_clk (IN)
                         net (fo=4721, unset)         0.973     0.973    product/fft_clk
    SLICE_X23Y8          FDRE                                         r  product/output_block_start_index_reg[10]/C
  -------------------------------------------------------------------    -------------------
    SLICE_X23Y8          FDRE (Prop_fdre_C_Q)         0.456     1.429 r  product/output_block_start_index_reg[10]/Q
                         net (fo=2, routed)           1.010     2.439    product_bank/D[15]
    SLICE_X23Y7          LUT6 (Prop_lut6_I0_O)        0.124     2.563 r  product_bank/balanced_metadata.leaf_equal_orig0_inferred__4/i_/O
                         net (fo=1, routed)           0.933     3.496    product_bank/balanced_metadata.leaf_equal[5]
    SLICE_X21Y7          LUT6 (Prop_lut6_I3_O)        0.124     3.620 r  product_bank/balanced_metadata.group_equal_orig0/O
                         net (fo=1, routed)           0.518     4.138    product_bank/balanced_metadata.group_equal[0]
    SLICE_X20Y7          LUT4 (Prop_lut4_I0_O)        0.124     4.262 r  product_bank/request_toggle_i_3/O
                         net (fo=1, routed)           0.161     4.423    product_bank/request_toggle_i_3_n_0
    SLICE_X20Y7          LUT5 (Prop_lut5_I0_O)        0.124     4.547 f  product_bank/request_toggle_i_2/O
                         net (fo=4, routed)           0.514     5.062    product_bank/request_toggle_i_2_n_0
    SLICE_X20Y5          LUT6 (Prop_lut6_I2_O)        0.124     5.186 f  product_bank/fault_reasons[0]_i_5/O
                         net (fo=2, routed)           0.183     5.369    product_bank/fault_reasons[0]_i_5_n_0
    SLICE_X20Y5          LUT6 (Prop_lut6_I0_O)        0.124     5.493 f  product_bank/commit_pulse_i_5/O
                         net (fo=2, routed)           0.512     6.005    result_guard/output_kernel_word_reg_i_2_0
    SLICE_X21Y5          LUT6 (Prop_lut6_I5_O)        0.124     6.129 r  result_guard/output_kernel_word_reg_i_4/O
                         net (fo=1, routed)           0.485     6.614    result_guard/output_kernel_word_reg_i_4_n_0
    SLICE_X21Y3          LUT6 (Prop_lut6_I1_O)        0.124     6.738 r  result_guard/output_kernel_word_reg_i_2_comp/O
                         net (fo=6, routed)           0.451     7.189    joiner/kernel_rom/input_accept
    SLICE_X21Y2          LUT3 (Prop_lut3_I0_O)        0.124     7.313 r  joiner/kernel_rom/block_start_index[63]_i_1/O
                         net (fo=69, routed)          0.631     7.943    joiner/kernel_rom/block_exponent
    SLICE_X23Y2          FDRE                                         r  joiner/kernel_rom/block_start_index_reg[62]/CE
  -------------------------------------------------------------------    -------------------

                         (clock island_175 rise edge)
                                                      5.714     5.714 r  
                                                      0.000     5.714 r  fft_clk (IN)
                         net (fo=4721, unset)         0.924     6.638    joiner/kernel_rom/fft_clk
    SLICE_X23Y2          FDRE                                         r  joiner/kernel_rom/block_start_index_reg[62]/C
                         clock pessimism              0.000     6.638    
                         clock uncertainty           -0.035     6.603    
    SLICE_X23Y2          FDRE (Setup_fdre_C_CE)      -0.205     6.398    joiner/kernel_rom/block_start_index_reg[62]
  -------------------------------------------------------------------
                         required time                          6.398    
                         arrival time                          -7.943    
  -------------------------------------------------------------------
                         slack                                 -1.545    




