Copyright 1986-2022 Xilinx, Inc. All Rights Reserved.
-----------------------------------------------------------------------------------------------------------------------------------------------------------------------------------
| Tool Version : Vivado v.2022.2 (lin64) Build 3671981 Fri Oct 14 04:59:54 MDT 2022
| Date         : Thu Sep 10 00:47:38 2026
| Host         : gauss running 64-bit Ubuntu 26.04 LTS
| Command      : report_methodology -file /tmp/starlink-coarse-alternatives.Y3JzOI/direct-coarse/hdl/library/starlink_pss_direct_coarse/build/feeder-corrected-ooc/methodology.rpt
| Design       : starlink_pss_direct_feeder
| Device       : xc7z010clg400-1
| Speed File   : -1
| Design State : Fully Routed
-----------------------------------------------------------------------------------------------------------------------------------------------------------------------------------

Report Methodology

Table of Contents
-----------------
1. REPORT SUMMARY
2. REPORT DETAILS

1. REPORT SUMMARY
-----------------
            Netlist: starlink_pss_direct_feeder
          Floorplan: design_1
      Design limits: <entire design considered>
             Max violations: <unlimited>
             Violations found: 1000
+-----------+----------+-----------------------+------------+
| Rule      | Severity | Description           | Violations |
+-----------+----------+-----------------------+------------+
| TIMING-16 | Warning  | Large setup violation | 1000       |
+-----------+----------+-----------------------+------------+

2. REPORT DETAILS
-----------------
TIMING-16#1 Warning
Large setup violation  
There is a large setup violation of -1.006 ns between issue_group_reg[0]/C (clocked by service_clk) and coefficient_read_reg[110]/D (clocked by service_clk). Large setup violations at the end of those stages might be difficult to fix during the post-placement implementation flow and could be the result of non-optimal XDC constraints or non-optimal design architecture
Related violations: <none>

TIMING-16#2 Warning
Large setup violation  
There is a large setup violation of -1.012 ns between mac/tap_first_reg__0_rep__1/C (clocked by service_clk) and mac/acc_i_reg[0][7]/D (clocked by service_clk). Large setup violations at the end of those stages might be difficult to fix during the post-placement implementation flow and could be the result of non-optimal XDC constraints or non-optimal design architecture
Related violations: <none>

TIMING-16#3 Warning
Large setup violation  
There is a large setup violation of -1.015 ns between mac/tap_first_reg__0/C (clocked by service_clk) and mac/acc_q_reg[1][4]/D (clocked by service_clk). Large setup violations at the end of those stages might be difficult to fix during the post-placement implementation flow and could be the result of non-optimal XDC constraints or non-optimal design architecture
Related violations: <none>

TIMING-16#4 Warning
Large setup violation  
There is a large setup violation of -1.018 ns between mac/tap_first_reg__0_rep/C (clocked by service_clk) and mac/acc_q_reg[3][37]/D (clocked by service_clk). Large setup violations at the end of those stages might be difficult to fix during the post-placement implementation flow and could be the result of non-optimal XDC constraints or non-optimal design architecture
Related violations: <none>

TIMING-16#5 Warning
Large setup violation  
There is a large setup violation of -1.019 ns between generation_reg[4]/C (clocked by service_clk) and expected_timestamp_reg[7]/D (clocked by service_clk). Large setup violations at the end of those stages might be difficult to fix during the post-placement implementation flow and could be the result of non-optimal XDC constraints or non-optimal design architecture
Related violations: <none>

TIMING-16#6 Warning
Large setup violation  
There is a large setup violation of -1.020 ns between mac/tap_first_reg__0_rep__1/C (clocked by service_clk) and mac/acc_i_reg[0][5]/D (clocked by service_clk). Large setup violations at the end of those stages might be difficult to fix during the post-placement implementation flow and could be the result of non-optimal XDC constraints or non-optimal design architecture
Related violations: <none>

TIMING-16#7 Warning
Large setup violation  
There is a large setup violation of -1.025 ns between generation_reg[4]/C (clocked by service_clk) and expected_timestamp_reg[43]/D (clocked by service_clk). Large setup violations at the end of those stages might be difficult to fix during the post-placement implementation flow and could be the result of non-optimal XDC constraints or non-optimal design architecture
Related violations: <none>

TIMING-16#8 Warning
Large setup violation  
There is a large setup violation of -1.026 ns between generation_reg[4]/C (clocked by service_clk) and expected_timestamp_reg[10]/D (clocked by service_clk). Large setup violations at the end of those stages might be difficult to fix during the post-placement implementation flow and could be the result of non-optimal XDC constraints or non-optimal design architecture
Related violations: <none>

TIMING-16#9 Warning
Large setup violation  
There is a large setup violation of -1.031 ns between mac/tap_first_reg__0/C (clocked by service_clk) and mac/acc_q_reg[1][6]/D (clocked by service_clk). Large setup violations at the end of those stages might be difficult to fix during the post-placement implementation flow and could be the result of non-optimal XDC constraints or non-optimal design architecture
Related violations: <none>

TIMING-16#10 Warning
Large setup violation  
There is a large setup violation of -1.036 ns between expected_timestamp_reg[4]/C (clocked by service_clk) and expiry_events_reg[4]/CE (clocked by service_clk). Large setup violations at the end of those stages might be difficult to fix during the post-placement implementation flow and could be the result of non-optimal XDC constraints or non-optimal design architecture
Related violations: <none>

TIMING-16#11 Warning
Large setup violation  
There is a large setup violation of -1.036 ns between expected_timestamp_reg[4]/C (clocked by service_clk) and expiry_events_reg[5]/CE (clocked by service_clk). Large setup violations at the end of those stages might be difficult to fix during the post-placement implementation flow and could be the result of non-optimal XDC constraints or non-optimal design architecture
Related violations: <none>

TIMING-16#12 Warning
Large setup violation  
There is a large setup violation of -1.036 ns between expected_timestamp_reg[4]/C (clocked by service_clk) and expiry_events_reg[6]/CE (clocked by service_clk). Large setup violations at the end of those stages might be difficult to fix during the post-placement implementation flow and could be the result of non-optimal XDC constraints or non-optimal design architecture
Related violations: <none>

TIMING-16#13 Warning
Large setup violation  
There is a large setup violation of -1.036 ns between expected_timestamp_reg[4]/C (clocked by service_clk) and expiry_events_reg[7]/CE (clocked by service_clk). Large setup violations at the end of those stages might be difficult to fix during the post-placement implementation flow and could be the result of non-optimal XDC constraints or non-optimal design architecture
Related violations: <none>

TIMING-16#14 Warning
Large setup violation  
There is a large setup violation of -1.040 ns between issue_group_reg[3]/C (clocked by service_clk) and history[4].samples_reg/ADDRARDADDR[11] (clocked by service_clk). Large setup violations at the end of those stages might be difficult to fix during the post-placement implementation flow and could be the result of non-optimal XDC constraints or non-optimal design architecture
Related violations: <none>

TIMING-16#15 Warning
Large setup violation  
There is a large setup violation of -1.046 ns between generation_reg[4]/C (clocked by service_clk) and expected_timestamp_reg[41]/D (clocked by service_clk). Large setup violations at the end of those stages might be difficult to fix during the post-placement implementation flow and could be the result of non-optimal XDC constraints or non-optimal design architecture
Related violations: <none>

TIMING-16#16 Warning
Large setup violation  
There is a large setup violation of -1.050 ns between generation_reg[4]/C (clocked by service_clk) and expected_timestamp_reg[44]/D (clocked by service_clk). Large setup violations at the end of those stages might be difficult to fix during the post-placement implementation flow and could be the result of non-optimal XDC constraints or non-optimal design architecture
Related violations: <none>

TIMING-16#17 Warning
Large setup violation  
There is a large setup violation of -1.055 ns between generation_reg[4]/C (clocked by service_clk) and expected_timestamp_reg[18]/D (clocked by service_clk). Large setup violations at the end of those stages might be difficult to fix during the post-placement implementation flow and could be the result of non-optimal XDC constraints or non-optimal design architecture
Related violations: <none>

TIMING-16#18 Warning
Large setup violation  
There is a large setup violation of -1.055 ns between mac/tap_first_reg__0_rep/C (clocked by service_clk) and mac/acc_q_reg[2][7]/D (clocked by service_clk). Large setup violations at the end of those stages might be difficult to fix during the post-placement implementation flow and could be the result of non-optimal XDC constraints or non-optimal design architecture
Related violations: <none>

TIMING-16#19 Warning
Large setup violation  
There is a large setup violation of -1.056 ns between issue_group_reg[2]/C (clocked by service_clk) and history[4].samples_reg/ADDRARDADDR[10] (clocked by service_clk). Large setup violations at the end of those stages might be difficult to fix during the post-placement implementation flow and could be the result of non-optimal XDC constraints or non-optimal design architecture
Related violations: <none>

TIMING-16#20 Warning
Large setup violation  
There is a large setup violation of -1.066 ns between generation_reg[4]/C (clocked by service_clk) and expected_timestamp_reg[46]/D (clocked by service_clk). Large setup violations at the end of those stages might be difficult to fix during the post-placement implementation flow and could be the result of non-optimal XDC constraints or non-optimal design architecture
Related violations: <none>

TIMING-16#21 Warning
Large setup violation  
There is a large setup violation of -1.071 ns between next_start_reg[0]/C (clocked by service_clk) and emitted_results_reg[16]/CE (clocked by service_clk). Large setup violations at the end of those stages might be difficult to fix during the post-placement implementation flow and could be the result of non-optimal XDC constraints or non-optimal design architecture
Related violations: <none>

TIMING-16#22 Warning
Large setup violation  
There is a large setup violation of -1.071 ns between next_start_reg[0]/C (clocked by service_clk) and emitted_results_reg[17]/CE (clocked by service_clk). Large setup violations at the end of those stages might be difficult to fix during the post-placement implementation flow and could be the result of non-optimal XDC constraints or non-optimal design architecture
Related violations: <none>

TIMING-16#23 Warning
Large setup violation  
There is a large setup violation of -1.071 ns between next_start_reg[0]/C (clocked by service_clk) and emitted_results_reg[18]/CE (clocked by service_clk). Large setup violations at the end of those stages might be difficult to fix during the post-placement implementation flow and could be the result of non-optimal XDC constraints or non-optimal design architecture
Related violations: <none>

TIMING-16#24 Warning
Large setup violation  
There is a large setup violation of -1.071 ns between next_start_reg[0]/C (clocked by service_clk) and emitted_results_reg[19]/CE (clocked by service_clk). Large setup violations at the end of those stages might be difficult to fix during the post-placement implementation flow and could be the result of non-optimal XDC constraints or non-optimal design architecture
Related violations: <none>

TIMING-16#25 Warning
Large setup violation  
There is a large setup violation of -1.073 ns between next_start_reg[0]/C (clocked by service_clk) and emitted_results_reg[24]/CE (clocked by service_clk). Large setup violations at the end of those stages might be difficult to fix during the post-placement implementation flow and could be the result of non-optimal XDC constraints or non-optimal design architecture
Related violations: <none>

TIMING-16#26 Warning
Large setup violation  
There is a large setup violation of -1.073 ns between next_start_reg[0]/C (clocked by service_clk) and emitted_results_reg[25]/CE (clocked by service_clk). Large setup violations at the end of those stages might be difficult to fix during the post-placement implementation flow and could be the result of non-optimal XDC constraints or non-optimal design architecture
Related violations: <none>

TIMING-16#27 Warning
Large setup violation  
There is a large setup violation of -1.073 ns between next_start_reg[0]/C (clocked by service_clk) and emitted_results_reg[26]/CE (clocked by service_clk). Large setup violations at the end of those stages might be difficult to fix during the post-placement implementation flow and could be the result of non-optimal XDC constraints or non-optimal design architecture
Related violations: <none>

TIMING-16#28 Warning
Large setup violation  
There is a large setup violation of -1.073 ns between next_start_reg[0]/C (clocked by service_clk) and emitted_results_reg[27]/CE (clocked by service_clk). Large setup violations at the end of those stages might be difficult to fix during the post-placement implementation flow and could be the result of non-optimal XDC constraints or non-optimal design architecture
Related violations: <none>

TIMING-16#29 Warning
Large setup violation  
There is a large setup violation of -1.074 ns between next_start_reg[0]/C (clocked by service_clk) and emitted_results_reg[28]/CE (clocked by service_clk). Large setup violations at the end of those stages might be difficult to fix during the post-placement implementation flow and could be the result of non-optimal XDC constraints or non-optimal design architecture
Related violations: <none>

TIMING-16#30 Warning
Large setup violation  
There is a large setup violation of -1.074 ns between next_start_reg[0]/C (clocked by service_clk) and emitted_results_reg[29]/CE (clocked by service_clk). Large setup violations at the end of those stages might be difficult to fix during the post-placement implementation flow and could be the result of non-optimal XDC constraints or non-optimal design architecture
Related violations: <none>

TIMING-16#31 Warning
Large setup violation  
There is a large setup violation of -1.074 ns between next_start_reg[0]/C (clocked by service_clk) and emitted_results_reg[30]/CE (clocked by service_clk). Large setup violations at the end of those stages might be difficult to fix during the post-placement implementation flow and could be the result of non-optimal XDC constraints or non-optimal design architecture
Related violations: <none>

TIMING-16#32 Warning
Large setup violation  
There is a large setup violation of -1.074 ns between next_start_reg[0]/C (clocked by service_clk) and emitted_results_reg[31]/CE (clocked by service_clk). Large setup violations at the end of those stages might be difficult to fix during the post-placement implementation flow and could be the result of non-optimal XDC constraints or non-optimal design architecture
Related violations: <none>

TIMING-16#33 Warning
Large setup violation  
There is a large setup violation of -1.076 ns between mac/tap_first_reg__0_rep/C (clocked by service_clk) and mac/acc_q_reg[2][5]/D (clocked by service_clk). Large setup violations at the end of those stages might be difficult to fix during the post-placement implementation flow and could be the result of non-optimal XDC constraints or non-optimal design architecture
Related violations: <none>

TIMING-16#34 Warning
Large setup violation  
There is a large setup violation of -1.079 ns between mac/tap_first_reg__0_rep/C (clocked by service_clk) and mac/acc_q_reg[2][8]/D (clocked by service_clk). Large setup violations at the end of those stages might be difficult to fix during the post-placement implementation flow and could be the result of non-optimal XDC constraints or non-optimal design architecture
Related violations: <none>

TIMING-16#35 Warning
Large setup violation  
There is a large setup violation of -1.091 ns between generation_reg[4]/C (clocked by service_clk) and expected_timestamp_reg[9]/D (clocked by service_clk). Large setup violations at the end of those stages might be difficult to fix during the post-placement implementation flow and could be the result of non-optimal XDC constraints or non-optimal design architecture
Related violations: <none>

TIMING-16#36 Warning
Large setup violation  
There is a large setup violation of -1.095 ns between mac/tap_first_reg__0_rep/C (clocked by service_clk) and mac/acc_q_reg[2][10]/D (clocked by service_clk). Large setup violations at the end of those stages might be difficult to fix during the post-placement implementation flow and could be the result of non-optimal XDC constraints or non-optimal design architecture
Related violations: <none>

TIMING-16#37 Warning
Large setup violation  
There is a large setup violation of -1.095 ns between next_start_reg[0]/C (clocked by service_clk) and emitted_results_reg[12]/CE (clocked by service_clk). Large setup violations at the end of those stages might be difficult to fix during the post-placement implementation flow and could be the result of non-optimal XDC constraints or non-optimal design architecture
Related violations: <none>

TIMING-16#38 Warning
Large setup violation  
There is a large setup violation of -1.095 ns between next_start_reg[0]/C (clocked by service_clk) and emitted_results_reg[13]/CE (clocked by service_clk). Large setup violations at the end of those stages might be difficult to fix during the post-placement implementation flow and could be the result of non-optimal XDC constraints or non-optimal design architecture
Related violations: <none>

TIMING-16#39 Warning
Large setup violation  
There is a large setup violation of -1.095 ns between next_start_reg[0]/C (clocked by service_clk) and emitted_results_reg[14]/CE (clocked by service_clk). Large setup violations at the end of those stages might be difficult to fix during the post-placement implementation flow and could be the result of non-optimal XDC constraints or non-optimal design architecture
Related violations: <none>

TIMING-16#40 Warning
Large setup violation  
There is a large setup violation of -1.095 ns between next_start_reg[0]/C (clocked by service_clk) and emitted_results_reg[15]/CE (clocked by service_clk). Large setup violations at the end of those stages might be difficult to fix during the post-placement implementation flow and could be the result of non-optimal XDC constraints or non-optimal design architecture
Related violations: <none>

TIMING-16#41 Warning
Large setup violation  
There is a large setup violation of -1.096 ns between issue_group_reg[0]/C (clocked by service_clk) and coefficient_read_reg[20]/D (clocked by service_clk). Large setup violations at the end of those stages might be difficult to fix during the post-placement implementation flow and could be the result of non-optimal XDC constraints or non-optimal design architecture
Related violations: <none>

TIMING-16#42 Warning
Large setup violation  
There is a large setup violation of -1.105 ns between mac/tap_first_reg__0/C (clocked by service_clk) and mac/acc_q_reg[1][7]/D (clocked by service_clk). Large setup violations at the end of those stages might be difficult to fix during the post-placement implementation flow and could be the result of non-optimal XDC constraints or non-optimal design architecture
Related violations: <none>

TIMING-16#43 Warning
Large setup violation  
There is a large setup violation of -1.115 ns between expected_timestamp_reg[4]/C (clocked by service_clk) and gap_events_reg[28]/CE (clocked by service_clk). Large setup violations at the end of those stages might be difficult to fix during the post-placement implementation flow and could be the result of non-optimal XDC constraints or non-optimal design architecture
Related violations: <none>

TIMING-16#44 Warning
Large setup violation  
There is a large setup violation of -1.115 ns between expected_timestamp_reg[4]/C (clocked by service_clk) and gap_events_reg[29]/CE (clocked by service_clk). Large setup violations at the end of those stages might be difficult to fix during the post-placement implementation flow and could be the result of non-optimal XDC constraints or non-optimal design architecture
Related violations: <none>

TIMING-16#45 Warning
Large setup violation  
There is a large setup violation of -1.115 ns between expected_timestamp_reg[4]/C (clocked by service_clk) and gap_events_reg[30]/CE (clocked by service_clk). Large setup violations at the end of those stages might be difficult to fix during the post-placement implementation flow and could be the result of non-optimal XDC constraints or non-optimal design architecture
Related violations: <none>

TIMING-16#46 Warning
Large setup violation  
There is a large setup violation of -1.115 ns between expected_timestamp_reg[4]/C (clocked by service_clk) and gap_events_reg[31]/CE (clocked by service_clk). Large setup violations at the end of those stages might be difficult to fix during the post-placement implementation flow and could be the result of non-optimal XDC constraints or non-optimal design architecture
Related violations: <none>

TIMING-16#47 Warning
Large setup violation  
There is a large setup violation of -1.117 ns between mac/tap_first_reg__0_rep__1/C (clocked by service_clk) and mac/acc_i_reg[0][8]/D (clocked by service_clk). Large setup violations at the end of those stages might be difficult to fix during the post-placement implementation flow and could be the result of non-optimal XDC constraints or non-optimal design architecture
Related violations: <none>

TIMING-16#48 Warning
Large setup violation  
There is a large setup violation of -1.126 ns between mac/tap_first_reg__0/C (clocked by service_clk) and mac/acc_q_reg[1][5]/D (clocked by service_clk). Large setup violations at the end of those stages might be difficult to fix during the post-placement implementation flow and could be the result of non-optimal XDC constraints or non-optimal design architecture
Related violations: <none>

TIMING-16#49 Warning
Large setup violation  
There is a large setup violation of -1.137 ns between mac/tap_first_reg__0_rep__1/C (clocked by service_clk) and mac/acc_i_reg[0][10]/D (clocked by service_clk). Large setup violations at the end of those stages might be difficult to fix during the post-placement implementation flow and could be the result of non-optimal XDC constraints or non-optimal design architecture
Related violations: <none>

TIMING-16#50 Warning
Large setup violation  
There is a large setup violation of -1.140 ns between generation_reg[4]/C (clocked by service_clk) and expected_timestamp_reg[47]/D (clocked by service_clk). Large setup violations at the end of those stages might be difficult to fix during the post-placement implementation flow and could be the result of non-optimal XDC constraints or non-optimal design architecture
Related violations: <none>

TIMING-16#51 Warning
Large setup violation  
There is a large setup violation of -1.140 ns between mac/tap_first_reg__0/C (clocked by service_clk) and mac/acc_q_reg[1][8]/D (clocked by service_clk). Large setup violations at the end of those stages might be difficult to fix during the post-placement implementation flow and could be the result of non-optimal XDC constraints or non-optimal design architecture
Related violations: <none>

TIMING-16#52 Warning
Large setup violation  
There is a large setup violation of -1.144 ns between next_start_reg[0]/C (clocked by service_clk) and history[1].samples_reg/ADDRARDADDR[10] (clocked by service_clk). Large setup violations at the end of those stages might be difficult to fix during the post-placement implementation flow and could be the result of non-optimal XDC constraints or non-optimal design architecture
Related violations: <none>

TIMING-16#53 Warning
Large setup violation  
There is a large setup violation of -1.146 ns between generation_reg[4]/C (clocked by service_clk) and generation_reg[28]/CE (clocked by service_clk). Large setup violations at the end of those stages might be difficult to fix during the post-placement implementation flow and could be the result of non-optimal XDC constraints or non-optimal design architecture
Related violations: <none>

TIMING-16#54 Warning
Large setup violation  
There is a large setup violation of -1.156 ns between mac/tap_first_reg__0/C (clocked by service_clk) and mac/acc_q_reg[1][10]/D (clocked by service_clk). Large setup violations at the end of those stages might be difficult to fix during the post-placement implementation flow and could be the result of non-optimal XDC constraints or non-optimal design architecture
Related violations: <none>

TIMING-16#55 Warning
Large setup violation  
There is a large setup violation of -1.159 ns between generation_reg[4]/C (clocked by service_clk) and generation_reg[24]/CE (clocked by service_clk). Large setup violations at the end of those stages might be difficult to fix during the post-placement implementation flow and could be the result of non-optimal XDC constraints or non-optimal design architecture
Related violations: <none>

TIMING-16#56 Warning
Large setup violation  
There is a large setup violation of -1.159 ns between generation_reg[4]/C (clocked by service_clk) and generation_reg[25]/CE (clocked by service_clk). Large setup violations at the end of those stages might be difficult to fix during the post-placement implementation flow and could be the result of non-optimal XDC constraints or non-optimal design architecture
Related violations: <none>

TIMING-16#57 Warning
Large setup violation  
There is a large setup violation of -1.159 ns between generation_reg[4]/C (clocked by service_clk) and generation_reg[26]/CE (clocked by service_clk). Large setup violations at the end of those stages might be difficult to fix during the post-placement implementation flow and could be the result of non-optimal XDC constraints or non-optimal design architecture
Related violations: <none>

TIMING-16#58 Warning
Large setup violation  
There is a large setup violation of -1.159 ns between generation_reg[4]/C (clocked by service_clk) and generation_reg[27]/CE (clocked by service_clk). Large setup violations at the end of those stages might be difficult to fix during the post-placement implementation flow and could be the result of non-optimal XDC constraints or non-optimal design architecture
Related violations: <none>

TIMING-16#59 Warning
Large setup violation  
There is a large setup violation of -1.161 ns between generation_reg[4]/C (clocked by service_clk) and expected_timestamp_reg[45]/D (clocked by service_clk). Large setup violations at the end of those stages might be difficult to fix during the post-placement implementation flow and could be the result of non-optimal XDC constraints or non-optimal design architecture
Related violations: <none>

TIMING-16#60 Warning
Large setup violation  
There is a large setup violation of -1.162 ns between issue_group_reg[0]/C (clocked by service_clk) and history[5].samples_reg/ADDRARDADDR[10] (clocked by service_clk). Large setup violations at the end of those stages might be difficult to fix during the post-placement implementation flow and could be the result of non-optimal XDC constraints or non-optimal design architecture
Related violations: <none>

TIMING-16#61 Warning
Large setup violation  
There is a large setup violation of -1.164 ns between issue_group_reg[0]/C (clocked by service_clk) and history[1].samples_reg/ADDRARDADDR[8] (clocked by service_clk). Large setup violations at the end of those stages might be difficult to fix during the post-placement implementation flow and could be the result of non-optimal XDC constraints or non-optimal design architecture
Related violations: <none>

TIMING-16#62 Warning
Large setup violation  
There is a large setup violation of -1.165 ns between generation_reg[4]/C (clocked by service_clk) and expected_timestamp_reg[48]/D (clocked by service_clk). Large setup violations at the end of those stages might be difficult to fix during the post-placement implementation flow and could be the result of non-optimal XDC constraints or non-optimal design architecture
Related violations: <none>

TIMING-16#63 Warning
Large setup violation  
There is a large setup violation of -1.169 ns between mac/tap_first_reg__0_rep/C (clocked by service_clk) and mac/acc_q_reg[2][11]/D (clocked by service_clk). Large setup violations at the end of those stages might be difficult to fix during the post-placement implementation flow and could be the result of non-optimal XDC constraints or non-optimal design architecture
Related violations: <none>

TIMING-16#64 Warning
Large setup violation  
There is a large setup violation of -1.174 ns between next_start_reg[0]/C (clocked by service_clk) and history[5].samples_reg/ADDRARDADDR[11] (clocked by service_clk). Large setup violations at the end of those stages might be difficult to fix during the post-placement implementation flow and could be the result of non-optimal XDC constraints or non-optimal design architecture
Related violations: <none>

TIMING-16#65 Warning
Large setup violation  
There is a large setup violation of -1.175 ns between generation_reg[4]/C (clocked by service_clk) and expected_timestamp_reg[16]/D (clocked by service_clk). Large setup violations at the end of those stages might be difficult to fix during the post-placement implementation flow and could be the result of non-optimal XDC constraints or non-optimal design architecture
Related violations: <none>

TIMING-16#66 Warning
Large setup violation  
There is a large setup violation of -1.179 ns between expected_timestamp_reg[4]/C (clocked by service_clk) and expiry_events_reg[0]/CE (clocked by service_clk). Large setup violations at the end of those stages might be difficult to fix during the post-placement implementation flow and could be the result of non-optimal XDC constraints or non-optimal design architecture
Related violations: <none>

TIMING-16#67 Warning
Large setup violation  
There is a large setup violation of -1.179 ns between expected_timestamp_reg[4]/C (clocked by service_clk) and expiry_events_reg[1]/CE (clocked by service_clk). Large setup violations at the end of those stages might be difficult to fix during the post-placement implementation flow and could be the result of non-optimal XDC constraints or non-optimal design architecture
Related violations: <none>

TIMING-16#68 Warning
Large setup violation  
There is a large setup violation of -1.179 ns between expected_timestamp_reg[4]/C (clocked by service_clk) and expiry_events_reg[2]/CE (clocked by service_clk). Large setup violations at the end of those stages might be difficult to fix during the post-placement implementation flow and could be the result of non-optimal XDC constraints or non-optimal design architecture
Related violations: <none>

TIMING-16#69 Warning
Large setup violation  
There is a large setup violation of -1.179 ns between expected_timestamp_reg[4]/C (clocked by service_clk) and expiry_events_reg[3]/CE (clocked by service_clk). Large setup violations at the end of those stages might be difficult to fix during the post-placement implementation flow and could be the result of non-optimal XDC constraints or non-optimal design architecture
Related violations: <none>

TIMING-16#70 Warning
Large setup violation  
There is a large setup violation of -1.181 ns between generation_reg[4]/C (clocked by service_clk) and expected_timestamp_reg[50]/D (clocked by service_clk). Large setup violations at the end of those stages might be difficult to fix during the post-placement implementation flow and could be the result of non-optimal XDC constraints or non-optimal design architecture
Related violations: <none>

TIMING-16#71 Warning
Large setup violation  
There is a large setup violation of -1.185 ns between expected_timestamp_reg[4]/C (clocked by service_clk) and expiry_events_reg[12]/CE (clocked by service_clk). Large setup violations at the end of those stages might be difficult to fix during the post-placement implementation flow and could be the result of non-optimal XDC constraints or non-optimal design architecture
Related violations: <none>

TIMING-16#72 Warning
Large setup violation  
There is a large setup violation of -1.185 ns between expected_timestamp_reg[4]/C (clocked by service_clk) and expiry_events_reg[13]/CE (clocked by service_clk). Large setup violations at the end of those stages might be difficult to fix during the post-placement implementation flow and could be the result of non-optimal XDC constraints or non-optimal design architecture
Related violations: <none>

TIMING-16#73 Warning
Large setup violation  
There is a large setup violation of -1.185 ns between expected_timestamp_reg[4]/C (clocked by service_clk) and expiry_events_reg[14]/CE (clocked by service_clk). Large setup violations at the end of those stages might be difficult to fix during the post-placement implementation flow and could be the result of non-optimal XDC constraints or non-optimal design architecture
Related violations: <none>

TIMING-16#74 Warning
Large setup violation  
There is a large setup violation of -1.185 ns between expected_timestamp_reg[4]/C (clocked by service_clk) and expiry_events_reg[15]/CE (clocked by service_clk). Large setup violations at the end of those stages might be difficult to fix during the post-placement implementation flow and could be the result of non-optimal XDC constraints or non-optimal design architecture
Related violations: <none>

TIMING-16#75 Warning
Large setup violation  
There is a large setup violation of -1.185 ns between generation_reg[4]/C (clocked by service_clk) and generation_reg[16]/CE (clocked by service_clk). Large setup violations at the end of those stages might be difficult to fix during the post-placement implementation flow and could be the result of non-optimal XDC constraints or non-optimal design architecture
Related violations: <none>

TIMING-16#76 Warning
Large setup violation  
There is a large setup violation of -1.185 ns between generation_reg[4]/C (clocked by service_clk) and generation_reg[17]/CE (clocked by service_clk). Large setup violations at the end of those stages might be difficult to fix during the post-placement implementation flow and could be the result of non-optimal XDC constraints or non-optimal design architecture
Related violations: <none>

TIMING-16#77 Warning
Large setup violation  
There is a large setup violation of -1.185 ns between generation_reg[4]/C (clocked by service_clk) and generation_reg[18]/CE (clocked by service_clk). Large setup violations at the end of those stages might be difficult to fix during the post-placement implementation flow and could be the result of non-optimal XDC constraints or non-optimal design architecture
Related violations: <none>

TIMING-16#78 Warning
Large setup violation  
There is a large setup violation of -1.185 ns between generation_reg[4]/C (clocked by service_clk) and generation_reg[19]/CE (clocked by service_clk). Large setup violations at the end of those stages might be difficult to fix during the post-placement implementation flow and could be the result of non-optimal XDC constraints or non-optimal design architecture
Related violations: <none>

TIMING-16#79 Warning
Large setup violation  
There is a large setup violation of -1.190 ns between mac/tap_first_reg__0_rep/C (clocked by service_clk) and mac/acc_q_reg[2][9]/D (clocked by service_clk). Large setup violations at the end of those stages might be difficult to fix during the post-placement implementation flow and could be the result of non-optimal XDC constraints or non-optimal design architecture
Related violations: <none>

TIMING-16#80 Warning
Large setup violation  
There is a large setup violation of -1.194 ns between mac/tap_first_reg__0_rep/C (clocked by service_clk) and mac/acc_q_reg[2][12]/D (clocked by service_clk). Large setup violations at the end of those stages might be difficult to fix during the post-placement implementation flow and could be the result of non-optimal XDC constraints or non-optimal design architecture
Related violations: <none>

TIMING-16#81 Warning
Large setup violation  
There is a large setup violation of -1.210 ns between mac/tap_first_reg__0_rep/C (clocked by service_clk) and mac/acc_q_reg[2][14]/D (clocked by service_clk). Large setup violations at the end of those stages might be difficult to fix during the post-placement implementation flow and could be the result of non-optimal XDC constraints or non-optimal design architecture
Related violations: <none>

TIMING-16#82 Warning
Large setup violation  
There is a large setup violation of -1.211 ns between generation_reg[4]/C (clocked by service_clk) and expected_timestamp_reg[15]/D (clocked by service_clk). Large setup violations at the end of those stages might be difficult to fix during the post-placement implementation flow and could be the result of non-optimal XDC constraints or non-optimal design architecture
Related violations: <none>

TIMING-16#83 Warning
Large setup violation  
There is a large setup violation of -1.213 ns between mac/tap_first_reg__0_rep__1/C (clocked by service_clk) and mac/acc_i_reg[0][11]/D (clocked by service_clk). Large setup violations at the end of those stages might be difficult to fix during the post-placement implementation flow and could be the result of non-optimal XDC constraints or non-optimal design architecture
Related violations: <none>

TIMING-16#84 Warning
Large setup violation  
There is a large setup violation of -1.221 ns between generation_reg[4]/C (clocked by service_clk) and mac/acc_q_reg[2][0]/CE (clocked by service_clk). Large setup violations at the end of those stages might be difficult to fix during the post-placement implementation flow and could be the result of non-optimal XDC constraints or non-optimal design architecture
Related violations: <none>

TIMING-16#85 Warning
Large setup violation  
There is a large setup violation of -1.221 ns between generation_reg[4]/C (clocked by service_clk) and mac/acc_q_reg[2][1]/CE (clocked by service_clk). Large setup violations at the end of those stages might be difficult to fix during the post-placement implementation flow and could be the result of non-optimal XDC constraints or non-optimal design architecture
Related violations: <none>

TIMING-16#86 Warning
Large setup violation  
There is a large setup violation of -1.221 ns between generation_reg[4]/C (clocked by service_clk) and mac/acc_q_reg[2][2]/CE (clocked by service_clk). Large setup violations at the end of those stages might be difficult to fix during the post-placement implementation flow and could be the result of non-optimal XDC constraints or non-optimal design architecture
Related violations: <none>

TIMING-16#87 Warning
Large setup violation  
There is a large setup violation of -1.221 ns between generation_reg[4]/C (clocked by service_clk) and mac/acc_q_reg[2][3]/CE (clocked by service_clk). Large setup violations at the end of those stages might be difficult to fix during the post-placement implementation flow and could be the result of non-optimal XDC constraints or non-optimal design architecture
Related violations: <none>

TIMING-16#88 Warning
Large setup violation  
There is a large setup violation of -1.221 ns between mac/tap_first_reg__0_rep__1/C (clocked by service_clk) and mac/acc_i_reg[0][9]/D (clocked by service_clk). Large setup violations at the end of those stages might be difficult to fix during the post-placement implementation flow and could be the result of non-optimal XDC constraints or non-optimal design architecture
Related violations: <none>

TIMING-16#89 Warning
Large setup violation  
There is a large setup violation of -1.224 ns between expected_timestamp_reg[4]/C (clocked by service_clk) and expiry_events_reg[10]/CE (clocked by service_clk). Large setup violations at the end of those stages might be difficult to fix during the post-placement implementation flow and could be the result of non-optimal XDC constraints or non-optimal design architecture
Related violations: <none>

TIMING-16#90 Warning
Large setup violation  
There is a large setup violation of -1.224 ns between expected_timestamp_reg[4]/C (clocked by service_clk) and expiry_events_reg[11]/CE (clocked by service_clk). Large setup violations at the end of those stages might be difficult to fix during the post-placement implementation flow and could be the result of non-optimal XDC constraints or non-optimal design architecture
Related violations: <none>

TIMING-16#91 Warning
Large setup violation  
There is a large setup violation of -1.224 ns between expected_timestamp_reg[4]/C (clocked by service_clk) and expiry_events_reg[8]/CE (clocked by service_clk). Large setup violations at the end of those stages might be difficult to fix during the post-placement implementation flow and could be the result of non-optimal XDC constraints or non-optimal design architecture
Related violations: <none>

TIMING-16#92 Warning
Large setup violation  
There is a large setup violation of -1.224 ns between expected_timestamp_reg[4]/C (clocked by service_clk) and expiry_events_reg[9]/CE (clocked by service_clk). Large setup violations at the end of those stages might be difficult to fix during the post-placement implementation flow and could be the result of non-optimal XDC constraints or non-optimal design architecture
Related violations: <none>

TIMING-16#93 Warning
Large setup violation  
There is a large setup violation of -1.229 ns between generation_reg[4]/C (clocked by service_clk) and generation_reg[10]/CE (clocked by service_clk). Large setup violations at the end of those stages might be difficult to fix during the post-placement implementation flow and could be the result of non-optimal XDC constraints or non-optimal design architecture
Related violations: <none>

TIMING-16#94 Warning
Large setup violation  
There is a large setup violation of -1.229 ns between generation_reg[4]/C (clocked by service_clk) and generation_reg[11]/CE (clocked by service_clk). Large setup violations at the end of those stages might be difficult to fix during the post-placement implementation flow and could be the result of non-optimal XDC constraints or non-optimal design architecture
Related violations: <none>

TIMING-16#95 Warning
Large setup violation  
There is a large setup violation of -1.229 ns between generation_reg[4]/C (clocked by service_clk) and generation_reg[13]/CE (clocked by service_clk). Large setup violations at the end of those stages might be difficult to fix during the post-placement implementation flow and could be the result of non-optimal XDC constraints or non-optimal design architecture
Related violations: <none>

TIMING-16#96 Warning
Large setup violation  
There is a large setup violation of -1.229 ns between generation_reg[4]/C (clocked by service_clk) and generation_reg[8]/CE (clocked by service_clk). Large setup violations at the end of those stages might be difficult to fix during the post-placement implementation flow and could be the result of non-optimal XDC constraints or non-optimal design architecture
Related violations: <none>

TIMING-16#97 Warning
Large setup violation  
There is a large setup violation of -1.229 ns between generation_reg[4]/C (clocked by service_clk) and generation_reg[9]/CE (clocked by service_clk). Large setup violations at the end of those stages might be difficult to fix during the post-placement implementation flow and could be the result of non-optimal XDC constraints or non-optimal design architecture
Related violations: <none>

TIMING-16#98 Warning
Large setup violation  
There is a large setup violation of -1.230 ns between mac/tap_first_reg__0/C (clocked by service_clk) and mac/acc_q_reg[1][11]/D (clocked by service_clk). Large setup violations at the end of those stages might be difficult to fix during the post-placement implementation flow and could be the result of non-optimal XDC constraints or non-optimal design architecture
Related violations: <none>

TIMING-16#99 Warning
Large setup violation  
There is a large setup violation of -1.232 ns between generation_reg[4]/C (clocked by service_clk) and mac/acc_i_reg[1][0]/CE (clocked by service_clk). Large setup violations at the end of those stages might be difficult to fix during the post-placement implementation flow and could be the result of non-optimal XDC constraints or non-optimal design architecture
Related violations: <none>

TIMING-16#100 Warning
Large setup violation  
There is a large setup violation of -1.232 ns between generation_reg[4]/C (clocked by service_clk) and mac/acc_i_reg[1][1]/CE (clocked by service_clk). Large setup violations at the end of those stages might be difficult to fix during the post-placement implementation flow and could be the result of non-optimal XDC constraints or non-optimal design architecture
Related violations: <none>

TIMING-16#101 Warning
Large setup violation  
There is a large setup violation of -1.232 ns between generation_reg[4]/C (clocked by service_clk) and mac/acc_i_reg[1][2]/CE (clocked by service_clk). Large setup violations at the end of those stages might be difficult to fix during the post-placement implementation flow and could be the result of non-optimal XDC constraints or non-optimal design architecture
Related violations: <none>

TIMING-16#102 Warning
Large setup violation  
There is a large setup violation of -1.232 ns between generation_reg[4]/C (clocked by service_clk) and mac/acc_i_reg[1][3]/CE (clocked by service_clk). Large setup violations at the end of those stages might be difficult to fix during the post-placement implementation flow and could be the result of non-optimal XDC constraints or non-optimal design architecture
Related violations: <none>

TIMING-16#103 Warning
Large setup violation  
There is a large setup violation of -1.235 ns between mac/tap_first_reg__0_rep__1/C (clocked by service_clk) and mac/acc_i_reg[0][12]/D (clocked by service_clk). Large setup violations at the end of those stages might be difficult to fix during the post-placement implementation flow and could be the result of non-optimal XDC constraints or non-optimal design architecture
Related violations: <none>

TIMING-16#104 Warning
Large setup violation  
There is a large setup violation of -1.235 ns between next_start_reg[0]/C (clocked by service_clk) and emitted_results_reg[10]/CE (clocked by service_clk). Large setup violations at the end of those stages might be difficult to fix during the post-placement implementation flow and could be the result of non-optimal XDC constraints or non-optimal design architecture
Related violations: <none>

TIMING-16#105 Warning
Large setup violation  
There is a large setup violation of -1.235 ns between next_start_reg[0]/C (clocked by service_clk) and emitted_results_reg[11]/CE (clocked by service_clk). Large setup violations at the end of those stages might be difficult to fix during the post-placement implementation flow and could be the result of non-optimal XDC constraints or non-optimal design architecture
Related violations: <none>

TIMING-16#106 Warning
Large setup violation  
There is a large setup violation of -1.235 ns between next_start_reg[0]/C (clocked by service_clk) and emitted_results_reg[8]/CE (clocked by service_clk). Large setup violations at the end of those stages might be difficult to fix during the post-placement implementation flow and could be the result of non-optimal XDC constraints or non-optimal design architecture
Related violations: <none>

TIMING-16#107 Warning
Large setup violation  
There is a large setup violation of -1.235 ns between next_start_reg[0]/C (clocked by service_clk) and emitted_results_reg[9]/CE (clocked by service_clk). Large setup violations at the end of those stages might be difficult to fix during the post-placement implementation flow and could be the result of non-optimal XDC constraints or non-optimal design architecture
Related violations: <none>

TIMING-16#108 Warning
Large setup violation  
There is a large setup violation of -1.237 ns between next_start_reg[0]/C (clocked by service_clk) and emitted_results_reg[4]/CE (clocked by service_clk). Large setup violations at the end of those stages might be difficult to fix during the post-placement implementation flow and could be the result of non-optimal XDC constraints or non-optimal design architecture
Related violations: <none>

TIMING-16#109 Warning
Large setup violation  
There is a large setup violation of -1.237 ns between next_start_reg[0]/C (clocked by service_clk) and emitted_results_reg[5]/CE (clocked by service_clk). Large setup violations at the end of those stages might be difficult to fix during the post-placement implementation flow and could be the result of non-optimal XDC constraints or non-optimal design architecture
Related violations: <none>

TIMING-16#110 Warning
Large setup violation  
There is a large setup violation of -1.237 ns between next_start_reg[0]/C (clocked by service_clk) and emitted_results_reg[6]/CE (clocked by service_clk). Large setup violations at the end of those stages might be difficult to fix during the post-placement implementation flow and could be the result of non-optimal XDC constraints or non-optimal design architecture
Related violations: <none>

TIMING-16#111 Warning
Large setup violation  
There is a large setup violation of -1.237 ns between next_start_reg[0]/C (clocked by service_clk) and emitted_results_reg[7]/CE (clocked by service_clk). Large setup violations at the end of those stages might be difficult to fix during the post-placement implementation flow and could be the result of non-optimal XDC constraints or non-optimal design architecture
Related violations: <none>

TIMING-16#112 Warning
Large setup violation  
There is a large setup violation of -1.238 ns between expected_timestamp_reg[4]/C (clocked by service_clk) and expiry_events_reg[16]/CE (clocked by service_clk). Large setup violations at the end of those stages might be difficult to fix during the post-placement implementation flow and could be the result of non-optimal XDC constraints or non-optimal design architecture
Related violations: <none>

TIMING-16#113 Warning
Large setup violation  
There is a large setup violation of -1.238 ns between expected_timestamp_reg[4]/C (clocked by service_clk) and expiry_events_reg[17]/CE (clocked by service_clk). Large setup violations at the end of those stages might be difficult to fix during the post-placement implementation flow and could be the result of non-optimal XDC constraints or non-optimal design architecture
Related violations: <none>

TIMING-16#114 Warning
Large setup violation  
There is a large setup violation of -1.238 ns between expected_timestamp_reg[4]/C (clocked by service_clk) and expiry_events_reg[18]/CE (clocked by service_clk). Large setup violations at the end of those stages might be difficult to fix during the post-placement implementation flow and could be the result of non-optimal XDC constraints or non-optimal design architecture
Related violations: <none>

TIMING-16#115 Warning
Large setup violation  
There is a large setup violation of -1.238 ns between expected_timestamp_reg[4]/C (clocked by service_clk) and expiry_events_reg[19]/CE (clocked by service_clk). Large setup violations at the end of those stages might be difficult to fix during the post-placement implementation flow and could be the result of non-optimal XDC constraints or non-optimal design architecture
Related violations: <none>

TIMING-16#116 Warning
Large setup violation  
There is a large setup violation of -1.244 ns between expected_timestamp_reg[4]/C (clocked by service_clk) and gap_events_reg[24]/CE (clocked by service_clk). Large setup violations at the end of those stages might be difficult to fix during the post-placement implementation flow and could be the result of non-optimal XDC constraints or non-optimal design architecture
Related violations: <none>

TIMING-16#117 Warning
Large setup violation  
There is a large setup violation of -1.244 ns between expected_timestamp_reg[4]/C (clocked by service_clk) and gap_events_reg[25]/CE (clocked by service_clk). Large setup violations at the end of those stages might be difficult to fix during the post-placement implementation flow and could be the result of non-optimal XDC constraints or non-optimal design architecture
Related violations: <none>

TIMING-16#118 Warning
Large setup violation  
There is a large setup violation of -1.244 ns between expected_timestamp_reg[4]/C (clocked by service_clk) and gap_events_reg[26]/CE (clocked by service_clk). Large setup violations at the end of those stages might be difficult to fix during the post-placement implementation flow and could be the result of non-optimal XDC constraints or non-optimal design architecture
Related violations: <none>

TIMING-16#119 Warning
Large setup violation  
There is a large setup violation of -1.244 ns between expected_timestamp_reg[4]/C (clocked by service_clk) and gap_events_reg[27]/CE (clocked by service_clk). Large setup violations at the end of those stages might be difficult to fix during the post-placement implementation flow and could be the result of non-optimal XDC constraints or non-optimal design architecture
Related violations: <none>

TIMING-16#120 Warning
Large setup violation  
There is a large setup violation of -1.251 ns between mac/tap_first_reg__0/C (clocked by service_clk) and mac/acc_q_reg[1][9]/D (clocked by service_clk). Large setup violations at the end of those stages might be difficult to fix during the post-placement implementation flow and could be the result of non-optimal XDC constraints or non-optimal design architecture
Related violations: <none>

TIMING-16#121 Warning
Large setup violation  
There is a large setup violation of -1.252 ns between mac/tap_first_reg__0/C (clocked by service_clk) and mac/acc_q_reg[1][12]/D (clocked by service_clk). Large setup violations at the end of those stages might be difficult to fix during the post-placement implementation flow and could be the result of non-optimal XDC constraints or non-optimal design architecture
Related violations: <none>

TIMING-16#122 Warning
Large setup violation  
There is a large setup violation of -1.255 ns between generation_reg[4]/C (clocked by service_clk) and expected_timestamp_reg[51]/D (clocked by service_clk). Large setup violations at the end of those stages might be difficult to fix during the post-placement implementation flow and could be the result of non-optimal XDC constraints or non-optimal design architecture
Related violations: <none>

TIMING-16#123 Warning
Large setup violation  
There is a large setup violation of -1.255 ns between generation_reg[4]/C (clocked by service_clk) and mac/acc_i_reg[1][10]/CE (clocked by service_clk). Large setup violations at the end of those stages might be difficult to fix during the post-placement implementation flow and could be the result of non-optimal XDC constraints or non-optimal design architecture
Related violations: <none>

TIMING-16#124 Warning
Large setup violation  
There is a large setup violation of -1.255 ns between generation_reg[4]/C (clocked by service_clk) and mac/acc_i_reg[1][11]/CE (clocked by service_clk). Large setup violations at the end of those stages might be difficult to fix during the post-placement implementation flow and could be the result of non-optimal XDC constraints or non-optimal design architecture
Related violations: <none>

TIMING-16#125 Warning
Large setup violation  
There is a large setup violation of -1.255 ns between generation_reg[4]/C (clocked by service_clk) and mac/acc_i_reg[1][8]/CE (clocked by service_clk). Large setup violations at the end of those stages might be difficult to fix during the post-placement implementation flow and could be the result of non-optimal XDC constraints or non-optimal design architecture
Related violations: <none>

TIMING-16#126 Warning
Large setup violation  
There is a large setup violation of -1.255 ns between generation_reg[4]/C (clocked by service_clk) and mac/acc_i_reg[1][9]/CE (clocked by service_clk). Large setup violations at the end of those stages might be difficult to fix during the post-placement implementation flow and could be the result of non-optimal XDC constraints or non-optimal design architecture
Related violations: <none>

TIMING-16#127 Warning
Large setup violation  
There is a large setup violation of -1.255 ns between mac/tap_first_reg__0_rep__1/C (clocked by service_clk) and mac/acc_i_reg[0][14]/D (clocked by service_clk). Large setup violations at the end of those stages might be difficult to fix during the post-placement implementation flow and could be the result of non-optimal XDC constraints or non-optimal design architecture
Related violations: <none>

TIMING-16#128 Warning
Large setup violation  
There is a large setup violation of -1.262 ns between expected_timestamp_reg[4]/C (clocked by service_clk) and gap_events_reg[20]/CE (clocked by service_clk). Large setup violations at the end of those stages might be difficult to fix during the post-placement implementation flow and could be the result of non-optimal XDC constraints or non-optimal design architecture
Related violations: <none>

TIMING-16#129 Warning
Large setup violation  
There is a large setup violation of -1.262 ns between expected_timestamp_reg[4]/C (clocked by service_clk) and gap_events_reg[21]/CE (clocked by service_clk). Large setup violations at the end of those stages might be difficult to fix during the post-placement implementation flow and could be the result of non-optimal XDC constraints or non-optimal design architecture
Related violations: <none>

TIMING-16#130 Warning
Large setup violation  
There is a large setup violation of -1.262 ns between expected_timestamp_reg[4]/C (clocked by service_clk) and gap_events_reg[22]/CE (clocked by service_clk). Large setup violations at the end of those stages might be difficult to fix during the post-placement implementation flow and could be the result of non-optimal XDC constraints or non-optimal design architecture
Related violations: <none>

TIMING-16#131 Warning
Large setup violation  
There is a large setup violation of -1.262 ns between expected_timestamp_reg[4]/C (clocked by service_clk) and gap_events_reg[23]/CE (clocked by service_clk). Large setup violations at the end of those stages might be difficult to fix during the post-placement implementation flow and could be the result of non-optimal XDC constraints or non-optimal design architecture
Related violations: <none>

TIMING-16#132 Warning
Large setup violation  
There is a large setup violation of -1.264 ns between issue_group_reg[2]/C (clocked by service_clk) and history[1].samples_reg/ADDRARDADDR[11] (clocked by service_clk). Large setup violations at the end of those stages might be difficult to fix during the post-placement implementation flow and could be the result of non-optimal XDC constraints or non-optimal design architecture
Related violations: <none>

TIMING-16#133 Warning
Large setup violation  
There is a large setup violation of -1.268 ns between mac/tap_first_reg__0/C (clocked by service_clk) and mac/acc_q_reg[1][14]/D (clocked by service_clk). Large setup violations at the end of those stages might be difficult to fix during the post-placement implementation flow and could be the result of non-optimal XDC constraints or non-optimal design architecture
Related violations: <none>

TIMING-16#134 Warning
Large setup violation  
There is a large setup violation of -1.274 ns between next_start_reg[0]/C (clocked by service_clk) and emitted_results_reg[0]/CE (clocked by service_clk). Large setup violations at the end of those stages might be difficult to fix during the post-placement implementation flow and could be the result of non-optimal XDC constraints or non-optimal design architecture
Related violations: <none>

TIMING-16#135 Warning
Large setup violation  
There is a large setup violation of -1.274 ns between next_start_reg[0]/C (clocked by service_clk) and emitted_results_reg[1]/CE (clocked by service_clk). Large setup violations at the end of those stages might be difficult to fix during the post-placement implementation flow and could be the result of non-optimal XDC constraints or non-optimal design architecture
Related violations: <none>

TIMING-16#136 Warning
Large setup violation  
There is a large setup violation of -1.274 ns between next_start_reg[0]/C (clocked by service_clk) and emitted_results_reg[2]/CE (clocked by service_clk). Large setup violations at the end of those stages might be difficult to fix during the post-placement implementation flow and could be the result of non-optimal XDC constraints or non-optimal design architecture
Related violations: <none>

TIMING-16#137 Warning
Large setup violation  
There is a large setup violation of -1.274 ns between next_start_reg[0]/C (clocked by service_clk) and emitted_results_reg[3]/CE (clocked by service_clk). Large setup violations at the end of those stages might be difficult to fix during the post-placement implementation flow and could be the result of non-optimal XDC constraints or non-optimal design architecture
Related violations: <none>

TIMING-16#138 Warning
Large setup violation  
There is a large setup violation of -1.276 ns between generation_reg[4]/C (clocked by service_clk) and expected_timestamp_reg[49]/D (clocked by service_clk). Large setup violations at the end of those stages might be difficult to fix during the post-placement implementation flow and could be the result of non-optimal XDC constraints or non-optimal design architecture
Related violations: <none>

TIMING-16#139 Warning
Large setup violation  
There is a large setup violation of -1.278 ns between generation_reg[4]/C (clocked by service_clk) and mac/acc_q_reg[2][16]/CE (clocked by service_clk). Large setup violations at the end of those stages might be difficult to fix during the post-placement implementation flow and could be the result of non-optimal XDC constraints or non-optimal design architecture
Related violations: <none>

TIMING-16#140 Warning
Large setup violation  
There is a large setup violation of -1.278 ns between generation_reg[4]/C (clocked by service_clk) and mac/acc_q_reg[2][17]/CE (clocked by service_clk). Large setup violations at the end of those stages might be difficult to fix during the post-placement implementation flow and could be the result of non-optimal XDC constraints or non-optimal design architecture
Related violations: <none>

TIMING-16#141 Warning
Large setup violation  
There is a large setup violation of -1.278 ns between generation_reg[4]/C (clocked by service_clk) and mac/acc_q_reg[2][18]/CE (clocked by service_clk). Large setup violations at the end of those stages might be difficult to fix during the post-placement implementation flow and could be the result of non-optimal XDC constraints or non-optimal design architecture
Related violations: <none>

TIMING-16#142 Warning
Large setup violation  
There is a large setup violation of -1.278 ns between generation_reg[4]/C (clocked by service_clk) and mac/acc_q_reg[2][19]/CE (clocked by service_clk). Large setup violations at the end of those stages might be difficult to fix during the post-placement implementation flow and could be the result of non-optimal XDC constraints or non-optimal design architecture
Related violations: <none>

TIMING-16#143 Warning
Large setup violation  
There is a large setup violation of -1.284 ns between mac/tap_first_reg__0_rep/C (clocked by service_clk) and mac/acc_q_reg[2][15]/D (clocked by service_clk). Large setup violations at the end of those stages might be difficult to fix during the post-placement implementation flow and could be the result of non-optimal XDC constraints or non-optimal design architecture
Related violations: <none>

TIMING-16#144 Warning
Large setup violation  
There is a large setup violation of -1.296 ns between generation_reg[4]/C (clocked by service_clk) and expected_timestamp_reg[54]/D (clocked by service_clk). Large setup violations at the end of those stages might be difficult to fix during the post-placement implementation flow and could be the result of non-optimal XDC constraints or non-optimal design architecture
Related violations: <none>

TIMING-16#145 Warning
Large setup violation  
There is a large setup violation of -1.299 ns between generation_reg[4]/C (clocked by service_clk) and generation_reg[20]/CE (clocked by service_clk). Large setup violations at the end of those stages might be difficult to fix during the post-placement implementation flow and could be the result of non-optimal XDC constraints or non-optimal design architecture
Related violations: <none>

TIMING-16#146 Warning
Large setup violation  
There is a large setup violation of -1.299 ns between generation_reg[4]/C (clocked by service_clk) and generation_reg[21]/CE (clocked by service_clk). Large setup violations at the end of those stages might be difficult to fix during the post-placement implementation flow and could be the result of non-optimal XDC constraints or non-optimal design architecture
Related violations: <none>

TIMING-16#147 Warning
Large setup violation  
There is a large setup violation of -1.299 ns between generation_reg[4]/C (clocked by service_clk) and generation_reg[22]/CE (clocked by service_clk). Large setup violations at the end of those stages might be difficult to fix during the post-placement implementation flow and could be the result of non-optimal XDC constraints or non-optimal design architecture
Related violations: <none>

TIMING-16#148 Warning
Large setup violation  
There is a large setup violation of -1.299 ns between generation_reg[4]/C (clocked by service_clk) and generation_reg[23]/CE (clocked by service_clk). Large setup violations at the end of those stages might be difficult to fix during the post-placement implementation flow and could be the result of non-optimal XDC constraints or non-optimal design architecture
Related violations: <none>

TIMING-16#149 Warning
Large setup violation  
There is a large setup violation of -1.305 ns between mac/tap_first_reg__0_rep/C (clocked by service_clk) and mac/acc_q_reg[2][13]/D (clocked by service_clk). Large setup violations at the end of those stages might be difficult to fix during the post-placement implementation flow and could be the result of non-optimal XDC constraints or non-optimal design architecture
Related violations: <none>

TIMING-16#150 Warning
Large setup violation  
There is a large setup violation of -1.309 ns between mac/tap_first_reg__0_rep/C (clocked by service_clk) and mac/acc_q_reg[2][16]/D (clocked by service_clk). Large setup violations at the end of those stages might be difficult to fix during the post-placement implementation flow and could be the result of non-optimal XDC constraints or non-optimal design architecture
Related violations: <none>

TIMING-16#151 Warning
Large setup violation  
There is a large setup violation of -1.325 ns between generation_reg[4]/C (clocked by service_clk) and generation_reg[12]/CE (clocked by service_clk). Large setup violations at the end of those stages might be difficult to fix during the post-placement implementation flow and could be the result of non-optimal XDC constraints or non-optimal design architecture
Related violations: <none>

TIMING-16#152 Warning
Large setup violation  
There is a large setup violation of -1.325 ns between generation_reg[4]/C (clocked by service_clk) and generation_reg[14]/CE (clocked by service_clk). Large setup violations at the end of those stages might be difficult to fix during the post-placement implementation flow and could be the result of non-optimal XDC constraints or non-optimal design architecture
Related violations: <none>

TIMING-16#153 Warning
Large setup violation  
There is a large setup violation of -1.325 ns between generation_reg[4]/C (clocked by service_clk) and generation_reg[15]/CE (clocked by service_clk). Large setup violations at the end of those stages might be difficult to fix during the post-placement implementation flow and could be the result of non-optimal XDC constraints or non-optimal design architecture
Related violations: <none>

TIMING-16#154 Warning
Large setup violation  
There is a large setup violation of -1.325 ns between mac/tap_first_reg__0_rep/C (clocked by service_clk) and mac/acc_q_reg[2][18]/D (clocked by service_clk). Large setup violations at the end of those stages might be difficult to fix during the post-placement implementation flow and could be the result of non-optimal XDC constraints or non-optimal design architecture
Related violations: <none>

TIMING-16#155 Warning
Large setup violation  
There is a large setup violation of -1.326 ns between expected_timestamp_reg[4]/C (clocked by service_clk) and gap_events_reg[12]/CE (clocked by service_clk). Large setup violations at the end of those stages might be difficult to fix during the post-placement implementation flow and could be the result of non-optimal XDC constraints or non-optimal design architecture
Related violations: <none>

TIMING-16#156 Warning
Large setup violation  
There is a large setup violation of -1.326 ns between expected_timestamp_reg[4]/C (clocked by service_clk) and gap_events_reg[13]/CE (clocked by service_clk). Large setup violations at the end of those stages might be difficult to fix during the post-placement implementation flow and could be the result of non-optimal XDC constraints or non-optimal design architecture
Related violations: <none>

TIMING-16#157 Warning
Large setup violation  
There is a large setup violation of -1.326 ns between expected_timestamp_reg[4]/C (clocked by service_clk) and gap_events_reg[14]/CE (clocked by service_clk). Large setup violations at the end of those stages might be difficult to fix during the post-placement implementation flow and could be the result of non-optimal XDC constraints or non-optimal design architecture
Related violations: <none>

TIMING-16#158 Warning
Large setup violation  
There is a large setup violation of -1.326 ns between expected_timestamp_reg[4]/C (clocked by service_clk) and gap_events_reg[15]/CE (clocked by service_clk). Large setup violations at the end of those stages might be difficult to fix during the post-placement implementation flow and could be the result of non-optimal XDC constraints or non-optimal design architecture
Related violations: <none>

TIMING-16#159 Warning
Large setup violation  
There is a large setup violation of -1.331 ns between expected_timestamp_reg[4]/C (clocked by service_clk) and gap_events_reg[4]/CE (clocked by service_clk). Large setup violations at the end of those stages might be difficult to fix during the post-placement implementation flow and could be the result of non-optimal XDC constraints or non-optimal design architecture
Related violations: <none>

TIMING-16#160 Warning
Large setup violation  
There is a large setup violation of -1.331 ns between expected_timestamp_reg[4]/C (clocked by service_clk) and gap_events_reg[5]/CE (clocked by service_clk). Large setup violations at the end of those stages might be difficult to fix during the post-placement implementation flow and could be the result of non-optimal XDC constraints or non-optimal design architecture
Related violations: <none>

TIMING-16#161 Warning
Large setup violation  
There is a large setup violation of -1.331 ns between expected_timestamp_reg[4]/C (clocked by service_clk) and gap_events_reg[6]/CE (clocked by service_clk). Large setup violations at the end of those stages might be difficult to fix during the post-placement implementation flow and could be the result of non-optimal XDC constraints or non-optimal design architecture
Related violations: <none>

TIMING-16#162 Warning
Large setup violation  
There is a large setup violation of -1.331 ns between expected_timestamp_reg[4]/C (clocked by service_clk) and gap_events_reg[7]/CE (clocked by service_clk). Large setup violations at the end of those stages might be difficult to fix during the post-placement implementation flow and could be the result of non-optimal XDC constraints or non-optimal design architecture
Related violations: <none>

TIMING-16#163 Warning
Large setup violation  
There is a large setup violation of -1.331 ns between mac/tap_first_reg__0_rep__1/C (clocked by service_clk) and mac/acc_i_reg[0][15]/D (clocked by service_clk). Large setup violations at the end of those stages might be difficult to fix during the post-placement implementation flow and could be the result of non-optimal XDC constraints or non-optimal design architecture
Related violations: <none>

TIMING-16#164 Warning
Large setup violation  
There is a large setup violation of -1.338 ns between expected_timestamp_reg[4]/C (clocked by service_clk) and expiry_events_reg[20]/CE (clocked by service_clk). Large setup violations at the end of those stages might be difficult to fix during the post-placement implementation flow and could be the result of non-optimal XDC constraints or non-optimal design architecture
Related violations: <none>

TIMING-16#165 Warning
Large setup violation  
There is a large setup violation of -1.338 ns between expected_timestamp_reg[4]/C (clocked by service_clk) and expiry_events_reg[21]/CE (clocked by service_clk). Large setup violations at the end of those stages might be difficult to fix during the post-placement implementation flow and could be the result of non-optimal XDC constraints or non-optimal design architecture
Related violations: <none>

TIMING-16#166 Warning
Large setup violation  
There is a large setup violation of -1.338 ns between expected_timestamp_reg[4]/C (clocked by service_clk) and expiry_events_reg[22]/CE (clocked by service_clk). Large setup violations at the end of those stages might be difficult to fix during the post-placement implementation flow and could be the result of non-optimal XDC constraints or non-optimal design architecture
Related violations: <none>

TIMING-16#167 Warning
Large setup violation  
There is a large setup violation of -1.338 ns between expected_timestamp_reg[4]/C (clocked by service_clk) and expiry_events_reg[23]/CE (clocked by service_clk). Large setup violations at the end of those stages might be difficult to fix during the post-placement implementation flow and could be the result of non-optimal XDC constraints or non-optimal design architecture
Related violations: <none>

TIMING-16#168 Warning
Large setup violation  
There is a large setup violation of -1.339 ns between mac/tap_first_reg__0_rep__1/C (clocked by service_clk) and mac/acc_i_reg[0][13]/D (clocked by service_clk). Large setup violations at the end of those stages might be difficult to fix during the post-placement implementation flow and could be the result of non-optimal XDC constraints or non-optimal design architecture
Related violations: <none>

TIMING-16#169 Warning
Large setup violation  
There is a large setup violation of -1.342 ns between mac/tap_first_reg__0/C (clocked by service_clk) and mac/acc_q_reg[1][15]/D (clocked by service_clk). Large setup violations at the end of those stages might be difficult to fix during the post-placement implementation flow and could be the result of non-optimal XDC constraints or non-optimal design architecture
Related violations: <none>

TIMING-16#170 Warning
Large setup violation  
There is a large setup violation of -1.350 ns between generation_reg[4]/C (clocked by service_clk) and expected_timestamp_reg[20]/D (clocked by service_clk). Large setup violations at the end of those stages might be difficult to fix during the post-placement implementation flow and could be the result of non-optimal XDC constraints or non-optimal design architecture
Related violations: <none>

TIMING-16#171 Warning
Large setup violation  
There is a large setup violation of -1.352 ns between next_start_reg[0]/C (clocked by service_clk) and coefficient_read_reg[164]/CE (clocked by service_clk). Large setup violations at the end of those stages might be difficult to fix during the post-placement implementation flow and could be the result of non-optimal XDC constraints or non-optimal design architecture
Related violations: <none>

TIMING-16#172 Warning
Large setup violation  
There is a large setup violation of -1.352 ns between next_start_reg[0]/C (clocked by service_clk) and coefficient_read_reg[34]/CE (clocked by service_clk). Large setup violations at the end of those stages might be difficult to fix during the post-placement implementation flow and could be the result of non-optimal XDC constraints or non-optimal design architecture
Related violations: <none>

TIMING-16#173 Warning
Large setup violation  
There is a large setup violation of -1.352 ns between next_start_reg[0]/C (clocked by service_clk) and coefficient_read_reg[36]/CE (clocked by service_clk). Large setup violations at the end of those stages might be difficult to fix during the post-placement implementation flow and could be the result of non-optimal XDC constraints or non-optimal design architecture
Related violations: <none>

TIMING-16#174 Warning
Large setup violation  
There is a large setup violation of -1.352 ns between next_start_reg[0]/C (clocked by service_clk) and coefficient_read_reg[40]/CE (clocked by service_clk). Large setup violations at the end of those stages might be difficult to fix during the post-placement implementation flow and could be the result of non-optimal XDC constraints or non-optimal design architecture
Related violations: <none>

TIMING-16#175 Warning
Large setup violation  
There is a large setup violation of -1.352 ns between next_start_reg[0]/C (clocked by service_clk) and coefficient_read_reg[43]/CE (clocked by service_clk). Large setup violations at the end of those stages might be difficult to fix during the post-placement implementation flow and could be the result of non-optimal XDC constraints or non-optimal design architecture
Related violations: <none>

TIMING-16#176 Warning
Large setup violation  
There is a large setup violation of -1.352 ns between next_start_reg[0]/C (clocked by service_clk) and coefficient_read_reg[44]/CE (clocked by service_clk). Large setup violations at the end of those stages might be difficult to fix during the post-placement implementation flow and could be the result of non-optimal XDC constraints or non-optimal design architecture
Related violations: <none>

TIMING-16#177 Warning
Large setup violation  
There is a large setup violation of -1.352 ns between next_start_reg[0]/C (clocked by service_clk) and coefficient_read_reg[47]/CE (clocked by service_clk). Large setup violations at the end of those stages might be difficult to fix during the post-placement implementation flow and could be the result of non-optimal XDC constraints or non-optimal design architecture
Related violations: <none>

TIMING-16#178 Warning
Large setup violation  
There is a large setup violation of -1.354 ns between generation_reg[4]/C (clocked by service_clk) and mac/acc_q_reg[2][10]/CE (clocked by service_clk). Large setup violations at the end of those stages might be difficult to fix during the post-placement implementation flow and could be the result of non-optimal XDC constraints or non-optimal design architecture
Related violations: <none>

TIMING-16#179 Warning
Large setup violation  
There is a large setup violation of -1.354 ns between generation_reg[4]/C (clocked by service_clk) and mac/acc_q_reg[2][11]/CE (clocked by service_clk). Large setup violations at the end of those stages might be difficult to fix during the post-placement implementation flow and could be the result of non-optimal XDC constraints or non-optimal design architecture
Related violations: <none>

TIMING-16#180 Warning
Large setup violation  
There is a large setup violation of -1.354 ns between generation_reg[4]/C (clocked by service_clk) and mac/acc_q_reg[2][8]/CE (clocked by service_clk). Large setup violations at the end of those stages might be difficult to fix during the post-placement implementation flow and could be the result of non-optimal XDC constraints or non-optimal design architecture
Related violations: <none>

TIMING-16#181 Warning
Large setup violation  
There is a large setup violation of -1.354 ns between generation_reg[4]/C (clocked by service_clk) and mac/acc_q_reg[2][9]/CE (clocked by service_clk). Large setup violations at the end of those stages might be difficult to fix during the post-placement implementation flow and could be the result of non-optimal XDC constraints or non-optimal design architecture
Related violations: <none>

TIMING-16#182 Warning
Large setup violation  
There is a large setup violation of -1.354 ns between mac/tap_first_reg__0_rep__1/C (clocked by service_clk) and mac/acc_i_reg[0][16]/D (clocked by service_clk). Large setup violations at the end of those stages might be difficult to fix during the post-placement implementation flow and could be the result of non-optimal XDC constraints or non-optimal design architecture
Related violations: <none>

TIMING-16#183 Warning
Large setup violation  
There is a large setup violation of -1.363 ns between generation_reg[4]/C (clocked by service_clk) and mac/acc_q_reg[2][4]/CE (clocked by service_clk). Large setup violations at the end of those stages might be difficult to fix during the post-placement implementation flow and could be the result of non-optimal XDC constraints or non-optimal design architecture
Related violations: <none>

TIMING-16#184 Warning
Large setup violation  
There is a large setup violation of -1.363 ns between generation_reg[4]/C (clocked by service_clk) and mac/acc_q_reg[2][5]/CE (clocked by service_clk). Large setup violations at the end of those stages might be difficult to fix during the post-placement implementation flow and could be the result of non-optimal XDC constraints or non-optimal design architecture
Related violations: <none>

TIMING-16#185 Warning
Large setup violation  
There is a large setup violation of -1.363 ns between generation_reg[4]/C (clocked by service_clk) and mac/acc_q_reg[2][6]/CE (clocked by service_clk). Large setup violations at the end of those stages might be difficult to fix during the post-placement implementation flow and could be the result of non-optimal XDC constraints or non-optimal design architecture
Related violations: <none>

TIMING-16#186 Warning
Large setup violation  
There is a large setup violation of -1.363 ns between generation_reg[4]/C (clocked by service_clk) and mac/acc_q_reg[2][7]/CE (clocked by service_clk). Large setup violations at the end of those stages might be difficult to fix during the post-placement implementation flow and could be the result of non-optimal XDC constraints or non-optimal design architecture
Related violations: <none>

TIMING-16#187 Warning
Large setup violation  
There is a large setup violation of -1.363 ns between mac/tap_first_reg__0/C (clocked by service_clk) and mac/acc_q_reg[1][13]/D (clocked by service_clk). Large setup violations at the end of those stages might be difficult to fix during the post-placement implementation flow and could be the result of non-optimal XDC constraints or non-optimal design architecture
Related violations: <none>

TIMING-16#188 Warning
Large setup violation  
There is a large setup violation of -1.365 ns between mac/tap_first_reg__0/C (clocked by service_clk) and mac/acc_q_reg[1][16]/D (clocked by service_clk). Large setup violations at the end of those stages might be difficult to fix during the post-placement implementation flow and could be the result of non-optimal XDC constraints or non-optimal design architecture
Related violations: <none>

TIMING-16#189 Warning
Large setup violation  
There is a large setup violation of -1.367 ns between generation_reg[4]/C (clocked by service_clk) and generation_reg[4]/CE (clocked by service_clk). Large setup violations at the end of those stages might be difficult to fix during the post-placement implementation flow and could be the result of non-optimal XDC constraints or non-optimal design architecture
Related violations: <none>

TIMING-16#190 Warning
Large setup violation  
There is a large setup violation of -1.367 ns between generation_reg[4]/C (clocked by service_clk) and generation_reg[5]/CE (clocked by service_clk). Large setup violations at the end of those stages might be difficult to fix during the post-placement implementation flow and could be the result of non-optimal XDC constraints or non-optimal design architecture
Related violations: <none>

TIMING-16#191 Warning
Large setup violation  
There is a large setup violation of -1.367 ns between generation_reg[4]/C (clocked by service_clk) and generation_reg[6]/CE (clocked by service_clk). Large setup violations at the end of those stages might be difficult to fix during the post-placement implementation flow and could be the result of non-optimal XDC constraints or non-optimal design architecture
Related violations: <none>

TIMING-16#192 Warning
Large setup violation  
There is a large setup violation of -1.367 ns between generation_reg[4]/C (clocked by service_clk) and generation_reg[7]/CE (clocked by service_clk). Large setup violations at the end of those stages might be difficult to fix during the post-placement implementation flow and could be the result of non-optimal XDC constraints or non-optimal design architecture
Related violations: <none>

TIMING-16#193 Warning
Large setup violation  
There is a large setup violation of -1.370 ns between generation_reg[4]/C (clocked by service_clk) and expected_timestamp_reg[55]/D (clocked by service_clk). Large setup violations at the end of those stages might be difficult to fix during the post-placement implementation flow and could be the result of non-optimal XDC constraints or non-optimal design architecture
Related violations: <none>

TIMING-16#194 Warning
Large setup violation  
There is a large setup violation of -1.371 ns between generation_reg[4]/C (clocked by service_clk) and generation_reg[0]/CE (clocked by service_clk). Large setup violations at the end of those stages might be difficult to fix during the post-placement implementation flow and could be the result of non-optimal XDC constraints or non-optimal design architecture
Related violations: <none>

TIMING-16#195 Warning
Large setup violation  
There is a large setup violation of -1.371 ns between generation_reg[4]/C (clocked by service_clk) and generation_reg[1]/CE (clocked by service_clk). Large setup violations at the end of those stages might be difficult to fix during the post-placement implementation flow and could be the result of non-optimal XDC constraints or non-optimal design architecture
Related violations: <none>

TIMING-16#196 Warning
Large setup violation  
There is a large setup violation of -1.371 ns between generation_reg[4]/C (clocked by service_clk) and generation_reg[2]/CE (clocked by service_clk). Large setup violations at the end of those stages might be difficult to fix during the post-placement implementation flow and could be the result of non-optimal XDC constraints or non-optimal design architecture
Related violations: <none>

TIMING-16#197 Warning
Large setup violation  
There is a large setup violation of -1.371 ns between generation_reg[4]/C (clocked by service_clk) and generation_reg[3]/CE (clocked by service_clk). Large setup violations at the end of those stages might be difficult to fix during the post-placement implementation flow and could be the result of non-optimal XDC constraints or non-optimal design architecture
Related violations: <none>

TIMING-16#198 Warning
Large setup violation  
There is a large setup violation of -1.374 ns between expected_timestamp_reg[4]/C (clocked by service_clk) and gap_events_reg[10]/CE (clocked by service_clk). Large setup violations at the end of those stages might be difficult to fix during the post-placement implementation flow and could be the result of non-optimal XDC constraints or non-optimal design architecture
Related violations: <none>

TIMING-16#199 Warning
Large setup violation  
There is a large setup violation of -1.374 ns between expected_timestamp_reg[4]/C (clocked by service_clk) and gap_events_reg[11]/CE (clocked by service_clk). Large setup violations at the end of those stages might be difficult to fix during the post-placement implementation flow and could be the result of non-optimal XDC constraints or non-optimal design architecture
Related violations: <none>

TIMING-16#200 Warning
Large setup violation  
There is a large setup violation of -1.374 ns between expected_timestamp_reg[4]/C (clocked by service_clk) and gap_events_reg[8]/CE (clocked by service_clk). Large setup violations at the end of those stages might be difficult to fix during the post-placement implementation flow and could be the result of non-optimal XDC constraints or non-optimal design architecture
Related violations: <none>

TIMING-16#201 Warning
Large setup violation  
There is a large setup violation of -1.374 ns between expected_timestamp_reg[4]/C (clocked by service_clk) and gap_events_reg[9]/CE (clocked by service_clk). Large setup violations at the end of those stages might be difficult to fix during the post-placement implementation flow and could be the result of non-optimal XDC constraints or non-optimal design architecture
Related violations: <none>

TIMING-16#202 Warning
Large setup violation  
There is a large setup violation of -1.374 ns between mac/tap_first_reg__0_rep__1/C (clocked by service_clk) and mac/acc_i_reg[0][18]/D (clocked by service_clk). Large setup violations at the end of those stages might be difficult to fix during the post-placement implementation flow and could be the result of non-optimal XDC constraints or non-optimal design architecture
Related violations: <none>

TIMING-16#203 Warning
Large setup violation  
There is a large setup violation of -1.377 ns between generation_reg[4]/C (clocked by service_clk) and mac/acc_i_reg[1][4]/CE (clocked by service_clk). Large setup violations at the end of those stages might be difficult to fix during the post-placement implementation flow and could be the result of non-optimal XDC constraints or non-optimal design architecture
Related violations: <none>

TIMING-16#204 Warning
Large setup violation  
There is a large setup violation of -1.377 ns between generation_reg[4]/C (clocked by service_clk) and mac/acc_i_reg[1][5]/CE (clocked by service_clk). Large setup violations at the end of those stages might be difficult to fix during the post-placement implementation flow and could be the result of non-optimal XDC constraints or non-optimal design architecture
Related violations: <none>

TIMING-16#205 Warning
Large setup violation  
There is a large setup violation of -1.377 ns between generation_reg[4]/C (clocked by service_clk) and mac/acc_i_reg[1][6]/CE (clocked by service_clk). Large setup violations at the end of those stages might be difficult to fix during the post-placement implementation flow and could be the result of non-optimal XDC constraints or non-optimal design architecture
Related violations: <none>

TIMING-16#206 Warning
Large setup violation  
There is a large setup violation of -1.377 ns between generation_reg[4]/C (clocked by service_clk) and mac/acc_i_reg[1][7]/CE (clocked by service_clk). Large setup violations at the end of those stages might be difficult to fix during the post-placement implementation flow and could be the result of non-optimal XDC constraints or non-optimal design architecture
Related violations: <none>

TIMING-16#207 Warning
Large setup violation  
There is a large setup violation of -1.378 ns between expected_timestamp_reg[4]/C (clocked by service_clk) and gap_events_reg[0]/CE (clocked by service_clk). Large setup violations at the end of those stages might be difficult to fix during the post-placement implementation flow and could be the result of non-optimal XDC constraints or non-optimal design architecture
Related violations: <none>

TIMING-16#208 Warning
Large setup violation  
There is a large setup violation of -1.378 ns between expected_timestamp_reg[4]/C (clocked by service_clk) and gap_events_reg[1]/CE (clocked by service_clk). Large setup violations at the end of those stages might be difficult to fix during the post-placement implementation flow and could be the result of non-optimal XDC constraints or non-optimal design architecture
Related violations: <none>

TIMING-16#209 Warning
Large setup violation  
There is a large setup violation of -1.378 ns between expected_timestamp_reg[4]/C (clocked by service_clk) and gap_events_reg[2]/CE (clocked by service_clk). Large setup violations at the end of those stages might be difficult to fix during the post-placement implementation flow and could be the result of non-optimal XDC constraints or non-optimal design architecture
Related violations: <none>

TIMING-16#210 Warning
Large setup violation  
There is a large setup violation of -1.378 ns between expected_timestamp_reg[4]/C (clocked by service_clk) and gap_events_reg[3]/CE (clocked by service_clk). Large setup violations at the end of those stages might be difficult to fix during the post-placement implementation flow and could be the result of non-optimal XDC constraints or non-optimal design architecture
Related violations: <none>

TIMING-16#211 Warning
Large setup violation  
There is a large setup violation of -1.380 ns between expected_timestamp_reg[4]/C (clocked by service_clk) and expiry_events_reg[24]/CE (clocked by service_clk). Large setup violations at the end of those stages might be difficult to fix during the post-placement implementation flow and could be the result of non-optimal XDC constraints or non-optimal design architecture
Related violations: <none>

TIMING-16#212 Warning
Large setup violation  
There is a large setup violation of -1.380 ns between expected_timestamp_reg[4]/C (clocked by service_clk) and expiry_events_reg[25]/CE (clocked by service_clk). Large setup violations at the end of those stages might be difficult to fix during the post-placement implementation flow and could be the result of non-optimal XDC constraints or non-optimal design architecture
Related violations: <none>

TIMING-16#213 Warning
Large setup violation  
There is a large setup violation of -1.380 ns between expected_timestamp_reg[4]/C (clocked by service_clk) and expiry_events_reg[26]/CE (clocked by service_clk). Large setup violations at the end of those stages might be difficult to fix during the post-placement implementation flow and could be the result of non-optimal XDC constraints or non-optimal design architecture
Related violations: <none>

TIMING-16#214 Warning
Large setup violation  
There is a large setup violation of -1.380 ns between expected_timestamp_reg[4]/C (clocked by service_clk) and expiry_events_reg[27]/CE (clocked by service_clk). Large setup violations at the end of those stages might be difficult to fix during the post-placement implementation flow and could be the result of non-optimal XDC constraints or non-optimal design architecture
Related violations: <none>

TIMING-16#215 Warning
Large setup violation  
There is a large setup violation of -1.380 ns between generation_reg[4]/C (clocked by service_clk) and mac/acc_i_reg[1][16]/CE (clocked by service_clk). Large setup violations at the end of those stages might be difficult to fix during the post-placement implementation flow and could be the result of non-optimal XDC constraints or non-optimal design architecture
Related violations: <none>

TIMING-16#216 Warning
Large setup violation  
There is a large setup violation of -1.380 ns between generation_reg[4]/C (clocked by service_clk) and mac/acc_i_reg[1][17]/CE (clocked by service_clk). Large setup violations at the end of those stages might be difficult to fix during the post-placement implementation flow and could be the result of non-optimal XDC constraints or non-optimal design architecture
Related violations: <none>

TIMING-16#217 Warning
Large setup violation  
There is a large setup violation of -1.380 ns between generation_reg[4]/C (clocked by service_clk) and mac/acc_i_reg[1][18]/CE (clocked by service_clk). Large setup violations at the end of those stages might be difficult to fix during the post-placement implementation flow and could be the result of non-optimal XDC constraints or non-optimal design architecture
Related violations: <none>

TIMING-16#218 Warning
Large setup violation  
There is a large setup violation of -1.380 ns between generation_reg[4]/C (clocked by service_clk) and mac/acc_i_reg[1][19]/CE (clocked by service_clk). Large setup violations at the end of those stages might be difficult to fix during the post-placement implementation flow and could be the result of non-optimal XDC constraints or non-optimal design architecture
Related violations: <none>

TIMING-16#219 Warning
Large setup violation  
There is a large setup violation of -1.381 ns between generation_reg[4]/C (clocked by service_clk) and mac/acc_q_reg[3][4]/CE (clocked by service_clk). Large setup violations at the end of those stages might be difficult to fix during the post-placement implementation flow and could be the result of non-optimal XDC constraints or non-optimal design architecture
Related violations: <none>

TIMING-16#220 Warning
Large setup violation  
There is a large setup violation of -1.381 ns between generation_reg[4]/C (clocked by service_clk) and mac/acc_q_reg[3][5]/CE (clocked by service_clk). Large setup violations at the end of those stages might be difficult to fix during the post-placement implementation flow and could be the result of non-optimal XDC constraints or non-optimal design architecture
Related violations: <none>

TIMING-16#221 Warning
Large setup violation  
There is a large setup violation of -1.381 ns between generation_reg[4]/C (clocked by service_clk) and mac/acc_q_reg[3][6]/CE (clocked by service_clk). Large setup violations at the end of those stages might be difficult to fix during the post-placement implementation flow and could be the result of non-optimal XDC constraints or non-optimal design architecture
Related violations: <none>

TIMING-16#222 Warning
Large setup violation  
There is a large setup violation of -1.381 ns between generation_reg[4]/C (clocked by service_clk) and mac/acc_q_reg[3][7]/CE (clocked by service_clk). Large setup violations at the end of those stages might be difficult to fix during the post-placement implementation flow and could be the result of non-optimal XDC constraints or non-optimal design architecture
Related violations: <none>

TIMING-16#223 Warning
Large setup violation  
There is a large setup violation of -1.381 ns between mac/tap_first_reg__0/C (clocked by service_clk) and mac/acc_q_reg[1][18]/D (clocked by service_clk). Large setup violations at the end of those stages might be difficult to fix during the post-placement implementation flow and could be the result of non-optimal XDC constraints or non-optimal design architecture
Related violations: <none>

TIMING-16#224 Warning
Large setup violation  
There is a large setup violation of -1.391 ns between generation_reg[4]/C (clocked by service_clk) and expected_timestamp_reg[53]/D (clocked by service_clk). Large setup violations at the end of those stages might be difficult to fix during the post-placement implementation flow and could be the result of non-optimal XDC constraints or non-optimal design architecture
Related violations: <none>

TIMING-16#225 Warning
Large setup violation  
There is a large setup violation of -1.394 ns between generation_reg[4]/C (clocked by service_clk) and expected_timestamp_reg[56]/D (clocked by service_clk). Large setup violations at the end of those stages might be difficult to fix during the post-placement implementation flow and could be the result of non-optimal XDC constraints or non-optimal design architecture
Related violations: <none>

TIMING-16#226 Warning
Large setup violation  
There is a large setup violation of -1.396 ns between expected_timestamp_reg[4]/C (clocked by service_clk) and gap_events_reg[16]/CE (clocked by service_clk). Large setup violations at the end of those stages might be difficult to fix during the post-placement implementation flow and could be the result of non-optimal XDC constraints or non-optimal design architecture
Related violations: <none>

TIMING-16#227 Warning
Large setup violation  
There is a large setup violation of -1.396 ns between expected_timestamp_reg[4]/C (clocked by service_clk) and gap_events_reg[17]/CE (clocked by service_clk). Large setup violations at the end of those stages might be difficult to fix during the post-placement implementation flow and could be the result of non-optimal XDC constraints or non-optimal design architecture
Related violations: <none>

TIMING-16#228 Warning
Large setup violation  
There is a large setup violation of -1.396 ns between expected_timestamp_reg[4]/C (clocked by service_clk) and gap_events_reg[18]/CE (clocked by service_clk). Large setup violations at the end of those stages might be difficult to fix during the post-placement implementation flow and could be the result of non-optimal XDC constraints or non-optimal design architecture
Related violations: <none>

TIMING-16#229 Warning
Large setup violation  
There is a large setup violation of -1.396 ns between expected_timestamp_reg[4]/C (clocked by service_clk) and gap_events_reg[19]/CE (clocked by service_clk). Large setup violations at the end of those stages might be difficult to fix during the post-placement implementation flow and could be the result of non-optimal XDC constraints or non-optimal design architecture
Related violations: <none>

TIMING-16#230 Warning
Large setup violation  
There is a large setup violation of -1.397 ns between generation_reg[4]/C (clocked by service_clk) and mac/acc_i_reg[1][12]/CE (clocked by service_clk). Large setup violations at the end of those stages might be difficult to fix during the post-placement implementation flow and could be the result of non-optimal XDC constraints or non-optimal design architecture
Related violations: <none>

TIMING-16#231 Warning
Large setup violation  
There is a large setup violation of -1.397 ns between generation_reg[4]/C (clocked by service_clk) and mac/acc_i_reg[1][13]/CE (clocked by service_clk). Large setup violations at the end of those stages might be difficult to fix during the post-placement implementation flow and could be the result of non-optimal XDC constraints or non-optimal design architecture
Related violations: <none>

TIMING-16#232 Warning
Large setup violation  
There is a large setup violation of -1.397 ns between generation_reg[4]/C (clocked by service_clk) and mac/acc_i_reg[1][14]/CE (clocked by service_clk). Large setup violations at the end of those stages might be difficult to fix during the post-placement implementation flow and could be the result of non-optimal XDC constraints or non-optimal design architecture
Related violations: <none>

TIMING-16#233 Warning
Large setup violation  
There is a large setup violation of -1.397 ns between generation_reg[4]/C (clocked by service_clk) and mac/acc_i_reg[1][15]/CE (clocked by service_clk). Large setup violations at the end of those stages might be difficult to fix during the post-placement implementation flow and could be the result of non-optimal XDC constraints or non-optimal design architecture
Related violations: <none>

TIMING-16#234 Warning
Large setup violation  
There is a large setup violation of -1.399 ns between mac/tap_first_reg__0_rep/C (clocked by service_clk) and mac/acc_q_reg[2][19]/D (clocked by service_clk). Large setup violations at the end of those stages might be difficult to fix during the post-placement implementation flow and could be the result of non-optimal XDC constraints or non-optimal design architecture
Related violations: <none>

TIMING-16#235 Warning
Large setup violation  
There is a large setup violation of -1.403 ns between generation_reg[4]/C (clocked by service_clk) and mac/acc_q_reg[3][10]/CE (clocked by service_clk). Large setup violations at the end of those stages might be difficult to fix during the post-placement implementation flow and could be the result of non-optimal XDC constraints or non-optimal design architecture
Related violations: <none>

TIMING-16#236 Warning
Large setup violation  
There is a large setup violation of -1.403 ns between generation_reg[4]/C (clocked by service_clk) and mac/acc_q_reg[3][11]/CE (clocked by service_clk). Large setup violations at the end of those stages might be difficult to fix during the post-placement implementation flow and could be the result of non-optimal XDC constraints or non-optimal design architecture
Related violations: <none>

TIMING-16#237 Warning
Large setup violation  
There is a large setup violation of -1.403 ns between generation_reg[4]/C (clocked by service_clk) and mac/acc_q_reg[3][8]/CE (clocked by service_clk). Large setup violations at the end of those stages might be difficult to fix during the post-placement implementation flow and could be the result of non-optimal XDC constraints or non-optimal design architecture
Related violations: <none>

TIMING-16#238 Warning
Large setup violation  
There is a large setup violation of -1.403 ns between generation_reg[4]/C (clocked by service_clk) and mac/acc_q_reg[3][9]/CE (clocked by service_clk). Large setup violations at the end of those stages might be difficult to fix during the post-placement implementation flow and could be the result of non-optimal XDC constraints or non-optimal design architecture
Related violations: <none>

TIMING-16#239 Warning
Large setup violation  
There is a large setup violation of -1.404 ns between generation_reg[4]/C (clocked by service_clk) and config_accepted (clocked by service_clk). Large setup violations at the end of those stages might be difficult to fix during the post-placement implementation flow and could be the result of non-optimal XDC constraints or non-optimal design architecture
Related violations: <none>

TIMING-16#240 Warning
Large setup violation  
There is a large setup violation of -1.410 ns between generation_reg[4]/C (clocked by service_clk) and expected_timestamp_reg[58]/D (clocked by service_clk). Large setup violations at the end of those stages might be difficult to fix during the post-placement implementation flow and could be the result of non-optimal XDC constraints or non-optimal design architecture
Related violations: <none>

TIMING-16#241 Warning
Large setup violation  
There is a large setup violation of -1.411 ns between generation_reg[4]/C (clocked by service_clk) and mac/acc_q_reg[2][12]/CE (clocked by service_clk). Large setup violations at the end of those stages might be difficult to fix during the post-placement implementation flow and could be the result of non-optimal XDC constraints or non-optimal design architecture
Related violations: <none>

TIMING-16#242 Warning
Large setup violation  
There is a large setup violation of -1.411 ns between generation_reg[4]/C (clocked by service_clk) and mac/acc_q_reg[2][13]/CE (clocked by service_clk). Large setup violations at the end of those stages might be difficult to fix during the post-placement implementation flow and could be the result of non-optimal XDC constraints or non-optimal design architecture
Related violations: <none>

TIMING-16#243 Warning
Large setup violation  
There is a large setup violation of -1.411 ns between generation_reg[4]/C (clocked by service_clk) and mac/acc_q_reg[2][14]/CE (clocked by service_clk). Large setup violations at the end of those stages might be difficult to fix during the post-placement implementation flow and could be the result of non-optimal XDC constraints or non-optimal design architecture
Related violations: <none>

TIMING-16#244 Warning
Large setup violation  
There is a large setup violation of -1.411 ns between generation_reg[4]/C (clocked by service_clk) and mac/acc_q_reg[2][15]/CE (clocked by service_clk). Large setup violations at the end of those stages might be difficult to fix during the post-placement implementation flow and could be the result of non-optimal XDC constraints or non-optimal design architecture
Related violations: <none>

TIMING-16#245 Warning
Large setup violation  
There is a large setup violation of -1.418 ns between generation_reg[4]/C (clocked by service_clk) and expected_timestamp_reg[13]/D (clocked by service_clk). Large setup violations at the end of those stages might be difficult to fix during the post-placement implementation flow and could be the result of non-optimal XDC constraints or non-optimal design architecture
Related violations: <none>

TIMING-16#246 Warning
Large setup violation  
There is a large setup violation of -1.419 ns between generation_reg[4]/C (clocked by service_clk) and mac/acc_q_reg[2][24]/CE (clocked by service_clk). Large setup violations at the end of those stages might be difficult to fix during the post-placement implementation flow and could be the result of non-optimal XDC constraints or non-optimal design architecture
Related violations: <none>

TIMING-16#247 Warning
Large setup violation  
There is a large setup violation of -1.419 ns between generation_reg[4]/C (clocked by service_clk) and mac/acc_q_reg[2][25]/CE (clocked by service_clk). Large setup violations at the end of those stages might be difficult to fix during the post-placement implementation flow and could be the result of non-optimal XDC constraints or non-optimal design architecture
Related violations: <none>

TIMING-16#248 Warning
Large setup violation  
There is a large setup violation of -1.419 ns between generation_reg[4]/C (clocked by service_clk) and mac/acc_q_reg[2][26]/CE (clocked by service_clk). Large setup violations at the end of those stages might be difficult to fix during the post-placement implementation flow and could be the result of non-optimal XDC constraints or non-optimal design architecture
Related violations: <none>

TIMING-16#249 Warning
Large setup violation  
There is a large setup violation of -1.419 ns between generation_reg[4]/C (clocked by service_clk) and mac/acc_q_reg[2][27]/CE (clocked by service_clk). Large setup violations at the end of those stages might be difficult to fix during the post-placement implementation flow and could be the result of non-optimal XDC constraints or non-optimal design architecture
Related violations: <none>

TIMING-16#250 Warning
Large setup violation  
There is a large setup violation of -1.420 ns between generation_reg[4]/C (clocked by service_clk) and mac/acc_q_reg[2][20]/CE (clocked by service_clk). Large setup violations at the end of those stages might be difficult to fix during the post-placement implementation flow and could be the result of non-optimal XDC constraints or non-optimal design architecture
Related violations: <none>

TIMING-16#251 Warning
Large setup violation  
There is a large setup violation of -1.420 ns between generation_reg[4]/C (clocked by service_clk) and mac/acc_q_reg[2][21]/CE (clocked by service_clk). Large setup violations at the end of those stages might be difficult to fix during the post-placement implementation flow and could be the result of non-optimal XDC constraints or non-optimal design architecture
Related violations: <none>

TIMING-16#252 Warning
Large setup violation  
There is a large setup violation of -1.420 ns between generation_reg[4]/C (clocked by service_clk) and mac/acc_q_reg[2][22]/CE (clocked by service_clk). Large setup violations at the end of those stages might be difficult to fix during the post-placement implementation flow and could be the result of non-optimal XDC constraints or non-optimal design architecture
Related violations: <none>

TIMING-16#253 Warning
Large setup violation  
There is a large setup violation of -1.420 ns between generation_reg[4]/C (clocked by service_clk) and mac/acc_q_reg[2][23]/CE (clocked by service_clk). Large setup violations at the end of those stages might be difficult to fix during the post-placement implementation flow and could be the result of non-optimal XDC constraints or non-optimal design architecture
Related violations: <none>

TIMING-16#254 Warning
Large setup violation  
There is a large setup violation of -1.420 ns between mac/tap_first_reg__0_rep/C (clocked by service_clk) and mac/acc_q_reg[2][17]/D (clocked by service_clk). Large setup violations at the end of those stages might be difficult to fix during the post-placement implementation flow and could be the result of non-optimal XDC constraints or non-optimal design architecture
Related violations: <none>

TIMING-16#255 Warning
Large setup violation  
There is a large setup violation of -1.424 ns between mac/tap_first_reg__0_rep/C (clocked by service_clk) and mac/acc_q_reg[2][20]/D (clocked by service_clk). Large setup violations at the end of those stages might be difficult to fix during the post-placement implementation flow and could be the result of non-optimal XDC constraints or non-optimal design architecture
Related violations: <none>

TIMING-16#256 Warning
Large setup violation  
There is a large setup violation of -1.440 ns between mac/tap_first_reg__0_rep/C (clocked by service_clk) and mac/acc_q_reg[2][22]/D (clocked by service_clk). Large setup violations at the end of those stages might be difficult to fix during the post-placement implementation flow and could be the result of non-optimal XDC constraints or non-optimal design architecture
Related violations: <none>

TIMING-16#257 Warning
Large setup violation  
There is a large setup violation of -1.450 ns between mac/tap_first_reg__0_rep__1/C (clocked by service_clk) and mac/acc_i_reg[0][19]/D (clocked by service_clk). Large setup violations at the end of those stages might be difficult to fix during the post-placement implementation flow and could be the result of non-optimal XDC constraints or non-optimal design architecture
Related violations: <none>

TIMING-16#258 Warning
Large setup violation  
There is a large setup violation of -1.453 ns between generation_reg[4]/C (clocked by service_clk) and mac/acc_q_reg[3][0]/CE (clocked by service_clk). Large setup violations at the end of those stages might be difficult to fix during the post-placement implementation flow and could be the result of non-optimal XDC constraints or non-optimal design architecture
Related violations: <none>

TIMING-16#259 Warning
Large setup violation  
There is a large setup violation of -1.453 ns between generation_reg[4]/C (clocked by service_clk) and mac/acc_q_reg[3][1]/CE (clocked by service_clk). Large setup violations at the end of those stages might be difficult to fix during the post-placement implementation flow and could be the result of non-optimal XDC constraints or non-optimal design architecture
Related violations: <none>

TIMING-16#260 Warning
Large setup violation  
There is a large setup violation of -1.453 ns between generation_reg[4]/C (clocked by service_clk) and mac/acc_q_reg[3][2]/CE (clocked by service_clk). Large setup violations at the end of those stages might be difficult to fix during the post-placement implementation flow and could be the result of non-optimal XDC constraints or non-optimal design architecture
Related violations: <none>

TIMING-16#261 Warning
Large setup violation  
There is a large setup violation of -1.453 ns between generation_reg[4]/C (clocked by service_clk) and mac/acc_q_reg[3][3]/CE (clocked by service_clk). Large setup violations at the end of those stages might be difficult to fix during the post-placement implementation flow and could be the result of non-optimal XDC constraints or non-optimal design architecture
Related violations: <none>

TIMING-16#262 Warning
Large setup violation  
There is a large setup violation of -1.455 ns between mac/tap_first_reg__0/C (clocked by service_clk) and mac/acc_q_reg[1][19]/D (clocked by service_clk). Large setup violations at the end of those stages might be difficult to fix during the post-placement implementation flow and could be the result of non-optimal XDC constraints or non-optimal design architecture
Related violations: <none>

TIMING-16#263 Warning
Large setup violation  
There is a large setup violation of -1.458 ns between mac/tap_first_reg__0_rep__1/C (clocked by service_clk) and mac/acc_i_reg[0][17]/D (clocked by service_clk). Large setup violations at the end of those stages might be difficult to fix during the post-placement implementation flow and could be the result of non-optimal XDC constraints or non-optimal design architecture
Related violations: <none>

TIMING-16#264 Warning
Large setup violation  
There is a large setup violation of -1.466 ns between generation_reg[4]/C (clocked by service_clk) and mac/acc_i_reg[0][0]/CE (clocked by service_clk). Large setup violations at the end of those stages might be difficult to fix during the post-placement implementation flow and could be the result of non-optimal XDC constraints or non-optimal design architecture
Related violations: <none>

TIMING-16#265 Warning
Large setup violation  
There is a large setup violation of -1.466 ns between generation_reg[4]/C (clocked by service_clk) and mac/acc_i_reg[0][1]/CE (clocked by service_clk). Large setup violations at the end of those stages might be difficult to fix during the post-placement implementation flow and could be the result of non-optimal XDC constraints or non-optimal design architecture
Related violations: <none>

TIMING-16#266 Warning
Large setup violation  
There is a large setup violation of -1.466 ns between generation_reg[4]/C (clocked by service_clk) and mac/acc_i_reg[0][2]/CE (clocked by service_clk). Large setup violations at the end of those stages might be difficult to fix during the post-placement implementation flow and could be the result of non-optimal XDC constraints or non-optimal design architecture
Related violations: <none>

TIMING-16#267 Warning
Large setup violation  
There is a large setup violation of -1.466 ns between generation_reg[4]/C (clocked by service_clk) and mac/acc_i_reg[0][3]/CE (clocked by service_clk). Large setup violations at the end of those stages might be difficult to fix during the post-placement implementation flow and could be the result of non-optimal XDC constraints or non-optimal design architecture
Related violations: <none>

TIMING-16#268 Warning
Large setup violation  
There is a large setup violation of -1.467 ns between generation_reg[4]/C (clocked by service_clk) and mac/acc_q_reg[2][32]/CE (clocked by service_clk). Large setup violations at the end of those stages might be difficult to fix during the post-placement implementation flow and could be the result of non-optimal XDC constraints or non-optimal design architecture
Related violations: <none>

TIMING-16#269 Warning
Large setup violation  
There is a large setup violation of -1.467 ns between generation_reg[4]/C (clocked by service_clk) and mac/acc_q_reg[2][33]/CE (clocked by service_clk). Large setup violations at the end of those stages might be difficult to fix during the post-placement implementation flow and could be the result of non-optimal XDC constraints or non-optimal design architecture
Related violations: <none>

TIMING-16#270 Warning
Large setup violation  
There is a large setup violation of -1.467 ns between generation_reg[4]/C (clocked by service_clk) and mac/acc_q_reg[2][34]/CE (clocked by service_clk). Large setup violations at the end of those stages might be difficult to fix during the post-placement implementation flow and could be the result of non-optimal XDC constraints or non-optimal design architecture
Related violations: <none>

TIMING-16#271 Warning
Large setup violation  
There is a large setup violation of -1.467 ns between generation_reg[4]/C (clocked by service_clk) and mac/acc_q_reg[2][35]/CE (clocked by service_clk). Large setup violations at the end of those stages might be difficult to fix during the post-placement implementation flow and could be the result of non-optimal XDC constraints or non-optimal design architecture
Related violations: <none>

TIMING-16#272 Warning
Large setup violation  
There is a large setup violation of -1.469 ns between generation_reg[4]/C (clocked by service_clk) and mac/acc_i_reg[1][24]/CE (clocked by service_clk). Large setup violations at the end of those stages might be difficult to fix during the post-placement implementation flow and could be the result of non-optimal XDC constraints or non-optimal design architecture
Related violations: <none>

TIMING-16#273 Warning
Large setup violation  
There is a large setup violation of -1.469 ns between generation_reg[4]/C (clocked by service_clk) and mac/acc_i_reg[1][25]/CE (clocked by service_clk). Large setup violations at the end of those stages might be difficult to fix during the post-placement implementation flow and could be the result of non-optimal XDC constraints or non-optimal design architecture
Related violations: <none>

TIMING-16#274 Warning
Large setup violation  
There is a large setup violation of -1.469 ns between generation_reg[4]/C (clocked by service_clk) and mac/acc_i_reg[1][26]/CE (clocked by service_clk). Large setup violations at the end of those stages might be difficult to fix during the post-placement implementation flow and could be the result of non-optimal XDC constraints or non-optimal design architecture
Related violations: <none>

TIMING-16#275 Warning
Large setup violation  
There is a large setup violation of -1.469 ns between generation_reg[4]/C (clocked by service_clk) and mac/acc_i_reg[1][27]/CE (clocked by service_clk). Large setup violations at the end of those stages might be difficult to fix during the post-placement implementation flow and could be the result of non-optimal XDC constraints or non-optimal design architecture
Related violations: <none>

TIMING-16#276 Warning
Large setup violation  
There is a large setup violation of -1.472 ns between mac/tap_first_reg__0_rep__1/C (clocked by service_clk) and mac/acc_i_reg[0][20]/D (clocked by service_clk). Large setup violations at the end of those stages might be difficult to fix during the post-placement implementation flow and could be the result of non-optimal XDC constraints or non-optimal design architecture
Related violations: <none>

TIMING-16#277 Warning
Large setup violation  
There is a large setup violation of -1.474 ns between generation_reg[4]/C (clocked by service_clk) and expected_timestamp_reg[26]/D (clocked by service_clk). Large setup violations at the end of those stages might be difficult to fix during the post-placement implementation flow and could be the result of non-optimal XDC constraints or non-optimal design architecture
Related violations: <none>

TIMING-16#278 Warning
Large setup violation  
There is a large setup violation of -1.476 ns between mac/tap_first_reg__0/C (clocked by service_clk) and mac/acc_q_reg[1][17]/D (clocked by service_clk). Large setup violations at the end of those stages might be difficult to fix during the post-placement implementation flow and could be the result of non-optimal XDC constraints or non-optimal design architecture
Related violations: <none>

TIMING-16#279 Warning
Large setup violation  
There is a large setup violation of -1.477 ns between mac/tap_first_reg__0/C (clocked by service_clk) and mac/acc_q_reg[1][20]/D (clocked by service_clk). Large setup violations at the end of those stages might be difficult to fix during the post-placement implementation flow and could be the result of non-optimal XDC constraints or non-optimal design architecture
Related violations: <none>

TIMING-16#280 Warning
Large setup violation  
There is a large setup violation of -1.481 ns between expected_timestamp_reg[4]/C (clocked by service_clk) and expiry_events_reg[28]/CE (clocked by service_clk). Large setup violations at the end of those stages might be difficult to fix during the post-placement implementation flow and could be the result of non-optimal XDC constraints or non-optimal design architecture
Related violations: <none>

TIMING-16#281 Warning
Large setup violation  
There is a large setup violation of -1.481 ns between expected_timestamp_reg[4]/C (clocked by service_clk) and expiry_events_reg[29]/CE (clocked by service_clk). Large setup violations at the end of those stages might be difficult to fix during the post-placement implementation flow and could be the result of non-optimal XDC constraints or non-optimal design architecture
Related violations: <none>

TIMING-16#282 Warning
Large setup violation  
There is a large setup violation of -1.481 ns between expected_timestamp_reg[4]/C (clocked by service_clk) and expiry_events_reg[30]/CE (clocked by service_clk). Large setup violations at the end of those stages might be difficult to fix during the post-placement implementation flow and could be the result of non-optimal XDC constraints or non-optimal design architecture
Related violations: <none>

TIMING-16#283 Warning
Large setup violation  
There is a large setup violation of -1.481 ns between expected_timestamp_reg[4]/C (clocked by service_clk) and expiry_events_reg[31]/CE (clocked by service_clk). Large setup violations at the end of those stages might be difficult to fix during the post-placement implementation flow and could be the result of non-optimal XDC constraints or non-optimal design architecture
Related violations: <none>

TIMING-16#284 Warning
Large setup violation  
There is a large setup violation of -1.481 ns between generation_reg[4]/C (clocked by service_clk) and mac/acc_i_reg[2][12]/CE (clocked by service_clk). Large setup violations at the end of those stages might be difficult to fix during the post-placement implementation flow and could be the result of non-optimal XDC constraints or non-optimal design architecture
Related violations: <none>

TIMING-16#285 Warning
Large setup violation  
There is a large setup violation of -1.481 ns between generation_reg[4]/C (clocked by service_clk) and mac/acc_i_reg[2][13]/CE (clocked by service_clk). Large setup violations at the end of those stages might be difficult to fix during the post-placement implementation flow and could be the result of non-optimal XDC constraints or non-optimal design architecture
Related violations: <none>

TIMING-16#286 Warning
Large setup violation  
There is a large setup violation of -1.481 ns between generation_reg[4]/C (clocked by service_clk) and mac/acc_i_reg[2][14]/CE (clocked by service_clk). Large setup violations at the end of those stages might be difficult to fix during the post-placement implementation flow and could be the result of non-optimal XDC constraints or non-optimal design architecture
Related violations: <none>

TIMING-16#287 Warning
Large setup violation  
There is a large setup violation of -1.481 ns between generation_reg[4]/C (clocked by service_clk) and mac/acc_i_reg[2][15]/CE (clocked by service_clk). Large setup violations at the end of those stages might be difficult to fix during the post-placement implementation flow and could be the result of non-optimal XDC constraints or non-optimal design architecture
Related violations: <none>

TIMING-16#288 Warning
Large setup violation  
There is a large setup violation of -1.483 ns between generation_reg[4]/C (clocked by service_clk) and mac/acc_i_reg[1][20]/CE (clocked by service_clk). Large setup violations at the end of those stages might be difficult to fix during the post-placement implementation flow and could be the result of non-optimal XDC constraints or non-optimal design architecture
Related violations: <none>

TIMING-16#289 Warning
Large setup violation  
There is a large setup violation of -1.483 ns between generation_reg[4]/C (clocked by service_clk) and mac/acc_i_reg[1][21]/CE (clocked by service_clk). Large setup violations at the end of those stages might be difficult to fix during the post-placement implementation flow and could be the result of non-optimal XDC constraints or non-optimal design architecture
Related violations: <none>

TIMING-16#290 Warning
Large setup violation  
There is a large setup violation of -1.483 ns between generation_reg[4]/C (clocked by service_clk) and mac/acc_i_reg[1][22]/CE (clocked by service_clk). Large setup violations at the end of those stages might be difficult to fix during the post-placement implementation flow and could be the result of non-optimal XDC constraints or non-optimal design architecture
Related violations: <none>

TIMING-16#291 Warning
Large setup violation  
There is a large setup violation of -1.483 ns between generation_reg[4]/C (clocked by service_clk) and mac/acc_i_reg[1][23]/CE (clocked by service_clk). Large setup violations at the end of those stages might be difficult to fix during the post-placement implementation flow and could be the result of non-optimal XDC constraints or non-optimal design architecture
Related violations: <none>

TIMING-16#292 Warning
Large setup violation  
There is a large setup violation of -1.484 ns between generation_reg[4]/C (clocked by service_clk) and expected_timestamp_reg[17]/D (clocked by service_clk). Large setup violations at the end of those stages might be difficult to fix during the post-placement implementation flow and could be the result of non-optimal XDC constraints or non-optimal design architecture
Related violations: <none>

TIMING-16#293 Warning
Large setup violation  
There is a large setup violation of -1.484 ns between generation_reg[4]/C (clocked by service_clk) and expected_timestamp_reg[59]/D (clocked by service_clk). Large setup violations at the end of those stages might be difficult to fix during the post-placement implementation flow and could be the result of non-optimal XDC constraints or non-optimal design architecture
Related violations: <none>

TIMING-16#294 Warning
Large setup violation  
There is a large setup violation of -1.486 ns between generation_reg[4]/C (clocked by service_clk) and mac/acc_i_reg[1][32]/CE (clocked by service_clk). Large setup violations at the end of those stages might be difficult to fix during the post-placement implementation flow and could be the result of non-optimal XDC constraints or non-optimal design architecture
Related violations: <none>

TIMING-16#295 Warning
Large setup violation  
There is a large setup violation of -1.486 ns between generation_reg[4]/C (clocked by service_clk) and mac/acc_i_reg[1][33]/CE (clocked by service_clk). Large setup violations at the end of those stages might be difficult to fix during the post-placement implementation flow and could be the result of non-optimal XDC constraints or non-optimal design architecture
Related violations: <none>

TIMING-16#296 Warning
Large setup violation  
There is a large setup violation of -1.486 ns between generation_reg[4]/C (clocked by service_clk) and mac/acc_i_reg[1][34]/CE (clocked by service_clk). Large setup violations at the end of those stages might be difficult to fix during the post-placement implementation flow and could be the result of non-optimal XDC constraints or non-optimal design architecture
Related violations: <none>

TIMING-16#297 Warning
Large setup violation  
There is a large setup violation of -1.486 ns between generation_reg[4]/C (clocked by service_clk) and mac/acc_i_reg[1][35]/CE (clocked by service_clk). Large setup violations at the end of those stages might be difficult to fix during the post-placement implementation flow and could be the result of non-optimal XDC constraints or non-optimal design architecture
Related violations: <none>

TIMING-16#298 Warning
Large setup violation  
There is a large setup violation of -1.492 ns between mac/tap_first_reg__0_rep__1/C (clocked by service_clk) and mac/acc_i_reg[0][22]/D (clocked by service_clk). Large setup violations at the end of those stages might be difficult to fix during the post-placement implementation flow and could be the result of non-optimal XDC constraints or non-optimal design architecture
Related violations: <none>

TIMING-16#299 Warning
Large setup violation  
There is a large setup violation of -1.493 ns between mac/tap_first_reg__0/C (clocked by service_clk) and mac/acc_q_reg[1][22]/D (clocked by service_clk). Large setup violations at the end of those stages might be difficult to fix during the post-placement implementation flow and could be the result of non-optimal XDC constraints or non-optimal design architecture
Related violations: <none>

TIMING-16#300 Warning
Large setup violation  
There is a large setup violation of -1.494 ns between generation_reg[4]/C (clocked by service_clk) and mac/acc_i_reg[0][16]/CE (clocked by service_clk). Large setup violations at the end of those stages might be difficult to fix during the post-placement implementation flow and could be the result of non-optimal XDC constraints or non-optimal design architecture
Related violations: <none>

TIMING-16#301 Warning
Large setup violation  
There is a large setup violation of -1.494 ns between generation_reg[4]/C (clocked by service_clk) and mac/acc_i_reg[0][17]/CE (clocked by service_clk). Large setup violations at the end of those stages might be difficult to fix during the post-placement implementation flow and could be the result of non-optimal XDC constraints or non-optimal design architecture
Related violations: <none>

TIMING-16#302 Warning
Large setup violation  
There is a large setup violation of -1.494 ns between generation_reg[4]/C (clocked by service_clk) and mac/acc_i_reg[0][18]/CE (clocked by service_clk). Large setup violations at the end of those stages might be difficult to fix during the post-placement implementation flow and could be the result of non-optimal XDC constraints or non-optimal design architecture
Related violations: <none>

TIMING-16#303 Warning
Large setup violation  
There is a large setup violation of -1.494 ns between generation_reg[4]/C (clocked by service_clk) and mac/acc_i_reg[0][19]/CE (clocked by service_clk). Large setup violations at the end of those stages might be difficult to fix during the post-placement implementation flow and could be the result of non-optimal XDC constraints or non-optimal design architecture
Related violations: <none>

TIMING-16#304 Warning
Large setup violation  
There is a large setup violation of -1.496 ns between generation_reg[4]/C (clocked by service_clk) and mac/acc_i_reg[1][28]/CE (clocked by service_clk). Large setup violations at the end of those stages might be difficult to fix during the post-placement implementation flow and could be the result of non-optimal XDC constraints or non-optimal design architecture
Related violations: <none>

TIMING-16#305 Warning
Large setup violation  
There is a large setup violation of -1.496 ns between generation_reg[4]/C (clocked by service_clk) and mac/acc_i_reg[1][29]/CE (clocked by service_clk). Large setup violations at the end of those stages might be difficult to fix during the post-placement implementation flow and could be the result of non-optimal XDC constraints or non-optimal design architecture
Related violations: <none>

TIMING-16#306 Warning
Large setup violation  
There is a large setup violation of -1.496 ns between generation_reg[4]/C (clocked by service_clk) and mac/acc_i_reg[1][30]/CE (clocked by service_clk). Large setup violations at the end of those stages might be difficult to fix during the post-placement implementation flow and could be the result of non-optimal XDC constraints or non-optimal design architecture
Related violations: <none>

TIMING-16#307 Warning
Large setup violation  
There is a large setup violation of -1.496 ns between generation_reg[4]/C (clocked by service_clk) and mac/acc_i_reg[1][31]/CE (clocked by service_clk). Large setup violations at the end of those stages might be difficult to fix during the post-placement implementation flow and could be the result of non-optimal XDC constraints or non-optimal design architecture
Related violations: <none>

TIMING-16#308 Warning
Large setup violation  
There is a large setup violation of -1.502 ns between generation_reg[4]/C (clocked by service_clk) and mac/acc_i_reg[0][12]/CE (clocked by service_clk). Large setup violations at the end of those stages might be difficult to fix during the post-placement implementation flow and could be the result of non-optimal XDC constraints or non-optimal design architecture
Related violations: <none>

TIMING-16#309 Warning
Large setup violation  
There is a large setup violation of -1.502 ns between generation_reg[4]/C (clocked by service_clk) and mac/acc_i_reg[0][13]/CE (clocked by service_clk). Large setup violations at the end of those stages might be difficult to fix during the post-placement implementation flow and could be the result of non-optimal XDC constraints or non-optimal design architecture
Related violations: <none>

TIMING-16#310 Warning
Large setup violation  
There is a large setup violation of -1.502 ns between generation_reg[4]/C (clocked by service_clk) and mac/acc_i_reg[0][14]/CE (clocked by service_clk). Large setup violations at the end of those stages might be difficult to fix during the post-placement implementation flow and could be the result of non-optimal XDC constraints or non-optimal design architecture
Related violations: <none>

TIMING-16#311 Warning
Large setup violation  
There is a large setup violation of -1.502 ns between generation_reg[4]/C (clocked by service_clk) and mac/acc_i_reg[0][15]/CE (clocked by service_clk). Large setup violations at the end of those stages might be difficult to fix during the post-placement implementation flow and could be the result of non-optimal XDC constraints or non-optimal design architecture
Related violations: <none>

TIMING-16#312 Warning
Large setup violation  
There is a large setup violation of -1.502 ns between generation_reg[4]/C (clocked by service_clk) and mac/acc_q_reg[2][36]/CE (clocked by service_clk). Large setup violations at the end of those stages might be difficult to fix during the post-placement implementation flow and could be the result of non-optimal XDC constraints or non-optimal design architecture
Related violations: <none>

TIMING-16#313 Warning
Large setup violation  
There is a large setup violation of -1.502 ns between generation_reg[4]/C (clocked by service_clk) and mac/acc_q_reg[2][37]/CE (clocked by service_clk). Large setup violations at the end of those stages might be difficult to fix during the post-placement implementation flow and could be the result of non-optimal XDC constraints or non-optimal design architecture
Related violations: <none>

TIMING-16#314 Warning
Large setup violation  
There is a large setup violation of -1.502 ns between generation_reg[4]/C (clocked by service_clk) and mac/acc_q_reg[2][38]/CE (clocked by service_clk). Large setup violations at the end of those stages might be difficult to fix during the post-placement implementation flow and could be the result of non-optimal XDC constraints or non-optimal design architecture
Related violations: <none>

TIMING-16#315 Warning
Large setup violation  
There is a large setup violation of -1.502 ns between generation_reg[4]/C (clocked by service_clk) and mac/acc_q_reg[2][39]/CE (clocked by service_clk). Large setup violations at the end of those stages might be difficult to fix during the post-placement implementation flow and could be the result of non-optimal XDC constraints or non-optimal design architecture
Related violations: <none>

TIMING-16#316 Warning
Large setup violation  
There is a large setup violation of -1.505 ns between generation_reg[4]/C (clocked by service_clk) and expected_timestamp_reg[57]/D (clocked by service_clk). Large setup violations at the end of those stages might be difficult to fix during the post-placement implementation flow and could be the result of non-optimal XDC constraints or non-optimal design architecture
Related violations: <none>

TIMING-16#317 Warning
Large setup violation  
There is a large setup violation of -1.509 ns between generation_reg[4]/C (clocked by service_clk) and expected_timestamp_reg[60]/D (clocked by service_clk). Large setup violations at the end of those stages might be difficult to fix during the post-placement implementation flow and could be the result of non-optimal XDC constraints or non-optimal design architecture
Related violations: <none>

TIMING-16#318 Warning
Large setup violation  
There is a large setup violation of -1.510 ns between generation_reg[4]/C (clocked by service_clk) and mac/acc_q_reg[2][28]/CE (clocked by service_clk). Large setup violations at the end of those stages might be difficult to fix during the post-placement implementation flow and could be the result of non-optimal XDC constraints or non-optimal design architecture
Related violations: <none>

TIMING-16#319 Warning
Large setup violation  
There is a large setup violation of -1.510 ns between generation_reg[4]/C (clocked by service_clk) and mac/acc_q_reg[2][29]/CE (clocked by service_clk). Large setup violations at the end of those stages might be difficult to fix during the post-placement implementation flow and could be the result of non-optimal XDC constraints or non-optimal design architecture
Related violations: <none>

TIMING-16#320 Warning
Large setup violation  
There is a large setup violation of -1.510 ns between generation_reg[4]/C (clocked by service_clk) and mac/acc_q_reg[2][30]/CE (clocked by service_clk). Large setup violations at the end of those stages might be difficult to fix during the post-placement implementation flow and could be the result of non-optimal XDC constraints or non-optimal design architecture
Related violations: <none>

TIMING-16#321 Warning
Large setup violation  
There is a large setup violation of -1.510 ns between generation_reg[4]/C (clocked by service_clk) and mac/acc_q_reg[2][31]/CE (clocked by service_clk). Large setup violations at the end of those stages might be difficult to fix during the post-placement implementation flow and could be the result of non-optimal XDC constraints or non-optimal design architecture
Related violations: <none>

TIMING-16#322 Warning
Large setup violation  
There is a large setup violation of -1.514 ns between mac/tap_first_reg__0_rep/C (clocked by service_clk) and mac/acc_q_reg[2][23]/D (clocked by service_clk). Large setup violations at the end of those stages might be difficult to fix during the post-placement implementation flow and could be the result of non-optimal XDC constraints or non-optimal design architecture
Related violations: <none>

TIMING-16#323 Warning
Large setup violation  
There is a large setup violation of -1.525 ns between generation_reg[4]/C (clocked by service_clk) and expected_timestamp_reg[62]/D (clocked by service_clk). Large setup violations at the end of those stages might be difficult to fix during the post-placement implementation flow and could be the result of non-optimal XDC constraints or non-optimal design architecture
Related violations: <none>

TIMING-16#324 Warning
Large setup violation  
There is a large setup violation of -1.530 ns between generation_reg[4]/C (clocked by service_clk) and coefficient_read_reg[41]/CE (clocked by service_clk). Large setup violations at the end of those stages might be difficult to fix during the post-placement implementation flow and could be the result of non-optimal XDC constraints or non-optimal design architecture
Related violations: <none>

TIMING-16#325 Warning
Large setup violation  
There is a large setup violation of -1.530 ns between generation_reg[4]/C (clocked by service_clk) and coefficient_read_reg[48]/CE (clocked by service_clk). Large setup violations at the end of those stages might be difficult to fix during the post-placement implementation flow and could be the result of non-optimal XDC constraints or non-optimal design architecture
Related violations: <none>

TIMING-16#326 Warning
Large setup violation  
There is a large setup violation of -1.534 ns between generation_reg[4]/C (clocked by service_clk) and mac/acc_q_reg[0][0]/CE (clocked by service_clk). Large setup violations at the end of those stages might be difficult to fix during the post-placement implementation flow and could be the result of non-optimal XDC constraints or non-optimal design architecture
Related violations: <none>

TIMING-16#327 Warning
Large setup violation  
There is a large setup violation of -1.534 ns between generation_reg[4]/C (clocked by service_clk) and mac/acc_q_reg[0][1]/CE (clocked by service_clk). Large setup violations at the end of those stages might be difficult to fix during the post-placement implementation flow and could be the result of non-optimal XDC constraints or non-optimal design architecture
Related violations: <none>

TIMING-16#328 Warning
Large setup violation  
There is a large setup violation of -1.534 ns between generation_reg[4]/C (clocked by service_clk) and mac/acc_q_reg[0][2]/CE (clocked by service_clk). Large setup violations at the end of those stages might be difficult to fix during the post-placement implementation flow and could be the result of non-optimal XDC constraints or non-optimal design architecture
Related violations: <none>

TIMING-16#329 Warning
Large setup violation  
There is a large setup violation of -1.534 ns between generation_reg[4]/C (clocked by service_clk) and mac/acc_q_reg[0][3]/CE (clocked by service_clk). Large setup violations at the end of those stages might be difficult to fix during the post-placement implementation flow and could be the result of non-optimal XDC constraints or non-optimal design architecture
Related violations: <none>

TIMING-16#330 Warning
Large setup violation  
There is a large setup violation of -1.535 ns between mac/tap_first_reg__0_rep/C (clocked by service_clk) and mac/acc_q_reg[2][21]/D (clocked by service_clk). Large setup violations at the end of those stages might be difficult to fix during the post-placement implementation flow and could be the result of non-optimal XDC constraints or non-optimal design architecture
Related violations: <none>

TIMING-16#331 Warning
Large setup violation  
There is a large setup violation of -1.540 ns between mac/tap_first_reg__0_rep/C (clocked by service_clk) and mac/acc_q_reg[2][24]/D (clocked by service_clk). Large setup violations at the end of those stages might be difficult to fix during the post-placement implementation flow and could be the result of non-optimal XDC constraints or non-optimal design architecture
Related violations: <none>

TIMING-16#332 Warning
Large setup violation  
There is a large setup violation of -1.543 ns between generation_reg[4]/C (clocked by service_clk) and mac/acc_q_reg[0][4]/CE (clocked by service_clk). Large setup violations at the end of those stages might be difficult to fix during the post-placement implementation flow and could be the result of non-optimal XDC constraints or non-optimal design architecture
Related violations: <none>

TIMING-16#333 Warning
Large setup violation  
There is a large setup violation of -1.543 ns between generation_reg[4]/C (clocked by service_clk) and mac/acc_q_reg[0][5]/CE (clocked by service_clk). Large setup violations at the end of those stages might be difficult to fix during the post-placement implementation flow and could be the result of non-optimal XDC constraints or non-optimal design architecture
Related violations: <none>

TIMING-16#334 Warning
Large setup violation  
There is a large setup violation of -1.543 ns between generation_reg[4]/C (clocked by service_clk) and mac/acc_q_reg[0][6]/CE (clocked by service_clk). Large setup violations at the end of those stages might be difficult to fix during the post-placement implementation flow and could be the result of non-optimal XDC constraints or non-optimal design architecture
Related violations: <none>

TIMING-16#335 Warning
Large setup violation  
There is a large setup violation of -1.543 ns between generation_reg[4]/C (clocked by service_clk) and mac/acc_q_reg[0][7]/CE (clocked by service_clk). Large setup violations at the end of those stages might be difficult to fix during the post-placement implementation flow and could be the result of non-optimal XDC constraints or non-optimal design architecture
Related violations: <none>

TIMING-16#336 Warning
Large setup violation  
There is a large setup violation of -1.556 ns between mac/tap_first_reg__0_rep/C (clocked by service_clk) and mac/acc_q_reg[2][26]/D (clocked by service_clk). Large setup violations at the end of those stages might be difficult to fix during the post-placement implementation flow and could be the result of non-optimal XDC constraints or non-optimal design architecture
Related violations: <none>

TIMING-16#337 Warning
Large setup violation  
There is a large setup violation of -1.567 ns between mac/tap_first_reg__0/C (clocked by service_clk) and mac/acc_q_reg[1][23]/D (clocked by service_clk). Large setup violations at the end of those stages might be difficult to fix during the post-placement implementation flow and could be the result of non-optimal XDC constraints or non-optimal design architecture
Related violations: <none>

TIMING-16#338 Warning
Large setup violation  
There is a large setup violation of -1.568 ns between mac/tap_first_reg__0_rep__1/C (clocked by service_clk) and mac/acc_i_reg[0][23]/D (clocked by service_clk). Large setup violations at the end of those stages might be difficult to fix during the post-placement implementation flow and could be the result of non-optimal XDC constraints or non-optimal design architecture
Related violations: <none>

TIMING-16#339 Warning
Large setup violation  
There is a large setup violation of -1.572 ns between generation_reg[4]/C (clocked by service_clk) and mac/acc_i_reg[0][20]/CE (clocked by service_clk). Large setup violations at the end of those stages might be difficult to fix during the post-placement implementation flow and could be the result of non-optimal XDC constraints or non-optimal design architecture
Related violations: <none>

TIMING-16#340 Warning
Large setup violation  
There is a large setup violation of -1.572 ns between generation_reg[4]/C (clocked by service_clk) and mac/acc_i_reg[0][21]/CE (clocked by service_clk). Large setup violations at the end of those stages might be difficult to fix during the post-placement implementation flow and could be the result of non-optimal XDC constraints or non-optimal design architecture
Related violations: <none>

TIMING-16#341 Warning
Large setup violation  
There is a large setup violation of -1.572 ns between generation_reg[4]/C (clocked by service_clk) and mac/acc_i_reg[0][22]/CE (clocked by service_clk). Large setup violations at the end of those stages might be difficult to fix during the post-placement implementation flow and could be the result of non-optimal XDC constraints or non-optimal design architecture
Related violations: <none>

TIMING-16#342 Warning
Large setup violation  
There is a large setup violation of -1.572 ns between generation_reg[4]/C (clocked by service_clk) and mac/acc_i_reg[0][23]/CE (clocked by service_clk). Large setup violations at the end of those stages might be difficult to fix during the post-placement implementation flow and could be the result of non-optimal XDC constraints or non-optimal design architecture
Related violations: <none>

TIMING-16#343 Warning
Large setup violation  
There is a large setup violation of -1.575 ns between next_start_reg[0]/C (clocked by service_clk) and issue_group_reg[0]/R (clocked by service_clk). Large setup violations at the end of those stages might be difficult to fix during the post-placement implementation flow and could be the result of non-optimal XDC constraints or non-optimal design architecture
Related violations: <none>

TIMING-16#344 Warning
Large setup violation  
There is a large setup violation of -1.575 ns between next_start_reg[0]/C (clocked by service_clk) and issue_group_reg[1]/R (clocked by service_clk). Large setup violations at the end of those stages might be difficult to fix during the post-placement implementation flow and could be the result of non-optimal XDC constraints or non-optimal design architecture
Related violations: <none>

TIMING-16#345 Warning
Large setup violation  
There is a large setup violation of -1.575 ns between next_start_reg[0]/C (clocked by service_clk) and issue_group_reg[2]/R (clocked by service_clk). Large setup violations at the end of those stages might be difficult to fix during the post-placement implementation flow and could be the result of non-optimal XDC constraints or non-optimal design architecture
Related violations: <none>

TIMING-16#346 Warning
Large setup violation  
There is a large setup violation of -1.575 ns between next_start_reg[0]/C (clocked by service_clk) and issue_group_reg[3]/R (clocked by service_clk). Large setup violations at the end of those stages might be difficult to fix during the post-placement implementation flow and could be the result of non-optimal XDC constraints or non-optimal design architecture
Related violations: <none>

TIMING-16#347 Warning
Large setup violation  
There is a large setup violation of -1.576 ns between mac/tap_first_reg__0_rep__1/C (clocked by service_clk) and mac/acc_i_reg[0][21]/D (clocked by service_clk). Large setup violations at the end of those stages might be difficult to fix during the post-placement implementation flow and could be the result of non-optimal XDC constraints or non-optimal design architecture
Related violations: <none>

TIMING-16#348 Warning
Large setup violation  
There is a large setup violation of -1.584 ns between generation_reg[4]/C (clocked by service_clk) and expected_timestamp_reg[22]/D (clocked by service_clk). Large setup violations at the end of those stages might be difficult to fix during the post-placement implementation flow and could be the result of non-optimal XDC constraints or non-optimal design architecture
Related violations: <none>

TIMING-16#349 Warning
Large setup violation  
There is a large setup violation of -1.588 ns between mac/tap_first_reg__0/C (clocked by service_clk) and mac/acc_q_reg[1][21]/D (clocked by service_clk). Large setup violations at the end of those stages might be difficult to fix during the post-placement implementation flow and could be the result of non-optimal XDC constraints or non-optimal design architecture
Related violations: <none>

TIMING-16#350 Warning
Large setup violation  
There is a large setup violation of -1.589 ns between mac/tap_first_reg__0_rep__1/C (clocked by service_clk) and mac/acc_i_reg[0][24]/D (clocked by service_clk). Large setup violations at the end of those stages might be difficult to fix during the post-placement implementation flow and could be the result of non-optimal XDC constraints or non-optimal design architecture
Related violations: <none>

TIMING-16#351 Warning
Large setup violation  
There is a large setup violation of -1.590 ns between mac/tap_first_reg__0/C (clocked by service_clk) and mac/acc_q_reg[1][24]/D (clocked by service_clk). Large setup violations at the end of those stages might be difficult to fix during the post-placement implementation flow and could be the result of non-optimal XDC constraints or non-optimal design architecture
Related violations: <none>

TIMING-16#352 Warning
Large setup violation  
There is a large setup violation of -1.598 ns between generation_reg[4]/C (clocked by service_clk) and mac/acc_i_reg[0][4]/CE (clocked by service_clk). Large setup violations at the end of those stages might be difficult to fix during the post-placement implementation flow and could be the result of non-optimal XDC constraints or non-optimal design architecture
Related violations: <none>

TIMING-16#353 Warning
Large setup violation  
There is a large setup violation of -1.598 ns between generation_reg[4]/C (clocked by service_clk) and mac/acc_i_reg[0][5]/CE (clocked by service_clk). Large setup violations at the end of those stages might be difficult to fix during the post-placement implementation flow and could be the result of non-optimal XDC constraints or non-optimal design architecture
Related violations: <none>

TIMING-16#354 Warning
Large setup violation  
There is a large setup violation of -1.598 ns between generation_reg[4]/C (clocked by service_clk) and mac/acc_i_reg[0][6]/CE (clocked by service_clk). Large setup violations at the end of those stages might be difficult to fix during the post-placement implementation flow and could be the result of non-optimal XDC constraints or non-optimal design architecture
Related violations: <none>

TIMING-16#355 Warning
Large setup violation  
There is a large setup violation of -1.598 ns between generation_reg[4]/C (clocked by service_clk) and mac/acc_i_reg[0][7]/CE (clocked by service_clk). Large setup violations at the end of those stages might be difficult to fix during the post-placement implementation flow and could be the result of non-optimal XDC constraints or non-optimal design architecture
Related violations: <none>

TIMING-16#356 Warning
Large setup violation  
There is a large setup violation of -1.599 ns between generation_reg[4]/C (clocked by service_clk) and expected_timestamp_reg[63]/D (clocked by service_clk). Large setup violations at the end of those stages might be difficult to fix during the post-placement implementation flow and could be the result of non-optimal XDC constraints or non-optimal design architecture
Related violations: <none>

TIMING-16#357 Warning
Large setup violation  
There is a large setup violation of -1.603 ns between generation_reg[4]/C (clocked by service_clk) and mac/acc_i_reg[2][10]/CE (clocked by service_clk). Large setup violations at the end of those stages might be difficult to fix during the post-placement implementation flow and could be the result of non-optimal XDC constraints or non-optimal design architecture
Related violations: <none>

TIMING-16#358 Warning
Large setup violation  
There is a large setup violation of -1.603 ns between generation_reg[4]/C (clocked by service_clk) and mac/acc_i_reg[2][11]/CE (clocked by service_clk). Large setup violations at the end of those stages might be difficult to fix during the post-placement implementation flow and could be the result of non-optimal XDC constraints or non-optimal design architecture
Related violations: <none>

TIMING-16#359 Warning
Large setup violation  
There is a large setup violation of -1.603 ns between generation_reg[4]/C (clocked by service_clk) and mac/acc_i_reg[2][8]/CE (clocked by service_clk). Large setup violations at the end of those stages might be difficult to fix during the post-placement implementation flow and could be the result of non-optimal XDC constraints or non-optimal design architecture
Related violations: <none>

TIMING-16#360 Warning
Large setup violation  
There is a large setup violation of -1.603 ns between generation_reg[4]/C (clocked by service_clk) and mac/acc_i_reg[2][9]/CE (clocked by service_clk). Large setup violations at the end of those stages might be difficult to fix during the post-placement implementation flow and could be the result of non-optimal XDC constraints or non-optimal design architecture
Related violations: <none>

TIMING-16#361 Warning
Large setup violation  
There is a large setup violation of -1.604 ns between generation_reg[4]/C (clocked by service_clk) and mac/acc_q_reg[3][12]/CE (clocked by service_clk). Large setup violations at the end of those stages might be difficult to fix during the post-placement implementation flow and could be the result of non-optimal XDC constraints or non-optimal design architecture
Related violations: <none>

TIMING-16#362 Warning
Large setup violation  
There is a large setup violation of -1.604 ns between generation_reg[4]/C (clocked by service_clk) and mac/acc_q_reg[3][13]/CE (clocked by service_clk). Large setup violations at the end of those stages might be difficult to fix during the post-placement implementation flow and could be the result of non-optimal XDC constraints or non-optimal design architecture
Related violations: <none>

TIMING-16#363 Warning
Large setup violation  
There is a large setup violation of -1.604 ns between generation_reg[4]/C (clocked by service_clk) and mac/acc_q_reg[3][14]/CE (clocked by service_clk). Large setup violations at the end of those stages might be difficult to fix during the post-placement implementation flow and could be the result of non-optimal XDC constraints or non-optimal design architecture
Related violations: <none>

TIMING-16#364 Warning
Large setup violation  
There is a large setup violation of -1.604 ns between generation_reg[4]/C (clocked by service_clk) and mac/acc_q_reg[3][15]/CE (clocked by service_clk). Large setup violations at the end of those stages might be difficult to fix during the post-placement implementation flow and could be the result of non-optimal XDC constraints or non-optimal design architecture
Related violations: <none>

TIMING-16#365 Warning
Large setup violation  
There is a large setup violation of -1.606 ns between generation_reg[4]/C (clocked by service_clk) and mac/acc_q_reg[3][16]/CE (clocked by service_clk). Large setup violations at the end of those stages might be difficult to fix during the post-placement implementation flow and could be the result of non-optimal XDC constraints or non-optimal design architecture
Related violations: <none>

TIMING-16#366 Warning
Large setup violation  
There is a large setup violation of -1.606 ns between generation_reg[4]/C (clocked by service_clk) and mac/acc_q_reg[3][17]/CE (clocked by service_clk). Large setup violations at the end of those stages might be difficult to fix during the post-placement implementation flow and could be the result of non-optimal XDC constraints or non-optimal design architecture
Related violations: <none>

TIMING-16#367 Warning
Large setup violation  
There is a large setup violation of -1.606 ns between generation_reg[4]/C (clocked by service_clk) and mac/acc_q_reg[3][18]/CE (clocked by service_clk). Large setup violations at the end of those stages might be difficult to fix during the post-placement implementation flow and could be the result of non-optimal XDC constraints or non-optimal design architecture
Related violations: <none>

TIMING-16#368 Warning
Large setup violation  
There is a large setup violation of -1.606 ns between generation_reg[4]/C (clocked by service_clk) and mac/acc_q_reg[3][19]/CE (clocked by service_clk). Large setup violations at the end of those stages might be difficult to fix during the post-placement implementation flow and could be the result of non-optimal XDC constraints or non-optimal design architecture
Related violations: <none>

TIMING-16#369 Warning
Large setup violation  
There is a large setup violation of -1.606 ns between mac/tap_first_reg__0/C (clocked by service_clk) and mac/acc_q_reg[1][26]/D (clocked by service_clk). Large setup violations at the end of those stages might be difficult to fix during the post-placement implementation flow and could be the result of non-optimal XDC constraints or non-optimal design architecture
Related violations: <none>

TIMING-16#370 Warning
Large setup violation  
There is a large setup violation of -1.609 ns between generation_reg[4]/C (clocked by service_clk) and expected_timestamp_reg[21]/D (clocked by service_clk). Large setup violations at the end of those stages might be difficult to fix during the post-placement implementation flow and could be the result of non-optimal XDC constraints or non-optimal design architecture
Related violations: <none>

TIMING-16#371 Warning
Large setup violation  
There is a large setup violation of -1.609 ns between mac/tap_first_reg__0_rep__1/C (clocked by service_clk) and mac/acc_i_reg[0][26]/D (clocked by service_clk). Large setup violations at the end of those stages might be difficult to fix during the post-placement implementation flow and could be the result of non-optimal XDC constraints or non-optimal design architecture
Related violations: <none>

TIMING-16#372 Warning
Large setup violation  
There is a large setup violation of -1.610 ns between generation_reg[4]/C (clocked by service_clk) and mac/acc_i_reg[0][10]/CE (clocked by service_clk). Large setup violations at the end of those stages might be difficult to fix during the post-placement implementation flow and could be the result of non-optimal XDC constraints or non-optimal design architecture
Related violations: <none>

TIMING-16#373 Warning
Large setup violation  
There is a large setup violation of -1.610 ns between generation_reg[4]/C (clocked by service_clk) and mac/acc_i_reg[0][11]/CE (clocked by service_clk). Large setup violations at the end of those stages might be difficult to fix during the post-placement implementation flow and could be the result of non-optimal XDC constraints or non-optimal design architecture
Related violations: <none>

TIMING-16#374 Warning
Large setup violation  
There is a large setup violation of -1.610 ns between generation_reg[4]/C (clocked by service_clk) and mac/acc_i_reg[0][8]/CE (clocked by service_clk). Large setup violations at the end of those stages might be difficult to fix during the post-placement implementation flow and could be the result of non-optimal XDC constraints or non-optimal design architecture
Related violations: <none>

TIMING-16#375 Warning
Large setup violation  
There is a large setup violation of -1.610 ns between generation_reg[4]/C (clocked by service_clk) and mac/acc_i_reg[0][9]/CE (clocked by service_clk). Large setup violations at the end of those stages might be difficult to fix during the post-placement implementation flow and could be the result of non-optimal XDC constraints or non-optimal design architecture
Related violations: <none>

TIMING-16#376 Warning
Large setup violation  
There is a large setup violation of -1.613 ns between generation_reg[4]/C (clocked by service_clk) and mac/acc_i_reg[2][16]/CE (clocked by service_clk). Large setup violations at the end of those stages might be difficult to fix during the post-placement implementation flow and could be the result of non-optimal XDC constraints or non-optimal design architecture
Related violations: <none>

TIMING-16#377 Warning
Large setup violation  
There is a large setup violation of -1.613 ns between generation_reg[4]/C (clocked by service_clk) and mac/acc_i_reg[2][17]/CE (clocked by service_clk). Large setup violations at the end of those stages might be difficult to fix during the post-placement implementation flow and could be the result of non-optimal XDC constraints or non-optimal design architecture
Related violations: <none>

TIMING-16#378 Warning
Large setup violation  
There is a large setup violation of -1.613 ns between generation_reg[4]/C (clocked by service_clk) and mac/acc_i_reg[2][18]/CE (clocked by service_clk). Large setup violations at the end of those stages might be difficult to fix during the post-placement implementation flow and could be the result of non-optimal XDC constraints or non-optimal design architecture
Related violations: <none>

TIMING-16#379 Warning
Large setup violation  
There is a large setup violation of -1.613 ns between generation_reg[4]/C (clocked by service_clk) and mac/acc_i_reg[2][19]/CE (clocked by service_clk). Large setup violations at the end of those stages might be difficult to fix during the post-placement implementation flow and could be the result of non-optimal XDC constraints or non-optimal design architecture
Related violations: <none>

TIMING-16#380 Warning
Large setup violation  
There is a large setup violation of -1.615 ns between generation_reg[4]/C (clocked by service_clk) and mac/acc_i_reg[2][4]/CE (clocked by service_clk). Large setup violations at the end of those stages might be difficult to fix during the post-placement implementation flow and could be the result of non-optimal XDC constraints or non-optimal design architecture
Related violations: <none>

TIMING-16#381 Warning
Large setup violation  
There is a large setup violation of -1.615 ns between generation_reg[4]/C (clocked by service_clk) and mac/acc_i_reg[2][5]/CE (clocked by service_clk). Large setup violations at the end of those stages might be difficult to fix during the post-placement implementation flow and could be the result of non-optimal XDC constraints or non-optimal design architecture
Related violations: <none>

TIMING-16#382 Warning
Large setup violation  
There is a large setup violation of -1.615 ns between generation_reg[4]/C (clocked by service_clk) and mac/acc_i_reg[2][6]/CE (clocked by service_clk). Large setup violations at the end of those stages might be difficult to fix during the post-placement implementation flow and could be the result of non-optimal XDC constraints or non-optimal design architecture
Related violations: <none>

TIMING-16#383 Warning
Large setup violation  
There is a large setup violation of -1.615 ns between generation_reg[4]/C (clocked by service_clk) and mac/acc_i_reg[2][7]/CE (clocked by service_clk). Large setup violations at the end of those stages might be difficult to fix during the post-placement implementation flow and could be the result of non-optimal XDC constraints or non-optimal design architecture
Related violations: <none>

TIMING-16#384 Warning
Large setup violation  
There is a large setup violation of -1.620 ns between generation_reg[4]/C (clocked by service_clk) and expected_timestamp_reg[61]/D (clocked by service_clk). Large setup violations at the end of those stages might be difficult to fix during the post-placement implementation flow and could be the result of non-optimal XDC constraints or non-optimal design architecture
Related violations: <none>

TIMING-16#385 Warning
Large setup violation  
There is a large setup violation of -1.624 ns between generation_reg[4]/C (clocked by service_clk) and mac/acc_i_reg[2][20]/CE (clocked by service_clk). Large setup violations at the end of those stages might be difficult to fix during the post-placement implementation flow and could be the result of non-optimal XDC constraints or non-optimal design architecture
Related violations: <none>

TIMING-16#386 Warning
Large setup violation  
There is a large setup violation of -1.624 ns between generation_reg[4]/C (clocked by service_clk) and mac/acc_i_reg[2][21]/CE (clocked by service_clk). Large setup violations at the end of those stages might be difficult to fix during the post-placement implementation flow and could be the result of non-optimal XDC constraints or non-optimal design architecture
Related violations: <none>

TIMING-16#387 Warning
Large setup violation  
There is a large setup violation of -1.624 ns between generation_reg[4]/C (clocked by service_clk) and mac/acc_i_reg[2][22]/CE (clocked by service_clk). Large setup violations at the end of those stages might be difficult to fix during the post-placement implementation flow and could be the result of non-optimal XDC constraints or non-optimal design architecture
Related violations: <none>

TIMING-16#388 Warning
Large setup violation  
There is a large setup violation of -1.624 ns between generation_reg[4]/C (clocked by service_clk) and mac/acc_i_reg[2][23]/CE (clocked by service_clk). Large setup violations at the end of those stages might be difficult to fix during the post-placement implementation flow and could be the result of non-optimal XDC constraints or non-optimal design architecture
Related violations: <none>

TIMING-16#389 Warning
Large setup violation  
There is a large setup violation of -1.626 ns between generation_reg[4]/C (clocked by service_clk) and mac/acc_i_reg[2][28]/CE (clocked by service_clk). Large setup violations at the end of those stages might be difficult to fix during the post-placement implementation flow and could be the result of non-optimal XDC constraints or non-optimal design architecture
Related violations: <none>

TIMING-16#390 Warning
Large setup violation  
There is a large setup violation of -1.626 ns between generation_reg[4]/C (clocked by service_clk) and mac/acc_i_reg[2][29]/CE (clocked by service_clk). Large setup violations at the end of those stages might be difficult to fix during the post-placement implementation flow and could be the result of non-optimal XDC constraints or non-optimal design architecture
Related violations: <none>

TIMING-16#391 Warning
Large setup violation  
There is a large setup violation of -1.626 ns between generation_reg[4]/C (clocked by service_clk) and mac/acc_i_reg[2][30]/CE (clocked by service_clk). Large setup violations at the end of those stages might be difficult to fix during the post-placement implementation flow and could be the result of non-optimal XDC constraints or non-optimal design architecture
Related violations: <none>

TIMING-16#392 Warning
Large setup violation  
There is a large setup violation of -1.626 ns between generation_reg[4]/C (clocked by service_clk) and mac/acc_i_reg[2][31]/CE (clocked by service_clk). Large setup violations at the end of those stages might be difficult to fix during the post-placement implementation flow and could be the result of non-optimal XDC constraints or non-optimal design architecture
Related violations: <none>

TIMING-16#393 Warning
Large setup violation  
There is a large setup violation of -1.630 ns between mac/tap_first_reg__0_rep/C (clocked by service_clk) and mac/acc_q_reg[2][27]/D (clocked by service_clk). Large setup violations at the end of those stages might be difficult to fix during the post-placement implementation flow and could be the result of non-optimal XDC constraints or non-optimal design architecture
Related violations: <none>

TIMING-16#394 Warning
Large setup violation  
There is a large setup violation of -1.633 ns between generation_reg[4]/C (clocked by service_clk) and coefficient_read_reg[110]/CE (clocked by service_clk). Large setup violations at the end of those stages might be difficult to fix during the post-placement implementation flow and could be the result of non-optimal XDC constraints or non-optimal design architecture
Related violations: <none>

TIMING-16#395 Warning
Large setup violation  
There is a large setup violation of -1.633 ns between generation_reg[4]/C (clocked by service_clk) and coefficient_read_reg[111]/CE (clocked by service_clk). Large setup violations at the end of those stages might be difficult to fix during the post-placement implementation flow and could be the result of non-optimal XDC constraints or non-optimal design architecture
Related violations: <none>

TIMING-16#396 Warning
Large setup violation  
There is a large setup violation of -1.633 ns between generation_reg[4]/C (clocked by service_clk) and coefficient_read_reg[84]/CE (clocked by service_clk). Large setup violations at the end of those stages might be difficult to fix during the post-placement implementation flow and could be the result of non-optimal XDC constraints or non-optimal design architecture
Related violations: <none>

TIMING-16#397 Warning
Large setup violation  
There is a large setup violation of -1.633 ns between generation_reg[4]/C (clocked by service_clk) and coefficient_read_reg[86]/CE (clocked by service_clk). Large setup violations at the end of those stages might be difficult to fix during the post-placement implementation flow and could be the result of non-optimal XDC constraints or non-optimal design architecture
Related violations: <none>

TIMING-16#398 Warning
Large setup violation  
There is a large setup violation of -1.637 ns between generation_reg[4]/C (clocked by service_clk) and mac/acc_i_reg[2][0]/CE (clocked by service_clk). Large setup violations at the end of those stages might be difficult to fix during the post-placement implementation flow and could be the result of non-optimal XDC constraints or non-optimal design architecture
Related violations: <none>

TIMING-16#399 Warning
Large setup violation  
There is a large setup violation of -1.637 ns between generation_reg[4]/C (clocked by service_clk) and mac/acc_i_reg[2][1]/CE (clocked by service_clk). Large setup violations at the end of those stages might be difficult to fix during the post-placement implementation flow and could be the result of non-optimal XDC constraints or non-optimal design architecture
Related violations: <none>

TIMING-16#400 Warning
Large setup violation  
There is a large setup violation of -1.637 ns between generation_reg[4]/C (clocked by service_clk) and mac/acc_i_reg[2][2]/CE (clocked by service_clk). Large setup violations at the end of those stages might be difficult to fix during the post-placement implementation flow and could be the result of non-optimal XDC constraints or non-optimal design architecture
Related violations: <none>

TIMING-16#401 Warning
Large setup violation  
There is a large setup violation of -1.637 ns between generation_reg[4]/C (clocked by service_clk) and mac/acc_i_reg[2][3]/CE (clocked by service_clk). Large setup violations at the end of those stages might be difficult to fix during the post-placement implementation flow and could be the result of non-optimal XDC constraints or non-optimal design architecture
Related violations: <none>

TIMING-16#402 Warning
Large setup violation  
There is a large setup violation of -1.638 ns between generation_reg[4]/C (clocked by service_clk) and coefficient_read_reg[130]/CE (clocked by service_clk). Large setup violations at the end of those stages might be difficult to fix during the post-placement implementation flow and could be the result of non-optimal XDC constraints or non-optimal design architecture
Related violations: <none>

TIMING-16#403 Warning
Large setup violation  
There is a large setup violation of -1.638 ns between generation_reg[4]/C (clocked by service_clk) and coefficient_read_reg[140]/CE (clocked by service_clk). Large setup violations at the end of those stages might be difficult to fix during the post-placement implementation flow and could be the result of non-optimal XDC constraints or non-optimal design architecture
Related violations: <none>

TIMING-16#404 Warning
Large setup violation  
There is a large setup violation of -1.638 ns between generation_reg[4]/C (clocked by service_clk) and coefficient_read_reg[165]/CE (clocked by service_clk). Large setup violations at the end of those stages might be difficult to fix during the post-placement implementation flow and could be the result of non-optimal XDC constraints or non-optimal design architecture
Related violations: <none>

TIMING-16#405 Warning
Large setup violation  
There is a large setup violation of -1.638 ns between generation_reg[4]/C (clocked by service_clk) and coefficient_read_reg[25]/CE (clocked by service_clk). Large setup violations at the end of those stages might be difficult to fix during the post-placement implementation flow and could be the result of non-optimal XDC constraints or non-optimal design architecture
Related violations: <none>

TIMING-16#406 Warning
Large setup violation  
There is a large setup violation of -1.638 ns between generation_reg[4]/C (clocked by service_clk) and mac/acc_i_reg[1][36]/CE (clocked by service_clk). Large setup violations at the end of those stages might be difficult to fix during the post-placement implementation flow and could be the result of non-optimal XDC constraints or non-optimal design architecture
Related violations: <none>

TIMING-16#407 Warning
Large setup violation  
There is a large setup violation of -1.638 ns between generation_reg[4]/C (clocked by service_clk) and mac/acc_i_reg[1][37]/CE (clocked by service_clk). Large setup violations at the end of those stages might be difficult to fix during the post-placement implementation flow and could be the result of non-optimal XDC constraints or non-optimal design architecture
Related violations: <none>

TIMING-16#408 Warning
Large setup violation  
There is a large setup violation of -1.638 ns between generation_reg[4]/C (clocked by service_clk) and mac/acc_i_reg[1][38]/CE (clocked by service_clk). Large setup violations at the end of those stages might be difficult to fix during the post-placement implementation flow and could be the result of non-optimal XDC constraints or non-optimal design architecture
Related violations: <none>

TIMING-16#409 Warning
Large setup violation  
There is a large setup violation of -1.638 ns between generation_reg[4]/C (clocked by service_clk) and mac/acc_i_reg[1][39]/CE (clocked by service_clk). Large setup violations at the end of those stages might be difficult to fix during the post-placement implementation flow and could be the result of non-optimal XDC constraints or non-optimal design architecture
Related violations: <none>

TIMING-16#410 Warning
Large setup violation  
There is a large setup violation of -1.642 ns between generation_reg[4]/C (clocked by service_clk) and coefficient_read_reg[37]/CE (clocked by service_clk). Large setup violations at the end of those stages might be difficult to fix during the post-placement implementation flow and could be the result of non-optimal XDC constraints or non-optimal design architecture
Related violations: <none>

TIMING-16#411 Warning
Large setup violation  
There is a large setup violation of -1.642 ns between generation_reg[4]/C (clocked by service_clk) and coefficient_read_reg[38]/CE (clocked by service_clk). Large setup violations at the end of those stages might be difficult to fix during the post-placement implementation flow and could be the result of non-optimal XDC constraints or non-optimal design architecture
Related violations: <none>

TIMING-16#412 Warning
Large setup violation  
There is a large setup violation of -1.643 ns between generation_reg[4]/C (clocked by service_clk) and mac/acc_i_reg[3][0]/CE (clocked by service_clk). Large setup violations at the end of those stages might be difficult to fix during the post-placement implementation flow and could be the result of non-optimal XDC constraints or non-optimal design architecture
Related violations: <none>

TIMING-16#413 Warning
Large setup violation  
There is a large setup violation of -1.643 ns between generation_reg[4]/C (clocked by service_clk) and mac/acc_i_reg[3][1]/CE (clocked by service_clk). Large setup violations at the end of those stages might be difficult to fix during the post-placement implementation flow and could be the result of non-optimal XDC constraints or non-optimal design architecture
Related violations: <none>

TIMING-16#414 Warning
Large setup violation  
There is a large setup violation of -1.643 ns between generation_reg[4]/C (clocked by service_clk) and mac/acc_i_reg[3][2]/CE (clocked by service_clk). Large setup violations at the end of those stages might be difficult to fix during the post-placement implementation flow and could be the result of non-optimal XDC constraints or non-optimal design architecture
Related violations: <none>

TIMING-16#415 Warning
Large setup violation  
There is a large setup violation of -1.643 ns between generation_reg[4]/C (clocked by service_clk) and mac/acc_i_reg[3][3]/CE (clocked by service_clk). Large setup violations at the end of those stages might be difficult to fix during the post-placement implementation flow and could be the result of non-optimal XDC constraints or non-optimal design architecture
Related violations: <none>

TIMING-16#416 Warning
Large setup violation  
There is a large setup violation of -1.651 ns between mac/tap_first_reg__0_rep/C (clocked by service_clk) and mac/acc_q_reg[2][25]/D (clocked by service_clk). Large setup violations at the end of those stages might be difficult to fix during the post-placement implementation flow and could be the result of non-optimal XDC constraints or non-optimal design architecture
Related violations: <none>

TIMING-16#417 Warning
Large setup violation  
There is a large setup violation of -1.655 ns between mac/tap_first_reg__0_rep/C (clocked by service_clk) and mac/acc_q_reg[2][28]/D (clocked by service_clk). Large setup violations at the end of those stages might be difficult to fix during the post-placement implementation flow and could be the result of non-optimal XDC constraints or non-optimal design architecture
Related violations: <none>

TIMING-16#418 Warning
Large setup violation  
There is a large setup violation of -1.660 ns between generation_reg[4]/C (clocked by service_clk) and mac/acc_q_reg[0][12]/CE (clocked by service_clk). Large setup violations at the end of those stages might be difficult to fix during the post-placement implementation flow and could be the result of non-optimal XDC constraints or non-optimal design architecture
Related violations: <none>

TIMING-16#419 Warning
Large setup violation  
There is a large setup violation of -1.660 ns between generation_reg[4]/C (clocked by service_clk) and mac/acc_q_reg[0][13]/CE (clocked by service_clk). Large setup violations at the end of those stages might be difficult to fix during the post-placement implementation flow and could be the result of non-optimal XDC constraints or non-optimal design architecture
Related violations: <none>

TIMING-16#420 Warning
Large setup violation  
There is a large setup violation of -1.660 ns between generation_reg[4]/C (clocked by service_clk) and mac/acc_q_reg[0][14]/CE (clocked by service_clk). Large setup violations at the end of those stages might be difficult to fix during the post-placement implementation flow and could be the result of non-optimal XDC constraints or non-optimal design architecture
Related violations: <none>

TIMING-16#421 Warning
Large setup violation  
There is a large setup violation of -1.660 ns between generation_reg[4]/C (clocked by service_clk) and mac/acc_q_reg[0][15]/CE (clocked by service_clk). Large setup violations at the end of those stages might be difficult to fix during the post-placement implementation flow and could be the result of non-optimal XDC constraints or non-optimal design architecture
Related violations: <none>

TIMING-16#422 Warning
Large setup violation  
There is a large setup violation of -1.661 ns between generation_reg[4]/C (clocked by service_clk) and mac/acc_i_reg[2][24]/CE (clocked by service_clk). Large setup violations at the end of those stages might be difficult to fix during the post-placement implementation flow and could be the result of non-optimal XDC constraints or non-optimal design architecture
Related violations: <none>

TIMING-16#423 Warning
Large setup violation  
There is a large setup violation of -1.661 ns between generation_reg[4]/C (clocked by service_clk) and mac/acc_i_reg[2][25]/CE (clocked by service_clk). Large setup violations at the end of those stages might be difficult to fix during the post-placement implementation flow and could be the result of non-optimal XDC constraints or non-optimal design architecture
Related violations: <none>

TIMING-16#424 Warning
Large setup violation  
There is a large setup violation of -1.661 ns between generation_reg[4]/C (clocked by service_clk) and mac/acc_i_reg[2][26]/CE (clocked by service_clk). Large setup violations at the end of those stages might be difficult to fix during the post-placement implementation flow and could be the result of non-optimal XDC constraints or non-optimal design architecture
Related violations: <none>

TIMING-16#425 Warning
Large setup violation  
There is a large setup violation of -1.661 ns between generation_reg[4]/C (clocked by service_clk) and mac/acc_i_reg[2][27]/CE (clocked by service_clk). Large setup violations at the end of those stages might be difficult to fix during the post-placement implementation flow and could be the result of non-optimal XDC constraints or non-optimal design architecture
Related violations: <none>

TIMING-16#426 Warning
Large setup violation  
There is a large setup violation of -1.671 ns between generation_reg[4]/C (clocked by service_clk) and mac/acc_i_reg[2][32]/CE (clocked by service_clk). Large setup violations at the end of those stages might be difficult to fix during the post-placement implementation flow and could be the result of non-optimal XDC constraints or non-optimal design architecture
Related violations: <none>

TIMING-16#427 Warning
Large setup violation  
There is a large setup violation of -1.671 ns between generation_reg[4]/C (clocked by service_clk) and mac/acc_i_reg[2][33]/CE (clocked by service_clk). Large setup violations at the end of those stages might be difficult to fix during the post-placement implementation flow and could be the result of non-optimal XDC constraints or non-optimal design architecture
Related violations: <none>

TIMING-16#428 Warning
Large setup violation  
There is a large setup violation of -1.671 ns between generation_reg[4]/C (clocked by service_clk) and mac/acc_i_reg[2][34]/CE (clocked by service_clk). Large setup violations at the end of those stages might be difficult to fix during the post-placement implementation flow and could be the result of non-optimal XDC constraints or non-optimal design architecture
Related violations: <none>

TIMING-16#429 Warning
Large setup violation  
There is a large setup violation of -1.671 ns between generation_reg[4]/C (clocked by service_clk) and mac/acc_i_reg[2][35]/CE (clocked by service_clk). Large setup violations at the end of those stages might be difficult to fix during the post-placement implementation flow and could be the result of non-optimal XDC constraints or non-optimal design architecture
Related violations: <none>

TIMING-16#430 Warning
Large setup violation  
There is a large setup violation of -1.671 ns between mac/tap_first_reg__0_rep/C (clocked by service_clk) and mac/acc_q_reg[2][30]/D (clocked by service_clk). Large setup violations at the end of those stages might be difficult to fix during the post-placement implementation flow and could be the result of non-optimal XDC constraints or non-optimal design architecture
Related violations: <none>

TIMING-16#431 Warning
Large setup violation  
There is a large setup violation of -1.680 ns between mac/tap_first_reg__0/C (clocked by service_clk) and mac/acc_q_reg[1][27]/D (clocked by service_clk). Large setup violations at the end of those stages might be difficult to fix during the post-placement implementation flow and could be the result of non-optimal XDC constraints or non-optimal design architecture
Related violations: <none>

TIMING-16#432 Warning
Large setup violation  
There is a large setup violation of -1.681 ns between generation_reg[4]/C (clocked by service_clk) and mac/acc_i_reg[4][0]/CE (clocked by service_clk). Large setup violations at the end of those stages might be difficult to fix during the post-placement implementation flow and could be the result of non-optimal XDC constraints or non-optimal design architecture
Related violations: <none>

TIMING-16#433 Warning
Large setup violation  
There is a large setup violation of -1.681 ns between generation_reg[4]/C (clocked by service_clk) and mac/acc_i_reg[4][1]/CE (clocked by service_clk). Large setup violations at the end of those stages might be difficult to fix during the post-placement implementation flow and could be the result of non-optimal XDC constraints or non-optimal design architecture
Related violations: <none>

TIMING-16#434 Warning
Large setup violation  
There is a large setup violation of -1.681 ns between generation_reg[4]/C (clocked by service_clk) and mac/acc_i_reg[4][2]/CE (clocked by service_clk). Large setup violations at the end of those stages might be difficult to fix during the post-placement implementation flow and could be the result of non-optimal XDC constraints or non-optimal design architecture
Related violations: <none>

TIMING-16#435 Warning
Large setup violation  
There is a large setup violation of -1.681 ns between generation_reg[4]/C (clocked by service_clk) and mac/acc_i_reg[4][3]/CE (clocked by service_clk). Large setup violations at the end of those stages might be difficult to fix during the post-placement implementation flow and could be the result of non-optimal XDC constraints or non-optimal design architecture
Related violations: <none>

TIMING-16#436 Warning
Large setup violation  
There is a large setup violation of -1.685 ns between mac/tap_first_reg__0_rep__1/C (clocked by service_clk) and mac/acc_i_reg[0][27]/D (clocked by service_clk). Large setup violations at the end of those stages might be difficult to fix during the post-placement implementation flow and could be the result of non-optimal XDC constraints or non-optimal design architecture
Related violations: <none>

TIMING-16#437 Warning
Large setup violation  
There is a large setup violation of -1.687 ns between generation_reg[4]/C (clocked by service_clk) and mac/acc_i_reg[2][36]/CE (clocked by service_clk). Large setup violations at the end of those stages might be difficult to fix during the post-placement implementation flow and could be the result of non-optimal XDC constraints or non-optimal design architecture
Related violations: <none>

TIMING-16#438 Warning
Large setup violation  
There is a large setup violation of -1.687 ns between generation_reg[4]/C (clocked by service_clk) and mac/acc_i_reg[2][37]/CE (clocked by service_clk). Large setup violations at the end of those stages might be difficult to fix during the post-placement implementation flow and could be the result of non-optimal XDC constraints or non-optimal design architecture
Related violations: <none>

TIMING-16#439 Warning
Large setup violation  
There is a large setup violation of -1.687 ns between generation_reg[4]/C (clocked by service_clk) and mac/acc_i_reg[2][38]/CE (clocked by service_clk). Large setup violations at the end of those stages might be difficult to fix during the post-placement implementation flow and could be the result of non-optimal XDC constraints or non-optimal design architecture
Related violations: <none>

TIMING-16#440 Warning
Large setup violation  
There is a large setup violation of -1.687 ns between generation_reg[4]/C (clocked by service_clk) and mac/acc_i_reg[2][39]/CE (clocked by service_clk). Large setup violations at the end of those stages might be difficult to fix during the post-placement implementation flow and could be the result of non-optimal XDC constraints or non-optimal design architecture
Related violations: <none>

TIMING-16#441 Warning
Large setup violation  
There is a large setup violation of -1.687 ns between generation_reg[4]/C (clocked by service_clk) and mac/acc_q_reg[3][24]/CE (clocked by service_clk). Large setup violations at the end of those stages might be difficult to fix during the post-placement implementation flow and could be the result of non-optimal XDC constraints or non-optimal design architecture
Related violations: <none>

TIMING-16#442 Warning
Large setup violation  
There is a large setup violation of -1.687 ns between generation_reg[4]/C (clocked by service_clk) and mac/acc_q_reg[3][25]/CE (clocked by service_clk). Large setup violations at the end of those stages might be difficult to fix during the post-placement implementation flow and could be the result of non-optimal XDC constraints or non-optimal design architecture
Related violations: <none>

TIMING-16#443 Warning
Large setup violation  
There is a large setup violation of -1.687 ns between generation_reg[4]/C (clocked by service_clk) and mac/acc_q_reg[3][26]/CE (clocked by service_clk). Large setup violations at the end of those stages might be difficult to fix during the post-placement implementation flow and could be the result of non-optimal XDC constraints or non-optimal design architecture
Related violations: <none>

TIMING-16#444 Warning
Large setup violation  
There is a large setup violation of -1.687 ns between generation_reg[4]/C (clocked by service_clk) and mac/acc_q_reg[3][27]/CE (clocked by service_clk). Large setup violations at the end of those stages might be difficult to fix during the post-placement implementation flow and could be the result of non-optimal XDC constraints or non-optimal design architecture
Related violations: <none>

TIMING-16#445 Warning
Large setup violation  
There is a large setup violation of -1.689 ns between generation_reg[4]/C (clocked by service_clk) and mac/acc_q_reg[0][10]/CE (clocked by service_clk). Large setup violations at the end of those stages might be difficult to fix during the post-placement implementation flow and could be the result of non-optimal XDC constraints or non-optimal design architecture
Related violations: <none>

TIMING-16#446 Warning
Large setup violation  
There is a large setup violation of -1.689 ns between generation_reg[4]/C (clocked by service_clk) and mac/acc_q_reg[0][11]/CE (clocked by service_clk). Large setup violations at the end of those stages might be difficult to fix during the post-placement implementation flow and could be the result of non-optimal XDC constraints or non-optimal design architecture
Related violations: <none>

TIMING-16#447 Warning
Large setup violation  
There is a large setup violation of -1.689 ns between generation_reg[4]/C (clocked by service_clk) and mac/acc_q_reg[0][8]/CE (clocked by service_clk). Large setup violations at the end of those stages might be difficult to fix during the post-placement implementation flow and could be the result of non-optimal XDC constraints or non-optimal design architecture
Related violations: <none>

TIMING-16#448 Warning
Large setup violation  
There is a large setup violation of -1.689 ns between generation_reg[4]/C (clocked by service_clk) and mac/acc_q_reg[0][9]/CE (clocked by service_clk). Large setup violations at the end of those stages might be difficult to fix during the post-placement implementation flow and could be the result of non-optimal XDC constraints or non-optimal design architecture
Related violations: <none>

TIMING-16#449 Warning
Large setup violation  
There is a large setup violation of -1.689 ns between generation_reg[4]/C (clocked by service_clk) and mac/acc_q_reg[3][28]/CE (clocked by service_clk). Large setup violations at the end of those stages might be difficult to fix during the post-placement implementation flow and could be the result of non-optimal XDC constraints or non-optimal design architecture
Related violations: <none>

TIMING-16#450 Warning
Large setup violation  
There is a large setup violation of -1.689 ns between generation_reg[4]/C (clocked by service_clk) and mac/acc_q_reg[3][29]/CE (clocked by service_clk). Large setup violations at the end of those stages might be difficult to fix during the post-placement implementation flow and could be the result of non-optimal XDC constraints or non-optimal design architecture
Related violations: <none>

TIMING-16#451 Warning
Large setup violation  
There is a large setup violation of -1.689 ns between generation_reg[4]/C (clocked by service_clk) and mac/acc_q_reg[3][30]/CE (clocked by service_clk). Large setup violations at the end of those stages might be difficult to fix during the post-placement implementation flow and could be the result of non-optimal XDC constraints or non-optimal design architecture
Related violations: <none>

TIMING-16#452 Warning
Large setup violation  
There is a large setup violation of -1.689 ns between generation_reg[4]/C (clocked by service_clk) and mac/acc_q_reg[3][31]/CE (clocked by service_clk). Large setup violations at the end of those stages might be difficult to fix during the post-placement implementation flow and could be the result of non-optimal XDC constraints or non-optimal design architecture
Related violations: <none>

TIMING-16#453 Warning
Large setup violation  
There is a large setup violation of -1.689 ns between generation_reg[4]/C (clocked by service_clk) and mac/acc_q_reg[3][32]/CE (clocked by service_clk). Large setup violations at the end of those stages might be difficult to fix during the post-placement implementation flow and could be the result of non-optimal XDC constraints or non-optimal design architecture
Related violations: <none>

TIMING-16#454 Warning
Large setup violation  
There is a large setup violation of -1.689 ns between generation_reg[4]/C (clocked by service_clk) and mac/acc_q_reg[3][33]/CE (clocked by service_clk). Large setup violations at the end of those stages might be difficult to fix during the post-placement implementation flow and could be the result of non-optimal XDC constraints or non-optimal design architecture
Related violations: <none>

TIMING-16#455 Warning
Large setup violation  
There is a large setup violation of -1.689 ns between generation_reg[4]/C (clocked by service_clk) and mac/acc_q_reg[3][34]/CE (clocked by service_clk). Large setup violations at the end of those stages might be difficult to fix during the post-placement implementation flow and could be the result of non-optimal XDC constraints or non-optimal design architecture
Related violations: <none>

TIMING-16#456 Warning
Large setup violation  
There is a large setup violation of -1.689 ns between generation_reg[4]/C (clocked by service_clk) and mac/acc_q_reg[3][35]/CE (clocked by service_clk). Large setup violations at the end of those stages might be difficult to fix during the post-placement implementation flow and could be the result of non-optimal XDC constraints or non-optimal design architecture
Related violations: <none>

TIMING-16#457 Warning
Large setup violation  
There is a large setup violation of -1.692 ns between generation_reg[4]/C (clocked by service_clk) and expected_timestamp_reg[27]/D (clocked by service_clk). Large setup violations at the end of those stages might be difficult to fix during the post-placement implementation flow and could be the result of non-optimal XDC constraints or non-optimal design architecture
Related violations: <none>

TIMING-16#458 Warning
Large setup violation  
There is a large setup violation of -1.692 ns between generation_reg[4]/C (clocked by service_clk) and mac/acc_q_reg[3][20]/CE (clocked by service_clk). Large setup violations at the end of those stages might be difficult to fix during the post-placement implementation flow and could be the result of non-optimal XDC constraints or non-optimal design architecture
Related violations: <none>

TIMING-16#459 Warning
Large setup violation  
There is a large setup violation of -1.692 ns between generation_reg[4]/C (clocked by service_clk) and mac/acc_q_reg[3][21]/CE (clocked by service_clk). Large setup violations at the end of those stages might be difficult to fix during the post-placement implementation flow and could be the result of non-optimal XDC constraints or non-optimal design architecture
Related violations: <none>

TIMING-16#460 Warning
Large setup violation  
There is a large setup violation of -1.692 ns between generation_reg[4]/C (clocked by service_clk) and mac/acc_q_reg[3][22]/CE (clocked by service_clk). Large setup violations at the end of those stages might be difficult to fix during the post-placement implementation flow and could be the result of non-optimal XDC constraints or non-optimal design architecture
Related violations: <none>

TIMING-16#461 Warning
Large setup violation  
There is a large setup violation of -1.692 ns between generation_reg[4]/C (clocked by service_clk) and mac/acc_q_reg[3][23]/CE (clocked by service_clk). Large setup violations at the end of those stages might be difficult to fix during the post-placement implementation flow and could be the result of non-optimal XDC constraints or non-optimal design architecture
Related violations: <none>

TIMING-16#462 Warning
Large setup violation  
There is a large setup violation of -1.693 ns between mac/tap_first_reg__0_rep__1/C (clocked by service_clk) and mac/acc_i_reg[0][25]/D (clocked by service_clk). Large setup violations at the end of those stages might be difficult to fix during the post-placement implementation flow and could be the result of non-optimal XDC constraints or non-optimal design architecture
Related violations: <none>

TIMING-16#463 Warning
Large setup violation  
There is a large setup violation of -1.699 ns between generation_reg[4]/C (clocked by service_clk) and mac/acc_i_reg[3][10]/CE (clocked by service_clk). Large setup violations at the end of those stages might be difficult to fix during the post-placement implementation flow and could be the result of non-optimal XDC constraints or non-optimal design architecture
Related violations: <none>

TIMING-16#464 Warning
Large setup violation  
There is a large setup violation of -1.699 ns between generation_reg[4]/C (clocked by service_clk) and mac/acc_i_reg[3][11]/CE (clocked by service_clk). Large setup violations at the end of those stages might be difficult to fix during the post-placement implementation flow and could be the result of non-optimal XDC constraints or non-optimal design architecture
Related violations: <none>

TIMING-16#465 Warning
Large setup violation  
There is a large setup violation of -1.699 ns between generation_reg[4]/C (clocked by service_clk) and mac/acc_i_reg[3][8]/CE (clocked by service_clk). Large setup violations at the end of those stages might be difficult to fix during the post-placement implementation flow and could be the result of non-optimal XDC constraints or non-optimal design architecture
Related violations: <none>

TIMING-16#466 Warning
Large setup violation  
There is a large setup violation of -1.699 ns between generation_reg[4]/C (clocked by service_clk) and mac/acc_i_reg[3][9]/CE (clocked by service_clk). Large setup violations at the end of those stages might be difficult to fix during the post-placement implementation flow and could be the result of non-optimal XDC constraints or non-optimal design architecture
Related violations: <none>

TIMING-16#467 Warning
Large setup violation  
There is a large setup violation of -1.701 ns between generation_reg[4]/C (clocked by service_clk) and mac/acc_i_reg[3][4]/CE (clocked by service_clk). Large setup violations at the end of those stages might be difficult to fix during the post-placement implementation flow and could be the result of non-optimal XDC constraints or non-optimal design architecture
Related violations: <none>

TIMING-16#468 Warning
Large setup violation  
There is a large setup violation of -1.701 ns between generation_reg[4]/C (clocked by service_clk) and mac/acc_i_reg[3][5]/CE (clocked by service_clk). Large setup violations at the end of those stages might be difficult to fix during the post-placement implementation flow and could be the result of non-optimal XDC constraints or non-optimal design architecture
Related violations: <none>

TIMING-16#469 Warning
Large setup violation  
There is a large setup violation of -1.701 ns between generation_reg[4]/C (clocked by service_clk) and mac/acc_i_reg[3][6]/CE (clocked by service_clk). Large setup violations at the end of those stages might be difficult to fix during the post-placement implementation flow and could be the result of non-optimal XDC constraints or non-optimal design architecture
Related violations: <none>

TIMING-16#470 Warning
Large setup violation  
There is a large setup violation of -1.701 ns between generation_reg[4]/C (clocked by service_clk) and mac/acc_i_reg[3][7]/CE (clocked by service_clk). Large setup violations at the end of those stages might be difficult to fix during the post-placement implementation flow and could be the result of non-optimal XDC constraints or non-optimal design architecture
Related violations: <none>

TIMING-16#471 Warning
Large setup violation  
There is a large setup violation of -1.701 ns between mac/tap_first_reg__0/C (clocked by service_clk) and mac/acc_q_reg[1][25]/D (clocked by service_clk). Large setup violations at the end of those stages might be difficult to fix during the post-placement implementation flow and could be the result of non-optimal XDC constraints or non-optimal design architecture
Related violations: <none>

TIMING-16#472 Warning
Large setup violation  
There is a large setup violation of -1.704 ns between mac/tap_first_reg__0/C (clocked by service_clk) and mac/acc_q_reg[1][28]/D (clocked by service_clk). Large setup violations at the end of those stages might be difficult to fix during the post-placement implementation flow and could be the result of non-optimal XDC constraints or non-optimal design architecture
Related violations: <none>

TIMING-16#473 Warning
Large setup violation  
There is a large setup violation of -1.707 ns between mac/tap_first_reg__0_rep__1/C (clocked by service_clk) and mac/acc_i_reg[0][28]/D (clocked by service_clk). Large setup violations at the end of those stages might be difficult to fix during the post-placement implementation flow and could be the result of non-optimal XDC constraints or non-optimal design architecture
Related violations: <none>

TIMING-16#474 Warning
Large setup violation  
There is a large setup violation of -1.714 ns between generation_reg[4]/C (clocked by service_clk) and mac/acc_i_reg[0][36]/CE (clocked by service_clk). Large setup violations at the end of those stages might be difficult to fix during the post-placement implementation flow and could be the result of non-optimal XDC constraints or non-optimal design architecture
Related violations: <none>

TIMING-16#475 Warning
Large setup violation  
There is a large setup violation of -1.714 ns between generation_reg[4]/C (clocked by service_clk) and mac/acc_i_reg[0][37]/CE (clocked by service_clk). Large setup violations at the end of those stages might be difficult to fix during the post-placement implementation flow and could be the result of non-optimal XDC constraints or non-optimal design architecture
Related violations: <none>

TIMING-16#476 Warning
Large setup violation  
There is a large setup violation of -1.714 ns between generation_reg[4]/C (clocked by service_clk) and mac/acc_i_reg[0][38]/CE (clocked by service_clk). Large setup violations at the end of those stages might be difficult to fix during the post-placement implementation flow and could be the result of non-optimal XDC constraints or non-optimal design architecture
Related violations: <none>

TIMING-16#477 Warning
Large setup violation  
There is a large setup violation of -1.714 ns between generation_reg[4]/C (clocked by service_clk) and mac/acc_i_reg[0][39]/CE (clocked by service_clk). Large setup violations at the end of those stages might be difficult to fix during the post-placement implementation flow and could be the result of non-optimal XDC constraints or non-optimal design architecture
Related violations: <none>

TIMING-16#478 Warning
Large setup violation  
There is a large setup violation of -1.715 ns between generation_reg[4]/C (clocked by service_clk) and mac/acc_i_reg[0][28]/CE (clocked by service_clk). Large setup violations at the end of those stages might be difficult to fix during the post-placement implementation flow and could be the result of non-optimal XDC constraints or non-optimal design architecture
Related violations: <none>

TIMING-16#479 Warning
Large setup violation  
There is a large setup violation of -1.715 ns between generation_reg[4]/C (clocked by service_clk) and mac/acc_i_reg[0][29]/CE (clocked by service_clk). Large setup violations at the end of those stages might be difficult to fix during the post-placement implementation flow and could be the result of non-optimal XDC constraints or non-optimal design architecture
Related violations: <none>

TIMING-16#480 Warning
Large setup violation  
There is a large setup violation of -1.715 ns between generation_reg[4]/C (clocked by service_clk) and mac/acc_i_reg[0][30]/CE (clocked by service_clk). Large setup violations at the end of those stages might be difficult to fix during the post-placement implementation flow and could be the result of non-optimal XDC constraints or non-optimal design architecture
Related violations: <none>

TIMING-16#481 Warning
Large setup violation  
There is a large setup violation of -1.715 ns between generation_reg[4]/C (clocked by service_clk) and mac/acc_i_reg[0][31]/CE (clocked by service_clk). Large setup violations at the end of those stages might be difficult to fix during the post-placement implementation flow and could be the result of non-optimal XDC constraints or non-optimal design architecture
Related violations: <none>

TIMING-16#482 Warning
Large setup violation  
There is a large setup violation of -1.720 ns between mac/tap_first_reg__0/C (clocked by service_clk) and mac/acc_q_reg[1][30]/D (clocked by service_clk). Large setup violations at the end of those stages might be difficult to fix during the post-placement implementation flow and could be the result of non-optimal XDC constraints or non-optimal design architecture
Related violations: <none>

TIMING-16#483 Warning
Large setup violation  
There is a large setup violation of -1.727 ns between mac/tap_first_reg__0_rep__1/C (clocked by service_clk) and mac/acc_i_reg[0][30]/D (clocked by service_clk). Large setup violations at the end of those stages might be difficult to fix during the post-placement implementation flow and could be the result of non-optimal XDC constraints or non-optimal design architecture
Related violations: <none>

TIMING-16#484 Warning
Large setup violation  
There is a large setup violation of -1.729 ns between generation_reg[4]/C (clocked by service_clk) and mac/acc_q_reg[0][28]/CE (clocked by service_clk). Large setup violations at the end of those stages might be difficult to fix during the post-placement implementation flow and could be the result of non-optimal XDC constraints or non-optimal design architecture
Related violations: <none>

TIMING-16#485 Warning
Large setup violation  
There is a large setup violation of -1.729 ns between generation_reg[4]/C (clocked by service_clk) and mac/acc_q_reg[0][29]/CE (clocked by service_clk). Large setup violations at the end of those stages might be difficult to fix during the post-placement implementation flow and could be the result of non-optimal XDC constraints or non-optimal design architecture
Related violations: <none>

TIMING-16#486 Warning
Large setup violation  
There is a large setup violation of -1.729 ns between generation_reg[4]/C (clocked by service_clk) and mac/acc_q_reg[0][30]/CE (clocked by service_clk). Large setup violations at the end of those stages might be difficult to fix during the post-placement implementation flow and could be the result of non-optimal XDC constraints or non-optimal design architecture
Related violations: <none>

TIMING-16#487 Warning
Large setup violation  
There is a large setup violation of -1.729 ns between generation_reg[4]/C (clocked by service_clk) and mac/acc_q_reg[0][31]/CE (clocked by service_clk). Large setup violations at the end of those stages might be difficult to fix during the post-placement implementation flow and could be the result of non-optimal XDC constraints or non-optimal design architecture
Related violations: <none>

TIMING-16#488 Warning
Large setup violation  
There is a large setup violation of -1.729 ns between next_start_reg[0]/C (clocked by service_clk) and coefficient_read_reg[13]/CE (clocked by service_clk). Large setup violations at the end of those stages might be difficult to fix during the post-placement implementation flow and could be the result of non-optimal XDC constraints or non-optimal design architecture
Related violations: <none>

TIMING-16#489 Warning
Large setup violation  
There is a large setup violation of -1.729 ns between next_start_reg[0]/C (clocked by service_clk) and coefficient_read_reg[42]/CE (clocked by service_clk). Large setup violations at the end of those stages might be difficult to fix during the post-placement implementation flow and could be the result of non-optimal XDC constraints or non-optimal design architecture
Related violations: <none>

TIMING-16#490 Warning
Large setup violation  
There is a large setup violation of -1.729 ns between next_start_reg[0]/C (clocked by service_clk) and coefficient_read_reg[72]/CE (clocked by service_clk). Large setup violations at the end of those stages might be difficult to fix during the post-placement implementation flow and could be the result of non-optimal XDC constraints or non-optimal design architecture
Related violations: <none>

TIMING-16#491 Warning
Large setup violation  
There is a large setup violation of -1.729 ns between next_start_reg[0]/C (clocked by service_clk) and coefficient_read_reg[94]/CE (clocked by service_clk). Large setup violations at the end of those stages might be difficult to fix during the post-placement implementation flow and could be the result of non-optimal XDC constraints or non-optimal design architecture
Related violations: <none>

TIMING-16#492 Warning
Large setup violation  
There is a large setup violation of -1.743 ns between generation_reg[4]/C (clocked by service_clk) and mac/acc_i_reg[4][10]/CE (clocked by service_clk). Large setup violations at the end of those stages might be difficult to fix during the post-placement implementation flow and could be the result of non-optimal XDC constraints or non-optimal design architecture
Related violations: <none>

TIMING-16#493 Warning
Large setup violation  
There is a large setup violation of -1.743 ns between generation_reg[4]/C (clocked by service_clk) and mac/acc_i_reg[4][11]/CE (clocked by service_clk). Large setup violations at the end of those stages might be difficult to fix during the post-placement implementation flow and could be the result of non-optimal XDC constraints or non-optimal design architecture
Related violations: <none>

TIMING-16#494 Warning
Large setup violation  
There is a large setup violation of -1.743 ns between generation_reg[4]/C (clocked by service_clk) and mac/acc_i_reg[4][8]/CE (clocked by service_clk). Large setup violations at the end of those stages might be difficult to fix during the post-placement implementation flow and could be the result of non-optimal XDC constraints or non-optimal design architecture
Related violations: <none>

TIMING-16#495 Warning
Large setup violation  
There is a large setup violation of -1.743 ns between generation_reg[4]/C (clocked by service_clk) and mac/acc_i_reg[4][9]/CE (clocked by service_clk). Large setup violations at the end of those stages might be difficult to fix during the post-placement implementation flow and could be the result of non-optimal XDC constraints or non-optimal design architecture
Related violations: <none>

TIMING-16#496 Warning
Large setup violation  
There is a large setup violation of -1.745 ns between generation_reg[4]/C (clocked by service_clk) and mac/acc_i_reg[0][24]/CE (clocked by service_clk). Large setup violations at the end of those stages might be difficult to fix during the post-placement implementation flow and could be the result of non-optimal XDC constraints or non-optimal design architecture
Related violations: <none>

TIMING-16#497 Warning
Large setup violation  
There is a large setup violation of -1.745 ns between generation_reg[4]/C (clocked by service_clk) and mac/acc_i_reg[0][25]/CE (clocked by service_clk). Large setup violations at the end of those stages might be difficult to fix during the post-placement implementation flow and could be the result of non-optimal XDC constraints or non-optimal design architecture
Related violations: <none>

TIMING-16#498 Warning
Large setup violation  
There is a large setup violation of -1.745 ns between generation_reg[4]/C (clocked by service_clk) and mac/acc_i_reg[0][26]/CE (clocked by service_clk). Large setup violations at the end of those stages might be difficult to fix during the post-placement implementation flow and could be the result of non-optimal XDC constraints or non-optimal design architecture
Related violations: <none>

TIMING-16#499 Warning
Large setup violation  
There is a large setup violation of -1.745 ns between generation_reg[4]/C (clocked by service_clk) and mac/acc_i_reg[0][27]/CE (clocked by service_clk). Large setup violations at the end of those stages might be difficult to fix during the post-placement implementation flow and could be the result of non-optimal XDC constraints or non-optimal design architecture
Related violations: <none>

TIMING-16#500 Warning
Large setup violation  
There is a large setup violation of -1.745 ns between mac/tap_first_reg__0_rep/C (clocked by service_clk) and mac/acc_q_reg[2][31]/D (clocked by service_clk). Large setup violations at the end of those stages might be difficult to fix during the post-placement implementation flow and could be the result of non-optimal XDC constraints or non-optimal design architecture
Related violations: <none>

TIMING-16#501 Warning
Large setup violation  
There is a large setup violation of -1.750 ns between generation_reg[4]/C (clocked by service_clk) and mac/acc_q_reg[3][36]/CE (clocked by service_clk). Large setup violations at the end of those stages might be difficult to fix during the post-placement implementation flow and could be the result of non-optimal XDC constraints or non-optimal design architecture
Related violations: <none>

TIMING-16#502 Warning
Large setup violation  
There is a large setup violation of -1.750 ns between generation_reg[4]/C (clocked by service_clk) and mac/acc_q_reg[3][37]/CE (clocked by service_clk). Large setup violations at the end of those stages might be difficult to fix during the post-placement implementation flow and could be the result of non-optimal XDC constraints or non-optimal design architecture
Related violations: <none>

TIMING-16#503 Warning
Large setup violation  
There is a large setup violation of -1.750 ns between generation_reg[4]/C (clocked by service_clk) and mac/acc_q_reg[3][38]/CE (clocked by service_clk). Large setup violations at the end of those stages might be difficult to fix during the post-placement implementation flow and could be the result of non-optimal XDC constraints or non-optimal design architecture
Related violations: <none>

TIMING-16#504 Warning
Large setup violation  
There is a large setup violation of -1.750 ns between generation_reg[4]/C (clocked by service_clk) and mac/acc_q_reg[3][39]/CE (clocked by service_clk). Large setup violations at the end of those stages might be difficult to fix during the post-placement implementation flow and could be the result of non-optimal XDC constraints or non-optimal design architecture
Related violations: <none>

TIMING-16#505 Warning
Large setup violation  
There is a large setup violation of -1.764 ns between generation_reg[4]/C (clocked by service_clk) and mac/acc_q_reg[5][12]/CE (clocked by service_clk). Large setup violations at the end of those stages might be difficult to fix during the post-placement implementation flow and could be the result of non-optimal XDC constraints or non-optimal design architecture
Related violations: <none>

TIMING-16#506 Warning
Large setup violation  
There is a large setup violation of -1.764 ns between generation_reg[4]/C (clocked by service_clk) and mac/acc_q_reg[5][13]/CE (clocked by service_clk). Large setup violations at the end of those stages might be difficult to fix during the post-placement implementation flow and could be the result of non-optimal XDC constraints or non-optimal design architecture
Related violations: <none>

TIMING-16#507 Warning
Large setup violation  
There is a large setup violation of -1.764 ns between generation_reg[4]/C (clocked by service_clk) and mac/acc_q_reg[5][14]/CE (clocked by service_clk). Large setup violations at the end of those stages might be difficult to fix during the post-placement implementation flow and could be the result of non-optimal XDC constraints or non-optimal design architecture
Related violations: <none>

TIMING-16#508 Warning
Large setup violation  
There is a large setup violation of -1.764 ns between generation_reg[4]/C (clocked by service_clk) and mac/acc_q_reg[5][15]/CE (clocked by service_clk). Large setup violations at the end of those stages might be difficult to fix during the post-placement implementation flow and could be the result of non-optimal XDC constraints or non-optimal design architecture
Related violations: <none>

TIMING-16#509 Warning
Large setup violation  
There is a large setup violation of -1.765 ns between generation_reg[4]/C (clocked by service_clk) and coefficient_read_reg[108]/CE (clocked by service_clk). Large setup violations at the end of those stages might be difficult to fix during the post-placement implementation flow and could be the result of non-optimal XDC constraints or non-optimal design architecture
Related violations: <none>

TIMING-16#510 Warning
Large setup violation  
There is a large setup violation of -1.765 ns between generation_reg[4]/C (clocked by service_clk) and coefficient_read_reg[112]/CE (clocked by service_clk). Large setup violations at the end of those stages might be difficult to fix during the post-placement implementation flow and could be the result of non-optimal XDC constraints or non-optimal design architecture
Related violations: <none>

TIMING-16#511 Warning
Large setup violation  
There is a large setup violation of -1.765 ns between generation_reg[4]/C (clocked by service_clk) and coefficient_read_reg[146]/CE (clocked by service_clk). Large setup violations at the end of those stages might be difficult to fix during the post-placement implementation flow and could be the result of non-optimal XDC constraints or non-optimal design architecture
Related violations: <none>

TIMING-16#512 Warning
Large setup violation  
There is a large setup violation of -1.765 ns between generation_reg[4]/C (clocked by service_clk) and coefficient_read_reg[148]/CE (clocked by service_clk). Large setup violations at the end of those stages might be difficult to fix during the post-placement implementation flow and could be the result of non-optimal XDC constraints or non-optimal design architecture
Related violations: <none>

TIMING-16#513 Warning
Large setup violation  
There is a large setup violation of -1.765 ns between generation_reg[4]/C (clocked by service_clk) and coefficient_read_reg[1]/CE (clocked by service_clk). Large setup violations at the end of those stages might be difficult to fix during the post-placement implementation flow and could be the result of non-optimal XDC constraints or non-optimal design architecture
Related violations: <none>

TIMING-16#514 Warning
Large setup violation  
There is a large setup violation of -1.765 ns between generation_reg[4]/C (clocked by service_clk) and coefficient_read_reg[20]/CE (clocked by service_clk). Large setup violations at the end of those stages might be difficult to fix during the post-placement implementation flow and could be the result of non-optimal XDC constraints or non-optimal design architecture
Related violations: <none>

TIMING-16#515 Warning
Large setup violation  
There is a large setup violation of -1.765 ns between generation_reg[4]/C (clocked by service_clk) and coefficient_read_reg[28]/CE (clocked by service_clk). Large setup violations at the end of those stages might be difficult to fix during the post-placement implementation flow and could be the result of non-optimal XDC constraints or non-optimal design architecture
Related violations: <none>

TIMING-16#516 Warning
Large setup violation  
There is a large setup violation of -1.765 ns between generation_reg[4]/C (clocked by service_clk) and coefficient_read_reg[4]/CE (clocked by service_clk). Large setup violations at the end of those stages might be difficult to fix during the post-placement implementation flow and could be the result of non-optimal XDC constraints or non-optimal design architecture
Related violations: <none>

TIMING-16#517 Warning
Large setup violation  
There is a large setup violation of -1.765 ns between generation_reg[4]/C (clocked by service_clk) and history[2].samples_reg/ADDRBWRADDR[7] (clocked by service_clk). Large setup violations at the end of those stages might be difficult to fix during the post-placement implementation flow and could be the result of non-optimal XDC constraints or non-optimal design architecture
Related violations: <none>

TIMING-16#518 Warning
Large setup violation  
There is a large setup violation of -1.765 ns between generation_reg[4]/C (clocked by service_clk) and history[3].samples_reg/ADDRBWRADDR[7] (clocked by service_clk). Large setup violations at the end of those stages might be difficult to fix during the post-placement implementation flow and could be the result of non-optimal XDC constraints or non-optimal design architecture
Related violations: <none>

TIMING-16#519 Warning
Large setup violation  
There is a large setup violation of -1.766 ns between mac/tap_first_reg__0_rep/C (clocked by service_clk) and mac/acc_q_reg[2][29]/D (clocked by service_clk). Large setup violations at the end of those stages might be difficult to fix during the post-placement implementation flow and could be the result of non-optimal XDC constraints or non-optimal design architecture
Related violations: <none>

TIMING-16#520 Warning
Large setup violation  
There is a large setup violation of -1.767 ns between generation_reg[4]/C (clocked by service_clk) and expected_timestamp_reg[30]/D (clocked by service_clk). Large setup violations at the end of those stages might be difficult to fix during the post-placement implementation flow and could be the result of non-optimal XDC constraints or non-optimal design architecture
Related violations: <none>

TIMING-16#521 Warning
Large setup violation  
There is a large setup violation of -1.767 ns between generation_reg[4]/C (clocked by service_clk) and mac/acc_q_reg[0][20]/CE (clocked by service_clk). Large setup violations at the end of those stages might be difficult to fix during the post-placement implementation flow and could be the result of non-optimal XDC constraints or non-optimal design architecture
Related violations: <none>

TIMING-16#522 Warning
Large setup violation  
There is a large setup violation of -1.767 ns between generation_reg[4]/C (clocked by service_clk) and mac/acc_q_reg[0][21]/CE (clocked by service_clk). Large setup violations at the end of those stages might be difficult to fix during the post-placement implementation flow and could be the result of non-optimal XDC constraints or non-optimal design architecture
Related violations: <none>

TIMING-16#523 Warning
Large setup violation  
There is a large setup violation of -1.767 ns between generation_reg[4]/C (clocked by service_clk) and mac/acc_q_reg[0][22]/CE (clocked by service_clk). Large setup violations at the end of those stages might be difficult to fix during the post-placement implementation flow and could be the result of non-optimal XDC constraints or non-optimal design architecture
Related violations: <none>

TIMING-16#524 Warning
Large setup violation  
There is a large setup violation of -1.767 ns between generation_reg[4]/C (clocked by service_clk) and mac/acc_q_reg[0][23]/CE (clocked by service_clk). Large setup violations at the end of those stages might be difficult to fix during the post-placement implementation flow and could be the result of non-optimal XDC constraints or non-optimal design architecture
Related violations: <none>

TIMING-16#525 Warning
Large setup violation  
There is a large setup violation of -1.769 ns between generation_reg[4]/C (clocked by service_clk) and coefficient_read_reg[80]/CE (clocked by service_clk). Large setup violations at the end of those stages might be difficult to fix during the post-placement implementation flow and could be the result of non-optimal XDC constraints or non-optimal design architecture
Related violations: <none>

TIMING-16#526 Warning
Large setup violation  
There is a large setup violation of -1.769 ns between generation_reg[4]/C (clocked by service_clk) and coefficient_read_reg[88]/CE (clocked by service_clk). Large setup violations at the end of those stages might be difficult to fix during the post-placement implementation flow and could be the result of non-optimal XDC constraints or non-optimal design architecture
Related violations: <none>

TIMING-16#527 Warning
Large setup violation  
There is a large setup violation of -1.769 ns between mac/tap_first_reg__0_rep/C (clocked by service_clk) and mac/acc_q_reg[2][32]/D (clocked by service_clk). Large setup violations at the end of those stages might be difficult to fix during the post-placement implementation flow and could be the result of non-optimal XDC constraints or non-optimal design architecture
Related violations: <none>

TIMING-16#528 Warning
Large setup violation  
There is a large setup violation of -1.773 ns between generation_reg[4]/C (clocked by service_clk) and coefficient_read_reg[82]/CE (clocked by service_clk). Large setup violations at the end of those stages might be difficult to fix during the post-placement implementation flow and could be the result of non-optimal XDC constraints or non-optimal design architecture
Related violations: <none>

TIMING-16#529 Warning
Large setup violation  
There is a large setup violation of -1.773 ns between generation_reg[4]/C (clocked by service_clk) and coefficient_read_reg[83]/CE (clocked by service_clk). Large setup violations at the end of those stages might be difficult to fix during the post-placement implementation flow and could be the result of non-optimal XDC constraints or non-optimal design architecture
Related violations: <none>

TIMING-16#530 Warning
Large setup violation  
There is a large setup violation of -1.776 ns between next_start_reg[0]/C (clocked by service_clk) and issue_group_reg[0]/CE (clocked by service_clk). Large setup violations at the end of those stages might be difficult to fix during the post-placement implementation flow and could be the result of non-optimal XDC constraints or non-optimal design architecture
Related violations: <none>

TIMING-16#531 Warning
Large setup violation  
There is a large setup violation of -1.776 ns between next_start_reg[0]/C (clocked by service_clk) and issue_group_reg[1]/CE (clocked by service_clk). Large setup violations at the end of those stages might be difficult to fix during the post-placement implementation flow and could be the result of non-optimal XDC constraints or non-optimal design architecture
Related violations: <none>

TIMING-16#532 Warning
Large setup violation  
There is a large setup violation of -1.776 ns between next_start_reg[0]/C (clocked by service_clk) and issue_group_reg[2]/CE (clocked by service_clk). Large setup violations at the end of those stages might be difficult to fix during the post-placement implementation flow and could be the result of non-optimal XDC constraints or non-optimal design architecture
Related violations: <none>

TIMING-16#533 Warning
Large setup violation  
There is a large setup violation of -1.776 ns between next_start_reg[0]/C (clocked by service_clk) and issue_group_reg[3]/CE (clocked by service_clk). Large setup violations at the end of those stages might be difficult to fix during the post-placement implementation flow and could be the result of non-optimal XDC constraints or non-optimal design architecture
Related violations: <none>

TIMING-16#534 Warning
Large setup violation  
There is a large setup violation of -1.777 ns between generation_reg[4]/C (clocked by service_clk) and coefficient_read_reg[105]/CE (clocked by service_clk). Large setup violations at the end of those stages might be difficult to fix during the post-placement implementation flow and could be the result of non-optimal XDC constraints or non-optimal design architecture
Related violations: <none>

TIMING-16#535 Warning
Large setup violation  
There is a large setup violation of -1.777 ns between generation_reg[4]/C (clocked by service_clk) and coefficient_read_reg[154]/CE (clocked by service_clk). Large setup violations at the end of those stages might be difficult to fix during the post-placement implementation flow and could be the result of non-optimal XDC constraints or non-optimal design architecture
Related violations: <none>

TIMING-16#536 Warning
Large setup violation  
There is a large setup violation of -1.777 ns between generation_reg[4]/C (clocked by service_clk) and coefficient_read_reg[156]/CE (clocked by service_clk). Large setup violations at the end of those stages might be difficult to fix during the post-placement implementation flow and could be the result of non-optimal XDC constraints or non-optimal design architecture
Related violations: <none>

TIMING-16#537 Warning
Large setup violation  
There is a large setup violation of -1.777 ns between generation_reg[4]/C (clocked by service_clk) and coefficient_read_reg[21]/CE (clocked by service_clk). Large setup violations at the end of those stages might be difficult to fix during the post-placement implementation flow and could be the result of non-optimal XDC constraints or non-optimal design architecture
Related violations: <none>

TIMING-16#538 Warning
Large setup violation  
There is a large setup violation of -1.779 ns between generation_reg[4]/C (clocked by service_clk) and mac/acc_q_reg[0][24]/CE (clocked by service_clk). Large setup violations at the end of those stages might be difficult to fix during the post-placement implementation flow and could be the result of non-optimal XDC constraints or non-optimal design architecture
Related violations: <none>

TIMING-16#539 Warning
Large setup violation  
There is a large setup violation of -1.779 ns between generation_reg[4]/C (clocked by service_clk) and mac/acc_q_reg[0][25]/CE (clocked by service_clk). Large setup violations at the end of those stages might be difficult to fix during the post-placement implementation flow and could be the result of non-optimal XDC constraints or non-optimal design architecture
Related violations: <none>

TIMING-16#540 Warning
Large setup violation  
There is a large setup violation of -1.779 ns between generation_reg[4]/C (clocked by service_clk) and mac/acc_q_reg[0][26]/CE (clocked by service_clk). Large setup violations at the end of those stages might be difficult to fix during the post-placement implementation flow and could be the result of non-optimal XDC constraints or non-optimal design architecture
Related violations: <none>

TIMING-16#541 Warning
Large setup violation  
There is a large setup violation of -1.779 ns between generation_reg[4]/C (clocked by service_clk) and mac/acc_q_reg[0][27]/CE (clocked by service_clk). Large setup violations at the end of those stages might be difficult to fix during the post-placement implementation flow and could be the result of non-optimal XDC constraints or non-optimal design architecture
Related violations: <none>

TIMING-16#542 Warning
Large setup violation  
There is a large setup violation of -1.783 ns between generation_reg[4]/C (clocked by service_clk) and coefficient_read_reg[45]/CE (clocked by service_clk). Large setup violations at the end of those stages might be difficult to fix during the post-placement implementation flow and could be the result of non-optimal XDC constraints or non-optimal design architecture
Related violations: <none>

TIMING-16#543 Warning
Large setup violation  
There is a large setup violation of -1.783 ns between generation_reg[4]/C (clocked by service_clk) and coefficient_read_reg[49]/CE (clocked by service_clk). Large setup violations at the end of those stages might be difficult to fix during the post-placement implementation flow and could be the result of non-optimal XDC constraints or non-optimal design architecture
Related violations: <none>

TIMING-16#544 Warning
Large setup violation  
There is a large setup violation of -1.783 ns between generation_reg[4]/C (clocked by service_clk) and coefficient_read_reg[53]/CE (clocked by service_clk). Large setup violations at the end of those stages might be difficult to fix during the post-placement implementation flow and could be the result of non-optimal XDC constraints or non-optimal design architecture
Related violations: <none>

TIMING-16#545 Warning
Large setup violation  
There is a large setup violation of -1.783 ns between generation_reg[4]/C (clocked by service_clk) and coefficient_read_reg[54]/CE (clocked by service_clk). Large setup violations at the end of those stages might be difficult to fix during the post-placement implementation flow and could be the result of non-optimal XDC constraints or non-optimal design architecture
Related violations: <none>

TIMING-16#546 Warning
Large setup violation  
There is a large setup violation of -1.783 ns between generation_reg[4]/C (clocked by service_clk) and coefficient_read_reg[81]/CE (clocked by service_clk). Large setup violations at the end of those stages might be difficult to fix during the post-placement implementation flow and could be the result of non-optimal XDC constraints or non-optimal design architecture
Related violations: <none>

TIMING-16#547 Warning
Large setup violation  
There is a large setup violation of -1.783 ns between generation_reg[4]/C (clocked by service_clk) and coefficient_read_reg[89]/CE (clocked by service_clk). Large setup violations at the end of those stages might be difficult to fix during the post-placement implementation flow and could be the result of non-optimal XDC constraints or non-optimal design architecture
Related violations: <none>

TIMING-16#548 Warning
Large setup violation  
There is a large setup violation of -1.785 ns between generation_reg[4]/C (clocked by service_clk) and mac/acc_q_reg[5][16]/CE (clocked by service_clk). Large setup violations at the end of those stages might be difficult to fix during the post-placement implementation flow and could be the result of non-optimal XDC constraints or non-optimal design architecture
Related violations: <none>

TIMING-16#549 Warning
Large setup violation  
There is a large setup violation of -1.785 ns between generation_reg[4]/C (clocked by service_clk) and mac/acc_q_reg[5][17]/CE (clocked by service_clk). Large setup violations at the end of those stages might be difficult to fix during the post-placement implementation flow and could be the result of non-optimal XDC constraints or non-optimal design architecture
Related violations: <none>

TIMING-16#550 Warning
Large setup violation  
There is a large setup violation of -1.785 ns between generation_reg[4]/C (clocked by service_clk) and mac/acc_q_reg[5][18]/CE (clocked by service_clk). Large setup violations at the end of those stages might be difficult to fix during the post-placement implementation flow and could be the result of non-optimal XDC constraints or non-optimal design architecture
Related violations: <none>

TIMING-16#551 Warning
Large setup violation  
There is a large setup violation of -1.785 ns between mac/tap_first_reg__0_rep/C (clocked by service_clk) and mac/acc_q_reg[2][34]/D (clocked by service_clk). Large setup violations at the end of those stages might be difficult to fix during the post-placement implementation flow and could be the result of non-optimal XDC constraints or non-optimal design architecture
Related violations: <none>

TIMING-16#552 Warning
Large setup violation  
There is a large setup violation of -1.788 ns between generation_reg[4]/C (clocked by service_clk) and mac/acc_q_reg[5][0]/CE (clocked by service_clk). Large setup violations at the end of those stages might be difficult to fix during the post-placement implementation flow and could be the result of non-optimal XDC constraints or non-optimal design architecture
Related violations: <none>

TIMING-16#553 Warning
Large setup violation  
There is a large setup violation of -1.789 ns between generation_reg[4]/C (clocked by service_clk) and coefficient_read_reg[14]/CE (clocked by service_clk). Large setup violations at the end of those stages might be difficult to fix during the post-placement implementation flow and could be the result of non-optimal XDC constraints or non-optimal design architecture
Related violations: <none>

TIMING-16#554 Warning
Large setup violation  
There is a large setup violation of -1.789 ns between generation_reg[4]/C (clocked by service_clk) and coefficient_read_reg[69]/CE (clocked by service_clk). Large setup violations at the end of those stages might be difficult to fix during the post-placement implementation flow and could be the result of non-optimal XDC constraints or non-optimal design architecture
Related violations: <none>

TIMING-16#555 Warning
Large setup violation  
There is a large setup violation of -1.789 ns between generation_reg[4]/C (clocked by service_clk) and coefficient_read_reg[75]/CE (clocked by service_clk). Large setup violations at the end of those stages might be difficult to fix during the post-placement implementation flow and could be the result of non-optimal XDC constraints or non-optimal design architecture
Related violations: <none>

TIMING-16#556 Warning
Large setup violation  
There is a large setup violation of -1.789 ns between generation_reg[4]/C (clocked by service_clk) and coefficient_read_reg[98]/CE (clocked by service_clk). Large setup violations at the end of those stages might be difficult to fix during the post-placement implementation flow and could be the result of non-optimal XDC constraints or non-optimal design architecture
Related violations: <none>

TIMING-16#557 Warning
Large setup violation  
There is a large setup violation of -1.789 ns between generation_reg[4]/C (clocked by service_clk) and history[1].samples_reg/ADDRBWRADDR[7] (clocked by service_clk). Large setup violations at the end of those stages might be difficult to fix during the post-placement implementation flow and could be the result of non-optimal XDC constraints or non-optimal design architecture
Related violations: <none>

TIMING-16#558 Warning
Large setup violation  
There is a large setup violation of -1.789 ns between generation_reg[4]/C (clocked by service_clk) and history[2].samples_reg/ADDRBWRADDR[11] (clocked by service_clk). Large setup violations at the end of those stages might be difficult to fix during the post-placement implementation flow and could be the result of non-optimal XDC constraints or non-optimal design architecture
Related violations: <none>

TIMING-16#559 Warning
Large setup violation  
There is a large setup violation of -1.789 ns between generation_reg[4]/C (clocked by service_clk) and history[3].samples_reg/ADDRBWRADDR[11] (clocked by service_clk). Large setup violations at the end of those stages might be difficult to fix during the post-placement implementation flow and could be the result of non-optimal XDC constraints or non-optimal design architecture
Related violations: <none>

TIMING-16#560 Warning
Large setup violation  
There is a large setup violation of -1.789 ns between generation_reg[4]/C (clocked by service_clk) and history[4].samples_reg/ADDRBWRADDR[7] (clocked by service_clk). Large setup violations at the end of those stages might be difficult to fix during the post-placement implementation flow and could be the result of non-optimal XDC constraints or non-optimal design architecture
Related violations: <none>

TIMING-16#561 Warning
Large setup violation  
There is a large setup violation of -1.794 ns between mac/tap_first_reg__0/C (clocked by service_clk) and mac/acc_q_reg[1][31]/D (clocked by service_clk). Large setup violations at the end of those stages might be difficult to fix during the post-placement implementation flow and could be the result of non-optimal XDC constraints or non-optimal design architecture
Related violations: <none>

TIMING-16#562 Warning
Large setup violation  
There is a large setup violation of -1.795 ns between generation_reg[4]/C (clocked by service_clk) and mac/acc_q_reg[1][0]/CE (clocked by service_clk). Large setup violations at the end of those stages might be difficult to fix during the post-placement implementation flow and could be the result of non-optimal XDC constraints or non-optimal design architecture
Related violations: <none>

TIMING-16#563 Warning
Large setup violation  
There is a large setup violation of -1.795 ns between generation_reg[4]/C (clocked by service_clk) and mac/acc_q_reg[1][1]/CE (clocked by service_clk). Large setup violations at the end of those stages might be difficult to fix during the post-placement implementation flow and could be the result of non-optimal XDC constraints or non-optimal design architecture
Related violations: <none>

TIMING-16#564 Warning
Large setup violation  
There is a large setup violation of -1.795 ns between generation_reg[4]/C (clocked by service_clk) and mac/acc_q_reg[1][2]/CE (clocked by service_clk). Large setup violations at the end of those stages might be difficult to fix during the post-placement implementation flow and could be the result of non-optimal XDC constraints or non-optimal design architecture
Related violations: <none>

TIMING-16#565 Warning
Large setup violation  
There is a large setup violation of -1.795 ns between generation_reg[4]/C (clocked by service_clk) and mac/acc_q_reg[1][3]/CE (clocked by service_clk). Large setup violations at the end of those stages might be difficult to fix during the post-placement implementation flow and could be the result of non-optimal XDC constraints or non-optimal design architecture
Related violations: <none>

TIMING-16#566 Warning
Large setup violation  
There is a large setup violation of -1.799 ns between generation_reg[4]/C (clocked by service_clk) and coefficient_read_reg[147]/CE (clocked by service_clk). Large setup violations at the end of those stages might be difficult to fix during the post-placement implementation flow and could be the result of non-optimal XDC constraints or non-optimal design architecture
Related violations: <none>

TIMING-16#567 Warning
Large setup violation  
There is a large setup violation of -1.799 ns between generation_reg[4]/C (clocked by service_clk) and coefficient_read_reg[150]/CE (clocked by service_clk). Large setup violations at the end of those stages might be difficult to fix during the post-placement implementation flow and could be the result of non-optimal XDC constraints or non-optimal design architecture
Related violations: <none>

TIMING-16#568 Warning
Large setup violation  
There is a large setup violation of -1.799 ns between generation_reg[4]/C (clocked by service_clk) and coefficient_read_reg[151]/CE (clocked by service_clk). Large setup violations at the end of those stages might be difficult to fix during the post-placement implementation flow and could be the result of non-optimal XDC constraints or non-optimal design architecture
Related violations: <none>

TIMING-16#569 Warning
Large setup violation  
There is a large setup violation of -1.799 ns between generation_reg[4]/C (clocked by service_clk) and coefficient_read_reg[153]/CE (clocked by service_clk). Large setup violations at the end of those stages might be difficult to fix during the post-placement implementation flow and could be the result of non-optimal XDC constraints or non-optimal design architecture
Related violations: <none>

TIMING-16#570 Warning
Large setup violation  
There is a large setup violation of -1.799 ns between generation_reg[4]/C (clocked by service_clk) and coefficient_read_reg[155]/CE (clocked by service_clk). Large setup violations at the end of those stages might be difficult to fix during the post-placement implementation flow and could be the result of non-optimal XDC constraints or non-optimal design architecture
Related violations: <none>

TIMING-16#571 Warning
Large setup violation  
There is a large setup violation of -1.799 ns between generation_reg[4]/C (clocked by service_clk) and coefficient_read_reg[159]/CE (clocked by service_clk). Large setup violations at the end of those stages might be difficult to fix during the post-placement implementation flow and could be the result of non-optimal XDC constraints or non-optimal design architecture
Related violations: <none>

TIMING-16#572 Warning
Large setup violation  
There is a large setup violation of -1.803 ns between mac/tap_first_reg__0_rep__1/C (clocked by service_clk) and mac/acc_i_reg[0][31]/D (clocked by service_clk). Large setup violations at the end of those stages might be difficult to fix during the post-placement implementation flow and could be the result of non-optimal XDC constraints or non-optimal design architecture
Related violations: <none>

TIMING-16#573 Warning
Large setup violation  
There is a large setup violation of -1.806 ns between generation_reg[4]/C (clocked by service_clk) and coefficient_read_reg[107]/CE (clocked by service_clk). Large setup violations at the end of those stages might be difficult to fix during the post-placement implementation flow and could be the result of non-optimal XDC constraints or non-optimal design architecture
Related violations: <none>

TIMING-16#574 Warning
Large setup violation  
There is a large setup violation of -1.806 ns between generation_reg[4]/C (clocked by service_clk) and coefficient_read_reg[109]/CE (clocked by service_clk). Large setup violations at the end of those stages might be difficult to fix during the post-placement implementation flow and could be the result of non-optimal XDC constraints or non-optimal design architecture
Related violations: <none>

TIMING-16#575 Warning
Large setup violation  
There is a large setup violation of -1.806 ns between generation_reg[4]/C (clocked by service_clk) and coefficient_read_reg[87]/CE (clocked by service_clk). Large setup violations at the end of those stages might be difficult to fix during the post-placement implementation flow and could be the result of non-optimal XDC constraints or non-optimal design architecture
Related violations: <none>

TIMING-16#576 Warning
Large setup violation  
There is a large setup violation of -1.806 ns between generation_reg[4]/C (clocked by service_clk) and coefficient_read_reg[91]/CE (clocked by service_clk). Large setup violations at the end of those stages might be difficult to fix during the post-placement implementation flow and could be the result of non-optimal XDC constraints or non-optimal design architecture
Related violations: <none>

TIMING-16#577 Warning
Large setup violation  
There is a large setup violation of -1.807 ns between generation_reg[4]/C (clocked by service_clk) and mac/acc_i_reg[3][12]/CE (clocked by service_clk). Large setup violations at the end of those stages might be difficult to fix during the post-placement implementation flow and could be the result of non-optimal XDC constraints or non-optimal design architecture
Related violations: <none>

TIMING-16#578 Warning
Large setup violation  
There is a large setup violation of -1.807 ns between generation_reg[4]/C (clocked by service_clk) and mac/acc_i_reg[3][13]/CE (clocked by service_clk). Large setup violations at the end of those stages might be difficult to fix during the post-placement implementation flow and could be the result of non-optimal XDC constraints or non-optimal design architecture
Related violations: <none>

TIMING-16#579 Warning
Large setup violation  
There is a large setup violation of -1.807 ns between generation_reg[4]/C (clocked by service_clk) and mac/acc_i_reg[3][14]/CE (clocked by service_clk). Large setup violations at the end of those stages might be difficult to fix during the post-placement implementation flow and could be the result of non-optimal XDC constraints or non-optimal design architecture
Related violations: <none>

TIMING-16#580 Warning
Large setup violation  
There is a large setup violation of -1.807 ns between generation_reg[4]/C (clocked by service_clk) and mac/acc_i_reg[3][15]/CE (clocked by service_clk). Large setup violations at the end of those stages might be difficult to fix during the post-placement implementation flow and could be the result of non-optimal XDC constraints or non-optimal design architecture
Related violations: <none>

TIMING-16#581 Warning
Large setup violation  
There is a large setup violation of -1.807 ns between generation_reg[4]/C (clocked by service_clk) and mac/acc_i_reg[3][16]/CE (clocked by service_clk). Large setup violations at the end of those stages might be difficult to fix during the post-placement implementation flow and could be the result of non-optimal XDC constraints or non-optimal design architecture
Related violations: <none>

TIMING-16#582 Warning
Large setup violation  
There is a large setup violation of -1.807 ns between generation_reg[4]/C (clocked by service_clk) and mac/acc_i_reg[3][17]/CE (clocked by service_clk). Large setup violations at the end of those stages might be difficult to fix during the post-placement implementation flow and could be the result of non-optimal XDC constraints or non-optimal design architecture
Related violations: <none>

TIMING-16#583 Warning
Large setup violation  
There is a large setup violation of -1.807 ns between generation_reg[4]/C (clocked by service_clk) and mac/acc_i_reg[3][18]/CE (clocked by service_clk). Large setup violations at the end of those stages might be difficult to fix during the post-placement implementation flow and could be the result of non-optimal XDC constraints or non-optimal design architecture
Related violations: <none>

TIMING-16#584 Warning
Large setup violation  
There is a large setup violation of -1.807 ns between generation_reg[4]/C (clocked by service_clk) and mac/acc_i_reg[3][19]/CE (clocked by service_clk). Large setup violations at the end of those stages might be difficult to fix during the post-placement implementation flow and could be the result of non-optimal XDC constraints or non-optimal design architecture
Related violations: <none>

TIMING-16#585 Warning
Large setup violation  
There is a large setup violation of -1.809 ns between generation_reg[4]/C (clocked by service_clk) and history[0].samples_reg/ADDRBWRADDR[7] (clocked by service_clk). Large setup violations at the end of those stages might be difficult to fix during the post-placement implementation flow and could be the result of non-optimal XDC constraints or non-optimal design architecture
Related violations: <none>

TIMING-16#586 Warning
Large setup violation  
There is a large setup violation of -1.809 ns between generation_reg[4]/C (clocked by service_clk) and history[5].samples_reg/ADDRBWRADDR[7] (clocked by service_clk). Large setup violations at the end of those stages might be difficult to fix during the post-placement implementation flow and could be the result of non-optimal XDC constraints or non-optimal design architecture
Related violations: <none>

TIMING-16#587 Warning
Large setup violation  
There is a large setup violation of -1.811 ns between generation_reg[4]/C (clocked by service_clk) and history[0].samples_reg/ADDRBWRADDR[11] (clocked by service_clk). Large setup violations at the end of those stages might be difficult to fix during the post-placement implementation flow and could be the result of non-optimal XDC constraints or non-optimal design architecture
Related violations: <none>

TIMING-16#588 Warning
Large setup violation  
There is a large setup violation of -1.811 ns between generation_reg[4]/C (clocked by service_clk) and history[5].samples_reg/ADDRBWRADDR[11] (clocked by service_clk). Large setup violations at the end of those stages might be difficult to fix during the post-placement implementation flow and could be the result of non-optimal XDC constraints or non-optimal design architecture
Related violations: <none>

TIMING-16#589 Warning
Large setup violation  
There is a large setup violation of -1.811 ns between mac/tap_first_reg__0_rep__1/C (clocked by service_clk) and mac/acc_i_reg[0][29]/D (clocked by service_clk). Large setup violations at the end of those stages might be difficult to fix during the post-placement implementation flow and could be the result of non-optimal XDC constraints or non-optimal design architecture
Related violations: <none>

TIMING-16#590 Warning
Large setup violation  
There is a large setup violation of -1.813 ns between generation_reg[4]/C (clocked by service_clk) and mac/acc_i_reg[0][32]/CE (clocked by service_clk). Large setup violations at the end of those stages might be difficult to fix during the post-placement implementation flow and could be the result of non-optimal XDC constraints or non-optimal design architecture
Related violations: <none>

TIMING-16#591 Warning
Large setup violation  
There is a large setup violation of -1.813 ns between generation_reg[4]/C (clocked by service_clk) and mac/acc_i_reg[0][33]/CE (clocked by service_clk). Large setup violations at the end of those stages might be difficult to fix during the post-placement implementation flow and could be the result of non-optimal XDC constraints or non-optimal design architecture
Related violations: <none>

TIMING-16#592 Warning
Large setup violation  
There is a large setup violation of -1.813 ns between generation_reg[4]/C (clocked by service_clk) and mac/acc_i_reg[0][34]/CE (clocked by service_clk). Large setup violations at the end of those stages might be difficult to fix during the post-placement implementation flow and could be the result of non-optimal XDC constraints or non-optimal design architecture
Related violations: <none>

TIMING-16#593 Warning
Large setup violation  
There is a large setup violation of -1.813 ns between generation_reg[4]/C (clocked by service_clk) and mac/acc_i_reg[0][35]/CE (clocked by service_clk). Large setup violations at the end of those stages might be difficult to fix during the post-placement implementation flow and could be the result of non-optimal XDC constraints or non-optimal design architecture
Related violations: <none>

TIMING-16#594 Warning
Large setup violation  
There is a large setup violation of -1.815 ns between generation_reg[4]/C (clocked by service_clk) and history[1].samples_reg/ADDRBWRADDR[11] (clocked by service_clk). Large setup violations at the end of those stages might be difficult to fix during the post-placement implementation flow and could be the result of non-optimal XDC constraints or non-optimal design architecture
Related violations: <none>

TIMING-16#595 Warning
Large setup violation  
There is a large setup violation of -1.815 ns between generation_reg[4]/C (clocked by service_clk) and history[4].samples_reg/ADDRBWRADDR[11] (clocked by service_clk). Large setup violations at the end of those stages might be difficult to fix during the post-placement implementation flow and could be the result of non-optimal XDC constraints or non-optimal design architecture
Related violations: <none>

TIMING-16#596 Warning
Large setup violation  
There is a large setup violation of -1.815 ns between mac/tap_first_reg__0/C (clocked by service_clk) and mac/acc_q_reg[1][29]/D (clocked by service_clk). Large setup violations at the end of those stages might be difficult to fix during the post-placement implementation flow and could be the result of non-optimal XDC constraints or non-optimal design architecture
Related violations: <none>

TIMING-16#597 Warning
Large setup violation  
There is a large setup violation of -1.817 ns between mac/tap_first_reg__0/C (clocked by service_clk) and mac/acc_q_reg[1][32]/D (clocked by service_clk). Large setup violations at the end of those stages might be difficult to fix during the post-placement implementation flow and could be the result of non-optimal XDC constraints or non-optimal design architecture
Related violations: <none>

TIMING-16#598 Warning
Large setup violation  
There is a large setup violation of -1.818 ns between generation_reg[4]/C (clocked by service_clk) and mac/acc_i_reg[4][4]/CE (clocked by service_clk). Large setup violations at the end of those stages might be difficult to fix during the post-placement implementation flow and could be the result of non-optimal XDC constraints or non-optimal design architecture
Related violations: <none>

TIMING-16#599 Warning
Large setup violation  
There is a large setup violation of -1.818 ns between generation_reg[4]/C (clocked by service_clk) and mac/acc_i_reg[4][5]/CE (clocked by service_clk). Large setup violations at the end of those stages might be difficult to fix during the post-placement implementation flow and could be the result of non-optimal XDC constraints or non-optimal design architecture
Related violations: <none>

TIMING-16#600 Warning
Large setup violation  
There is a large setup violation of -1.818 ns between generation_reg[4]/C (clocked by service_clk) and mac/acc_i_reg[4][6]/CE (clocked by service_clk). Large setup violations at the end of those stages might be difficult to fix during the post-placement implementation flow and could be the result of non-optimal XDC constraints or non-optimal design architecture
Related violations: <none>

TIMING-16#601 Warning
Large setup violation  
There is a large setup violation of -1.818 ns between generation_reg[4]/C (clocked by service_clk) and mac/acc_i_reg[4][7]/CE (clocked by service_clk). Large setup violations at the end of those stages might be difficult to fix during the post-placement implementation flow and could be the result of non-optimal XDC constraints or non-optimal design architecture
Related violations: <none>

TIMING-16#602 Warning
Large setup violation  
There is a large setup violation of -1.825 ns between generation_reg[4]/C (clocked by service_clk) and coefficient_read_reg[70]/CE (clocked by service_clk). Large setup violations at the end of those stages might be difficult to fix during the post-placement implementation flow and could be the result of non-optimal XDC constraints or non-optimal design architecture
Related violations: <none>

TIMING-16#603 Warning
Large setup violation  
There is a large setup violation of -1.825 ns between generation_reg[4]/C (clocked by service_clk) and coefficient_read_reg[73]/CE (clocked by service_clk). Large setup violations at the end of those stages might be difficult to fix during the post-placement implementation flow and could be the result of non-optimal XDC constraints or non-optimal design architecture
Related violations: <none>

TIMING-16#604 Warning
Large setup violation  
There is a large setup violation of -1.825 ns between generation_reg[4]/C (clocked by service_clk) and coefficient_read_reg[74]/CE (clocked by service_clk). Large setup violations at the end of those stages might be difficult to fix during the post-placement implementation flow and could be the result of non-optimal XDC constraints or non-optimal design architecture
Related violations: <none>

TIMING-16#605 Warning
Large setup violation  
There is a large setup violation of -1.825 ns between generation_reg[4]/C (clocked by service_clk) and coefficient_read_reg[78]/CE (clocked by service_clk). Large setup violations at the end of those stages might be difficult to fix during the post-placement implementation flow and could be the result of non-optimal XDC constraints or non-optimal design architecture
Related violations: <none>

TIMING-16#606 Warning
Large setup violation  
There is a large setup violation of -1.826 ns between mac/tap_first_reg__0_rep__1/C (clocked by service_clk) and mac/acc_i_reg[0][32]/D (clocked by service_clk). Large setup violations at the end of those stages might be difficult to fix during the post-placement implementation flow and could be the result of non-optimal XDC constraints or non-optimal design architecture
Related violations: <none>

TIMING-16#607 Warning
Large setup violation  
There is a large setup violation of -1.828 ns between generation_reg[4]/C (clocked by service_clk) and mac/acc_q_reg[0][16]/CE (clocked by service_clk). Large setup violations at the end of those stages might be difficult to fix during the post-placement implementation flow and could be the result of non-optimal XDC constraints or non-optimal design architecture
Related violations: <none>

TIMING-16#608 Warning
Large setup violation  
There is a large setup violation of -1.828 ns between generation_reg[4]/C (clocked by service_clk) and mac/acc_q_reg[0][17]/CE (clocked by service_clk). Large setup violations at the end of those stages might be difficult to fix during the post-placement implementation flow and could be the result of non-optimal XDC constraints or non-optimal design architecture
Related violations: <none>

TIMING-16#609 Warning
Large setup violation  
There is a large setup violation of -1.828 ns between generation_reg[4]/C (clocked by service_clk) and mac/acc_q_reg[0][18]/CE (clocked by service_clk). Large setup violations at the end of those stages might be difficult to fix during the post-placement implementation flow and could be the result of non-optimal XDC constraints or non-optimal design architecture
Related violations: <none>

TIMING-16#610 Warning
Large setup violation  
There is a large setup violation of -1.828 ns between generation_reg[4]/C (clocked by service_clk) and mac/acc_q_reg[0][19]/CE (clocked by service_clk). Large setup violations at the end of those stages might be difficult to fix during the post-placement implementation flow and could be the result of non-optimal XDC constraints or non-optimal design architecture
Related violations: <none>

TIMING-16#611 Warning
Large setup violation  
There is a large setup violation of -1.833 ns between mac/tap_first_reg__0/C (clocked by service_clk) and mac/acc_q_reg[1][34]/D (clocked by service_clk). Large setup violations at the end of those stages might be difficult to fix during the post-placement implementation flow and could be the result of non-optimal XDC constraints or non-optimal design architecture
Related violations: <none>

TIMING-16#612 Warning
Large setup violation  
There is a large setup violation of -1.846 ns between generation_reg[4]/C (clocked by service_clk) and mac/acc_q_reg[0][36]/CE (clocked by service_clk). Large setup violations at the end of those stages might be difficult to fix during the post-placement implementation flow and could be the result of non-optimal XDC constraints or non-optimal design architecture
Related violations: <none>

TIMING-16#613 Warning
Large setup violation  
There is a large setup violation of -1.846 ns between generation_reg[4]/C (clocked by service_clk) and mac/acc_q_reg[0][37]/CE (clocked by service_clk). Large setup violations at the end of those stages might be difficult to fix during the post-placement implementation flow and could be the result of non-optimal XDC constraints or non-optimal design architecture
Related violations: <none>

TIMING-16#614 Warning
Large setup violation  
There is a large setup violation of -1.846 ns between generation_reg[4]/C (clocked by service_clk) and mac/acc_q_reg[0][38]/CE (clocked by service_clk). Large setup violations at the end of those stages might be difficult to fix during the post-placement implementation flow and could be the result of non-optimal XDC constraints or non-optimal design architecture
Related violations: <none>

TIMING-16#615 Warning
Large setup violation  
There is a large setup violation of -1.846 ns between generation_reg[4]/C (clocked by service_clk) and mac/acc_q_reg[0][39]/CE (clocked by service_clk). Large setup violations at the end of those stages might be difficult to fix during the post-placement implementation flow and could be the result of non-optimal XDC constraints or non-optimal design architecture
Related violations: <none>

TIMING-16#616 Warning
Large setup violation  
There is a large setup violation of -1.846 ns between mac/tap_first_reg__0_rep__1/C (clocked by service_clk) and mac/acc_i_reg[0][34]/D (clocked by service_clk). Large setup violations at the end of those stages might be difficult to fix during the post-placement implementation flow and could be the result of non-optimal XDC constraints or non-optimal design architecture
Related violations: <none>

TIMING-16#617 Warning
Large setup violation  
There is a large setup violation of -1.849 ns between generation_reg[4]/C (clocked by service_clk) and mac/acc_q_reg[5][10]/CE (clocked by service_clk). Large setup violations at the end of those stages might be difficult to fix during the post-placement implementation flow and could be the result of non-optimal XDC constraints or non-optimal design architecture
Related violations: <none>

TIMING-16#618 Warning
Large setup violation  
There is a large setup violation of -1.849 ns between generation_reg[4]/C (clocked by service_clk) and mac/acc_q_reg[5][11]/CE (clocked by service_clk). Large setup violations at the end of those stages might be difficult to fix during the post-placement implementation flow and could be the result of non-optimal XDC constraints or non-optimal design architecture
Related violations: <none>

TIMING-16#619 Warning
Large setup violation  
There is a large setup violation of -1.852 ns between generation_reg[4]/C (clocked by service_clk) and coefficient_read_reg[115]/CE (clocked by service_clk). Large setup violations at the end of those stages might be difficult to fix during the post-placement implementation flow and could be the result of non-optimal XDC constraints or non-optimal design architecture
Related violations: <none>

TIMING-16#620 Warning
Large setup violation  
There is a large setup violation of -1.852 ns between generation_reg[4]/C (clocked by service_clk) and coefficient_read_reg[117]/CE (clocked by service_clk). Large setup violations at the end of those stages might be difficult to fix during the post-placement implementation flow and could be the result of non-optimal XDC constraints or non-optimal design architecture
Related violations: <none>

TIMING-16#621 Warning
Large setup violation  
There is a large setup violation of -1.852 ns between generation_reg[4]/C (clocked by service_clk) and coefficient_read_reg[120]/CE (clocked by service_clk). Large setup violations at the end of those stages might be difficult to fix during the post-placement implementation flow and could be the result of non-optimal XDC constraints or non-optimal design architecture
Related violations: <none>

TIMING-16#622 Warning
Large setup violation  
There is a large setup violation of -1.852 ns between generation_reg[4]/C (clocked by service_clk) and coefficient_read_reg[15]/CE (clocked by service_clk). Large setup violations at the end of those stages might be difficult to fix during the post-placement implementation flow and could be the result of non-optimal XDC constraints or non-optimal design architecture
Related violations: <none>

TIMING-16#623 Warning
Large setup violation  
There is a large setup violation of -1.857 ns between generation_reg[4]/C (clocked by service_clk) and config_rejected (clocked by service_clk). Large setup violations at the end of those stages might be difficult to fix during the post-placement implementation flow and could be the result of non-optimal XDC constraints or non-optimal design architecture
Related violations: <none>

TIMING-16#624 Warning
Large setup violation  
There is a large setup violation of -1.858 ns between generation_reg[4]/C (clocked by service_clk) and coefficient_read_reg[56]/CE (clocked by service_clk). Large setup violations at the end of those stages might be difficult to fix during the post-placement implementation flow and could be the result of non-optimal XDC constraints or non-optimal design architecture
Related violations: <none>

TIMING-16#625 Warning
Large setup violation  
There is a large setup violation of -1.858 ns between generation_reg[4]/C (clocked by service_clk) and coefficient_read_reg[59]/CE (clocked by service_clk). Large setup violations at the end of those stages might be difficult to fix during the post-placement implementation flow and could be the result of non-optimal XDC constraints or non-optimal design architecture
Related violations: <none>

TIMING-16#626 Warning
Large setup violation  
There is a large setup violation of -1.858 ns between generation_reg[4]/C (clocked by service_clk) and coefficient_read_reg[63]/CE (clocked by service_clk). Large setup violations at the end of those stages might be difficult to fix during the post-placement implementation flow and could be the result of non-optimal XDC constraints or non-optimal design architecture
Related violations: <none>

TIMING-16#627 Warning
Large setup violation  
There is a large setup violation of -1.858 ns between generation_reg[4]/C (clocked by service_clk) and coefficient_read_reg[79]/CE (clocked by service_clk). Large setup violations at the end of those stages might be difficult to fix during the post-placement implementation flow and could be the result of non-optimal XDC constraints or non-optimal design architecture
Related violations: <none>

TIMING-16#628 Warning
Large setup violation  
There is a large setup violation of -1.859 ns between mac/tap_first_reg__0_rep/C (clocked by service_clk) and mac/acc_q_reg[2][35]/D (clocked by service_clk). Large setup violations at the end of those stages might be difficult to fix during the post-placement implementation flow and could be the result of non-optimal XDC constraints or non-optimal design architecture
Related violations: <none>

TIMING-16#629 Warning
Large setup violation  
There is a large setup violation of -1.860 ns between generation_reg[4]/C (clocked by service_clk) and history[2].samples_reg/ADDRBWRADDR[5] (clocked by service_clk). Large setup violations at the end of those stages might be difficult to fix during the post-placement implementation flow and could be the result of non-optimal XDC constraints or non-optimal design architecture
Related violations: <none>

TIMING-16#630 Warning
Large setup violation  
There is a large setup violation of -1.860 ns between generation_reg[4]/C (clocked by service_clk) and history[3].samples_reg/ADDRBWRADDR[5] (clocked by service_clk). Large setup violations at the end of those stages might be difficult to fix during the post-placement implementation flow and could be the result of non-optimal XDC constraints or non-optimal design architecture
Related violations: <none>

TIMING-16#631 Warning
Large setup violation  
There is a large setup violation of -1.866 ns between generation_reg[4]/C (clocked by service_clk) and mac/acc_i_reg[3][20]/CE (clocked by service_clk). Large setup violations at the end of those stages might be difficult to fix during the post-placement implementation flow and could be the result of non-optimal XDC constraints or non-optimal design architecture
Related violations: <none>

TIMING-16#632 Warning
Large setup violation  
There is a large setup violation of -1.866 ns between generation_reg[4]/C (clocked by service_clk) and mac/acc_i_reg[3][21]/CE (clocked by service_clk). Large setup violations at the end of those stages might be difficult to fix during the post-placement implementation flow and could be the result of non-optimal XDC constraints or non-optimal design architecture
Related violations: <none>

TIMING-16#633 Warning
Large setup violation  
There is a large setup violation of -1.866 ns between generation_reg[4]/C (clocked by service_clk) and mac/acc_i_reg[3][22]/CE (clocked by service_clk). Large setup violations at the end of those stages might be difficult to fix during the post-placement implementation flow and could be the result of non-optimal XDC constraints or non-optimal design architecture
Related violations: <none>

TIMING-16#634 Warning
Large setup violation  
There is a large setup violation of -1.866 ns between generation_reg[4]/C (clocked by service_clk) and mac/acc_i_reg[3][23]/CE (clocked by service_clk). Large setup violations at the end of those stages might be difficult to fix during the post-placement implementation flow and could be the result of non-optimal XDC constraints or non-optimal design architecture
Related violations: <none>

TIMING-16#635 Warning
Large setup violation  
There is a large setup violation of -1.866 ns between generation_reg[4]/C (clocked by service_clk) and mac/acc_i_reg[3][24]/CE (clocked by service_clk). Large setup violations at the end of those stages might be difficult to fix during the post-placement implementation flow and could be the result of non-optimal XDC constraints or non-optimal design architecture
Related violations: <none>

TIMING-16#636 Warning
Large setup violation  
There is a large setup violation of -1.866 ns between generation_reg[4]/C (clocked by service_clk) and mac/acc_i_reg[3][25]/CE (clocked by service_clk). Large setup violations at the end of those stages might be difficult to fix during the post-placement implementation flow and could be the result of non-optimal XDC constraints or non-optimal design architecture
Related violations: <none>

TIMING-16#637 Warning
Large setup violation  
There is a large setup violation of -1.866 ns between generation_reg[4]/C (clocked by service_clk) and mac/acc_i_reg[3][26]/CE (clocked by service_clk). Large setup violations at the end of those stages might be difficult to fix during the post-placement implementation flow and could be the result of non-optimal XDC constraints or non-optimal design architecture
Related violations: <none>

TIMING-16#638 Warning
Large setup violation  
There is a large setup violation of -1.866 ns between generation_reg[4]/C (clocked by service_clk) and mac/acc_i_reg[3][27]/CE (clocked by service_clk). Large setup violations at the end of those stages might be difficult to fix during the post-placement implementation flow and could be the result of non-optimal XDC constraints or non-optimal design architecture
Related violations: <none>

TIMING-16#639 Warning
Large setup violation  
There is a large setup violation of -1.866 ns between generation_reg[4]/C (clocked by service_clk) and mac/acc_q_reg[0][32]/CE (clocked by service_clk). Large setup violations at the end of those stages might be difficult to fix during the post-placement implementation flow and could be the result of non-optimal XDC constraints or non-optimal design architecture
Related violations: <none>

TIMING-16#640 Warning
Large setup violation  
There is a large setup violation of -1.866 ns between generation_reg[4]/C (clocked by service_clk) and mac/acc_q_reg[0][33]/CE (clocked by service_clk). Large setup violations at the end of those stages might be difficult to fix during the post-placement implementation flow and could be the result of non-optimal XDC constraints or non-optimal design architecture
Related violations: <none>

TIMING-16#641 Warning
Large setup violation  
There is a large setup violation of -1.866 ns between generation_reg[4]/C (clocked by service_clk) and mac/acc_q_reg[0][34]/CE (clocked by service_clk). Large setup violations at the end of those stages might be difficult to fix during the post-placement implementation flow and could be the result of non-optimal XDC constraints or non-optimal design architecture
Related violations: <none>

TIMING-16#642 Warning
Large setup violation  
There is a large setup violation of -1.866 ns between generation_reg[4]/C (clocked by service_clk) and mac/acc_q_reg[0][35]/CE (clocked by service_clk). Large setup violations at the end of those stages might be difficult to fix during the post-placement implementation flow and could be the result of non-optimal XDC constraints or non-optimal design architecture
Related violations: <none>

TIMING-16#643 Warning
Large setup violation  
There is a large setup violation of -1.871 ns between generation_reg[4]/C (clocked by service_clk) and mac/acc_q_reg[1][4]/CE (clocked by service_clk). Large setup violations at the end of those stages might be difficult to fix during the post-placement implementation flow and could be the result of non-optimal XDC constraints or non-optimal design architecture
Related violations: <none>

TIMING-16#644 Warning
Large setup violation  
There is a large setup violation of -1.871 ns between generation_reg[4]/C (clocked by service_clk) and mac/acc_q_reg[1][5]/CE (clocked by service_clk). Large setup violations at the end of those stages might be difficult to fix during the post-placement implementation flow and could be the result of non-optimal XDC constraints or non-optimal design architecture
Related violations: <none>

TIMING-16#645 Warning
Large setup violation  
There is a large setup violation of -1.871 ns between generation_reg[4]/C (clocked by service_clk) and mac/acc_q_reg[1][6]/CE (clocked by service_clk). Large setup violations at the end of those stages might be difficult to fix during the post-placement implementation flow and could be the result of non-optimal XDC constraints or non-optimal design architecture
Related violations: <none>

TIMING-16#646 Warning
Large setup violation  
There is a large setup violation of -1.871 ns between generation_reg[4]/C (clocked by service_clk) and mac/acc_q_reg[1][7]/CE (clocked by service_clk). Large setup violations at the end of those stages might be difficult to fix during the post-placement implementation flow and could be the result of non-optimal XDC constraints or non-optimal design architecture
Related violations: <none>

TIMING-16#647 Warning
Large setup violation  
There is a large setup violation of -1.875 ns between generation_reg[4]/C (clocked by service_clk) and mac/acc_i_reg[4][16]/CE (clocked by service_clk). Large setup violations at the end of those stages might be difficult to fix during the post-placement implementation flow and could be the result of non-optimal XDC constraints or non-optimal design architecture
Related violations: <none>

TIMING-16#648 Warning
Large setup violation  
There is a large setup violation of -1.875 ns between generation_reg[4]/C (clocked by service_clk) and mac/acc_i_reg[4][17]/CE (clocked by service_clk). Large setup violations at the end of those stages might be difficult to fix during the post-placement implementation flow and could be the result of non-optimal XDC constraints or non-optimal design architecture
Related violations: <none>

TIMING-16#649 Warning
Large setup violation  
There is a large setup violation of -1.875 ns between generation_reg[4]/C (clocked by service_clk) and mac/acc_i_reg[4][18]/CE (clocked by service_clk). Large setup violations at the end of those stages might be difficult to fix during the post-placement implementation flow and could be the result of non-optimal XDC constraints or non-optimal design architecture
Related violations: <none>

TIMING-16#650 Warning
Large setup violation  
There is a large setup violation of -1.875 ns between generation_reg[4]/C (clocked by service_clk) and mac/acc_i_reg[4][19]/CE (clocked by service_clk). Large setup violations at the end of those stages might be difficult to fix during the post-placement implementation flow and could be the result of non-optimal XDC constraints or non-optimal design architecture
Related violations: <none>

TIMING-16#651 Warning
Large setup violation  
There is a large setup violation of -1.880 ns between mac/tap_first_reg__0_rep/C (clocked by service_clk) and mac/acc_q_reg[2][33]/D (clocked by service_clk). Large setup violations at the end of those stages might be difficult to fix during the post-placement implementation flow and could be the result of non-optimal XDC constraints or non-optimal design architecture
Related violations: <none>

TIMING-16#652 Warning
Large setup violation  
There is a large setup violation of -1.881 ns between generation_reg[4]/C (clocked by service_clk) and coefficient_read_reg[101]/CE (clocked by service_clk). Large setup violations at the end of those stages might be difficult to fix during the post-placement implementation flow and could be the result of non-optimal XDC constraints or non-optimal design architecture
Related violations: <none>

TIMING-16#653 Warning
Large setup violation  
There is a large setup violation of -1.881 ns between generation_reg[4]/C (clocked by service_clk) and coefficient_read_reg[158]/CE (clocked by service_clk). Large setup violations at the end of those stages might be difficult to fix during the post-placement implementation flow and could be the result of non-optimal XDC constraints or non-optimal design architecture
Related violations: <none>

TIMING-16#654 Warning
Large setup violation  
There is a large setup violation of -1.881 ns between generation_reg[4]/C (clocked by service_clk) and coefficient_read_reg[46]/CE (clocked by service_clk). Large setup violations at the end of those stages might be difficult to fix during the post-placement implementation flow and could be the result of non-optimal XDC constraints or non-optimal design architecture
Related violations: <none>

TIMING-16#655 Warning
Large setup violation  
There is a large setup violation of -1.881 ns between generation_reg[4]/C (clocked by service_clk) and coefficient_read_reg[99]/CE (clocked by service_clk). Large setup violations at the end of those stages might be difficult to fix during the post-placement implementation flow and could be the result of non-optimal XDC constraints or non-optimal design architecture
Related violations: <none>

TIMING-16#656 Warning
Large setup violation  
There is a large setup violation of -1.881 ns between generation_reg[4]/C (clocked by service_clk) and mac/acc_q_reg[4][0]/CE (clocked by service_clk). Large setup violations at the end of those stages might be difficult to fix during the post-placement implementation flow and could be the result of non-optimal XDC constraints or non-optimal design architecture
Related violations: <none>

TIMING-16#657 Warning
Large setup violation  
There is a large setup violation of -1.881 ns between generation_reg[4]/C (clocked by service_clk) and mac/acc_q_reg[4][1]/CE (clocked by service_clk). Large setup violations at the end of those stages might be difficult to fix during the post-placement implementation flow and could be the result of non-optimal XDC constraints or non-optimal design architecture
Related violations: <none>

TIMING-16#658 Warning
Large setup violation  
There is a large setup violation of -1.881 ns between generation_reg[4]/C (clocked by service_clk) and mac/acc_q_reg[4][2]/CE (clocked by service_clk). Large setup violations at the end of those stages might be difficult to fix during the post-placement implementation flow and could be the result of non-optimal XDC constraints or non-optimal design architecture
Related violations: <none>

TIMING-16#659 Warning
Large setup violation  
There is a large setup violation of -1.881 ns between generation_reg[4]/C (clocked by service_clk) and mac/acc_q_reg[4][3]/CE (clocked by service_clk). Large setup violations at the end of those stages might be difficult to fix during the post-placement implementation flow and could be the result of non-optimal XDC constraints or non-optimal design architecture
Related violations: <none>

TIMING-16#660 Warning
Large setup violation  
There is a large setup violation of -1.882 ns between generation_reg[4]/C (clocked by service_clk) and mac/acc_i_reg[5][0]/CE (clocked by service_clk). Large setup violations at the end of those stages might be difficult to fix during the post-placement implementation flow and could be the result of non-optimal XDC constraints or non-optimal design architecture
Related violations: <none>

TIMING-16#661 Warning
Large setup violation  
There is a large setup violation of -1.882 ns between generation_reg[4]/C (clocked by service_clk) and mac/acc_i_reg[5][1]/CE (clocked by service_clk). Large setup violations at the end of those stages might be difficult to fix during the post-placement implementation flow and could be the result of non-optimal XDC constraints or non-optimal design architecture
Related violations: <none>

TIMING-16#662 Warning
Large setup violation  
There is a large setup violation of -1.882 ns between generation_reg[4]/C (clocked by service_clk) and mac/acc_i_reg[5][2]/CE (clocked by service_clk). Large setup violations at the end of those stages might be difficult to fix during the post-placement implementation flow and could be the result of non-optimal XDC constraints or non-optimal design architecture
Related violations: <none>

TIMING-16#663 Warning
Large setup violation  
There is a large setup violation of -1.882 ns between generation_reg[4]/C (clocked by service_clk) and mac/acc_i_reg[5][3]/CE (clocked by service_clk). Large setup violations at the end of those stages might be difficult to fix during the post-placement implementation flow and could be the result of non-optimal XDC constraints or non-optimal design architecture
Related violations: <none>

TIMING-16#664 Warning
Large setup violation  
There is a large setup violation of -1.884 ns between generation_reg[4]/C (clocked by service_clk) and mac/acc_i_reg[3][28]/CE (clocked by service_clk). Large setup violations at the end of those stages might be difficult to fix during the post-placement implementation flow and could be the result of non-optimal XDC constraints or non-optimal design architecture
Related violations: <none>

TIMING-16#665 Warning
Large setup violation  
There is a large setup violation of -1.884 ns between generation_reg[4]/C (clocked by service_clk) and mac/acc_i_reg[3][29]/CE (clocked by service_clk). Large setup violations at the end of those stages might be difficult to fix during the post-placement implementation flow and could be the result of non-optimal XDC constraints or non-optimal design architecture
Related violations: <none>

TIMING-16#666 Warning
Large setup violation  
There is a large setup violation of -1.884 ns between generation_reg[4]/C (clocked by service_clk) and mac/acc_i_reg[3][30]/CE (clocked by service_clk). Large setup violations at the end of those stages might be difficult to fix during the post-placement implementation flow and could be the result of non-optimal XDC constraints or non-optimal design architecture
Related violations: <none>

TIMING-16#667 Warning
Large setup violation  
There is a large setup violation of -1.884 ns between generation_reg[4]/C (clocked by service_clk) and mac/acc_i_reg[3][31]/CE (clocked by service_clk). Large setup violations at the end of those stages might be difficult to fix during the post-placement implementation flow and could be the result of non-optimal XDC constraints or non-optimal design architecture
Related violations: <none>

TIMING-16#668 Warning
Large setup violation  
There is a large setup violation of -1.884 ns between mac/tap_first_reg__0_rep/C (clocked by service_clk) and mac/acc_q_reg[2][36]/D (clocked by service_clk). Large setup violations at the end of those stages might be difficult to fix during the post-placement implementation flow and could be the result of non-optimal XDC constraints or non-optimal design architecture
Related violations: <none>

TIMING-16#669 Warning
Large setup violation  
There is a large setup violation of -1.892 ns between generation_reg[4]/C (clocked by service_clk) and coefficient_read_reg[128]/CE (clocked by service_clk). Large setup violations at the end of those stages might be difficult to fix during the post-placement implementation flow and could be the result of non-optimal XDC constraints or non-optimal design architecture
Related violations: <none>

TIMING-16#670 Warning
Large setup violation  
There is a large setup violation of -1.892 ns between generation_reg[4]/C (clocked by service_clk) and coefficient_read_reg[167]/CE (clocked by service_clk). Large setup violations at the end of those stages might be difficult to fix during the post-placement implementation flow and could be the result of non-optimal XDC constraints or non-optimal design architecture
Related violations: <none>

TIMING-16#671 Warning
Large setup violation  
There is a large setup violation of -1.892 ns between generation_reg[4]/C (clocked by service_clk) and coefficient_read_reg[50]/CE (clocked by service_clk). Large setup violations at the end of those stages might be difficult to fix during the post-placement implementation flow and could be the result of non-optimal XDC constraints or non-optimal design architecture
Related violations: <none>

TIMING-16#672 Warning
Large setup violation  
There is a large setup violation of -1.892 ns between generation_reg[4]/C (clocked by service_clk) and coefficient_read_reg[67]/CE (clocked by service_clk). Large setup violations at the end of those stages might be difficult to fix during the post-placement implementation flow and could be the result of non-optimal XDC constraints or non-optimal design architecture
Related violations: <none>

TIMING-16#673 Warning
Large setup violation  
There is a large setup violation of -1.892 ns between generation_reg[4]/C (clocked by service_clk) and mac/acc_q_reg[4][4]/CE (clocked by service_clk). Large setup violations at the end of those stages might be difficult to fix during the post-placement implementation flow and could be the result of non-optimal XDC constraints or non-optimal design architecture
Related violations: <none>

TIMING-16#674 Warning
Large setup violation  
There is a large setup violation of -1.892 ns between generation_reg[4]/C (clocked by service_clk) and mac/acc_q_reg[4][5]/CE (clocked by service_clk). Large setup violations at the end of those stages might be difficult to fix during the post-placement implementation flow and could be the result of non-optimal XDC constraints or non-optimal design architecture
Related violations: <none>

TIMING-16#675 Warning
Large setup violation  
There is a large setup violation of -1.892 ns between generation_reg[4]/C (clocked by service_clk) and mac/acc_q_reg[4][6]/CE (clocked by service_clk). Large setup violations at the end of those stages might be difficult to fix during the post-placement implementation flow and could be the result of non-optimal XDC constraints or non-optimal design architecture
Related violations: <none>

TIMING-16#676 Warning
Large setup violation  
There is a large setup violation of -1.892 ns between generation_reg[4]/C (clocked by service_clk) and mac/acc_q_reg[4][7]/CE (clocked by service_clk). Large setup violations at the end of those stages might be difficult to fix during the post-placement implementation flow and could be the result of non-optimal XDC constraints or non-optimal design architecture
Related violations: <none>

TIMING-16#677 Warning
Large setup violation  
There is a large setup violation of -1.895 ns between generation_reg[4]/C (clocked by service_clk) and history[2].samples_reg/ADDRBWRADDR[9] (clocked by service_clk). Large setup violations at the end of those stages might be difficult to fix during the post-placement implementation flow and could be the result of non-optimal XDC constraints or non-optimal design architecture
Related violations: <none>

TIMING-16#678 Warning
Large setup violation  
There is a large setup violation of -1.895 ns between generation_reg[4]/C (clocked by service_clk) and history[3].samples_reg/ADDRBWRADDR[9] (clocked by service_clk). Large setup violations at the end of those stages might be difficult to fix during the post-placement implementation flow and could be the result of non-optimal XDC constraints or non-optimal design architecture
Related violations: <none>

TIMING-16#679 Warning
Large setup violation  
There is a large setup violation of -1.896 ns between generation_reg[4]/C (clocked by service_clk) and mac/acc_i_reg[3][32]/CE (clocked by service_clk). Large setup violations at the end of those stages might be difficult to fix during the post-placement implementation flow and could be the result of non-optimal XDC constraints or non-optimal design architecture
Related violations: <none>

TIMING-16#680 Warning
Large setup violation  
There is a large setup violation of -1.896 ns between generation_reg[4]/C (clocked by service_clk) and mac/acc_i_reg[3][33]/CE (clocked by service_clk). Large setup violations at the end of those stages might be difficult to fix during the post-placement implementation flow and could be the result of non-optimal XDC constraints or non-optimal design architecture
Related violations: <none>

TIMING-16#681 Warning
Large setup violation  
There is a large setup violation of -1.896 ns between generation_reg[4]/C (clocked by service_clk) and mac/acc_i_reg[3][34]/CE (clocked by service_clk). Large setup violations at the end of those stages might be difficult to fix during the post-placement implementation flow and could be the result of non-optimal XDC constraints or non-optimal design architecture
Related violations: <none>

TIMING-16#682 Warning
Large setup violation  
There is a large setup violation of -1.896 ns between generation_reg[4]/C (clocked by service_clk) and mac/acc_i_reg[3][35]/CE (clocked by service_clk). Large setup violations at the end of those stages might be difficult to fix during the post-placement implementation flow and could be the result of non-optimal XDC constraints or non-optimal design architecture
Related violations: <none>

TIMING-16#683 Warning
Large setup violation  
There is a large setup violation of -1.897 ns between generation_reg[4]/C (clocked by service_clk) and mac/acc_i_reg[5][4]/CE (clocked by service_clk). Large setup violations at the end of those stages might be difficult to fix during the post-placement implementation flow and could be the result of non-optimal XDC constraints or non-optimal design architecture
Related violations: <none>

TIMING-16#684 Warning
Large setup violation  
There is a large setup violation of -1.897 ns between generation_reg[4]/C (clocked by service_clk) and mac/acc_i_reg[5][5]/CE (clocked by service_clk). Large setup violations at the end of those stages might be difficult to fix during the post-placement implementation flow and could be the result of non-optimal XDC constraints or non-optimal design architecture
Related violations: <none>

TIMING-16#685 Warning
Large setup violation  
There is a large setup violation of -1.897 ns between generation_reg[4]/C (clocked by service_clk) and mac/acc_i_reg[5][6]/CE (clocked by service_clk). Large setup violations at the end of those stages might be difficult to fix during the post-placement implementation flow and could be the result of non-optimal XDC constraints or non-optimal design architecture
Related violations: <none>

TIMING-16#686 Warning
Large setup violation  
There is a large setup violation of -1.897 ns between generation_reg[4]/C (clocked by service_clk) and mac/acc_i_reg[5][7]/CE (clocked by service_clk). Large setup violations at the end of those stages might be difficult to fix during the post-placement implementation flow and could be the result of non-optimal XDC constraints or non-optimal design architecture
Related violations: <none>

TIMING-16#687 Warning
Large setup violation  
There is a large setup violation of -1.898 ns between generation_reg[4]/C (clocked by service_clk) and mac/acc_q_reg[1][16]/CE (clocked by service_clk). Large setup violations at the end of those stages might be difficult to fix during the post-placement implementation flow and could be the result of non-optimal XDC constraints or non-optimal design architecture
Related violations: <none>

TIMING-16#688 Warning
Large setup violation  
There is a large setup violation of -1.898 ns between generation_reg[4]/C (clocked by service_clk) and mac/acc_q_reg[1][17]/CE (clocked by service_clk). Large setup violations at the end of those stages might be difficult to fix during the post-placement implementation flow and could be the result of non-optimal XDC constraints or non-optimal design architecture
Related violations: <none>

TIMING-16#689 Warning
Large setup violation  
There is a large setup violation of -1.898 ns between generation_reg[4]/C (clocked by service_clk) and mac/acc_q_reg[1][18]/CE (clocked by service_clk). Large setup violations at the end of those stages might be difficult to fix during the post-placement implementation flow and could be the result of non-optimal XDC constraints or non-optimal design architecture
Related violations: <none>

TIMING-16#690 Warning
Large setup violation  
There is a large setup violation of -1.898 ns between generation_reg[4]/C (clocked by service_clk) and mac/acc_q_reg[1][19]/CE (clocked by service_clk). Large setup violations at the end of those stages might be difficult to fix during the post-placement implementation flow and could be the result of non-optimal XDC constraints or non-optimal design architecture
Related violations: <none>

TIMING-16#691 Warning
Large setup violation  
There is a large setup violation of -1.899 ns between generation_reg[4]/C (clocked by service_clk) and mac/acc_i_reg[4][24]/CE (clocked by service_clk). Large setup violations at the end of those stages might be difficult to fix during the post-placement implementation flow and could be the result of non-optimal XDC constraints or non-optimal design architecture
Related violations: <none>

TIMING-16#692 Warning
Large setup violation  
There is a large setup violation of -1.899 ns between generation_reg[4]/C (clocked by service_clk) and mac/acc_i_reg[4][25]/CE (clocked by service_clk). Large setup violations at the end of those stages might be difficult to fix during the post-placement implementation flow and could be the result of non-optimal XDC constraints or non-optimal design architecture
Related violations: <none>

TIMING-16#693 Warning
Large setup violation  
There is a large setup violation of -1.899 ns between generation_reg[4]/C (clocked by service_clk) and mac/acc_i_reg[4][26]/CE (clocked by service_clk). Large setup violations at the end of those stages might be difficult to fix during the post-placement implementation flow and could be the result of non-optimal XDC constraints or non-optimal design architecture
Related violations: <none>

TIMING-16#694 Warning
Large setup violation  
There is a large setup violation of -1.899 ns between generation_reg[4]/C (clocked by service_clk) and mac/acc_i_reg[4][27]/CE (clocked by service_clk). Large setup violations at the end of those stages might be difficult to fix during the post-placement implementation flow and could be the result of non-optimal XDC constraints or non-optimal design architecture
Related violations: <none>

TIMING-16#695 Warning
Large setup violation  
There is a large setup violation of -1.900 ns between generation_reg[4]/C (clocked by service_clk) and mac/acc_i_reg[4][12]/CE (clocked by service_clk). Large setup violations at the end of those stages might be difficult to fix during the post-placement implementation flow and could be the result of non-optimal XDC constraints or non-optimal design architecture
Related violations: <none>

TIMING-16#696 Warning
Large setup violation  
There is a large setup violation of -1.900 ns between generation_reg[4]/C (clocked by service_clk) and mac/acc_i_reg[4][13]/CE (clocked by service_clk). Large setup violations at the end of those stages might be difficult to fix during the post-placement implementation flow and could be the result of non-optimal XDC constraints or non-optimal design architecture
Related violations: <none>

TIMING-16#697 Warning
Large setup violation  
There is a large setup violation of -1.900 ns between generation_reg[4]/C (clocked by service_clk) and mac/acc_i_reg[4][14]/CE (clocked by service_clk). Large setup violations at the end of those stages might be difficult to fix during the post-placement implementation flow and could be the result of non-optimal XDC constraints or non-optimal design architecture
Related violations: <none>

TIMING-16#698 Warning
Large setup violation  
There is a large setup violation of -1.900 ns between generation_reg[4]/C (clocked by service_clk) and mac/acc_i_reg[4][15]/CE (clocked by service_clk). Large setup violations at the end of those stages might be difficult to fix during the post-placement implementation flow and could be the result of non-optimal XDC constraints or non-optimal design architecture
Related violations: <none>

TIMING-16#699 Warning
Large setup violation  
There is a large setup violation of -1.900 ns between mac/tap_first_reg__0_rep/C (clocked by service_clk) and mac/acc_q_reg[2][38]/D (clocked by service_clk). Large setup violations at the end of those stages might be difficult to fix during the post-placement implementation flow and could be the result of non-optimal XDC constraints or non-optimal design architecture
Related violations: <none>

TIMING-16#700 Warning
Large setup violation  
There is a large setup violation of -1.901 ns between generation_reg[4]/C (clocked by service_clk) and mac/acc_i_reg[4][28]/CE (clocked by service_clk). Large setup violations at the end of those stages might be difficult to fix during the post-placement implementation flow and could be the result of non-optimal XDC constraints or non-optimal design architecture
Related violations: <none>

TIMING-16#701 Warning
Large setup violation  
There is a large setup violation of -1.901 ns between generation_reg[4]/C (clocked by service_clk) and mac/acc_i_reg[4][29]/CE (clocked by service_clk). Large setup violations at the end of those stages might be difficult to fix during the post-placement implementation flow and could be the result of non-optimal XDC constraints or non-optimal design architecture
Related violations: <none>

TIMING-16#702 Warning
Large setup violation  
There is a large setup violation of -1.901 ns between generation_reg[4]/C (clocked by service_clk) and mac/acc_i_reg[4][30]/CE (clocked by service_clk). Large setup violations at the end of those stages might be difficult to fix during the post-placement implementation flow and could be the result of non-optimal XDC constraints or non-optimal design architecture
Related violations: <none>

TIMING-16#703 Warning
Large setup violation  
There is a large setup violation of -1.901 ns between generation_reg[4]/C (clocked by service_clk) and mac/acc_i_reg[4][31]/CE (clocked by service_clk). Large setup violations at the end of those stages might be difficult to fix during the post-placement implementation flow and could be the result of non-optimal XDC constraints or non-optimal design architecture
Related violations: <none>

TIMING-16#704 Warning
Large setup violation  
There is a large setup violation of -1.901 ns between generation_reg[4]/C (clocked by service_clk) and mac/acc_q_reg[1][10]/CE (clocked by service_clk). Large setup violations at the end of those stages might be difficult to fix during the post-placement implementation flow and could be the result of non-optimal XDC constraints or non-optimal design architecture
Related violations: <none>

TIMING-16#705 Warning
Large setup violation  
There is a large setup violation of -1.901 ns between generation_reg[4]/C (clocked by service_clk) and mac/acc_q_reg[1][11]/CE (clocked by service_clk). Large setup violations at the end of those stages might be difficult to fix during the post-placement implementation flow and could be the result of non-optimal XDC constraints or non-optimal design architecture
Related violations: <none>

TIMING-16#706 Warning
Large setup violation  
There is a large setup violation of -1.901 ns between generation_reg[4]/C (clocked by service_clk) and mac/acc_q_reg[1][8]/CE (clocked by service_clk). Large setup violations at the end of those stages might be difficult to fix during the post-placement implementation flow and could be the result of non-optimal XDC constraints or non-optimal design architecture
Related violations: <none>

TIMING-16#707 Warning
Large setup violation  
There is a large setup violation of -1.901 ns between generation_reg[4]/C (clocked by service_clk) and mac/acc_q_reg[1][9]/CE (clocked by service_clk). Large setup violations at the end of those stages might be difficult to fix during the post-placement implementation flow and could be the result of non-optimal XDC constraints or non-optimal design architecture
Related violations: <none>

TIMING-16#708 Warning
Large setup violation  
There is a large setup violation of -1.904 ns between generation_reg[4]/C (clocked by service_clk) and mac/acc_q_reg[4][12]/CE (clocked by service_clk). Large setup violations at the end of those stages might be difficult to fix during the post-placement implementation flow and could be the result of non-optimal XDC constraints or non-optimal design architecture
Related violations: <none>

TIMING-16#709 Warning
Large setup violation  
There is a large setup violation of -1.904 ns between generation_reg[4]/C (clocked by service_clk) and mac/acc_q_reg[4][13]/CE (clocked by service_clk). Large setup violations at the end of those stages might be difficult to fix during the post-placement implementation flow and could be the result of non-optimal XDC constraints or non-optimal design architecture
Related violations: <none>

TIMING-16#710 Warning
Large setup violation  
There is a large setup violation of -1.904 ns between generation_reg[4]/C (clocked by service_clk) and mac/acc_q_reg[4][14]/CE (clocked by service_clk). Large setup violations at the end of those stages might be difficult to fix during the post-placement implementation flow and could be the result of non-optimal XDC constraints or non-optimal design architecture
Related violations: <none>

TIMING-16#711 Warning
Large setup violation  
There is a large setup violation of -1.904 ns between generation_reg[4]/C (clocked by service_clk) and mac/acc_q_reg[4][15]/CE (clocked by service_clk). Large setup violations at the end of those stages might be difficult to fix during the post-placement implementation flow and could be the result of non-optimal XDC constraints or non-optimal design architecture
Related violations: <none>

TIMING-16#712 Warning
Large setup violation  
There is a large setup violation of -1.907 ns between mac/tap_first_reg__0/C (clocked by service_clk) and mac/acc_q_reg[1][35]/D (clocked by service_clk). Large setup violations at the end of those stages might be difficult to fix during the post-placement implementation flow and could be the result of non-optimal XDC constraints or non-optimal design architecture
Related violations: <none>

TIMING-16#713 Warning
Large setup violation  
There is a large setup violation of -1.910 ns between generation_reg[4]/C (clocked by service_clk) and mac/acc_i_reg[5][10]/CE (clocked by service_clk). Large setup violations at the end of those stages might be difficult to fix during the post-placement implementation flow and could be the result of non-optimal XDC constraints or non-optimal design architecture
Related violations: <none>

TIMING-16#714 Warning
Large setup violation  
There is a large setup violation of -1.910 ns between generation_reg[4]/C (clocked by service_clk) and mac/acc_i_reg[5][11]/CE (clocked by service_clk). Large setup violations at the end of those stages might be difficult to fix during the post-placement implementation flow and could be the result of non-optimal XDC constraints or non-optimal design architecture
Related violations: <none>

TIMING-16#715 Warning
Large setup violation  
There is a large setup violation of -1.910 ns between generation_reg[4]/C (clocked by service_clk) and mac/acc_i_reg[5][8]/CE (clocked by service_clk). Large setup violations at the end of those stages might be difficult to fix during the post-placement implementation flow and could be the result of non-optimal XDC constraints or non-optimal design architecture
Related violations: <none>

TIMING-16#716 Warning
Large setup violation  
There is a large setup violation of -1.910 ns between generation_reg[4]/C (clocked by service_clk) and mac/acc_i_reg[5][9]/CE (clocked by service_clk). Large setup violations at the end of those stages might be difficult to fix during the post-placement implementation flow and could be the result of non-optimal XDC constraints or non-optimal design architecture
Related violations: <none>

TIMING-16#717 Warning
Large setup violation  
There is a large setup violation of -1.913 ns between generation_reg[4]/C (clocked by service_clk) and mac/acc_i_reg[4][32]/CE (clocked by service_clk). Large setup violations at the end of those stages might be difficult to fix during the post-placement implementation flow and could be the result of non-optimal XDC constraints or non-optimal design architecture
Related violations: <none>

TIMING-16#718 Warning
Large setup violation  
There is a large setup violation of -1.913 ns between generation_reg[4]/C (clocked by service_clk) and mac/acc_i_reg[4][33]/CE (clocked by service_clk). Large setup violations at the end of those stages might be difficult to fix during the post-placement implementation flow and could be the result of non-optimal XDC constraints or non-optimal design architecture
Related violations: <none>

TIMING-16#719 Warning
Large setup violation  
There is a large setup violation of -1.913 ns between generation_reg[4]/C (clocked by service_clk) and mac/acc_i_reg[4][34]/CE (clocked by service_clk). Large setup violations at the end of those stages might be difficult to fix during the post-placement implementation flow and could be the result of non-optimal XDC constraints or non-optimal design architecture
Related violations: <none>

TIMING-16#720 Warning
Large setup violation  
There is a large setup violation of -1.913 ns between generation_reg[4]/C (clocked by service_clk) and mac/acc_i_reg[4][35]/CE (clocked by service_clk). Large setup violations at the end of those stages might be difficult to fix during the post-placement implementation flow and could be the result of non-optimal XDC constraints or non-optimal design architecture
Related violations: <none>

TIMING-16#721 Warning
Large setup violation  
There is a large setup violation of -1.920 ns between generation_reg[4]/C (clocked by service_clk) and coefficient_read_reg[121]/CE (clocked by service_clk). Large setup violations at the end of those stages might be difficult to fix during the post-placement implementation flow and could be the result of non-optimal XDC constraints or non-optimal design architecture
Related violations: <none>

TIMING-16#722 Warning
Large setup violation  
There is a large setup violation of -1.920 ns between generation_reg[4]/C (clocked by service_clk) and coefficient_read_reg[122]/CE (clocked by service_clk). Large setup violations at the end of those stages might be difficult to fix during the post-placement implementation flow and could be the result of non-optimal XDC constraints or non-optimal design architecture
Related violations: <none>

TIMING-16#723 Warning
Large setup violation  
There is a large setup violation of -1.921 ns between generation_reg[4]/C (clocked by service_clk) and coefficient_read_reg[90]/CE (clocked by service_clk). Large setup violations at the end of those stages might be difficult to fix during the post-placement implementation flow and could be the result of non-optimal XDC constraints or non-optimal design architecture
Related violations: <none>

TIMING-16#724 Warning
Large setup violation  
There is a large setup violation of -1.921 ns between generation_reg[4]/C (clocked by service_clk) and coefficient_read_reg[92]/CE (clocked by service_clk). Large setup violations at the end of those stages might be difficult to fix during the post-placement implementation flow and could be the result of non-optimal XDC constraints or non-optimal design architecture
Related violations: <none>

TIMING-16#725 Warning
Large setup violation  
There is a large setup violation of -1.922 ns between mac/tap_first_reg__0_rep__1/C (clocked by service_clk) and mac/acc_i_reg[0][35]/D (clocked by service_clk). Large setup violations at the end of those stages might be difficult to fix during the post-placement implementation flow and could be the result of non-optimal XDC constraints or non-optimal design architecture
Related violations: <none>

TIMING-16#726 Warning
Large setup violation  
There is a large setup violation of -1.928 ns between mac/tap_first_reg__0/C (clocked by service_clk) and mac/acc_q_reg[1][33]/D (clocked by service_clk). Large setup violations at the end of those stages might be difficult to fix during the post-placement implementation flow and could be the result of non-optimal XDC constraints or non-optimal design architecture
Related violations: <none>

TIMING-16#727 Warning
Large setup violation  
There is a large setup violation of -1.929 ns between mac/tap_first_reg__0/C (clocked by service_clk) and mac/acc_q_reg[1][36]/D (clocked by service_clk). Large setup violations at the end of those stages might be difficult to fix during the post-placement implementation flow and could be the result of non-optimal XDC constraints or non-optimal design architecture
Related violations: <none>

TIMING-16#728 Warning
Large setup violation  
There is a large setup violation of -1.930 ns between generation_reg[4]/C (clocked by service_clk) and mac/acc_q_reg[4][20]/CE (clocked by service_clk). Large setup violations at the end of those stages might be difficult to fix during the post-placement implementation flow and could be the result of non-optimal XDC constraints or non-optimal design architecture
Related violations: <none>

TIMING-16#729 Warning
Large setup violation  
There is a large setup violation of -1.930 ns between generation_reg[4]/C (clocked by service_clk) and mac/acc_q_reg[4][21]/CE (clocked by service_clk). Large setup violations at the end of those stages might be difficult to fix during the post-placement implementation flow and could be the result of non-optimal XDC constraints or non-optimal design architecture
Related violations: <none>

TIMING-16#730 Warning
Large setup violation  
There is a large setup violation of -1.930 ns between generation_reg[4]/C (clocked by service_clk) and mac/acc_q_reg[4][22]/CE (clocked by service_clk). Large setup violations at the end of those stages might be difficult to fix during the post-placement implementation flow and could be the result of non-optimal XDC constraints or non-optimal design architecture
Related violations: <none>

TIMING-16#731 Warning
Large setup violation  
There is a large setup violation of -1.930 ns between generation_reg[4]/C (clocked by service_clk) and mac/acc_q_reg[4][23]/CE (clocked by service_clk). Large setup violations at the end of those stages might be difficult to fix during the post-placement implementation flow and could be the result of non-optimal XDC constraints or non-optimal design architecture
Related violations: <none>

TIMING-16#732 Warning
Large setup violation  
There is a large setup violation of -1.930 ns between mac/tap_first_reg__0_rep__1/C (clocked by service_clk) and mac/acc_i_reg[0][33]/D (clocked by service_clk). Large setup violations at the end of those stages might be difficult to fix during the post-placement implementation flow and could be the result of non-optimal XDC constraints or non-optimal design architecture
Related violations: <none>

TIMING-16#733 Warning
Large setup violation  
There is a large setup violation of -1.931 ns between generation_reg[4]/C (clocked by service_clk) and mac/acc_i_reg[4][20]/CE (clocked by service_clk). Large setup violations at the end of those stages might be difficult to fix during the post-placement implementation flow and could be the result of non-optimal XDC constraints or non-optimal design architecture
Related violations: <none>

TIMING-16#734 Warning
Large setup violation  
There is a large setup violation of -1.931 ns between generation_reg[4]/C (clocked by service_clk) and mac/acc_i_reg[4][21]/CE (clocked by service_clk). Large setup violations at the end of those stages might be difficult to fix during the post-placement implementation flow and could be the result of non-optimal XDC constraints or non-optimal design architecture
Related violations: <none>

TIMING-16#735 Warning
Large setup violation  
There is a large setup violation of -1.931 ns between generation_reg[4]/C (clocked by service_clk) and mac/acc_i_reg[4][22]/CE (clocked by service_clk). Large setup violations at the end of those stages might be difficult to fix during the post-placement implementation flow and could be the result of non-optimal XDC constraints or non-optimal design architecture
Related violations: <none>

TIMING-16#736 Warning
Large setup violation  
There is a large setup violation of -1.931 ns between generation_reg[4]/C (clocked by service_clk) and mac/acc_i_reg[4][23]/CE (clocked by service_clk). Large setup violations at the end of those stages might be difficult to fix during the post-placement implementation flow and could be the result of non-optimal XDC constraints or non-optimal design architecture
Related violations: <none>

TIMING-16#737 Warning
Large setup violation  
There is a large setup violation of -1.934 ns between generation_reg[4]/C (clocked by service_clk) and coefficient_read_reg[32]/CE (clocked by service_clk). Large setup violations at the end of those stages might be difficult to fix during the post-placement implementation flow and could be the result of non-optimal XDC constraints or non-optimal design architecture
Related violations: <none>

TIMING-16#738 Warning
Large setup violation  
There is a large setup violation of -1.934 ns between generation_reg[4]/C (clocked by service_clk) and coefficient_read_reg[71]/CE (clocked by service_clk). Large setup violations at the end of those stages might be difficult to fix during the post-placement implementation flow and could be the result of non-optimal XDC constraints or non-optimal design architecture
Related violations: <none>

TIMING-16#739 Warning
Large setup violation  
There is a large setup violation of -1.934 ns between generation_reg[4]/C (clocked by service_clk) and coefficient_read_reg[77]/CE (clocked by service_clk). Large setup violations at the end of those stages might be difficult to fix during the post-placement implementation flow and could be the result of non-optimal XDC constraints or non-optimal design architecture
Related violations: <none>

TIMING-16#740 Warning
Large setup violation  
There is a large setup violation of -1.944 ns between mac/tap_first_reg__0_rep__1/C (clocked by service_clk) and mac/acc_i_reg[0][36]/D (clocked by service_clk). Large setup violations at the end of those stages might be difficult to fix during the post-placement implementation flow and could be the result of non-optimal XDC constraints or non-optimal design architecture
Related violations: <none>

TIMING-16#741 Warning
Large setup violation  
There is a large setup violation of -1.945 ns between generation_reg[4]/C (clocked by service_clk) and mac/acc_i_reg[3][36]/CE (clocked by service_clk). Large setup violations at the end of those stages might be difficult to fix during the post-placement implementation flow and could be the result of non-optimal XDC constraints or non-optimal design architecture
Related violations: <none>

TIMING-16#742 Warning
Large setup violation  
There is a large setup violation of -1.945 ns between generation_reg[4]/C (clocked by service_clk) and mac/acc_i_reg[3][37]/CE (clocked by service_clk). Large setup violations at the end of those stages might be difficult to fix during the post-placement implementation flow and could be the result of non-optimal XDC constraints or non-optimal design architecture
Related violations: <none>

TIMING-16#743 Warning
Large setup violation  
There is a large setup violation of -1.945 ns between generation_reg[4]/C (clocked by service_clk) and mac/acc_i_reg[3][38]/CE (clocked by service_clk). Large setup violations at the end of those stages might be difficult to fix during the post-placement implementation flow and could be the result of non-optimal XDC constraints or non-optimal design architecture
Related violations: <none>

TIMING-16#744 Warning
Large setup violation  
There is a large setup violation of -1.945 ns between generation_reg[4]/C (clocked by service_clk) and mac/acc_i_reg[3][39]/CE (clocked by service_clk). Large setup violations at the end of those stages might be difficult to fix during the post-placement implementation flow and could be the result of non-optimal XDC constraints or non-optimal design architecture
Related violations: <none>

TIMING-16#745 Warning
Large setup violation  
There is a large setup violation of -1.945 ns between mac/tap_first_reg__0/C (clocked by service_clk) and mac/acc_q_reg[1][38]/D (clocked by service_clk). Large setup violations at the end of those stages might be difficult to fix during the post-placement implementation flow and could be the result of non-optimal XDC constraints or non-optimal design architecture
Related violations: <none>

TIMING-16#746 Warning
Large setup violation  
There is a large setup violation of -1.946 ns between generation_reg[4]/C (clocked by service_clk) and coefficient_read_reg[100]/CE (clocked by service_clk). Large setup violations at the end of those stages might be difficult to fix during the post-placement implementation flow and could be the result of non-optimal XDC constraints or non-optimal design architecture
Related violations: <none>

TIMING-16#747 Warning
Large setup violation  
There is a large setup violation of -1.946 ns between generation_reg[4]/C (clocked by service_clk) and coefficient_read_reg[144]/CE (clocked by service_clk). Large setup violations at the end of those stages might be difficult to fix during the post-placement implementation flow and could be the result of non-optimal XDC constraints or non-optimal design architecture
Related violations: <none>

TIMING-16#748 Warning
Large setup violation  
There is a large setup violation of -1.946 ns between generation_reg[4]/C (clocked by service_clk) and coefficient_read_reg[145]/CE (clocked by service_clk). Large setup violations at the end of those stages might be difficult to fix during the post-placement implementation flow and could be the result of non-optimal XDC constraints or non-optimal design architecture
Related violations: <none>

TIMING-16#749 Warning
Large setup violation  
There is a large setup violation of -1.946 ns between generation_reg[4]/C (clocked by service_clk) and coefficient_read_reg[96]/CE (clocked by service_clk). Large setup violations at the end of those stages might be difficult to fix during the post-placement implementation flow and could be the result of non-optimal XDC constraints or non-optimal design architecture
Related violations: <none>

TIMING-16#750 Warning
Large setup violation  
There is a large setup violation of -1.948 ns between generation_reg[4]/C (clocked by service_clk) and history[0].samples_reg/ADDRBWRADDR[5] (clocked by service_clk). Large setup violations at the end of those stages might be difficult to fix during the post-placement implementation flow and could be the result of non-optimal XDC constraints or non-optimal design architecture
Related violations: <none>

TIMING-16#751 Warning
Large setup violation  
There is a large setup violation of -1.948 ns between generation_reg[4]/C (clocked by service_clk) and history[5].samples_reg/ADDRBWRADDR[5] (clocked by service_clk). Large setup violations at the end of those stages might be difficult to fix during the post-placement implementation flow and could be the result of non-optimal XDC constraints or non-optimal design architecture
Related violations: <none>

TIMING-16#752 Warning
Large setup violation  
There is a large setup violation of -1.951 ns between generation_reg[4]/C (clocked by service_clk) and history[0].samples_reg/ADDRBWRADDR[9] (clocked by service_clk). Large setup violations at the end of those stages might be difficult to fix during the post-placement implementation flow and could be the result of non-optimal XDC constraints or non-optimal design architecture
Related violations: <none>

TIMING-16#753 Warning
Large setup violation  
There is a large setup violation of -1.951 ns between generation_reg[4]/C (clocked by service_clk) and history[2].samples_reg/ADDRBWRADDR[6] (clocked by service_clk). Large setup violations at the end of those stages might be difficult to fix during the post-placement implementation flow and could be the result of non-optimal XDC constraints or non-optimal design architecture
Related violations: <none>

TIMING-16#754 Warning
Large setup violation  
There is a large setup violation of -1.951 ns between generation_reg[4]/C (clocked by service_clk) and history[3].samples_reg/ADDRBWRADDR[6] (clocked by service_clk). Large setup violations at the end of those stages might be difficult to fix during the post-placement implementation flow and could be the result of non-optimal XDC constraints or non-optimal design architecture
Related violations: <none>

TIMING-16#755 Warning
Large setup violation  
There is a large setup violation of -1.951 ns between generation_reg[4]/C (clocked by service_clk) and history[5].samples_reg/ADDRBWRADDR[9] (clocked by service_clk). Large setup violations at the end of those stages might be difficult to fix during the post-placement implementation flow and could be the result of non-optimal XDC constraints or non-optimal design architecture
Related violations: <none>

TIMING-16#756 Warning
Large setup violation  
There is a large setup violation of -1.957 ns between generation_reg[4]/C (clocked by service_clk) and coefficient_read_reg[103]/CE (clocked by service_clk). Large setup violations at the end of those stages might be difficult to fix during the post-placement implementation flow and could be the result of non-optimal XDC constraints or non-optimal design architecture
Related violations: <none>

TIMING-16#757 Warning
Large setup violation  
There is a large setup violation of -1.957 ns between generation_reg[4]/C (clocked by service_clk) and coefficient_read_reg[97]/CE (clocked by service_clk). Large setup violations at the end of those stages might be difficult to fix during the post-placement implementation flow and could be the result of non-optimal XDC constraints or non-optimal design architecture
Related violations: <none>

TIMING-16#758 Warning
Large setup violation  
There is a large setup violation of -1.964 ns between generation_reg[4]/C (clocked by service_clk) and coefficient_read_reg[39]/CE (clocked by service_clk). Large setup violations at the end of those stages might be difficult to fix during the post-placement implementation flow and could be the result of non-optimal XDC constraints or non-optimal design architecture
Related violations: <none>

TIMING-16#759 Warning
Large setup violation  
There is a large setup violation of -1.964 ns between mac/tap_first_reg__0_rep__1/C (clocked by service_clk) and mac/acc_i_reg[0][38]/D (clocked by service_clk). Large setup violations at the end of those stages might be difficult to fix during the post-placement implementation flow and could be the result of non-optimal XDC constraints or non-optimal design architecture
Related violations: <none>

TIMING-16#760 Warning
Large setup violation  
There is a large setup violation of -1.974 ns between mac/tap_first_reg__0_rep/C (clocked by service_clk) and mac/acc_q_reg[2][39]/D (clocked by service_clk). Large setup violations at the end of those stages might be difficult to fix during the post-placement implementation flow and could be the result of non-optimal XDC constraints or non-optimal design architecture
Related violations: <none>

TIMING-16#761 Warning
Large setup violation  
There is a large setup violation of -1.977 ns between generation_reg[4]/C (clocked by service_clk) and expected_timestamp_reg[38]/D (clocked by service_clk). Large setup violations at the end of those stages might be difficult to fix during the post-placement implementation flow and could be the result of non-optimal XDC constraints or non-optimal design architecture
Related violations: <none>

TIMING-16#762 Warning
Large setup violation  
There is a large setup violation of -1.985 ns between generation_reg[4]/C (clocked by service_clk) and history[2].samples_reg/ADDRBWRADDR[8] (clocked by service_clk). Large setup violations at the end of those stages might be difficult to fix during the post-placement implementation flow and could be the result of non-optimal XDC constraints or non-optimal design architecture
Related violations: <none>

TIMING-16#763 Warning
Large setup violation  
There is a large setup violation of -1.985 ns between generation_reg[4]/C (clocked by service_clk) and history[3].samples_reg/ADDRBWRADDR[8] (clocked by service_clk). Large setup violations at the end of those stages might be difficult to fix during the post-placement implementation flow and could be the result of non-optimal XDC constraints or non-optimal design architecture
Related violations: <none>

TIMING-16#764 Warning
Large setup violation  
There is a large setup violation of -1.988 ns between generation_reg[4]/C (clocked by service_clk) and mac/acc_q_reg[1][28]/CE (clocked by service_clk). Large setup violations at the end of those stages might be difficult to fix during the post-placement implementation flow and could be the result of non-optimal XDC constraints or non-optimal design architecture
Related violations: <none>

TIMING-16#765 Warning
Large setup violation  
There is a large setup violation of -1.988 ns between generation_reg[4]/C (clocked by service_clk) and mac/acc_q_reg[1][29]/CE (clocked by service_clk). Large setup violations at the end of those stages might be difficult to fix during the post-placement implementation flow and could be the result of non-optimal XDC constraints or non-optimal design architecture
Related violations: <none>

TIMING-16#766 Warning
Large setup violation  
There is a large setup violation of -1.988 ns between generation_reg[4]/C (clocked by service_clk) and mac/acc_q_reg[1][30]/CE (clocked by service_clk). Large setup violations at the end of those stages might be difficult to fix during the post-placement implementation flow and could be the result of non-optimal XDC constraints or non-optimal design architecture
Related violations: <none>

TIMING-16#767 Warning
Large setup violation  
There is a large setup violation of -1.988 ns between generation_reg[4]/C (clocked by service_clk) and mac/acc_q_reg[1][31]/CE (clocked by service_clk). Large setup violations at the end of those stages might be difficult to fix during the post-placement implementation flow and could be the result of non-optimal XDC constraints or non-optimal design architecture
Related violations: <none>

TIMING-16#768 Warning
Large setup violation  
There is a large setup violation of -1.995 ns between generation_reg[4]/C (clocked by service_clk) and coefficient_read_reg[55]/CE (clocked by service_clk). Large setup violations at the end of those stages might be difficult to fix during the post-placement implementation flow and could be the result of non-optimal XDC constraints or non-optimal design architecture
Related violations: <none>

TIMING-16#769 Warning
Large setup violation  
There is a large setup violation of -1.995 ns between generation_reg[4]/C (clocked by service_clk) and coefficient_read_reg[62]/CE (clocked by service_clk). Large setup violations at the end of those stages might be difficult to fix during the post-placement implementation flow and could be the result of non-optimal XDC constraints or non-optimal design architecture
Related violations: <none>

TIMING-16#770 Warning
Large setup violation  
There is a large setup violation of -1.995 ns between mac/tap_first_reg__0_rep/C (clocked by service_clk) and mac/acc_q_reg[2][37]/D (clocked by service_clk). Large setup violations at the end of those stages might be difficult to fix during the post-placement implementation flow and could be the result of non-optimal XDC constraints or non-optimal design architecture
Related violations: <none>

TIMING-16#771 Warning
Large setup violation  
There is a large setup violation of -1.996 ns between generation_reg[4]/C (clocked by service_clk) and coefficient_read_reg[0]/CE (clocked by service_clk). Large setup violations at the end of those stages might be difficult to fix during the post-placement implementation flow and could be the result of non-optimal XDC constraints or non-optimal design architecture
Related violations: <none>

TIMING-16#772 Warning
Large setup violation  
There is a large setup violation of -1.996 ns between generation_reg[4]/C (clocked by service_clk) and coefficient_read_reg[5]/CE (clocked by service_clk). Large setup violations at the end of those stages might be difficult to fix during the post-placement implementation flow and could be the result of non-optimal XDC constraints or non-optimal design architecture
Related violations: <none>

TIMING-16#773 Warning
Large setup violation  
There is a large setup violation of -2.006 ns between generation_reg[4]/C (clocked by service_clk) and history[1].samples_reg/ADDRBWRADDR[9] (clocked by service_clk). Large setup violations at the end of those stages might be difficult to fix during the post-placement implementation flow and could be the result of non-optimal XDC constraints or non-optimal design architecture
Related violations: <none>

TIMING-16#774 Warning
Large setup violation  
There is a large setup violation of -2.006 ns between generation_reg[4]/C (clocked by service_clk) and history[4].samples_reg/ADDRBWRADDR[9] (clocked by service_clk). Large setup violations at the end of those stages might be difficult to fix during the post-placement implementation flow and could be the result of non-optimal XDC constraints or non-optimal design architecture
Related violations: <none>

TIMING-16#775 Warning
Large setup violation  
There is a large setup violation of -2.007 ns between generation_reg[4]/C (clocked by service_clk) and coefficient_read_reg[17]/CE (clocked by service_clk). Large setup violations at the end of those stages might be difficult to fix during the post-placement implementation flow and could be the result of non-optimal XDC constraints or non-optimal design architecture
Related violations: <none>

TIMING-16#776 Warning
Large setup violation  
There is a large setup violation of -2.007 ns between generation_reg[4]/C (clocked by service_clk) and coefficient_read_reg[22]/CE (clocked by service_clk). Large setup violations at the end of those stages might be difficult to fix during the post-placement implementation flow and could be the result of non-optimal XDC constraints or non-optimal design architecture
Related violations: <none>

TIMING-16#777 Warning
Large setup violation  
There is a large setup violation of -2.009 ns between generation_reg[4]/C (clocked by service_clk) and coefficient_read_reg[60]/CE (clocked by service_clk). Large setup violations at the end of those stages might be difficult to fix during the post-placement implementation flow and could be the result of non-optimal XDC constraints or non-optimal design architecture
Related violations: <none>

TIMING-16#778 Warning
Large setup violation  
There is a large setup violation of -2.009 ns between generation_reg[4]/C (clocked by service_clk) and coefficient_read_reg[76]/CE (clocked by service_clk). Large setup violations at the end of those stages might be difficult to fix during the post-placement implementation flow and could be the result of non-optimal XDC constraints or non-optimal design architecture
Related violations: <none>

TIMING-16#779 Warning
Large setup violation  
There is a large setup violation of -2.010 ns between generation_reg[4]/C (clocked by service_clk) and coefficient_read_reg[106]/CE (clocked by service_clk). Large setup violations at the end of those stages might be difficult to fix during the post-placement implementation flow and could be the result of non-optimal XDC constraints or non-optimal design architecture
Related violations: <none>

TIMING-16#780 Warning
Large setup violation  
There is a large setup violation of -2.010 ns between generation_reg[4]/C (clocked by service_clk) and coefficient_read_reg[30]/CE (clocked by service_clk). Large setup violations at the end of those stages might be difficult to fix during the post-placement implementation flow and could be the result of non-optimal XDC constraints or non-optimal design architecture
Related violations: <none>

TIMING-16#781 Warning
Large setup violation  
There is a large setup violation of -2.010 ns between generation_reg[4]/C (clocked by service_clk) and coefficient_read_reg[68]/CE (clocked by service_clk). Large setup violations at the end of those stages might be difficult to fix during the post-placement implementation flow and could be the result of non-optimal XDC constraints or non-optimal design architecture
Related violations: <none>

TIMING-16#782 Warning
Large setup violation  
There is a large setup violation of -2.010 ns between generation_reg[4]/C (clocked by service_clk) and coefficient_read_reg[85]/CE (clocked by service_clk). Large setup violations at the end of those stages might be difficult to fix during the post-placement implementation flow and could be the result of non-optimal XDC constraints or non-optimal design architecture
Related violations: <none>

TIMING-16#783 Warning
Large setup violation  
There is a large setup violation of -2.011 ns between generation_reg[4]/C (clocked by service_clk) and coefficient_read_reg[132]/CE (clocked by service_clk). Large setup violations at the end of those stages might be difficult to fix during the post-placement implementation flow and could be the result of non-optimal XDC constraints or non-optimal design architecture
Related violations: <none>

TIMING-16#784 Warning
Large setup violation  
There is a large setup violation of -2.011 ns between generation_reg[4]/C (clocked by service_clk) and coefficient_read_reg[134]/CE (clocked by service_clk). Large setup violations at the end of those stages might be difficult to fix during the post-placement implementation flow and could be the result of non-optimal XDC constraints or non-optimal design architecture
Related violations: <none>

TIMING-16#785 Warning
Large setup violation  
There is a large setup violation of -2.018 ns between generation_reg[4]/C (clocked by service_clk) and mac/acc_q_reg[1][24]/CE (clocked by service_clk). Large setup violations at the end of those stages might be difficult to fix during the post-placement implementation flow and could be the result of non-optimal XDC constraints or non-optimal design architecture
Related violations: <none>

TIMING-16#786 Warning
Large setup violation  
There is a large setup violation of -2.018 ns between generation_reg[4]/C (clocked by service_clk) and mac/acc_q_reg[1][25]/CE (clocked by service_clk). Large setup violations at the end of those stages might be difficult to fix during the post-placement implementation flow and could be the result of non-optimal XDC constraints or non-optimal design architecture
Related violations: <none>

TIMING-16#787 Warning
Large setup violation  
There is a large setup violation of -2.018 ns between generation_reg[4]/C (clocked by service_clk) and mac/acc_q_reg[1][26]/CE (clocked by service_clk). Large setup violations at the end of those stages might be difficult to fix during the post-placement implementation flow and could be the result of non-optimal XDC constraints or non-optimal design architecture
Related violations: <none>

TIMING-16#788 Warning
Large setup violation  
There is a large setup violation of -2.018 ns between generation_reg[4]/C (clocked by service_clk) and mac/acc_q_reg[1][27]/CE (clocked by service_clk). Large setup violations at the end of those stages might be difficult to fix during the post-placement implementation flow and could be the result of non-optimal XDC constraints or non-optimal design architecture
Related violations: <none>

TIMING-16#789 Warning
Large setup violation  
There is a large setup violation of -2.019 ns between mac/tap_first_reg__0/C (clocked by service_clk) and mac/acc_q_reg[1][39]/D (clocked by service_clk). Large setup violations at the end of those stages might be difficult to fix during the post-placement implementation flow and could be the result of non-optimal XDC constraints or non-optimal design architecture
Related violations: <none>

TIMING-16#790 Warning
Large setup violation  
There is a large setup violation of -2.021 ns between generation_reg[4]/C (clocked by service_clk) and coefficient_read_reg[51]/CE (clocked by service_clk). Large setup violations at the end of those stages might be difficult to fix during the post-placement implementation flow and could be the result of non-optimal XDC constraints or non-optimal design architecture
Related violations: <none>

TIMING-16#791 Warning
Large setup violation  
There is a large setup violation of -2.021 ns between generation_reg[4]/C (clocked by service_clk) and coefficient_read_reg[52]/CE (clocked by service_clk). Large setup violations at the end of those stages might be difficult to fix during the post-placement implementation flow and could be the result of non-optimal XDC constraints or non-optimal design architecture
Related violations: <none>

TIMING-16#792 Warning
Large setup violation  
There is a large setup violation of -2.022 ns between generation_reg[4]/C (clocked by service_clk) and mac/acc_q_reg[1][12]/CE (clocked by service_clk). Large setup violations at the end of those stages might be difficult to fix during the post-placement implementation flow and could be the result of non-optimal XDC constraints or non-optimal design architecture
Related violations: <none>

TIMING-16#793 Warning
Large setup violation  
There is a large setup violation of -2.022 ns between generation_reg[4]/C (clocked by service_clk) and mac/acc_q_reg[1][13]/CE (clocked by service_clk). Large setup violations at the end of those stages might be difficult to fix during the post-placement implementation flow and could be the result of non-optimal XDC constraints or non-optimal design architecture
Related violations: <none>

TIMING-16#794 Warning
Large setup violation  
There is a large setup violation of -2.022 ns between generation_reg[4]/C (clocked by service_clk) and mac/acc_q_reg[1][14]/CE (clocked by service_clk). Large setup violations at the end of those stages might be difficult to fix during the post-placement implementation flow and could be the result of non-optimal XDC constraints or non-optimal design architecture
Related violations: <none>

TIMING-16#795 Warning
Large setup violation  
There is a large setup violation of -2.022 ns between generation_reg[4]/C (clocked by service_clk) and mac/acc_q_reg[1][15]/CE (clocked by service_clk). Large setup violations at the end of those stages might be difficult to fix during the post-placement implementation flow and could be the result of non-optimal XDC constraints or non-optimal design architecture
Related violations: <none>

TIMING-16#796 Warning
Large setup violation  
There is a large setup violation of -2.023 ns between generation_reg[4]/C (clocked by service_clk) and coefficient_read_reg[57]/CE (clocked by service_clk). Large setup violations at the end of those stages might be difficult to fix during the post-placement implementation flow and could be the result of non-optimal XDC constraints or non-optimal design architecture
Related violations: <none>

TIMING-16#797 Warning
Large setup violation  
There is a large setup violation of -2.023 ns between generation_reg[4]/C (clocked by service_clk) and coefficient_read_reg[58]/CE (clocked by service_clk). Large setup violations at the end of those stages might be difficult to fix during the post-placement implementation flow and could be the result of non-optimal XDC constraints or non-optimal design architecture
Related violations: <none>

TIMING-16#798 Warning
Large setup violation  
There is a large setup violation of -2.023 ns between generation_reg[4]/C (clocked by service_clk) and coefficient_read_reg[64]/CE (clocked by service_clk). Large setup violations at the end of those stages might be difficult to fix during the post-placement implementation flow and could be the result of non-optimal XDC constraints or non-optimal design architecture
Related violations: <none>

TIMING-16#799 Warning
Large setup violation  
There is a large setup violation of -2.023 ns between generation_reg[4]/C (clocked by service_clk) and coefficient_read_reg[65]/CE (clocked by service_clk). Large setup violations at the end of those stages might be difficult to fix during the post-placement implementation flow and could be the result of non-optimal XDC constraints or non-optimal design architecture
Related violations: <none>

TIMING-16#800 Warning
Large setup violation  
There is a large setup violation of -2.026 ns between generation_reg[4]/C (clocked by service_clk) and coefficient_read_reg[141]/CE (clocked by service_clk). Large setup violations at the end of those stages might be difficult to fix during the post-placement implementation flow and could be the result of non-optimal XDC constraints or non-optimal design architecture
Related violations: <none>

TIMING-16#801 Warning
Large setup violation  
There is a large setup violation of -2.026 ns between generation_reg[4]/C (clocked by service_clk) and coefficient_read_reg[143]/CE (clocked by service_clk). Large setup violations at the end of those stages might be difficult to fix during the post-placement implementation flow and could be the result of non-optimal XDC constraints or non-optimal design architecture
Related violations: <none>

TIMING-16#802 Warning
Large setup violation  
There is a large setup violation of -2.034 ns between generation_reg[4]/C (clocked by service_clk) and mac/acc_q_reg[4][10]/CE (clocked by service_clk). Large setup violations at the end of those stages might be difficult to fix during the post-placement implementation flow and could be the result of non-optimal XDC constraints or non-optimal design architecture
Related violations: <none>

TIMING-16#803 Warning
Large setup violation  
There is a large setup violation of -2.034 ns between generation_reg[4]/C (clocked by service_clk) and mac/acc_q_reg[4][11]/CE (clocked by service_clk). Large setup violations at the end of those stages might be difficult to fix during the post-placement implementation flow and could be the result of non-optimal XDC constraints or non-optimal design architecture
Related violations: <none>

TIMING-16#804 Warning
Large setup violation  
There is a large setup violation of -2.034 ns between generation_reg[4]/C (clocked by service_clk) and mac/acc_q_reg[4][8]/CE (clocked by service_clk). Large setup violations at the end of those stages might be difficult to fix during the post-placement implementation flow and could be the result of non-optimal XDC constraints or non-optimal design architecture
Related violations: <none>

TIMING-16#805 Warning
Large setup violation  
There is a large setup violation of -2.034 ns between generation_reg[4]/C (clocked by service_clk) and mac/acc_q_reg[4][9]/CE (clocked by service_clk). Large setup violations at the end of those stages might be difficult to fix during the post-placement implementation flow and could be the result of non-optimal XDC constraints or non-optimal design architecture
Related violations: <none>

TIMING-16#806 Warning
Large setup violation  
There is a large setup violation of -2.035 ns between generation_reg[4]/C (clocked by service_clk) and coefficient_read_reg[10]/CE (clocked by service_clk). Large setup violations at the end of those stages might be difficult to fix during the post-placement implementation flow and could be the result of non-optimal XDC constraints or non-optimal design architecture
Related violations: <none>

TIMING-16#807 Warning
Large setup violation  
There is a large setup violation of -2.035 ns between generation_reg[4]/C (clocked by service_clk) and coefficient_read_reg[135]/CE (clocked by service_clk). Large setup violations at the end of those stages might be difficult to fix during the post-placement implementation flow and could be the result of non-optimal XDC constraints or non-optimal design architecture
Related violations: <none>

TIMING-16#808 Warning
Large setup violation  
There is a large setup violation of -2.035 ns between generation_reg[4]/C (clocked by service_clk) and coefficient_read_reg[142]/CE (clocked by service_clk). Large setup violations at the end of those stages might be difficult to fix during the post-placement implementation flow and could be the result of non-optimal XDC constraints or non-optimal design architecture
Related violations: <none>

TIMING-16#809 Warning
Large setup violation  
There is a large setup violation of -2.035 ns between generation_reg[4]/C (clocked by service_clk) and coefficient_read_reg[27]/CE (clocked by service_clk). Large setup violations at the end of those stages might be difficult to fix during the post-placement implementation flow and could be the result of non-optimal XDC constraints or non-optimal design architecture
Related violations: <none>

TIMING-16#810 Warning
Large setup violation  
There is a large setup violation of -2.035 ns between generation_reg[4]/C (clocked by service_clk) and coefficient_read_reg[29]/CE (clocked by service_clk). Large setup violations at the end of those stages might be difficult to fix during the post-placement implementation flow and could be the result of non-optimal XDC constraints or non-optimal design architecture
Related violations: <none>

TIMING-16#811 Warning
Large setup violation  
There is a large setup violation of -2.035 ns between generation_reg[4]/C (clocked by service_clk) and coefficient_read_reg[6]/CE (clocked by service_clk). Large setup violations at the end of those stages might be difficult to fix during the post-placement implementation flow and could be the result of non-optimal XDC constraints or non-optimal design architecture
Related violations: <none>

TIMING-16#812 Warning
Large setup violation  
There is a large setup violation of -2.035 ns between generation_reg[4]/C (clocked by service_clk) and coefficient_read_reg[8]/CE (clocked by service_clk). Large setup violations at the end of those stages might be difficult to fix during the post-placement implementation flow and could be the result of non-optimal XDC constraints or non-optimal design architecture
Related violations: <none>

TIMING-16#813 Warning
Large setup violation  
There is a large setup violation of -2.035 ns between generation_reg[4]/C (clocked by service_clk) and coefficient_read_reg[9]/CE (clocked by service_clk). Large setup violations at the end of those stages might be difficult to fix during the post-placement implementation flow and could be the result of non-optimal XDC constraints or non-optimal design architecture
Related violations: <none>

TIMING-16#814 Warning
Large setup violation  
There is a large setup violation of -2.037 ns between generation_reg[4]/C (clocked by service_clk) and coefficient_read_reg[149]/CE (clocked by service_clk). Large setup violations at the end of those stages might be difficult to fix during the post-placement implementation flow and could be the result of non-optimal XDC constraints or non-optimal design architecture
Related violations: <none>

TIMING-16#815 Warning
Large setup violation  
There is a large setup violation of -2.037 ns between generation_reg[4]/C (clocked by service_clk) and coefficient_read_reg[162]/CE (clocked by service_clk). Large setup violations at the end of those stages might be difficult to fix during the post-placement implementation flow and could be the result of non-optimal XDC constraints or non-optimal design architecture
Related violations: <none>

TIMING-16#816 Warning
Large setup violation  
There is a large setup violation of -2.037 ns between generation_reg[4]/C (clocked by service_clk) and mac/acc_q_reg[1][20]/CE (clocked by service_clk). Large setup violations at the end of those stages might be difficult to fix during the post-placement implementation flow and could be the result of non-optimal XDC constraints or non-optimal design architecture
Related violations: <none>

TIMING-16#817 Warning
Large setup violation  
There is a large setup violation of -2.037 ns between generation_reg[4]/C (clocked by service_clk) and mac/acc_q_reg[1][21]/CE (clocked by service_clk). Large setup violations at the end of those stages might be difficult to fix during the post-placement implementation flow and could be the result of non-optimal XDC constraints or non-optimal design architecture
Related violations: <none>

TIMING-16#818 Warning
Large setup violation  
There is a large setup violation of -2.037 ns between generation_reg[4]/C (clocked by service_clk) and mac/acc_q_reg[1][22]/CE (clocked by service_clk). Large setup violations at the end of those stages might be difficult to fix during the post-placement implementation flow and could be the result of non-optimal XDC constraints or non-optimal design architecture
Related violations: <none>

TIMING-16#819 Warning
Large setup violation  
There is a large setup violation of -2.037 ns between generation_reg[4]/C (clocked by service_clk) and mac/acc_q_reg[1][23]/CE (clocked by service_clk). Large setup violations at the end of those stages might be difficult to fix during the post-placement implementation flow and could be the result of non-optimal XDC constraints or non-optimal design architecture
Related violations: <none>

TIMING-16#820 Warning
Large setup violation  
There is a large setup violation of -2.037 ns between generation_reg[4]/C (clocked by service_clk) and mac/acc_q_reg[4][16]/CE (clocked by service_clk). Large setup violations at the end of those stages might be difficult to fix during the post-placement implementation flow and could be the result of non-optimal XDC constraints or non-optimal design architecture
Related violations: <none>

TIMING-16#821 Warning
Large setup violation  
There is a large setup violation of -2.037 ns between generation_reg[4]/C (clocked by service_clk) and mac/acc_q_reg[4][17]/CE (clocked by service_clk). Large setup violations at the end of those stages might be difficult to fix during the post-placement implementation flow and could be the result of non-optimal XDC constraints or non-optimal design architecture
Related violations: <none>

TIMING-16#822 Warning
Large setup violation  
There is a large setup violation of -2.037 ns between generation_reg[4]/C (clocked by service_clk) and mac/acc_q_reg[4][18]/CE (clocked by service_clk). Large setup violations at the end of those stages might be difficult to fix during the post-placement implementation flow and could be the result of non-optimal XDC constraints or non-optimal design architecture
Related violations: <none>

TIMING-16#823 Warning
Large setup violation  
There is a large setup violation of -2.037 ns between generation_reg[4]/C (clocked by service_clk) and mac/acc_q_reg[4][19]/CE (clocked by service_clk). Large setup violations at the end of those stages might be difficult to fix during the post-placement implementation flow and could be the result of non-optimal XDC constraints or non-optimal design architecture
Related violations: <none>

TIMING-16#824 Warning
Large setup violation  
There is a large setup violation of -2.038 ns between generation_reg[4]/C (clocked by service_clk) and history[0].samples_reg/ADDRBWRADDR[8] (clocked by service_clk). Large setup violations at the end of those stages might be difficult to fix during the post-placement implementation flow and could be the result of non-optimal XDC constraints or non-optimal design architecture
Related violations: <none>

TIMING-16#825 Warning
Large setup violation  
There is a large setup violation of -2.038 ns between generation_reg[4]/C (clocked by service_clk) and history[5].samples_reg/ADDRBWRADDR[8] (clocked by service_clk). Large setup violations at the end of those stages might be difficult to fix during the post-placement implementation flow and could be the result of non-optimal XDC constraints or non-optimal design architecture
Related violations: <none>

TIMING-16#826 Warning
Large setup violation  
There is a large setup violation of -2.039 ns between generation_reg[4]/C (clocked by service_clk) and coefficient_read_reg[33]/CE (clocked by service_clk). Large setup violations at the end of those stages might be difficult to fix during the post-placement implementation flow and could be the result of non-optimal XDC constraints or non-optimal design architecture
Related violations: <none>

TIMING-16#827 Warning
Large setup violation  
There is a large setup violation of -2.039 ns between generation_reg[4]/C (clocked by service_clk) and coefficient_read_reg[35]/CE (clocked by service_clk). Large setup violations at the end of those stages might be difficult to fix during the post-placement implementation flow and could be the result of non-optimal XDC constraints or non-optimal design architecture
Related violations: <none>

TIMING-16#828 Warning
Large setup violation  
There is a large setup violation of -2.040 ns between mac/tap_first_reg__0/C (clocked by service_clk) and mac/acc_q_reg[1][37]/D (clocked by service_clk). Large setup violations at the end of those stages might be difficult to fix during the post-placement implementation flow and could be the result of non-optimal XDC constraints or non-optimal design architecture
Related violations: <none>

TIMING-16#829 Warning
Large setup violation  
There is a large setup violation of -2.040 ns between mac/tap_first_reg__0_rep__1/C (clocked by service_clk) and mac/acc_i_reg[0][39]/D (clocked by service_clk). Large setup violations at the end of those stages might be difficult to fix during the post-placement implementation flow and could be the result of non-optimal XDC constraints or non-optimal design architecture
Related violations: <none>

TIMING-16#830 Warning
Large setup violation  
There is a large setup violation of -2.041 ns between generation_reg[4]/C (clocked by service_clk) and coefficient_read_reg[114]/CE (clocked by service_clk). Large setup violations at the end of those stages might be difficult to fix during the post-placement implementation flow and could be the result of non-optimal XDC constraints or non-optimal design architecture
Related violations: <none>

TIMING-16#831 Warning
Large setup violation  
There is a large setup violation of -2.041 ns between generation_reg[4]/C (clocked by service_clk) and coefficient_read_reg[119]/CE (clocked by service_clk). Large setup violations at the end of those stages might be difficult to fix during the post-placement implementation flow and could be the result of non-optimal XDC constraints or non-optimal design architecture
Related violations: <none>

TIMING-16#832 Warning
Large setup violation  
There is a large setup violation of -2.041 ns between generation_reg[4]/C (clocked by service_clk) and coefficient_read_reg[19]/CE (clocked by service_clk). Large setup violations at the end of those stages might be difficult to fix during the post-placement implementation flow and could be the result of non-optimal XDC constraints or non-optimal design architecture
Related violations: <none>

TIMING-16#833 Warning
Large setup violation  
There is a large setup violation of -2.041 ns between generation_reg[4]/C (clocked by service_clk) and coefficient_read_reg[2]/CE (clocked by service_clk). Large setup violations at the end of those stages might be difficult to fix during the post-placement implementation flow and could be the result of non-optimal XDC constraints or non-optimal design architecture
Related violations: <none>

TIMING-16#834 Warning
Large setup violation  
There is a large setup violation of -2.041 ns between generation_reg[4]/C (clocked by service_clk) and coefficient_read_reg[93]/CE (clocked by service_clk). Large setup violations at the end of those stages might be difficult to fix during the post-placement implementation flow and could be the result of non-optimal XDC constraints or non-optimal design architecture
Related violations: <none>

TIMING-16#835 Warning
Large setup violation  
There is a large setup violation of -2.041 ns between generation_reg[4]/C (clocked by service_clk) and coefficient_read_reg[95]/CE (clocked by service_clk). Large setup violations at the end of those stages might be difficult to fix during the post-placement implementation flow and could be the result of non-optimal XDC constraints or non-optimal design architecture
Related violations: <none>

TIMING-16#836 Warning
Large setup violation  
There is a large setup violation of -2.042 ns between generation_reg[4]/C (clocked by service_clk) and coefficient_read_reg[161]/CE (clocked by service_clk). Large setup violations at the end of those stages might be difficult to fix during the post-placement implementation flow and could be the result of non-optimal XDC constraints or non-optimal design architecture
Related violations: <none>

TIMING-16#837 Warning
Large setup violation  
There is a large setup violation of -2.042 ns between generation_reg[4]/C (clocked by service_clk) and coefficient_read_reg[163]/CE (clocked by service_clk). Large setup violations at the end of those stages might be difficult to fix during the post-placement implementation flow and could be the result of non-optimal XDC constraints or non-optimal design architecture
Related violations: <none>

TIMING-16#838 Warning
Large setup violation  
There is a large setup violation of -2.042 ns between generation_reg[4]/C (clocked by service_clk) and mac/acc_i_reg[5][12]/CE (clocked by service_clk). Large setup violations at the end of those stages might be difficult to fix during the post-placement implementation flow and could be the result of non-optimal XDC constraints or non-optimal design architecture
Related violations: <none>

TIMING-16#839 Warning
Large setup violation  
There is a large setup violation of -2.042 ns between generation_reg[4]/C (clocked by service_clk) and mac/acc_i_reg[5][13]/CE (clocked by service_clk). Large setup violations at the end of those stages might be difficult to fix during the post-placement implementation flow and could be the result of non-optimal XDC constraints or non-optimal design architecture
Related violations: <none>

TIMING-16#840 Warning
Large setup violation  
There is a large setup violation of -2.042 ns between generation_reg[4]/C (clocked by service_clk) and mac/acc_i_reg[5][14]/CE (clocked by service_clk). Large setup violations at the end of those stages might be difficult to fix during the post-placement implementation flow and could be the result of non-optimal XDC constraints or non-optimal design architecture
Related violations: <none>

TIMING-16#841 Warning
Large setup violation  
There is a large setup violation of -2.042 ns between generation_reg[4]/C (clocked by service_clk) and mac/acc_i_reg[5][15]/CE (clocked by service_clk). Large setup violations at the end of those stages might be difficult to fix during the post-placement implementation flow and could be the result of non-optimal XDC constraints or non-optimal design architecture
Related violations: <none>

TIMING-16#842 Warning
Large setup violation  
There is a large setup violation of -2.045 ns between generation_reg[4]/C (clocked by service_clk) and coefficient_read_reg[126]/CE (clocked by service_clk). Large setup violations at the end of those stages might be difficult to fix during the post-placement implementation flow and could be the result of non-optimal XDC constraints or non-optimal design architecture
Related violations: <none>

TIMING-16#843 Warning
Large setup violation  
There is a large setup violation of -2.045 ns between generation_reg[4]/C (clocked by service_clk) and coefficient_read_reg[129]/CE (clocked by service_clk). Large setup violations at the end of those stages might be difficult to fix during the post-placement implementation flow and could be the result of non-optimal XDC constraints or non-optimal design architecture
Related violations: <none>

TIMING-16#844 Warning
Large setup violation  
There is a large setup violation of -2.045 ns between generation_reg[4]/C (clocked by service_clk) and coefficient_read_reg[138]/CE (clocked by service_clk). Large setup violations at the end of those stages might be difficult to fix during the post-placement implementation flow and could be the result of non-optimal XDC constraints or non-optimal design architecture
Related violations: <none>

TIMING-16#845 Warning
Large setup violation  
There is a large setup violation of -2.045 ns between generation_reg[4]/C (clocked by service_clk) and coefficient_read_reg[139]/CE (clocked by service_clk). Large setup violations at the end of those stages might be difficult to fix during the post-placement implementation flow and could be the result of non-optimal XDC constraints or non-optimal design architecture
Related violations: <none>

TIMING-16#846 Warning
Large setup violation  
There is a large setup violation of -2.048 ns between mac/tap_first_reg__0_rep__1/C (clocked by service_clk) and mac/acc_i_reg[0][37]/D (clocked by service_clk). Large setup violations at the end of those stages might be difficult to fix during the post-placement implementation flow and could be the result of non-optimal XDC constraints or non-optimal design architecture
Related violations: <none>

TIMING-16#847 Warning
Large setup violation  
There is a large setup violation of -2.050 ns between generation_reg[4]/C (clocked by service_clk) and coefficient_read_reg[102]/CE (clocked by service_clk). Large setup violations at the end of those stages might be difficult to fix during the post-placement implementation flow and could be the result of non-optimal XDC constraints or non-optimal design architecture
Related violations: <none>

TIMING-16#848 Warning
Large setup violation  
There is a large setup violation of -2.050 ns between generation_reg[4]/C (clocked by service_clk) and coefficient_read_reg[104]/CE (clocked by service_clk). Large setup violations at the end of those stages might be difficult to fix during the post-placement implementation flow and could be the result of non-optimal XDC constraints or non-optimal design architecture
Related violations: <none>

TIMING-16#849 Warning
Large setup violation  
There is a large setup violation of -2.050 ns between generation_reg[4]/C (clocked by service_clk) and coefficient_read_reg[152]/CE (clocked by service_clk). Large setup violations at the end of those stages might be difficult to fix during the post-placement implementation flow and could be the result of non-optimal XDC constraints or non-optimal design architecture
Related violations: <none>

TIMING-16#850 Warning
Large setup violation  
There is a large setup violation of -2.050 ns between generation_reg[4]/C (clocked by service_clk) and coefficient_read_reg[157]/CE (clocked by service_clk). Large setup violations at the end of those stages might be difficult to fix during the post-placement implementation flow and could be the result of non-optimal XDC constraints or non-optimal design architecture
Related violations: <none>

TIMING-16#851 Warning
Large setup violation  
There is a large setup violation of -2.050 ns between generation_reg[4]/C (clocked by service_clk) and mac/acc_i_reg[4][36]/CE (clocked by service_clk). Large setup violations at the end of those stages might be difficult to fix during the post-placement implementation flow and could be the result of non-optimal XDC constraints or non-optimal design architecture
Related violations: <none>

TIMING-16#852 Warning
Large setup violation  
There is a large setup violation of -2.050 ns between generation_reg[4]/C (clocked by service_clk) and mac/acc_i_reg[4][37]/CE (clocked by service_clk). Large setup violations at the end of those stages might be difficult to fix during the post-placement implementation flow and could be the result of non-optimal XDC constraints or non-optimal design architecture
Related violations: <none>

TIMING-16#853 Warning
Large setup violation  
There is a large setup violation of -2.050 ns between generation_reg[4]/C (clocked by service_clk) and mac/acc_i_reg[4][38]/CE (clocked by service_clk). Large setup violations at the end of those stages might be difficult to fix during the post-placement implementation flow and could be the result of non-optimal XDC constraints or non-optimal design architecture
Related violations: <none>

TIMING-16#854 Warning
Large setup violation  
There is a large setup violation of -2.050 ns between generation_reg[4]/C (clocked by service_clk) and mac/acc_i_reg[4][39]/CE (clocked by service_clk). Large setup violations at the end of those stages might be difficult to fix during the post-placement implementation flow and could be the result of non-optimal XDC constraints or non-optimal design architecture
Related violations: <none>

TIMING-16#855 Warning
Large setup violation  
There is a large setup violation of -2.052 ns between generation_reg[4]/C (clocked by service_clk) and coefficient_read_reg[136]/CE (clocked by service_clk). Large setup violations at the end of those stages might be difficult to fix during the post-placement implementation flow and could be the result of non-optimal XDC constraints or non-optimal design architecture
Related violations: <none>

TIMING-16#856 Warning
Large setup violation  
There is a large setup violation of -2.052 ns between generation_reg[4]/C (clocked by service_clk) and coefficient_read_reg[18]/CE (clocked by service_clk). Large setup violations at the end of those stages might be difficult to fix during the post-placement implementation flow and could be the result of non-optimal XDC constraints or non-optimal design architecture
Related violations: <none>

TIMING-16#857 Warning
Large setup violation  
There is a large setup violation of -2.052 ns between generation_reg[4]/C (clocked by service_clk) and coefficient_read_reg[23]/CE (clocked by service_clk). Large setup violations at the end of those stages might be difficult to fix during the post-placement implementation flow and could be the result of non-optimal XDC constraints or non-optimal design architecture
Related violations: <none>

TIMING-16#858 Warning
Large setup violation  
There is a large setup violation of -2.052 ns between generation_reg[4]/C (clocked by service_clk) and coefficient_read_reg[24]/CE (clocked by service_clk). Large setup violations at the end of those stages might be difficult to fix during the post-placement implementation flow and could be the result of non-optimal XDC constraints or non-optimal design architecture
Related violations: <none>

TIMING-16#859 Warning
Large setup violation  
There is a large setup violation of -2.055 ns between generation_reg[4]/C (clocked by service_clk) and mac/acc_q_reg[4][28]/CE (clocked by service_clk). Large setup violations at the end of those stages might be difficult to fix during the post-placement implementation flow and could be the result of non-optimal XDC constraints or non-optimal design architecture
Related violations: <none>

TIMING-16#860 Warning
Large setup violation  
There is a large setup violation of -2.055 ns between generation_reg[4]/C (clocked by service_clk) and mac/acc_q_reg[4][29]/CE (clocked by service_clk). Large setup violations at the end of those stages might be difficult to fix during the post-placement implementation flow and could be the result of non-optimal XDC constraints or non-optimal design architecture
Related violations: <none>

TIMING-16#861 Warning
Large setup violation  
There is a large setup violation of -2.055 ns between generation_reg[4]/C (clocked by service_clk) and mac/acc_q_reg[4][30]/CE (clocked by service_clk). Large setup violations at the end of those stages might be difficult to fix during the post-placement implementation flow and could be the result of non-optimal XDC constraints or non-optimal design architecture
Related violations: <none>

TIMING-16#862 Warning
Large setup violation  
There is a large setup violation of -2.055 ns between generation_reg[4]/C (clocked by service_clk) and mac/acc_q_reg[4][31]/CE (clocked by service_clk). Large setup violations at the end of those stages might be difficult to fix during the post-placement implementation flow and could be the result of non-optimal XDC constraints or non-optimal design architecture
Related violations: <none>

TIMING-16#863 Warning
Large setup violation  
There is a large setup violation of -2.056 ns between generation_reg[4]/C (clocked by service_clk) and mac/acc_i_reg[5][16]/CE (clocked by service_clk). Large setup violations at the end of those stages might be difficult to fix during the post-placement implementation flow and could be the result of non-optimal XDC constraints or non-optimal design architecture
Related violations: <none>

TIMING-16#864 Warning
Large setup violation  
There is a large setup violation of -2.056 ns between generation_reg[4]/C (clocked by service_clk) and mac/acc_i_reg[5][17]/CE (clocked by service_clk). Large setup violations at the end of those stages might be difficult to fix during the post-placement implementation flow and could be the result of non-optimal XDC constraints or non-optimal design architecture
Related violations: <none>

TIMING-16#865 Warning
Large setup violation  
There is a large setup violation of -2.056 ns between generation_reg[4]/C (clocked by service_clk) and mac/acc_i_reg[5][18]/CE (clocked by service_clk). Large setup violations at the end of those stages might be difficult to fix during the post-placement implementation flow and could be the result of non-optimal XDC constraints or non-optimal design architecture
Related violations: <none>

TIMING-16#866 Warning
Large setup violation  
There is a large setup violation of -2.056 ns between generation_reg[4]/C (clocked by service_clk) and mac/acc_i_reg[5][19]/CE (clocked by service_clk). Large setup violations at the end of those stages might be difficult to fix during the post-placement implementation flow and could be the result of non-optimal XDC constraints or non-optimal design architecture
Related violations: <none>

TIMING-16#867 Warning
Large setup violation  
There is a large setup violation of -2.058 ns between generation_reg[4]/C (clocked by service_clk) and history[1].samples_reg/ADDRBWRADDR[8] (clocked by service_clk). Large setup violations at the end of those stages might be difficult to fix during the post-placement implementation flow and could be the result of non-optimal XDC constraints or non-optimal design architecture
Related violations: <none>

TIMING-16#868 Warning
Large setup violation  
There is a large setup violation of -2.058 ns between generation_reg[4]/C (clocked by service_clk) and history[4].samples_reg/ADDRBWRADDR[8] (clocked by service_clk). Large setup violations at the end of those stages might be difficult to fix during the post-placement implementation flow and could be the result of non-optimal XDC constraints or non-optimal design architecture
Related violations: <none>

TIMING-16#869 Warning
Large setup violation  
There is a large setup violation of -2.061 ns between generation_reg[4]/C (clocked by service_clk) and expected_timestamp_reg[39]/D (clocked by service_clk). Large setup violations at the end of those stages might be difficult to fix during the post-placement implementation flow and could be the result of non-optimal XDC constraints or non-optimal design architecture
Related violations: <none>

TIMING-16#870 Warning
Large setup violation  
There is a large setup violation of -2.070 ns between generation_reg[4]/C (clocked by service_clk) and coefficient_read_reg[11]/CE (clocked by service_clk). Large setup violations at the end of those stages might be difficult to fix during the post-placement implementation flow and could be the result of non-optimal XDC constraints or non-optimal design architecture
Related violations: <none>

TIMING-16#871 Warning
Large setup violation  
There is a large setup violation of -2.070 ns between generation_reg[4]/C (clocked by service_clk) and coefficient_read_reg[16]/CE (clocked by service_clk). Large setup violations at the end of those stages might be difficult to fix during the post-placement implementation flow and could be the result of non-optimal XDC constraints or non-optimal design architecture
Related violations: <none>

TIMING-16#872 Warning
Large setup violation  
There is a large setup violation of -2.070 ns between generation_reg[4]/C (clocked by service_clk) and mac/acc_q_reg[4][24]/CE (clocked by service_clk). Large setup violations at the end of those stages might be difficult to fix during the post-placement implementation flow and could be the result of non-optimal XDC constraints or non-optimal design architecture
Related violations: <none>

TIMING-16#873 Warning
Large setup violation  
There is a large setup violation of -2.070 ns between generation_reg[4]/C (clocked by service_clk) and mac/acc_q_reg[4][25]/CE (clocked by service_clk). Large setup violations at the end of those stages might be difficult to fix during the post-placement implementation flow and could be the result of non-optimal XDC constraints or non-optimal design architecture
Related violations: <none>

TIMING-16#874 Warning
Large setup violation  
There is a large setup violation of -2.070 ns between generation_reg[4]/C (clocked by service_clk) and mac/acc_q_reg[4][26]/CE (clocked by service_clk). Large setup violations at the end of those stages might be difficult to fix during the post-placement implementation flow and could be the result of non-optimal XDC constraints or non-optimal design architecture
Related violations: <none>

TIMING-16#875 Warning
Large setup violation  
There is a large setup violation of -2.070 ns between generation_reg[4]/C (clocked by service_clk) and mac/acc_q_reg[4][27]/CE (clocked by service_clk). Large setup violations at the end of those stages might be difficult to fix during the post-placement implementation flow and could be the result of non-optimal XDC constraints or non-optimal design architecture
Related violations: <none>

TIMING-16#876 Warning
Large setup violation  
There is a large setup violation of -2.072 ns between generation_reg[4]/C (clocked by service_clk) and mac/acc_i_reg[5][32]/CE (clocked by service_clk). Large setup violations at the end of those stages might be difficult to fix during the post-placement implementation flow and could be the result of non-optimal XDC constraints or non-optimal design architecture
Related violations: <none>

TIMING-16#877 Warning
Large setup violation  
There is a large setup violation of -2.072 ns between generation_reg[4]/C (clocked by service_clk) and mac/acc_i_reg[5][33]/CE (clocked by service_clk). Large setup violations at the end of those stages might be difficult to fix during the post-placement implementation flow and could be the result of non-optimal XDC constraints or non-optimal design architecture
Related violations: <none>

TIMING-16#878 Warning
Large setup violation  
There is a large setup violation of -2.072 ns between generation_reg[4]/C (clocked by service_clk) and mac/acc_i_reg[5][34]/CE (clocked by service_clk). Large setup violations at the end of those stages might be difficult to fix during the post-placement implementation flow and could be the result of non-optimal XDC constraints or non-optimal design architecture
Related violations: <none>

TIMING-16#879 Warning
Large setup violation  
There is a large setup violation of -2.072 ns between generation_reg[4]/C (clocked by service_clk) and mac/acc_i_reg[5][35]/CE (clocked by service_clk). Large setup violations at the end of those stages might be difficult to fix during the post-placement implementation flow and could be the result of non-optimal XDC constraints or non-optimal design architecture
Related violations: <none>

TIMING-16#880 Warning
Large setup violation  
There is a large setup violation of -2.073 ns between generation_reg[4]/C (clocked by service_clk) and mac/acc_i_reg[5][20]/CE (clocked by service_clk). Large setup violations at the end of those stages might be difficult to fix during the post-placement implementation flow and could be the result of non-optimal XDC constraints or non-optimal design architecture
Related violations: <none>

TIMING-16#881 Warning
Large setup violation  
There is a large setup violation of -2.073 ns between generation_reg[4]/C (clocked by service_clk) and mac/acc_i_reg[5][21]/CE (clocked by service_clk). Large setup violations at the end of those stages might be difficult to fix during the post-placement implementation flow and could be the result of non-optimal XDC constraints or non-optimal design architecture
Related violations: <none>

TIMING-16#882 Warning
Large setup violation  
There is a large setup violation of -2.073 ns between generation_reg[4]/C (clocked by service_clk) and mac/acc_i_reg[5][22]/CE (clocked by service_clk). Large setup violations at the end of those stages might be difficult to fix during the post-placement implementation flow and could be the result of non-optimal XDC constraints or non-optimal design architecture
Related violations: <none>

TIMING-16#883 Warning
Large setup violation  
There is a large setup violation of -2.073 ns between generation_reg[4]/C (clocked by service_clk) and mac/acc_i_reg[5][23]/CE (clocked by service_clk). Large setup violations at the end of those stages might be difficult to fix during the post-placement implementation flow and could be the result of non-optimal XDC constraints or non-optimal design architecture
Related violations: <none>

TIMING-16#884 Warning
Large setup violation  
There is a large setup violation of -2.085 ns between generation_reg[4]/C (clocked by service_clk) and mac/acc_q_reg[4][36]/CE (clocked by service_clk). Large setup violations at the end of those stages might be difficult to fix during the post-placement implementation flow and could be the result of non-optimal XDC constraints or non-optimal design architecture
Related violations: <none>

TIMING-16#885 Warning
Large setup violation  
There is a large setup violation of -2.085 ns between generation_reg[4]/C (clocked by service_clk) and mac/acc_q_reg[4][37]/CE (clocked by service_clk). Large setup violations at the end of those stages might be difficult to fix during the post-placement implementation flow and could be the result of non-optimal XDC constraints or non-optimal design architecture
Related violations: <none>

TIMING-16#886 Warning
Large setup violation  
There is a large setup violation of -2.085 ns between generation_reg[4]/C (clocked by service_clk) and mac/acc_q_reg[4][38]/CE (clocked by service_clk). Large setup violations at the end of those stages might be difficult to fix during the post-placement implementation flow and could be the result of non-optimal XDC constraints or non-optimal design architecture
Related violations: <none>

TIMING-16#887 Warning
Large setup violation  
There is a large setup violation of -2.085 ns between generation_reg[4]/C (clocked by service_clk) and mac/acc_q_reg[4][39]/CE (clocked by service_clk). Large setup violations at the end of those stages might be difficult to fix during the post-placement implementation flow and could be the result of non-optimal XDC constraints or non-optimal design architecture
Related violations: <none>

TIMING-16#888 Warning
Large setup violation  
There is a large setup violation of -2.086 ns between generation_reg[4]/C (clocked by service_clk) and mac/acc_q_reg[4][32]/CE (clocked by service_clk). Large setup violations at the end of those stages might be difficult to fix during the post-placement implementation flow and could be the result of non-optimal XDC constraints or non-optimal design architecture
Related violations: <none>

TIMING-16#889 Warning
Large setup violation  
There is a large setup violation of -2.086 ns between generation_reg[4]/C (clocked by service_clk) and mac/acc_q_reg[4][33]/CE (clocked by service_clk). Large setup violations at the end of those stages might be difficult to fix during the post-placement implementation flow and could be the result of non-optimal XDC constraints or non-optimal design architecture
Related violations: <none>

TIMING-16#890 Warning
Large setup violation  
There is a large setup violation of -2.086 ns between generation_reg[4]/C (clocked by service_clk) and mac/acc_q_reg[4][34]/CE (clocked by service_clk). Large setup violations at the end of those stages might be difficult to fix during the post-placement implementation flow and could be the result of non-optimal XDC constraints or non-optimal design architecture
Related violations: <none>

TIMING-16#891 Warning
Large setup violation  
There is a large setup violation of -2.086 ns between generation_reg[4]/C (clocked by service_clk) and mac/acc_q_reg[4][35]/CE (clocked by service_clk). Large setup violations at the end of those stages might be difficult to fix during the post-placement implementation flow and could be the result of non-optimal XDC constraints or non-optimal design architecture
Related violations: <none>

TIMING-16#892 Warning
Large setup violation  
There is a large setup violation of -2.088 ns between generation_reg[4]/C (clocked by service_clk) and coefficient_read_reg[123]/CE (clocked by service_clk). Large setup violations at the end of those stages might be difficult to fix during the post-placement implementation flow and could be the result of non-optimal XDC constraints or non-optimal design architecture
Related violations: <none>

TIMING-16#893 Warning
Large setup violation  
There is a large setup violation of -2.088 ns between generation_reg[4]/C (clocked by service_clk) and coefficient_read_reg[166]/CE (clocked by service_clk). Large setup violations at the end of those stages might be difficult to fix during the post-placement implementation flow and could be the result of non-optimal XDC constraints or non-optimal design architecture
Related violations: <none>

TIMING-16#894 Warning
Large setup violation  
There is a large setup violation of -2.088 ns between generation_reg[4]/C (clocked by service_clk) and coefficient_read_reg[61]/CE (clocked by service_clk). Large setup violations at the end of those stages might be difficult to fix during the post-placement implementation flow and could be the result of non-optimal XDC constraints or non-optimal design architecture
Related violations: <none>

TIMING-16#895 Warning
Large setup violation  
There is a large setup violation of -2.088 ns between generation_reg[4]/C (clocked by service_clk) and coefficient_read_reg[66]/CE (clocked by service_clk). Large setup violations at the end of those stages might be difficult to fix during the post-placement implementation flow and could be the result of non-optimal XDC constraints or non-optimal design architecture
Related violations: <none>

TIMING-16#896 Warning
Large setup violation  
There is a large setup violation of -2.089 ns between generation_reg[4]/C (clocked by service_clk) and mac/acc_q_reg[1][36]/CE (clocked by service_clk). Large setup violations at the end of those stages might be difficult to fix during the post-placement implementation flow and could be the result of non-optimal XDC constraints or non-optimal design architecture
Related violations: <none>

TIMING-16#897 Warning
Large setup violation  
There is a large setup violation of -2.089 ns between generation_reg[4]/C (clocked by service_clk) and mac/acc_q_reg[1][37]/CE (clocked by service_clk). Large setup violations at the end of those stages might be difficult to fix during the post-placement implementation flow and could be the result of non-optimal XDC constraints or non-optimal design architecture
Related violations: <none>

TIMING-16#898 Warning
Large setup violation  
There is a large setup violation of -2.089 ns between generation_reg[4]/C (clocked by service_clk) and mac/acc_q_reg[1][38]/CE (clocked by service_clk). Large setup violations at the end of those stages might be difficult to fix during the post-placement implementation flow and could be the result of non-optimal XDC constraints or non-optimal design architecture
Related violations: <none>

TIMING-16#899 Warning
Large setup violation  
There is a large setup violation of -2.089 ns between generation_reg[4]/C (clocked by service_clk) and mac/acc_q_reg[1][39]/CE (clocked by service_clk). Large setup violations at the end of those stages might be difficult to fix during the post-placement implementation flow and could be the result of non-optimal XDC constraints or non-optimal design architecture
Related violations: <none>

TIMING-16#900 Warning
Large setup violation  
There is a large setup violation of -2.092 ns between generation_reg[4]/C (clocked by service_clk) and mac/acc_i_reg[5][24]/CE (clocked by service_clk). Large setup violations at the end of those stages might be difficult to fix during the post-placement implementation flow and could be the result of non-optimal XDC constraints or non-optimal design architecture
Related violations: <none>

TIMING-16#901 Warning
Large setup violation  
There is a large setup violation of -2.092 ns between generation_reg[4]/C (clocked by service_clk) and mac/acc_i_reg[5][25]/CE (clocked by service_clk). Large setup violations at the end of those stages might be difficult to fix during the post-placement implementation flow and could be the result of non-optimal XDC constraints or non-optimal design architecture
Related violations: <none>

TIMING-16#902 Warning
Large setup violation  
There is a large setup violation of -2.092 ns between generation_reg[4]/C (clocked by service_clk) and mac/acc_i_reg[5][26]/CE (clocked by service_clk). Large setup violations at the end of those stages might be difficult to fix during the post-placement implementation flow and could be the result of non-optimal XDC constraints or non-optimal design architecture
Related violations: <none>

TIMING-16#903 Warning
Large setup violation  
There is a large setup violation of -2.092 ns between generation_reg[4]/C (clocked by service_clk) and mac/acc_i_reg[5][27]/CE (clocked by service_clk). Large setup violations at the end of those stages might be difficult to fix during the post-placement implementation flow and could be the result of non-optimal XDC constraints or non-optimal design architecture
Related violations: <none>

TIMING-16#904 Warning
Large setup violation  
There is a large setup violation of -2.099 ns between generation_reg[4]/C (clocked by service_clk) and mac/acc_q_reg[1][32]/CE (clocked by service_clk). Large setup violations at the end of those stages might be difficult to fix during the post-placement implementation flow and could be the result of non-optimal XDC constraints or non-optimal design architecture
Related violations: <none>

TIMING-16#905 Warning
Large setup violation  
There is a large setup violation of -2.099 ns between generation_reg[4]/C (clocked by service_clk) and mac/acc_q_reg[1][33]/CE (clocked by service_clk). Large setup violations at the end of those stages might be difficult to fix during the post-placement implementation flow and could be the result of non-optimal XDC constraints or non-optimal design architecture
Related violations: <none>

TIMING-16#906 Warning
Large setup violation  
There is a large setup violation of -2.099 ns between generation_reg[4]/C (clocked by service_clk) and mac/acc_q_reg[1][34]/CE (clocked by service_clk). Large setup violations at the end of those stages might be difficult to fix during the post-placement implementation flow and could be the result of non-optimal XDC constraints or non-optimal design architecture
Related violations: <none>

TIMING-16#907 Warning
Large setup violation  
There is a large setup violation of -2.099 ns between generation_reg[4]/C (clocked by service_clk) and mac/acc_q_reg[1][35]/CE (clocked by service_clk). Large setup violations at the end of those stages might be difficult to fix during the post-placement implementation flow and could be the result of non-optimal XDC constraints or non-optimal design architecture
Related violations: <none>

TIMING-16#908 Warning
Large setup violation  
There is a large setup violation of -2.110 ns between generation_reg[4]/C (clocked by service_clk) and coefficient_read_reg[3]/CE (clocked by service_clk). Large setup violations at the end of those stages might be difficult to fix during the post-placement implementation flow and could be the result of non-optimal XDC constraints or non-optimal design architecture
Related violations: <none>

TIMING-16#909 Warning
Large setup violation  
There is a large setup violation of -2.110 ns between generation_reg[4]/C (clocked by service_clk) and coefficient_read_reg[7]/CE (clocked by service_clk). Large setup violations at the end of those stages might be difficult to fix during the post-placement implementation flow and could be the result of non-optimal XDC constraints or non-optimal design architecture
Related violations: <none>

TIMING-16#910 Warning
Large setup violation  
There is a large setup violation of -2.115 ns between generation_reg[4]/C (clocked by service_clk) and coefficient_read_reg[118]/CE (clocked by service_clk). Large setup violations at the end of those stages might be difficult to fix during the post-placement implementation flow and could be the result of non-optimal XDC constraints or non-optimal design architecture
Related violations: <none>

TIMING-16#911 Warning
Large setup violation  
There is a large setup violation of -2.115 ns between generation_reg[4]/C (clocked by service_clk) and coefficient_read_reg[127]/CE (clocked by service_clk). Large setup violations at the end of those stages might be difficult to fix during the post-placement implementation flow and could be the result of non-optimal XDC constraints or non-optimal design architecture
Related violations: <none>

TIMING-16#912 Warning
Large setup violation  
There is a large setup violation of -2.121 ns between generation_reg[4]/C (clocked by service_clk) and coefficient_read_reg[12]/CE (clocked by service_clk). Large setup violations at the end of those stages might be difficult to fix during the post-placement implementation flow and could be the result of non-optimal XDC constraints or non-optimal design architecture
Related violations: <none>

TIMING-16#913 Warning
Large setup violation  
There is a large setup violation of -2.121 ns between generation_reg[4]/C (clocked by service_clk) and coefficient_read_reg[133]/CE (clocked by service_clk). Large setup violations at the end of those stages might be difficult to fix during the post-placement implementation flow and could be the result of non-optimal XDC constraints or non-optimal design architecture
Related violations: <none>

TIMING-16#914 Warning
Large setup violation  
There is a large setup violation of -2.124 ns between generation_reg[4]/C (clocked by service_clk) and coefficient_read_reg[160]/CE (clocked by service_clk). Large setup violations at the end of those stages might be difficult to fix during the post-placement implementation flow and could be the result of non-optimal XDC constraints or non-optimal design architecture
Related violations: <none>

TIMING-16#915 Warning
Large setup violation  
There is a large setup violation of -2.129 ns between generation_reg[4]/C (clocked by service_clk) and mac/acc_i_reg[5][28]/CE (clocked by service_clk). Large setup violations at the end of those stages might be difficult to fix during the post-placement implementation flow and could be the result of non-optimal XDC constraints or non-optimal design architecture
Related violations: <none>

TIMING-16#916 Warning
Large setup violation  
There is a large setup violation of -2.129 ns between generation_reg[4]/C (clocked by service_clk) and mac/acc_i_reg[5][29]/CE (clocked by service_clk). Large setup violations at the end of those stages might be difficult to fix during the post-placement implementation flow and could be the result of non-optimal XDC constraints or non-optimal design architecture
Related violations: <none>

TIMING-16#917 Warning
Large setup violation  
There is a large setup violation of -2.129 ns between generation_reg[4]/C (clocked by service_clk) and mac/acc_i_reg[5][30]/CE (clocked by service_clk). Large setup violations at the end of those stages might be difficult to fix during the post-placement implementation flow and could be the result of non-optimal XDC constraints or non-optimal design architecture
Related violations: <none>

TIMING-16#918 Warning
Large setup violation  
There is a large setup violation of -2.129 ns between generation_reg[4]/C (clocked by service_clk) and mac/acc_i_reg[5][31]/CE (clocked by service_clk). Large setup violations at the end of those stages might be difficult to fix during the post-placement implementation flow and could be the result of non-optimal XDC constraints or non-optimal design architecture
Related violations: <none>

TIMING-16#919 Warning
Large setup violation  
There is a large setup violation of -2.132 ns between generation_reg[4]/C (clocked by service_clk) and history[1].samples_reg/ADDRBWRADDR[5] (clocked by service_clk). Large setup violations at the end of those stages might be difficult to fix during the post-placement implementation flow and could be the result of non-optimal XDC constraints or non-optimal design architecture
Related violations: <none>

TIMING-16#920 Warning
Large setup violation  
There is a large setup violation of -2.132 ns between generation_reg[4]/C (clocked by service_clk) and history[4].samples_reg/ADDRBWRADDR[5] (clocked by service_clk). Large setup violations at the end of those stages might be difficult to fix during the post-placement implementation flow and could be the result of non-optimal XDC constraints or non-optimal design architecture
Related violations: <none>

TIMING-16#921 Warning
Large setup violation  
There is a large setup violation of -2.136 ns between generation_reg[4]/C (clocked by service_clk) and history[0].samples_reg/ADDRBWRADDR[10] (clocked by service_clk). Large setup violations at the end of those stages might be difficult to fix during the post-placement implementation flow and could be the result of non-optimal XDC constraints or non-optimal design architecture
Related violations: <none>

TIMING-16#922 Warning
Large setup violation  
There is a large setup violation of -2.136 ns between generation_reg[4]/C (clocked by service_clk) and history[5].samples_reg/ADDRBWRADDR[10] (clocked by service_clk). Large setup violations at the end of those stages might be difficult to fix during the post-placement implementation flow and could be the result of non-optimal XDC constraints or non-optimal design architecture
Related violations: <none>

TIMING-16#923 Warning
Large setup violation  
There is a large setup violation of -2.188 ns between generation_reg[4]/C (clocked by service_clk) and mac/acc_i_reg[5][36]/CE (clocked by service_clk). Large setup violations at the end of those stages might be difficult to fix during the post-placement implementation flow and could be the result of non-optimal XDC constraints or non-optimal design architecture
Related violations: <none>

TIMING-16#924 Warning
Large setup violation  
There is a large setup violation of -2.188 ns between generation_reg[4]/C (clocked by service_clk) and mac/acc_i_reg[5][37]/CE (clocked by service_clk). Large setup violations at the end of those stages might be difficult to fix during the post-placement implementation flow and could be the result of non-optimal XDC constraints or non-optimal design architecture
Related violations: <none>

TIMING-16#925 Warning
Large setup violation  
There is a large setup violation of -2.188 ns between generation_reg[4]/C (clocked by service_clk) and mac/acc_i_reg[5][38]/CE (clocked by service_clk). Large setup violations at the end of those stages might be difficult to fix during the post-placement implementation flow and could be the result of non-optimal XDC constraints or non-optimal design architecture
Related violations: <none>

TIMING-16#926 Warning
Large setup violation  
There is a large setup violation of -2.188 ns between generation_reg[4]/C (clocked by service_clk) and mac/acc_i_reg[5][39]/CE (clocked by service_clk). Large setup violations at the end of those stages might be difficult to fix during the post-placement implementation flow and could be the result of non-optimal XDC constraints or non-optimal design architecture
Related violations: <none>

TIMING-16#927 Warning
Large setup violation  
There is a large setup violation of -2.192 ns between generation_reg[4]/C (clocked by service_clk) and coefficient_read_reg[124]/CE (clocked by service_clk). Large setup violations at the end of those stages might be difficult to fix during the post-placement implementation flow and could be the result of non-optimal XDC constraints or non-optimal design architecture
Related violations: <none>

TIMING-16#928 Warning
Large setup violation  
There is a large setup violation of -2.192 ns between generation_reg[4]/C (clocked by service_clk) and coefficient_read_reg[125]/CE (clocked by service_clk). Large setup violations at the end of those stages might be difficult to fix during the post-placement implementation flow and could be the result of non-optimal XDC constraints or non-optimal design architecture
Related violations: <none>

TIMING-16#929 Warning
Large setup violation  
There is a large setup violation of -2.192 ns between generation_reg[4]/C (clocked by service_clk) and coefficient_read_reg[131]/CE (clocked by service_clk). Large setup violations at the end of those stages might be difficult to fix during the post-placement implementation flow and could be the result of non-optimal XDC constraints or non-optimal design architecture
Related violations: <none>

TIMING-16#930 Warning
Large setup violation  
There is a large setup violation of -2.192 ns between generation_reg[4]/C (clocked by service_clk) and coefficient_read_reg[137]/CE (clocked by service_clk). Large setup violations at the end of those stages might be difficult to fix during the post-placement implementation flow and could be the result of non-optimal XDC constraints or non-optimal design architecture
Related violations: <none>

TIMING-16#931 Warning
Large setup violation  
There is a large setup violation of -2.192 ns between generation_reg[4]/C (clocked by service_clk) and coefficient_read_reg[26]/CE (clocked by service_clk). Large setup violations at the end of those stages might be difficult to fix during the post-placement implementation flow and could be the result of non-optimal XDC constraints or non-optimal design architecture
Related violations: <none>

TIMING-16#932 Warning
Large setup violation  
There is a large setup violation of -2.192 ns between generation_reg[4]/C (clocked by service_clk) and coefficient_read_reg[31]/CE (clocked by service_clk). Large setup violations at the end of those stages might be difficult to fix during the post-placement implementation flow and could be the result of non-optimal XDC constraints or non-optimal design architecture
Related violations: <none>

TIMING-16#933 Warning
Large setup violation  
There is a large setup violation of -2.195 ns between generation_reg[4]/C (clocked by service_clk) and coefficient_read_reg[113]/CE (clocked by service_clk). Large setup violations at the end of those stages might be difficult to fix during the post-placement implementation flow and could be the result of non-optimal XDC constraints or non-optimal design architecture
Related violations: <none>

TIMING-16#934 Warning
Large setup violation  
There is a large setup violation of -2.195 ns between generation_reg[4]/C (clocked by service_clk) and coefficient_read_reg[116]/CE (clocked by service_clk). Large setup violations at the end of those stages might be difficult to fix during the post-placement implementation flow and could be the result of non-optimal XDC constraints or non-optimal design architecture
Related violations: <none>

TIMING-16#935 Warning
Large setup violation  
There is a large setup violation of -2.244 ns between generation_reg[4]/C (clocked by service_clk) and history[0].samples_reg/ENARDEN (clocked by service_clk). Large setup violations at the end of those stages might be difficult to fix during the post-placement implementation flow and could be the result of non-optimal XDC constraints or non-optimal design architecture
Related violations: <none>

TIMING-16#936 Warning
Large setup violation  
There is a large setup violation of -2.244 ns between generation_reg[4]/C (clocked by service_clk) and history[5].samples_reg/ENARDEN (clocked by service_clk). Large setup violations at the end of those stages might be difficult to fix during the post-placement implementation flow and could be the result of non-optimal XDC constraints or non-optimal design architecture
Related violations: <none>

TIMING-16#937 Warning
Large setup violation  
There is a large setup violation of -2.251 ns between generation_reg[4]/C (clocked by service_clk) and history[1].samples_reg/ENARDEN (clocked by service_clk). Large setup violations at the end of those stages might be difficult to fix during the post-placement implementation flow and could be the result of non-optimal XDC constraints or non-optimal design architecture
Related violations: <none>

TIMING-16#938 Warning
Large setup violation  
There is a large setup violation of -2.251 ns between generation_reg[4]/C (clocked by service_clk) and history[4].samples_reg/ENARDEN (clocked by service_clk). Large setup violations at the end of those stages might be difficult to fix during the post-placement implementation flow and could be the result of non-optimal XDC constraints or non-optimal design architecture
Related violations: <none>

TIMING-16#939 Warning
Large setup violation  
There is a large setup violation of -2.255 ns between generation_reg[4]/C (clocked by service_clk) and history[1].samples_reg/ADDRBWRADDR[10] (clocked by service_clk). Large setup violations at the end of those stages might be difficult to fix during the post-placement implementation flow and could be the result of non-optimal XDC constraints or non-optimal design architecture
Related violations: <none>

TIMING-16#940 Warning
Large setup violation  
There is a large setup violation of -2.255 ns between generation_reg[4]/C (clocked by service_clk) and history[4].samples_reg/ADDRBWRADDR[10] (clocked by service_clk). Large setup violations at the end of those stages might be difficult to fix during the post-placement implementation flow and could be the result of non-optimal XDC constraints or non-optimal design architecture
Related violations: <none>

TIMING-16#941 Warning
Large setup violation  
There is a large setup violation of -2.345 ns between generation_reg[4]/C (clocked by service_clk) and expected_timestamp_reg[52]/D (clocked by service_clk). Large setup violations at the end of those stages might be difficult to fix during the post-placement implementation flow and could be the result of non-optimal XDC constraints or non-optimal design architecture
Related violations: <none>

TIMING-16#942 Warning
Large setup violation  
There is a large setup violation of -2.361 ns between generation_reg[4]/C (clocked by service_clk) and history[2].samples_reg/ENARDEN (clocked by service_clk). Large setup violations at the end of those stages might be difficult to fix during the post-placement implementation flow and could be the result of non-optimal XDC constraints or non-optimal design architecture
Related violations: <none>

TIMING-16#943 Warning
Large setup violation  
There is a large setup violation of -2.361 ns between generation_reg[4]/C (clocked by service_clk) and history[3].samples_reg/ENARDEN (clocked by service_clk). Large setup violations at the end of those stages might be difficult to fix during the post-placement implementation flow and could be the result of non-optimal XDC constraints or non-optimal design architecture
Related violations: <none>

TIMING-16#944 Warning
Large setup violation  
There is a large setup violation of -2.385 ns between generation_reg[4]/C (clocked by service_clk) and history[2].samples_reg/ADDRBWRADDR[10] (clocked by service_clk). Large setup violations at the end of those stages might be difficult to fix during the post-placement implementation flow and could be the result of non-optimal XDC constraints or non-optimal design architecture
Related violations: <none>

TIMING-16#945 Warning
Large setup violation  
There is a large setup violation of -2.385 ns between generation_reg[4]/C (clocked by service_clk) and history[3].samples_reg/ADDRBWRADDR[10] (clocked by service_clk). Large setup violations at the end of those stages might be difficult to fix during the post-placement implementation flow and could be the result of non-optimal XDC constraints or non-optimal design architecture
Related violations: <none>

TIMING-16#946 Warning
Large setup violation  
There is a large setup violation of -2.414 ns between generation_reg[4]/C (clocked by service_clk) and coefficient_read_reg[130]/R (clocked by service_clk). Large setup violations at the end of those stages might be difficult to fix during the post-placement implementation flow and could be the result of non-optimal XDC constraints or non-optimal design architecture
Related violations: <none>

TIMING-16#947 Warning
Large setup violation  
There is a large setup violation of -2.414 ns between generation_reg[4]/C (clocked by service_clk) and coefficient_read_reg[140]/R (clocked by service_clk). Large setup violations at the end of those stages might be difficult to fix during the post-placement implementation flow and could be the result of non-optimal XDC constraints or non-optimal design architecture
Related violations: <none>

TIMING-16#948 Warning
Large setup violation  
There is a large setup violation of -2.414 ns between generation_reg[4]/C (clocked by service_clk) and coefficient_read_reg[165]/R (clocked by service_clk). Large setup violations at the end of those stages might be difficult to fix during the post-placement implementation flow and could be the result of non-optimal XDC constraints or non-optimal design architecture
Related violations: <none>

TIMING-16#949 Warning
Large setup violation  
There is a large setup violation of -2.414 ns between generation_reg[4]/C (clocked by service_clk) and coefficient_read_reg[25]/R (clocked by service_clk). Large setup violations at the end of those stages might be difficult to fix during the post-placement implementation flow and could be the result of non-optimal XDC constraints or non-optimal design architecture
Related violations: <none>

TIMING-16#950 Warning
Large setup violation  
There is a large setup violation of -2.444 ns between generation_reg[4]/C (clocked by service_clk) and history[0].samples_reg/ADDRBWRADDR[6] (clocked by service_clk). Large setup violations at the end of those stages might be difficult to fix during the post-placement implementation flow and could be the result of non-optimal XDC constraints or non-optimal design architecture
Related violations: <none>

TIMING-16#951 Warning
Large setup violation  
There is a large setup violation of -2.444 ns between generation_reg[4]/C (clocked by service_clk) and history[5].samples_reg/ADDRBWRADDR[6] (clocked by service_clk). Large setup violations at the end of those stages might be difficult to fix during the post-placement implementation flow and could be the result of non-optimal XDC constraints or non-optimal design architecture
Related violations: <none>

TIMING-16#952 Warning
Large setup violation  
There is a large setup violation of -2.464 ns between generation_reg[4]/C (clocked by service_clk) and history[1].samples_reg/ADDRBWRADDR[6] (clocked by service_clk). Large setup violations at the end of those stages might be difficult to fix during the post-placement implementation flow and could be the result of non-optimal XDC constraints or non-optimal design architecture
Related violations: <none>

TIMING-16#953 Warning
Large setup violation  
There is a large setup violation of -2.464 ns between generation_reg[4]/C (clocked by service_clk) and history[4].samples_reg/ADDRBWRADDR[6] (clocked by service_clk). Large setup violations at the end of those stages might be difficult to fix during the post-placement implementation flow and could be the result of non-optimal XDC constraints or non-optimal design architecture
Related violations: <none>

TIMING-16#954 Warning
Large setup violation  
There is a large setup violation of -2.513 ns between generation_reg[4]/C (clocked by service_clk) and coefficient_read_reg[32]/R (clocked by service_clk). Large setup violations at the end of those stages might be difficult to fix during the post-placement implementation flow and could be the result of non-optimal XDC constraints or non-optimal design architecture
Related violations: <none>

TIMING-16#955 Warning
Large setup violation  
There is a large setup violation of -2.513 ns between generation_reg[4]/C (clocked by service_clk) and coefficient_read_reg[71]/R (clocked by service_clk). Large setup violations at the end of those stages might be difficult to fix during the post-placement implementation flow and could be the result of non-optimal XDC constraints or non-optimal design architecture
Related violations: <none>

TIMING-16#956 Warning
Large setup violation  
There is a large setup violation of -2.513 ns between generation_reg[4]/C (clocked by service_clk) and coefficient_read_reg[77]/R (clocked by service_clk). Large setup violations at the end of those stages might be difficult to fix during the post-placement implementation flow and could be the result of non-optimal XDC constraints or non-optimal design architecture
Related violations: <none>

TIMING-16#957 Warning
Large setup violation  
There is a large setup violation of -2.554 ns between generation_reg[4]/C (clocked by service_clk) and coefficient_read_reg[105]/R (clocked by service_clk). Large setup violations at the end of those stages might be difficult to fix during the post-placement implementation flow and could be the result of non-optimal XDC constraints or non-optimal design architecture
Related violations: <none>

TIMING-16#958 Warning
Large setup violation  
There is a large setup violation of -2.554 ns between generation_reg[4]/C (clocked by service_clk) and coefficient_read_reg[154]/R (clocked by service_clk). Large setup violations at the end of those stages might be difficult to fix during the post-placement implementation flow and could be the result of non-optimal XDC constraints or non-optimal design architecture
Related violations: <none>

TIMING-16#959 Warning
Large setup violation  
There is a large setup violation of -2.554 ns between generation_reg[4]/C (clocked by service_clk) and coefficient_read_reg[156]/R (clocked by service_clk). Large setup violations at the end of those stages might be difficult to fix during the post-placement implementation flow and could be the result of non-optimal XDC constraints or non-optimal design architecture
Related violations: <none>

TIMING-16#960 Warning
Large setup violation  
There is a large setup violation of -2.554 ns between generation_reg[4]/C (clocked by service_clk) and coefficient_read_reg[21]/R (clocked by service_clk). Large setup violations at the end of those stages might be difficult to fix during the post-placement implementation flow and could be the result of non-optimal XDC constraints or non-optimal design architecture
Related violations: <none>

TIMING-16#961 Warning
Large setup violation  
There is a large setup violation of -2.567 ns between generation_reg[4]/C (clocked by service_clk) and coefficient_read_reg[115]/R (clocked by service_clk). Large setup violations at the end of those stages might be difficult to fix during the post-placement implementation flow and could be the result of non-optimal XDC constraints or non-optimal design architecture
Related violations: <none>

TIMING-16#962 Warning
Large setup violation  
There is a large setup violation of -2.567 ns between generation_reg[4]/C (clocked by service_clk) and coefficient_read_reg[117]/R (clocked by service_clk). Large setup violations at the end of those stages might be difficult to fix during the post-placement implementation flow and could be the result of non-optimal XDC constraints or non-optimal design architecture
Related violations: <none>

TIMING-16#963 Warning
Large setup violation  
There is a large setup violation of -2.567 ns between generation_reg[4]/C (clocked by service_clk) and coefficient_read_reg[120]/R (clocked by service_clk). Large setup violations at the end of those stages might be difficult to fix during the post-placement implementation flow and could be the result of non-optimal XDC constraints or non-optimal design architecture
Related violations: <none>

TIMING-16#964 Warning
Large setup violation  
There is a large setup violation of -2.567 ns between generation_reg[4]/C (clocked by service_clk) and coefficient_read_reg[15]/R (clocked by service_clk). Large setup violations at the end of those stages might be difficult to fix during the post-placement implementation flow and could be the result of non-optimal XDC constraints or non-optimal design architecture
Related violations: <none>

TIMING-16#965 Warning
Large setup violation  
There is a large setup violation of -2.641 ns between generation_reg[4]/C (clocked by service_clk) and coefficient_read_reg[14]/R (clocked by service_clk). Large setup violations at the end of those stages might be difficult to fix during the post-placement implementation flow and could be the result of non-optimal XDC constraints or non-optimal design architecture
Related violations: <none>

TIMING-16#966 Warning
Large setup violation  
There is a large setup violation of -2.641 ns between generation_reg[4]/C (clocked by service_clk) and coefficient_read_reg[69]/R (clocked by service_clk). Large setup violations at the end of those stages might be difficult to fix during the post-placement implementation flow and could be the result of non-optimal XDC constraints or non-optimal design architecture
Related violations: <none>

TIMING-16#967 Warning
Large setup violation  
There is a large setup violation of -2.641 ns between generation_reg[4]/C (clocked by service_clk) and coefficient_read_reg[75]/R (clocked by service_clk). Large setup violations at the end of those stages might be difficult to fix during the post-placement implementation flow and could be the result of non-optimal XDC constraints or non-optimal design architecture
Related violations: <none>

TIMING-16#968 Warning
Large setup violation  
There is a large setup violation of -2.641 ns between generation_reg[4]/C (clocked by service_clk) and coefficient_read_reg[98]/R (clocked by service_clk). Large setup violations at the end of those stages might be difficult to fix during the post-placement implementation flow and could be the result of non-optimal XDC constraints or non-optimal design architecture
Related violations: <none>

TIMING-16#969 Warning
Large setup violation  
There is a large setup violation of -2.660 ns between generation_reg[4]/C (clocked by service_clk) and coefficient_read_reg[39]/R (clocked by service_clk). Large setup violations at the end of those stages might be difficult to fix during the post-placement implementation flow and could be the result of non-optimal XDC constraints or non-optimal design architecture
Related violations: <none>

TIMING-16#970 Warning
Large setup violation  
There is a large setup violation of -2.694 ns between generation_reg[4]/C (clocked by service_clk) and segment_fence (clocked by service_clk). Large setup violations at the end of those stages might be difficult to fix during the post-placement implementation flow and could be the result of non-optimal XDC constraints or non-optimal design architecture
Related violations: <none>

TIMING-16#971 Warning
Large setup violation  
There is a large setup violation of -2.720 ns between generation_reg[4]/C (clocked by service_clk) and coefficient_read_reg[106]/R (clocked by service_clk). Large setup violations at the end of those stages might be difficult to fix during the post-placement implementation flow and could be the result of non-optimal XDC constraints or non-optimal design architecture
Related violations: <none>

TIMING-16#972 Warning
Large setup violation  
There is a large setup violation of -2.720 ns between generation_reg[4]/C (clocked by service_clk) and coefficient_read_reg[30]/R (clocked by service_clk). Large setup violations at the end of those stages might be difficult to fix during the post-placement implementation flow and could be the result of non-optimal XDC constraints or non-optimal design architecture
Related violations: <none>

TIMING-16#973 Warning
Large setup violation  
There is a large setup violation of -2.720 ns between generation_reg[4]/C (clocked by service_clk) and coefficient_read_reg[68]/R (clocked by service_clk). Large setup violations at the end of those stages might be difficult to fix during the post-placement implementation flow and could be the result of non-optimal XDC constraints or non-optimal design architecture
Related violations: <none>

TIMING-16#974 Warning
Large setup violation  
There is a large setup violation of -2.720 ns between generation_reg[4]/C (clocked by service_clk) and coefficient_read_reg[85]/R (clocked by service_clk). Large setup violations at the end of those stages might be difficult to fix during the post-placement implementation flow and could be the result of non-optimal XDC constraints or non-optimal design architecture
Related violations: <none>

TIMING-16#975 Warning
Large setup violation  
There is a large setup violation of -2.749 ns between generation_reg[4]/C (clocked by service_clk) and coefficient_read_reg[128]/R (clocked by service_clk). Large setup violations at the end of those stages might be difficult to fix during the post-placement implementation flow and could be the result of non-optimal XDC constraints or non-optimal design architecture
Related violations: <none>

TIMING-16#976 Warning
Large setup violation  
There is a large setup violation of -2.749 ns between generation_reg[4]/C (clocked by service_clk) and coefficient_read_reg[167]/R (clocked by service_clk). Large setup violations at the end of those stages might be difficult to fix during the post-placement implementation flow and could be the result of non-optimal XDC constraints or non-optimal design architecture
Related violations: <none>

TIMING-16#977 Warning
Large setup violation  
There is a large setup violation of -2.749 ns between generation_reg[4]/C (clocked by service_clk) and coefficient_read_reg[50]/R (clocked by service_clk). Large setup violations at the end of those stages might be difficult to fix during the post-placement implementation flow and could be the result of non-optimal XDC constraints or non-optimal design architecture
Related violations: <none>

TIMING-16#978 Warning
Large setup violation  
There is a large setup violation of -2.749 ns between generation_reg[4]/C (clocked by service_clk) and coefficient_read_reg[67]/R (clocked by service_clk). Large setup violations at the end of those stages might be difficult to fix during the post-placement implementation flow and could be the result of non-optimal XDC constraints or non-optimal design architecture
Related violations: <none>

TIMING-16#979 Warning
Large setup violation  
There is a large setup violation of -2.758 ns between generation_reg[4]/C (clocked by service_clk) and coefficient_read_reg[123]/R (clocked by service_clk). Large setup violations at the end of those stages might be difficult to fix during the post-placement implementation flow and could be the result of non-optimal XDC constraints or non-optimal design architecture
Related violations: <none>

TIMING-16#980 Warning
Large setup violation  
There is a large setup violation of -2.758 ns between generation_reg[4]/C (clocked by service_clk) and coefficient_read_reg[166]/R (clocked by service_clk). Large setup violations at the end of those stages might be difficult to fix during the post-placement implementation flow and could be the result of non-optimal XDC constraints or non-optimal design architecture
Related violations: <none>

TIMING-16#981 Warning
Large setup violation  
There is a large setup violation of -2.758 ns between generation_reg[4]/C (clocked by service_clk) and coefficient_read_reg[61]/R (clocked by service_clk). Large setup violations at the end of those stages might be difficult to fix during the post-placement implementation flow and could be the result of non-optimal XDC constraints or non-optimal design architecture
Related violations: <none>

TIMING-16#982 Warning
Large setup violation  
There is a large setup violation of -2.758 ns between generation_reg[4]/C (clocked by service_clk) and coefficient_read_reg[66]/R (clocked by service_clk). Large setup violations at the end of those stages might be difficult to fix during the post-placement implementation flow and could be the result of non-optimal XDC constraints or non-optimal design architecture
Related violations: <none>

TIMING-16#983 Warning
Large setup violation  
There is a large setup violation of -2.799 ns between generation_reg[4]/C (clocked by service_clk) and coefficient_read_reg[3]/R (clocked by service_clk). Large setup violations at the end of those stages might be difficult to fix during the post-placement implementation flow and could be the result of non-optimal XDC constraints or non-optimal design architecture
Related violations: <none>

TIMING-16#984 Warning
Large setup violation  
There is a large setup violation of -2.799 ns between generation_reg[4]/C (clocked by service_clk) and coefficient_read_reg[7]/R (clocked by service_clk). Large setup violations at the end of those stages might be difficult to fix during the post-placement implementation flow and could be the result of non-optimal XDC constraints or non-optimal design architecture
Related violations: <none>

TIMING-16#985 Warning
Large setup violation  
There is a large setup violation of -2.819 ns between generation_reg[4]/C (clocked by service_clk) and coefficient_read_reg[12]/R (clocked by service_clk). Large setup violations at the end of those stages might be difficult to fix during the post-placement implementation flow and could be the result of non-optimal XDC constraints or non-optimal design architecture
Related violations: <none>

TIMING-16#986 Warning
Large setup violation  
There is a large setup violation of -2.819 ns between generation_reg[4]/C (clocked by service_clk) and coefficient_read_reg[133]/R (clocked by service_clk). Large setup violations at the end of those stages might be difficult to fix during the post-placement implementation flow and could be the result of non-optimal XDC constraints or non-optimal design architecture
Related violations: <none>

TIMING-16#987 Warning
Large setup violation  
There is a large setup violation of -2.819 ns between generation_reg[4]/C (clocked by service_clk) and coefficient_read_reg[136]/R (clocked by service_clk). Large setup violations at the end of those stages might be difficult to fix during the post-placement implementation flow and could be the result of non-optimal XDC constraints or non-optimal design architecture
Related violations: <none>

TIMING-16#988 Warning
Large setup violation  
There is a large setup violation of -2.819 ns between generation_reg[4]/C (clocked by service_clk) and coefficient_read_reg[18]/R (clocked by service_clk). Large setup violations at the end of those stages might be difficult to fix during the post-placement implementation flow and could be the result of non-optimal XDC constraints or non-optimal design architecture
Related violations: <none>

TIMING-16#989 Warning
Large setup violation  
There is a large setup violation of -2.823 ns between generation_reg[4]/C (clocked by service_clk) and coefficient_read_reg[160]/R (clocked by service_clk). Large setup violations at the end of those stages might be difficult to fix during the post-placement implementation flow and could be the result of non-optimal XDC constraints or non-optimal design architecture
Related violations: <none>

TIMING-16#990 Warning
Large setup violation  
There is a large setup violation of -2.861 ns between generation_reg[4]/C (clocked by service_clk) and coefficient_read_reg[101]/R (clocked by service_clk). Large setup violations at the end of those stages might be difficult to fix during the post-placement implementation flow and could be the result of non-optimal XDC constraints or non-optimal design architecture
Related violations: <none>

TIMING-16#991 Warning
Large setup violation  
There is a large setup violation of -2.861 ns between generation_reg[4]/C (clocked by service_clk) and coefficient_read_reg[158]/R (clocked by service_clk). Large setup violations at the end of those stages might be difficult to fix during the post-placement implementation flow and could be the result of non-optimal XDC constraints or non-optimal design architecture
Related violations: <none>

TIMING-16#992 Warning
Large setup violation  
There is a large setup violation of -2.861 ns between generation_reg[4]/C (clocked by service_clk) and coefficient_read_reg[46]/R (clocked by service_clk). Large setup violations at the end of those stages might be difficult to fix during the post-placement implementation flow and could be the result of non-optimal XDC constraints or non-optimal design architecture
Related violations: <none>

TIMING-16#993 Warning
Large setup violation  
There is a large setup violation of -2.861 ns between generation_reg[4]/C (clocked by service_clk) and coefficient_read_reg[99]/R (clocked by service_clk). Large setup violations at the end of those stages might be difficult to fix during the post-placement implementation flow and could be the result of non-optimal XDC constraints or non-optimal design architecture
Related violations: <none>

TIMING-16#994 Warning
Large setup violation  
There is a large setup violation of -2.864 ns between expected_timestamp_reg[4]/C (clocked by service_clk) and gap_now (clocked by service_clk). Large setup violations at the end of those stages might be difficult to fix during the post-placement implementation flow and could be the result of non-optimal XDC constraints or non-optimal design architecture
Related violations: <none>

TIMING-16#995 Warning
Large setup violation  
There is a large setup violation of -2.865 ns between next_start_reg[0]/C (clocked by service_clk) and coefficient_read_reg[13]/R (clocked by service_clk). Large setup violations at the end of those stages might be difficult to fix during the post-placement implementation flow and could be the result of non-optimal XDC constraints or non-optimal design architecture
Related violations: <none>

TIMING-16#996 Warning
Large setup violation  
There is a large setup violation of -2.865 ns between next_start_reg[0]/C (clocked by service_clk) and coefficient_read_reg[42]/R (clocked by service_clk). Large setup violations at the end of those stages might be difficult to fix during the post-placement implementation flow and could be the result of non-optimal XDC constraints or non-optimal design architecture
Related violations: <none>

TIMING-16#997 Warning
Large setup violation  
There is a large setup violation of -2.865 ns between next_start_reg[0]/C (clocked by service_clk) and coefficient_read_reg[72]/R (clocked by service_clk). Large setup violations at the end of those stages might be difficult to fix during the post-placement implementation flow and could be the result of non-optimal XDC constraints or non-optimal design architecture
Related violations: <none>

TIMING-16#998 Warning
Large setup violation  
There is a large setup violation of -2.865 ns between next_start_reg[0]/C (clocked by service_clk) and coefficient_read_reg[94]/R (clocked by service_clk). Large setup violations at the end of those stages might be difficult to fix during the post-placement implementation flow and could be the result of non-optimal XDC constraints or non-optimal design architecture
Related violations: <none>

TIMING-16#999 Warning
Large setup violation  
There is a large setup violation of -3.045 ns between next_start_reg[0]/C (clocked by service_clk) and output_valid (clocked by service_clk). Large setup violations at the end of those stages might be difficult to fix during the post-placement implementation flow and could be the result of non-optimal XDC constraints or non-optimal design architecture
Related violations: <none>

TIMING-16#1000 Warning
Large setup violation  
There is a large setup violation of -3.161 ns between expected_timestamp_reg[4]/C (clocked by service_clk) and expiry_now (clocked by service_clk). Large setup violations at the end of those stages might be difficult to fix during the post-placement implementation flow and could be the result of non-optimal XDC constraints or non-optimal design architecture
Related violations: <none>


