Copyright 1986-2022 Xilinx, Inc. All Rights Reserved.
---------------------------------------------------------------------------------------------------------------------------------------------------------------------------------------------------------
| Tool Version : Vivado v.2022.2 (lin64) Build 3671981 Fri Oct 14 04:59:54 MDT 2022
| Date         : Thu Sep 10 02:01:45 2026
| Host         : gauss running 64-bit Ubuntu 26.04 LTS
| Command      : report_timing -from [get_clocks island_175] -to [get_clocks island_175] -delay_type max -max_paths 20 -file /tmp/starlink-completed-input.5EaJuD/registered-route-v1/island_175_max.rpt
| Design       : starlink_pss_fft_bank_owned_slice
| Device       : 7z010-clg400
| Speed File   : -1  PRODUCTION 1.12 2019-11-22
---------------------------------------------------------------------------------------------------------------------------------------------------------------------------------------------------------

Timing Report

Slack (VIOLATED) :        -2.461ns  (required time - arrival time)
  Source:                 registered_scheduling.state_reg[2]/C
                            (rising edge-triggered cell FDRE clocked by island_175  {rise@0.000ns fall@2.857ns period=5.714ns})
  Destination:            result_guard/active_private_reg/D
                            (rising edge-triggered cell FDCE clocked by island_175  {rise@0.000ns fall@2.857ns period=5.714ns})
  Path Group:             island_175
  Path Type:              Setup (Max at Slow Process Corner)
  Requirement:            5.714ns  (island_175 rise@5.714ns - island_175 rise@0.000ns)
  Data Path Delay:        8.122ns  (logic 2.630ns (32.382%)  route 5.492ns (67.618%))
  Logic Levels:           14  (CARRY4=6 LUT2=1 LUT3=1 LUT5=1 LUT6=5)
  Clock Path Skew:        -0.049ns (DCD - SCD + CPR)
    Destination Clock Delay (DCD):    0.924ns = ( 6.638 - 5.714 ) 
    Source Clock Delay      (SCD):    0.973ns
    Clock Pessimism Removal (CPR):    0.000ns
  Clock Uncertainty:      0.035ns  ((TSJ^2 + TIJ^2)^1/2 + DJ) / 2 + PE
    Total System Jitter     (TSJ):    0.071ns
    Total Input Jitter      (TIJ):    0.000ns
    Discrete Jitter          (DJ):    0.000ns
    Phase Error              (PE):    0.000ns

    Location             Delay type                Incr(ns)  Path(ns)    Netlist Resource(s)
  -------------------------------------------------------------------    -------------------
                         (clock island_175 rise edge)
                                                      0.000     0.000 r  
                                                      0.000     0.000 r  fft_clk (IN)
                         net (fo=4709, unset)         0.973     0.973    fft_clk
    SLICE_X38Y6          FDRE                                         r  registered_scheduling.state_reg[2]/C
  -------------------------------------------------------------------    -------------------
    SLICE_X38Y6          FDRE (Prop_fdre_C_Q)         0.518     1.491 r  registered_scheduling.state_reg[2]/Q
                         net (fo=14, routed)          0.826     2.317    result_guard/registered_scheduling.state_reg[3]_1
    SLICE_X38Y7          LUT6 (Prop_lut6_I4_O)        0.124     2.441 r  result_guard/payload_memory_reg_i_3/O
                         net (fo=129, routed)         0.943     3.384    product_bank/payload_memory_reg_2
    SLICE_X36Y3          LUT2 (Prop_lut2_I1_O)        0.124     3.508 r  product_bank/registered_scheduling.engine_metadata[3]_i_1/O
                         net (fo=3, routed)           0.689     4.197    product_bank/metadata_out_hold_reg[4]_0[3]
    SLICE_X35Y3          LUT6 (Prop_lut6_I3_O)        0.124     4.321 r  product_bank/registered_scheduling.descriptor_certified_i_59/O
                         net (fo=1, routed)           0.000     4.321    source_bank/registered_scheduling.descriptor_certified_reg_i_37_0[1]
    SLICE_X35Y3          CARRY4 (Prop_carry4_S[1]_CO[3])
                                                      0.550     4.871 r  source_bank/registered_scheduling.descriptor_certified_reg_i_47/CO[3]
                         net (fo=1, routed)           0.000     4.871    source_bank/registered_scheduling.descriptor_certified_reg_i_47_n_0
    SLICE_X35Y4          CARRY4 (Prop_carry4_CI_CO[3])
                                                      0.114     4.985 r  source_bank/registered_scheduling.descriptor_certified_reg_i_37/CO[3]
                         net (fo=1, routed)           0.000     4.985    source_bank/registered_scheduling.descriptor_certified_reg_i_37_n_0
    SLICE_X35Y5          CARRY4 (Prop_carry4_CI_CO[3])
                                                      0.114     5.099 r  source_bank/registered_scheduling.descriptor_certified_reg_i_27/CO[3]
                         net (fo=1, routed)           0.000     5.099    source_bank/registered_scheduling.descriptor_certified_reg_i_27_n_0
    SLICE_X35Y6          CARRY4 (Prop_carry4_CI_CO[3])
                                                      0.114     5.213 r  source_bank/registered_scheduling.descriptor_certified_reg_i_17/CO[3]
                         net (fo=1, routed)           0.000     5.213    source_bank/registered_scheduling.descriptor_certified_reg_i_17_n_0
    SLICE_X35Y7          CARRY4 (Prop_carry4_CI_CO[3])
                                                      0.114     5.327 r  source_bank/registered_scheduling.descriptor_certified_reg_i_10/CO[3]
                         net (fo=1, routed)           0.000     5.327    source_bank/registered_scheduling.descriptor_certified_reg_i_10_n_0
    SLICE_X35Y8          CARRY4 (Prop_carry4_CI_CO[3])
                                                      0.114     5.441 r  source_bank/registered_scheduling.descriptor_certified_reg_i_8/CO[3]
                         net (fo=1, routed)           0.918     6.359    source_bank/preparation_valid2
    SLICE_X29Y7          LUT5 (Prop_lut5_I0_O)        0.124     6.483 f  source_bank/registered_scheduling.descriptor_certified_i_6/O
                         net (fo=1, routed)           0.306     6.789    source_bank/registered_scheduling.descriptor_certified_i_6_n_0
    SLICE_X28Y6          LUT6 (Prop_lut6_I4_O)        0.124     6.913 f  source_bank/registered_scheduling.descriptor_certified_i_3/O
                         net (fo=2, routed)           0.733     7.646    source_bank/registered_scheduling.held_lease_reg
    SLICE_X26Y6          LUT6 (Prop_lut6_I2_O)        0.124     7.770 f  source_bank/registered_scheduling.completion_receipt_i_2/O
                         net (fo=5, routed)           0.340     8.110    output_bank/fault_reasons_reg[0]
    SLICE_X26Y5          LUT3 (Prop_lut3_I2_O)        0.124     8.234 f  output_bank/fault_reasons[0]_i_2/O
                         net (fo=4, routed)           0.737     8.971    result_guard/fault_reasons_reg[0]_0
    SLICE_X19Y4          LUT6 (Prop_lut6_I4_O)        0.124     9.095 r  result_guard/active_private_i_1_comp_1/O
                         net (fo=1, routed)           0.000     9.095    result_guard/active_private_i_1_n_0
    SLICE_X19Y4          FDCE                                         r  result_guard/active_private_reg/D
  -------------------------------------------------------------------    -------------------

                         (clock island_175 rise edge)
                                                      5.714     5.714 r  
                                                      0.000     5.714 r  fft_clk (IN)
                         net (fo=4709, unset)         0.924     6.638    result_guard/fft_clk
    SLICE_X19Y4          FDCE                                         r  result_guard/active_private_reg/C
                         clock pessimism              0.000     6.638    
                         clock uncertainty           -0.035     6.603    
    SLICE_X19Y4          FDCE (Setup_fdce_C_D)        0.031     6.634    result_guard/active_private_reg
  -------------------------------------------------------------------
                         required time                          6.634    
                         arrival time                          -9.095    
  -------------------------------------------------------------------
                         slack                                 -2.461    

Slack (VIOLATED) :        -2.439ns  (required time - arrival time)
  Source:                 registered_scheduling.state_reg[2]/C
                            (rising edge-triggered cell FDRE clocked by island_175  {rise@0.000ns fall@2.857ns period=5.714ns})
  Destination:            registered_scheduling.admission_receipt_reg/D
                            (rising edge-triggered cell FDRE clocked by island_175  {rise@0.000ns fall@2.857ns period=5.714ns})
  Path Group:             island_175
  Path Type:              Setup (Max at Slow Process Corner)
  Requirement:            5.714ns  (island_175 rise@5.714ns - island_175 rise@0.000ns)
  Data Path Delay:        8.100ns  (logic 2.630ns (32.471%)  route 5.470ns (67.529%))
  Logic Levels:           14  (CARRY4=6 LUT2=1 LUT3=1 LUT5=1 LUT6=5)
  Clock Path Skew:        -0.049ns (DCD - SCD + CPR)
    Destination Clock Delay (DCD):    0.924ns = ( 6.638 - 5.714 ) 
    Source Clock Delay      (SCD):    0.973ns
    Clock Pessimism Removal (CPR):    0.000ns
  Clock Uncertainty:      0.035ns  ((TSJ^2 + TIJ^2)^1/2 + DJ) / 2 + PE
    Total System Jitter     (TSJ):    0.071ns
    Total Input Jitter      (TIJ):    0.000ns
    Discrete Jitter          (DJ):    0.000ns
    Phase Error              (PE):    0.000ns

    Location             Delay type                Incr(ns)  Path(ns)    Netlist Resource(s)
  -------------------------------------------------------------------    -------------------
                         (clock island_175 rise edge)
                                                      0.000     0.000 r  
                                                      0.000     0.000 r  fft_clk (IN)
                         net (fo=4709, unset)         0.973     0.973    fft_clk
    SLICE_X38Y6          FDRE                                         r  registered_scheduling.state_reg[2]/C
  -------------------------------------------------------------------    -------------------
    SLICE_X38Y6          FDRE (Prop_fdre_C_Q)         0.518     1.491 r  registered_scheduling.state_reg[2]/Q
                         net (fo=14, routed)          0.826     2.317    result_guard/registered_scheduling.state_reg[3]_1
    SLICE_X38Y7          LUT6 (Prop_lut6_I4_O)        0.124     2.441 r  result_guard/payload_memory_reg_i_3/O
                         net (fo=129, routed)         0.943     3.384    product_bank/payload_memory_reg_2
    SLICE_X36Y3          LUT2 (Prop_lut2_I1_O)        0.124     3.508 r  product_bank/registered_scheduling.engine_metadata[3]_i_1/O
                         net (fo=3, routed)           0.689     4.197    product_bank/metadata_out_hold_reg[4]_0[3]
    SLICE_X35Y3          LUT6 (Prop_lut6_I3_O)        0.124     4.321 r  product_bank/registered_scheduling.descriptor_certified_i_59/O
                         net (fo=1, routed)           0.000     4.321    source_bank/registered_scheduling.descriptor_certified_reg_i_37_0[1]
    SLICE_X35Y3          CARRY4 (Prop_carry4_S[1]_CO[3])
                                                      0.550     4.871 r  source_bank/registered_scheduling.descriptor_certified_reg_i_47/CO[3]
                         net (fo=1, routed)           0.000     4.871    source_bank/registered_scheduling.descriptor_certified_reg_i_47_n_0
    SLICE_X35Y4          CARRY4 (Prop_carry4_CI_CO[3])
                                                      0.114     4.985 r  source_bank/registered_scheduling.descriptor_certified_reg_i_37/CO[3]
                         net (fo=1, routed)           0.000     4.985    source_bank/registered_scheduling.descriptor_certified_reg_i_37_n_0
    SLICE_X35Y5          CARRY4 (Prop_carry4_CI_CO[3])
                                                      0.114     5.099 r  source_bank/registered_scheduling.descriptor_certified_reg_i_27/CO[3]
                         net (fo=1, routed)           0.000     5.099    source_bank/registered_scheduling.descriptor_certified_reg_i_27_n_0
    SLICE_X35Y6          CARRY4 (Prop_carry4_CI_CO[3])
                                                      0.114     5.213 r  source_bank/registered_scheduling.descriptor_certified_reg_i_17/CO[3]
                         net (fo=1, routed)           0.000     5.213    source_bank/registered_scheduling.descriptor_certified_reg_i_17_n_0
    SLICE_X35Y7          CARRY4 (Prop_carry4_CI_CO[3])
                                                      0.114     5.327 r  source_bank/registered_scheduling.descriptor_certified_reg_i_10/CO[3]
                         net (fo=1, routed)           0.000     5.327    source_bank/registered_scheduling.descriptor_certified_reg_i_10_n_0
    SLICE_X35Y8          CARRY4 (Prop_carry4_CI_CO[3])
                                                      0.114     5.441 r  source_bank/registered_scheduling.descriptor_certified_reg_i_8/CO[3]
                         net (fo=1, routed)           0.918     6.359    source_bank/preparation_valid2
    SLICE_X29Y7          LUT5 (Prop_lut5_I0_O)        0.124     6.483 f  source_bank/registered_scheduling.descriptor_certified_i_6/O
                         net (fo=1, routed)           0.306     6.789    source_bank/registered_scheduling.descriptor_certified_i_6_n_0
    SLICE_X28Y6          LUT6 (Prop_lut6_I4_O)        0.124     6.913 f  source_bank/registered_scheduling.descriptor_certified_i_3/O
                         net (fo=2, routed)           0.733     7.646    source_bank/registered_scheduling.held_lease_reg
    SLICE_X26Y6          LUT6 (Prop_lut6_I2_O)        0.124     7.770 f  source_bank/registered_scheduling.completion_receipt_i_2/O
                         net (fo=5, routed)           0.340     8.110    output_bank/fault_reasons_reg[0]
    SLICE_X26Y5          LUT3 (Prop_lut3_I2_O)        0.124     8.234 f  output_bank/fault_reasons[0]_i_2/O
                         net (fo=4, routed)           0.715     8.949    output_bank/input_fault_reg_1
    SLICE_X19Y5          LUT6 (Prop_lut6_I5_O)        0.124     9.073 r  output_bank/registered_scheduling.admission_receipt_i_1_comp_1/O
                         net (fo=1, routed)           0.000     9.073    job_accept
    SLICE_X19Y5          FDRE                                         r  registered_scheduling.admission_receipt_reg/D
  -------------------------------------------------------------------    -------------------

                         (clock island_175 rise edge)
                                                      5.714     5.714 r  
                                                      0.000     5.714 r  fft_clk (IN)
                         net (fo=4709, unset)         0.924     6.638    fft_clk
    SLICE_X19Y5          FDRE                                         r  registered_scheduling.admission_receipt_reg/C
                         clock pessimism              0.000     6.638    
                         clock uncertainty           -0.035     6.603    
    SLICE_X19Y5          FDRE (Setup_fdre_C_D)        0.031     6.634    registered_scheduling.admission_receipt_reg
  -------------------------------------------------------------------
                         required time                          6.634    
                         arrival time                          -9.073    
  -------------------------------------------------------------------
                         slack                                 -2.439    

Slack (VIOLATED) :        -2.428ns  (required time - arrival time)
  Source:                 registered_scheduling.state_reg[2]/C
                            (rising edge-triggered cell FDRE clocked by island_175  {rise@0.000ns fall@2.857ns period=5.714ns})
  Destination:            result_guard/awaiting_ack_reg/D
                            (rising edge-triggered cell FDCE clocked by island_175  {rise@0.000ns fall@2.857ns period=5.714ns})
  Path Group:             island_175
  Path Type:              Setup (Max at Slow Process Corner)
  Requirement:            5.714ns  (island_175 rise@5.714ns - island_175 rise@0.000ns)
  Data Path Delay:        8.087ns  (logic 2.630ns (32.519%)  route 5.457ns (67.481%))
  Logic Levels:           14  (CARRY4=6 LUT2=1 LUT3=1 LUT5=1 LUT6=5)
  Clock Path Skew:        -0.049ns (DCD - SCD + CPR)
    Destination Clock Delay (DCD):    0.924ns = ( 6.638 - 5.714 ) 
    Source Clock Delay      (SCD):    0.973ns
    Clock Pessimism Removal (CPR):    0.000ns
  Clock Uncertainty:      0.035ns  ((TSJ^2 + TIJ^2)^1/2 + DJ) / 2 + PE
    Total System Jitter     (TSJ):    0.071ns
    Total Input Jitter      (TIJ):    0.000ns
    Discrete Jitter          (DJ):    0.000ns
    Phase Error              (PE):    0.000ns

    Location             Delay type                Incr(ns)  Path(ns)    Netlist Resource(s)
  -------------------------------------------------------------------    -------------------
                         (clock island_175 rise edge)
                                                      0.000     0.000 r  
                                                      0.000     0.000 r  fft_clk (IN)
                         net (fo=4709, unset)         0.973     0.973    fft_clk
    SLICE_X38Y6          FDRE                                         r  registered_scheduling.state_reg[2]/C
  -------------------------------------------------------------------    -------------------
    SLICE_X38Y6          FDRE (Prop_fdre_C_Q)         0.518     1.491 r  registered_scheduling.state_reg[2]/Q
                         net (fo=14, routed)          0.826     2.317    result_guard/registered_scheduling.state_reg[3]_1
    SLICE_X38Y7          LUT6 (Prop_lut6_I4_O)        0.124     2.441 r  result_guard/payload_memory_reg_i_3/O
                         net (fo=129, routed)         0.943     3.384    product_bank/payload_memory_reg_2
    SLICE_X36Y3          LUT2 (Prop_lut2_I1_O)        0.124     3.508 r  product_bank/registered_scheduling.engine_metadata[3]_i_1/O
                         net (fo=3, routed)           0.689     4.197    product_bank/metadata_out_hold_reg[4]_0[3]
    SLICE_X35Y3          LUT6 (Prop_lut6_I3_O)        0.124     4.321 r  product_bank/registered_scheduling.descriptor_certified_i_59/O
                         net (fo=1, routed)           0.000     4.321    source_bank/registered_scheduling.descriptor_certified_reg_i_37_0[1]
    SLICE_X35Y3          CARRY4 (Prop_carry4_S[1]_CO[3])
                                                      0.550     4.871 r  source_bank/registered_scheduling.descriptor_certified_reg_i_47/CO[3]
                         net (fo=1, routed)           0.000     4.871    source_bank/registered_scheduling.descriptor_certified_reg_i_47_n_0
    SLICE_X35Y4          CARRY4 (Prop_carry4_CI_CO[3])
                                                      0.114     4.985 r  source_bank/registered_scheduling.descriptor_certified_reg_i_37/CO[3]
                         net (fo=1, routed)           0.000     4.985    source_bank/registered_scheduling.descriptor_certified_reg_i_37_n_0
    SLICE_X35Y5          CARRY4 (Prop_carry4_CI_CO[3])
                                                      0.114     5.099 r  source_bank/registered_scheduling.descriptor_certified_reg_i_27/CO[3]
                         net (fo=1, routed)           0.000     5.099    source_bank/registered_scheduling.descriptor_certified_reg_i_27_n_0
    SLICE_X35Y6          CARRY4 (Prop_carry4_CI_CO[3])
                                                      0.114     5.213 r  source_bank/registered_scheduling.descriptor_certified_reg_i_17/CO[3]
                         net (fo=1, routed)           0.000     5.213    source_bank/registered_scheduling.descriptor_certified_reg_i_17_n_0
    SLICE_X35Y7          CARRY4 (Prop_carry4_CI_CO[3])
                                                      0.114     5.327 r  source_bank/registered_scheduling.descriptor_certified_reg_i_10/CO[3]
                         net (fo=1, routed)           0.000     5.327    source_bank/registered_scheduling.descriptor_certified_reg_i_10_n_0
    SLICE_X35Y8          CARRY4 (Prop_carry4_CI_CO[3])
                                                      0.114     5.441 f  source_bank/registered_scheduling.descriptor_certified_reg_i_8/CO[3]
                         net (fo=1, routed)           0.918     6.359    source_bank/preparation_valid2
    SLICE_X29Y7          LUT5 (Prop_lut5_I0_O)        0.124     6.483 r  source_bank/registered_scheduling.descriptor_certified_i_6/O
                         net (fo=1, routed)           0.306     6.789    source_bank/registered_scheduling.descriptor_certified_i_6_n_0
    SLICE_X28Y6          LUT6 (Prop_lut6_I4_O)        0.124     6.913 r  source_bank/registered_scheduling.descriptor_certified_i_3/O
                         net (fo=2, routed)           0.733     7.646    source_bank/registered_scheduling.held_lease_reg
    SLICE_X26Y6          LUT6 (Prop_lut6_I2_O)        0.124     7.770 r  source_bank/registered_scheduling.completion_receipt_i_2/O
                         net (fo=5, routed)           0.340     8.110    output_bank/fault_reasons_reg[0]
    SLICE_X26Y5          LUT3 (Prop_lut3_I2_O)        0.124     8.234 r  output_bank/fault_reasons[0]_i_2/O
                         net (fo=4, routed)           0.703     8.936    result_guard/fault_reasons_reg[0]_0
    SLICE_X21Y5          LUT6 (Prop_lut6_I4_O)        0.124     9.060 r  result_guard/awaiting_ack_i_1_comp/O
                         net (fo=1, routed)           0.000     9.060    result_guard/awaiting_ack_i_1_n_0
    SLICE_X21Y5          FDCE                                         r  result_guard/awaiting_ack_reg/D
  -------------------------------------------------------------------    -------------------

                         (clock island_175 rise edge)
                                                      5.714     5.714 r  
                                                      0.000     5.714 r  fft_clk (IN)
                         net (fo=4709, unset)         0.924     6.638    result_guard/fft_clk
    SLICE_X21Y5          FDCE                                         r  result_guard/awaiting_ack_reg/C
                         clock pessimism              0.000     6.638    
                         clock uncertainty           -0.035     6.603    
    SLICE_X21Y5          FDCE (Setup_fdce_C_D)        0.029     6.632    result_guard/awaiting_ack_reg
  -------------------------------------------------------------------
                         required time                          6.632    
                         arrival time                          -9.060    
  -------------------------------------------------------------------
                         slack                                 -2.428    

Slack (VIOLATED) :        -2.303ns  (required time - arrival time)
  Source:                 registered_scheduling.state_reg[2]/C
                            (rising edge-triggered cell FDRE clocked by island_175  {rise@0.000ns fall@2.857ns period=5.714ns})
  Destination:            result_guard/fault_reasons_reg[0]/D
                            (rising edge-triggered cell FDCE clocked by island_175  {rise@0.000ns fall@2.857ns period=5.714ns})
  Path Group:             island_175
  Path Type:              Setup (Max at Slow Process Corner)
  Requirement:            5.714ns  (island_175 rise@5.714ns - island_175 rise@0.000ns)
  Data Path Delay:        7.964ns  (logic 2.630ns (33.022%)  route 5.334ns (66.978%))
  Logic Levels:           14  (CARRY4=6 LUT2=2 LUT3=1 LUT5=1 LUT6=4)
  Clock Path Skew:        -0.049ns (DCD - SCD + CPR)
    Destination Clock Delay (DCD):    0.924ns = ( 6.638 - 5.714 ) 
    Source Clock Delay      (SCD):    0.973ns
    Clock Pessimism Removal (CPR):    0.000ns
  Clock Uncertainty:      0.035ns  ((TSJ^2 + TIJ^2)^1/2 + DJ) / 2 + PE
    Total System Jitter     (TSJ):    0.071ns
    Total Input Jitter      (TIJ):    0.000ns
    Discrete Jitter          (DJ):    0.000ns
    Phase Error              (PE):    0.000ns

    Location             Delay type                Incr(ns)  Path(ns)    Netlist Resource(s)
  -------------------------------------------------------------------    -------------------
                         (clock island_175 rise edge)
                                                      0.000     0.000 r  
                                                      0.000     0.000 r  fft_clk (IN)
                         net (fo=4709, unset)         0.973     0.973    fft_clk
    SLICE_X38Y6          FDRE                                         r  registered_scheduling.state_reg[2]/C
  -------------------------------------------------------------------    -------------------
    SLICE_X38Y6          FDRE (Prop_fdre_C_Q)         0.518     1.491 r  registered_scheduling.state_reg[2]/Q
                         net (fo=14, routed)          0.826     2.317    result_guard/registered_scheduling.state_reg[3]_1
    SLICE_X38Y7          LUT6 (Prop_lut6_I4_O)        0.124     2.441 r  result_guard/payload_memory_reg_i_3/O
                         net (fo=129, routed)         0.943     3.384    product_bank/payload_memory_reg_2
    SLICE_X36Y3          LUT2 (Prop_lut2_I1_O)        0.124     3.508 r  product_bank/registered_scheduling.engine_metadata[3]_i_1/O
                         net (fo=3, routed)           0.689     4.197    product_bank/metadata_out_hold_reg[4]_0[3]
    SLICE_X35Y3          LUT6 (Prop_lut6_I3_O)        0.124     4.321 r  product_bank/registered_scheduling.descriptor_certified_i_59/O
                         net (fo=1, routed)           0.000     4.321    source_bank/registered_scheduling.descriptor_certified_reg_i_37_0[1]
    SLICE_X35Y3          CARRY4 (Prop_carry4_S[1]_CO[3])
                                                      0.550     4.871 r  source_bank/registered_scheduling.descriptor_certified_reg_i_47/CO[3]
                         net (fo=1, routed)           0.000     4.871    source_bank/registered_scheduling.descriptor_certified_reg_i_47_n_0
    SLICE_X35Y4          CARRY4 (Prop_carry4_CI_CO[3])
                                                      0.114     4.985 r  source_bank/registered_scheduling.descriptor_certified_reg_i_37/CO[3]
                         net (fo=1, routed)           0.000     4.985    source_bank/registered_scheduling.descriptor_certified_reg_i_37_n_0
    SLICE_X35Y5          CARRY4 (Prop_carry4_CI_CO[3])
                                                      0.114     5.099 r  source_bank/registered_scheduling.descriptor_certified_reg_i_27/CO[3]
                         net (fo=1, routed)           0.000     5.099    source_bank/registered_scheduling.descriptor_certified_reg_i_27_n_0
    SLICE_X35Y6          CARRY4 (Prop_carry4_CI_CO[3])
                                                      0.114     5.213 r  source_bank/registered_scheduling.descriptor_certified_reg_i_17/CO[3]
                         net (fo=1, routed)           0.000     5.213    source_bank/registered_scheduling.descriptor_certified_reg_i_17_n_0
    SLICE_X35Y7          CARRY4 (Prop_carry4_CI_CO[3])
                                                      0.114     5.327 r  source_bank/registered_scheduling.descriptor_certified_reg_i_10/CO[3]
                         net (fo=1, routed)           0.000     5.327    source_bank/registered_scheduling.descriptor_certified_reg_i_10_n_0
    SLICE_X35Y8          CARRY4 (Prop_carry4_CI_CO[3])
                                                      0.114     5.441 f  source_bank/registered_scheduling.descriptor_certified_reg_i_8/CO[3]
                         net (fo=1, routed)           0.918     6.359    source_bank/preparation_valid2
    SLICE_X29Y7          LUT5 (Prop_lut5_I0_O)        0.124     6.483 r  source_bank/registered_scheduling.descriptor_certified_i_6/O
                         net (fo=1, routed)           0.306     6.789    source_bank/registered_scheduling.descriptor_certified_i_6_n_0
    SLICE_X28Y6          LUT6 (Prop_lut6_I4_O)        0.124     6.913 r  source_bank/registered_scheduling.descriptor_certified_i_3/O
                         net (fo=2, routed)           0.733     7.646    source_bank/registered_scheduling.held_lease_reg
    SLICE_X26Y6          LUT6 (Prop_lut6_I2_O)        0.124     7.770 r  source_bank/registered_scheduling.completion_receipt_i_2/O
                         net (fo=5, routed)           0.340     8.110    output_bank/fault_reasons_reg[0]
    SLICE_X26Y5          LUT3 (Prop_lut3_I2_O)        0.124     8.234 r  output_bank/fault_reasons[0]_i_2/O
                         net (fo=4, routed)           0.579     8.813    result_guard/fault_reasons_reg[0]_0
    SLICE_X21Y5          LUT2 (Prop_lut2_I1_O)        0.124     8.937 r  result_guard/fault_reasons[0]_i_1/O
                         net (fo=1, routed)           0.000     8.937    result_guard/fault_reasons[0]_i_1_n_0
    SLICE_X21Y5          FDCE                                         r  result_guard/fault_reasons_reg[0]/D
  -------------------------------------------------------------------    -------------------

                         (clock island_175 rise edge)
                                                      5.714     5.714 r  
                                                      0.000     5.714 r  fft_clk (IN)
                         net (fo=4709, unset)         0.924     6.638    result_guard/fft_clk
    SLICE_X21Y5          FDCE                                         r  result_guard/fault_reasons_reg[0]/C
                         clock pessimism              0.000     6.638    
                         clock uncertainty           -0.035     6.603    
    SLICE_X21Y5          FDCE (Setup_fdce_C_D)        0.031     6.634    result_guard/fault_reasons_reg[0]
  -------------------------------------------------------------------
                         required time                          6.634    
                         arrival time                          -8.937    
  -------------------------------------------------------------------
                         slack                                 -2.303    

Slack (VIOLATED) :        -2.241ns  (required time - arrival time)
  Source:                 registered_scheduling.state_reg[2]/C
                            (rising edge-triggered cell FDRE clocked by island_175  {rise@0.000ns fall@2.857ns period=5.714ns})
  Destination:            shared_xfft/U0/i_synth/axi_wrapper/data_in_channel_fifo/gen_real_time.data_out_reg[36]/CE
                            (rising edge-triggered cell FDRE clocked by island_175  {rise@0.000ns fall@2.857ns period=5.714ns})
  Path Group:             island_175
  Path Type:              Setup (Max at Slow Process Corner)
  Requirement:            5.714ns  (island_175 rise@5.714ns - island_175 rise@0.000ns)
  Data Path Delay:        7.702ns  (logic 2.364ns (30.692%)  route 5.338ns (69.308%))
  Logic Levels:           12  (CARRY4=6 LUT2=1 LUT4=1 LUT6=4)
  Clock Path Skew:        -0.049ns (DCD - SCD + CPR)
    Destination Clock Delay (DCD):    0.924ns = ( 6.638 - 5.714 ) 
    Source Clock Delay      (SCD):    0.973ns
    Clock Pessimism Removal (CPR):    0.000ns
  Clock Uncertainty:      0.035ns  ((TSJ^2 + TIJ^2)^1/2 + DJ) / 2 + PE
    Total System Jitter     (TSJ):    0.071ns
    Total Input Jitter      (TIJ):    0.000ns
    Discrete Jitter          (DJ):    0.000ns
    Phase Error              (PE):    0.000ns

    Location             Delay type                Incr(ns)  Path(ns)    Netlist Resource(s)
  -------------------------------------------------------------------    -------------------
                         (clock island_175 rise edge)
                                                      0.000     0.000 r  
                                                      0.000     0.000 r  fft_clk (IN)
                         net (fo=4709, unset)         0.973     0.973    fft_clk
    SLICE_X38Y6          FDRE                                         r  registered_scheduling.state_reg[2]/C
  -------------------------------------------------------------------    -------------------
    SLICE_X38Y6          FDRE (Prop_fdre_C_Q)         0.518     1.491 r  registered_scheduling.state_reg[2]/Q
                         net (fo=14, routed)          0.826     2.317    result_guard/registered_scheduling.state_reg[3]_1
    SLICE_X38Y7          LUT6 (Prop_lut6_I4_O)        0.124     2.441 r  result_guard/payload_memory_reg_i_3/O
                         net (fo=129, routed)         0.919     3.360    product_bank/payload_memory_reg_2
    SLICE_X36Y3          LUT2 (Prop_lut2_I1_O)        0.124     3.484 r  product_bank/registered_scheduling.engine_metadata[1]_i_1/O
                         net (fo=3, routed)           0.610     4.094    input_guard/metadata_valid0_carry__3_1[1]
    SLICE_X36Y4          LUT6 (Prop_lut6_I4_O)        0.124     4.218 r  input_guard/metadata_valid0_carry_i_4/O
                         net (fo=1, routed)           0.000     4.218    input_guard/metadata_valid0_carry_i_4_n_0
    SLICE_X36Y4          CARRY4 (Prop_carry4_S[0]_CO[3])
                                                      0.532     4.750 r  input_guard/metadata_valid0_carry/CO[3]
                         net (fo=1, routed)           0.000     4.750    input_guard/metadata_valid0_carry_n_0
    SLICE_X36Y5          CARRY4 (Prop_carry4_CI_CO[3])
                                                      0.114     4.864 r  input_guard/metadata_valid0_carry__0/CO[3]
                         net (fo=1, routed)           0.000     4.864    input_guard/metadata_valid0_carry__0_n_0
    SLICE_X36Y6          CARRY4 (Prop_carry4_CI_CO[3])
                                                      0.114     4.978 r  input_guard/metadata_valid0_carry__1/CO[3]
                         net (fo=1, routed)           0.000     4.978    input_guard/metadata_valid0_carry__1_n_0
    SLICE_X36Y7          CARRY4 (Prop_carry4_CI_CO[3])
                                                      0.114     5.092 r  input_guard/metadata_valid0_carry__2/CO[3]
                         net (fo=1, routed)           0.000     5.092    input_guard/metadata_valid0_carry__2_n_0
    SLICE_X36Y8          CARRY4 (Prop_carry4_CI_CO[3])
                                                      0.114     5.206 r  input_guard/metadata_valid0_carry__3/CO[3]
                         net (fo=1, routed)           0.000     5.206    input_guard/metadata_valid0_carry__3_n_0
    SLICE_X36Y9          CARRY4 (Prop_carry4_CI_CO[3])
                                                      0.114     5.320 r  input_guard/metadata_valid0_carry__4/CO[3]
                         net (fo=1, routed)           1.044     6.364    input_guard/metadata_valid0
    SLICE_X28Y7          LUT6 (Prop_lut6_I5_O)        0.124     6.488 f  input_guard/fault_reasons[1]_i_2/O
                         net (fo=12, routed)          1.199     7.687    input_guard/fault_reasons[1]_i_2_n_0
    SLICE_X6Y6           LUT4 (Prop_lut4_I0_O)        0.124     7.811 r  input_guard/shared_xfft_i_40/O
                         net (fo=2, routed)           0.174     7.985    shared_xfft/U0/i_synth/axi_wrapper/data_in_channel_fifo/s_axis_data_tvalid
    SLICE_X6Y6           LUT6 (Prop_lut6_I5_O)        0.124     8.109 r  shared_xfft/U0/i_synth/axi_wrapper/data_in_channel_fifo/gen_real_time.data_out[36]_i_1__0/O
                         net (fo=37, routed)          0.566     8.675    shared_xfft/U0/i_synth/axi_wrapper/data_in_channel_fifo/gen_real_time.data_out[36]_i_1__0_n_513
    SLICE_X6Y8           FDRE                                         r  shared_xfft/U0/i_synth/axi_wrapper/data_in_channel_fifo/gen_real_time.data_out_reg[36]/CE
  -------------------------------------------------------------------    -------------------

                         (clock island_175 rise edge)
                                                      5.714     5.714 r  
                                                      0.000     5.714 r  fft_clk (IN)
                         net (fo=4709, unset)         0.924     6.638    shared_xfft/U0/i_synth/axi_wrapper/data_in_channel_fifo/aclk
    SLICE_X6Y8           FDRE                                         r  shared_xfft/U0/i_synth/axi_wrapper/data_in_channel_fifo/gen_real_time.data_out_reg[36]/C
                         clock pessimism              0.000     6.638    
                         clock uncertainty           -0.035     6.603    
    SLICE_X6Y8           FDRE (Setup_fdre_C_CE)      -0.169     6.434    shared_xfft/U0/i_synth/axi_wrapper/data_in_channel_fifo/gen_real_time.data_out_reg[36]
  -------------------------------------------------------------------
                         required time                          6.434    
                         arrival time                          -8.675    
  -------------------------------------------------------------------
                         slack                                 -2.241    

Slack (VIOLATED) :        -2.230ns  (required time - arrival time)
  Source:                 registered_scheduling.state_reg[2]/C
                            (rising edge-triggered cell FDRE clocked by island_175  {rise@0.000ns fall@2.857ns period=5.714ns})
  Destination:            shared_xfft/U0/i_synth/axi_wrapper/data_in_channel_fifo/gen_real_time.data_out_reg[15]/CE
                            (rising edge-triggered cell FDRE clocked by island_175  {rise@0.000ns fall@2.857ns period=5.714ns})
  Path Group:             island_175
  Path Type:              Setup (Max at Slow Process Corner)
  Requirement:            5.714ns  (island_175 rise@5.714ns - island_175 rise@0.000ns)
  Data Path Delay:        7.655ns  (logic 2.364ns (30.883%)  route 5.291ns (69.117%))
  Logic Levels:           12  (CARRY4=6 LUT2=1 LUT4=1 LUT6=4)
  Clock Path Skew:        -0.049ns (DCD - SCD + CPR)
    Destination Clock Delay (DCD):    0.924ns = ( 6.638 - 5.714 ) 
    Source Clock Delay      (SCD):    0.973ns
    Clock Pessimism Removal (CPR):    0.000ns
  Clock Uncertainty:      0.035ns  ((TSJ^2 + TIJ^2)^1/2 + DJ) / 2 + PE
    Total System Jitter     (TSJ):    0.071ns
    Total Input Jitter      (TIJ):    0.000ns
    Discrete Jitter          (DJ):    0.000ns
    Phase Error              (PE):    0.000ns

    Location             Delay type                Incr(ns)  Path(ns)    Netlist Resource(s)
  -------------------------------------------------------------------    -------------------
                         (clock island_175 rise edge)
                                                      0.000     0.000 r  
                                                      0.000     0.000 r  fft_clk (IN)
                         net (fo=4709, unset)         0.973     0.973    fft_clk
    SLICE_X38Y6          FDRE                                         r  registered_scheduling.state_reg[2]/C
  -------------------------------------------------------------------    -------------------
    SLICE_X38Y6          FDRE (Prop_fdre_C_Q)         0.518     1.491 r  registered_scheduling.state_reg[2]/Q
                         net (fo=14, routed)          0.826     2.317    result_guard/registered_scheduling.state_reg[3]_1
    SLICE_X38Y7          LUT6 (Prop_lut6_I4_O)        0.124     2.441 r  result_guard/payload_memory_reg_i_3/O
                         net (fo=129, routed)         0.919     3.360    product_bank/payload_memory_reg_2
    SLICE_X36Y3          LUT2 (Prop_lut2_I1_O)        0.124     3.484 r  product_bank/registered_scheduling.engine_metadata[1]_i_1/O
                         net (fo=3, routed)           0.610     4.094    input_guard/metadata_valid0_carry__3_1[1]
    SLICE_X36Y4          LUT6 (Prop_lut6_I4_O)        0.124     4.218 r  input_guard/metadata_valid0_carry_i_4/O
                         net (fo=1, routed)           0.000     4.218    input_guard/metadata_valid0_carry_i_4_n_0
    SLICE_X36Y4          CARRY4 (Prop_carry4_S[0]_CO[3])
                                                      0.532     4.750 r  input_guard/metadata_valid0_carry/CO[3]
                         net (fo=1, routed)           0.000     4.750    input_guard/metadata_valid0_carry_n_0
    SLICE_X36Y5          CARRY4 (Prop_carry4_CI_CO[3])
                                                      0.114     4.864 r  input_guard/metadata_valid0_carry__0/CO[3]
                         net (fo=1, routed)           0.000     4.864    input_guard/metadata_valid0_carry__0_n_0
    SLICE_X36Y6          CARRY4 (Prop_carry4_CI_CO[3])
                                                      0.114     4.978 r  input_guard/metadata_valid0_carry__1/CO[3]
                         net (fo=1, routed)           0.000     4.978    input_guard/metadata_valid0_carry__1_n_0
    SLICE_X36Y7          CARRY4 (Prop_carry4_CI_CO[3])
                                                      0.114     5.092 r  input_guard/metadata_valid0_carry__2/CO[3]
                         net (fo=1, routed)           0.000     5.092    input_guard/metadata_valid0_carry__2_n_0
    SLICE_X36Y8          CARRY4 (Prop_carry4_CI_CO[3])
                                                      0.114     5.206 r  input_guard/metadata_valid0_carry__3/CO[3]
                         net (fo=1, routed)           0.000     5.206    input_guard/metadata_valid0_carry__3_n_0
    SLICE_X36Y9          CARRY4 (Prop_carry4_CI_CO[3])
                                                      0.114     5.320 r  input_guard/metadata_valid0_carry__4/CO[3]
                         net (fo=1, routed)           1.044     6.364    input_guard/metadata_valid0
    SLICE_X28Y7          LUT6 (Prop_lut6_I5_O)        0.124     6.488 f  input_guard/fault_reasons[1]_i_2/O
                         net (fo=12, routed)          1.199     7.687    input_guard/fault_reasons[1]_i_2_n_0
    SLICE_X6Y6           LUT4 (Prop_lut4_I0_O)        0.124     7.811 r  input_guard/shared_xfft_i_40/O
                         net (fo=2, routed)           0.174     7.985    shared_xfft/U0/i_synth/axi_wrapper/data_in_channel_fifo/s_axis_data_tvalid
    SLICE_X6Y6           LUT6 (Prop_lut6_I5_O)        0.124     8.109 r  shared_xfft/U0/i_synth/axi_wrapper/data_in_channel_fifo/gen_real_time.data_out[36]_i_1__0/O
                         net (fo=37, routed)          0.519     8.628    shared_xfft/U0/i_synth/axi_wrapper/data_in_channel_fifo/gen_real_time.data_out[36]_i_1__0_n_513
    SLICE_X7Y9           FDRE                                         r  shared_xfft/U0/i_synth/axi_wrapper/data_in_channel_fifo/gen_real_time.data_out_reg[15]/CE
  -------------------------------------------------------------------    -------------------

                         (clock island_175 rise edge)
                                                      5.714     5.714 r  
                                                      0.000     5.714 r  fft_clk (IN)
                         net (fo=4709, unset)         0.924     6.638    shared_xfft/U0/i_synth/axi_wrapper/data_in_channel_fifo/aclk
    SLICE_X7Y9           FDRE                                         r  shared_xfft/U0/i_synth/axi_wrapper/data_in_channel_fifo/gen_real_time.data_out_reg[15]/C
                         clock pessimism              0.000     6.638    
                         clock uncertainty           -0.035     6.603    
    SLICE_X7Y9           FDRE (Setup_fdre_C_CE)      -0.205     6.398    shared_xfft/U0/i_synth/axi_wrapper/data_in_channel_fifo/gen_real_time.data_out_reg[15]
  -------------------------------------------------------------------
                         required time                          6.398    
                         arrival time                          -8.628    
  -------------------------------------------------------------------
                         slack                                 -2.230    

Slack (VIOLATED) :        -2.230ns  (required time - arrival time)
  Source:                 registered_scheduling.state_reg[2]/C
                            (rising edge-triggered cell FDRE clocked by island_175  {rise@0.000ns fall@2.857ns period=5.714ns})
  Destination:            shared_xfft/U0/i_synth/axi_wrapper/data_in_channel_fifo/gen_real_time.data_out_reg[16]/CE
                            (rising edge-triggered cell FDRE clocked by island_175  {rise@0.000ns fall@2.857ns period=5.714ns})
  Path Group:             island_175
  Path Type:              Setup (Max at Slow Process Corner)
  Requirement:            5.714ns  (island_175 rise@5.714ns - island_175 rise@0.000ns)
  Data Path Delay:        7.655ns  (logic 2.364ns (30.883%)  route 5.291ns (69.117%))
  Logic Levels:           12  (CARRY4=6 LUT2=1 LUT4=1 LUT6=4)
  Clock Path Skew:        -0.049ns (DCD - SCD + CPR)
    Destination Clock Delay (DCD):    0.924ns = ( 6.638 - 5.714 ) 
    Source Clock Delay      (SCD):    0.973ns
    Clock Pessimism Removal (CPR):    0.000ns
  Clock Uncertainty:      0.035ns  ((TSJ^2 + TIJ^2)^1/2 + DJ) / 2 + PE
    Total System Jitter     (TSJ):    0.071ns
    Total Input Jitter      (TIJ):    0.000ns
    Discrete Jitter          (DJ):    0.000ns
    Phase Error              (PE):    0.000ns

    Location             Delay type                Incr(ns)  Path(ns)    Netlist Resource(s)
  -------------------------------------------------------------------    -------------------
                         (clock island_175 rise edge)
                                                      0.000     0.000 r  
                                                      0.000     0.000 r  fft_clk (IN)
                         net (fo=4709, unset)         0.973     0.973    fft_clk
    SLICE_X38Y6          FDRE                                         r  registered_scheduling.state_reg[2]/C
  -------------------------------------------------------------------    -------------------
    SLICE_X38Y6          FDRE (Prop_fdre_C_Q)         0.518     1.491 r  registered_scheduling.state_reg[2]/Q
                         net (fo=14, routed)          0.826     2.317    result_guard/registered_scheduling.state_reg[3]_1
    SLICE_X38Y7          LUT6 (Prop_lut6_I4_O)        0.124     2.441 r  result_guard/payload_memory_reg_i_3/O
                         net (fo=129, routed)         0.919     3.360    product_bank/payload_memory_reg_2
    SLICE_X36Y3          LUT2 (Prop_lut2_I1_O)        0.124     3.484 r  product_bank/registered_scheduling.engine_metadata[1]_i_1/O
                         net (fo=3, routed)           0.610     4.094    input_guard/metadata_valid0_carry__3_1[1]
    SLICE_X36Y4          LUT6 (Prop_lut6_I4_O)        0.124     4.218 r  input_guard/metadata_valid0_carry_i_4/O
                         net (fo=1, routed)           0.000     4.218    input_guard/metadata_valid0_carry_i_4_n_0
    SLICE_X36Y4          CARRY4 (Prop_carry4_S[0]_CO[3])
                                                      0.532     4.750 r  input_guard/metadata_valid0_carry/CO[3]
                         net (fo=1, routed)           0.000     4.750    input_guard/metadata_valid0_carry_n_0
    SLICE_X36Y5          CARRY4 (Prop_carry4_CI_CO[3])
                                                      0.114     4.864 r  input_guard/metadata_valid0_carry__0/CO[3]
                         net (fo=1, routed)           0.000     4.864    input_guard/metadata_valid0_carry__0_n_0
    SLICE_X36Y6          CARRY4 (Prop_carry4_CI_CO[3])
                                                      0.114     4.978 r  input_guard/metadata_valid0_carry__1/CO[3]
                         net (fo=1, routed)           0.000     4.978    input_guard/metadata_valid0_carry__1_n_0
    SLICE_X36Y7          CARRY4 (Prop_carry4_CI_CO[3])
                                                      0.114     5.092 r  input_guard/metadata_valid0_carry__2/CO[3]
                         net (fo=1, routed)           0.000     5.092    input_guard/metadata_valid0_carry__2_n_0
    SLICE_X36Y8          CARRY4 (Prop_carry4_CI_CO[3])
                                                      0.114     5.206 r  input_guard/metadata_valid0_carry__3/CO[3]
                         net (fo=1, routed)           0.000     5.206    input_guard/metadata_valid0_carry__3_n_0
    SLICE_X36Y9          CARRY4 (Prop_carry4_CI_CO[3])
                                                      0.114     5.320 r  input_guard/metadata_valid0_carry__4/CO[3]
                         net (fo=1, routed)           1.044     6.364    input_guard/metadata_valid0
    SLICE_X28Y7          LUT6 (Prop_lut6_I5_O)        0.124     6.488 f  input_guard/fault_reasons[1]_i_2/O
                         net (fo=12, routed)          1.199     7.687    input_guard/fault_reasons[1]_i_2_n_0
    SLICE_X6Y6           LUT4 (Prop_lut4_I0_O)        0.124     7.811 r  input_guard/shared_xfft_i_40/O
                         net (fo=2, routed)           0.174     7.985    shared_xfft/U0/i_synth/axi_wrapper/data_in_channel_fifo/s_axis_data_tvalid
    SLICE_X6Y6           LUT6 (Prop_lut6_I5_O)        0.124     8.109 r  shared_xfft/U0/i_synth/axi_wrapper/data_in_channel_fifo/gen_real_time.data_out[36]_i_1__0/O
                         net (fo=37, routed)          0.519     8.628    shared_xfft/U0/i_synth/axi_wrapper/data_in_channel_fifo/gen_real_time.data_out[36]_i_1__0_n_513
    SLICE_X7Y9           FDRE                                         r  shared_xfft/U0/i_synth/axi_wrapper/data_in_channel_fifo/gen_real_time.data_out_reg[16]/CE
  -------------------------------------------------------------------    -------------------

                         (clock island_175 rise edge)
                                                      5.714     5.714 r  
                                                      0.000     5.714 r  fft_clk (IN)
                         net (fo=4709, unset)         0.924     6.638    shared_xfft/U0/i_synth/axi_wrapper/data_in_channel_fifo/aclk
    SLICE_X7Y9           FDRE                                         r  shared_xfft/U0/i_synth/axi_wrapper/data_in_channel_fifo/gen_real_time.data_out_reg[16]/C
                         clock pessimism              0.000     6.638    
                         clock uncertainty           -0.035     6.603    
    SLICE_X7Y9           FDRE (Setup_fdre_C_CE)      -0.205     6.398    shared_xfft/U0/i_synth/axi_wrapper/data_in_channel_fifo/gen_real_time.data_out_reg[16]
  -------------------------------------------------------------------
                         required time                          6.398    
                         arrival time                          -8.628    
  -------------------------------------------------------------------
                         slack                                 -2.230    

Slack (VIOLATED) :        -2.230ns  (required time - arrival time)
  Source:                 registered_scheduling.state_reg[2]/C
                            (rising edge-triggered cell FDRE clocked by island_175  {rise@0.000ns fall@2.857ns period=5.714ns})
  Destination:            shared_xfft/U0/i_synth/axi_wrapper/data_in_channel_fifo/gen_real_time.data_out_reg[21]/CE
                            (rising edge-triggered cell FDRE clocked by island_175  {rise@0.000ns fall@2.857ns period=5.714ns})
  Path Group:             island_175
  Path Type:              Setup (Max at Slow Process Corner)
  Requirement:            5.714ns  (island_175 rise@5.714ns - island_175 rise@0.000ns)
  Data Path Delay:        7.655ns  (logic 2.364ns (30.883%)  route 5.291ns (69.117%))
  Logic Levels:           12  (CARRY4=6 LUT2=1 LUT4=1 LUT6=4)
  Clock Path Skew:        -0.049ns (DCD - SCD + CPR)
    Destination Clock Delay (DCD):    0.924ns = ( 6.638 - 5.714 ) 
    Source Clock Delay      (SCD):    0.973ns
    Clock Pessimism Removal (CPR):    0.000ns
  Clock Uncertainty:      0.035ns  ((TSJ^2 + TIJ^2)^1/2 + DJ) / 2 + PE
    Total System Jitter     (TSJ):    0.071ns
    Total Input Jitter      (TIJ):    0.000ns
    Discrete Jitter          (DJ):    0.000ns
    Phase Error              (PE):    0.000ns

    Location             Delay type                Incr(ns)  Path(ns)    Netlist Resource(s)
  -------------------------------------------------------------------    -------------------
                         (clock island_175 rise edge)
                                                      0.000     0.000 r  
                                                      0.000     0.000 r  fft_clk (IN)
                         net (fo=4709, unset)         0.973     0.973    fft_clk
    SLICE_X38Y6          FDRE                                         r  registered_scheduling.state_reg[2]/C
  -------------------------------------------------------------------    -------------------
    SLICE_X38Y6          FDRE (Prop_fdre_C_Q)         0.518     1.491 r  registered_scheduling.state_reg[2]/Q
                         net (fo=14, routed)          0.826     2.317    result_guard/registered_scheduling.state_reg[3]_1
    SLICE_X38Y7          LUT6 (Prop_lut6_I4_O)        0.124     2.441 r  result_guard/payload_memory_reg_i_3/O
                         net (fo=129, routed)         0.919     3.360    product_bank/payload_memory_reg_2
    SLICE_X36Y3          LUT2 (Prop_lut2_I1_O)        0.124     3.484 r  product_bank/registered_scheduling.engine_metadata[1]_i_1/O
                         net (fo=3, routed)           0.610     4.094    input_guard/metadata_valid0_carry__3_1[1]
    SLICE_X36Y4          LUT6 (Prop_lut6_I4_O)        0.124     4.218 r  input_guard/metadata_valid0_carry_i_4/O
                         net (fo=1, routed)           0.000     4.218    input_guard/metadata_valid0_carry_i_4_n_0
    SLICE_X36Y4          CARRY4 (Prop_carry4_S[0]_CO[3])
                                                      0.532     4.750 r  input_guard/metadata_valid0_carry/CO[3]
                         net (fo=1, routed)           0.000     4.750    input_guard/metadata_valid0_carry_n_0
    SLICE_X36Y5          CARRY4 (Prop_carry4_CI_CO[3])
                                                      0.114     4.864 r  input_guard/metadata_valid0_carry__0/CO[3]
                         net (fo=1, routed)           0.000     4.864    input_guard/metadata_valid0_carry__0_n_0
    SLICE_X36Y6          CARRY4 (Prop_carry4_CI_CO[3])
                                                      0.114     4.978 r  input_guard/metadata_valid0_carry__1/CO[3]
                         net (fo=1, routed)           0.000     4.978    input_guard/metadata_valid0_carry__1_n_0
    SLICE_X36Y7          CARRY4 (Prop_carry4_CI_CO[3])
                                                      0.114     5.092 r  input_guard/metadata_valid0_carry__2/CO[3]
                         net (fo=1, routed)           0.000     5.092    input_guard/metadata_valid0_carry__2_n_0
    SLICE_X36Y8          CARRY4 (Prop_carry4_CI_CO[3])
                                                      0.114     5.206 r  input_guard/metadata_valid0_carry__3/CO[3]
                         net (fo=1, routed)           0.000     5.206    input_guard/metadata_valid0_carry__3_n_0
    SLICE_X36Y9          CARRY4 (Prop_carry4_CI_CO[3])
                                                      0.114     5.320 r  input_guard/metadata_valid0_carry__4/CO[3]
                         net (fo=1, routed)           1.044     6.364    input_guard/metadata_valid0
    SLICE_X28Y7          LUT6 (Prop_lut6_I5_O)        0.124     6.488 f  input_guard/fault_reasons[1]_i_2/O
                         net (fo=12, routed)          1.199     7.687    input_guard/fault_reasons[1]_i_2_n_0
    SLICE_X6Y6           LUT4 (Prop_lut4_I0_O)        0.124     7.811 r  input_guard/shared_xfft_i_40/O
                         net (fo=2, routed)           0.174     7.985    shared_xfft/U0/i_synth/axi_wrapper/data_in_channel_fifo/s_axis_data_tvalid
    SLICE_X6Y6           LUT6 (Prop_lut6_I5_O)        0.124     8.109 r  shared_xfft/U0/i_synth/axi_wrapper/data_in_channel_fifo/gen_real_time.data_out[36]_i_1__0/O
                         net (fo=37, routed)          0.519     8.628    shared_xfft/U0/i_synth/axi_wrapper/data_in_channel_fifo/gen_real_time.data_out[36]_i_1__0_n_513
    SLICE_X7Y9           FDRE                                         r  shared_xfft/U0/i_synth/axi_wrapper/data_in_channel_fifo/gen_real_time.data_out_reg[21]/CE
  -------------------------------------------------------------------    -------------------

                         (clock island_175 rise edge)
                                                      5.714     5.714 r  
                                                      0.000     5.714 r  fft_clk (IN)
                         net (fo=4709, unset)         0.924     6.638    shared_xfft/U0/i_synth/axi_wrapper/data_in_channel_fifo/aclk
    SLICE_X7Y9           FDRE                                         r  shared_xfft/U0/i_synth/axi_wrapper/data_in_channel_fifo/gen_real_time.data_out_reg[21]/C
                         clock pessimism              0.000     6.638    
                         clock uncertainty           -0.035     6.603    
    SLICE_X7Y9           FDRE (Setup_fdre_C_CE)      -0.205     6.398    shared_xfft/U0/i_synth/axi_wrapper/data_in_channel_fifo/gen_real_time.data_out_reg[21]
  -------------------------------------------------------------------
                         required time                          6.398    
                         arrival time                          -8.628    
  -------------------------------------------------------------------
                         slack                                 -2.230    

Slack (VIOLATED) :        -2.230ns  (required time - arrival time)
  Source:                 registered_scheduling.state_reg[2]/C
                            (rising edge-triggered cell FDRE clocked by island_175  {rise@0.000ns fall@2.857ns period=5.714ns})
  Destination:            shared_xfft/U0/i_synth/axi_wrapper/data_in_channel_fifo/gen_real_time.data_out_reg[22]/CE
                            (rising edge-triggered cell FDRE clocked by island_175  {rise@0.000ns fall@2.857ns period=5.714ns})
  Path Group:             island_175
  Path Type:              Setup (Max at Slow Process Corner)
  Requirement:            5.714ns  (island_175 rise@5.714ns - island_175 rise@0.000ns)
  Data Path Delay:        7.655ns  (logic 2.364ns (30.883%)  route 5.291ns (69.117%))
  Logic Levels:           12  (CARRY4=6 LUT2=1 LUT4=1 LUT6=4)
  Clock Path Skew:        -0.049ns (DCD - SCD + CPR)
    Destination Clock Delay (DCD):    0.924ns = ( 6.638 - 5.714 ) 
    Source Clock Delay      (SCD):    0.973ns
    Clock Pessimism Removal (CPR):    0.000ns
  Clock Uncertainty:      0.035ns  ((TSJ^2 + TIJ^2)^1/2 + DJ) / 2 + PE
    Total System Jitter     (TSJ):    0.071ns
    Total Input Jitter      (TIJ):    0.000ns
    Discrete Jitter          (DJ):    0.000ns
    Phase Error              (PE):    0.000ns

    Location             Delay type                Incr(ns)  Path(ns)    Netlist Resource(s)
  -------------------------------------------------------------------    -------------------
                         (clock island_175 rise edge)
                                                      0.000     0.000 r  
                                                      0.000     0.000 r  fft_clk (IN)
                         net (fo=4709, unset)         0.973     0.973    fft_clk
    SLICE_X38Y6          FDRE                                         r  registered_scheduling.state_reg[2]/C
  -------------------------------------------------------------------    -------------------
    SLICE_X38Y6          FDRE (Prop_fdre_C_Q)         0.518     1.491 r  registered_scheduling.state_reg[2]/Q
                         net (fo=14, routed)          0.826     2.317    result_guard/registered_scheduling.state_reg[3]_1
    SLICE_X38Y7          LUT6 (Prop_lut6_I4_O)        0.124     2.441 r  result_guard/payload_memory_reg_i_3/O
                         net (fo=129, routed)         0.919     3.360    product_bank/payload_memory_reg_2
    SLICE_X36Y3          LUT2 (Prop_lut2_I1_O)        0.124     3.484 r  product_bank/registered_scheduling.engine_metadata[1]_i_1/O
                         net (fo=3, routed)           0.610     4.094    input_guard/metadata_valid0_carry__3_1[1]
    SLICE_X36Y4          LUT6 (Prop_lut6_I4_O)        0.124     4.218 r  input_guard/metadata_valid0_carry_i_4/O
                         net (fo=1, routed)           0.000     4.218    input_guard/metadata_valid0_carry_i_4_n_0
    SLICE_X36Y4          CARRY4 (Prop_carry4_S[0]_CO[3])
                                                      0.532     4.750 r  input_guard/metadata_valid0_carry/CO[3]
                         net (fo=1, routed)           0.000     4.750    input_guard/metadata_valid0_carry_n_0
    SLICE_X36Y5          CARRY4 (Prop_carry4_CI_CO[3])
                                                      0.114     4.864 r  input_guard/metadata_valid0_carry__0/CO[3]
                         net (fo=1, routed)           0.000     4.864    input_guard/metadata_valid0_carry__0_n_0
    SLICE_X36Y6          CARRY4 (Prop_carry4_CI_CO[3])
                                                      0.114     4.978 r  input_guard/metadata_valid0_carry__1/CO[3]
                         net (fo=1, routed)           0.000     4.978    input_guard/metadata_valid0_carry__1_n_0
    SLICE_X36Y7          CARRY4 (Prop_carry4_CI_CO[3])
                                                      0.114     5.092 r  input_guard/metadata_valid0_carry__2/CO[3]
                         net (fo=1, routed)           0.000     5.092    input_guard/metadata_valid0_carry__2_n_0
    SLICE_X36Y8          CARRY4 (Prop_carry4_CI_CO[3])
                                                      0.114     5.206 r  input_guard/metadata_valid0_carry__3/CO[3]
                         net (fo=1, routed)           0.000     5.206    input_guard/metadata_valid0_carry__3_n_0
    SLICE_X36Y9          CARRY4 (Prop_carry4_CI_CO[3])
                                                      0.114     5.320 r  input_guard/metadata_valid0_carry__4/CO[3]
                         net (fo=1, routed)           1.044     6.364    input_guard/metadata_valid0
    SLICE_X28Y7          LUT6 (Prop_lut6_I5_O)        0.124     6.488 f  input_guard/fault_reasons[1]_i_2/O
                         net (fo=12, routed)          1.199     7.687    input_guard/fault_reasons[1]_i_2_n_0
    SLICE_X6Y6           LUT4 (Prop_lut4_I0_O)        0.124     7.811 r  input_guard/shared_xfft_i_40/O
                         net (fo=2, routed)           0.174     7.985    shared_xfft/U0/i_synth/axi_wrapper/data_in_channel_fifo/s_axis_data_tvalid
    SLICE_X6Y6           LUT6 (Prop_lut6_I5_O)        0.124     8.109 r  shared_xfft/U0/i_synth/axi_wrapper/data_in_channel_fifo/gen_real_time.data_out[36]_i_1__0/O
                         net (fo=37, routed)          0.519     8.628    shared_xfft/U0/i_synth/axi_wrapper/data_in_channel_fifo/gen_real_time.data_out[36]_i_1__0_n_513
    SLICE_X7Y9           FDRE                                         r  shared_xfft/U0/i_synth/axi_wrapper/data_in_channel_fifo/gen_real_time.data_out_reg[22]/CE
  -------------------------------------------------------------------    -------------------

                         (clock island_175 rise edge)
                                                      5.714     5.714 r  
                                                      0.000     5.714 r  fft_clk (IN)
                         net (fo=4709, unset)         0.924     6.638    shared_xfft/U0/i_synth/axi_wrapper/data_in_channel_fifo/aclk
    SLICE_X7Y9           FDRE                                         r  shared_xfft/U0/i_synth/axi_wrapper/data_in_channel_fifo/gen_real_time.data_out_reg[22]/C
                         clock pessimism              0.000     6.638    
                         clock uncertainty           -0.035     6.603    
    SLICE_X7Y9           FDRE (Setup_fdre_C_CE)      -0.205     6.398    shared_xfft/U0/i_synth/axi_wrapper/data_in_channel_fifo/gen_real_time.data_out_reg[22]
  -------------------------------------------------------------------
                         required time                          6.398    
                         arrival time                          -8.628    
  -------------------------------------------------------------------
                         slack                                 -2.230    

Slack (VIOLATED) :        -2.230ns  (required time - arrival time)
  Source:                 registered_scheduling.state_reg[2]/C
                            (rising edge-triggered cell FDRE clocked by island_175  {rise@0.000ns fall@2.857ns period=5.714ns})
  Destination:            shared_xfft/U0/i_synth/axi_wrapper/data_in_channel_fifo/gen_real_time.data_out_reg[23]/CE
                            (rising edge-triggered cell FDRE clocked by island_175  {rise@0.000ns fall@2.857ns period=5.714ns})
  Path Group:             island_175
  Path Type:              Setup (Max at Slow Process Corner)
  Requirement:            5.714ns  (island_175 rise@5.714ns - island_175 rise@0.000ns)
  Data Path Delay:        7.655ns  (logic 2.364ns (30.883%)  route 5.291ns (69.117%))
  Logic Levels:           12  (CARRY4=6 LUT2=1 LUT4=1 LUT6=4)
  Clock Path Skew:        -0.049ns (DCD - SCD + CPR)
    Destination Clock Delay (DCD):    0.924ns = ( 6.638 - 5.714 ) 
    Source Clock Delay      (SCD):    0.973ns
    Clock Pessimism Removal (CPR):    0.000ns
  Clock Uncertainty:      0.035ns  ((TSJ^2 + TIJ^2)^1/2 + DJ) / 2 + PE
    Total System Jitter     (TSJ):    0.071ns
    Total Input Jitter      (TIJ):    0.000ns
    Discrete Jitter          (DJ):    0.000ns
    Phase Error              (PE):    0.000ns

    Location             Delay type                Incr(ns)  Path(ns)    Netlist Resource(s)
  -------------------------------------------------------------------    -------------------
                         (clock island_175 rise edge)
                                                      0.000     0.000 r  
                                                      0.000     0.000 r  fft_clk (IN)
                         net (fo=4709, unset)         0.973     0.973    fft_clk
    SLICE_X38Y6          FDRE                                         r  registered_scheduling.state_reg[2]/C
  -------------------------------------------------------------------    -------------------
    SLICE_X38Y6          FDRE (Prop_fdre_C_Q)         0.518     1.491 r  registered_scheduling.state_reg[2]/Q
                         net (fo=14, routed)          0.826     2.317    result_guard/registered_scheduling.state_reg[3]_1
    SLICE_X38Y7          LUT6 (Prop_lut6_I4_O)        0.124     2.441 r  result_guard/payload_memory_reg_i_3/O
                         net (fo=129, routed)         0.919     3.360    product_bank/payload_memory_reg_2
    SLICE_X36Y3          LUT2 (Prop_lut2_I1_O)        0.124     3.484 r  product_bank/registered_scheduling.engine_metadata[1]_i_1/O
                         net (fo=3, routed)           0.610     4.094    input_guard/metadata_valid0_carry__3_1[1]
    SLICE_X36Y4          LUT6 (Prop_lut6_I4_O)        0.124     4.218 r  input_guard/metadata_valid0_carry_i_4/O
                         net (fo=1, routed)           0.000     4.218    input_guard/metadata_valid0_carry_i_4_n_0
    SLICE_X36Y4          CARRY4 (Prop_carry4_S[0]_CO[3])
                                                      0.532     4.750 r  input_guard/metadata_valid0_carry/CO[3]
                         net (fo=1, routed)           0.000     4.750    input_guard/metadata_valid0_carry_n_0
    SLICE_X36Y5          CARRY4 (Prop_carry4_CI_CO[3])
                                                      0.114     4.864 r  input_guard/metadata_valid0_carry__0/CO[3]
                         net (fo=1, routed)           0.000     4.864    input_guard/metadata_valid0_carry__0_n_0
    SLICE_X36Y6          CARRY4 (Prop_carry4_CI_CO[3])
                                                      0.114     4.978 r  input_guard/metadata_valid0_carry__1/CO[3]
                         net (fo=1, routed)           0.000     4.978    input_guard/metadata_valid0_carry__1_n_0
    SLICE_X36Y7          CARRY4 (Prop_carry4_CI_CO[3])
                                                      0.114     5.092 r  input_guard/metadata_valid0_carry__2/CO[3]
                         net (fo=1, routed)           0.000     5.092    input_guard/metadata_valid0_carry__2_n_0
    SLICE_X36Y8          CARRY4 (Prop_carry4_CI_CO[3])
                                                      0.114     5.206 r  input_guard/metadata_valid0_carry__3/CO[3]
                         net (fo=1, routed)           0.000     5.206    input_guard/metadata_valid0_carry__3_n_0
    SLICE_X36Y9          CARRY4 (Prop_carry4_CI_CO[3])
                                                      0.114     5.320 r  input_guard/metadata_valid0_carry__4/CO[3]
                         net (fo=1, routed)           1.044     6.364    input_guard/metadata_valid0
    SLICE_X28Y7          LUT6 (Prop_lut6_I5_O)        0.124     6.488 f  input_guard/fault_reasons[1]_i_2/O
                         net (fo=12, routed)          1.199     7.687    input_guard/fault_reasons[1]_i_2_n_0
    SLICE_X6Y6           LUT4 (Prop_lut4_I0_O)        0.124     7.811 r  input_guard/shared_xfft_i_40/O
                         net (fo=2, routed)           0.174     7.985    shared_xfft/U0/i_synth/axi_wrapper/data_in_channel_fifo/s_axis_data_tvalid
    SLICE_X6Y6           LUT6 (Prop_lut6_I5_O)        0.124     8.109 r  shared_xfft/U0/i_synth/axi_wrapper/data_in_channel_fifo/gen_real_time.data_out[36]_i_1__0/O
                         net (fo=37, routed)          0.519     8.628    shared_xfft/U0/i_synth/axi_wrapper/data_in_channel_fifo/gen_real_time.data_out[36]_i_1__0_n_513
    SLICE_X7Y9           FDRE                                         r  shared_xfft/U0/i_synth/axi_wrapper/data_in_channel_fifo/gen_real_time.data_out_reg[23]/CE
  -------------------------------------------------------------------    -------------------

                         (clock island_175 rise edge)
                                                      5.714     5.714 r  
                                                      0.000     5.714 r  fft_clk (IN)
                         net (fo=4709, unset)         0.924     6.638    shared_xfft/U0/i_synth/axi_wrapper/data_in_channel_fifo/aclk
    SLICE_X7Y9           FDRE                                         r  shared_xfft/U0/i_synth/axi_wrapper/data_in_channel_fifo/gen_real_time.data_out_reg[23]/C
                         clock pessimism              0.000     6.638    
                         clock uncertainty           -0.035     6.603    
    SLICE_X7Y9           FDRE (Setup_fdre_C_CE)      -0.205     6.398    shared_xfft/U0/i_synth/axi_wrapper/data_in_channel_fifo/gen_real_time.data_out_reg[23]
  -------------------------------------------------------------------
                         required time                          6.398    
                         arrival time                          -8.628    
  -------------------------------------------------------------------
                         slack                                 -2.230    

Slack (VIOLATED) :        -2.230ns  (required time - arrival time)
  Source:                 registered_scheduling.state_reg[2]/C
                            (rising edge-triggered cell FDRE clocked by island_175  {rise@0.000ns fall@2.857ns period=5.714ns})
  Destination:            shared_xfft/U0/i_synth/axi_wrapper/data_in_channel_fifo/gen_real_time.data_out_reg[24]/CE
                            (rising edge-triggered cell FDRE clocked by island_175  {rise@0.000ns fall@2.857ns period=5.714ns})
  Path Group:             island_175
  Path Type:              Setup (Max at Slow Process Corner)
  Requirement:            5.714ns  (island_175 rise@5.714ns - island_175 rise@0.000ns)
  Data Path Delay:        7.655ns  (logic 2.364ns (30.883%)  route 5.291ns (69.117%))
  Logic Levels:           12  (CARRY4=6 LUT2=1 LUT4=1 LUT6=4)
  Clock Path Skew:        -0.049ns (DCD - SCD + CPR)
    Destination Clock Delay (DCD):    0.924ns = ( 6.638 - 5.714 ) 
    Source Clock Delay      (SCD):    0.973ns
    Clock Pessimism Removal (CPR):    0.000ns
  Clock Uncertainty:      0.035ns  ((TSJ^2 + TIJ^2)^1/2 + DJ) / 2 + PE
    Total System Jitter     (TSJ):    0.071ns
    Total Input Jitter      (TIJ):    0.000ns
    Discrete Jitter          (DJ):    0.000ns
    Phase Error              (PE):    0.000ns

    Location             Delay type                Incr(ns)  Path(ns)    Netlist Resource(s)
  -------------------------------------------------------------------    -------------------
                         (clock island_175 rise edge)
                                                      0.000     0.000 r  
                                                      0.000     0.000 r  fft_clk (IN)
                         net (fo=4709, unset)         0.973     0.973    fft_clk
    SLICE_X38Y6          FDRE                                         r  registered_scheduling.state_reg[2]/C
  -------------------------------------------------------------------    -------------------
    SLICE_X38Y6          FDRE (Prop_fdre_C_Q)         0.518     1.491 r  registered_scheduling.state_reg[2]/Q
                         net (fo=14, routed)          0.826     2.317    result_guard/registered_scheduling.state_reg[3]_1
    SLICE_X38Y7          LUT6 (Prop_lut6_I4_O)        0.124     2.441 r  result_guard/payload_memory_reg_i_3/O
                         net (fo=129, routed)         0.919     3.360    product_bank/payload_memory_reg_2
    SLICE_X36Y3          LUT2 (Prop_lut2_I1_O)        0.124     3.484 r  product_bank/registered_scheduling.engine_metadata[1]_i_1/O
                         net (fo=3, routed)           0.610     4.094    input_guard/metadata_valid0_carry__3_1[1]
    SLICE_X36Y4          LUT6 (Prop_lut6_I4_O)        0.124     4.218 r  input_guard/metadata_valid0_carry_i_4/O
                         net (fo=1, routed)           0.000     4.218    input_guard/metadata_valid0_carry_i_4_n_0
    SLICE_X36Y4          CARRY4 (Prop_carry4_S[0]_CO[3])
                                                      0.532     4.750 r  input_guard/metadata_valid0_carry/CO[3]
                         net (fo=1, routed)           0.000     4.750    input_guard/metadata_valid0_carry_n_0
    SLICE_X36Y5          CARRY4 (Prop_carry4_CI_CO[3])
                                                      0.114     4.864 r  input_guard/metadata_valid0_carry__0/CO[3]
                         net (fo=1, routed)           0.000     4.864    input_guard/metadata_valid0_carry__0_n_0
    SLICE_X36Y6          CARRY4 (Prop_carry4_CI_CO[3])
                                                      0.114     4.978 r  input_guard/metadata_valid0_carry__1/CO[3]
                         net (fo=1, routed)           0.000     4.978    input_guard/metadata_valid0_carry__1_n_0
    SLICE_X36Y7          CARRY4 (Prop_carry4_CI_CO[3])
                                                      0.114     5.092 r  input_guard/metadata_valid0_carry__2/CO[3]
                         net (fo=1, routed)           0.000     5.092    input_guard/metadata_valid0_carry__2_n_0
    SLICE_X36Y8          CARRY4 (Prop_carry4_CI_CO[3])
                                                      0.114     5.206 r  input_guard/metadata_valid0_carry__3/CO[3]
                         net (fo=1, routed)           0.000     5.206    input_guard/metadata_valid0_carry__3_n_0
    SLICE_X36Y9          CARRY4 (Prop_carry4_CI_CO[3])
                                                      0.114     5.320 r  input_guard/metadata_valid0_carry__4/CO[3]
                         net (fo=1, routed)           1.044     6.364    input_guard/metadata_valid0
    SLICE_X28Y7          LUT6 (Prop_lut6_I5_O)        0.124     6.488 f  input_guard/fault_reasons[1]_i_2/O
                         net (fo=12, routed)          1.199     7.687    input_guard/fault_reasons[1]_i_2_n_0
    SLICE_X6Y6           LUT4 (Prop_lut4_I0_O)        0.124     7.811 r  input_guard/shared_xfft_i_40/O
                         net (fo=2, routed)           0.174     7.985    shared_xfft/U0/i_synth/axi_wrapper/data_in_channel_fifo/s_axis_data_tvalid
    SLICE_X6Y6           LUT6 (Prop_lut6_I5_O)        0.124     8.109 r  shared_xfft/U0/i_synth/axi_wrapper/data_in_channel_fifo/gen_real_time.data_out[36]_i_1__0/O
                         net (fo=37, routed)          0.519     8.628    shared_xfft/U0/i_synth/axi_wrapper/data_in_channel_fifo/gen_real_time.data_out[36]_i_1__0_n_513
    SLICE_X7Y9           FDRE                                         r  shared_xfft/U0/i_synth/axi_wrapper/data_in_channel_fifo/gen_real_time.data_out_reg[24]/CE
  -------------------------------------------------------------------    -------------------

                         (clock island_175 rise edge)
                                                      5.714     5.714 r  
                                                      0.000     5.714 r  fft_clk (IN)
                         net (fo=4709, unset)         0.924     6.638    shared_xfft/U0/i_synth/axi_wrapper/data_in_channel_fifo/aclk
    SLICE_X7Y9           FDRE                                         r  shared_xfft/U0/i_synth/axi_wrapper/data_in_channel_fifo/gen_real_time.data_out_reg[24]/C
                         clock pessimism              0.000     6.638    
                         clock uncertainty           -0.035     6.603    
    SLICE_X7Y9           FDRE (Setup_fdre_C_CE)      -0.205     6.398    shared_xfft/U0/i_synth/axi_wrapper/data_in_channel_fifo/gen_real_time.data_out_reg[24]
  -------------------------------------------------------------------
                         required time                          6.398    
                         arrival time                          -8.628    
  -------------------------------------------------------------------
                         slack                                 -2.230    

Slack (VIOLATED) :        -2.230ns  (required time - arrival time)
  Source:                 registered_scheduling.state_reg[2]/C
                            (rising edge-triggered cell FDRE clocked by island_175  {rise@0.000ns fall@2.857ns period=5.714ns})
  Destination:            shared_xfft/U0/i_synth/axi_wrapper/data_in_channel_fifo/gen_real_time.data_out_reg[29]/CE
                            (rising edge-triggered cell FDRE clocked by island_175  {rise@0.000ns fall@2.857ns period=5.714ns})
  Path Group:             island_175
  Path Type:              Setup (Max at Slow Process Corner)
  Requirement:            5.714ns  (island_175 rise@5.714ns - island_175 rise@0.000ns)
  Data Path Delay:        7.655ns  (logic 2.364ns (30.883%)  route 5.291ns (69.117%))
  Logic Levels:           12  (CARRY4=6 LUT2=1 LUT4=1 LUT6=4)
  Clock Path Skew:        -0.049ns (DCD - SCD + CPR)
    Destination Clock Delay (DCD):    0.924ns = ( 6.638 - 5.714 ) 
    Source Clock Delay      (SCD):    0.973ns
    Clock Pessimism Removal (CPR):    0.000ns
  Clock Uncertainty:      0.035ns  ((TSJ^2 + TIJ^2)^1/2 + DJ) / 2 + PE
    Total System Jitter     (TSJ):    0.071ns
    Total Input Jitter      (TIJ):    0.000ns
    Discrete Jitter          (DJ):    0.000ns
    Phase Error              (PE):    0.000ns

    Location             Delay type                Incr(ns)  Path(ns)    Netlist Resource(s)
  -------------------------------------------------------------------    -------------------
                         (clock island_175 rise edge)
                                                      0.000     0.000 r  
                                                      0.000     0.000 r  fft_clk (IN)
                         net (fo=4709, unset)         0.973     0.973    fft_clk
    SLICE_X38Y6          FDRE                                         r  registered_scheduling.state_reg[2]/C
  -------------------------------------------------------------------    -------------------
    SLICE_X38Y6          FDRE (Prop_fdre_C_Q)         0.518     1.491 r  registered_scheduling.state_reg[2]/Q
                         net (fo=14, routed)          0.826     2.317    result_guard/registered_scheduling.state_reg[3]_1
    SLICE_X38Y7          LUT6 (Prop_lut6_I4_O)        0.124     2.441 r  result_guard/payload_memory_reg_i_3/O
                         net (fo=129, routed)         0.919     3.360    product_bank/payload_memory_reg_2
    SLICE_X36Y3          LUT2 (Prop_lut2_I1_O)        0.124     3.484 r  product_bank/registered_scheduling.engine_metadata[1]_i_1/O
                         net (fo=3, routed)           0.610     4.094    input_guard/metadata_valid0_carry__3_1[1]
    SLICE_X36Y4          LUT6 (Prop_lut6_I4_O)        0.124     4.218 r  input_guard/metadata_valid0_carry_i_4/O
                         net (fo=1, routed)           0.000     4.218    input_guard/metadata_valid0_carry_i_4_n_0
    SLICE_X36Y4          CARRY4 (Prop_carry4_S[0]_CO[3])
                                                      0.532     4.750 r  input_guard/metadata_valid0_carry/CO[3]
                         net (fo=1, routed)           0.000     4.750    input_guard/metadata_valid0_carry_n_0
    SLICE_X36Y5          CARRY4 (Prop_carry4_CI_CO[3])
                                                      0.114     4.864 r  input_guard/metadata_valid0_carry__0/CO[3]
                         net (fo=1, routed)           0.000     4.864    input_guard/metadata_valid0_carry__0_n_0
    SLICE_X36Y6          CARRY4 (Prop_carry4_CI_CO[3])
                                                      0.114     4.978 r  input_guard/metadata_valid0_carry__1/CO[3]
                         net (fo=1, routed)           0.000     4.978    input_guard/metadata_valid0_carry__1_n_0
    SLICE_X36Y7          CARRY4 (Prop_carry4_CI_CO[3])
                                                      0.114     5.092 r  input_guard/metadata_valid0_carry__2/CO[3]
                         net (fo=1, routed)           0.000     5.092    input_guard/metadata_valid0_carry__2_n_0
    SLICE_X36Y8          CARRY4 (Prop_carry4_CI_CO[3])
                                                      0.114     5.206 r  input_guard/metadata_valid0_carry__3/CO[3]
                         net (fo=1, routed)           0.000     5.206    input_guard/metadata_valid0_carry__3_n_0
    SLICE_X36Y9          CARRY4 (Prop_carry4_CI_CO[3])
                                                      0.114     5.320 r  input_guard/metadata_valid0_carry__4/CO[3]
                         net (fo=1, routed)           1.044     6.364    input_guard/metadata_valid0
    SLICE_X28Y7          LUT6 (Prop_lut6_I5_O)        0.124     6.488 f  input_guard/fault_reasons[1]_i_2/O
                         net (fo=12, routed)          1.199     7.687    input_guard/fault_reasons[1]_i_2_n_0
    SLICE_X6Y6           LUT4 (Prop_lut4_I0_O)        0.124     7.811 r  input_guard/shared_xfft_i_40/O
                         net (fo=2, routed)           0.174     7.985    shared_xfft/U0/i_synth/axi_wrapper/data_in_channel_fifo/s_axis_data_tvalid
    SLICE_X6Y6           LUT6 (Prop_lut6_I5_O)        0.124     8.109 r  shared_xfft/U0/i_synth/axi_wrapper/data_in_channel_fifo/gen_real_time.data_out[36]_i_1__0/O
                         net (fo=37, routed)          0.519     8.628    shared_xfft/U0/i_synth/axi_wrapper/data_in_channel_fifo/gen_real_time.data_out[36]_i_1__0_n_513
    SLICE_X7Y9           FDRE                                         r  shared_xfft/U0/i_synth/axi_wrapper/data_in_channel_fifo/gen_real_time.data_out_reg[29]/CE
  -------------------------------------------------------------------    -------------------

                         (clock island_175 rise edge)
                                                      5.714     5.714 r  
                                                      0.000     5.714 r  fft_clk (IN)
                         net (fo=4709, unset)         0.924     6.638    shared_xfft/U0/i_synth/axi_wrapper/data_in_channel_fifo/aclk
    SLICE_X7Y9           FDRE                                         r  shared_xfft/U0/i_synth/axi_wrapper/data_in_channel_fifo/gen_real_time.data_out_reg[29]/C
                         clock pessimism              0.000     6.638    
                         clock uncertainty           -0.035     6.603    
    SLICE_X7Y9           FDRE (Setup_fdre_C_CE)      -0.205     6.398    shared_xfft/U0/i_synth/axi_wrapper/data_in_channel_fifo/gen_real_time.data_out_reg[29]
  -------------------------------------------------------------------
                         required time                          6.398    
                         arrival time                          -8.628    
  -------------------------------------------------------------------
                         slack                                 -2.230    

Slack (VIOLATED) :        -2.230ns  (required time - arrival time)
  Source:                 registered_scheduling.state_reg[2]/C
                            (rising edge-triggered cell FDRE clocked by island_175  {rise@0.000ns fall@2.857ns period=5.714ns})
  Destination:            shared_xfft/U0/i_synth/axi_wrapper/data_in_channel_fifo/gen_real_time.data_out_reg[30]/CE
                            (rising edge-triggered cell FDRE clocked by island_175  {rise@0.000ns fall@2.857ns period=5.714ns})
  Path Group:             island_175
  Path Type:              Setup (Max at Slow Process Corner)
  Requirement:            5.714ns  (island_175 rise@5.714ns - island_175 rise@0.000ns)
  Data Path Delay:        7.655ns  (logic 2.364ns (30.883%)  route 5.291ns (69.117%))
  Logic Levels:           12  (CARRY4=6 LUT2=1 LUT4=1 LUT6=4)
  Clock Path Skew:        -0.049ns (DCD - SCD + CPR)
    Destination Clock Delay (DCD):    0.924ns = ( 6.638 - 5.714 ) 
    Source Clock Delay      (SCD):    0.973ns
    Clock Pessimism Removal (CPR):    0.000ns
  Clock Uncertainty:      0.035ns  ((TSJ^2 + TIJ^2)^1/2 + DJ) / 2 + PE
    Total System Jitter     (TSJ):    0.071ns
    Total Input Jitter      (TIJ):    0.000ns
    Discrete Jitter          (DJ):    0.000ns
    Phase Error              (PE):    0.000ns

    Location             Delay type                Incr(ns)  Path(ns)    Netlist Resource(s)
  -------------------------------------------------------------------    -------------------
                         (clock island_175 rise edge)
                                                      0.000     0.000 r  
                                                      0.000     0.000 r  fft_clk (IN)
                         net (fo=4709, unset)         0.973     0.973    fft_clk
    SLICE_X38Y6          FDRE                                         r  registered_scheduling.state_reg[2]/C
  -------------------------------------------------------------------    -------------------
    SLICE_X38Y6          FDRE (Prop_fdre_C_Q)         0.518     1.491 r  registered_scheduling.state_reg[2]/Q
                         net (fo=14, routed)          0.826     2.317    result_guard/registered_scheduling.state_reg[3]_1
    SLICE_X38Y7          LUT6 (Prop_lut6_I4_O)        0.124     2.441 r  result_guard/payload_memory_reg_i_3/O
                         net (fo=129, routed)         0.919     3.360    product_bank/payload_memory_reg_2
    SLICE_X36Y3          LUT2 (Prop_lut2_I1_O)        0.124     3.484 r  product_bank/registered_scheduling.engine_metadata[1]_i_1/O
                         net (fo=3, routed)           0.610     4.094    input_guard/metadata_valid0_carry__3_1[1]
    SLICE_X36Y4          LUT6 (Prop_lut6_I4_O)        0.124     4.218 r  input_guard/metadata_valid0_carry_i_4/O
                         net (fo=1, routed)           0.000     4.218    input_guard/metadata_valid0_carry_i_4_n_0
    SLICE_X36Y4          CARRY4 (Prop_carry4_S[0]_CO[3])
                                                      0.532     4.750 r  input_guard/metadata_valid0_carry/CO[3]
                         net (fo=1, routed)           0.000     4.750    input_guard/metadata_valid0_carry_n_0
    SLICE_X36Y5          CARRY4 (Prop_carry4_CI_CO[3])
                                                      0.114     4.864 r  input_guard/metadata_valid0_carry__0/CO[3]
                         net (fo=1, routed)           0.000     4.864    input_guard/metadata_valid0_carry__0_n_0
    SLICE_X36Y6          CARRY4 (Prop_carry4_CI_CO[3])
                                                      0.114     4.978 r  input_guard/metadata_valid0_carry__1/CO[3]
                         net (fo=1, routed)           0.000     4.978    input_guard/metadata_valid0_carry__1_n_0
    SLICE_X36Y7          CARRY4 (Prop_carry4_CI_CO[3])
                                                      0.114     5.092 r  input_guard/metadata_valid0_carry__2/CO[3]
                         net (fo=1, routed)           0.000     5.092    input_guard/metadata_valid0_carry__2_n_0
    SLICE_X36Y8          CARRY4 (Prop_carry4_CI_CO[3])
                                                      0.114     5.206 r  input_guard/metadata_valid0_carry__3/CO[3]
                         net (fo=1, routed)           0.000     5.206    input_guard/metadata_valid0_carry__3_n_0
    SLICE_X36Y9          CARRY4 (Prop_carry4_CI_CO[3])
                                                      0.114     5.320 r  input_guard/metadata_valid0_carry__4/CO[3]
                         net (fo=1, routed)           1.044     6.364    input_guard/metadata_valid0
    SLICE_X28Y7          LUT6 (Prop_lut6_I5_O)        0.124     6.488 f  input_guard/fault_reasons[1]_i_2/O
                         net (fo=12, routed)          1.199     7.687    input_guard/fault_reasons[1]_i_2_n_0
    SLICE_X6Y6           LUT4 (Prop_lut4_I0_O)        0.124     7.811 r  input_guard/shared_xfft_i_40/O
                         net (fo=2, routed)           0.174     7.985    shared_xfft/U0/i_synth/axi_wrapper/data_in_channel_fifo/s_axis_data_tvalid
    SLICE_X6Y6           LUT6 (Prop_lut6_I5_O)        0.124     8.109 r  shared_xfft/U0/i_synth/axi_wrapper/data_in_channel_fifo/gen_real_time.data_out[36]_i_1__0/O
                         net (fo=37, routed)          0.519     8.628    shared_xfft/U0/i_synth/axi_wrapper/data_in_channel_fifo/gen_real_time.data_out[36]_i_1__0_n_513
    SLICE_X7Y9           FDRE                                         r  shared_xfft/U0/i_synth/axi_wrapper/data_in_channel_fifo/gen_real_time.data_out_reg[30]/CE
  -------------------------------------------------------------------    -------------------

                         (clock island_175 rise edge)
                                                      5.714     5.714 r  
                                                      0.000     5.714 r  fft_clk (IN)
                         net (fo=4709, unset)         0.924     6.638    shared_xfft/U0/i_synth/axi_wrapper/data_in_channel_fifo/aclk
    SLICE_X7Y9           FDRE                                         r  shared_xfft/U0/i_synth/axi_wrapper/data_in_channel_fifo/gen_real_time.data_out_reg[30]/C
                         clock pessimism              0.000     6.638    
                         clock uncertainty           -0.035     6.603    
    SLICE_X7Y9           FDRE (Setup_fdre_C_CE)      -0.205     6.398    shared_xfft/U0/i_synth/axi_wrapper/data_in_channel_fifo/gen_real_time.data_out_reg[30]
  -------------------------------------------------------------------
                         required time                          6.398    
                         arrival time                          -8.628    
  -------------------------------------------------------------------
                         slack                                 -2.230    

Slack (VIOLATED) :        -2.229ns  (required time - arrival time)
  Source:                 registered_scheduling.state_reg[2]/C
                            (rising edge-triggered cell FDRE clocked by island_175  {rise@0.000ns fall@2.857ns period=5.714ns})
  Destination:            input_guard/fault_reasons_reg[0]/D
                            (rising edge-triggered cell FDCE clocked by island_175  {rise@0.000ns fall@2.857ns period=5.714ns})
  Path Group:             island_175
  Path Type:              Setup (Max at Slow Process Corner)
  Requirement:            5.714ns  (island_175 rise@5.714ns - island_175 rise@0.000ns)
  Data Path Delay:        7.639ns  (logic 2.356ns (30.842%)  route 5.283ns (69.158%))
  Logic Levels:           12  (CARRY4=6 LUT2=2 LUT6=4)
  Clock Path Skew:        -0.049ns (DCD - SCD + CPR)
    Destination Clock Delay (DCD):    0.924ns = ( 6.638 - 5.714 ) 
    Source Clock Delay      (SCD):    0.973ns
    Clock Pessimism Removal (CPR):    0.000ns
  Clock Uncertainty:      0.035ns  ((TSJ^2 + TIJ^2)^1/2 + DJ) / 2 + PE
    Total System Jitter     (TSJ):    0.071ns
    Total Input Jitter      (TIJ):    0.000ns
    Discrete Jitter          (DJ):    0.000ns
    Phase Error              (PE):    0.000ns

    Location             Delay type                Incr(ns)  Path(ns)    Netlist Resource(s)
  -------------------------------------------------------------------    -------------------
                         (clock island_175 rise edge)
                                                      0.000     0.000 r  
                                                      0.000     0.000 r  fft_clk (IN)
                         net (fo=4709, unset)         0.973     0.973    fft_clk
    SLICE_X38Y6          FDRE                                         r  registered_scheduling.state_reg[2]/C
  -------------------------------------------------------------------    -------------------
    SLICE_X38Y6          FDRE (Prop_fdre_C_Q)         0.518     1.491 r  registered_scheduling.state_reg[2]/Q
                         net (fo=14, routed)          0.826     2.317    result_guard/registered_scheduling.state_reg[3]_1
    SLICE_X38Y7          LUT6 (Prop_lut6_I4_O)        0.124     2.441 r  result_guard/payload_memory_reg_i_3/O
                         net (fo=129, routed)         0.919     3.360    product_bank/payload_memory_reg_2
    SLICE_X36Y3          LUT2 (Prop_lut2_I1_O)        0.124     3.484 r  product_bank/registered_scheduling.engine_metadata[1]_i_1/O
                         net (fo=3, routed)           0.610     4.094    input_guard/metadata_valid0_carry__3_1[1]
    SLICE_X36Y4          LUT6 (Prop_lut6_I4_O)        0.124     4.218 r  input_guard/metadata_valid0_carry_i_4/O
                         net (fo=1, routed)           0.000     4.218    input_guard/metadata_valid0_carry_i_4_n_0
    SLICE_X36Y4          CARRY4 (Prop_carry4_S[0]_CO[3])
                                                      0.532     4.750 r  input_guard/metadata_valid0_carry/CO[3]
                         net (fo=1, routed)           0.000     4.750    input_guard/metadata_valid0_carry_n_0
    SLICE_X36Y5          CARRY4 (Prop_carry4_CI_CO[3])
                                                      0.114     4.864 r  input_guard/metadata_valid0_carry__0/CO[3]
                         net (fo=1, routed)           0.000     4.864    input_guard/metadata_valid0_carry__0_n_0
    SLICE_X36Y6          CARRY4 (Prop_carry4_CI_CO[3])
                                                      0.114     4.978 r  input_guard/metadata_valid0_carry__1/CO[3]
                         net (fo=1, routed)           0.000     4.978    input_guard/metadata_valid0_carry__1_n_0
    SLICE_X36Y7          CARRY4 (Prop_carry4_CI_CO[3])
                                                      0.114     5.092 r  input_guard/metadata_valid0_carry__2/CO[3]
                         net (fo=1, routed)           0.000     5.092    input_guard/metadata_valid0_carry__2_n_0
    SLICE_X36Y8          CARRY4 (Prop_carry4_CI_CO[3])
                                                      0.114     5.206 r  input_guard/metadata_valid0_carry__3/CO[3]
                         net (fo=1, routed)           0.000     5.206    input_guard/metadata_valid0_carry__3_n_0
    SLICE_X36Y9          CARRY4 (Prop_carry4_CI_CO[3])
                                                      0.114     5.320 f  input_guard/metadata_valid0_carry__4/CO[3]
                         net (fo=1, routed)           1.044     6.364    input_guard/metadata_valid0
    SLICE_X28Y7          LUT6 (Prop_lut6_I5_O)        0.124     6.488 r  input_guard/fault_reasons[1]_i_2/O
                         net (fo=12, routed)          0.481     6.969    input_guard/fault_reasons[1]_i_2_n_0
    SLICE_X28Y6          LUT6 (Prop_lut6_I2_O)        0.124     7.093 r  input_guard/fault_reasons[0]_i_2__0/O
                         net (fo=2, routed)           0.879     7.972    input_guard/fault_reasons[0]_i_2__0_n_0
    SLICE_X20Y6          LUT2 (Prop_lut2_I1_O)        0.116     8.088 r  input_guard/fault_reasons[0]_i_1__0/O
                         net (fo=1, routed)           0.524     8.612    input_guard/fault_reasons[0]_i_1__0_n_0
    SLICE_X20Y5          FDCE                                         r  input_guard/fault_reasons_reg[0]/D
  -------------------------------------------------------------------    -------------------

                         (clock island_175 rise edge)
                                                      5.714     5.714 r  
                                                      0.000     5.714 r  fft_clk (IN)
                         net (fo=4709, unset)         0.924     6.638    input_guard/fft_clk
    SLICE_X20Y5          FDCE                                         r  input_guard/fault_reasons_reg[0]/C
                         clock pessimism              0.000     6.638    
                         clock uncertainty           -0.035     6.603    
    SLICE_X20Y5          FDCE (Setup_fdce_C_D)       -0.220     6.383    input_guard/fault_reasons_reg[0]
  -------------------------------------------------------------------
                         required time                          6.383    
                         arrival time                          -8.612    
  -------------------------------------------------------------------
                         slack                                 -2.229    

Slack (VIOLATED) :        -2.197ns  (required time - arrival time)
  Source:                 result_guard/descriptor_reg[56]/C
                            (rising edge-triggered cell FDCE clocked by island_175  {rise@0.000ns fall@2.857ns period=5.714ns})
  Destination:            product/sum_real_reg/CEA2
                            (rising edge-triggered cell DSP48E1 clocked by island_175  {rise@0.000ns fall@2.857ns period=5.714ns})
  Path Group:             island_175
  Path Type:              Setup (Max at Slow Process Corner)
  Requirement:            5.714ns  (island_175 rise@5.714ns - island_175 rise@0.000ns)
  Data Path Delay:        7.330ns  (logic 1.324ns (18.062%)  route 6.006ns (81.938%))
  Logic Levels:           7  (LUT3=1 LUT5=3 LUT6=3)
  Clock Path Skew:        -0.049ns (DCD - SCD + CPR)
    Destination Clock Delay (DCD):    0.924ns = ( 6.638 - 5.714 ) 
    Source Clock Delay      (SCD):    0.973ns
    Clock Pessimism Removal (CPR):    0.000ns
  Clock Uncertainty:      0.035ns  ((TSJ^2 + TIJ^2)^1/2 + DJ) / 2 + PE
    Total System Jitter     (TSJ):    0.071ns
    Total Input Jitter      (TIJ):    0.000ns
    Discrete Jitter          (DJ):    0.000ns
    Phase Error              (PE):    0.000ns

    Location             Delay type                Incr(ns)  Path(ns)    Netlist Resource(s)
  -------------------------------------------------------------------    -------------------
                         (clock island_175 rise edge)
                                                      0.000     0.000 r  
                                                      0.000     0.000 r  fft_clk (IN)
                         net (fo=4709, unset)         0.973     0.973    result_guard/fft_clk
    SLICE_X31Y5          FDCE                                         r  result_guard/descriptor_reg[56]/C
  -------------------------------------------------------------------    -------------------
    SLICE_X31Y5          FDCE (Prop_fdce_C_Q)         0.456     1.429 r  result_guard/descriptor_reg[56]/Q
                         net (fo=7, routed)           1.080     2.509    result_guard/D[61]
    SLICE_X29Y2          LUT6 (Prop_lut6_I5_O)        0.124     2.633 r  result_guard/balanced_metadata.leaf_equal_inferred_i_5/O
                         net (fo=1, routed)           0.866     3.499    output_bank/balanced_metadata.leaf_equal[20]
    SLICE_X28Y5          LUT6 (Prop_lut6_I4_O)        0.124     3.623 r  output_bank/balanced_metadata.group_equal_orig0_inferred__2/i_/O
                         net (fo=1, routed)           0.575     4.198    output_bank/balanced_metadata.group_equal[3]
    SLICE_X29Y3          LUT5 (Prop_lut5_I2_O)        0.124     4.322 r  output_bank/request_toggle_i_3__0/O
                         net (fo=1, routed)           0.154     4.476    output_bank/request_toggle_i_3__0_n_0
    SLICE_X29Y3          LUT3 (Prop_lut3_I2_O)        0.124     4.600 f  output_bank/request_toggle_i_2/O
                         net (fo=2, routed)           0.438     5.038    output_bank/request_toggle_i_2_n_0
    SLICE_X26Y3          LUT5 (Prop_lut5_I2_O)        0.124     5.162 f  output_bank/input_fault_i_2/O
                         net (fo=4, routed)           0.850     6.013    output_bank/input_fault1_out
    SLICE_X21Y6          LUT5 (Prop_lut5_I1_O)        0.124     6.137 f  output_bank/product_ii_reg_i_8/O
                         net (fo=4, routed)           0.969     7.105    result_guard/product_ii_reg_1
    SLICE_X21Y3          LUT6 (Prop_lut6_I2_O)        0.124     7.229 r  result_guard/product_ii_reg_i_1_comp_5/O
                         net (fo=7, routed)           1.074     8.303    product/input_accept
    DSP48_X1Y3           DSP48E1                                      r  product/sum_real_reg/CEA2
  -------------------------------------------------------------------    -------------------

                         (clock island_175 rise edge)
                                                      5.714     5.714 r  
                                                      0.000     5.714 r  fft_clk (IN)
                         net (fo=4709, unset)         0.924     6.638    product/fft_clk
    DSP48_X1Y3           DSP48E1                                      r  product/sum_real_reg/CLK
                         clock pessimism              0.000     6.638    
                         clock uncertainty           -0.035     6.603    
    DSP48_X1Y3           DSP48E1 (Setup_dsp48e1_CLK_CEA2)
                                                     -0.497     6.106    product/sum_real_reg
  -------------------------------------------------------------------
                         required time                          6.106    
                         arrival time                          -8.303    
  -------------------------------------------------------------------
                         slack                                 -2.197    

Slack (VIOLATED) :        -2.161ns  (required time - arrival time)
  Source:                 result_guard/descriptor_reg[56]/C
                            (rising edge-triggered cell FDCE clocked by island_175  {rise@0.000ns fall@2.857ns period=5.714ns})
  Destination:            product/product_ii_reg/CEA2
                            (rising edge-triggered cell DSP48E1 clocked by island_175  {rise@0.000ns fall@2.857ns period=5.714ns})
  Path Group:             island_175
  Path Type:              Setup (Max at Slow Process Corner)
  Requirement:            5.714ns  (island_175 rise@5.714ns - island_175 rise@0.000ns)
  Data Path Delay:        7.294ns  (logic 1.324ns (18.152%)  route 5.970ns (81.848%))
  Logic Levels:           7  (LUT3=1 LUT5=3 LUT6=3)
  Clock Path Skew:        -0.049ns (DCD - SCD + CPR)
    Destination Clock Delay (DCD):    0.924ns = ( 6.638 - 5.714 ) 
    Source Clock Delay      (SCD):    0.973ns
    Clock Pessimism Removal (CPR):    0.000ns
  Clock Uncertainty:      0.035ns  ((TSJ^2 + TIJ^2)^1/2 + DJ) / 2 + PE
    Total System Jitter     (TSJ):    0.071ns
    Total Input Jitter      (TIJ):    0.000ns
    Discrete Jitter          (DJ):    0.000ns
    Phase Error              (PE):    0.000ns

    Location             Delay type                Incr(ns)  Path(ns)    Netlist Resource(s)
  -------------------------------------------------------------------    -------------------
                         (clock island_175 rise edge)
                                                      0.000     0.000 r  
                                                      0.000     0.000 r  fft_clk (IN)
                         net (fo=4709, unset)         0.973     0.973    result_guard/fft_clk
    SLICE_X31Y5          FDCE                                         r  result_guard/descriptor_reg[56]/C
  -------------------------------------------------------------------    -------------------
    SLICE_X31Y5          FDCE (Prop_fdce_C_Q)         0.456     1.429 r  result_guard/descriptor_reg[56]/Q
                         net (fo=7, routed)           1.080     2.509    result_guard/D[61]
    SLICE_X29Y2          LUT6 (Prop_lut6_I5_O)        0.124     2.633 r  result_guard/balanced_metadata.leaf_equal_inferred_i_5/O
                         net (fo=1, routed)           0.866     3.499    output_bank/balanced_metadata.leaf_equal[20]
    SLICE_X28Y5          LUT6 (Prop_lut6_I4_O)        0.124     3.623 r  output_bank/balanced_metadata.group_equal_orig0_inferred__2/i_/O
                         net (fo=1, routed)           0.575     4.198    output_bank/balanced_metadata.group_equal[3]
    SLICE_X29Y3          LUT5 (Prop_lut5_I2_O)        0.124     4.322 r  output_bank/request_toggle_i_3__0/O
                         net (fo=1, routed)           0.154     4.476    output_bank/request_toggle_i_3__0_n_0
    SLICE_X29Y3          LUT3 (Prop_lut3_I2_O)        0.124     4.600 f  output_bank/request_toggle_i_2/O
                         net (fo=2, routed)           0.438     5.038    output_bank/request_toggle_i_2_n_0
    SLICE_X26Y3          LUT5 (Prop_lut5_I2_O)        0.124     5.162 f  output_bank/input_fault_i_2/O
                         net (fo=4, routed)           0.850     6.013    output_bank/input_fault1_out
    SLICE_X21Y6          LUT5 (Prop_lut5_I1_O)        0.124     6.137 f  output_bank/product_ii_reg_i_8/O
                         net (fo=4, routed)           0.969     7.105    result_guard/product_ii_reg_1
    SLICE_X21Y3          LUT6 (Prop_lut6_I2_O)        0.124     7.229 r  result_guard/product_ii_reg_i_1_comp_5/O
                         net (fo=7, routed)           1.038     8.267    product/input_accept
    DSP48_X1Y2           DSP48E1                                      r  product/product_ii_reg/CEA2
  -------------------------------------------------------------------    -------------------

                         (clock island_175 rise edge)
                                                      5.714     5.714 r  
                                                      0.000     5.714 r  fft_clk (IN)
                         net (fo=4709, unset)         0.924     6.638    product/fft_clk
    DSP48_X1Y2           DSP48E1                                      r  product/product_ii_reg/CLK
                         clock pessimism              0.000     6.638    
                         clock uncertainty           -0.035     6.603    
    DSP48_X1Y2           DSP48E1 (Setup_dsp48e1_CLK_CEA2)
                                                     -0.497     6.106    product/product_ii_reg
  -------------------------------------------------------------------
                         required time                          6.106    
                         arrival time                          -8.267    
  -------------------------------------------------------------------
                         slack                                 -2.161    

Slack (VIOLATED) :        -2.123ns  (required time - arrival time)
  Source:                 registered_scheduling.state_reg[2]/C
                            (rising edge-triggered cell FDRE clocked by island_175  {rise@0.000ns fall@2.857ns period=5.714ns})
  Destination:            shared_xfft/U0/i_synth/axi_wrapper/data_in_channel_fifo/gen_real_time.full_reg/D
                            (rising edge-triggered cell FDRE clocked by island_175  {rise@0.000ns fall@2.857ns period=5.714ns})
  Path Group:             island_175
  Path Type:              Setup (Max at Slow Process Corner)
  Requirement:            5.714ns  (island_175 rise@5.714ns - island_175 rise@0.000ns)
  Data Path Delay:        7.740ns  (logic 2.364ns (30.543%)  route 5.376ns (69.457%))
  Logic Levels:           12  (CARRY4=6 LUT2=1 LUT4=1 LUT5=1 LUT6=3)
  Clock Path Skew:        -0.049ns (DCD - SCD + CPR)
    Destination Clock Delay (DCD):    0.924ns = ( 6.638 - 5.714 ) 
    Source Clock Delay      (SCD):    0.973ns
    Clock Pessimism Removal (CPR):    0.000ns
  Clock Uncertainty:      0.035ns  ((TSJ^2 + TIJ^2)^1/2 + DJ) / 2 + PE
    Total System Jitter     (TSJ):    0.071ns
    Total Input Jitter      (TIJ):    0.000ns
    Discrete Jitter          (DJ):    0.000ns
    Phase Error              (PE):    0.000ns

    Location             Delay type                Incr(ns)  Path(ns)    Netlist Resource(s)
  -------------------------------------------------------------------    -------------------
                         (clock island_175 rise edge)
                                                      0.000     0.000 r  
                                                      0.000     0.000 r  fft_clk (IN)
                         net (fo=4709, unset)         0.973     0.973    fft_clk
    SLICE_X38Y6          FDRE                                         r  registered_scheduling.state_reg[2]/C
  -------------------------------------------------------------------    -------------------
    SLICE_X38Y6          FDRE (Prop_fdre_C_Q)         0.518     1.491 r  registered_scheduling.state_reg[2]/Q
                         net (fo=14, routed)          0.826     2.317    result_guard/registered_scheduling.state_reg[3]_1
    SLICE_X38Y7          LUT6 (Prop_lut6_I4_O)        0.124     2.441 r  result_guard/payload_memory_reg_i_3/O
                         net (fo=129, routed)         0.919     3.360    product_bank/payload_memory_reg_2
    SLICE_X36Y3          LUT2 (Prop_lut2_I1_O)        0.124     3.484 r  product_bank/registered_scheduling.engine_metadata[1]_i_1/O
                         net (fo=3, routed)           0.610     4.094    input_guard/metadata_valid0_carry__3_1[1]
    SLICE_X36Y4          LUT6 (Prop_lut6_I4_O)        0.124     4.218 r  input_guard/metadata_valid0_carry_i_4/O
                         net (fo=1, routed)           0.000     4.218    input_guard/metadata_valid0_carry_i_4_n_0
    SLICE_X36Y4          CARRY4 (Prop_carry4_S[0]_CO[3])
                                                      0.532     4.750 r  input_guard/metadata_valid0_carry/CO[3]
                         net (fo=1, routed)           0.000     4.750    input_guard/metadata_valid0_carry_n_0
    SLICE_X36Y5          CARRY4 (Prop_carry4_CI_CO[3])
                                                      0.114     4.864 r  input_guard/metadata_valid0_carry__0/CO[3]
                         net (fo=1, routed)           0.000     4.864    input_guard/metadata_valid0_carry__0_n_0
    SLICE_X36Y6          CARRY4 (Prop_carry4_CI_CO[3])
                                                      0.114     4.978 r  input_guard/metadata_valid0_carry__1/CO[3]
                         net (fo=1, routed)           0.000     4.978    input_guard/metadata_valid0_carry__1_n_0
    SLICE_X36Y7          CARRY4 (Prop_carry4_CI_CO[3])
                                                      0.114     5.092 r  input_guard/metadata_valid0_carry__2/CO[3]
                         net (fo=1, routed)           0.000     5.092    input_guard/metadata_valid0_carry__2_n_0
    SLICE_X36Y8          CARRY4 (Prop_carry4_CI_CO[3])
                                                      0.114     5.206 r  input_guard/metadata_valid0_carry__3/CO[3]
                         net (fo=1, routed)           0.000     5.206    input_guard/metadata_valid0_carry__3_n_0
    SLICE_X36Y9          CARRY4 (Prop_carry4_CI_CO[3])
                                                      0.114     5.320 r  input_guard/metadata_valid0_carry__4/CO[3]
                         net (fo=1, routed)           1.044     6.364    input_guard/metadata_valid0
    SLICE_X28Y7          LUT6 (Prop_lut6_I5_O)        0.124     6.488 f  input_guard/fault_reasons[1]_i_2/O
                         net (fo=12, routed)          1.199     7.687    input_guard/fault_reasons[1]_i_2_n_0
    SLICE_X6Y6           LUT4 (Prop_lut4_I0_O)        0.124     7.811 r  input_guard/shared_xfft_i_40/O
                         net (fo=2, routed)           0.447     8.258    shared_xfft/U0/i_synth/axi_wrapper/data_in_channel_fifo/s_axis_data_tvalid
    SLICE_X6Y5           LUT5 (Prop_lut5_I4_O)        0.124     8.382 r  shared_xfft/U0/i_synth/axi_wrapper/data_in_channel_fifo/gen_real_time.full_i_1__0/O
                         net (fo=1, routed)           0.331     8.713    shared_xfft/U0/i_synth/axi_wrapper/data_in_channel_fifo/gen_real_time.full_i_1__0_n_513
    SLICE_X6Y4           FDRE                                         r  shared_xfft/U0/i_synth/axi_wrapper/data_in_channel_fifo/gen_real_time.full_reg/D
  -------------------------------------------------------------------    -------------------

                         (clock island_175 rise edge)
                                                      5.714     5.714 r  
                                                      0.000     5.714 r  fft_clk (IN)
                         net (fo=4709, unset)         0.924     6.638    shared_xfft/U0/i_synth/axi_wrapper/data_in_channel_fifo/aclk
    SLICE_X6Y4           FDRE                                         r  shared_xfft/U0/i_synth/axi_wrapper/data_in_channel_fifo/gen_real_time.full_reg/C
                         clock pessimism              0.000     6.638    
                         clock uncertainty           -0.035     6.603    
    SLICE_X6Y4           FDRE (Setup_fdre_C_D)       -0.013     6.590    shared_xfft/U0/i_synth/axi_wrapper/data_in_channel_fifo/gen_real_time.full_reg
  -------------------------------------------------------------------
                         required time                          6.590    
                         arrival time                          -8.713    
  -------------------------------------------------------------------
                         slack                                 -2.123    

Slack (VIOLATED) :        -2.112ns  (required time - arrival time)
  Source:                 result_guard/descriptor_reg[56]/C
                            (rising edge-triggered cell FDCE clocked by island_175  {rise@0.000ns fall@2.857ns period=5.714ns})
  Destination:            joiner/kernel_rom/expected_bin_index_reg[6]/CE
                            (rising edge-triggered cell FDRE clocked by island_175  {rise@0.000ns fall@2.857ns period=5.714ns})
  Path Group:             island_175
  Path Type:              Setup (Max at Slow Process Corner)
  Requirement:            5.714ns  (island_175 rise@5.714ns - island_175 rise@0.000ns)
  Data Path Delay:        7.537ns  (logic 1.448ns (19.213%)  route 6.089ns (80.787%))
  Logic Levels:           8  (LUT2=1 LUT3=1 LUT5=3 LUT6=3)
  Clock Path Skew:        -0.049ns (DCD - SCD + CPR)
    Destination Clock Delay (DCD):    0.924ns = ( 6.638 - 5.714 ) 
    Source Clock Delay      (SCD):    0.973ns
    Clock Pessimism Removal (CPR):    0.000ns
  Clock Uncertainty:      0.035ns  ((TSJ^2 + TIJ^2)^1/2 + DJ) / 2 + PE
    Total System Jitter     (TSJ):    0.071ns
    Total Input Jitter      (TIJ):    0.000ns
    Discrete Jitter          (DJ):    0.000ns
    Phase Error              (PE):    0.000ns

    Location             Delay type                Incr(ns)  Path(ns)    Netlist Resource(s)
  -------------------------------------------------------------------    -------------------
                         (clock island_175 rise edge)
                                                      0.000     0.000 r  
                                                      0.000     0.000 r  fft_clk (IN)
                         net (fo=4709, unset)         0.973     0.973    result_guard/fft_clk
    SLICE_X31Y5          FDCE                                         r  result_guard/descriptor_reg[56]/C
  -------------------------------------------------------------------    -------------------
    SLICE_X31Y5          FDCE (Prop_fdce_C_Q)         0.456     1.429 r  result_guard/descriptor_reg[56]/Q
                         net (fo=7, routed)           1.080     2.509    result_guard/D[61]
    SLICE_X29Y2          LUT6 (Prop_lut6_I5_O)        0.124     2.633 r  result_guard/balanced_metadata.leaf_equal_inferred_i_5/O
                         net (fo=1, routed)           0.866     3.499    output_bank/balanced_metadata.leaf_equal[20]
    SLICE_X28Y5          LUT6 (Prop_lut6_I4_O)        0.124     3.623 r  output_bank/balanced_metadata.group_equal_orig0_inferred__2/i_/O
                         net (fo=1, routed)           0.575     4.198    output_bank/balanced_metadata.group_equal[3]
    SLICE_X29Y3          LUT5 (Prop_lut5_I2_O)        0.124     4.322 r  output_bank/request_toggle_i_3__0/O
                         net (fo=1, routed)           0.154     4.476    output_bank/request_toggle_i_3__0_n_0
    SLICE_X29Y3          LUT3 (Prop_lut3_I2_O)        0.124     4.600 f  output_bank/request_toggle_i_2/O
                         net (fo=2, routed)           0.438     5.038    output_bank/request_toggle_i_2_n_0
    SLICE_X26Y3          LUT5 (Prop_lut5_I2_O)        0.124     5.162 f  output_bank/input_fault_i_2/O
                         net (fo=4, routed)           0.850     6.013    output_bank/input_fault1_out
    SLICE_X21Y6          LUT5 (Prop_lut5_I1_O)        0.124     6.137 f  output_bank/product_ii_reg_i_8/O
                         net (fo=4, routed)           0.969     7.105    result_guard/product_ii_reg_1
    SLICE_X21Y3          LUT6 (Prop_lut6_I2_O)        0.124     7.229 r  result_guard/product_ii_reg_i_1_comp_5/O
                         net (fo=7, routed)           0.329     7.558    result_guard/input_accept
    SLICE_X21Y3          LUT2 (Prop_lut2_I0_O)        0.124     7.682 r  result_guard/expected_bin_index[8]_i_1/O
                         net (fo=88, routed)          0.827     8.510    joiner/kernel_rom/output_block_exponent_reg[0]_0
    SLICE_X26Y0          FDRE                                         r  joiner/kernel_rom/expected_bin_index_reg[6]/CE
  -------------------------------------------------------------------    -------------------

                         (clock island_175 rise edge)
                                                      5.714     5.714 r  
                                                      0.000     5.714 r  fft_clk (IN)
                         net (fo=4709, unset)         0.924     6.638    joiner/kernel_rom/fft_clk
    SLICE_X26Y0          FDRE                                         r  joiner/kernel_rom/expected_bin_index_reg[6]/C
                         clock pessimism              0.000     6.638    
                         clock uncertainty           -0.035     6.603    
    SLICE_X26Y0          FDRE (Setup_fdre_C_CE)      -0.205     6.398    joiner/kernel_rom/expected_bin_index_reg[6]
  -------------------------------------------------------------------
                         required time                          6.398    
                         arrival time                          -8.510    
  -------------------------------------------------------------------
                         slack                                 -2.112    

Slack (VIOLATED) :        -2.112ns  (required time - arrival time)
  Source:                 result_guard/descriptor_reg[56]/C
                            (rising edge-triggered cell FDCE clocked by island_175  {rise@0.000ns fall@2.857ns period=5.714ns})
  Destination:            joiner/kernel_rom/output_block_exponent_reg[0]/CE
                            (rising edge-triggered cell FDRE clocked by island_175  {rise@0.000ns fall@2.857ns period=5.714ns})
  Path Group:             island_175
  Path Type:              Setup (Max at Slow Process Corner)
  Requirement:            5.714ns  (island_175 rise@5.714ns - island_175 rise@0.000ns)
  Data Path Delay:        7.537ns  (logic 1.448ns (19.213%)  route 6.089ns (80.787%))
  Logic Levels:           8  (LUT2=1 LUT3=1 LUT5=3 LUT6=3)
  Clock Path Skew:        -0.049ns (DCD - SCD + CPR)
    Destination Clock Delay (DCD):    0.924ns = ( 6.638 - 5.714 ) 
    Source Clock Delay      (SCD):    0.973ns
    Clock Pessimism Removal (CPR):    0.000ns
  Clock Uncertainty:      0.035ns  ((TSJ^2 + TIJ^2)^1/2 + DJ) / 2 + PE
    Total System Jitter     (TSJ):    0.071ns
    Total Input Jitter      (TIJ):    0.000ns
    Discrete Jitter          (DJ):    0.000ns
    Phase Error              (PE):    0.000ns

    Location             Delay type                Incr(ns)  Path(ns)    Netlist Resource(s)
  -------------------------------------------------------------------    -------------------
                         (clock island_175 rise edge)
                                                      0.000     0.000 r  
                                                      0.000     0.000 r  fft_clk (IN)
                         net (fo=4709, unset)         0.973     0.973    result_guard/fft_clk
    SLICE_X31Y5          FDCE                                         r  result_guard/descriptor_reg[56]/C
  -------------------------------------------------------------------    -------------------
    SLICE_X31Y5          FDCE (Prop_fdce_C_Q)         0.456     1.429 r  result_guard/descriptor_reg[56]/Q
                         net (fo=7, routed)           1.080     2.509    result_guard/D[61]
    SLICE_X29Y2          LUT6 (Prop_lut6_I5_O)        0.124     2.633 r  result_guard/balanced_metadata.leaf_equal_inferred_i_5/O
                         net (fo=1, routed)           0.866     3.499    output_bank/balanced_metadata.leaf_equal[20]
    SLICE_X28Y5          LUT6 (Prop_lut6_I4_O)        0.124     3.623 r  output_bank/balanced_metadata.group_equal_orig0_inferred__2/i_/O
                         net (fo=1, routed)           0.575     4.198    output_bank/balanced_metadata.group_equal[3]
    SLICE_X29Y3          LUT5 (Prop_lut5_I2_O)        0.124     4.322 r  output_bank/request_toggle_i_3__0/O
                         net (fo=1, routed)           0.154     4.476    output_bank/request_toggle_i_3__0_n_0
    SLICE_X29Y3          LUT3 (Prop_lut3_I2_O)        0.124     4.600 f  output_bank/request_toggle_i_2/O
                         net (fo=2, routed)           0.438     5.038    output_bank/request_toggle_i_2_n_0
    SLICE_X26Y3          LUT5 (Prop_lut5_I2_O)        0.124     5.162 f  output_bank/input_fault_i_2/O
                         net (fo=4, routed)           0.850     6.013    output_bank/input_fault1_out
    SLICE_X21Y6          LUT5 (Prop_lut5_I1_O)        0.124     6.137 f  output_bank/product_ii_reg_i_8/O
                         net (fo=4, routed)           0.969     7.105    result_guard/product_ii_reg_1
    SLICE_X21Y3          LUT6 (Prop_lut6_I2_O)        0.124     7.229 r  result_guard/product_ii_reg_i_1_comp_5/O
                         net (fo=7, routed)           0.329     7.558    result_guard/input_accept
    SLICE_X21Y3          LUT2 (Prop_lut2_I0_O)        0.124     7.682 r  result_guard/expected_bin_index[8]_i_1/O
                         net (fo=88, routed)          0.827     8.510    joiner/kernel_rom/output_block_exponent_reg[0]_0
    SLICE_X26Y0          FDRE                                         r  joiner/kernel_rom/output_block_exponent_reg[0]/CE
  -------------------------------------------------------------------    -------------------

                         (clock island_175 rise edge)
                                                      5.714     5.714 r  
                                                      0.000     5.714 r  fft_clk (IN)
                         net (fo=4709, unset)         0.924     6.638    joiner/kernel_rom/fft_clk
    SLICE_X26Y0          FDRE                                         r  joiner/kernel_rom/output_block_exponent_reg[0]/C
                         clock pessimism              0.000     6.638    
                         clock uncertainty           -0.035     6.603    
    SLICE_X26Y0          FDRE (Setup_fdre_C_CE)      -0.205     6.398    joiner/kernel_rom/output_block_exponent_reg[0]
  -------------------------------------------------------------------
                         required time                          6.398    
                         arrival time                          -8.510    
  -------------------------------------------------------------------
                         slack                                 -2.112    

Slack (VIOLATED) :        -2.112ns  (required time - arrival time)
  Source:                 result_guard/descriptor_reg[56]/C
                            (rising edge-triggered cell FDCE clocked by island_175  {rise@0.000ns fall@2.857ns period=5.714ns})
  Destination:            joiner/kernel_rom/output_block_exponent_reg[4]/CE
                            (rising edge-triggered cell FDRE clocked by island_175  {rise@0.000ns fall@2.857ns period=5.714ns})
  Path Group:             island_175
  Path Type:              Setup (Max at Slow Process Corner)
  Requirement:            5.714ns  (island_175 rise@5.714ns - island_175 rise@0.000ns)
  Data Path Delay:        7.537ns  (logic 1.448ns (19.213%)  route 6.089ns (80.787%))
  Logic Levels:           8  (LUT2=1 LUT3=1 LUT5=3 LUT6=3)
  Clock Path Skew:        -0.049ns (DCD - SCD + CPR)
    Destination Clock Delay (DCD):    0.924ns = ( 6.638 - 5.714 ) 
    Source Clock Delay      (SCD):    0.973ns
    Clock Pessimism Removal (CPR):    0.000ns
  Clock Uncertainty:      0.035ns  ((TSJ^2 + TIJ^2)^1/2 + DJ) / 2 + PE
    Total System Jitter     (TSJ):    0.071ns
    Total Input Jitter      (TIJ):    0.000ns
    Discrete Jitter          (DJ):    0.000ns
    Phase Error              (PE):    0.000ns

    Location             Delay type                Incr(ns)  Path(ns)    Netlist Resource(s)
  -------------------------------------------------------------------    -------------------
                         (clock island_175 rise edge)
                                                      0.000     0.000 r  
                                                      0.000     0.000 r  fft_clk (IN)
                         net (fo=4709, unset)         0.973     0.973    result_guard/fft_clk
    SLICE_X31Y5          FDCE                                         r  result_guard/descriptor_reg[56]/C
  -------------------------------------------------------------------    -------------------
    SLICE_X31Y5          FDCE (Prop_fdce_C_Q)         0.456     1.429 r  result_guard/descriptor_reg[56]/Q
                         net (fo=7, routed)           1.080     2.509    result_guard/D[61]
    SLICE_X29Y2          LUT6 (Prop_lut6_I5_O)        0.124     2.633 r  result_guard/balanced_metadata.leaf_equal_inferred_i_5/O
                         net (fo=1, routed)           0.866     3.499    output_bank/balanced_metadata.leaf_equal[20]
    SLICE_X28Y5          LUT6 (Prop_lut6_I4_O)        0.124     3.623 r  output_bank/balanced_metadata.group_equal_orig0_inferred__2/i_/O
                         net (fo=1, routed)           0.575     4.198    output_bank/balanced_metadata.group_equal[3]
    SLICE_X29Y3          LUT5 (Prop_lut5_I2_O)        0.124     4.322 r  output_bank/request_toggle_i_3__0/O
                         net (fo=1, routed)           0.154     4.476    output_bank/request_toggle_i_3__0_n_0
    SLICE_X29Y3          LUT3 (Prop_lut3_I2_O)        0.124     4.600 f  output_bank/request_toggle_i_2/O
                         net (fo=2, routed)           0.438     5.038    output_bank/request_toggle_i_2_n_0
    SLICE_X26Y3          LUT5 (Prop_lut5_I2_O)        0.124     5.162 f  output_bank/input_fault_i_2/O
                         net (fo=4, routed)           0.850     6.013    output_bank/input_fault1_out
    SLICE_X21Y6          LUT5 (Prop_lut5_I1_O)        0.124     6.137 f  output_bank/product_ii_reg_i_8/O
                         net (fo=4, routed)           0.969     7.105    result_guard/product_ii_reg_1
    SLICE_X21Y3          LUT6 (Prop_lut6_I2_O)        0.124     7.229 r  result_guard/product_ii_reg_i_1_comp_5/O
                         net (fo=7, routed)           0.329     7.558    result_guard/input_accept
    SLICE_X21Y3          LUT2 (Prop_lut2_I0_O)        0.124     7.682 r  result_guard/expected_bin_index[8]_i_1/O
                         net (fo=88, routed)          0.827     8.510    joiner/kernel_rom/output_block_exponent_reg[0]_0
    SLICE_X26Y0          FDRE                                         r  joiner/kernel_rom/output_block_exponent_reg[4]/CE
  -------------------------------------------------------------------    -------------------

                         (clock island_175 rise edge)
                                                      5.714     5.714 r  
                                                      0.000     5.714 r  fft_clk (IN)
                         net (fo=4709, unset)         0.924     6.638    joiner/kernel_rom/fft_clk
    SLICE_X26Y0          FDRE                                         r  joiner/kernel_rom/output_block_exponent_reg[4]/C
                         clock pessimism              0.000     6.638    
                         clock uncertainty           -0.035     6.603    
    SLICE_X26Y0          FDRE (Setup_fdre_C_CE)      -0.205     6.398    joiner/kernel_rom/output_block_exponent_reg[4]
  -------------------------------------------------------------------
                         required time                          6.398    
                         arrival time                          -8.510    
  -------------------------------------------------------------------
                         slack                                 -2.112    




