Copyright 1986-2022 Xilinx, Inc. All Rights Reserved.
---------------------------------------------------------------------------------------------------------------------------------------------------------------------------------------------------------
| Tool Version : Vivado v.2022.2 (lin64) Build 3671981 Fri Oct 14 04:59:54 MDT 2022
| Date         : Thu Sep 10 02:01:45 2026
| Host         : gauss running 64-bit Ubuntu 26.04 LTS
| Command      : report_timing -from [get_clocks source_100] -to [get_clocks source_100] -delay_type max -max_paths 20 -file /tmp/starlink-completed-input.5EaJuD/registered-route-v1/source_100_max.rpt
| Design       : starlink_pss_fft_bank_owned_slice
| Device       : 7z010-clg400
| Speed File   : -1  PRODUCTION 1.12 2019-11-22
---------------------------------------------------------------------------------------------------------------------------------------------------------------------------------------------------------

Timing Report

Slack (MET) :             1.927ns  (required time - arrival time)
  Source:                 source_bank/metadata_in_hold_reg[5]/C
                            (rising edge-triggered cell FDRE clocked by source_100  {rise@0.000ns fall@5.000ns period=10.000ns})
  Destination:            source_bank/write_position_reg[0]/CE
                            (rising edge-triggered cell FDRE clocked by source_100  {rise@0.000ns fall@5.000ns period=10.000ns})
  Path Group:             source_100
  Path Type:              Setup (Max at Slow Process Corner)
  Requirement:            10.000ns  (source_100 rise@10.000ns - source_100 rise@0.000ns)
  Data Path Delay:        7.596ns  (logic 2.548ns (33.543%)  route 5.048ns (66.457%))
  Logic Levels:           9  (CARRY4=6 LUT2=1 LUT4=1 LUT5=1)
  Clock Path Skew:        -0.049ns (DCD - SCD + CPR)
    Destination Clock Delay (DCD):    0.924ns = ( 10.924 - 10.000 ) 
    Source Clock Delay      (SCD):    0.973ns
    Clock Pessimism Removal (CPR):    0.000ns
  Clock Uncertainty:      0.035ns  ((TSJ^2 + TIJ^2)^1/2 + DJ) / 2 + PE
    Total System Jitter     (TSJ):    0.071ns
    Total Input Jitter      (TIJ):    0.000ns
    Discrete Jitter          (DJ):    0.000ns
    Phase Error              (PE):    0.000ns

    Location             Delay type                Incr(ns)  Path(ns)    Netlist Resource(s)
  -------------------------------------------------------------------    -------------------
                         (clock source_100 rise edge)
                                                      0.000     0.000 r  
                                                      0.000     0.000 r  clk (IN)
                         net (fo=183, unset)          0.973     0.973    source_bank/clk
    SLICE_X43Y5          FDRE                                         r  source_bank/metadata_in_hold_reg[5]/C
  -------------------------------------------------------------------    -------------------
    SLICE_X43Y5          FDRE (Prop_fdre_C_Q)         0.419     1.392 r  source_bank/metadata_in_hold_reg[5]/Q
                         net (fo=2, routed)           0.825     2.217    source_bank/metadata_in_hold[5]
    SLICE_X43Y5          LUT2 (Prop_lut2_I0_O)        0.297     2.514 r  source_bank/metadata_matches__0_carry_i_1/O
                         net (fo=1, routed)           0.620     3.135    source_bank/metadata_matches__0_carry_i_1_n_0
    SLICE_X41Y9          CARRY4 (Prop_carry4_CYINIT_CO[3])
                                                      0.580     3.715 r  source_bank/metadata_matches__0_carry/CO[3]
                         net (fo=1, routed)           0.000     3.715    source_bank/metadata_matches__0_carry_n_0
    SLICE_X41Y10         CARRY4 (Prop_carry4_CI_CO[3])
                                                      0.114     3.829 r  source_bank/metadata_matches__0_carry__0/CO[3]
                         net (fo=1, routed)           0.000     3.829    source_bank/metadata_matches__0_carry__0_n_0
    SLICE_X41Y11         CARRY4 (Prop_carry4_CI_CO[3])
                                                      0.114     3.943 r  source_bank/metadata_matches__0_carry__1/CO[3]
                         net (fo=1, routed)           0.000     3.943    source_bank/metadata_matches__0_carry__1_n_0
    SLICE_X41Y12         CARRY4 (Prop_carry4_CI_CO[3])
                                                      0.114     4.057 r  source_bank/metadata_matches__0_carry__2/CO[3]
                         net (fo=1, routed)           0.000     4.057    source_bank/metadata_matches__0_carry__2_n_0
    SLICE_X41Y13         CARRY4 (Prop_carry4_CI_CO[3])
                                                      0.114     4.171 r  source_bank/metadata_matches__0_carry__3/CO[3]
                         net (fo=1, routed)           0.000     4.171    source_bank/metadata_matches__0_carry__3_n_0
    SLICE_X41Y14         CARRY4 (Prop_carry4_CI_CO[0])
                                                      0.271     4.442 r  source_bank/metadata_matches__0_carry__4/CO[0]
                         net (fo=1, routed)           2.207     6.649    source_bank/metadata_matches
    SLICE_X6Y4           LUT5 (Prop_lut5_I2_O)        0.373     7.022 r  source_bank/write_position[8]_i_3/O
                         net (fo=3, routed)           0.682     7.704    source_bank/input_framing_valid__2
    SLICE_X6Y4           LUT4 (Prop_lut4_I3_O)        0.152     7.856 r  source_bank/write_position[8]_i_1__1/O
                         net (fo=9, routed)           0.714     8.569    source_bank/write_position[8]_i_1__1_n_0
    SLICE_X4Y3           FDRE                                         r  source_bank/write_position_reg[0]/CE
  -------------------------------------------------------------------    -------------------

                         (clock source_100 rise edge)
                                                     10.000    10.000 r  
                                                      0.000    10.000 r  clk (IN)
                         net (fo=183, unset)          0.924    10.924    source_bank/clk
    SLICE_X4Y3           FDRE                                         r  source_bank/write_position_reg[0]/C
                         clock pessimism              0.000    10.924    
                         clock uncertainty           -0.035    10.889    
    SLICE_X4Y3           FDRE (Setup_fdre_C_CE)      -0.393    10.496    source_bank/write_position_reg[0]
  -------------------------------------------------------------------
                         required time                         10.496    
                         arrival time                          -8.569    
  -------------------------------------------------------------------
                         slack                                  1.927    

Slack (MET) :             1.927ns  (required time - arrival time)
  Source:                 source_bank/metadata_in_hold_reg[5]/C
                            (rising edge-triggered cell FDRE clocked by source_100  {rise@0.000ns fall@5.000ns period=10.000ns})
  Destination:            source_bank/write_position_reg[5]/CE
                            (rising edge-triggered cell FDRE clocked by source_100  {rise@0.000ns fall@5.000ns period=10.000ns})
  Path Group:             source_100
  Path Type:              Setup (Max at Slow Process Corner)
  Requirement:            10.000ns  (source_100 rise@10.000ns - source_100 rise@0.000ns)
  Data Path Delay:        7.596ns  (logic 2.548ns (33.543%)  route 5.048ns (66.457%))
  Logic Levels:           9  (CARRY4=6 LUT2=1 LUT4=1 LUT5=1)
  Clock Path Skew:        -0.049ns (DCD - SCD + CPR)
    Destination Clock Delay (DCD):    0.924ns = ( 10.924 - 10.000 ) 
    Source Clock Delay      (SCD):    0.973ns
    Clock Pessimism Removal (CPR):    0.000ns
  Clock Uncertainty:      0.035ns  ((TSJ^2 + TIJ^2)^1/2 + DJ) / 2 + PE
    Total System Jitter     (TSJ):    0.071ns
    Total Input Jitter      (TIJ):    0.000ns
    Discrete Jitter          (DJ):    0.000ns
    Phase Error              (PE):    0.000ns

    Location             Delay type                Incr(ns)  Path(ns)    Netlist Resource(s)
  -------------------------------------------------------------------    -------------------
                         (clock source_100 rise edge)
                                                      0.000     0.000 r  
                                                      0.000     0.000 r  clk (IN)
                         net (fo=183, unset)          0.973     0.973    source_bank/clk
    SLICE_X43Y5          FDRE                                         r  source_bank/metadata_in_hold_reg[5]/C
  -------------------------------------------------------------------    -------------------
    SLICE_X43Y5          FDRE (Prop_fdre_C_Q)         0.419     1.392 r  source_bank/metadata_in_hold_reg[5]/Q
                         net (fo=2, routed)           0.825     2.217    source_bank/metadata_in_hold[5]
    SLICE_X43Y5          LUT2 (Prop_lut2_I0_O)        0.297     2.514 r  source_bank/metadata_matches__0_carry_i_1/O
                         net (fo=1, routed)           0.620     3.135    source_bank/metadata_matches__0_carry_i_1_n_0
    SLICE_X41Y9          CARRY4 (Prop_carry4_CYINIT_CO[3])
                                                      0.580     3.715 r  source_bank/metadata_matches__0_carry/CO[3]
                         net (fo=1, routed)           0.000     3.715    source_bank/metadata_matches__0_carry_n_0
    SLICE_X41Y10         CARRY4 (Prop_carry4_CI_CO[3])
                                                      0.114     3.829 r  source_bank/metadata_matches__0_carry__0/CO[3]
                         net (fo=1, routed)           0.000     3.829    source_bank/metadata_matches__0_carry__0_n_0
    SLICE_X41Y11         CARRY4 (Prop_carry4_CI_CO[3])
                                                      0.114     3.943 r  source_bank/metadata_matches__0_carry__1/CO[3]
                         net (fo=1, routed)           0.000     3.943    source_bank/metadata_matches__0_carry__1_n_0
    SLICE_X41Y12         CARRY4 (Prop_carry4_CI_CO[3])
                                                      0.114     4.057 r  source_bank/metadata_matches__0_carry__2/CO[3]
                         net (fo=1, routed)           0.000     4.057    source_bank/metadata_matches__0_carry__2_n_0
    SLICE_X41Y13         CARRY4 (Prop_carry4_CI_CO[3])
                                                      0.114     4.171 r  source_bank/metadata_matches__0_carry__3/CO[3]
                         net (fo=1, routed)           0.000     4.171    source_bank/metadata_matches__0_carry__3_n_0
    SLICE_X41Y14         CARRY4 (Prop_carry4_CI_CO[0])
                                                      0.271     4.442 r  source_bank/metadata_matches__0_carry__4/CO[0]
                         net (fo=1, routed)           2.207     6.649    source_bank/metadata_matches
    SLICE_X6Y4           LUT5 (Prop_lut5_I2_O)        0.373     7.022 r  source_bank/write_position[8]_i_3/O
                         net (fo=3, routed)           0.682     7.704    source_bank/input_framing_valid__2
    SLICE_X6Y4           LUT4 (Prop_lut4_I3_O)        0.152     7.856 r  source_bank/write_position[8]_i_1__1/O
                         net (fo=9, routed)           0.714     8.569    source_bank/write_position[8]_i_1__1_n_0
    SLICE_X4Y3           FDRE                                         r  source_bank/write_position_reg[5]/CE
  -------------------------------------------------------------------    -------------------

                         (clock source_100 rise edge)
                                                     10.000    10.000 r  
                                                      0.000    10.000 r  clk (IN)
                         net (fo=183, unset)          0.924    10.924    source_bank/clk
    SLICE_X4Y3           FDRE                                         r  source_bank/write_position_reg[5]/C
                         clock pessimism              0.000    10.924    
                         clock uncertainty           -0.035    10.889    
    SLICE_X4Y3           FDRE (Setup_fdre_C_CE)      -0.393    10.496    source_bank/write_position_reg[5]
  -------------------------------------------------------------------
                         required time                         10.496    
                         arrival time                          -8.569    
  -------------------------------------------------------------------
                         slack                                  1.927    

Slack (MET) :             1.927ns  (required time - arrival time)
  Source:                 source_bank/metadata_in_hold_reg[5]/C
                            (rising edge-triggered cell FDRE clocked by source_100  {rise@0.000ns fall@5.000ns period=10.000ns})
  Destination:            source_bank/write_position_reg[6]/CE
                            (rising edge-triggered cell FDRE clocked by source_100  {rise@0.000ns fall@5.000ns period=10.000ns})
  Path Group:             source_100
  Path Type:              Setup (Max at Slow Process Corner)
  Requirement:            10.000ns  (source_100 rise@10.000ns - source_100 rise@0.000ns)
  Data Path Delay:        7.596ns  (logic 2.548ns (33.543%)  route 5.048ns (66.457%))
  Logic Levels:           9  (CARRY4=6 LUT2=1 LUT4=1 LUT5=1)
  Clock Path Skew:        -0.049ns (DCD - SCD + CPR)
    Destination Clock Delay (DCD):    0.924ns = ( 10.924 - 10.000 ) 
    Source Clock Delay      (SCD):    0.973ns
    Clock Pessimism Removal (CPR):    0.000ns
  Clock Uncertainty:      0.035ns  ((TSJ^2 + TIJ^2)^1/2 + DJ) / 2 + PE
    Total System Jitter     (TSJ):    0.071ns
    Total Input Jitter      (TIJ):    0.000ns
    Discrete Jitter          (DJ):    0.000ns
    Phase Error              (PE):    0.000ns

    Location             Delay type                Incr(ns)  Path(ns)    Netlist Resource(s)
  -------------------------------------------------------------------    -------------------
                         (clock source_100 rise edge)
                                                      0.000     0.000 r  
                                                      0.000     0.000 r  clk (IN)
                         net (fo=183, unset)          0.973     0.973    source_bank/clk
    SLICE_X43Y5          FDRE                                         r  source_bank/metadata_in_hold_reg[5]/C
  -------------------------------------------------------------------    -------------------
    SLICE_X43Y5          FDRE (Prop_fdre_C_Q)         0.419     1.392 r  source_bank/metadata_in_hold_reg[5]/Q
                         net (fo=2, routed)           0.825     2.217    source_bank/metadata_in_hold[5]
    SLICE_X43Y5          LUT2 (Prop_lut2_I0_O)        0.297     2.514 r  source_bank/metadata_matches__0_carry_i_1/O
                         net (fo=1, routed)           0.620     3.135    source_bank/metadata_matches__0_carry_i_1_n_0
    SLICE_X41Y9          CARRY4 (Prop_carry4_CYINIT_CO[3])
                                                      0.580     3.715 r  source_bank/metadata_matches__0_carry/CO[3]
                         net (fo=1, routed)           0.000     3.715    source_bank/metadata_matches__0_carry_n_0
    SLICE_X41Y10         CARRY4 (Prop_carry4_CI_CO[3])
                                                      0.114     3.829 r  source_bank/metadata_matches__0_carry__0/CO[3]
                         net (fo=1, routed)           0.000     3.829    source_bank/metadata_matches__0_carry__0_n_0
    SLICE_X41Y11         CARRY4 (Prop_carry4_CI_CO[3])
                                                      0.114     3.943 r  source_bank/metadata_matches__0_carry__1/CO[3]
                         net (fo=1, routed)           0.000     3.943    source_bank/metadata_matches__0_carry__1_n_0
    SLICE_X41Y12         CARRY4 (Prop_carry4_CI_CO[3])
                                                      0.114     4.057 r  source_bank/metadata_matches__0_carry__2/CO[3]
                         net (fo=1, routed)           0.000     4.057    source_bank/metadata_matches__0_carry__2_n_0
    SLICE_X41Y13         CARRY4 (Prop_carry4_CI_CO[3])
                                                      0.114     4.171 r  source_bank/metadata_matches__0_carry__3/CO[3]
                         net (fo=1, routed)           0.000     4.171    source_bank/metadata_matches__0_carry__3_n_0
    SLICE_X41Y14         CARRY4 (Prop_carry4_CI_CO[0])
                                                      0.271     4.442 r  source_bank/metadata_matches__0_carry__4/CO[0]
                         net (fo=1, routed)           2.207     6.649    source_bank/metadata_matches
    SLICE_X6Y4           LUT5 (Prop_lut5_I2_O)        0.373     7.022 r  source_bank/write_position[8]_i_3/O
                         net (fo=3, routed)           0.682     7.704    source_bank/input_framing_valid__2
    SLICE_X6Y4           LUT4 (Prop_lut4_I3_O)        0.152     7.856 r  source_bank/write_position[8]_i_1__1/O
                         net (fo=9, routed)           0.714     8.569    source_bank/write_position[8]_i_1__1_n_0
    SLICE_X4Y3           FDRE                                         r  source_bank/write_position_reg[6]/CE
  -------------------------------------------------------------------    -------------------

                         (clock source_100 rise edge)
                                                     10.000    10.000 r  
                                                      0.000    10.000 r  clk (IN)
                         net (fo=183, unset)          0.924    10.924    source_bank/clk
    SLICE_X4Y3           FDRE                                         r  source_bank/write_position_reg[6]/C
                         clock pessimism              0.000    10.924    
                         clock uncertainty           -0.035    10.889    
    SLICE_X4Y3           FDRE (Setup_fdre_C_CE)      -0.393    10.496    source_bank/write_position_reg[6]
  -------------------------------------------------------------------
                         required time                         10.496    
                         arrival time                          -8.569    
  -------------------------------------------------------------------
                         slack                                  1.927    

Slack (MET) :             1.927ns  (required time - arrival time)
  Source:                 source_bank/metadata_in_hold_reg[5]/C
                            (rising edge-triggered cell FDRE clocked by source_100  {rise@0.000ns fall@5.000ns period=10.000ns})
  Destination:            source_bank/write_position_reg[7]/CE
                            (rising edge-triggered cell FDRE clocked by source_100  {rise@0.000ns fall@5.000ns period=10.000ns})
  Path Group:             source_100
  Path Type:              Setup (Max at Slow Process Corner)
  Requirement:            10.000ns  (source_100 rise@10.000ns - source_100 rise@0.000ns)
  Data Path Delay:        7.596ns  (logic 2.548ns (33.543%)  route 5.048ns (66.457%))
  Logic Levels:           9  (CARRY4=6 LUT2=1 LUT4=1 LUT5=1)
  Clock Path Skew:        -0.049ns (DCD - SCD + CPR)
    Destination Clock Delay (DCD):    0.924ns = ( 10.924 - 10.000 ) 
    Source Clock Delay      (SCD):    0.973ns
    Clock Pessimism Removal (CPR):    0.000ns
  Clock Uncertainty:      0.035ns  ((TSJ^2 + TIJ^2)^1/2 + DJ) / 2 + PE
    Total System Jitter     (TSJ):    0.071ns
    Total Input Jitter      (TIJ):    0.000ns
    Discrete Jitter          (DJ):    0.000ns
    Phase Error              (PE):    0.000ns

    Location             Delay type                Incr(ns)  Path(ns)    Netlist Resource(s)
  -------------------------------------------------------------------    -------------------
                         (clock source_100 rise edge)
                                                      0.000     0.000 r  
                                                      0.000     0.000 r  clk (IN)
                         net (fo=183, unset)          0.973     0.973    source_bank/clk
    SLICE_X43Y5          FDRE                                         r  source_bank/metadata_in_hold_reg[5]/C
  -------------------------------------------------------------------    -------------------
    SLICE_X43Y5          FDRE (Prop_fdre_C_Q)         0.419     1.392 r  source_bank/metadata_in_hold_reg[5]/Q
                         net (fo=2, routed)           0.825     2.217    source_bank/metadata_in_hold[5]
    SLICE_X43Y5          LUT2 (Prop_lut2_I0_O)        0.297     2.514 r  source_bank/metadata_matches__0_carry_i_1/O
                         net (fo=1, routed)           0.620     3.135    source_bank/metadata_matches__0_carry_i_1_n_0
    SLICE_X41Y9          CARRY4 (Prop_carry4_CYINIT_CO[3])
                                                      0.580     3.715 r  source_bank/metadata_matches__0_carry/CO[3]
                         net (fo=1, routed)           0.000     3.715    source_bank/metadata_matches__0_carry_n_0
    SLICE_X41Y10         CARRY4 (Prop_carry4_CI_CO[3])
                                                      0.114     3.829 r  source_bank/metadata_matches__0_carry__0/CO[3]
                         net (fo=1, routed)           0.000     3.829    source_bank/metadata_matches__0_carry__0_n_0
    SLICE_X41Y11         CARRY4 (Prop_carry4_CI_CO[3])
                                                      0.114     3.943 r  source_bank/metadata_matches__0_carry__1/CO[3]
                         net (fo=1, routed)           0.000     3.943    source_bank/metadata_matches__0_carry__1_n_0
    SLICE_X41Y12         CARRY4 (Prop_carry4_CI_CO[3])
                                                      0.114     4.057 r  source_bank/metadata_matches__0_carry__2/CO[3]
                         net (fo=1, routed)           0.000     4.057    source_bank/metadata_matches__0_carry__2_n_0
    SLICE_X41Y13         CARRY4 (Prop_carry4_CI_CO[3])
                                                      0.114     4.171 r  source_bank/metadata_matches__0_carry__3/CO[3]
                         net (fo=1, routed)           0.000     4.171    source_bank/metadata_matches__0_carry__3_n_0
    SLICE_X41Y14         CARRY4 (Prop_carry4_CI_CO[0])
                                                      0.271     4.442 r  source_bank/metadata_matches__0_carry__4/CO[0]
                         net (fo=1, routed)           2.207     6.649    source_bank/metadata_matches
    SLICE_X6Y4           LUT5 (Prop_lut5_I2_O)        0.373     7.022 r  source_bank/write_position[8]_i_3/O
                         net (fo=3, routed)           0.682     7.704    source_bank/input_framing_valid__2
    SLICE_X6Y4           LUT4 (Prop_lut4_I3_O)        0.152     7.856 r  source_bank/write_position[8]_i_1__1/O
                         net (fo=9, routed)           0.714     8.569    source_bank/write_position[8]_i_1__1_n_0
    SLICE_X4Y3           FDRE                                         r  source_bank/write_position_reg[7]/CE
  -------------------------------------------------------------------    -------------------

                         (clock source_100 rise edge)
                                                     10.000    10.000 r  
                                                      0.000    10.000 r  clk (IN)
                         net (fo=183, unset)          0.924    10.924    source_bank/clk
    SLICE_X4Y3           FDRE                                         r  source_bank/write_position_reg[7]/C
                         clock pessimism              0.000    10.924    
                         clock uncertainty           -0.035    10.889    
    SLICE_X4Y3           FDRE (Setup_fdre_C_CE)      -0.393    10.496    source_bank/write_position_reg[7]
  -------------------------------------------------------------------
                         required time                         10.496    
                         arrival time                          -8.569    
  -------------------------------------------------------------------
                         slack                                  1.927    

Slack (MET) :             2.032ns  (required time - arrival time)
  Source:                 source_bank/metadata_in_hold_reg[5]/C
                            (rising edge-triggered cell FDRE clocked by source_100  {rise@0.000ns fall@5.000ns period=10.000ns})
  Destination:            source_bank/write_position_reg[1]/CE
                            (rising edge-triggered cell FDRE clocked by source_100  {rise@0.000ns fall@5.000ns period=10.000ns})
  Path Group:             source_100
  Path Type:              Setup (Max at Slow Process Corner)
  Requirement:            10.000ns  (source_100 rise@10.000ns - source_100 rise@0.000ns)
  Data Path Delay:        7.455ns  (logic 2.548ns (34.177%)  route 4.907ns (65.823%))
  Logic Levels:           9  (CARRY4=6 LUT2=1 LUT4=1 LUT5=1)
  Clock Path Skew:        -0.049ns (DCD - SCD + CPR)
    Destination Clock Delay (DCD):    0.924ns = ( 10.924 - 10.000 ) 
    Source Clock Delay      (SCD):    0.973ns
    Clock Pessimism Removal (CPR):    0.000ns
  Clock Uncertainty:      0.035ns  ((TSJ^2 + TIJ^2)^1/2 + DJ) / 2 + PE
    Total System Jitter     (TSJ):    0.071ns
    Total Input Jitter      (TIJ):    0.000ns
    Discrete Jitter          (DJ):    0.000ns
    Phase Error              (PE):    0.000ns

    Location             Delay type                Incr(ns)  Path(ns)    Netlist Resource(s)
  -------------------------------------------------------------------    -------------------
                         (clock source_100 rise edge)
                                                      0.000     0.000 r  
                                                      0.000     0.000 r  clk (IN)
                         net (fo=183, unset)          0.973     0.973    source_bank/clk
    SLICE_X43Y5          FDRE                                         r  source_bank/metadata_in_hold_reg[5]/C
  -------------------------------------------------------------------    -------------------
    SLICE_X43Y5          FDRE (Prop_fdre_C_Q)         0.419     1.392 r  source_bank/metadata_in_hold_reg[5]/Q
                         net (fo=2, routed)           0.825     2.217    source_bank/metadata_in_hold[5]
    SLICE_X43Y5          LUT2 (Prop_lut2_I0_O)        0.297     2.514 r  source_bank/metadata_matches__0_carry_i_1/O
                         net (fo=1, routed)           0.620     3.135    source_bank/metadata_matches__0_carry_i_1_n_0
    SLICE_X41Y9          CARRY4 (Prop_carry4_CYINIT_CO[3])
                                                      0.580     3.715 r  source_bank/metadata_matches__0_carry/CO[3]
                         net (fo=1, routed)           0.000     3.715    source_bank/metadata_matches__0_carry_n_0
    SLICE_X41Y10         CARRY4 (Prop_carry4_CI_CO[3])
                                                      0.114     3.829 r  source_bank/metadata_matches__0_carry__0/CO[3]
                         net (fo=1, routed)           0.000     3.829    source_bank/metadata_matches__0_carry__0_n_0
    SLICE_X41Y11         CARRY4 (Prop_carry4_CI_CO[3])
                                                      0.114     3.943 r  source_bank/metadata_matches__0_carry__1/CO[3]
                         net (fo=1, routed)           0.000     3.943    source_bank/metadata_matches__0_carry__1_n_0
    SLICE_X41Y12         CARRY4 (Prop_carry4_CI_CO[3])
                                                      0.114     4.057 r  source_bank/metadata_matches__0_carry__2/CO[3]
                         net (fo=1, routed)           0.000     4.057    source_bank/metadata_matches__0_carry__2_n_0
    SLICE_X41Y13         CARRY4 (Prop_carry4_CI_CO[3])
                                                      0.114     4.171 r  source_bank/metadata_matches__0_carry__3/CO[3]
                         net (fo=1, routed)           0.000     4.171    source_bank/metadata_matches__0_carry__3_n_0
    SLICE_X41Y14         CARRY4 (Prop_carry4_CI_CO[0])
                                                      0.271     4.442 r  source_bank/metadata_matches__0_carry__4/CO[0]
                         net (fo=1, routed)           2.207     6.649    source_bank/metadata_matches
    SLICE_X6Y4           LUT5 (Prop_lut5_I2_O)        0.373     7.022 r  source_bank/write_position[8]_i_3/O
                         net (fo=3, routed)           0.682     7.704    source_bank/input_framing_valid__2
    SLICE_X6Y4           LUT4 (Prop_lut4_I3_O)        0.152     7.856 r  source_bank/write_position[8]_i_1__1/O
                         net (fo=9, routed)           0.573     8.428    source_bank/write_position[8]_i_1__1_n_0
    SLICE_X5Y4           FDRE                                         r  source_bank/write_position_reg[1]/CE
  -------------------------------------------------------------------    -------------------

                         (clock source_100 rise edge)
                                                     10.000    10.000 r  
                                                      0.000    10.000 r  clk (IN)
                         net (fo=183, unset)          0.924    10.924    source_bank/clk
    SLICE_X5Y4           FDRE                                         r  source_bank/write_position_reg[1]/C
                         clock pessimism              0.000    10.924    
                         clock uncertainty           -0.035    10.889    
    SLICE_X5Y4           FDRE (Setup_fdre_C_CE)      -0.429    10.460    source_bank/write_position_reg[1]
  -------------------------------------------------------------------
                         required time                         10.460    
                         arrival time                          -8.428    
  -------------------------------------------------------------------
                         slack                                  2.032    

Slack (MET) :             2.032ns  (required time - arrival time)
  Source:                 source_bank/metadata_in_hold_reg[5]/C
                            (rising edge-triggered cell FDRE clocked by source_100  {rise@0.000ns fall@5.000ns period=10.000ns})
  Destination:            source_bank/write_position_reg[2]/CE
                            (rising edge-triggered cell FDRE clocked by source_100  {rise@0.000ns fall@5.000ns period=10.000ns})
  Path Group:             source_100
  Path Type:              Setup (Max at Slow Process Corner)
  Requirement:            10.000ns  (source_100 rise@10.000ns - source_100 rise@0.000ns)
  Data Path Delay:        7.455ns  (logic 2.548ns (34.177%)  route 4.907ns (65.823%))
  Logic Levels:           9  (CARRY4=6 LUT2=1 LUT4=1 LUT5=1)
  Clock Path Skew:        -0.049ns (DCD - SCD + CPR)
    Destination Clock Delay (DCD):    0.924ns = ( 10.924 - 10.000 ) 
    Source Clock Delay      (SCD):    0.973ns
    Clock Pessimism Removal (CPR):    0.000ns
  Clock Uncertainty:      0.035ns  ((TSJ^2 + TIJ^2)^1/2 + DJ) / 2 + PE
    Total System Jitter     (TSJ):    0.071ns
    Total Input Jitter      (TIJ):    0.000ns
    Discrete Jitter          (DJ):    0.000ns
    Phase Error              (PE):    0.000ns

    Location             Delay type                Incr(ns)  Path(ns)    Netlist Resource(s)
  -------------------------------------------------------------------    -------------------
                         (clock source_100 rise edge)
                                                      0.000     0.000 r  
                                                      0.000     0.000 r  clk (IN)
                         net (fo=183, unset)          0.973     0.973    source_bank/clk
    SLICE_X43Y5          FDRE                                         r  source_bank/metadata_in_hold_reg[5]/C
  -------------------------------------------------------------------    -------------------
    SLICE_X43Y5          FDRE (Prop_fdre_C_Q)         0.419     1.392 r  source_bank/metadata_in_hold_reg[5]/Q
                         net (fo=2, routed)           0.825     2.217    source_bank/metadata_in_hold[5]
    SLICE_X43Y5          LUT2 (Prop_lut2_I0_O)        0.297     2.514 r  source_bank/metadata_matches__0_carry_i_1/O
                         net (fo=1, routed)           0.620     3.135    source_bank/metadata_matches__0_carry_i_1_n_0
    SLICE_X41Y9          CARRY4 (Prop_carry4_CYINIT_CO[3])
                                                      0.580     3.715 r  source_bank/metadata_matches__0_carry/CO[3]
                         net (fo=1, routed)           0.000     3.715    source_bank/metadata_matches__0_carry_n_0
    SLICE_X41Y10         CARRY4 (Prop_carry4_CI_CO[3])
                                                      0.114     3.829 r  source_bank/metadata_matches__0_carry__0/CO[3]
                         net (fo=1, routed)           0.000     3.829    source_bank/metadata_matches__0_carry__0_n_0
    SLICE_X41Y11         CARRY4 (Prop_carry4_CI_CO[3])
                                                      0.114     3.943 r  source_bank/metadata_matches__0_carry__1/CO[3]
                         net (fo=1, routed)           0.000     3.943    source_bank/metadata_matches__0_carry__1_n_0
    SLICE_X41Y12         CARRY4 (Prop_carry4_CI_CO[3])
                                                      0.114     4.057 r  source_bank/metadata_matches__0_carry__2/CO[3]
                         net (fo=1, routed)           0.000     4.057    source_bank/metadata_matches__0_carry__2_n_0
    SLICE_X41Y13         CARRY4 (Prop_carry4_CI_CO[3])
                                                      0.114     4.171 r  source_bank/metadata_matches__0_carry__3/CO[3]
                         net (fo=1, routed)           0.000     4.171    source_bank/metadata_matches__0_carry__3_n_0
    SLICE_X41Y14         CARRY4 (Prop_carry4_CI_CO[0])
                                                      0.271     4.442 r  source_bank/metadata_matches__0_carry__4/CO[0]
                         net (fo=1, routed)           2.207     6.649    source_bank/metadata_matches
    SLICE_X6Y4           LUT5 (Prop_lut5_I2_O)        0.373     7.022 r  source_bank/write_position[8]_i_3/O
                         net (fo=3, routed)           0.682     7.704    source_bank/input_framing_valid__2
    SLICE_X6Y4           LUT4 (Prop_lut4_I3_O)        0.152     7.856 r  source_bank/write_position[8]_i_1__1/O
                         net (fo=9, routed)           0.573     8.428    source_bank/write_position[8]_i_1__1_n_0
    SLICE_X5Y4           FDRE                                         r  source_bank/write_position_reg[2]/CE
  -------------------------------------------------------------------    -------------------

                         (clock source_100 rise edge)
                                                     10.000    10.000 r  
                                                      0.000    10.000 r  clk (IN)
                         net (fo=183, unset)          0.924    10.924    source_bank/clk
    SLICE_X5Y4           FDRE                                         r  source_bank/write_position_reg[2]/C
                         clock pessimism              0.000    10.924    
                         clock uncertainty           -0.035    10.889    
    SLICE_X5Y4           FDRE (Setup_fdre_C_CE)      -0.429    10.460    source_bank/write_position_reg[2]
  -------------------------------------------------------------------
                         required time                         10.460    
                         arrival time                          -8.428    
  -------------------------------------------------------------------
                         slack                                  2.032    

Slack (MET) :             2.032ns  (required time - arrival time)
  Source:                 source_bank/metadata_in_hold_reg[5]/C
                            (rising edge-triggered cell FDRE clocked by source_100  {rise@0.000ns fall@5.000ns period=10.000ns})
  Destination:            source_bank/write_position_reg[3]/CE
                            (rising edge-triggered cell FDRE clocked by source_100  {rise@0.000ns fall@5.000ns period=10.000ns})
  Path Group:             source_100
  Path Type:              Setup (Max at Slow Process Corner)
  Requirement:            10.000ns  (source_100 rise@10.000ns - source_100 rise@0.000ns)
  Data Path Delay:        7.455ns  (logic 2.548ns (34.177%)  route 4.907ns (65.823%))
  Logic Levels:           9  (CARRY4=6 LUT2=1 LUT4=1 LUT5=1)
  Clock Path Skew:        -0.049ns (DCD - SCD + CPR)
    Destination Clock Delay (DCD):    0.924ns = ( 10.924 - 10.000 ) 
    Source Clock Delay      (SCD):    0.973ns
    Clock Pessimism Removal (CPR):    0.000ns
  Clock Uncertainty:      0.035ns  ((TSJ^2 + TIJ^2)^1/2 + DJ) / 2 + PE
    Total System Jitter     (TSJ):    0.071ns
    Total Input Jitter      (TIJ):    0.000ns
    Discrete Jitter          (DJ):    0.000ns
    Phase Error              (PE):    0.000ns

    Location             Delay type                Incr(ns)  Path(ns)    Netlist Resource(s)
  -------------------------------------------------------------------    -------------------
                         (clock source_100 rise edge)
                                                      0.000     0.000 r  
                                                      0.000     0.000 r  clk (IN)
                         net (fo=183, unset)          0.973     0.973    source_bank/clk
    SLICE_X43Y5          FDRE                                         r  source_bank/metadata_in_hold_reg[5]/C
  -------------------------------------------------------------------    -------------------
    SLICE_X43Y5          FDRE (Prop_fdre_C_Q)         0.419     1.392 r  source_bank/metadata_in_hold_reg[5]/Q
                         net (fo=2, routed)           0.825     2.217    source_bank/metadata_in_hold[5]
    SLICE_X43Y5          LUT2 (Prop_lut2_I0_O)        0.297     2.514 r  source_bank/metadata_matches__0_carry_i_1/O
                         net (fo=1, routed)           0.620     3.135    source_bank/metadata_matches__0_carry_i_1_n_0
    SLICE_X41Y9          CARRY4 (Prop_carry4_CYINIT_CO[3])
                                                      0.580     3.715 r  source_bank/metadata_matches__0_carry/CO[3]
                         net (fo=1, routed)           0.000     3.715    source_bank/metadata_matches__0_carry_n_0
    SLICE_X41Y10         CARRY4 (Prop_carry4_CI_CO[3])
                                                      0.114     3.829 r  source_bank/metadata_matches__0_carry__0/CO[3]
                         net (fo=1, routed)           0.000     3.829    source_bank/metadata_matches__0_carry__0_n_0
    SLICE_X41Y11         CARRY4 (Prop_carry4_CI_CO[3])
                                                      0.114     3.943 r  source_bank/metadata_matches__0_carry__1/CO[3]
                         net (fo=1, routed)           0.000     3.943    source_bank/metadata_matches__0_carry__1_n_0
    SLICE_X41Y12         CARRY4 (Prop_carry4_CI_CO[3])
                                                      0.114     4.057 r  source_bank/metadata_matches__0_carry__2/CO[3]
                         net (fo=1, routed)           0.000     4.057    source_bank/metadata_matches__0_carry__2_n_0
    SLICE_X41Y13         CARRY4 (Prop_carry4_CI_CO[3])
                                                      0.114     4.171 r  source_bank/metadata_matches__0_carry__3/CO[3]
                         net (fo=1, routed)           0.000     4.171    source_bank/metadata_matches__0_carry__3_n_0
    SLICE_X41Y14         CARRY4 (Prop_carry4_CI_CO[0])
                                                      0.271     4.442 r  source_bank/metadata_matches__0_carry__4/CO[0]
                         net (fo=1, routed)           2.207     6.649    source_bank/metadata_matches
    SLICE_X6Y4           LUT5 (Prop_lut5_I2_O)        0.373     7.022 r  source_bank/write_position[8]_i_3/O
                         net (fo=3, routed)           0.682     7.704    source_bank/input_framing_valid__2
    SLICE_X6Y4           LUT4 (Prop_lut4_I3_O)        0.152     7.856 r  source_bank/write_position[8]_i_1__1/O
                         net (fo=9, routed)           0.573     8.428    source_bank/write_position[8]_i_1__1_n_0
    SLICE_X5Y4           FDRE                                         r  source_bank/write_position_reg[3]/CE
  -------------------------------------------------------------------    -------------------

                         (clock source_100 rise edge)
                                                     10.000    10.000 r  
                                                      0.000    10.000 r  clk (IN)
                         net (fo=183, unset)          0.924    10.924    source_bank/clk
    SLICE_X5Y4           FDRE                                         r  source_bank/write_position_reg[3]/C
                         clock pessimism              0.000    10.924    
                         clock uncertainty           -0.035    10.889    
    SLICE_X5Y4           FDRE (Setup_fdre_C_CE)      -0.429    10.460    source_bank/write_position_reg[3]
  -------------------------------------------------------------------
                         required time                         10.460    
                         arrival time                          -8.428    
  -------------------------------------------------------------------
                         slack                                  2.032    

Slack (MET) :             2.032ns  (required time - arrival time)
  Source:                 source_bank/metadata_in_hold_reg[5]/C
                            (rising edge-triggered cell FDRE clocked by source_100  {rise@0.000ns fall@5.000ns period=10.000ns})
  Destination:            source_bank/write_position_reg[4]/CE
                            (rising edge-triggered cell FDRE clocked by source_100  {rise@0.000ns fall@5.000ns period=10.000ns})
  Path Group:             source_100
  Path Type:              Setup (Max at Slow Process Corner)
  Requirement:            10.000ns  (source_100 rise@10.000ns - source_100 rise@0.000ns)
  Data Path Delay:        7.455ns  (logic 2.548ns (34.177%)  route 4.907ns (65.823%))
  Logic Levels:           9  (CARRY4=6 LUT2=1 LUT4=1 LUT5=1)
  Clock Path Skew:        -0.049ns (DCD - SCD + CPR)
    Destination Clock Delay (DCD):    0.924ns = ( 10.924 - 10.000 ) 
    Source Clock Delay      (SCD):    0.973ns
    Clock Pessimism Removal (CPR):    0.000ns
  Clock Uncertainty:      0.035ns  ((TSJ^2 + TIJ^2)^1/2 + DJ) / 2 + PE
    Total System Jitter     (TSJ):    0.071ns
    Total Input Jitter      (TIJ):    0.000ns
    Discrete Jitter          (DJ):    0.000ns
    Phase Error              (PE):    0.000ns

    Location             Delay type                Incr(ns)  Path(ns)    Netlist Resource(s)
  -------------------------------------------------------------------    -------------------
                         (clock source_100 rise edge)
                                                      0.000     0.000 r  
                                                      0.000     0.000 r  clk (IN)
                         net (fo=183, unset)          0.973     0.973    source_bank/clk
    SLICE_X43Y5          FDRE                                         r  source_bank/metadata_in_hold_reg[5]/C
  -------------------------------------------------------------------    -------------------
    SLICE_X43Y5          FDRE (Prop_fdre_C_Q)         0.419     1.392 r  source_bank/metadata_in_hold_reg[5]/Q
                         net (fo=2, routed)           0.825     2.217    source_bank/metadata_in_hold[5]
    SLICE_X43Y5          LUT2 (Prop_lut2_I0_O)        0.297     2.514 r  source_bank/metadata_matches__0_carry_i_1/O
                         net (fo=1, routed)           0.620     3.135    source_bank/metadata_matches__0_carry_i_1_n_0
    SLICE_X41Y9          CARRY4 (Prop_carry4_CYINIT_CO[3])
                                                      0.580     3.715 r  source_bank/metadata_matches__0_carry/CO[3]
                         net (fo=1, routed)           0.000     3.715    source_bank/metadata_matches__0_carry_n_0
    SLICE_X41Y10         CARRY4 (Prop_carry4_CI_CO[3])
                                                      0.114     3.829 r  source_bank/metadata_matches__0_carry__0/CO[3]
                         net (fo=1, routed)           0.000     3.829    source_bank/metadata_matches__0_carry__0_n_0
    SLICE_X41Y11         CARRY4 (Prop_carry4_CI_CO[3])
                                                      0.114     3.943 r  source_bank/metadata_matches__0_carry__1/CO[3]
                         net (fo=1, routed)           0.000     3.943    source_bank/metadata_matches__0_carry__1_n_0
    SLICE_X41Y12         CARRY4 (Prop_carry4_CI_CO[3])
                                                      0.114     4.057 r  source_bank/metadata_matches__0_carry__2/CO[3]
                         net (fo=1, routed)           0.000     4.057    source_bank/metadata_matches__0_carry__2_n_0
    SLICE_X41Y13         CARRY4 (Prop_carry4_CI_CO[3])
                                                      0.114     4.171 r  source_bank/metadata_matches__0_carry__3/CO[3]
                         net (fo=1, routed)           0.000     4.171    source_bank/metadata_matches__0_carry__3_n_0
    SLICE_X41Y14         CARRY4 (Prop_carry4_CI_CO[0])
                                                      0.271     4.442 r  source_bank/metadata_matches__0_carry__4/CO[0]
                         net (fo=1, routed)           2.207     6.649    source_bank/metadata_matches
    SLICE_X6Y4           LUT5 (Prop_lut5_I2_O)        0.373     7.022 r  source_bank/write_position[8]_i_3/O
                         net (fo=3, routed)           0.682     7.704    source_bank/input_framing_valid__2
    SLICE_X6Y4           LUT4 (Prop_lut4_I3_O)        0.152     7.856 r  source_bank/write_position[8]_i_1__1/O
                         net (fo=9, routed)           0.573     8.428    source_bank/write_position[8]_i_1__1_n_0
    SLICE_X5Y4           FDRE                                         r  source_bank/write_position_reg[4]/CE
  -------------------------------------------------------------------    -------------------

                         (clock source_100 rise edge)
                                                     10.000    10.000 r  
                                                      0.000    10.000 r  clk (IN)
                         net (fo=183, unset)          0.924    10.924    source_bank/clk
    SLICE_X5Y4           FDRE                                         r  source_bank/write_position_reg[4]/C
                         clock pessimism              0.000    10.924    
                         clock uncertainty           -0.035    10.889    
    SLICE_X5Y4           FDRE (Setup_fdre_C_CE)      -0.429    10.460    source_bank/write_position_reg[4]
  -------------------------------------------------------------------
                         required time                         10.460    
                         arrival time                          -8.428    
  -------------------------------------------------------------------
                         slack                                  2.032    

Slack (MET) :             2.032ns  (required time - arrival time)
  Source:                 source_bank/metadata_in_hold_reg[5]/C
                            (rising edge-triggered cell FDRE clocked by source_100  {rise@0.000ns fall@5.000ns period=10.000ns})
  Destination:            source_bank/write_position_reg[8]/CE
                            (rising edge-triggered cell FDRE clocked by source_100  {rise@0.000ns fall@5.000ns period=10.000ns})
  Path Group:             source_100
  Path Type:              Setup (Max at Slow Process Corner)
  Requirement:            10.000ns  (source_100 rise@10.000ns - source_100 rise@0.000ns)
  Data Path Delay:        7.455ns  (logic 2.548ns (34.177%)  route 4.907ns (65.823%))
  Logic Levels:           9  (CARRY4=6 LUT2=1 LUT4=1 LUT5=1)
  Clock Path Skew:        -0.049ns (DCD - SCD + CPR)
    Destination Clock Delay (DCD):    0.924ns = ( 10.924 - 10.000 ) 
    Source Clock Delay      (SCD):    0.973ns
    Clock Pessimism Removal (CPR):    0.000ns
  Clock Uncertainty:      0.035ns  ((TSJ^2 + TIJ^2)^1/2 + DJ) / 2 + PE
    Total System Jitter     (TSJ):    0.071ns
    Total Input Jitter      (TIJ):    0.000ns
    Discrete Jitter          (DJ):    0.000ns
    Phase Error              (PE):    0.000ns

    Location             Delay type                Incr(ns)  Path(ns)    Netlist Resource(s)
  -------------------------------------------------------------------    -------------------
                         (clock source_100 rise edge)
                                                      0.000     0.000 r  
                                                      0.000     0.000 r  clk (IN)
                         net (fo=183, unset)          0.973     0.973    source_bank/clk
    SLICE_X43Y5          FDRE                                         r  source_bank/metadata_in_hold_reg[5]/C
  -------------------------------------------------------------------    -------------------
    SLICE_X43Y5          FDRE (Prop_fdre_C_Q)         0.419     1.392 r  source_bank/metadata_in_hold_reg[5]/Q
                         net (fo=2, routed)           0.825     2.217    source_bank/metadata_in_hold[5]
    SLICE_X43Y5          LUT2 (Prop_lut2_I0_O)        0.297     2.514 r  source_bank/metadata_matches__0_carry_i_1/O
                         net (fo=1, routed)           0.620     3.135    source_bank/metadata_matches__0_carry_i_1_n_0
    SLICE_X41Y9          CARRY4 (Prop_carry4_CYINIT_CO[3])
                                                      0.580     3.715 r  source_bank/metadata_matches__0_carry/CO[3]
                         net (fo=1, routed)           0.000     3.715    source_bank/metadata_matches__0_carry_n_0
    SLICE_X41Y10         CARRY4 (Prop_carry4_CI_CO[3])
                                                      0.114     3.829 r  source_bank/metadata_matches__0_carry__0/CO[3]
                         net (fo=1, routed)           0.000     3.829    source_bank/metadata_matches__0_carry__0_n_0
    SLICE_X41Y11         CARRY4 (Prop_carry4_CI_CO[3])
                                                      0.114     3.943 r  source_bank/metadata_matches__0_carry__1/CO[3]
                         net (fo=1, routed)           0.000     3.943    source_bank/metadata_matches__0_carry__1_n_0
    SLICE_X41Y12         CARRY4 (Prop_carry4_CI_CO[3])
                                                      0.114     4.057 r  source_bank/metadata_matches__0_carry__2/CO[3]
                         net (fo=1, routed)           0.000     4.057    source_bank/metadata_matches__0_carry__2_n_0
    SLICE_X41Y13         CARRY4 (Prop_carry4_CI_CO[3])
                                                      0.114     4.171 r  source_bank/metadata_matches__0_carry__3/CO[3]
                         net (fo=1, routed)           0.000     4.171    source_bank/metadata_matches__0_carry__3_n_0
    SLICE_X41Y14         CARRY4 (Prop_carry4_CI_CO[0])
                                                      0.271     4.442 r  source_bank/metadata_matches__0_carry__4/CO[0]
                         net (fo=1, routed)           2.207     6.649    source_bank/metadata_matches
    SLICE_X6Y4           LUT5 (Prop_lut5_I2_O)        0.373     7.022 r  source_bank/write_position[8]_i_3/O
                         net (fo=3, routed)           0.682     7.704    source_bank/input_framing_valid__2
    SLICE_X6Y4           LUT4 (Prop_lut4_I3_O)        0.152     7.856 r  source_bank/write_position[8]_i_1__1/O
                         net (fo=9, routed)           0.573     8.428    source_bank/write_position[8]_i_1__1_n_0
    SLICE_X5Y4           FDRE                                         r  source_bank/write_position_reg[8]/CE
  -------------------------------------------------------------------    -------------------

                         (clock source_100 rise edge)
                                                     10.000    10.000 r  
                                                      0.000    10.000 r  clk (IN)
                         net (fo=183, unset)          0.924    10.924    source_bank/clk
    SLICE_X5Y4           FDRE                                         r  source_bank/write_position_reg[8]/C
                         clock pessimism              0.000    10.924    
                         clock uncertainty           -0.035    10.889    
    SLICE_X5Y4           FDRE (Setup_fdre_C_CE)      -0.429    10.460    source_bank/write_position_reg[8]
  -------------------------------------------------------------------
                         required time                         10.460    
                         arrival time                          -8.428    
  -------------------------------------------------------------------
                         slack                                  2.032    

Slack (MET) :             3.036ns  (required time - arrival time)
  Source:                 source_bank/metadata_in_hold_reg[5]/C
                            (rising edge-triggered cell FDRE clocked by source_100  {rise@0.000ns fall@5.000ns period=10.000ns})
  Destination:            source_bank/input_fault_reg/D
                            (rising edge-triggered cell FDRE clocked by source_100  {rise@0.000ns fall@5.000ns period=10.000ns})
  Path Group:             source_100
  Path Type:              Setup (Max at Slow Process Corner)
  Requirement:            10.000ns  (source_100 rise@10.000ns - source_100 rise@0.000ns)
  Data Path Delay:        6.909ns  (logic 2.520ns (36.475%)  route 4.389ns (63.525%))
  Logic Levels:           9  (CARRY4=6 LUT2=1 LUT5=2)
  Clock Path Skew:        -0.049ns (DCD - SCD + CPR)
    Destination Clock Delay (DCD):    0.924ns = ( 10.924 - 10.000 ) 
    Source Clock Delay      (SCD):    0.973ns
    Clock Pessimism Removal (CPR):    0.000ns
  Clock Uncertainty:      0.035ns  ((TSJ^2 + TIJ^2)^1/2 + DJ) / 2 + PE
    Total System Jitter     (TSJ):    0.071ns
    Total Input Jitter      (TIJ):    0.000ns
    Discrete Jitter          (DJ):    0.000ns
    Phase Error              (PE):    0.000ns

    Location             Delay type                Incr(ns)  Path(ns)    Netlist Resource(s)
  -------------------------------------------------------------------    -------------------
                         (clock source_100 rise edge)
                                                      0.000     0.000 r  
                                                      0.000     0.000 r  clk (IN)
                         net (fo=183, unset)          0.973     0.973    source_bank/clk
    SLICE_X43Y5          FDRE                                         r  source_bank/metadata_in_hold_reg[5]/C
  -------------------------------------------------------------------    -------------------
    SLICE_X43Y5          FDRE (Prop_fdre_C_Q)         0.419     1.392 r  source_bank/metadata_in_hold_reg[5]/Q
                         net (fo=2, routed)           0.825     2.217    source_bank/metadata_in_hold[5]
    SLICE_X43Y5          LUT2 (Prop_lut2_I0_O)        0.297     2.514 r  source_bank/metadata_matches__0_carry_i_1/O
                         net (fo=1, routed)           0.620     3.135    source_bank/metadata_matches__0_carry_i_1_n_0
    SLICE_X41Y9          CARRY4 (Prop_carry4_CYINIT_CO[3])
                                                      0.580     3.715 r  source_bank/metadata_matches__0_carry/CO[3]
                         net (fo=1, routed)           0.000     3.715    source_bank/metadata_matches__0_carry_n_0
    SLICE_X41Y10         CARRY4 (Prop_carry4_CI_CO[3])
                                                      0.114     3.829 r  source_bank/metadata_matches__0_carry__0/CO[3]
                         net (fo=1, routed)           0.000     3.829    source_bank/metadata_matches__0_carry__0_n_0
    SLICE_X41Y11         CARRY4 (Prop_carry4_CI_CO[3])
                                                      0.114     3.943 r  source_bank/metadata_matches__0_carry__1/CO[3]
                         net (fo=1, routed)           0.000     3.943    source_bank/metadata_matches__0_carry__1_n_0
    SLICE_X41Y12         CARRY4 (Prop_carry4_CI_CO[3])
                                                      0.114     4.057 r  source_bank/metadata_matches__0_carry__2/CO[3]
                         net (fo=1, routed)           0.000     4.057    source_bank/metadata_matches__0_carry__2_n_0
    SLICE_X41Y13         CARRY4 (Prop_carry4_CI_CO[3])
                                                      0.114     4.171 r  source_bank/metadata_matches__0_carry__3/CO[3]
                         net (fo=1, routed)           0.000     4.171    source_bank/metadata_matches__0_carry__3_n_0
    SLICE_X41Y14         CARRY4 (Prop_carry4_CI_CO[0])
                                                      0.271     4.442 f  source_bank/metadata_matches__0_carry__4/CO[0]
                         net (fo=1, routed)           2.207     6.649    source_bank/metadata_matches
    SLICE_X6Y4           LUT5 (Prop_lut5_I2_O)        0.373     7.022 f  source_bank/write_position[8]_i_3/O
                         net (fo=3, routed)           0.736     7.758    source_bank/input_framing_valid__2
    SLICE_X7Y2           LUT5 (Prop_lut5_I3_O)        0.124     7.882 r  source_bank/input_fault_i_1__0/O
                         net (fo=1, routed)           0.000     7.882    source_bank/input_fault_i_1__0_n_0
    SLICE_X7Y2           FDRE                                         r  source_bank/input_fault_reg/D
  -------------------------------------------------------------------    -------------------

                         (clock source_100 rise edge)
                                                     10.000    10.000 r  
                                                      0.000    10.000 r  clk (IN)
                         net (fo=183, unset)          0.924    10.924    source_bank/clk
    SLICE_X7Y2           FDRE                                         r  source_bank/input_fault_reg/C
                         clock pessimism              0.000    10.924    
                         clock uncertainty           -0.035    10.889    
    SLICE_X7Y2           FDRE (Setup_fdre_C_D)        0.029    10.918    source_bank/input_fault_reg
  -------------------------------------------------------------------
                         required time                         10.918    
                         arrival time                          -7.882    
  -------------------------------------------------------------------
                         slack                                  3.036    

Slack (MET) :             3.040ns  (required time - arrival time)
  Source:                 source_bank/metadata_in_hold_reg[5]/C
                            (rising edge-triggered cell FDRE clocked by source_100  {rise@0.000ns fall@5.000ns period=10.000ns})
  Destination:            source_bank/request_toggle_reg/D
                            (rising edge-triggered cell FDRE clocked by source_100  {rise@0.000ns fall@5.000ns period=10.000ns})
  Path Group:             source_100
  Path Type:              Setup (Max at Slow Process Corner)
  Requirement:            10.000ns  (source_100 rise@10.000ns - source_100 rise@0.000ns)
  Data Path Delay:        6.907ns  (logic 2.520ns (36.485%)  route 4.387ns (63.515%))
  Logic Levels:           9  (CARRY4=6 LUT2=1 LUT5=1 LUT6=1)
  Clock Path Skew:        -0.049ns (DCD - SCD + CPR)
    Destination Clock Delay (DCD):    0.924ns = ( 10.924 - 10.000 ) 
    Source Clock Delay      (SCD):    0.973ns
    Clock Pessimism Removal (CPR):    0.000ns
  Clock Uncertainty:      0.035ns  ((TSJ^2 + TIJ^2)^1/2 + DJ) / 2 + PE
    Total System Jitter     (TSJ):    0.071ns
    Total Input Jitter      (TIJ):    0.000ns
    Discrete Jitter          (DJ):    0.000ns
    Phase Error              (PE):    0.000ns

    Location             Delay type                Incr(ns)  Path(ns)    Netlist Resource(s)
  -------------------------------------------------------------------    -------------------
                         (clock source_100 rise edge)
                                                      0.000     0.000 r  
                                                      0.000     0.000 r  clk (IN)
                         net (fo=183, unset)          0.973     0.973    source_bank/clk
    SLICE_X43Y5          FDRE                                         r  source_bank/metadata_in_hold_reg[5]/C
  -------------------------------------------------------------------    -------------------
    SLICE_X43Y5          FDRE (Prop_fdre_C_Q)         0.419     1.392 r  source_bank/metadata_in_hold_reg[5]/Q
                         net (fo=2, routed)           0.825     2.217    source_bank/metadata_in_hold[5]
    SLICE_X43Y5          LUT2 (Prop_lut2_I0_O)        0.297     2.514 r  source_bank/metadata_matches__0_carry_i_1/O
                         net (fo=1, routed)           0.620     3.135    source_bank/metadata_matches__0_carry_i_1_n_0
    SLICE_X41Y9          CARRY4 (Prop_carry4_CYINIT_CO[3])
                                                      0.580     3.715 r  source_bank/metadata_matches__0_carry/CO[3]
                         net (fo=1, routed)           0.000     3.715    source_bank/metadata_matches__0_carry_n_0
    SLICE_X41Y10         CARRY4 (Prop_carry4_CI_CO[3])
                                                      0.114     3.829 r  source_bank/metadata_matches__0_carry__0/CO[3]
                         net (fo=1, routed)           0.000     3.829    source_bank/metadata_matches__0_carry__0_n_0
    SLICE_X41Y11         CARRY4 (Prop_carry4_CI_CO[3])
                                                      0.114     3.943 r  source_bank/metadata_matches__0_carry__1/CO[3]
                         net (fo=1, routed)           0.000     3.943    source_bank/metadata_matches__0_carry__1_n_0
    SLICE_X41Y12         CARRY4 (Prop_carry4_CI_CO[3])
                                                      0.114     4.057 r  source_bank/metadata_matches__0_carry__2/CO[3]
                         net (fo=1, routed)           0.000     4.057    source_bank/metadata_matches__0_carry__2_n_0
    SLICE_X41Y13         CARRY4 (Prop_carry4_CI_CO[3])
                                                      0.114     4.171 r  source_bank/metadata_matches__0_carry__3/CO[3]
                         net (fo=1, routed)           0.000     4.171    source_bank/metadata_matches__0_carry__3_n_0
    SLICE_X41Y14         CARRY4 (Prop_carry4_CI_CO[0])
                                                      0.271     4.442 r  source_bank/metadata_matches__0_carry__4/CO[0]
                         net (fo=1, routed)           2.207     6.649    source_bank/metadata_matches
    SLICE_X6Y4           LUT5 (Prop_lut5_I2_O)        0.373     7.022 r  source_bank/write_position[8]_i_3/O
                         net (fo=3, routed)           0.734     7.756    source_bank/input_framing_valid__2
    SLICE_X7Y2           LUT6 (Prop_lut6_I3_O)        0.124     7.880 r  source_bank/request_toggle_i_1__1/O
                         net (fo=1, routed)           0.000     7.880    source_bank/request_toggle_i_1__1_n_0
    SLICE_X7Y2           FDRE                                         r  source_bank/request_toggle_reg/D
  -------------------------------------------------------------------    -------------------

                         (clock source_100 rise edge)
                                                     10.000    10.000 r  
                                                      0.000    10.000 r  clk (IN)
                         net (fo=183, unset)          0.924    10.924    source_bank/clk
    SLICE_X7Y2           FDRE                                         r  source_bank/request_toggle_reg/C
                         clock pessimism              0.000    10.924    
                         clock uncertainty           -0.035    10.889    
    SLICE_X7Y2           FDRE (Setup_fdre_C_D)        0.031    10.920    source_bank/request_toggle_reg
  -------------------------------------------------------------------
                         required time                         10.920    
                         arrival time                          -7.880    
  -------------------------------------------------------------------
                         slack                                  3.040    

Slack (MET) :             3.189ns  (required time - arrival time)
  Source:                 fast_reset_slow_reg[1]/C
                            (rising edge-triggered cell FDCE clocked by source_100  {rise@0.000ns fall@5.000ns period=10.000ns})
  Destination:            source_bank/metadata_in_hold_reg[15]/CE
                            (rising edge-triggered cell FDRE clocked by source_100  {rise@0.000ns fall@5.000ns period=10.000ns})
  Path Group:             source_100
  Path Type:              Setup (Max at Slow Process Corner)
  Requirement:            10.000ns  (source_100 rise@10.000ns - source_100 rise@0.000ns)
  Data Path Delay:        6.522ns  (logic 1.199ns (18.384%)  route 5.323ns (81.616%))
  Logic Levels:           3  (LUT2=1 LUT4=1 LUT5=1)
  Clock Path Skew:        -0.049ns (DCD - SCD + CPR)
    Destination Clock Delay (DCD):    0.924ns = ( 10.924 - 10.000 ) 
    Source Clock Delay      (SCD):    0.973ns
    Clock Pessimism Removal (CPR):    0.000ns
  Clock Uncertainty:      0.035ns  ((TSJ^2 + TIJ^2)^1/2 + DJ) / 2 + PE
    Total System Jitter     (TSJ):    0.071ns
    Total Input Jitter      (TIJ):    0.000ns
    Discrete Jitter          (DJ):    0.000ns
    Phase Error              (PE):    0.000ns

    Location             Delay type                Incr(ns)  Path(ns)    Netlist Resource(s)
  -------------------------------------------------------------------    -------------------
                         (clock source_100 rise edge)
                                                      0.000     0.000 r  
                                                      0.000     0.000 r  clk (IN)
                         net (fo=183, unset)          0.973     0.973    clk
    SLICE_X2Y1           FDCE                                         r  fast_reset_slow_reg[1]/C
  -------------------------------------------------------------------    -------------------
    SLICE_X2Y1           FDCE (Prop_fdce_C_Q)         0.419     1.392 r  fast_reset_slow_reg[1]/Q
                         net (fo=1, routed)           0.801     2.193    output_bank/read_valid_reg_0[0]
    SLICE_X2Y0           LUT2 (Prop_lut2_I1_O)        0.299     2.492 f  output_bank/output_valid_INST_0_i_1/O
                         net (fo=35, routed)          1.363     3.855    source_bank/SR[0]
    SLICE_X7Y2           LUT4 (Prop_lut4_I1_O)        0.154     4.009 r  source_bank/input_ready_INST_0_i_1/O
                         net (fo=9, routed)           0.597     4.606    source_bank/input_ready_INST_0_i_1_n_0
    SLICE_X7Y4           LUT5 (Prop_lut5_I0_O)        0.327     4.933 r  source_bank/metadata_in_hold[68]_i_1__0/O
                         net (fo=64, routed)          2.562     7.495    source_bank/metadata_load
    SLICE_X43Y5          FDRE                                         r  source_bank/metadata_in_hold_reg[15]/CE
  -------------------------------------------------------------------    -------------------

                         (clock source_100 rise edge)
                                                     10.000    10.000 r  
                                                      0.000    10.000 r  clk (IN)
                         net (fo=183, unset)          0.924    10.924    source_bank/clk
    SLICE_X43Y5          FDRE                                         r  source_bank/metadata_in_hold_reg[15]/C
                         clock pessimism              0.000    10.924    
                         clock uncertainty           -0.035    10.889    
    SLICE_X43Y5          FDRE (Setup_fdre_C_CE)      -0.205    10.684    source_bank/metadata_in_hold_reg[15]
  -------------------------------------------------------------------
                         required time                         10.684    
                         arrival time                          -7.495    
  -------------------------------------------------------------------
                         slack                                  3.189    

Slack (MET) :             3.189ns  (required time - arrival time)
  Source:                 fast_reset_slow_reg[1]/C
                            (rising edge-triggered cell FDCE clocked by source_100  {rise@0.000ns fall@5.000ns period=10.000ns})
  Destination:            source_bank/metadata_in_hold_reg[17]/CE
                            (rising edge-triggered cell FDRE clocked by source_100  {rise@0.000ns fall@5.000ns period=10.000ns})
  Path Group:             source_100
  Path Type:              Setup (Max at Slow Process Corner)
  Requirement:            10.000ns  (source_100 rise@10.000ns - source_100 rise@0.000ns)
  Data Path Delay:        6.522ns  (logic 1.199ns (18.384%)  route 5.323ns (81.616%))
  Logic Levels:           3  (LUT2=1 LUT4=1 LUT5=1)
  Clock Path Skew:        -0.049ns (DCD - SCD + CPR)
    Destination Clock Delay (DCD):    0.924ns = ( 10.924 - 10.000 ) 
    Source Clock Delay      (SCD):    0.973ns
    Clock Pessimism Removal (CPR):    0.000ns
  Clock Uncertainty:      0.035ns  ((TSJ^2 + TIJ^2)^1/2 + DJ) / 2 + PE
    Total System Jitter     (TSJ):    0.071ns
    Total Input Jitter      (TIJ):    0.000ns
    Discrete Jitter          (DJ):    0.000ns
    Phase Error              (PE):    0.000ns

    Location             Delay type                Incr(ns)  Path(ns)    Netlist Resource(s)
  -------------------------------------------------------------------    -------------------
                         (clock source_100 rise edge)
                                                      0.000     0.000 r  
                                                      0.000     0.000 r  clk (IN)
                         net (fo=183, unset)          0.973     0.973    clk
    SLICE_X2Y1           FDCE                                         r  fast_reset_slow_reg[1]/C
  -------------------------------------------------------------------    -------------------
    SLICE_X2Y1           FDCE (Prop_fdce_C_Q)         0.419     1.392 r  fast_reset_slow_reg[1]/Q
                         net (fo=1, routed)           0.801     2.193    output_bank/read_valid_reg_0[0]
    SLICE_X2Y0           LUT2 (Prop_lut2_I1_O)        0.299     2.492 f  output_bank/output_valid_INST_0_i_1/O
                         net (fo=35, routed)          1.363     3.855    source_bank/SR[0]
    SLICE_X7Y2           LUT4 (Prop_lut4_I1_O)        0.154     4.009 r  source_bank/input_ready_INST_0_i_1/O
                         net (fo=9, routed)           0.597     4.606    source_bank/input_ready_INST_0_i_1_n_0
    SLICE_X7Y4           LUT5 (Prop_lut5_I0_O)        0.327     4.933 r  source_bank/metadata_in_hold[68]_i_1__0/O
                         net (fo=64, routed)          2.562     7.495    source_bank/metadata_load
    SLICE_X43Y5          FDRE                                         r  source_bank/metadata_in_hold_reg[17]/CE
  -------------------------------------------------------------------    -------------------

                         (clock source_100 rise edge)
                                                     10.000    10.000 r  
                                                      0.000    10.000 r  clk (IN)
                         net (fo=183, unset)          0.924    10.924    source_bank/clk
    SLICE_X43Y5          FDRE                                         r  source_bank/metadata_in_hold_reg[17]/C
                         clock pessimism              0.000    10.924    
                         clock uncertainty           -0.035    10.889    
    SLICE_X43Y5          FDRE (Setup_fdre_C_CE)      -0.205    10.684    source_bank/metadata_in_hold_reg[17]
  -------------------------------------------------------------------
                         required time                         10.684    
                         arrival time                          -7.495    
  -------------------------------------------------------------------
                         slack                                  3.189    

Slack (MET) :             3.189ns  (required time - arrival time)
  Source:                 fast_reset_slow_reg[1]/C
                            (rising edge-triggered cell FDCE clocked by source_100  {rise@0.000ns fall@5.000ns period=10.000ns})
  Destination:            source_bank/metadata_in_hold_reg[19]/CE
                            (rising edge-triggered cell FDRE clocked by source_100  {rise@0.000ns fall@5.000ns period=10.000ns})
  Path Group:             source_100
  Path Type:              Setup (Max at Slow Process Corner)
  Requirement:            10.000ns  (source_100 rise@10.000ns - source_100 rise@0.000ns)
  Data Path Delay:        6.522ns  (logic 1.199ns (18.384%)  route 5.323ns (81.616%))
  Logic Levels:           3  (LUT2=1 LUT4=1 LUT5=1)
  Clock Path Skew:        -0.049ns (DCD - SCD + CPR)
    Destination Clock Delay (DCD):    0.924ns = ( 10.924 - 10.000 ) 
    Source Clock Delay      (SCD):    0.973ns
    Clock Pessimism Removal (CPR):    0.000ns
  Clock Uncertainty:      0.035ns  ((TSJ^2 + TIJ^2)^1/2 + DJ) / 2 + PE
    Total System Jitter     (TSJ):    0.071ns
    Total Input Jitter      (TIJ):    0.000ns
    Discrete Jitter          (DJ):    0.000ns
    Phase Error              (PE):    0.000ns

    Location             Delay type                Incr(ns)  Path(ns)    Netlist Resource(s)
  -------------------------------------------------------------------    -------------------
                         (clock source_100 rise edge)
                                                      0.000     0.000 r  
                                                      0.000     0.000 r  clk (IN)
                         net (fo=183, unset)          0.973     0.973    clk
    SLICE_X2Y1           FDCE                                         r  fast_reset_slow_reg[1]/C
  -------------------------------------------------------------------    -------------------
    SLICE_X2Y1           FDCE (Prop_fdce_C_Q)         0.419     1.392 r  fast_reset_slow_reg[1]/Q
                         net (fo=1, routed)           0.801     2.193    output_bank/read_valid_reg_0[0]
    SLICE_X2Y0           LUT2 (Prop_lut2_I1_O)        0.299     2.492 f  output_bank/output_valid_INST_0_i_1/O
                         net (fo=35, routed)          1.363     3.855    source_bank/SR[0]
    SLICE_X7Y2           LUT4 (Prop_lut4_I1_O)        0.154     4.009 r  source_bank/input_ready_INST_0_i_1/O
                         net (fo=9, routed)           0.597     4.606    source_bank/input_ready_INST_0_i_1_n_0
    SLICE_X7Y4           LUT5 (Prop_lut5_I0_O)        0.327     4.933 r  source_bank/metadata_in_hold[68]_i_1__0/O
                         net (fo=64, routed)          2.562     7.495    source_bank/metadata_load
    SLICE_X43Y5          FDRE                                         r  source_bank/metadata_in_hold_reg[19]/CE
  -------------------------------------------------------------------    -------------------

                         (clock source_100 rise edge)
                                                     10.000    10.000 r  
                                                      0.000    10.000 r  clk (IN)
                         net (fo=183, unset)          0.924    10.924    source_bank/clk
    SLICE_X43Y5          FDRE                                         r  source_bank/metadata_in_hold_reg[19]/C
                         clock pessimism              0.000    10.924    
                         clock uncertainty           -0.035    10.889    
    SLICE_X43Y5          FDRE (Setup_fdre_C_CE)      -0.205    10.684    source_bank/metadata_in_hold_reg[19]
  -------------------------------------------------------------------
                         required time                         10.684    
                         arrival time                          -7.495    
  -------------------------------------------------------------------
                         slack                                  3.189    

Slack (MET) :             3.189ns  (required time - arrival time)
  Source:                 fast_reset_slow_reg[1]/C
                            (rising edge-triggered cell FDCE clocked by source_100  {rise@0.000ns fall@5.000ns period=10.000ns})
  Destination:            source_bank/metadata_in_hold_reg[22]/CE
                            (rising edge-triggered cell FDRE clocked by source_100  {rise@0.000ns fall@5.000ns period=10.000ns})
  Path Group:             source_100
  Path Type:              Setup (Max at Slow Process Corner)
  Requirement:            10.000ns  (source_100 rise@10.000ns - source_100 rise@0.000ns)
  Data Path Delay:        6.522ns  (logic 1.199ns (18.384%)  route 5.323ns (81.616%))
  Logic Levels:           3  (LUT2=1 LUT4=1 LUT5=1)
  Clock Path Skew:        -0.049ns (DCD - SCD + CPR)
    Destination Clock Delay (DCD):    0.924ns = ( 10.924 - 10.000 ) 
    Source Clock Delay      (SCD):    0.973ns
    Clock Pessimism Removal (CPR):    0.000ns
  Clock Uncertainty:      0.035ns  ((TSJ^2 + TIJ^2)^1/2 + DJ) / 2 + PE
    Total System Jitter     (TSJ):    0.071ns
    Total Input Jitter      (TIJ):    0.000ns
    Discrete Jitter          (DJ):    0.000ns
    Phase Error              (PE):    0.000ns

    Location             Delay type                Incr(ns)  Path(ns)    Netlist Resource(s)
  -------------------------------------------------------------------    -------------------
                         (clock source_100 rise edge)
                                                      0.000     0.000 r  
                                                      0.000     0.000 r  clk (IN)
                         net (fo=183, unset)          0.973     0.973    clk
    SLICE_X2Y1           FDCE                                         r  fast_reset_slow_reg[1]/C
  -------------------------------------------------------------------    -------------------
    SLICE_X2Y1           FDCE (Prop_fdce_C_Q)         0.419     1.392 r  fast_reset_slow_reg[1]/Q
                         net (fo=1, routed)           0.801     2.193    output_bank/read_valid_reg_0[0]
    SLICE_X2Y0           LUT2 (Prop_lut2_I1_O)        0.299     2.492 f  output_bank/output_valid_INST_0_i_1/O
                         net (fo=35, routed)          1.363     3.855    source_bank/SR[0]
    SLICE_X7Y2           LUT4 (Prop_lut4_I1_O)        0.154     4.009 r  source_bank/input_ready_INST_0_i_1/O
                         net (fo=9, routed)           0.597     4.606    source_bank/input_ready_INST_0_i_1_n_0
    SLICE_X7Y4           LUT5 (Prop_lut5_I0_O)        0.327     4.933 r  source_bank/metadata_in_hold[68]_i_1__0/O
                         net (fo=64, routed)          2.562     7.495    source_bank/metadata_load
    SLICE_X43Y5          FDRE                                         r  source_bank/metadata_in_hold_reg[22]/CE
  -------------------------------------------------------------------    -------------------

                         (clock source_100 rise edge)
                                                     10.000    10.000 r  
                                                      0.000    10.000 r  clk (IN)
                         net (fo=183, unset)          0.924    10.924    source_bank/clk
    SLICE_X43Y5          FDRE                                         r  source_bank/metadata_in_hold_reg[22]/C
                         clock pessimism              0.000    10.924    
                         clock uncertainty           -0.035    10.889    
    SLICE_X43Y5          FDRE (Setup_fdre_C_CE)      -0.205    10.684    source_bank/metadata_in_hold_reg[22]
  -------------------------------------------------------------------
                         required time                         10.684    
                         arrival time                          -7.495    
  -------------------------------------------------------------------
                         slack                                  3.189    

Slack (MET) :             3.189ns  (required time - arrival time)
  Source:                 fast_reset_slow_reg[1]/C
                            (rising edge-triggered cell FDCE clocked by source_100  {rise@0.000ns fall@5.000ns period=10.000ns})
  Destination:            source_bank/metadata_in_hold_reg[23]/CE
                            (rising edge-triggered cell FDRE clocked by source_100  {rise@0.000ns fall@5.000ns period=10.000ns})
  Path Group:             source_100
  Path Type:              Setup (Max at Slow Process Corner)
  Requirement:            10.000ns  (source_100 rise@10.000ns - source_100 rise@0.000ns)
  Data Path Delay:        6.522ns  (logic 1.199ns (18.384%)  route 5.323ns (81.616%))
  Logic Levels:           3  (LUT2=1 LUT4=1 LUT5=1)
  Clock Path Skew:        -0.049ns (DCD - SCD + CPR)
    Destination Clock Delay (DCD):    0.924ns = ( 10.924 - 10.000 ) 
    Source Clock Delay      (SCD):    0.973ns
    Clock Pessimism Removal (CPR):    0.000ns
  Clock Uncertainty:      0.035ns  ((TSJ^2 + TIJ^2)^1/2 + DJ) / 2 + PE
    Total System Jitter     (TSJ):    0.071ns
    Total Input Jitter      (TIJ):    0.000ns
    Discrete Jitter          (DJ):    0.000ns
    Phase Error              (PE):    0.000ns

    Location             Delay type                Incr(ns)  Path(ns)    Netlist Resource(s)
  -------------------------------------------------------------------    -------------------
                         (clock source_100 rise edge)
                                                      0.000     0.000 r  
                                                      0.000     0.000 r  clk (IN)
                         net (fo=183, unset)          0.973     0.973    clk
    SLICE_X2Y1           FDCE                                         r  fast_reset_slow_reg[1]/C
  -------------------------------------------------------------------    -------------------
    SLICE_X2Y1           FDCE (Prop_fdce_C_Q)         0.419     1.392 r  fast_reset_slow_reg[1]/Q
                         net (fo=1, routed)           0.801     2.193    output_bank/read_valid_reg_0[0]
    SLICE_X2Y0           LUT2 (Prop_lut2_I1_O)        0.299     2.492 f  output_bank/output_valid_INST_0_i_1/O
                         net (fo=35, routed)          1.363     3.855    source_bank/SR[0]
    SLICE_X7Y2           LUT4 (Prop_lut4_I1_O)        0.154     4.009 r  source_bank/input_ready_INST_0_i_1/O
                         net (fo=9, routed)           0.597     4.606    source_bank/input_ready_INST_0_i_1_n_0
    SLICE_X7Y4           LUT5 (Prop_lut5_I0_O)        0.327     4.933 r  source_bank/metadata_in_hold[68]_i_1__0/O
                         net (fo=64, routed)          2.562     7.495    source_bank/metadata_load
    SLICE_X43Y5          FDRE                                         r  source_bank/metadata_in_hold_reg[23]/CE
  -------------------------------------------------------------------    -------------------

                         (clock source_100 rise edge)
                                                     10.000    10.000 r  
                                                      0.000    10.000 r  clk (IN)
                         net (fo=183, unset)          0.924    10.924    source_bank/clk
    SLICE_X43Y5          FDRE                                         r  source_bank/metadata_in_hold_reg[23]/C
                         clock pessimism              0.000    10.924    
                         clock uncertainty           -0.035    10.889    
    SLICE_X43Y5          FDRE (Setup_fdre_C_CE)      -0.205    10.684    source_bank/metadata_in_hold_reg[23]
  -------------------------------------------------------------------
                         required time                         10.684    
                         arrival time                          -7.495    
  -------------------------------------------------------------------
                         slack                                  3.189    

Slack (MET) :             3.189ns  (required time - arrival time)
  Source:                 fast_reset_slow_reg[1]/C
                            (rising edge-triggered cell FDCE clocked by source_100  {rise@0.000ns fall@5.000ns period=10.000ns})
  Destination:            source_bank/metadata_in_hold_reg[27]/CE
                            (rising edge-triggered cell FDRE clocked by source_100  {rise@0.000ns fall@5.000ns period=10.000ns})
  Path Group:             source_100
  Path Type:              Setup (Max at Slow Process Corner)
  Requirement:            10.000ns  (source_100 rise@10.000ns - source_100 rise@0.000ns)
  Data Path Delay:        6.522ns  (logic 1.199ns (18.384%)  route 5.323ns (81.616%))
  Logic Levels:           3  (LUT2=1 LUT4=1 LUT5=1)
  Clock Path Skew:        -0.049ns (DCD - SCD + CPR)
    Destination Clock Delay (DCD):    0.924ns = ( 10.924 - 10.000 ) 
    Source Clock Delay      (SCD):    0.973ns
    Clock Pessimism Removal (CPR):    0.000ns
  Clock Uncertainty:      0.035ns  ((TSJ^2 + TIJ^2)^1/2 + DJ) / 2 + PE
    Total System Jitter     (TSJ):    0.071ns
    Total Input Jitter      (TIJ):    0.000ns
    Discrete Jitter          (DJ):    0.000ns
    Phase Error              (PE):    0.000ns

    Location             Delay type                Incr(ns)  Path(ns)    Netlist Resource(s)
  -------------------------------------------------------------------    -------------------
                         (clock source_100 rise edge)
                                                      0.000     0.000 r  
                                                      0.000     0.000 r  clk (IN)
                         net (fo=183, unset)          0.973     0.973    clk
    SLICE_X2Y1           FDCE                                         r  fast_reset_slow_reg[1]/C
  -------------------------------------------------------------------    -------------------
    SLICE_X2Y1           FDCE (Prop_fdce_C_Q)         0.419     1.392 r  fast_reset_slow_reg[1]/Q
                         net (fo=1, routed)           0.801     2.193    output_bank/read_valid_reg_0[0]
    SLICE_X2Y0           LUT2 (Prop_lut2_I1_O)        0.299     2.492 f  output_bank/output_valid_INST_0_i_1/O
                         net (fo=35, routed)          1.363     3.855    source_bank/SR[0]
    SLICE_X7Y2           LUT4 (Prop_lut4_I1_O)        0.154     4.009 r  source_bank/input_ready_INST_0_i_1/O
                         net (fo=9, routed)           0.597     4.606    source_bank/input_ready_INST_0_i_1_n_0
    SLICE_X7Y4           LUT5 (Prop_lut5_I0_O)        0.327     4.933 r  source_bank/metadata_in_hold[68]_i_1__0/O
                         net (fo=64, routed)          2.562     7.495    source_bank/metadata_load
    SLICE_X43Y5          FDRE                                         r  source_bank/metadata_in_hold_reg[27]/CE
  -------------------------------------------------------------------    -------------------

                         (clock source_100 rise edge)
                                                     10.000    10.000 r  
                                                      0.000    10.000 r  clk (IN)
                         net (fo=183, unset)          0.924    10.924    source_bank/clk
    SLICE_X43Y5          FDRE                                         r  source_bank/metadata_in_hold_reg[27]/C
                         clock pessimism              0.000    10.924    
                         clock uncertainty           -0.035    10.889    
    SLICE_X43Y5          FDRE (Setup_fdre_C_CE)      -0.205    10.684    source_bank/metadata_in_hold_reg[27]
  -------------------------------------------------------------------
                         required time                         10.684    
                         arrival time                          -7.495    
  -------------------------------------------------------------------
                         slack                                  3.189    

Slack (MET) :             3.189ns  (required time - arrival time)
  Source:                 fast_reset_slow_reg[1]/C
                            (rising edge-triggered cell FDCE clocked by source_100  {rise@0.000ns fall@5.000ns period=10.000ns})
  Destination:            source_bank/metadata_in_hold_reg[5]/CE
                            (rising edge-triggered cell FDRE clocked by source_100  {rise@0.000ns fall@5.000ns period=10.000ns})
  Path Group:             source_100
  Path Type:              Setup (Max at Slow Process Corner)
  Requirement:            10.000ns  (source_100 rise@10.000ns - source_100 rise@0.000ns)
  Data Path Delay:        6.522ns  (logic 1.199ns (18.384%)  route 5.323ns (81.616%))
  Logic Levels:           3  (LUT2=1 LUT4=1 LUT5=1)
  Clock Path Skew:        -0.049ns (DCD - SCD + CPR)
    Destination Clock Delay (DCD):    0.924ns = ( 10.924 - 10.000 ) 
    Source Clock Delay      (SCD):    0.973ns
    Clock Pessimism Removal (CPR):    0.000ns
  Clock Uncertainty:      0.035ns  ((TSJ^2 + TIJ^2)^1/2 + DJ) / 2 + PE
    Total System Jitter     (TSJ):    0.071ns
    Total Input Jitter      (TIJ):    0.000ns
    Discrete Jitter          (DJ):    0.000ns
    Phase Error              (PE):    0.000ns

    Location             Delay type                Incr(ns)  Path(ns)    Netlist Resource(s)
  -------------------------------------------------------------------    -------------------
                         (clock source_100 rise edge)
                                                      0.000     0.000 r  
                                                      0.000     0.000 r  clk (IN)
                         net (fo=183, unset)          0.973     0.973    clk
    SLICE_X2Y1           FDCE                                         r  fast_reset_slow_reg[1]/C
  -------------------------------------------------------------------    -------------------
    SLICE_X2Y1           FDCE (Prop_fdce_C_Q)         0.419     1.392 r  fast_reset_slow_reg[1]/Q
                         net (fo=1, routed)           0.801     2.193    output_bank/read_valid_reg_0[0]
    SLICE_X2Y0           LUT2 (Prop_lut2_I1_O)        0.299     2.492 f  output_bank/output_valid_INST_0_i_1/O
                         net (fo=35, routed)          1.363     3.855    source_bank/SR[0]
    SLICE_X7Y2           LUT4 (Prop_lut4_I1_O)        0.154     4.009 r  source_bank/input_ready_INST_0_i_1/O
                         net (fo=9, routed)           0.597     4.606    source_bank/input_ready_INST_0_i_1_n_0
    SLICE_X7Y4           LUT5 (Prop_lut5_I0_O)        0.327     4.933 r  source_bank/metadata_in_hold[68]_i_1__0/O
                         net (fo=64, routed)          2.562     7.495    source_bank/metadata_load
    SLICE_X43Y5          FDRE                                         r  source_bank/metadata_in_hold_reg[5]/CE
  -------------------------------------------------------------------    -------------------

                         (clock source_100 rise edge)
                                                     10.000    10.000 r  
                                                      0.000    10.000 r  clk (IN)
                         net (fo=183, unset)          0.924    10.924    source_bank/clk
    SLICE_X43Y5          FDRE                                         r  source_bank/metadata_in_hold_reg[5]/C
                         clock pessimism              0.000    10.924    
                         clock uncertainty           -0.035    10.889    
    SLICE_X43Y5          FDRE (Setup_fdre_C_CE)      -0.205    10.684    source_bank/metadata_in_hold_reg[5]
  -------------------------------------------------------------------
                         required time                         10.684    
                         arrival time                          -7.495    
  -------------------------------------------------------------------
                         slack                                  3.189    

Slack (MET) :             3.190ns  (required time - arrival time)
  Source:                 fast_reset_slow_reg[1]/C
                            (rising edge-triggered cell FDCE clocked by source_100  {rise@0.000ns fall@5.000ns period=10.000ns})
  Destination:            source_bank/metadata_in_hold_reg[14]/CE
                            (rising edge-triggered cell FDRE clocked by source_100  {rise@0.000ns fall@5.000ns period=10.000ns})
  Path Group:             source_100
  Path Type:              Setup (Max at Slow Process Corner)
  Requirement:            10.000ns  (source_100 rise@10.000ns - source_100 rise@0.000ns)
  Data Path Delay:        6.557ns  (logic 1.199ns (18.285%)  route 5.358ns (81.715%))
  Logic Levels:           3  (LUT2=1 LUT4=1 LUT5=1)
  Clock Path Skew:        -0.049ns (DCD - SCD + CPR)
    Destination Clock Delay (DCD):    0.924ns = ( 10.924 - 10.000 ) 
    Source Clock Delay      (SCD):    0.973ns
    Clock Pessimism Removal (CPR):    0.000ns
  Clock Uncertainty:      0.035ns  ((TSJ^2 + TIJ^2)^1/2 + DJ) / 2 + PE
    Total System Jitter     (TSJ):    0.071ns
    Total Input Jitter      (TIJ):    0.000ns
    Discrete Jitter          (DJ):    0.000ns
    Phase Error              (PE):    0.000ns

    Location             Delay type                Incr(ns)  Path(ns)    Netlist Resource(s)
  -------------------------------------------------------------------    -------------------
                         (clock source_100 rise edge)
                                                      0.000     0.000 r  
                                                      0.000     0.000 r  clk (IN)
                         net (fo=183, unset)          0.973     0.973    clk
    SLICE_X2Y1           FDCE                                         r  fast_reset_slow_reg[1]/C
  -------------------------------------------------------------------    -------------------
    SLICE_X2Y1           FDCE (Prop_fdce_C_Q)         0.419     1.392 r  fast_reset_slow_reg[1]/Q
                         net (fo=1, routed)           0.801     2.193    output_bank/read_valid_reg_0[0]
    SLICE_X2Y0           LUT2 (Prop_lut2_I1_O)        0.299     2.492 f  output_bank/output_valid_INST_0_i_1/O
                         net (fo=35, routed)          1.363     3.855    source_bank/SR[0]
    SLICE_X7Y2           LUT4 (Prop_lut4_I1_O)        0.154     4.009 r  source_bank/input_ready_INST_0_i_1/O
                         net (fo=9, routed)           0.597     4.606    source_bank/input_ready_INST_0_i_1_n_0
    SLICE_X7Y4           LUT5 (Prop_lut5_I0_O)        0.327     4.933 r  source_bank/metadata_in_hold[68]_i_1__0/O
                         net (fo=64, routed)          2.597     7.530    source_bank/metadata_load
    SLICE_X42Y4          FDRE                                         r  source_bank/metadata_in_hold_reg[14]/CE
  -------------------------------------------------------------------    -------------------

                         (clock source_100 rise edge)
                                                     10.000    10.000 r  
                                                      0.000    10.000 r  clk (IN)
                         net (fo=183, unset)          0.924    10.924    source_bank/clk
    SLICE_X42Y4          FDRE                                         r  source_bank/metadata_in_hold_reg[14]/C
                         clock pessimism              0.000    10.924    
                         clock uncertainty           -0.035    10.889    
    SLICE_X42Y4          FDRE (Setup_fdre_C_CE)      -0.169    10.720    source_bank/metadata_in_hold_reg[14]
  -------------------------------------------------------------------
                         required time                         10.720    
                         arrival time                          -7.530    
  -------------------------------------------------------------------
                         slack                                  3.190    

Slack (MET) :             3.190ns  (required time - arrival time)
  Source:                 fast_reset_slow_reg[1]/C
                            (rising edge-triggered cell FDCE clocked by source_100  {rise@0.000ns fall@5.000ns period=10.000ns})
  Destination:            source_bank/metadata_in_hold_reg[6]/CE
                            (rising edge-triggered cell FDRE clocked by source_100  {rise@0.000ns fall@5.000ns period=10.000ns})
  Path Group:             source_100
  Path Type:              Setup (Max at Slow Process Corner)
  Requirement:            10.000ns  (source_100 rise@10.000ns - source_100 rise@0.000ns)
  Data Path Delay:        6.557ns  (logic 1.199ns (18.285%)  route 5.358ns (81.715%))
  Logic Levels:           3  (LUT2=1 LUT4=1 LUT5=1)
  Clock Path Skew:        -0.049ns (DCD - SCD + CPR)
    Destination Clock Delay (DCD):    0.924ns = ( 10.924 - 10.000 ) 
    Source Clock Delay      (SCD):    0.973ns
    Clock Pessimism Removal (CPR):    0.000ns
  Clock Uncertainty:      0.035ns  ((TSJ^2 + TIJ^2)^1/2 + DJ) / 2 + PE
    Total System Jitter     (TSJ):    0.071ns
    Total Input Jitter      (TIJ):    0.000ns
    Discrete Jitter          (DJ):    0.000ns
    Phase Error              (PE):    0.000ns

    Location             Delay type                Incr(ns)  Path(ns)    Netlist Resource(s)
  -------------------------------------------------------------------    -------------------
                         (clock source_100 rise edge)
                                                      0.000     0.000 r  
                                                      0.000     0.000 r  clk (IN)
                         net (fo=183, unset)          0.973     0.973    clk
    SLICE_X2Y1           FDCE                                         r  fast_reset_slow_reg[1]/C
  -------------------------------------------------------------------    -------------------
    SLICE_X2Y1           FDCE (Prop_fdce_C_Q)         0.419     1.392 r  fast_reset_slow_reg[1]/Q
                         net (fo=1, routed)           0.801     2.193    output_bank/read_valid_reg_0[0]
    SLICE_X2Y0           LUT2 (Prop_lut2_I1_O)        0.299     2.492 f  output_bank/output_valid_INST_0_i_1/O
                         net (fo=35, routed)          1.363     3.855    source_bank/SR[0]
    SLICE_X7Y2           LUT4 (Prop_lut4_I1_O)        0.154     4.009 r  source_bank/input_ready_INST_0_i_1/O
                         net (fo=9, routed)           0.597     4.606    source_bank/input_ready_INST_0_i_1_n_0
    SLICE_X7Y4           LUT5 (Prop_lut5_I0_O)        0.327     4.933 r  source_bank/metadata_in_hold[68]_i_1__0/O
                         net (fo=64, routed)          2.597     7.530    source_bank/metadata_load
    SLICE_X42Y4          FDRE                                         r  source_bank/metadata_in_hold_reg[6]/CE
  -------------------------------------------------------------------    -------------------

                         (clock source_100 rise edge)
                                                     10.000    10.000 r  
                                                      0.000    10.000 r  clk (IN)
                         net (fo=183, unset)          0.924    10.924    source_bank/clk
    SLICE_X42Y4          FDRE                                         r  source_bank/metadata_in_hold_reg[6]/C
                         clock pessimism              0.000    10.924    
                         clock uncertainty           -0.035    10.889    
    SLICE_X42Y4          FDRE (Setup_fdre_C_CE)      -0.169    10.720    source_bank/metadata_in_hold_reg[6]
  -------------------------------------------------------------------
                         required time                         10.720    
                         arrival time                          -7.530    
  -------------------------------------------------------------------
                         slack                                  3.190    




