#-----------------------------------------------------------
# Vivado v2022.2 (64-bit)
# SW Build 3671981 on Fri Oct 14 04:59:54 MDT 2022
# IP Build 3669848 on Fri Oct 14 08:30:02 MDT 2022
# Start of session at: Thu Sep 10 02:00:00 2026
# Process ID: 2896011
# Current directory: /tmp/starlink-coarse-alternatives.Y3JzOI/completed-input-fence/hdl
# Command line: vivado -mode batch -nojournal -log /tmp/starlink-completed-input.5EaJuD/registered-route-v1.log -source library/starlink_pss_acquisition/route_completed_input_fence.tcl -tclargs /tmp/starlink-completed-input.5EaJuD/registered-synth-v1/fft_bank_owned_synth.dcp d299801abc9f351d9c74542478ed63ab13ff8c0d3036a5bdc0ae6c1603312828 /tmp/starlink-completed-input.5EaJuD/registered-route-v1
# Log file: /tmp/starlink-completed-input.5EaJuD/registered-route-v1.log
# Journal file: 
# Running On: gauss, OS: Linux, CPU Frequency: 5253.440 MHz, CPU Physical cores: 24, Host memory: 132067 MB
#-----------------------------------------------------------
source library/starlink_pss_acquisition/route_completed_input_fence.tcl
# if {$argc != 3 || [version -short] ne "2022.2"} {
#   error "expected Vivado2022.2 SOURCE_DCP EXPECTED_SHA256 NEW_OUTPUT"
# }
# set source_dcp [file normalize [lindex $argv 0]]
# set expected [lindex $argv 1]
# set output_dir [file normalize [lindex $argv 2]]
# if {[file exists $output_dir]} { error "refusing to overwrite evidence" }
# if {![regexp {^[0-9a-f]{64}$} $expected] ||
#     [lindex [exec sha256sum $source_dcp] 0] ne $expected} {
#   error "unexpected synthesized input"
# }
# file mkdir $output_dir
# file copy [info script] [file join $output_dir probe.tcl]
# set_param general.maxThreads 2
# open_checkpoint $source_dcp
Command: open_checkpoint /tmp/starlink-completed-input.5EaJuD/registered-synth-v1/fft_bank_owned_synth.dcp

Starting open_checkpoint Task

Time (s): cpu = 00:00:00.03 ; elapsed = 00:00:00.02 . Memory (MB): peak = 1322.344 ; gain = 0.000 ; free physical = 1360 ; free virtual = 152508
INFO: [Device 21-403] Loading part xc7z010clg400-1
Netlist sorting complete. Time (s): cpu = 00:00:00.03 ; elapsed = 00:00:00.03 . Memory (MB): peak = 1557.746 ; gain = 0.000 ; free physical = 1137 ; free virtual = 152338
INFO: [Netlist 29-17] Analyzing 221 Unisim elements for replacement
INFO: [Netlist 29-28] Unisim Transformation completed in 0 CPU seconds
INFO: [Project 1-479] Netlist was created with Vivado 2022.2
INFO: [Project 1-570] Preparing netlist for logic optimization
INFO: [Timing 38-478] Restoring timing data from binary archive.
INFO: [Timing 38-479] Binary timing data restore complete.
INFO: [Project 1-856] Restoring constraints from binary archive.
INFO: [Project 1-853] Binary constraint restore complete.
Netlist sorting complete. Time (s): cpu = 00:00:00 ; elapsed = 00:00:00 . Memory (MB): peak = 2131.980 ; gain = 0.000 ; free physical = 1408 ; free virtual = 151675
INFO: [Project 1-111] Unisim Transformation Summary:
No Unisim elements were transformed.

INFO: [Project 1-604] Checkpoint was created with Vivado v2022.2 (64-bit) build 3671981
OpenCheckpoint Checksum | Checksum: 1cffbb98
----- Checksum: PlaceDB: 00000000 ShapeSum: 1cffbb98 RouteDB: 00000000 
open_checkpoint: Time (s): cpu = 00:00:07 ; elapsed = 00:00:07 . Memory (MB): peak = 2131.980 ; gain = 809.637 ; free physical = 1400 ; free virtual = 151667
# if {[llength [get_cells -quiet -hier -filter {IS_BLACKBOX == 1}]]} {
#   error "black box in supposedly complete slice"
# }
# foreach {name period} {source_100 10.0 island_175 5.714} {
#   set clock [get_clocks -quiet $name]
#   if {[llength $clock] != 1 || abs([get_property PERIOD $clock]-$period) > 0.00001} {
#     error "unexpected diagnostic clock $name"
#   }
# }
# report_clocks -file [file join $output_dir clocks_before.rpt]
# write_xdc [file join $output_dir inherited_constraints.xdc]
# opt_design
Command: opt_design
Attempting to get a license for feature 'Implementation' and/or device 'xc7z010'
INFO: [Common 17-349] Got license for feature 'Implementation' and/or device 'xc7z010'
Running DRC as a precondition to command opt_design

Starting DRC Task
INFO: [DRC 23-27] Running DRC with 2 threads
INFO: [Project 1-461] DRC finished with 0 Errors
INFO: [Project 1-462] Please refer to the DRC report (report_drc) for more information.

Time (s): cpu = 00:00:00.68 ; elapsed = 00:00:00.43 . Memory (MB): peak = 2180.676 ; gain = 42.758 ; free physical = 1000 ; free virtual = 151271

Starting Cache Timing Information Task
Ending Cache Timing Information Task | Checksum: 116642018

Time (s): cpu = 00:00:00 ; elapsed = 00:00:00.01 . Memory (MB): peak = 2180.676 ; gain = 0.000 ; free physical = 993 ; free virtual = 151263

Starting Logic Optimization Task

Phase 1 Retarget
INFO: [Opt 31-1287] Pulled Inverter registered_scheduling.engine_metadata[69]_i_1 into driver instance result_guard/payload_memory_reg_i_3, which resulted in an inversion of 129 pins
INFO: [Opt 31-1287] Pulled Inverter registered_scheduling.preparation_age[5]_i_1 into driver instance result_guard/registered_scheduling.preparation_age[5]_i_3, which resulted in an inversion of 2 pins
INFO: [Opt 31-1287] Pulled Inverter shared_xfft/U0/i_synth/axi_wrapper/data_out_channel/gen_real_time.data_out[36]_i_1 into driver instance shared_xfft_i_1, which resulted in an inversion of 3 pins
INFO: [Opt 31-1287] Pulled Inverter shared_xfft/U0/i_synth/xfft_inst/non_floating_point.arch_b.xfft_inst/control/control/xn_index_counter/cnt_async/i_baseblox.i_baseblox_addsub/no_pipelining.the_addsub/i_lut6.i_lut6_addsub/i_simple_model.carryxor0_i_1 into driver instance shared_xfft/U0/i_synth/xfft_inst/non_floating_point.arch_b.xfft_inst/control/control/xn_index_counter/cnt_async_i_9, which resulted in an inversion of 1 pins
INFO: [Opt 31-1287] Pulled Inverter shared_xfft/U0/i_synth/xfft_inst/non_floating_point.arch_b.xfft_inst/control/control/nat_out_xk_index.no_cyclic_prefix.xk_index_counter/cnt_async/i_baseblox.i_baseblox_addsub/no_pipelining.the_addsub/i_lut6.i_lut6_addsub/i_simple_model.carryxor0_i_1 into driver instance shared_xfft/U0/i_synth/xfft_inst/non_floating_point.arch_b.xfft_inst/control/control/nat_out_xk_index.no_cyclic_prefix.xk_index_counter/cnt_async_i_9__0, which resulted in an inversion of 1 pins
INFO: [Opt 31-1287] Pulled Inverter shared_xfft/U0/i_synth/xfft_inst/non_floating_point.arch_b.xfft_inst/control/control/pe_cnt/cnt_async/i_baseblox.i_baseblox_addsub/no_pipelining.the_addsub/i_lut6.i_lut6_addsub/i_simple_model.carryxor0_i_1 into driver instance shared_xfft/U0/i_synth/xfft_inst/non_floating_point.arch_b.xfft_inst/control/control/pe_cnt/cnt_async_i_5__2, which resulted in an inversion of 1 pins
INFO: [Opt 31-1287] Pulled Inverter shared_xfft/U0/i_synth/xfft_inst/non_floating_point.arch_b.xfft_inst/control/control/rank_0_cnt/cnt_async/i_baseblox.i_baseblox_addsub/no_pipelining.the_addsub/i_lut6.i_lut6_addsub/i_simple_model.carryxor0_i_1 into driver instance shared_xfft/U0/i_synth/xfft_inst/non_floating_point.arch_b.xfft_inst/control/control/rank_0_cnt/cnt_async_i_3__3, which resulted in an inversion of 1 pins
INFO: [Opt 31-1287] Pulled Inverter shared_xfft/U0/i_synth/xfft_inst/non_floating_point.arch_b.xfft_inst/control/control/rn_0_cnt/cnt_async/i_baseblox.i_baseblox_addsub/no_pipelining.the_addsub/i_lut6.i_lut6_addsub/i_simple_model.carryxor0_i_1 into driver instance shared_xfft/U0/i_synth/xfft_inst/non_floating_point.arch_b.xfft_inst/control/control/rn_0_cnt/cnt_async_i_7__1, which resulted in an inversion of 1 pins
INFO: [Opt 31-1287] Pulled Inverter shared_xfft/U0/i_synth/xfft_inst/non_floating_point.arch_b.xfft_inst/control/processing_address_generator/u2_bypass/use_lut6_2.gen_full_lut6_2s[0].mlut1_i_2 into driver instance shared_xfft/U0/i_synth/xfft_inst/non_floating_point.arch_b.xfft_inst/control/processing_address_generator/u2_bypass/use_lut6_2.gen_full_lut6_2s[0].mlut1_i_1, which resulted in an inversion of 3 pins
INFO: [Opt 31-138] Pushed 10 inverter(s) to 13 load pin(s).
INFO: [Opt 31-49] Retargeted 0 cell(s).
Phase 1 Retarget | Checksum: e50acddf

Time (s): cpu = 00:00:00.21 ; elapsed = 00:00:00.17 . Memory (MB): peak = 2431.629 ; gain = 0.000 ; free physical = 1271 ; free virtual = 151226
INFO: [Opt 31-389] Phase Retarget created 80 cells and removed 125 cells

Phase 2 Constant propagation
INFO: [Opt 31-138] Pushed 0 inverter(s) to 0 load pin(s).
Phase 2 Constant propagation | Checksum: 11e57b4d7

Time (s): cpu = 00:00:00.23 ; elapsed = 00:00:00.19 . Memory (MB): peak = 2431.629 ; gain = 0.000 ; free physical = 1255 ; free virtual = 151211
INFO: [Opt 31-389] Phase Constant propagation created 3 cells and removed 7 cells

Phase 3 Sweep
Phase 3 Sweep | Checksum: 1666d4445

Time (s): cpu = 00:00:00.27 ; elapsed = 00:00:00.23 . Memory (MB): peak = 2431.629 ; gain = 0.000 ; free physical = 1147 ; free virtual = 151104
INFO: [Opt 31-389] Phase Sweep created 0 cells and removed 1 cells

Phase 4 BUFG optimization
Phase 4 BUFG optimization | Checksum: 1666d4445

Time (s): cpu = 00:00:00.29 ; elapsed = 00:00:00.25 . Memory (MB): peak = 2455.641 ; gain = 24.012 ; free physical = 1094 ; free virtual = 151050
INFO: [Opt 31-662] Phase BUFG optimization created 0 cells of which 0 are BUFGs and removed 0 cells.

Phase 5 Shift Register Optimization
INFO: [Opt 31-1064] SRL Remap converted 0 SRLs to 0 registers and converted 0 registers of register chains to 0 SRLs
Phase 5 Shift Register Optimization | Checksum: c4047b49

Time (s): cpu = 00:00:00.3 ; elapsed = 00:00:00.26 . Memory (MB): peak = 2455.641 ; gain = 24.012 ; free physical = 1094 ; free virtual = 151050
INFO: [Opt 31-389] Phase Shift Register Optimization created 1 cells and removed 0 cells

Phase 6 Post Processing Netlist
Phase 6 Post Processing Netlist | Checksum: c4047b49

Time (s): cpu = 00:00:00.31 ; elapsed = 00:00:00.27 . Memory (MB): peak = 2455.641 ; gain = 24.012 ; free physical = 1236 ; free virtual = 151192
INFO: [Opt 31-389] Phase Post Processing Netlist created 0 cells and removed 0 cells
Opt_design Change Summary
=========================


-------------------------------------------------------------------------------------------------------------------------
|  Phase                        |  #Cells created  |  #Cells Removed  |  #Constrained objects preventing optimizations  |
-------------------------------------------------------------------------------------------------------------------------
|  Retarget                     |              80  |             125  |                                              0  |
|  Constant propagation         |               3  |               7  |                                              0  |
|  Sweep                        |               0  |               1  |                                              0  |
|  BUFG optimization            |               0  |               0  |                                              0  |
|  Shift Register Optimization  |               1  |               0  |                                              0  |
|  Post Processing Netlist      |               0  |               0  |                                              0  |
-------------------------------------------------------------------------------------------------------------------------



Starting Connectivity Check Task

Time (s): cpu = 00:00:00 ; elapsed = 00:00:00 . Memory (MB): peak = 2455.641 ; gain = 0.000 ; free physical = 1355 ; free virtual = 151312
Ending Logic Optimization Task | Checksum: 70a39604

Time (s): cpu = 00:00:00.36 ; elapsed = 00:00:00.32 . Memory (MB): peak = 2455.641 ; gain = 24.012 ; free physical = 1354 ; free virtual = 151311

Starting Power Optimization Task
INFO: [Pwropt 34-132] Skipping clock gating for clocks with a period < 2.00 ns.
INFO: [Timing 38-35] Done setting XDC timing constraints.
INFO: [Pwropt 34-9] Applying IDT optimizations ...
INFO: [Pwropt 34-10] Applying ODC optimizations ...
Running Vector-less Activity Propagation...

Finished Running Vector-less Activity Propagation


Starting PowerOpt Patch Enables Task
INFO: [Pwropt 34-162] WRITE_MODE attribute of 0 BRAM(s) out of a total of 15 has been updated to save power. Run report_power_opt to get a complete listing of the BRAMs updated.
INFO: [Pwropt 34-201] Structural ODC has moved 0 WE to EN ports
Number of BRAM Ports augmented: 4 newly gated: 4 Total Ports: 30
Ending PowerOpt Patch Enables Task | Checksum: 1116d9869

Time (s): cpu = 00:00:00.02 ; elapsed = 00:00:00.02 . Memory (MB): peak = 2609.551 ; gain = 0.000 ; free physical = 952 ; free virtual = 150915
Ending Power Optimization Task | Checksum: 1116d9869

Time (s): cpu = 00:00:01 ; elapsed = 00:00:00.82 . Memory (MB): peak = 2609.551 ; gain = 153.910 ; free physical = 957 ; free virtual = 150919

Starting Final Cleanup Task
Ending Final Cleanup Task | Checksum: 1116d9869

Time (s): cpu = 00:00:00 ; elapsed = 00:00:00 . Memory (MB): peak = 2609.551 ; gain = 0.000 ; free physical = 957 ; free virtual = 150919

Starting Netlist Obfuscation Task
Netlist sorting complete. Time (s): cpu = 00:00:00 ; elapsed = 00:00:00 . Memory (MB): peak = 2609.551 ; gain = 0.000 ; free physical = 957 ; free virtual = 150919
Ending Netlist Obfuscation Task | Checksum: 810981e5

Time (s): cpu = 00:00:00 ; elapsed = 00:00:00 . Memory (MB): peak = 2609.551 ; gain = 0.000 ; free physical = 957 ; free virtual = 150919
INFO: [Common 17-83] Releasing license: Implementation
30 Infos, 0 Warnings, 0 Critical Warnings and 0 Errors encountered.
opt_design completed successfully
INFO: [Common 17-600] The following parameters have non-default value.
general.maxThreads
# place_design
Command: place_design
Attempting to get a license for feature 'Implementation' and/or device 'xc7z010'
INFO: [Common 17-349] Got license for feature 'Implementation' and/or device 'xc7z010'
INFO: [DRC 23-27] Running DRC with 2 threads
INFO: [Vivado_Tcl 4-198] DRC finished with 0 Errors
INFO: [Vivado_Tcl 4-199] Please refer to the DRC report (report_drc) for more information.
Running DRC as a precondition to command place_design
INFO: [DRC 23-27] Running DRC with 2 threads
INFO: [Vivado_Tcl 4-198] DRC finished with 0 Errors, 21 Warnings
INFO: [Vivado_Tcl 4-199] Please refer to the DRC report (report_drc) for more information.

Starting Placer Task
INFO: [Place 30-611] Multithreading enabled for place_design using a maximum of 2 CPUs

Phase 1 Placer Initialization

Phase 1.1 Placer Initialization Netlist Sorting
Netlist sorting complete. Time (s): cpu = 00:00:00 ; elapsed = 00:00:00 . Memory (MB): peak = 2609.551 ; gain = 0.000 ; free physical = 1258 ; free virtual = 150898
Phase 1.1 Placer Initialization Netlist Sorting | Checksum: 3ec8f5a9

Time (s): cpu = 00:00:00 ; elapsed = 00:00:00.01 . Memory (MB): peak = 2609.551 ; gain = 0.000 ; free physical = 1258 ; free virtual = 150897
Netlist sorting complete. Time (s): cpu = 00:00:00 ; elapsed = 00:00:00 . Memory (MB): peak = 2609.551 ; gain = 0.000 ; free physical = 1255 ; free virtual = 150894

Phase 1.2 IO Placement/ Clock Placement/ Build Placer Device
INFO: [Timing 38-35] Done setting XDC timing constraints.
Phase 1.2 IO Placement/ Clock Placement/ Build Placer Device | Checksum: eb0bb6ef

Time (s): cpu = 00:00:00.45 ; elapsed = 00:00:00.42 . Memory (MB): peak = 2609.551 ; gain = 0.000 ; free physical = 978 ; free virtual = 150624

Phase 1.3 Build Placer Netlist Model
Phase 1.3 Build Placer Netlist Model | Checksum: 1acb17d2a

Time (s): cpu = 00:00:01 ; elapsed = 00:00:01 . Memory (MB): peak = 2609.551 ; gain = 0.000 ; free physical = 931 ; free virtual = 150252

Phase 1.4 Constrain Clocks/Macros
Phase 1.4 Constrain Clocks/Macros | Checksum: 1acb17d2a

Time (s): cpu = 00:00:01 ; elapsed = 00:00:01 . Memory (MB): peak = 2609.551 ; gain = 0.000 ; free physical = 931 ; free virtual = 150251
Phase 1 Placer Initialization | Checksum: 1acb17d2a

Time (s): cpu = 00:00:01 ; elapsed = 00:00:01 . Memory (MB): peak = 2609.551 ; gain = 0.000 ; free physical = 928 ; free virtual = 150248

Phase 2 Global Placement

Phase 2.1 Floorplanning
Phase 2.1 Floorplanning | Checksum: 1b1735650

Time (s): cpu = 00:00:01 ; elapsed = 00:00:01 . Memory (MB): peak = 2609.551 ; gain = 0.000 ; free physical = 864 ; free virtual = 150185

Phase 2.2 Update Timing before SLR Path Opt
Phase 2.2 Update Timing before SLR Path Opt | Checksum: 118356439

Time (s): cpu = 00:00:02 ; elapsed = 00:00:01 . Memory (MB): peak = 2609.551 ; gain = 0.000 ; free physical = 819 ; free virtual = 150141

Phase 2.3 Post-Processing in Floorplanning
Phase 2.3 Post-Processing in Floorplanning | Checksum: 118356439

Time (s): cpu = 00:00:02 ; elapsed = 00:00:01 . Memory (MB): peak = 2609.551 ; gain = 0.000 ; free physical = 998 ; free virtual = 150243

Phase 2.4 Global Placement Core

Phase 2.4.1 UpdateTiming Before Physical Synthesis
Phase 2.4.1 UpdateTiming Before Physical Synthesis | Checksum: 20ae4dc10

Time (s): cpu = 00:00:05 ; elapsed = 00:00:03 . Memory (MB): peak = 2609.551 ; gain = 0.000 ; free physical = 1167 ; free virtual = 149861

Phase 2.4.2 Physical Synthesis In Placer
INFO: [Physopt 32-1035] Found 61 LUTNM shape to break, 48 LUT instances to create LUTNM shape
INFO: [Physopt 32-1044] Break lutnm for timing: one critical 10, two critical 51, total 61, new lutff created 2
INFO: [Physopt 32-1138] End 1 Pass. Optimized 82 nets or LUTs. Breaked 61 LUTs, combined 21 existing LUTs and moved 0 existing LUT
INFO: [Physopt 32-65] No nets found for high-fanout optimization.
INFO: [Physopt 32-232] Optimized 0 net. Created 0 new instance.
INFO: [Physopt 32-775] End 1 Pass. Optimized 0 net or cell. Created 0 new cell, deleted 0 existing cell and moved 0 existing cell
INFO: [Physopt 32-457] Pass 1. Identified 2 candidate cells for DSP register optimization.
INFO: [Physopt 32-665] Processed cell product/sum_real_reg. 37 registers were pushed out.
INFO: [Physopt 32-665] Processed cell product/sum_imag_reg. 37 registers were pushed out.
INFO: [Physopt 32-775] End 2 Pass. Optimized 2 nets or cells. Created 74 new cells, deleted 0 existing cell and moved 0 existing cell
Netlist sorting complete. Time (s): cpu = 00:00:00 ; elapsed = 00:00:00 . Memory (MB): peak = 2609.551 ; gain = 0.000 ; free physical = 944 ; free virtual = 149639
INFO: [Physopt 32-1123] No candidate cells found for Shift Register to Pipeline optimization
INFO: [Physopt 32-775] End 2 Pass. Optimized 0 net or cell. Created 0 new cell, deleted 0 existing cell and moved 0 existing cell
INFO: [Physopt 32-677] No candidate cells for Shift Register optimization found in the design
INFO: [Physopt 32-775] End 1 Pass. Optimized 0 net or cell. Created 0 new cell, deleted 0 existing cell and moved 0 existing cell
INFO: [Physopt 32-526] No candidate cells for BRAM register optimization found in the design
INFO: [Physopt 32-775] End 1 Pass. Optimized 0 net or cell. Created 0 new cell, deleted 0 existing cell and moved 0 existing cell
INFO: [Physopt 32-846] No candidate cells for URAM register optimization found in the design
INFO: [Physopt 32-775] End 2 Pass. Optimized 0 net or cell. Created 0 new cell, deleted 0 existing cell and moved 0 existing cell
INFO: [Physopt 32-949] No candidate nets found for dynamic/static region interface net replication
INFO: [Physopt 32-775] End 1 Pass. Optimized 0 net or cell. Created 0 new cell, deleted 0 existing cell and moved 0 existing cell
Netlist sorting complete. Time (s): cpu = 00:00:00 ; elapsed = 00:00:00 . Memory (MB): peak = 2609.551 ; gain = 0.000 ; free physical = 948 ; free virtual = 149644

Summary of Physical Synthesis Optimizations
============================================


-----------------------------------------------------------------------------------------------------------------------------------------------------------
|  Optimization                                     |  Added Cells  |  Removed Cells  |  Optimized Cells/Nets  |  Dont Touch  |  Iterations  |  Elapsed   |
-----------------------------------------------------------------------------------------------------------------------------------------------------------
|  LUT Combining                                    |           61  |             21  |                    82  |           0  |           1  |  00:00:00  |
|  Retime                                           |            0  |              0  |                     0  |           0  |           1  |  00:00:00  |
|  Very High Fanout                                 |            0  |              0  |                     0  |           0  |           1  |  00:00:00  |
|  DSP Register                                     |           74  |              0  |                     2  |           0  |           1  |  00:00:00  |
|  Shift Register to Pipeline                       |            0  |              0  |                     0  |           0  |           1  |  00:00:00  |
|  Shift Register                                   |            0  |              0  |                     0  |           0  |           1  |  00:00:00  |
|  BRAM Register                                    |            0  |              0  |                     0  |           0  |           1  |  00:00:00  |
|  URAM Register                                    |            0  |              0  |                     0  |           0  |           1  |  00:00:00  |
|  Dynamic/Static Region Interface Net Replication  |            0  |              0  |                     0  |           0  |           1  |  00:00:00  |
|  Total                                            |          135  |             21  |                    84  |           0  |           9  |  00:00:00  |
-----------------------------------------------------------------------------------------------------------------------------------------------------------


Phase 2.4.2 Physical Synthesis In Placer | Checksum: 1a28ba820

Time (s): cpu = 00:00:05 ; elapsed = 00:00:04 . Memory (MB): peak = 2609.551 ; gain = 0.000 ; free physical = 843 ; free virtual = 149541
Phase 2.4 Global Placement Core | Checksum: 1711f96bb

Time (s): cpu = 00:00:06 ; elapsed = 00:00:04 . Memory (MB): peak = 2609.551 ; gain = 0.000 ; free physical = 836 ; free virtual = 149535
Phase 2 Global Placement | Checksum: 1711f96bb

Time (s): cpu = 00:00:06 ; elapsed = 00:00:04 . Memory (MB): peak = 2609.551 ; gain = 0.000 ; free physical = 836 ; free virtual = 149535

Phase 3 Detail Placement

Phase 3.1 Commit Multi Column Macros
Phase 3.1 Commit Multi Column Macros | Checksum: 204c8648e

Time (s): cpu = 00:00:06 ; elapsed = 00:00:04 . Memory (MB): peak = 2609.551 ; gain = 0.000 ; free physical = 1211 ; free virtual = 149586

Phase 3.2 Commit Most Macros & LUTRAMs
Phase 3.2 Commit Most Macros & LUTRAMs | Checksum: 28296d1b3

Time (s): cpu = 00:00:06 ; elapsed = 00:00:05 . Memory (MB): peak = 2609.551 ; gain = 0.000 ; free physical = 1142 ; free virtual = 149520

Phase 3.3 Area Swap Optimization
Phase 3.3 Area Swap Optimization | Checksum: 1f53ebc69

Time (s): cpu = 00:00:06 ; elapsed = 00:00:05 . Memory (MB): peak = 2609.551 ; gain = 0.000 ; free physical = 1134 ; free virtual = 149512

Phase 3.4 Pipeline Register Optimization
Phase 3.4 Pipeline Register Optimization | Checksum: 27a3b19a2

Time (s): cpu = 00:00:06 ; elapsed = 00:00:05 . Memory (MB): peak = 2609.551 ; gain = 0.000 ; free physical = 1134 ; free virtual = 149512

Phase 3.5 Fast Optimization
Phase 3.5 Fast Optimization | Checksum: 21aa7c817

Time (s): cpu = 00:00:07 ; elapsed = 00:00:06 . Memory (MB): peak = 2609.551 ; gain = 0.000 ; free physical = 1125 ; free virtual = 149186

Phase 3.6 Small Shape Detail Placement
Phase 3.6 Small Shape Detail Placement | Checksum: 17d7c7276

Time (s): cpu = 00:00:08 ; elapsed = 00:00:07 . Memory (MB): peak = 2609.551 ; gain = 0.000 ; free physical = 1172 ; free virtual = 148917

Phase 3.7 Re-assign LUT pins
Phase 3.7 Re-assign LUT pins | Checksum: 1a3a91aa3

Time (s): cpu = 00:00:08 ; elapsed = 00:00:07 . Memory (MB): peak = 2609.551 ; gain = 0.000 ; free physical = 1143 ; free virtual = 148889

Phase 3.8 Pipeline Register Optimization
Phase 3.8 Pipeline Register Optimization | Checksum: 1fa8bd795

Time (s): cpu = 00:00:08 ; elapsed = 00:00:07 . Memory (MB): peak = 2609.551 ; gain = 0.000 ; free physical = 1127 ; free virtual = 148874

Phase 3.9 Fast Optimization
Phase 3.9 Fast Optimization | Checksum: 2ae737f7c

Time (s): cpu = 00:00:11 ; elapsed = 00:00:09 . Memory (MB): peak = 2609.551 ; gain = 0.000 ; free physical = 1138 ; free virtual = 148579
Phase 3 Detail Placement | Checksum: 2ae737f7c

Time (s): cpu = 00:00:11 ; elapsed = 00:00:09 . Memory (MB): peak = 2609.551 ; gain = 0.000 ; free physical = 1123 ; free virtual = 148563

Phase 4 Post Placement Optimization and Clean-Up

Phase 4.1 Post Commit Optimization
INFO: [Timing 38-35] Done setting XDC timing constraints.

Phase 4.1.1 Post Placement Optimization
Post Placement Optimization Initialization | Checksum: 178975abf

Phase 4.1.1.1 BUFG Insertion

Starting Physical Synthesis Task

Phase 1 Physical Synthesis Initialization
INFO: [Physopt 32-721] Multithreading enabled for phys_opt_design using a maximum of 2 CPUs
INFO: [Physopt 32-619] Estimated Timing Summary | WNS=-4.210 | TNS=-1456.590 |
Phase 1 Physical Synthesis Initialization | Checksum: 13e927dcd

Time (s): cpu = 00:00:00.2 ; elapsed = 00:00:00.15 . Memory (MB): peak = 2609.551 ; gain = 0.000 ; free physical = 1144 ; free virtual = 148264
INFO: [Place 46-56] BUFG insertion identified 0 candidate nets. Inserted BUFG: 0, Replicated BUFG Driver: 0, Skipped due to Placement/Routing Conflicts: 0, Skipped due to Timing Degradation: 0, Skipped due to Illegal Netlist: 0.
Ending Physical Synthesis Task | Checksum: 1ef7ee347

Time (s): cpu = 00:00:00.23 ; elapsed = 00:00:00.18 . Memory (MB): peak = 2609.551 ; gain = 0.000 ; free physical = 1133 ; free virtual = 148252
Phase 4.1.1.1 BUFG Insertion | Checksum: 178975abf

Time (s): cpu = 00:00:12 ; elapsed = 00:00:10 . Memory (MB): peak = 2609.551 ; gain = 0.000 ; free physical = 1125 ; free virtual = 148245

Phase 4.1.1.2 Post Placement Timing Optimization
INFO: [Place 30-746] Post Placement Timing Summary WNS=-2.880. For the most accurate timing information please run report_timing.
Phase 4.1.1.2 Post Placement Timing Optimization | Checksum: 1d082eb8e

Time (s): cpu = 00:00:48 ; elapsed = 00:00:47 . Memory (MB): peak = 2609.551 ; gain = 0.000 ; free physical = 1498 ; free virtual = 146935

Time (s): cpu = 00:00:48 ; elapsed = 00:00:47 . Memory (MB): peak = 2609.551 ; gain = 0.000 ; free physical = 1498 ; free virtual = 146935
Phase 4.1 Post Commit Optimization | Checksum: 1d082eb8e

Time (s): cpu = 00:00:48 ; elapsed = 00:00:47 . Memory (MB): peak = 2609.551 ; gain = 0.000 ; free physical = 1498 ; free virtual = 146935

Phase 4.2 Post Placement Cleanup
Phase 4.2 Post Placement Cleanup | Checksum: 1d082eb8e

Time (s): cpu = 00:00:48 ; elapsed = 00:00:47 . Memory (MB): peak = 2609.551 ; gain = 0.000 ; free physical = 1499 ; free virtual = 146935

Phase 4.3 Placer Reporting

Phase 4.3.1 Print Estimated Congestion
INFO: [Place 30-612] Post-Placement Estimated Congestion 
 ____________________________________________________
|           | Global Congestion | Short Congestion  |
| Direction | Region Size       | Region Size       |
|___________|___________________|___________________|
|      North|                1x1|                4x4|
|___________|___________________|___________________|
|      South|                1x1|                2x2|
|___________|___________________|___________________|
|       East|                1x1|                2x2|
|___________|___________________|___________________|
|       West|                1x1|                1x1|
|___________|___________________|___________________|

Phase 4.3.1 Print Estimated Congestion | Checksum: 1d082eb8e

Time (s): cpu = 00:00:48 ; elapsed = 00:00:47 . Memory (MB): peak = 2609.551 ; gain = 0.000 ; free physical = 1498 ; free virtual = 146935
Phase 4.3 Placer Reporting | Checksum: 1d082eb8e

Time (s): cpu = 00:00:48 ; elapsed = 00:00:47 . Memory (MB): peak = 2609.551 ; gain = 0.000 ; free physical = 1498 ; free virtual = 146935

Phase 4.4 Final Placement Cleanup
Netlist sorting complete. Time (s): cpu = 00:00:00 ; elapsed = 00:00:00 . Memory (MB): peak = 2609.551 ; gain = 0.000 ; free physical = 1498 ; free virtual = 146935

Time (s): cpu = 00:00:48 ; elapsed = 00:00:47 . Memory (MB): peak = 2609.551 ; gain = 0.000 ; free physical = 1498 ; free virtual = 146935
Phase 4 Post Placement Optimization and Clean-Up | Checksum: 23ef968b4

Time (s): cpu = 00:00:48 ; elapsed = 00:00:47 . Memory (MB): peak = 2609.551 ; gain = 0.000 ; free physical = 1498 ; free virtual = 146935
Ending Placer Task | Checksum: 1a7513038

Time (s): cpu = 00:00:48 ; elapsed = 00:00:47 . Memory (MB): peak = 2609.551 ; gain = 0.000 ; free physical = 1490 ; free virtual = 146928
INFO: [Common 17-83] Releasing license: Implementation
36 Infos, 0 Warnings, 0 Critical Warnings and 0 Errors encountered.
place_design completed successfully
place_design: Time (s): cpu = 00:00:49 ; elapsed = 00:00:48 . Memory (MB): peak = 2609.551 ; gain = 0.000 ; free physical = 1490 ; free virtual = 146928
INFO: [Common 17-600] The following parameters have non-default value.
general.maxThreads
# phys_opt_design
Command: phys_opt_design
Attempting to get a license for feature 'Implementation' and/or device 'xc7z010'
INFO: [Common 17-349] Got license for feature 'Implementation' and/or device 'xc7z010'

Starting Initial Update Timing Task
WARNING: [Timing 38-242] The property HD.CLK_SRC of clock port "clk" is not set. In out-of-context mode, this prevents timing estimation for clock delay/skew
Resolution: Set the HD.CLK_SRC property of the out-of-context port to the location of the clock buffer instance in the top-level design
WARNING: [Timing 38-242] The property HD.CLK_SRC of clock port "fft_clk" is not set. In out-of-context mode, this prevents timing estimation for clock delay/skew
Resolution: Set the HD.CLK_SRC property of the out-of-context port to the location of the clock buffer instance in the top-level design

Time (s): cpu = 00:00:00.61 ; elapsed = 00:00:00.41 . Memory (MB): peak = 2609.551 ; gain = 0.000 ; free physical = 1464 ; free virtual = 146904
INFO: [Vivado_Tcl 4-1435] PhysOpt_Tcl_Interface Runtime Before Starting Physical Synthesis Task | CPU: 0.63s |  WALL: 0.42s
Netlist sorting complete. Time (s): cpu = 00:00:00 ; elapsed = 00:00:00 . Memory (MB): peak = 2609.551 ; gain = 0.000 ; free physical = 1464 ; free virtual = 146904

Starting Physical Synthesis Task

Phase 1 Physical Synthesis Initialization
INFO: [Physopt 32-721] Multithreading enabled for phys_opt_design using a maximum of 2 CPUs
INFO: [Physopt 32-619] Estimated Timing Summary | WNS=-2.880 | TNS=-1118.755 |
Phase 1 Physical Synthesis Initialization | Checksum: b7c07e4b

Time (s): cpu = 00:00:00.43 ; elapsed = 00:00:00.24 . Memory (MB): peak = 2609.551 ; gain = 0.000 ; free physical = 1468 ; free virtual = 146911
INFO: [Physopt 32-619] Estimated Timing Summary | WNS=-2.880 | TNS=-1118.755 |

Phase 2 DSP Register Optimization
INFO: [Physopt 32-456] No candidate cells for DSP register optimization found in the design.
INFO: [Physopt 32-775] End 2 Pass. Optimized 0 net or cell. Created 0 new cell, deleted 0 existing cell and moved 0 existing cell
Phase 2 DSP Register Optimization | Checksum: b7c07e4b

Time (s): cpu = 00:00:00.49 ; elapsed = 00:00:00.28 . Memory (MB): peak = 2609.551 ; gain = 0.000 ; free physical = 1468 ; free virtual = 146910

Phase 3 Critical Path Optimization
INFO: [Physopt 32-619] Estimated Timing Summary | WNS=-2.880 | TNS=-1118.755 |
INFO: [Physopt 32-702] Processed net joiner/kernel_rom/block_start_index[2]. Optimizations did not improve timing on the net.
INFO: [Physopt 32-81] Processed net output_bank/metadata_in_hold_reg[74]_0[32]. Replicated 1 times.
INFO: [Physopt 32-735] Processed net output_bank/metadata_in_hold_reg[74]_0[32]. Optimization improves timing on the net.
INFO: [Physopt 32-619] Estimated Timing Summary | WNS=-2.869 | TNS=-1116.269 |
INFO: [Physopt 32-702] Processed net output_bank/metadata_in_hold_reg[74]_0[32]. Optimizations did not improve timing on the net.
INFO: [Physopt 32-710] Processed net result_guard/E[0]. Critical path length was reduced through logic transformation on cell result_guard/block_start_index[63]_i_1_comp.
INFO: [Physopt 32-735] Processed net result_guard/have_previous_block_reg. Optimization improves timing on the net.
INFO: [Physopt 32-619] Estimated Timing Summary | WNS=-2.854 | TNS=-1075.835 |
INFO: [Physopt 32-663] Processed net joiner/kernel_rom/expected_next_block_start[61].  Re-placed instance joiner/kernel_rom/expected_next_block_start_reg[61]
INFO: [Physopt 32-735] Processed net joiner/kernel_rom/expected_next_block_start[61]. Optimization improves timing on the net.
INFO: [Physopt 32-619] Estimated Timing Summary | WNS=-2.854 | TNS=-1075.436 |
INFO: [Physopt 32-663] Processed net joiner/kernel_rom/expected_next_block_start[62].  Re-placed instance joiner/kernel_rom/expected_next_block_start_reg[62]
INFO: [Physopt 32-735] Processed net joiner/kernel_rom/expected_next_block_start[62]. Optimization improves timing on the net.
INFO: [Physopt 32-619] Estimated Timing Summary | WNS=-2.854 | TNS=-1075.037 |
INFO: [Physopt 32-663] Processed net joiner/kernel_rom/expected_next_block_start[63].  Re-placed instance joiner/kernel_rom/expected_next_block_start_reg[63]
INFO: [Physopt 32-735] Processed net joiner/kernel_rom/expected_next_block_start[63]. Optimization improves timing on the net.
INFO: [Physopt 32-619] Estimated Timing Summary | WNS=-2.853 | TNS=-1074.638 |
INFO: [Physopt 32-663] Processed net joiner/kernel_rom/expected_next_block_start_reg[59]_0[9].  Re-placed instance joiner/kernel_rom/expected_next_block_start_reg[57]
INFO: [Physopt 32-735] Processed net joiner/kernel_rom/expected_next_block_start_reg[59]_0[9]. Optimization improves timing on the net.
INFO: [Physopt 32-619] Estimated Timing Summary | WNS=-2.853 | TNS=-1082.520 |
INFO: [Physopt 32-663] Processed net joiner/kernel_rom/expected_next_block_start_reg[59]_0[10].  Re-placed instance joiner/kernel_rom/expected_next_block_start_reg[58]
INFO: [Physopt 32-735] Processed net joiner/kernel_rom/expected_next_block_start_reg[59]_0[10]. Optimization improves timing on the net.
INFO: [Physopt 32-619] Estimated Timing Summary | WNS=-2.853 | TNS=-1082.122 |
INFO: [Physopt 32-663] Processed net joiner/kernel_rom/expected_next_block_start_reg[59]_0[11].  Re-placed instance joiner/kernel_rom/expected_next_block_start_reg[59]
INFO: [Physopt 32-735] Processed net joiner/kernel_rom/expected_next_block_start_reg[59]_0[11]. Optimization improves timing on the net.
INFO: [Physopt 32-619] Estimated Timing Summary | WNS=-2.853 | TNS=-1081.724 |
INFO: [Physopt 32-702] Processed net joiner/kernel_rom/expected_next_block_start[60]. Optimizations did not improve timing on the net.
INFO: [Physopt 32-710] Processed net joiner/kernel_rom/have_previous_block. Critical path length was reduced through logic transformation on cell joiner/kernel_rom/expected_next_block_start[63]_i_1_comp.
INFO: [Physopt 32-735] Processed net result_guard/have_previous_block_reg. Optimization improves timing on the net.
INFO: [Physopt 32-619] Estimated Timing Summary | WNS=-2.640 | TNS=-1059.924 |
INFO: [Physopt 32-702] Processed net result_guard/active_private_reg_n_0. Optimizations did not improve timing on the net.
INFO: [Physopt 32-663] Processed net registered_scheduling.state_reg_n_0_[3].  Re-placed instance registered_scheduling.state_reg[3]
INFO: [Physopt 32-735] Processed net registered_scheduling.state_reg_n_0_[3]. Optimization improves timing on the net.
INFO: [Physopt 32-619] Estimated Timing Summary | WNS=-2.638 | TNS=-1060.091 |
INFO: [Physopt 32-81] Processed net registered_scheduling.state_reg_n_0_[3]. Replicated 1 times.
INFO: [Physopt 32-735] Processed net registered_scheduling.state_reg_n_0_[3]. Optimization improves timing on the net.
INFO: [Physopt 32-619] Estimated Timing Summary | WNS=-2.614 | TNS=-1054.993 |
INFO: [Physopt 32-702] Processed net joiner/kernel_rom/output_kernel_word_reg_0[16]. Optimizations did not improve timing on the net.
INFO: [Physopt 32-710] Processed net result_guard/fast_reset_fast_reg[1]_0. Critical path length was reduced through logic transformation on cell result_guard/output_kernel_word_reg_i_1_comp.
INFO: [Physopt 32-735] Processed net result_guard/have_previous_block_reg. Optimization improves timing on the net.
INFO: [Physopt 32-619] Estimated Timing Summary | WNS=-2.611 | TNS=-1055.051 |
INFO: [Physopt 32-81] Processed net held_phase. Replicated 1 times.
INFO: [Physopt 32-735] Processed net held_phase. Optimization improves timing on the net.
INFO: [Physopt 32-619] Estimated Timing Summary | WNS=-2.593 | TNS=-1064.974 |
INFO: [Physopt 32-702] Processed net held_phase. Optimizations did not improve timing on the net.
INFO: [Physopt 32-710] Processed net result_guard/active_private_i_1_n_0. Critical path length was reduced through logic transformation on cell result_guard/active_private_i_1_comp.
INFO: [Physopt 32-735] Processed net output_bank/job_accept. Optimization improves timing on the net.
INFO: [Physopt 32-619] Estimated Timing Summary | WNS=-2.518 | TNS=-1064.718 |
INFO: [Physopt 32-702] Processed net result_guard/fault_reasons_reg_n_0_[5]. Optimizations did not improve timing on the net.
INFO: [Physopt 32-663] Processed net result_guard/fault_reasons[5]_i_4_n_0.  Re-placed instance result_guard/fault_reasons[5]_i_4
INFO: [Physopt 32-735] Processed net result_guard/fault_reasons[5]_i_4_n_0. Optimization improves timing on the net.
INFO: [Physopt 32-619] Estimated Timing Summary | WNS=-2.512 | TNS=-1064.700 |
INFO: [Physopt 32-710] Processed net joiner/kernel_rom/have_previous_block. Critical path length was reduced through logic transformation on cell joiner/kernel_rom/expected_next_block_start[63]_i_1_comp_1.
INFO: [Physopt 32-735] Processed net result_guard/input_accept. Optimization improves timing on the net.
INFO: [Physopt 32-619] Estimated Timing Summary | WNS=-2.510 | TNS=-1053.463 |
INFO: [Physopt 32-710] Processed net result_guard/fault_reasons[5]_i_1_n_0. Critical path length was reduced through logic transformation on cell result_guard/fault_reasons[5]_i_1_comp.
INFO: [Physopt 32-735] Processed net result_guard/fault_reasons[5]_i_4_n_0. Optimization improves timing on the net.
INFO: [Physopt 32-619] Estimated Timing Summary | WNS=-2.490 | TNS=-1053.275 |
INFO: [Physopt 32-663] Processed net result_guard/fault_reasons_reg_n_0_[0].  Re-placed instance result_guard/fault_reasons_reg[0]
INFO: [Physopt 32-735] Processed net result_guard/fault_reasons_reg_n_0_[0]. Optimization improves timing on the net.
INFO: [Physopt 32-619] Estimated Timing Summary | WNS=-2.464 | TNS=-1052.847 |
INFO: [Physopt 32-710] Processed net result_guard/fast_reset_fast_reg[1]_0. Critical path length was reduced through logic transformation on cell result_guard/output_kernel_word_reg_i_1_comp_1.
INFO: [Physopt 32-735] Processed net result_guard/input_accept. Optimization improves timing on the net.
INFO: [Physopt 32-619] Estimated Timing Summary | WNS=-2.452 | TNS=-1053.070 |
INFO: [Physopt 32-663] Processed net result_guard/input_count[9].  Re-placed instance result_guard/input_count_reg[9]
INFO: [Physopt 32-735] Processed net result_guard/input_count[9]. Optimization improves timing on the net.
INFO: [Physopt 32-619] Estimated Timing Summary | WNS=-2.409 | TNS=-1052.799 |
INFO: [Physopt 32-710] Processed net result_guard/E[0]. Critical path length was reduced through logic transformation on cell result_guard/block_start_index[63]_i_1_comp_1.
INFO: [Physopt 32-735] Processed net result_guard/input_accept. Optimization improves timing on the net.
INFO: [Physopt 32-619] Estimated Timing Summary | WNS=-2.402 | TNS=-1030.411 |
INFO: [Physopt 32-702] Processed net product/product_overflow. Optimizations did not improve timing on the net.
INFO: [Physopt 32-663] Processed net product/sum_real_reg__0[16].  Re-placed instance product/round_and_saturate2_carry_i_2_psdsp
INFO: [Physopt 32-735] Processed net product/sum_real_reg__0[16]. Optimization improves timing on the net.
INFO: [Physopt 32-619] Estimated Timing Summary | WNS=-2.376 | TNS=-1028.967 |
INFO: [Physopt 32-702] Processed net result_guard/input_count[9]. Optimizations did not improve timing on the net.
INFO: [Physopt 32-710] Processed net result_guard/p_1_in[9]. Critical path length was reduced through logic transformation on cell result_guard/input_count[9]_i_2_comp.
INFO: [Physopt 32-735] Processed net input_guard/registered_scheduling.core_release_reg_0. Optimization improves timing on the net.
INFO: [Physopt 32-619] Estimated Timing Summary | WNS=-2.369 | TNS=-1029.685 |
INFO: [Physopt 32-663] Processed net input_guard/descriptor_reg[68]_0[38].  Re-placed instance input_guard/descriptor_reg[62]
INFO: [Physopt 32-735] Processed net input_guard/descriptor_reg[68]_0[38]. Optimization improves timing on the net.
INFO: [Physopt 32-619] Estimated Timing Summary | WNS=-2.339 | TNS=-1029.098 |
INFO: [Physopt 32-710] Processed net joiner/kernel_rom/have_previous_block. Critical path length was reduced through logic transformation on cell joiner/kernel_rom/expected_next_block_start[63]_i_1_comp.
INFO: [Physopt 32-735] Processed net result_guard/product_ii_reg_i_4_n_0. Optimization improves timing on the net.
INFO: [Physopt 32-619] Estimated Timing Summary | WNS=-2.339 | TNS=-1003.068 |
INFO: [Physopt 32-702] Processed net fast_fault. Optimizations did not improve timing on the net.
INFO: [Physopt 32-663] Processed net result_guard/any_fast_fault.  Re-placed instance result_guard/fast_fault_i_2
INFO: [Physopt 32-735] Processed net result_guard/any_fast_fault. Optimization improves timing on the net.
INFO: [Physopt 32-619] Estimated Timing Summary | WNS=-2.332 | TNS=-1002.624 |
INFO: [Physopt 32-702] Processed net output_bank/input_fault_reg_0. Optimizations did not improve timing on the net.
INFO: [Physopt 32-710] Processed net output_bank/input_fault_reg_0. Critical path length was reduced through logic transformation on cell output_bank/registered_scheduling.admission_receipt_i_2_comp.
INFO: [Physopt 32-735] Processed net input_guard/registered_scheduling.core_release_reg_0. Optimization improves timing on the net.
INFO: [Physopt 32-619] Estimated Timing Summary | WNS=-2.326 | TNS=-1003.334 |
INFO: [Physopt 32-702] Processed net product/sum_real_reg__0[1]. Optimizations did not improve timing on the net.
INFO: [Physopt 32-710] Processed net product/output_overflow_i_1_n_0. Critical path length was reduced through logic transformation on cell product/output_overflow_i_1_comp.
INFO: [Physopt 32-735] Processed net product/output_overflow_i_2_n_0. Optimization improves timing on the net.
INFO: [Physopt 32-619] Estimated Timing Summary | WNS=-2.318 | TNS=-1002.701 |
INFO: [Physopt 32-710] Processed net result_guard/fault_reasons[5]_i_1_n_0. Critical path length was reduced through logic transformation on cell result_guard/fault_reasons[5]_i_1_comp_1.
INFO: [Physopt 32-735] Processed net input_guard/certified_input_complete. Optimization improves timing on the net.
INFO: [Physopt 32-619] Estimated Timing Summary | WNS=-2.280 | TNS=-1002.145 |
INFO: [Physopt 32-663] Processed net input_guard/descriptor_reg[68]_0[10].  Re-placed instance input_guard/descriptor_reg[25]
INFO: [Physopt 32-735] Processed net input_guard/descriptor_reg[68]_0[10]. Optimization improves timing on the net.
INFO: [Physopt 32-619] Estimated Timing Summary | WNS=-2.280 | TNS=-1001.654 |
INFO: [Physopt 32-663] Processed net input_guard/descriptor_reg[68]_0[11].  Re-placed instance input_guard/descriptor_reg[26]
INFO: [Physopt 32-735] Processed net input_guard/descriptor_reg[68]_0[11]. Optimization improves timing on the net.
INFO: [Physopt 32-619] Estimated Timing Summary | WNS=-2.280 | TNS=-1001.163 |
INFO: [Physopt 32-663] Processed net input_guard/descriptor_reg[68]_0[12].  Re-placed instance input_guard/descriptor_reg[27]
INFO: [Physopt 32-735] Processed net input_guard/descriptor_reg[68]_0[12]. Optimization improves timing on the net.
INFO: [Physopt 32-619] Estimated Timing Summary | WNS=-2.280 | TNS=-1000.823 |
INFO: [Physopt 32-663] Processed net input_guard/descriptor_reg[68]_0[14].  Re-placed instance input_guard/descriptor_reg[29]
INFO: [Physopt 32-735] Processed net input_guard/descriptor_reg[68]_0[14]. Optimization improves timing on the net.
INFO: [Physopt 32-619] Estimated Timing Summary | WNS=-2.280 | TNS=-1000.483 |
INFO: [Physopt 32-663] Processed net input_guard/descriptor_reg[68]_0[15].  Re-placed instance input_guard/descriptor_reg[30]
INFO: [Physopt 32-735] Processed net input_guard/descriptor_reg[68]_0[15]. Optimization improves timing on the net.
INFO: [Physopt 32-619] Estimated Timing Summary | WNS=-2.280 | TNS=-1000.143 |
INFO: [Physopt 32-663] Processed net input_guard/descriptor_reg[68]_0[16].  Re-placed instance input_guard/descriptor_reg[31]
INFO: [Physopt 32-735] Processed net input_guard/descriptor_reg[68]_0[16]. Optimization improves timing on the net.
INFO: [Physopt 32-619] Estimated Timing Summary | WNS=-2.280 | TNS=-999.803 |
INFO: [Physopt 32-663] Processed net input_guard/descriptor_reg[68]_0[17].  Re-placed instance input_guard/descriptor_reg[32]
INFO: [Physopt 32-735] Processed net input_guard/descriptor_reg[68]_0[17]. Optimization improves timing on the net.
INFO: [Physopt 32-619] Estimated Timing Summary | WNS=-2.280 | TNS=-999.764 |
INFO: [Physopt 32-663] Processed net input_guard/descriptor_reg[68]_0[18].  Re-placed instance input_guard/descriptor_reg[33]
INFO: [Physopt 32-735] Processed net input_guard/descriptor_reg[68]_0[18]. Optimization improves timing on the net.
INFO: [Physopt 32-619] Estimated Timing Summary | WNS=-2.272 | TNS=-999.725 |
INFO: [Physopt 32-702] Processed net completion_receipt. Optimizations did not improve timing on the net.
INFO: [Physopt 32-710] Processed net result_guard/completion_accept. Critical path length was reduced through logic transformation on cell result_guard/registered_scheduling.completion_receipt_i_1_comp.
INFO: [Physopt 32-735] Processed net result_guard/registered_scheduling.completion_receipt_i_5_n_0. Optimization improves timing on the net.
INFO: [Physopt 32-619] Estimated Timing Summary | WNS=-2.263 | TNS=-999.297 |
INFO: [Physopt 32-702] Processed net product/round_and_saturate2_carry_i_5_psdsp_n_3. Optimizations did not improve timing on the net.
INFO: [Physopt 32-710] Processed net result_guard/input_accept. Critical path length was reduced through logic transformation on cell result_guard/product_ii_reg_i_1_comp_3.
INFO: [Physopt 32-735] Processed net result_guard/product_ii_reg_i_3_n_0. Optimization improves timing on the net.
INFO: [Physopt 32-619] Estimated Timing Summary | WNS=-2.242 | TNS=-996.005 |
INFO: [Physopt 32-702] Processed net input_guard/descriptor_reg[68]_0[34]. Optimizations did not improve timing on the net.
INFO: [Physopt 32-134] Processed net input_guard/read_valid_reg. Rewiring did not optimize the net.
INFO: [Physopt 32-702] Processed net input_guard/read_valid_reg. Optimizations did not improve timing on the net.
INFO: [Physopt 32-710] Processed net input_guard/read_valid_reg. Critical path length was reduced through logic transformation on cell input_guard/descriptor[69]_i_3__0_comp.
INFO: [Physopt 32-735] Processed net input_guard/fault_reasons[0]_i_2__0_n_0. Optimization improves timing on the net.
INFO: [Physopt 32-619] Estimated Timing Summary | WNS=-2.241 | TNS=-978.664 |
INFO: [Physopt 32-663] Processed net shared_xfft/U0/i_synth/axi_wrapper/data_in_channel_fifo/new_data.  Re-placed instance shared_xfft/U0/i_synth/axi_wrapper/data_in_channel_fifo/gen_real_time.full_reg
INFO: [Physopt 32-735] Processed net shared_xfft/U0/i_synth/axi_wrapper/data_in_channel_fifo/new_data. Optimization improves timing on the net.
INFO: [Physopt 32-619] Estimated Timing Summary | WNS=-2.224 | TNS=-978.185 |
INFO: [Physopt 32-663] Processed net shared_xfft/U0/i_synth/axi_wrapper/data_in_channel_fifo/gen_real_time.data_out_reg[36]_0[5].  Re-placed instance shared_xfft/U0/i_synth/axi_wrapper/data_in_channel_fifo/gen_real_time.data_out_reg[5]
INFO: [Physopt 32-735] Processed net shared_xfft/U0/i_synth/axi_wrapper/data_in_channel_fifo/gen_real_time.data_out_reg[36]_0[5]. Optimization improves timing on the net.
INFO: [Physopt 32-619] Estimated Timing Summary | WNS=-2.224 | TNS=-978.029 |
INFO: [Physopt 32-663] Processed net shared_xfft/U0/i_synth/axi_wrapper/data_in_channel_fifo/gen_real_time.data_out_reg[36]_0[6].  Re-placed instance shared_xfft/U0/i_synth/axi_wrapper/data_in_channel_fifo/gen_real_time.data_out_reg[6]
INFO: [Physopt 32-735] Processed net shared_xfft/U0/i_synth/axi_wrapper/data_in_channel_fifo/gen_real_time.data_out_reg[36]_0[6]. Optimization improves timing on the net.
INFO: [Physopt 32-619] Estimated Timing Summary | WNS=-2.222 | TNS=-977.873 |
INFO: [Physopt 32-710] Processed net result_guard/input_accept. Critical path length was reduced through logic transformation on cell result_guard/product_ii_reg_i_1_comp_4.
INFO: [Physopt 32-735] Processed net result_guard/product_ii_reg_i_4_n_0. Optimization improves timing on the net.
INFO: [Physopt 32-619] Estimated Timing Summary | WNS=-2.222 | TNS=-950.116 |
INFO: [Physopt 32-663] Processed net shared_xfft/U0/i_synth/axi_wrapper/data_in_channel_fifo/gen_real_time.data_out_reg[36]_0[13].  Re-placed instance shared_xfft/U0/i_synth/axi_wrapper/data_in_channel_fifo/gen_real_time.data_out_reg[13]
INFO: [Physopt 32-735] Processed net shared_xfft/U0/i_synth/axi_wrapper/data_in_channel_fifo/gen_real_time.data_out_reg[36]_0[13]. Optimization improves timing on the net.
INFO: [Physopt 32-619] Estimated Timing Summary | WNS=-2.222 | TNS=-949.962 |
INFO: [Physopt 32-663] Processed net shared_xfft/U0/i_synth/axi_wrapper/data_in_channel_fifo/gen_real_time.data_out_reg[36]_0[14].  Re-placed instance shared_xfft/U0/i_synth/axi_wrapper/data_in_channel_fifo/gen_real_time.data_out_reg[14]
INFO: [Physopt 32-735] Processed net shared_xfft/U0/i_synth/axi_wrapper/data_in_channel_fifo/gen_real_time.data_out_reg[36]_0[14]. Optimization improves timing on the net.
INFO: [Physopt 32-619] Estimated Timing Summary | WNS=-2.222 | TNS=-949.809 |
INFO: [Physopt 32-663] Processed net shared_xfft/U0/i_synth/axi_wrapper/data_in_channel_fifo/gen_real_time.data_out_reg[36]_0[31].  Re-placed instance shared_xfft/U0/i_synth/axi_wrapper/data_in_channel_fifo/gen_real_time.data_out_reg[31]
INFO: [Physopt 32-735] Processed net shared_xfft/U0/i_synth/axi_wrapper/data_in_channel_fifo/gen_real_time.data_out_reg[36]_0[31]. Optimization improves timing on the net.
INFO: [Physopt 32-619] Estimated Timing Summary | WNS=-2.222 | TNS=-949.656 |
INFO: [Physopt 32-663] Processed net shared_xfft/U0/i_synth/axi_wrapper/data_in_channel_fifo/gen_real_time.data_out_reg[36]_0[32].  Re-placed instance shared_xfft/U0/i_synth/axi_wrapper/data_in_channel_fifo/gen_real_time.data_out_reg[32]
INFO: [Physopt 32-735] Processed net shared_xfft/U0/i_synth/axi_wrapper/data_in_channel_fifo/gen_real_time.data_out_reg[36]_0[32]. Optimization improves timing on the net.
INFO: [Physopt 32-619] Estimated Timing Summary | WNS=-2.222 | TNS=-949.520 |
INFO: [Physopt 32-663] Processed net shared_xfft/U0/i_synth/axi_wrapper/data_in_channel_fifo/gen_real_time.data_out_reg[36]_0[33].  Re-placed instance shared_xfft/U0/i_synth/axi_wrapper/data_in_channel_fifo/gen_real_time.data_out_reg[33]
INFO: [Physopt 32-735] Processed net shared_xfft/U0/i_synth/axi_wrapper/data_in_channel_fifo/gen_real_time.data_out_reg[36]_0[33]. Optimization improves timing on the net.
INFO: [Physopt 32-619] Estimated Timing Summary | WNS=-2.222 | TNS=-949.384 |
INFO: [Physopt 32-663] Processed net output_bank/output_metadata[50].  Re-placed instance output_bank/metadata_out_hold_reg[50]
INFO: [Physopt 32-735] Processed net output_bank/output_metadata[50]. Optimization improves timing on the net.
INFO: [Physopt 32-619] Estimated Timing Summary | WNS=-2.222 | TNS=-949.437 |
INFO: [Physopt 32-663] Processed net output_bank/output_metadata[19].  Re-placed instance output_bank/metadata_out_hold_reg[19]
INFO: [Physopt 32-735] Processed net output_bank/output_metadata[19]. Optimization improves timing on the net.
INFO: [Physopt 32-619] Estimated Timing Summary | WNS=-2.222 | TNS=-949.336 |
INFO: [Physopt 32-663] Processed net output_bank/output_metadata[70].  Re-placed instance output_bank/metadata_out_hold_reg[70]
INFO: [Physopt 32-735] Processed net output_bank/output_metadata[70]. Optimization improves timing on the net.
INFO: [Physopt 32-619] Estimated Timing Summary | WNS=-2.222 | TNS=-949.195 |
INFO: [Physopt 32-663] Processed net output_bank/output_metadata[52].  Re-placed instance output_bank/metadata_out_hold_reg[52]
INFO: [Physopt 32-735] Processed net output_bank/output_metadata[52]. Optimization improves timing on the net.
INFO: [Physopt 32-619] Estimated Timing Summary | WNS=-2.222 | TNS=-949.057 |
INFO: [Physopt 32-663] Processed net output_bank/output_metadata[32].  Re-placed instance output_bank/metadata_out_hold_reg[32]
INFO: [Physopt 32-735] Processed net output_bank/output_metadata[32]. Optimization improves timing on the net.
INFO: [Physopt 32-619] Estimated Timing Summary | WNS=-2.222 | TNS=-948.854 |
INFO: [Physopt 32-663] Processed net output_bank/output_metadata[51].  Re-placed instance output_bank/metadata_out_hold_reg[51]
INFO: [Physopt 32-735] Processed net output_bank/output_metadata[51]. Optimization improves timing on the net.
INFO: [Physopt 32-619] Estimated Timing Summary | WNS=-2.222 | TNS=-948.689 |
INFO: [Physopt 32-663] Processed net output_bank/output_metadata[49].  Re-placed instance output_bank/metadata_out_hold_reg[49]
INFO: [Physopt 32-735] Processed net output_bank/output_metadata[49]. Optimization improves timing on the net.
INFO: [Physopt 32-619] Estimated Timing Summary | WNS=-2.222 | TNS=-948.451 |
INFO: [Physopt 32-663] Processed net output_bank/output_metadata[9].  Re-placed instance output_bank/metadata_out_hold_reg[9]
INFO: [Physopt 32-735] Processed net output_bank/output_metadata[9]. Optimization improves timing on the net.
INFO: [Physopt 32-619] Estimated Timing Summary | WNS=-2.222 | TNS=-947.962 |
INFO: [Physopt 32-663] Processed net output_bank/output_metadata[8].  Re-placed instance output_bank/metadata_out_hold_reg[8]
INFO: [Physopt 32-735] Processed net output_bank/output_metadata[8]. Optimization improves timing on the net.
INFO: [Physopt 32-619] Estimated Timing Summary | WNS=-2.222 | TNS=-947.766 |
INFO: [Physopt 32-663] Processed net output_bank/output_metadata[74].  Re-placed instance output_bank/metadata_out_hold_reg[74]
INFO: [Physopt 32-735] Processed net output_bank/output_metadata[74]. Optimization improves timing on the net.
INFO: [Physopt 32-619] Estimated Timing Summary | WNS=-2.222 | TNS=-947.570 |
INFO: [Physopt 32-663] Processed net output_bank/output_metadata[31].  Re-placed instance output_bank/metadata_out_hold_reg[31]
INFO: [Physopt 32-735] Processed net output_bank/output_metadata[31]. Optimization improves timing on the net.
INFO: [Physopt 32-619] Estimated Timing Summary | WNS=-2.222 | TNS=-947.630 |
INFO: [Physopt 32-663] Processed net output_bank/output_metadata[46].  Re-placed instance output_bank/metadata_out_hold_reg[46]
INFO: [Physopt 32-735] Processed net output_bank/output_metadata[46]. Optimization improves timing on the net.
INFO: [Physopt 32-619] Estimated Timing Summary | WNS=-2.222 | TNS=-947.289 |
INFO: [Physopt 32-663] Processed net output_bank/output_metadata[34].  Re-placed instance output_bank/metadata_out_hold_reg[34]
INFO: [Physopt 32-735] Processed net output_bank/output_metadata[34]. Optimization improves timing on the net.
INFO: [Physopt 32-619] Estimated Timing Summary | WNS=-2.222 | TNS=-946.993 |
INFO: [Physopt 32-663] Processed net output_bank/output_metadata[71].  Re-placed instance output_bank/metadata_out_hold_reg[71]
INFO: [Physopt 32-735] Processed net output_bank/output_metadata[71]. Optimization improves timing on the net.
INFO: [Physopt 32-619] Estimated Timing Summary | WNS=-2.222 | TNS=-946.674 |
INFO: [Physopt 32-663] Processed net output_bank/output_metadata[69].  Re-placed instance output_bank/metadata_out_hold_reg[69]
INFO: [Physopt 32-735] Processed net output_bank/output_metadata[69]. Optimization improves timing on the net.
INFO: [Physopt 32-619] Estimated Timing Summary | WNS=-2.222 | TNS=-947.191 |
INFO: [Physopt 32-663] Processed net shared_xfft/U0/i_synth/axi_wrapper/data_in_channel_fifo/gen_real_time.data_out_reg[36]_0[34].  Re-placed instance shared_xfft/U0/i_synth/axi_wrapper/data_in_channel_fifo/gen_real_time.data_out_reg[34]
INFO: [Physopt 32-735] Processed net shared_xfft/U0/i_synth/axi_wrapper/data_in_channel_fifo/gen_real_time.data_out_reg[36]_0[34]. Optimization improves timing on the net.
INFO: [Physopt 32-619] Estimated Timing Summary | WNS=-2.222 | TNS=-947.055 |
INFO: [Physopt 32-663] Processed net shared_xfft/U0/i_synth/axi_wrapper/data_in_channel_fifo/gen_real_time.data_out_reg[36]_0[35].  Re-placed instance shared_xfft/U0/i_synth/axi_wrapper/data_in_channel_fifo/gen_real_time.data_out_reg[35]
INFO: [Physopt 32-735] Processed net shared_xfft/U0/i_synth/axi_wrapper/data_in_channel_fifo/gen_real_time.data_out_reg[36]_0[35]. Optimization improves timing on the net.
INFO: [Physopt 32-619] Estimated Timing Summary | WNS=-2.222 | TNS=-946.919 |
INFO: [Physopt 32-702] Processed net shared_xfft/U0/i_synth/axi_wrapper/data_in_channel_fifo/gen_real_time.data_out_reg[36]_0[36]. Optimizations did not improve timing on the net.
INFO: [Physopt 32-702] Processed net held_phase. Optimizations did not improve timing on the net.
INFO: [Physopt 32-663] Processed net input_guard/s_axis_data_tvalid.  Re-placed instance input_guard/shared_xfft_i_40
INFO: [Physopt 32-735] Processed net input_guard/s_axis_data_tvalid. Optimization improves timing on the net.
INFO: [Physopt 32-619] Estimated Timing Summary | WNS=-2.214 | TNS=-944.609 |
INFO: [Physopt 32-702] Processed net result_guard/active_private_reg_n_0. Optimizations did not improve timing on the net.
INFO: [Physopt 32-663] Processed net result_guard/D[3].  Re-placed instance result_guard/return_exponent_reg[3]
INFO: [Physopt 32-735] Processed net result_guard/D[3]. Optimization improves timing on the net.
INFO: [Physopt 32-619] Estimated Timing Summary | WNS=-2.189 | TNS=-944.434 |
INFO: [Physopt 32-663] Processed net product_bank/metadata_out_hold_reg[68]_0[6].  Re-placed instance product_bank/metadata_out_hold_reg[11]
INFO: [Physopt 32-735] Processed net product_bank/metadata_out_hold_reg[68]_0[6]. Optimization improves timing on the net.
INFO: [Physopt 32-619] Estimated Timing Summary | WNS=-2.185 | TNS=-944.406 |
INFO: [Physopt 32-702] Processed net output_bank/input_fault_reg_0. Optimizations did not improve timing on the net.
INFO: [Physopt 32-702] Processed net output_bank/input_fault_reg_1. Optimizations did not improve timing on the net.
INFO: [Physopt 32-702] Processed net source_bank/registered_scheduling.preparation_age_reg[5]. Optimizations did not improve timing on the net.
INFO: [Physopt 32-702] Processed net source_bank/registered_scheduling.held_lease_reg. Optimizations did not improve timing on the net.
INFO: [Physopt 32-702] Processed net source_bank/registered_scheduling.descriptor_certified_i_6_n_0. Optimizations did not improve timing on the net.
INFO: [Physopt 32-702] Processed net source_bank/preparation_valid2. Optimizations did not improve timing on the net.
INFO: [Physopt 32-608] Optimized 1 net.  Swapped 26 pins.
INFO: [Physopt 32-735] Processed net product_bank/registered_scheduling.engine_metadata_reg[4][0]. Optimization improves timing on the net.
INFO: [Physopt 32-619] Estimated Timing Summary | WNS=-2.174 | TNS=-944.329 |
INFO: [Physopt 32-608] Optimized 1 net.  Swapped 26 pins.
INFO: [Physopt 32-735] Processed net product_bank/registered_scheduling.engine_metadata_reg[4][0]. Optimization improves timing on the net.
INFO: [Physopt 32-619] Estimated Timing Summary | WNS=-2.171 | TNS=-944.308 |
INFO: [Physopt 32-702] Processed net product_bank/registered_scheduling.engine_metadata_reg[4][0]. Optimizations did not improve timing on the net.
INFO: [Physopt 32-663] Processed net product_bank/metadata_out_hold_reg[4]_0[2].  Re-placed instance product_bank/registered_scheduling.engine_metadata[2]_i_1
INFO: [Physopt 32-735] Processed net product_bank/metadata_out_hold_reg[4]_0[2]. Optimization improves timing on the net.
INFO: [Physopt 32-619] Estimated Timing Summary | WNS=-2.152 | TNS=-944.133 |
INFO: [Physopt 32-608] Optimized 1 net.  Swapped 10 pins.
INFO: [Physopt 32-735] Processed net input_guard/s_axis_data_tvalid. Optimization improves timing on the net.
INFO: [Physopt 32-619] Estimated Timing Summary | WNS=-2.146 | TNS=-930.339 |
INFO: [Physopt 32-663] Processed net product_bank/metadata_out_hold_reg[68]_0[10].  Re-placed instance product_bank/metadata_out_hold_reg[15]
INFO: [Physopt 32-735] Processed net product_bank/metadata_out_hold_reg[68]_0[10]. Optimization improves timing on the net.
INFO: [Physopt 32-619] Estimated Timing Summary | WNS=-2.136 | TNS=-930.269 |
INFO: [Physopt 32-663] Processed net result_guard/D[0].  Re-placed instance result_guard/return_exponent_reg[0]
INFO: [Physopt 32-735] Processed net result_guard/D[0]. Optimization improves timing on the net.
INFO: [Physopt 32-619] Estimated Timing Summary | WNS=-2.125 | TNS=-930.192 |
INFO: [Physopt 32-608] Optimized 1 net.  Swapped 26 pins.
INFO: [Physopt 32-735] Processed net source_bank/registered_scheduling.descriptor_certified_i_50_n_0. Optimization improves timing on the net.
INFO: [Physopt 32-619] Estimated Timing Summary | WNS=-2.123 | TNS=-930.178 |
INFO: [Physopt 32-702] Processed net result_guard/D[0]. Optimizations did not improve timing on the net.
INFO: [Physopt 32-702] Processed net product_bank/read_valid_reg_0. Optimizations did not improve timing on the net.
INFO: [Physopt 32-702] Processed net product_bank/read_output_position_reg[4]_0. Optimizations did not improve timing on the net.
INFO: [Physopt 32-702] Processed net product_bank/registered_scheduling.completion_receipt_i_7_n_0. Optimizations did not improve timing on the net.
INFO: [Physopt 32-702] Processed net product_bank/forward_handoff_identity. Optimizations did not improve timing on the net.
INFO: [Physopt 32-702] Processed net product_bank/registered_scheduling.completion_receipt_i_38_n_0. Optimizations did not improve timing on the net.
INFO: [Physopt 32-702] Processed net result_guard/active_private_i_1_n_0. Optimizations did not improve timing on the net.
INFO: [Physopt 32-663] Processed net output_bank/output_metadata[57].  Re-placed instance output_bank/metadata_out_hold_reg[57]
INFO: [Physopt 32-735] Processed net output_bank/output_metadata[57]. Optimization improves timing on the net.
INFO: [Physopt 32-619] Estimated Timing Summary | WNS=-2.123 | TNS=-929.642 |
INFO: [Physopt 32-702] Processed net output_bank/output_metadata[32]. Optimizations did not improve timing on the net.
INFO: [Physopt 32-663] Processed net output_bank/metadata_in_hold_reg[74]_0[14].  Re-placed instance output_bank/metadata_in_hold_reg[32]
INFO: [Physopt 32-735] Processed net output_bank/metadata_in_hold_reg[74]_0[14]. Optimization improves timing on the net.
INFO: [Physopt 32-619] Estimated Timing Summary | WNS=-2.123 | TNS=-929.513 |
INFO: [Physopt 32-702] Processed net output_bank/output_metadata[19]. Optimizations did not improve timing on the net.
INFO: [Physopt 32-663] Processed net output_bank/p_0_in13_in[1].  Re-placed instance output_bank/metadata_in_hold_reg[19]
INFO: [Physopt 32-735] Processed net output_bank/p_0_in13_in[1]. Optimization improves timing on the net.
INFO: [Physopt 32-619] Estimated Timing Summary | WNS=-2.123 | TNS=-929.384 |
INFO: [Physopt 32-663] Processed net output_bank/output_metadata[45].  Re-placed instance output_bank/metadata_out_hold_reg[45]
INFO: [Physopt 32-735] Processed net output_bank/output_metadata[45]. Optimization improves timing on the net.
INFO: [Physopt 32-619] Estimated Timing Summary | WNS=-2.123 | TNS=-929.213 |
INFO: [Physopt 32-702] Processed net output_bank/output_metadata[56]. Optimizations did not improve timing on the net.
INFO: [Physopt 32-663] Processed net output_bank/metadata_in_hold_reg[74]_0[32]_repN.  Re-placed instance output_bank/metadata_in_hold_reg[56]_replica
INFO: [Physopt 32-735] Processed net output_bank/metadata_in_hold_reg[74]_0[32]_repN. Optimization improves timing on the net.
INFO: [Physopt 32-619] Estimated Timing Summary | WNS=-2.123 | TNS=-929.073 |
INFO: [Physopt 32-663] Processed net output_bank/output_metadata[41].  Re-placed instance output_bank/metadata_out_hold_reg[41]
INFO: [Physopt 32-735] Processed net output_bank/output_metadata[41]. Optimization improves timing on the net.
INFO: [Physopt 32-619] Estimated Timing Summary | WNS=-2.123 | TNS=-928.826 |
INFO: [Physopt 32-663] Processed net output_bank/output_metadata[72].  Re-placed instance output_bank/metadata_out_hold_reg[72]
INFO: [Physopt 32-735] Processed net output_bank/output_metadata[72]. Optimization improves timing on the net.
INFO: [Physopt 32-619] Estimated Timing Summary | WNS=-2.123 | TNS=-928.632 |
INFO: [Physopt 32-663] Processed net output_bank/output_metadata[4].  Re-placed instance output_bank/metadata_out_hold_reg[4]
INFO: [Physopt 32-735] Processed net output_bank/output_metadata[4]. Optimization improves timing on the net.
INFO: [Physopt 32-619] Estimated Timing Summary | WNS=-2.123 | TNS=-928.428 |
INFO: [Physopt 32-663] Processed net output_bank/output_metadata[5].  Re-placed instance output_bank/metadata_out_hold_reg[5]
INFO: [Physopt 32-735] Processed net output_bank/output_metadata[5]. Optimization improves timing on the net.
INFO: [Physopt 32-619] Estimated Timing Summary | WNS=-2.123 | TNS=-928.213 |
INFO: [Physopt 32-702] Processed net output_bank/request_sync[0]. Optimizations did not improve timing on the net.
INFO: [Physopt 32-702] Processed net output_bank/request_toggle_reg_n_0. Optimizations did not improve timing on the net.
INFO: [Physopt 32-619] Estimated Timing Summary | WNS=-2.123 | TNS=-928.213 |
Phase 3 Critical Path Optimization | Checksum: e7797122

Time (s): cpu = 00:00:07 ; elapsed = 00:00:06 . Memory (MB): peak = 2609.551 ; gain = 0.000 ; free physical = 1232 ; free virtual = 146709

Phase 4 Critical Path Optimization
INFO: [Physopt 32-619] Estimated Timing Summary | WNS=-2.123 | TNS=-928.213 |
INFO: [Physopt 32-702] Processed net result_guard/active_private_reg_n_0. Optimizations did not improve timing on the net.
INFO: [Physopt 32-81] Processed net result_guard/D[0]. Replicated 1 times.
INFO: [Physopt 32-735] Processed net result_guard/D[0]. Optimization improves timing on the net.
INFO: [Physopt 32-619] Estimated Timing Summary | WNS=-2.120 | TNS=-928.192 |
INFO: [Physopt 32-702] Processed net result_guard/D[0]. Optimizations did not improve timing on the net.
INFO: [Physopt 32-710] Processed net result_guard/active_private_i_1_n_0. Critical path length was reduced through logic transformation on cell result_guard/active_private_i_1_comp_1.
INFO: [Physopt 32-735] Processed net output_bank/input_fault_reg_0. Optimization improves timing on the net.
INFO: [Physopt 32-619] Estimated Timing Summary | WNS=-2.120 | TNS=-928.714 |
INFO: [Physopt 32-702] Processed net result_guard/awaiting_ack. Optimizations did not improve timing on the net.
INFO: [Physopt 32-710] Processed net result_guard/awaiting_ack_i_1_n_0. Critical path length was reduced through logic transformation on cell result_guard/awaiting_ack_i_1_comp.
INFO: [Physopt 32-735] Processed net output_bank/input_fault_reg_0. Optimization improves timing on the net.
INFO: [Physopt 32-619] Estimated Timing Summary | WNS=-2.096 | TNS=-928.946 |
INFO: [Physopt 32-702] Processed net joiner/kernel_rom/output_kernel_word_reg_0[16]. Optimizations did not improve timing on the net.
INFO: [Physopt 32-702] Processed net output_bank/metadata_in_hold_reg[74]_0[32]. Optimizations did not improve timing on the net.
INFO: [Physopt 32-710] Processed net result_guard/fast_reset_fast_reg[1]_0. Critical path length was reduced through logic transformation on cell result_guard/output_kernel_word_reg_i_1_comp.
INFO: [Physopt 32-735] Processed net result_guard/product_ii_reg_i_4_n_0. Optimization improves timing on the net.
INFO: [Physopt 32-619] Estimated Timing Summary | WNS=-2.080 | TNS=-928.381 |
INFO: [Physopt 32-702] Processed net input_guard/descriptor_reg[68]_0[34]. Optimizations did not improve timing on the net.
INFO: [Physopt 32-702] Processed net held_phase. Optimizations did not improve timing on the net.
INFO: [Physopt 32-710] Processed net input_guard/job_started. Critical path length was reduced through logic transformation on cell input_guard/descriptor[69]_i_1_comp.
INFO: [Physopt 32-735] Processed net input_guard/read_valid_reg. Optimization improves timing on the net.
INFO: [Physopt 32-619] Estimated Timing Summary | WNS=-2.070 | TNS=-873.148 |
INFO: [Physopt 32-663] Processed net joiner/kernel_rom/block_start_index[2].  Re-placed instance joiner/kernel_rom/block_start_index_reg[2]
INFO: [Physopt 32-735] Processed net joiner/kernel_rom/block_start_index[2]. Optimization improves timing on the net.
INFO: [Physopt 32-619] Estimated Timing Summary | WNS=-2.070 | TNS=-873.003 |
INFO: [Physopt 32-663] Processed net joiner/kernel_rom/block_start_index[3].  Re-placed instance joiner/kernel_rom/block_start_index_reg[3]
INFO: [Physopt 32-735] Processed net joiner/kernel_rom/block_start_index[3]. Optimization improves timing on the net.
INFO: [Physopt 32-619] Estimated Timing Summary | WNS=-2.070 | TNS=-872.858 |
INFO: [Physopt 32-663] Processed net joiner/kernel_rom/block_start_index[4].  Re-placed instance joiner/kernel_rom/block_start_index_reg[4]
INFO: [Physopt 32-735] Processed net joiner/kernel_rom/block_start_index[4]. Optimization improves timing on the net.
INFO: [Physopt 32-619] Estimated Timing Summary | WNS=-2.070 | TNS=-872.713 |
INFO: [Physopt 32-663] Processed net joiner/kernel_rom/block_start_index[5].  Re-placed instance joiner/kernel_rom/block_start_index_reg[5]
INFO: [Physopt 32-735] Processed net joiner/kernel_rom/block_start_index[5]. Optimization improves timing on the net.
INFO: [Physopt 32-619] Estimated Timing Summary | WNS=-2.070 | TNS=-872.568 |
INFO: [Physopt 32-663] Processed net joiner/kernel_rom/block_start_index[60].  Re-placed instance joiner/kernel_rom/block_start_index_reg[60]
INFO: [Physopt 32-735] Processed net joiner/kernel_rom/block_start_index[60]. Optimization improves timing on the net.
INFO: [Physopt 32-619] Estimated Timing Summary | WNS=-2.070 | TNS=-872.423 |
INFO: [Common 17-14] Message 'Physopt 32-619' appears 100 times and further instances of the messages will be disabled. Use the Tcl command set_msg_config to change the current settings.
INFO: [Physopt 32-663] Processed net joiner/kernel_rom/block_start_index[63].  Re-placed instance joiner/kernel_rom/block_start_index_reg[63]
INFO: [Physopt 32-735] Processed net joiner/kernel_rom/block_start_index[63]. Optimization improves timing on the net.
INFO: [Physopt 32-663] Processed net joiner/kernel_rom/block_start_index[6].  Re-placed instance joiner/kernel_rom/block_start_index_reg[6]
INFO: [Physopt 32-735] Processed net joiner/kernel_rom/block_start_index[6]. Optimization improves timing on the net.
INFO: [Physopt 32-663] Processed net joiner/kernel_rom/block_start_index[7].  Re-placed instance joiner/kernel_rom/block_start_index_reg[7]
INFO: [Physopt 32-735] Processed net joiner/kernel_rom/block_start_index[7]. Optimization improves timing on the net.
INFO: [Physopt 32-702] Processed net fast_fault. Optimizations did not improve timing on the net.
INFO: [Physopt 32-663] Processed net result_guard/any_fast_fault.  Re-placed instance result_guard/fast_fault_i_2
INFO: [Physopt 32-735] Processed net result_guard/any_fast_fault. Optimization improves timing on the net.
INFO: [Physopt 32-702] Processed net result_guard/fault_reasons_reg_n_0_[2]. Optimizations did not improve timing on the net.
INFO: [Physopt 32-710] Processed net result_guard/fault_reasons[2]_i_1__0_n_0. Critical path length was reduced through logic transformation on cell result_guard/fault_reasons[2]_i_1__0_comp.
INFO: [Physopt 32-735] Processed net result_guard/fault_reasons[5]_i_4_n_0. Optimization improves timing on the net.
INFO: [Common 17-14] Message 'Physopt 32-735' appears 100 times and further instances of the messages will be disabled. Use the Tcl command set_msg_config to change the current settings.
INFO: [Physopt 32-702] Processed net joiner/kernel_rom/block_start_index_reg[35]_0[1]. Optimizations did not improve timing on the net.
INFO: [Physopt 32-242] Processed net result_guard/product_ii_reg_i_4_n_0. Rewired (signal push) result_guard/product_ii_reg_1 to 1 loads. Replicated 0 times.
INFO: [Physopt 32-702] Processed net result_guard/input_count[4]. Optimizations did not improve timing on the net.
INFO: [Physopt 32-710] Processed net result_guard/p_1_in[4]. Critical path length was reduced through logic transformation on cell result_guard/input_count[4]_i_1_comp.
INFO: [Physopt 32-702] Processed net result_guard/input_count[8]. Optimizations did not improve timing on the net.
INFO: [Physopt 32-663] Processed net input_guard/active_private_reg.  Re-placed instance input_guard/input_count[8]_i_3
INFO: [Physopt 32-710] Processed net result_guard/fast_fault_reg_0. Critical path length was reduced through logic transformation on cell result_guard/fast_fault_i_1_comp.
INFO: [Physopt 32-702] Processed net joiner/kernel_rom/block_start_index[18]. Optimizations did not improve timing on the net.
INFO: [Physopt 32-710] Processed net result_guard/E[0]. Critical path length was reduced through logic transformation on cell result_guard/block_start_index[63]_i_1_comp.
INFO: [Physopt 32-702] Processed net admission_receipt. Optimizations did not improve timing on the net.
INFO: [Physopt 32-710] Processed net output_bank/job_accept. Critical path length was reduced through logic transformation on cell output_bank/registered_scheduling.admission_receipt_i_1_comp_1.
INFO: [Physopt 32-702] Processed net joiner/kernel_rom/block_start_index_reg[35]_0[3]. Optimizations did not improve timing on the net.
INFO: [Physopt 32-663] Processed net result_guard/input_accept_repN_2.  Re-placed instance result_guard/product_ii_reg_i_1_comp_2
INFO: [Physopt 32-663] Processed net output_bank/input_fault_reg_1.  Re-placed instance output_bank/fault_reasons[0]_i_2
INFO: [Physopt 32-702] Processed net product/round_and_saturate2_carry_i_5_psdsp_n_3. Optimizations did not improve timing on the net.
INFO: [Physopt 32-702] Processed net fast_reset_fast[1]. Optimizations did not improve timing on the net.
INFO: [Physopt 32-710] Processed net result_guard/input_accept. Critical path length was reduced through logic transformation on cell result_guard/product_ii_reg_i_1_comp_5.
INFO: [Physopt 32-702] Processed net result_guard/input_count[0]. Optimizations did not improve timing on the net.
INFO: [Physopt 32-710] Processed net result_guard/input_count[9]_i_1_n_0. Critical path length was reduced through logic transformation on cell result_guard/input_count[9]_i_1_comp.
INFO: [Physopt 32-702] Processed net joiner/kernel_rom/expected_next_block_start[60]. Optimizations did not improve timing on the net.
INFO: [Physopt 32-710] Processed net joiner/kernel_rom/have_previous_block. Critical path length was reduced through logic transformation on cell joiner/kernel_rom/expected_next_block_start[63]_i_1_comp_2.
INFO: [Physopt 32-663] Processed net result_guard/product_ii_reg_i_4_n_0_repN_2.  Re-placed instance result_guard/product_ii_reg_i_4_comp_2
INFO: [Physopt 32-710] Processed net result_guard/E[0]. Critical path length was reduced through logic transformation on cell result_guard/block_start_index[63]_i_1_comp_2.
INFO: [Physopt 32-702] Processed net result_guard/fault_reasons_reg_n_0_[3]. Optimizations did not improve timing on the net.
INFO: [Physopt 32-710] Processed net result_guard/fault_reasons[3]_i_1_n_0. Critical path length was reduced through logic transformation on cell result_guard/fault_reasons[3]_i_1_comp.
INFO: [Physopt 32-702] Processed net product_bank/request_toggle_reg_n_0. Optimizations did not improve timing on the net.
INFO: [Physopt 32-663] Processed net result_guard/fault_reasons_reg[6]_0.  Re-placed instance result_guard/request_toggle_i_3
INFO: [Physopt 32-702] Processed net result_guard/product_ii_reg_i_4_n_0_repN. Optimizations did not improve timing on the net.
INFO: [Physopt 32-710] Processed net result_guard/product_ii_reg_i_4_n_0_repN. Critical path length was reduced through logic transformation on cell result_guard/product_ii_reg_i_4_comp_3.
INFO: [Physopt 32-710] Processed net result_guard/p_1_in[8]. Critical path length was reduced through logic transformation on cell result_guard/input_count[8]_i_1_comp.
INFO: [Physopt 32-702] Processed net product/product_iq_reg_n_153. Optimizations did not improve timing on the net.
INFO: [Physopt 32-702] Processed net joiner/kernel_rom/output_kernel_word_reg_0[8]. Optimizations did not improve timing on the net.
INFO: [Physopt 32-702] Processed net output_bank/request_sync[0]. Optimizations did not improve timing on the net.
INFO: [Physopt 32-81] Processed net output_bank/request_toggle_reg_n_0. Replicated 1 times.
INFO: [Physopt 32-663] Processed net output_bank/output_metadata[37].  Re-placed instance output_bank/metadata_out_hold_reg[37]
INFO: [Physopt 32-663] Processed net output_bank/output_metadata[38].  Re-placed instance output_bank/metadata_out_hold_reg[38]
INFO: [Physopt 32-663] Processed net output_bank/output_metadata[68].  Re-placed instance output_bank/metadata_out_hold_reg[68]
INFO: [Physopt 32-702] Processed net output_bank/output_metadata[73]. Optimizations did not improve timing on the net.
INFO: [Physopt 32-663] Processed net output_bank/metadata_in_hold_reg[74]_0[43].  Re-placed instance output_bank/metadata_in_hold_reg[73]
INFO: [Physopt 32-663] Processed net output_bank/output_metadata[21].  Re-placed instance output_bank/metadata_out_hold_reg[21]
INFO: [Physopt 32-702] Processed net output_bank/output_metadata[70]. Optimizations did not improve timing on the net.
INFO: [Physopt 32-663] Processed net output_bank/p_0_in64_in[1].  Re-placed instance output_bank/metadata_in_hold_reg[70]
INFO: [Physopt 32-663] Processed net output_bank/p_0_in64_in[1].  Re-placed instance output_bank/metadata_in_hold_reg[70]
INFO: [Physopt 32-81] Processed net output_bank/p_0_in64_in[1]. Replicated 1 times.
INFO: [Physopt 32-702] Processed net output_bank/output_metadata[31]. Optimizations did not improve timing on the net.
INFO: [Physopt 32-663] Processed net output_bank/metadata_in_hold_reg[74]_0[13].  Re-placed instance output_bank/metadata_in_hold_reg[31]
INFO: [Physopt 32-702] Processed net joiner/kernel_rom/output_kernel_word_reg_0[8]. Optimizations did not improve timing on the net.
INFO: [Physopt 32-663] Processed net output_bank/output_metadata[31].  Re-placed instance output_bank/metadata_out_hold_reg[31]
INFO: [Physopt 32-663] Processed net output_bank/output_metadata[10].  Re-placed instance output_bank/metadata_out_hold_reg[10]
INFO: [Physopt 32-663] Processed net output_bank/output_metadata[20].  Re-placed instance output_bank/metadata_out_hold_reg[20]
INFO: [Physopt 32-663] Processed net output_bank/output_metadata[70].  Re-placed instance output_bank/metadata_out_hold_reg[70]
INFO: [Physopt 32-663] Processed net output_bank/output_metadata[71].  Re-placed instance output_bank/metadata_out_hold_reg[71]
INFO: [Physopt 32-663] Processed net output_bank/output_metadata[62].  Re-placed instance output_bank/metadata_out_hold_reg[62]
INFO: [Physopt 32-663] Processed net output_bank/output_metadata[59].  Re-placed instance output_bank/metadata_out_hold_reg[59]
INFO: [Physopt 32-663] Processed net output_bank/output_metadata[64].  Re-placed instance output_bank/metadata_out_hold_reg[64]
INFO: [Physopt 32-702] Processed net fast_fault_slow[0]. Optimizations did not improve timing on the net.
INFO: [Physopt 32-702] Processed net fast_fault. Optimizations did not improve timing on the net.
Phase 4 Critical Path Optimization | Checksum: 1594f0e8d

Time (s): cpu = 00:00:11 ; elapsed = 00:00:09 . Memory (MB): peak = 2609.551 ; gain = 0.000 ; free physical = 1050 ; free virtual = 146630
Netlist sorting complete. Time (s): cpu = 00:00:00.01 ; elapsed = 00:00:00.01 . Memory (MB): peak = 2609.551 ; gain = 0.000 ; free physical = 1050 ; free virtual = 146630
INFO: [Physopt 32-603] Post Physical Optimization Timing Summary | WNS=-1.858 | TNS=-816.017 |

Summary of Physical Synthesis Optimizations
============================================


-------------------------------------------------------------------------------------------------------------------------------------------------------------
|  Optimization   |  WNS Gain (ns)  |  TNS Gain (ns)  |  Added Cells  |  Removed Cells  |  Optimized Cells/Nets  |  Dont Touch  |  Iterations  |  Elapsed   |
-------------------------------------------------------------------------------------------------------------------------------------------------------------
|  DSP Register   |          0.000  |          0.000  |            0  |              0  |                     0  |           0  |           1  |  00:00:00  |
|  Critical Path  |          1.022  |        302.738  |            6  |              0  |                   135  |           0  |           2  |  00:00:09  |
|  Total          |          1.022  |        302.738  |            6  |              0  |                   135  |           0  |           3  |  00:00:09  |
-------------------------------------------------------------------------------------------------------------------------------------------------------------


Netlist sorting complete. Time (s): cpu = 00:00:00 ; elapsed = 00:00:00 . Memory (MB): peak = 2609.551 ; gain = 0.000 ; free physical = 1058 ; free virtual = 146639
Ending Physical Synthesis Task | Checksum: 1ada45318

Time (s): cpu = 00:00:11 ; elapsed = 00:00:09 . Memory (MB): peak = 2609.551 ; gain = 0.000 ; free physical = 1058 ; free virtual = 146639
INFO: [Common 17-83] Releasing license: Implementation
414 Infos, 2 Warnings, 0 Critical Warnings and 0 Errors encountered.
phys_opt_design completed successfully
phys_opt_design: Time (s): cpu = 00:00:11 ; elapsed = 00:00:09 . Memory (MB): peak = 2609.551 ; gain = 0.000 ; free physical = 1059 ; free virtual = 146640
INFO: [Common 17-600] The following parameters have non-default value.
general.maxThreads
# route_design
Command: route_design
Attempting to get a license for feature 'Implementation' and/or device 'xc7z010'
INFO: [Common 17-349] Got license for feature 'Implementation' and/or device 'xc7z010'
INFO: [DRC 23-27] Running DRC with 2 threads
INFO: [Vivado_Tcl 4-198] DRC finished with 0 Errors
INFO: [Vivado_Tcl 4-199] Please refer to the DRC report (report_drc) for more information.
Running DRC as a precondition to command route_design
INFO: [DRC 23-27] Running DRC with 2 threads
INFO: [Vivado_Tcl 4-198] DRC finished with 0 Errors
INFO: [Vivado_Tcl 4-199] Please refer to the DRC report (report_drc) for more information.


Starting Routing Task
INFO: [Route 35-254] Multithreading enabled for route_design using a maximum of 2 CPUs

Phase 1 Build RT Design
Checksum: PlaceDB: 176cf7b8 ConstDB: 0 ShapeSum: f1094d89 RouteDB: 0
WARNING: [Route 35-197] Clock port "fft_clk" does not have an associated HD.CLK_SRC. Without this constraint, timing analysis may not be accurate and upstream checks cannot be done to ensure correct clock placement.
WARNING: [Route 35-197] Clock port "clk" does not have an associated HD.CLK_SRC. Without this constraint, timing analysis may not be accurate and upstream checks cannot be done to ensure correct clock placement.
WARNING: [Route 35-198] Port "input_data[15]" does not have an associated HD.PARTPIN_LOCS, which will prevent the partial routing of the signal "input_data[15]". Without this partial route, timing analysis to/from this port will not be accurate, and no routing information for this port can be exported.
WARNING: [Route 35-198] Port "input_data[14]" does not have an associated HD.PARTPIN_LOCS, which will prevent the partial routing of the signal "input_data[14]". Without this partial route, timing analysis to/from this port will not be accurate, and no routing information for this port can be exported.
WARNING: [Route 35-198] Port "input_data[13]" does not have an associated HD.PARTPIN_LOCS, which will prevent the partial routing of the signal "input_data[13]". Without this partial route, timing analysis to/from this port will not be accurate, and no routing information for this port can be exported.
WARNING: [Route 35-198] Port "input_data[12]" does not have an associated HD.PARTPIN_LOCS, which will prevent the partial routing of the signal "input_data[12]". Without this partial route, timing analysis to/from this port will not be accurate, and no routing information for this port can be exported.
WARNING: [Route 35-198] Port "input_data[11]" does not have an associated HD.PARTPIN_LOCS, which will prevent the partial routing of the signal "input_data[11]". Without this partial route, timing analysis to/from this port will not be accurate, and no routing information for this port can be exported.
WARNING: [Route 35-198] Port "input_data[10]" does not have an associated HD.PARTPIN_LOCS, which will prevent the partial routing of the signal "input_data[10]". Without this partial route, timing analysis to/from this port will not be accurate, and no routing information for this port can be exported.
WARNING: [Route 35-198] Port "input_data[9]" does not have an associated HD.PARTPIN_LOCS, which will prevent the partial routing of the signal "input_data[9]". Without this partial route, timing analysis to/from this port will not be accurate, and no routing information for this port can be exported.
WARNING: [Route 35-198] Port "input_data[8]" does not have an associated HD.PARTPIN_LOCS, which will prevent the partial routing of the signal "input_data[8]". Without this partial route, timing analysis to/from this port will not be accurate, and no routing information for this port can be exported.
WARNING: [Route 35-198] Port "input_data[7]" does not have an associated HD.PARTPIN_LOCS, which will prevent the partial routing of the signal "input_data[7]". Without this partial route, timing analysis to/from this port will not be accurate, and no routing information for this port can be exported.
WARNING: [Route 35-198] Port "input_data[6]" does not have an associated HD.PARTPIN_LOCS, which will prevent the partial routing of the signal "input_data[6]". Without this partial route, timing analysis to/from this port will not be accurate, and no routing information for this port can be exported.
WARNING: [Route 35-198] Port "input_data[5]" does not have an associated HD.PARTPIN_LOCS, which will prevent the partial routing of the signal "input_data[5]". Without this partial route, timing analysis to/from this port will not be accurate, and no routing information for this port can be exported.
WARNING: [Route 35-198] Port "input_data[4]" does not have an associated HD.PARTPIN_LOCS, which will prevent the partial routing of the signal "input_data[4]". Without this partial route, timing analysis to/from this port will not be accurate, and no routing information for this port can be exported.
WARNING: [Route 35-198] Port "input_data[3]" does not have an associated HD.PARTPIN_LOCS, which will prevent the partial routing of the signal "input_data[3]". Without this partial route, timing analysis to/from this port will not be accurate, and no routing information for this port can be exported.
WARNING: [Route 35-198] Port "input_data[2]" does not have an associated HD.PARTPIN_LOCS, which will prevent the partial routing of the signal "input_data[2]". Without this partial route, timing analysis to/from this port will not be accurate, and no routing information for this port can be exported.
WARNING: [Route 35-198] Port "input_data[1]" does not have an associated HD.PARTPIN_LOCS, which will prevent the partial routing of the signal "input_data[1]". Without this partial route, timing analysis to/from this port will not be accurate, and no routing information for this port can be exported.
WARNING: [Route 35-198] Port "input_data[0]" does not have an associated HD.PARTPIN_LOCS, which will prevent the partial routing of the signal "input_data[0]". Without this partial route, timing analysis to/from this port will not be accurate, and no routing information for this port can be exported.
WARNING: [Route 35-198] Port "input_data[31]" does not have an associated HD.PARTPIN_LOCS, which will prevent the partial routing of the signal "input_data[31]". Without this partial route, timing analysis to/from this port will not be accurate, and no routing information for this port can be exported.
WARNING: [Route 35-198] Port "input_data[30]" does not have an associated HD.PARTPIN_LOCS, which will prevent the partial routing of the signal "input_data[30]". Without this partial route, timing analysis to/from this port will not be accurate, and no routing information for this port can be exported.
WARNING: [Route 35-198] Port "input_data[29]" does not have an associated HD.PARTPIN_LOCS, which will prevent the partial routing of the signal "input_data[29]". Without this partial route, timing analysis to/from this port will not be accurate, and no routing information for this port can be exported.
WARNING: [Route 35-198] Port "input_data[28]" does not have an associated HD.PARTPIN_LOCS, which will prevent the partial routing of the signal "input_data[28]". Without this partial route, timing analysis to/from this port will not be accurate, and no routing information for this port can be exported.
WARNING: [Route 35-198] Port "input_data[27]" does not have an associated HD.PARTPIN_LOCS, which will prevent the partial routing of the signal "input_data[27]". Without this partial route, timing analysis to/from this port will not be accurate, and no routing information for this port can be exported.
WARNING: [Route 35-198] Port "input_data[26]" does not have an associated HD.PARTPIN_LOCS, which will prevent the partial routing of the signal "input_data[26]". Without this partial route, timing analysis to/from this port will not be accurate, and no routing information for this port can be exported.
WARNING: [Route 35-198] Port "input_data[25]" does not have an associated HD.PARTPIN_LOCS, which will prevent the partial routing of the signal "input_data[25]". Without this partial route, timing analysis to/from this port will not be accurate, and no routing information for this port can be exported.
WARNING: [Route 35-198] Port "input_data[24]" does not have an associated HD.PARTPIN_LOCS, which will prevent the partial routing of the signal "input_data[24]". Without this partial route, timing analysis to/from this port will not be accurate, and no routing information for this port can be exported.
WARNING: [Route 35-198] Port "input_data[23]" does not have an associated HD.PARTPIN_LOCS, which will prevent the partial routing of the signal "input_data[23]". Without this partial route, timing analysis to/from this port will not be accurate, and no routing information for this port can be exported.
WARNING: [Route 35-198] Port "input_data[22]" does not have an associated HD.PARTPIN_LOCS, which will prevent the partial routing of the signal "input_data[22]". Without this partial route, timing analysis to/from this port will not be accurate, and no routing information for this port can be exported.
WARNING: [Route 35-198] Port "input_data[21]" does not have an associated HD.PARTPIN_LOCS, which will prevent the partial routing of the signal "input_data[21]". Without this partial route, timing analysis to/from this port will not be accurate, and no routing information for this port can be exported.
WARNING: [Route 35-198] Port "input_data[20]" does not have an associated HD.PARTPIN_LOCS, which will prevent the partial routing of the signal "input_data[20]". Without this partial route, timing analysis to/from this port will not be accurate, and no routing information for this port can be exported.
WARNING: [Route 35-198] Port "input_data[19]" does not have an associated HD.PARTPIN_LOCS, which will prevent the partial routing of the signal "input_data[19]". Without this partial route, timing analysis to/from this port will not be accurate, and no routing information for this port can be exported.
WARNING: [Route 35-198] Port "input_data[18]" does not have an associated HD.PARTPIN_LOCS, which will prevent the partial routing of the signal "input_data[18]". Without this partial route, timing analysis to/from this port will not be accurate, and no routing information for this port can be exported.
WARNING: [Route 35-198] Port "input_data[17]" does not have an associated HD.PARTPIN_LOCS, which will prevent the partial routing of the signal "input_data[17]". Without this partial route, timing analysis to/from this port will not be accurate, and no routing information for this port can be exported.
WARNING: [Route 35-198] Port "input_data[16]" does not have an associated HD.PARTPIN_LOCS, which will prevent the partial routing of the signal "input_data[16]". Without this partial route, timing analysis to/from this port will not be accurate, and no routing information for this port can be exported.
WARNING: [Route 35-198] Port "input_data[33]" does not have an associated HD.PARTPIN_LOCS, which will prevent the partial routing of the signal "input_data[33]". Without this partial route, timing analysis to/from this port will not be accurate, and no routing information for this port can be exported.
WARNING: [Route 35-198] Port "input_data[32]" does not have an associated HD.PARTPIN_LOCS, which will prevent the partial routing of the signal "input_data[32]". Without this partial route, timing analysis to/from this port will not be accurate, and no routing information for this port can be exported.
WARNING: [Route 35-198] Port "input_data[35]" does not have an associated HD.PARTPIN_LOCS, which will prevent the partial routing of the signal "input_data[35]". Without this partial route, timing analysis to/from this port will not be accurate, and no routing information for this port can be exported.
WARNING: [Route 35-198] Port "input_data[34]" does not have an associated HD.PARTPIN_LOCS, which will prevent the partial routing of the signal "input_data[34]". Without this partial route, timing analysis to/from this port will not be accurate, and no routing information for this port can be exported.
WARNING: [Route 35-198] Port "resetn" does not have an associated HD.PARTPIN_LOCS, which will prevent the partial routing of the signal "resetn". Without this partial route, timing analysis to/from this port will not be accurate, and no routing information for this port can be exported.
WARNING: [Route 35-198] Port "fft_resetn" does not have an associated HD.PARTPIN_LOCS, which will prevent the partial routing of the signal "fft_resetn". Without this partial route, timing analysis to/from this port will not be accurate, and no routing information for this port can be exported.
WARNING: [Route 35-198] Port "input_block_start[31]" does not have an associated HD.PARTPIN_LOCS, which will prevent the partial routing of the signal "input_block_start[31]". Without this partial route, timing analysis to/from this port will not be accurate, and no routing information for this port can be exported.
WARNING: [Route 35-198] Port "input_block_start[48]" does not have an associated HD.PARTPIN_LOCS, which will prevent the partial routing of the signal "input_block_start[48]". Without this partial route, timing analysis to/from this port will not be accurate, and no routing information for this port can be exported.
WARNING: [Route 35-198] Port "input_block_start[58]" does not have an associated HD.PARTPIN_LOCS, which will prevent the partial routing of the signal "input_block_start[58]". Without this partial route, timing analysis to/from this port will not be accurate, and no routing information for this port can be exported.
WARNING: [Route 35-198] Port "input_block_start[63]" does not have an associated HD.PARTPIN_LOCS, which will prevent the partial routing of the signal "input_block_start[63]". Without this partial route, timing analysis to/from this port will not be accurate, and no routing information for this port can be exported.
WARNING: [Route 35-198] Port "input_block_start[42]" does not have an associated HD.PARTPIN_LOCS, which will prevent the partial routing of the signal "input_block_start[42]". Without this partial route, timing analysis to/from this port will not be accurate, and no routing information for this port can be exported.
WARNING: [Route 35-198] Port "input_block_start[45]" does not have an associated HD.PARTPIN_LOCS, which will prevent the partial routing of the signal "input_block_start[45]". Without this partial route, timing analysis to/from this port will not be accurate, and no routing information for this port can be exported.
WARNING: [Route 35-198] Port "input_block_start[49]" does not have an associated HD.PARTPIN_LOCS, which will prevent the partial routing of the signal "input_block_start[49]". Without this partial route, timing analysis to/from this port will not be accurate, and no routing information for this port can be exported.
WARNING: [Route 35-198] Port "input_block_start[53]" does not have an associated HD.PARTPIN_LOCS, which will prevent the partial routing of the signal "input_block_start[53]". Without this partial route, timing analysis to/from this port will not be accurate, and no routing information for this port can be exported.
WARNING: [Route 35-198] Port "input_block_start[56]" does not have an associated HD.PARTPIN_LOCS, which will prevent the partial routing of the signal "input_block_start[56]". Without this partial route, timing analysis to/from this port will not be accurate, and no routing information for this port can be exported.
WARNING: [Route 35-198] Port "input_block_start[15]" does not have an associated HD.PARTPIN_LOCS, which will prevent the partial routing of the signal "input_block_start[15]". Without this partial route, timing analysis to/from this port will not be accurate, and no routing information for this port can be exported.
WARNING: [Route 35-198] Port "input_block_start[24]" does not have an associated HD.PARTPIN_LOCS, which will prevent the partial routing of the signal "input_block_start[24]". Without this partial route, timing analysis to/from this port will not be accurate, and no routing information for this port can be exported.
WARNING: [Route 35-198] Port "input_block_start[26]" does not have an associated HD.PARTPIN_LOCS, which will prevent the partial routing of the signal "input_block_start[26]". Without this partial route, timing analysis to/from this port will not be accurate, and no routing information for this port can be exported.
WARNING: [Route 35-198] Port "input_block_start[27]" does not have an associated HD.PARTPIN_LOCS, which will prevent the partial routing of the signal "input_block_start[27]". Without this partial route, timing analysis to/from this port will not be accurate, and no routing information for this port can be exported.
WARNING: [Route 35-198] Port "input_block_start[28]" does not have an associated HD.PARTPIN_LOCS, which will prevent the partial routing of the signal "input_block_start[28]". Without this partial route, timing analysis to/from this port will not be accurate, and no routing information for this port can be exported.
WARNING: [Route 35-198] Port "input_block_start[30]" does not have an associated HD.PARTPIN_LOCS, which will prevent the partial routing of the signal "input_block_start[30]". Without this partial route, timing analysis to/from this port will not be accurate, and no routing information for this port can be exported.
WARNING: [Route 35-198] Port "input_block_start[33]" does not have an associated HD.PARTPIN_LOCS, which will prevent the partial routing of the signal "input_block_start[33]". Without this partial route, timing analysis to/from this port will not be accurate, and no routing information for this port can be exported.
WARNING: [Route 35-198] Port "input_block_start[55]" does not have an associated HD.PARTPIN_LOCS, which will prevent the partial routing of the signal "input_block_start[55]". Without this partial route, timing analysis to/from this port will not be accurate, and no routing information for this port can be exported.
WARNING: [Route 35-198] Port "input_block_start[46]" does not have an associated HD.PARTPIN_LOCS, which will prevent the partial routing of the signal "input_block_start[46]". Without this partial route, timing analysis to/from this port will not be accurate, and no routing information for this port can be exported.
WARNING: [Route 35-198] Port "input_block_start[47]" does not have an associated HD.PARTPIN_LOCS, which will prevent the partial routing of the signal "input_block_start[47]". Without this partial route, timing analysis to/from this port will not be accurate, and no routing information for this port can be exported.
WARNING: [Route 35-198] Port "input_block_start[60]" does not have an associated HD.PARTPIN_LOCS, which will prevent the partial routing of the signal "input_block_start[60]". Without this partial route, timing analysis to/from this port will not be accurate, and no routing information for this port can be exported.
WARNING: [Route 35-198] Port "input_block_start[61]" does not have an associated HD.PARTPIN_LOCS, which will prevent the partial routing of the signal "input_block_start[61]". Without this partial route, timing analysis to/from this port will not be accurate, and no routing information for this port can be exported.
WARNING: [Route 35-198] Port "input_position[6]" does not have an associated HD.PARTPIN_LOCS, which will prevent the partial routing of the signal "input_position[6]". Without this partial route, timing analysis to/from this port will not be accurate, and no routing information for this port can be exported.
WARNING: [Route 35-198] Port "input_position[7]" does not have an associated HD.PARTPIN_LOCS, which will prevent the partial routing of the signal "input_position[7]". Without this partial route, timing analysis to/from this port will not be accurate, and no routing information for this port can be exported.
WARNING: [Route 35-198] Port "input_position[8]" does not have an associated HD.PARTPIN_LOCS, which will prevent the partial routing of the signal "input_position[8]". Without this partial route, timing analysis to/from this port will not be accurate, and no routing information for this port can be exported.
WARNING: [Route 35-198] Port "input_position[3]" does not have an associated HD.PARTPIN_LOCS, which will prevent the partial routing of the signal "input_position[3]". Without this partial route, timing analysis to/from this port will not be accurate, and no routing information for this port can be exported.
WARNING: [Route 35-198] Port "input_position[5]" does not have an associated HD.PARTPIN_LOCS, which will prevent the partial routing of the signal "input_position[5]". Without this partial route, timing analysis to/from this port will not be accurate, and no routing information for this port can be exported.
WARNING: [Route 35-198] Port "input_position[4]" does not have an associated HD.PARTPIN_LOCS, which will prevent the partial routing of the signal "input_position[4]". Without this partial route, timing analysis to/from this port will not be accurate, and no routing information for this port can be exported.
WARNING: [Route 35-198] Port "input_position[0]" does not have an associated HD.PARTPIN_LOCS, which will prevent the partial routing of the signal "input_position[0]". Without this partial route, timing analysis to/from this port will not be accurate, and no routing information for this port can be exported.
WARNING: [Route 35-198] Port "input_position[1]" does not have an associated HD.PARTPIN_LOCS, which will prevent the partial routing of the signal "input_position[1]". Without this partial route, timing analysis to/from this port will not be accurate, and no routing information for this port can be exported.
WARNING: [Route 35-198] Port "input_position[2]" does not have an associated HD.PARTPIN_LOCS, which will prevent the partial routing of the signal "input_position[2]". Without this partial route, timing analysis to/from this port will not be accurate, and no routing information for this port can be exported.
WARNING: [Route 35-198] Port "input_block_start[6]" does not have an associated HD.PARTPIN_LOCS, which will prevent the partial routing of the signal "input_block_start[6]". Without this partial route, timing analysis to/from this port will not be accurate, and no routing information for this port can be exported.
WARNING: [Route 35-198] Port "input_block_start[16]" does not have an associated HD.PARTPIN_LOCS, which will prevent the partial routing of the signal "input_block_start[16]". Without this partial route, timing analysis to/from this port will not be accurate, and no routing information for this port can be exported.
WARNING: [Route 35-198] Port "input_block_start[20]" does not have an associated HD.PARTPIN_LOCS, which will prevent the partial routing of the signal "input_block_start[20]". Without this partial route, timing analysis to/from this port will not be accurate, and no routing information for this port can be exported.
WARNING: [Route 35-198] Port "input_block_start[21]" does not have an associated HD.PARTPIN_LOCS, which will prevent the partial routing of the signal "input_block_start[21]". Without this partial route, timing analysis to/from this port will not be accurate, and no routing information for this port can be exported.
WARNING: [Route 35-198] Port "input_block_start[51]" does not have an associated HD.PARTPIN_LOCS, which will prevent the partial routing of the signal "input_block_start[51]". Without this partial route, timing analysis to/from this port will not be accurate, and no routing information for this port can be exported.
WARNING: [Route 35-198] Port "input_block_start[25]" does not have an associated HD.PARTPIN_LOCS, which will prevent the partial routing of the signal "input_block_start[25]". Without this partial route, timing analysis to/from this port will not be accurate, and no routing information for this port can be exported.
WARNING: [Route 35-198] Port "input_block_start[29]" does not have an associated HD.PARTPIN_LOCS, which will prevent the partial routing of the signal "input_block_start[29]". Without this partial route, timing analysis to/from this port will not be accurate, and no routing information for this port can be exported.
WARNING: [Route 35-198] Port "input_block_start[32]" does not have an associated HD.PARTPIN_LOCS, which will prevent the partial routing of the signal "input_block_start[32]". Without this partial route, timing analysis to/from this port will not be accurate, and no routing information for this port can be exported.
WARNING: [Route 35-198] Port "input_block_start[34]" does not have an associated HD.PARTPIN_LOCS, which will prevent the partial routing of the signal "input_block_start[34]". Without this partial route, timing analysis to/from this port will not be accurate, and no routing information for this port can be exported.
WARNING: [Route 35-198] Port "input_block_start[35]" does not have an associated HD.PARTPIN_LOCS, which will prevent the partial routing of the signal "input_block_start[35]". Without this partial route, timing analysis to/from this port will not be accurate, and no routing information for this port can be exported.
WARNING: [Route 35-198] Port "input_block_start[50]" does not have an associated HD.PARTPIN_LOCS, which will prevent the partial routing of the signal "input_block_start[50]". Without this partial route, timing analysis to/from this port will not be accurate, and no routing information for this port can be exported.
WARNING: [Route 35-198] Port "input_block_start[52]" does not have an associated HD.PARTPIN_LOCS, which will prevent the partial routing of the signal "input_block_start[52]". Without this partial route, timing analysis to/from this port will not be accurate, and no routing information for this port can be exported.
WARNING: [Route 35-198] Port "input_block_start[62]" does not have an associated HD.PARTPIN_LOCS, which will prevent the partial routing of the signal "input_block_start[62]". Without this partial route, timing analysis to/from this port will not be accurate, and no routing information for this port can be exported.
WARNING: [Route 35-198] Port "input_block_start[37]" does not have an associated HD.PARTPIN_LOCS, which will prevent the partial routing of the signal "input_block_start[37]". Without this partial route, timing analysis to/from this port will not be accurate, and no routing information for this port can be exported.
WARNING: [Route 35-198] Port "input_block_start[39]" does not have an associated HD.PARTPIN_LOCS, which will prevent the partial routing of the signal "input_block_start[39]". Without this partial route, timing analysis to/from this port will not be accurate, and no routing information for this port can be exported.
WARNING: [Route 35-198] Port "input_block_start[40]" does not have an associated HD.PARTPIN_LOCS, which will prevent the partial routing of the signal "input_block_start[40]". Without this partial route, timing analysis to/from this port will not be accurate, and no routing information for this port can be exported.
WARNING: [Route 35-198] Port "input_block_start[41]" does not have an associated HD.PARTPIN_LOCS, which will prevent the partial routing of the signal "input_block_start[41]". Without this partial route, timing analysis to/from this port will not be accurate, and no routing information for this port can be exported.
WARNING: [Route 35-198] Port "input_block_start[43]" does not have an associated HD.PARTPIN_LOCS, which will prevent the partial routing of the signal "input_block_start[43]". Without this partial route, timing analysis to/from this port will not be accurate, and no routing information for this port can be exported.
WARNING: [Route 35-198] Port "input_block_start[44]" does not have an associated HD.PARTPIN_LOCS, which will prevent the partial routing of the signal "input_block_start[44]". Without this partial route, timing analysis to/from this port will not be accurate, and no routing information for this port can be exported.
WARNING: [Route 35-198] Port "input_block_start[54]" does not have an associated HD.PARTPIN_LOCS, which will prevent the partial routing of the signal "input_block_start[54]". Without this partial route, timing analysis to/from this port will not be accurate, and no routing information for this port can be exported.
WARNING: [Route 35-198] Port "input_block_start[59]" does not have an associated HD.PARTPIN_LOCS, which will prevent the partial routing of the signal "input_block_start[59]". Without this partial route, timing analysis to/from this port will not be accurate, and no routing information for this port can be exported.
WARNING: [Route 35-198] Port "input_block_start[22]" does not have an associated HD.PARTPIN_LOCS, which will prevent the partial routing of the signal "input_block_start[22]". Without this partial route, timing analysis to/from this port will not be accurate, and no routing information for this port can be exported.
WARNING: [Route 35-198] Port "input_block_start[23]" does not have an associated HD.PARTPIN_LOCS, which will prevent the partial routing of the signal "input_block_start[23]". Without this partial route, timing analysis to/from this port will not be accurate, and no routing information for this port can be exported.
WARNING: [Route 35-198] Port "input_block_start[19]" does not have an associated HD.PARTPIN_LOCS, which will prevent the partial routing of the signal "input_block_start[19]". Without this partial route, timing analysis to/from this port will not be accurate, and no routing information for this port can be exported.
WARNING: [Route 35-198] Port "input_block_start[17]" does not have an associated HD.PARTPIN_LOCS, which will prevent the partial routing of the signal "input_block_start[17]". Without this partial route, timing analysis to/from this port will not be accurate, and no routing information for this port can be exported.
WARNING: [Route 35-198] Port "input_block_start[18]" does not have an associated HD.PARTPIN_LOCS, which will prevent the partial routing of the signal "input_block_start[18]". Without this partial route, timing analysis to/from this port will not be accurate, and no routing information for this port can be exported.
WARNING: [Route 35-198] Port "input_block_start[13]" does not have an associated HD.PARTPIN_LOCS, which will prevent the partial routing of the signal "input_block_start[13]". Without this partial route, timing analysis to/from this port will not be accurate, and no routing information for this port can be exported.
WARNING: [Route 35-198] Port "input_block_start[14]" does not have an associated HD.PARTPIN_LOCS, which will prevent the partial routing of the signal "input_block_start[14]". Without this partial route, timing analysis to/from this port will not be accurate, and no routing information for this port can be exported.
WARNING: [Route 35-198] Port "input_block_start[36]" does not have an associated HD.PARTPIN_LOCS, which will prevent the partial routing of the signal "input_block_start[36]". Without this partial route, timing analysis to/from this port will not be accurate, and no routing information for this port can be exported.
WARNING: [Route 35-198] Port "input_block_start[38]" does not have an associated HD.PARTPIN_LOCS, which will prevent the partial routing of the signal "input_block_start[38]". Without this partial route, timing analysis to/from this port will not be accurate, and no routing information for this port can be exported.
WARNING: [Route 35-198] Port "input_block_start[57]" does not have an associated HD.PARTPIN_LOCS, which will prevent the partial routing of the signal "input_block_start[57]". Without this partial route, timing analysis to/from this port will not be accurate, and no routing information for this port can be exported.
WARNING: [Route 35-198] Port "input_block_start[10]" does not have an associated HD.PARTPIN_LOCS, which will prevent the partial routing of the signal "input_block_start[10]". Without this partial route, timing analysis to/from this port will not be accurate, and no routing information for this port can be exported.
INFO: [Common 17-14] Message 'Route 35-198' appears 100 times and further instances of the messages will be disabled. Use the Tcl command set_msg_config to change the current settings.
Post Restoration Checksum: NetGraph: c4b40b72 NumContArr: 6fbd1be2 Constraints: 0 Timing: 0
Phase 1 Build RT Design | Checksum: 134712754

Time (s): cpu = 00:00:04 ; elapsed = 00:00:03 . Memory (MB): peak = 2609.551 ; gain = 0.000 ; free physical = 1011 ; free virtual = 146616

Phase 2 Router Initialization

Phase 2.1 Fix Topology Constraints
Phase 2.1 Fix Topology Constraints | Checksum: 134712754

Time (s): cpu = 00:00:04 ; elapsed = 00:00:03 . Memory (MB): peak = 2609.551 ; gain = 0.000 ; free physical = 1010 ; free virtual = 146616

Phase 2.2 Pre Route Cleanup
Phase 2.2 Pre Route Cleanup | Checksum: 134712754

Time (s): cpu = 00:00:04 ; elapsed = 00:00:03 . Memory (MB): peak = 2609.551 ; gain = 0.000 ; free physical = 1010 ; free virtual = 146616
 Number of Nodes with overlaps = 0

Phase 2.3 Update Timing
Phase 2.3 Update Timing | Checksum: 105468a00

Time (s): cpu = 00:00:05 ; elapsed = 00:00:04 . Memory (MB): peak = 2609.551 ; gain = 0.000 ; free physical = 1011 ; free virtual = 146621
INFO: [Route 35-416] Intermediate Timing Summary | WNS=-1.847 | TNS=-710.454| WHS=0.058  | THS=0.000  |


Router Utilization Summary
  Global Vertical Routing Utilization    = 0 %
  Global Horizontal Routing Utilization  = 0 %
  Routable Net Status*
  *Does not include unroutable nets such as driverless and loadless.
  Run report_route_status for detailed report.
  Number of Failed Nets               = 6542
    (Failed Nets is the sum of unrouted and partially routed nets)
  Number of Unrouted Nets             = 6542
  Number of Partially Routed Nets     = 0
  Number of Node Overlaps             = 0

Phase 2 Router Initialization | Checksum: 131191d9f

Time (s): cpu = 00:00:06 ; elapsed = 00:00:04 . Memory (MB): peak = 2609.551 ; gain = 0.000 ; free physical = 2101 ; free virtual = 147713

Phase 3 Initial Routing

Phase 3.1 Global Routing
Phase 3.1 Global Routing | Checksum: 131191d9f

Time (s): cpu = 00:00:06 ; elapsed = 00:00:04 . Memory (MB): peak = 2609.551 ; gain = 0.000 ; free physical = 2101 ; free virtual = 147713
Phase 3 Initial Routing | Checksum: 1ce305ac3

Time (s): cpu = 00:00:07 ; elapsed = 00:00:05 . Memory (MB): peak = 2609.551 ; gain = 0.000 ; free physical = 1773 ; free virtual = 147388

Phase 4 Rip-up And Reroute

Phase 4.1 Global Iteration 0
 Number of Nodes with overlaps = 1046
 Number of Nodes with overlaps = 447
 Number of Nodes with overlaps = 236
 Number of Nodes with overlaps = 136
 Number of Nodes with overlaps = 56
 Number of Nodes with overlaps = 30
 Number of Nodes with overlaps = 9
 Number of Nodes with overlaps = 2
 Number of Nodes with overlaps = 3
 Number of Nodes with overlaps = 1
 Number of Nodes with overlaps = 0
INFO: [Route 35-416] Intermediate Timing Summary | WNS=-2.843 | TNS=-890.000| WHS=N/A    | THS=N/A    |

Phase 4.1 Global Iteration 0 | Checksum: 15a4352fe

Time (s): cpu = 00:00:17 ; elapsed = 00:00:12 . Memory (MB): peak = 2609.551 ; gain = 0.000 ; free physical = 969 ; free virtual = 146634

Phase 4.2 Global Iteration 1
 Number of Nodes with overlaps = 244
 Number of Nodes with overlaps = 101
 Number of Nodes with overlaps = 43
 Number of Nodes with overlaps = 19
 Number of Nodes with overlaps = 12
 Number of Nodes with overlaps = 8
 Number of Nodes with overlaps = 6
 Number of Nodes with overlaps = 3
 Number of Nodes with overlaps = 2
 Number of Nodes with overlaps = 0
INFO: [Route 35-416] Intermediate Timing Summary | WNS=-2.791 | TNS=-910.682| WHS=N/A    | THS=N/A    |

Phase 4.2 Global Iteration 1 | Checksum: fbc77e60

Time (s): cpu = 00:00:20 ; elapsed = 00:00:16 . Memory (MB): peak = 2609.551 ; gain = 0.000 ; free physical = 854 ; free virtual = 146536

Phase 4.3 Global Iteration 2
 Number of Nodes with overlaps = 421
 Number of Nodes with overlaps = 230
 Number of Nodes with overlaps = 88
 Number of Nodes with overlaps = 52
 Number of Nodes with overlaps = 35
 Number of Nodes with overlaps = 15
 Number of Nodes with overlaps = 10
 Number of Nodes with overlaps = 2
 Number of Nodes with overlaps = 0
INFO: [Route 35-416] Intermediate Timing Summary | WNS=-2.739 | TNS=-918.067| WHS=N/A    | THS=N/A    |

Phase 4.3 Global Iteration 2 | Checksum: 16356305e

Time (s): cpu = 00:00:27 ; elapsed = 00:00:21 . Memory (MB): peak = 2609.551 ; gain = 0.000 ; free physical = 1036 ; free virtual = 146103

Phase 4.4 Global Iteration 3
 Number of Nodes with overlaps = 276
 Number of Nodes with overlaps = 154
 Number of Nodes with overlaps = 49
 Number of Nodes with overlaps = 45
 Number of Nodes with overlaps = 22
 Number of Nodes with overlaps = 9
 Number of Nodes with overlaps = 13
 Number of Nodes with overlaps = 9
 Number of Nodes with overlaps = 1
 Number of Nodes with overlaps = 0
INFO: [Route 35-416] Intermediate Timing Summary | WNS=-2.651 | TNS=-941.115| WHS=N/A    | THS=N/A    |

Phase 4.4 Global Iteration 3 | Checksum: 14bb9aaac

Time (s): cpu = 00:00:31 ; elapsed = 00:00:25 . Memory (MB): peak = 2609.551 ; gain = 0.000 ; free physical = 1032 ; free virtual = 146125

Phase 4.5 Global Iteration 4
 Number of Nodes with overlaps = 294
 Number of Nodes with overlaps = 89
 Number of Nodes with overlaps = 27
 Number of Nodes with overlaps = 16
 Number of Nodes with overlaps = 3
 Number of Nodes with overlaps = 3
 Number of Nodes with overlaps = 0
INFO: [Route 35-416] Intermediate Timing Summary | WNS=-2.472 | TNS=-914.711| WHS=N/A    | THS=N/A    |

Phase 4.5 Global Iteration 4 | Checksum: f7cae3e3

Time (s): cpu = 00:00:34 ; elapsed = 00:00:28 . Memory (MB): peak = 2609.551 ; gain = 0.000 ; free physical = 1084 ; free virtual = 146196

Phase 4.6 Global Iteration 5
 Number of Nodes with overlaps = 252
 Number of Nodes with overlaps = 89
 Number of Nodes with overlaps = 23
 Number of Nodes with overlaps = 12
 Number of Nodes with overlaps = 9
 Number of Nodes with overlaps = 2
 Number of Nodes with overlaps = 1
 Number of Nodes with overlaps = 2
 Number of Nodes with overlaps = 2
 Number of Nodes with overlaps = 0
INFO: [Route 35-416] Intermediate Timing Summary | WNS=-2.606 | TNS=-938.444| WHS=N/A    | THS=N/A    |

Phase 4.6 Global Iteration 5 | Checksum: 1e56577b0

Time (s): cpu = 00:00:38 ; elapsed = 00:00:32 . Memory (MB): peak = 2609.551 ; gain = 0.000 ; free physical = 1188 ; free virtual = 146327
Phase 4 Rip-up And Reroute | Checksum: 1e56577b0

Time (s): cpu = 00:00:38 ; elapsed = 00:00:32 . Memory (MB): peak = 2609.551 ; gain = 0.000 ; free physical = 1188 ; free virtual = 146327

Phase 5 Delay and Skew Optimization

Phase 5.1 Delay CleanUp

Phase 5.1.1 Update Timing
Phase 5.1.1 Update Timing | Checksum: 216cf9b2e

Time (s): cpu = 00:00:39 ; elapsed = 00:00:32 . Memory (MB): peak = 2609.551 ; gain = 0.000 ; free physical = 1186 ; free virtual = 146327
INFO: [Route 35-416] Intermediate Timing Summary | WNS=-2.472 | TNS=-914.711| WHS=N/A    | THS=N/A    |

 Number of Nodes with overlaps = 0
Phase 5.1 Delay CleanUp | Checksum: 18b347c56

Time (s): cpu = 00:00:39 ; elapsed = 00:00:33 . Memory (MB): peak = 2609.551 ; gain = 0.000 ; free physical = 1184 ; free virtual = 146326

Phase 5.2 Clock Skew Optimization
Phase 5.2 Clock Skew Optimization | Checksum: 18b347c56

Time (s): cpu = 00:00:39 ; elapsed = 00:00:33 . Memory (MB): peak = 2609.551 ; gain = 0.000 ; free physical = 1184 ; free virtual = 146326
Phase 5 Delay and Skew Optimization | Checksum: 18b347c56

Time (s): cpu = 00:00:39 ; elapsed = 00:00:33 . Memory (MB): peak = 2609.551 ; gain = 0.000 ; free physical = 1184 ; free virtual = 146326

Phase 6 Post Hold Fix

Phase 6.1 Hold Fix Iter

Phase 6.1.1 Update Timing
Phase 6.1.1 Update Timing | Checksum: 24f7d7a08

Time (s): cpu = 00:00:39 ; elapsed = 00:00:33 . Memory (MB): peak = 2609.551 ; gain = 0.000 ; free physical = 1195 ; free virtual = 146339
INFO: [Route 35-416] Intermediate Timing Summary | WNS=-2.461 | TNS=-909.720| WHS=0.071  | THS=0.000  |

Phase 6.1 Hold Fix Iter | Checksum: 24f7d7a08

Time (s): cpu = 00:00:40 ; elapsed = 00:00:33 . Memory (MB): peak = 2609.551 ; gain = 0.000 ; free physical = 1195 ; free virtual = 146339
Phase 6 Post Hold Fix | Checksum: 24f7d7a08

Time (s): cpu = 00:00:40 ; elapsed = 00:00:33 . Memory (MB): peak = 2609.551 ; gain = 0.000 ; free physical = 1195 ; free virtual = 146339

Phase 7 Route finalize

Router Utilization Summary
  Global Vertical Routing Utilization    = 3.69623 %
  Global Horizontal Routing Utilization  = 5.85777 %
  Routable Net Status*
  *Does not include unroutable nets such as driverless and loadless.
  Run report_route_status for detailed report.
  Number of Failed Nets               = 0
    (Failed Nets is the sum of unrouted and partially routed nets)
  Number of Unrouted Nets             = 0
  Number of Partially Routed Nets     = 0
  Number of Node Overlaps             = 0

Congestion Report
North Dir 1x1 Area, Max Cong = 50.4505%, No Congested Regions.
South Dir 1x1 Area, Max Cong = 56.7568%, No Congested Regions.
East Dir 1x1 Area, Max Cong = 70.5882%, No Congested Regions.
West Dir 1x1 Area, Max Cong = 88.2353%, Congestion bounded by tiles (Lower Left Tile -> Upper Right Tile):
   INT_R_X27Y5 -> INT_R_X27Y5

------------------------------
Reporting congestion hotspots
------------------------------
Direction: North
----------------
Congested clusters found at Level 0
Effective congestion level: 0 Aspect Ratio: 1 Sparse Ratio: 0
Direction: South
----------------
Congested clusters found at Level 0
Effective congestion level: 0 Aspect Ratio: 1 Sparse Ratio: 0
Direction: East
----------------
Congested clusters found at Level 0
Effective congestion level: 0 Aspect Ratio: 1 Sparse Ratio: 0
Direction: West
----------------
Congested clusters found at Level 0
Effective congestion level: 0 Aspect Ratio: 1 Sparse Ratio: 1

Phase 7 Route finalize | Checksum: 1d8c20938

Time (s): cpu = 00:00:40 ; elapsed = 00:00:33 . Memory (MB): peak = 2609.551 ; gain = 0.000 ; free physical = 1195 ; free virtual = 146339

Phase 8 Verifying routed nets

 Verification completed successfully
Phase 8 Verifying routed nets | Checksum: 1d8c20938

Time (s): cpu = 00:00:40 ; elapsed = 00:00:33 . Memory (MB): peak = 2609.551 ; gain = 0.000 ; free physical = 1195 ; free virtual = 146339

Phase 9 Depositing Routes
Phase 9 Depositing Routes | Checksum: 1d121f776

Time (s): cpu = 00:00:40 ; elapsed = 00:00:33 . Memory (MB): peak = 2609.551 ; gain = 0.000 ; free physical = 1193 ; free virtual = 146339

Phase 10 Post Router Timing
INFO: [Route 35-57] Estimated Timing Summary | WNS=-2.461 | TNS=-909.720| WHS=0.071  | THS=0.000  |

WARNING: [Route 35-328] Router estimated timing not met.
Resolution: For a complete and accurate timing signoff, report_timing_summary must be run after route_design. Alternatively, route_design can be run with the -timing_summary option to enable a complete timing signoff at the end of route_design.
Phase 10 Post Router Timing | Checksum: 1d121f776

Time (s): cpu = 00:00:40 ; elapsed = 00:00:33 . Memory (MB): peak = 2609.551 ; gain = 0.000 ; free physical = 1192 ; free virtual = 146339
INFO: [Route 35-16] Router Completed Successfully

Time (s): cpu = 00:00:40 ; elapsed = 00:00:33 . Memory (MB): peak = 2609.551 ; gain = 0.000 ; free physical = 1206 ; free virtual = 146353

Routing Is Done.
INFO: [Common 17-83] Releasing license: Implementation
21 Infos, 103 Warnings, 0 Critical Warnings and 0 Errors encountered.
route_design completed successfully
route_design: Time (s): cpu = 00:00:41 ; elapsed = 00:00:34 . Memory (MB): peak = 2609.551 ; gain = 0.000 ; free physical = 1206 ; free virtual = 146353
INFO: [Common 17-600] The following parameters have non-default value.
general.maxThreads
# report_route_status -file [file join $output_dir route_status.rpt]
# report_utilization -file [file join $output_dir utilization.rpt]
# report_utilization -hierarchical -hierarchical_depth 6 -file [file join $output_dir hierarchy.rpt]
# report_timing_summary -delay_type min_max -report_unconstrained -max_paths 20 \
#   -file [file join $output_dir timing_unqualified.rpt]
INFO: [Timing 38-91] UpdateTimingParams: Speed grade: -1, Delay Type: min_max.
INFO: [Timing 38-191] Multithreading enabled for timing update using a maximum of 2 CPUs
WARNING: [Timing 38-242] The property HD.CLK_SRC of clock port "clk" is not set. In out-of-context mode, this prevents timing estimation for clock delay/skew
Resolution: Set the HD.CLK_SRC property of the out-of-context port to the location of the clock buffer instance in the top-level design
WARNING: [Timing 38-242] The property HD.CLK_SRC of clock port "fft_clk" is not set. In out-of-context mode, this prevents timing estimation for clock delay/skew
Resolution: Set the HD.CLK_SRC property of the out-of-context port to the location of the clock buffer instance in the top-level design
# check_timing -verbose -file [file join $output_dir check_timing_unqualified.rpt]
# report_cdc -details -file [file join $output_dir cdc_unqualified.rpt]
INFO: [Timing 38-91] UpdateTimingParams: No interconnect No Cell Dly, Speed grade: -1, Delay Type: min_max.
INFO: [Timing 38-191] Multithreading enabled for timing update using a maximum of 2 CPUs
INFO: [Timing 38-314] The report_cdc command only analyzes and reports clock domain crossing paths where clocks have been defined on both source and destination sides. Ports with no input delay constraint are skipped. Please run check_timing to verify there are no missing clock definitions in your design, nor any unconstrained input port.
# set receipt [open [file join $output_dir receipt.txt] w]
# puts $receipt "source_dcp_sha256=$expected"
# puts $receipt "scope=isolated_completed_input_bank_owned_100_175_diagnostic_not_receiver"
# foreach name {source_100 island_175} {
#   foreach kind {max min} {
#     set paths [get_timing_paths -quiet -from [get_clocks $name] \
#       -to [get_clocks $name] -delay_type $kind -max_paths 1]
#     if {[llength $paths] != 1} { error "missing internal timing path $name $kind" }
#     set path [lindex $paths 0]
#     puts $receipt "$name.$kind.slack=[get_property SLACK $path]"
#     puts $receipt "$name.$kind.start=[get_property STARTPOINT_PIN $path]"
#     puts $receipt "$name.$kind.end=[get_property ENDPOINT_PIN $path]"
#     report_timing -from [get_clocks $name] -to [get_clocks $name] \
#       -delay_type $kind -max_paths 20 -file [file join $output_dir ${name}_${kind}.rpt]
#   }
# }
INFO: [Timing 38-78] ReportTimingParams: -from_pins  -to_pins  -max_paths 20 -nworst 1 -delay_type max -sort_by slack.
INFO: [Timing 38-78] ReportTimingParams: -from_pins  -to_pins  -max_paths 20 -nworst 1 -delay_type min -sort_by slack.
INFO: [Timing 38-78] ReportTimingParams: -from_pins  -to_pins  -max_paths 20 -nworst 1 -delay_type max -sort_by slack.
INFO: [Timing 38-78] ReportTimingParams: -from_pins  -to_pins  -max_paths 20 -nworst 1 -delay_type min -sort_by slack.
# puts $receipt "external_IO_CDC_and_full_receiver_unqualified=true"
# puts $receipt "deployment_eligible=false"
# close $receipt
# write_checkpoint [file join $output_dir completed_input_diagnostic_routed.dcp]
INFO: [Timing 38-480] Writing timing data to binary archive.
Writing XDEF routing.
Writing XDEF routing logical nets.
Writing XDEF routing special nets.
Write XDEF Complete: Time (s): cpu = 00:00:00.74 ; elapsed = 00:00:00.29 . Memory (MB): peak = 2644.535 ; gain = 34.984 ; free physical = 1246 ; free virtual = 146420
INFO: [Common 17-1381] The checkpoint '/tmp/starlink-completed-input.5EaJuD/registered-route-v1/completed_input_diagnostic_routed.dcp' has been generated.
# close_design
# if {[lindex [exec sha256sum $source_dcp] 0] ne $expected} {
#   error "source checkpoint changed during observation"
# }
# puts "COMPLETED_INPUT_DIAGNOSTIC_RECORDED_NOT_A_PHYSICAL_RELEASE_PASS"
COMPLETED_INPUT_DIAGNOSTIC_RECORDED_NOT_A_PHYSICAL_RELEASE_PASS
INFO: [Common 17-206] Exiting Vivado at Thu Sep 10 02:01:46 2026...
