
****** Vivado v2022.2 (64-bit)
  **** SW Build 3671981 on Fri Oct 14 04:59:54 MDT 2022
  **** IP Build 3669848 on Fri Oct 14 08:30:02 MDT 2022
    ** Copyright 1986-2022 Xilinx, Inc. All Rights Reserved.

source /tmp/starlink-completed-input.5EaJuD/fault-cdc-physical-prepared-v1/route_completed_input_fence.tcl -notrace
Command: open_checkpoint /tmp/starlink-completed-input.5EaJuD/fault-cdc-synth-v1/synthesis/fft_bank_owned_synth.dcp

Starting open_checkpoint Task

Time (s): cpu = 00:00:00.03 ; elapsed = 00:00:00.02 . Memory (MB): peak = 1322.340 ; gain = 0.000 ; free physical = 2195 ; free virtual = 155102
INFO: [Device 21-403] Loading part xc7z010clg400-1
Netlist sorting complete. Time (s): cpu = 00:00:00.03 ; elapsed = 00:00:00.03 . Memory (MB): peak = 1557.711 ; gain = 0.000 ; free physical = 2757 ; free virtual = 155664
INFO: [Netlist 29-17] Analyzing 191 Unisim elements for replacement
INFO: [Netlist 29-28] Unisim Transformation completed in 0 CPU seconds
INFO: [Project 1-479] Netlist was created with Vivado 2022.2
INFO: [Project 1-570] Preparing netlist for logic optimization
INFO: [Timing 38-478] Restoring timing data from binary archive.
INFO: [Timing 38-479] Binary timing data restore complete.
INFO: [Project 1-856] Restoring constraints from binary archive.
INFO: [Project 1-853] Binary constraint restore complete.
Netlist sorting complete. Time (s): cpu = 00:00:00 ; elapsed = 00:00:00 . Memory (MB): peak = 2137.945 ; gain = 0.000 ; free physical = 1625 ; free virtual = 154533
INFO: [Project 1-111] Unisim Transformation Summary:
No Unisim elements were transformed.

INFO: [Project 1-604] Checkpoint was created with Vivado v2022.2 (64-bit) build 3671981
OpenCheckpoint Checksum | Checksum: e8349a2c
----- Checksum: PlaceDB: 00000000 ShapeSum: e8349a2c RouteDB: 00000000 
open_checkpoint: Time (s): cpu = 00:00:07 ; elapsed = 00:00:07 . Memory (MB): peak = 2137.945 ; gain = 876.090 ; free physical = 1621 ; free virtual = 154529
Command: opt_design
Attempting to get a license for feature 'Implementation' and/or device 'xc7z010'
INFO: [Common 17-349] Got license for feature 'Implementation' and/or device 'xc7z010'
Running DRC as a precondition to command opt_design

Starting DRC Task
INFO: [DRC 23-27] Running DRC with 2 threads
INFO: [Project 1-461] DRC finished with 0 Errors
INFO: [Project 1-462] Please refer to the DRC report (report_drc) for more information.

Time (s): cpu = 00:00:00.58 ; elapsed = 00:00:00.39 . Memory (MB): peak = 2186.641 ; gain = 42.758 ; free physical = 1495 ; free virtual = 154403

Starting Cache Timing Information Task
Ending Cache Timing Information Task | Checksum: 129810e29

Time (s): cpu = 00:00:00 ; elapsed = 00:00:00.01 . Memory (MB): peak = 2186.641 ; gain = 0.000 ; free physical = 1493 ; free virtual = 154400

Starting Logic Optimization Task

Phase 1 Retarget
INFO: [Opt 31-1287] Pulled Inverter registered_scheduling.preparation_age[5]_i_1 into driver instance result_guard/epoch_preflight_reasons[5]_i_3, which resulted in an inversion of 8 pins
INFO: [Opt 31-1287] Pulled Inverter shared_xfft/U0/i_synth/axi_wrapper/data_out_channel/gen_real_time.data_out[36]_i_1 into driver instance shared_xfft_i_1, which resulted in an inversion of 3 pins
INFO: [Opt 31-1287] Pulled Inverter shared_xfft/U0/i_synth/xfft_inst/non_floating_point.arch_b.xfft_inst/control/control/xn_index_counter/cnt_async/i_baseblox.i_baseblox_addsub/no_pipelining.the_addsub/i_lut6.i_lut6_addsub/i_simple_model.carryxor0_i_1 into driver instance shared_xfft/U0/i_synth/xfft_inst/non_floating_point.arch_b.xfft_inst/control/control/xn_index_counter/cnt_async_i_9, which resulted in an inversion of 1 pins
INFO: [Opt 31-1287] Pulled Inverter shared_xfft/U0/i_synth/xfft_inst/non_floating_point.arch_b.xfft_inst/control/control/nat_out_xk_index.no_cyclic_prefix.xk_index_counter/cnt_async/i_baseblox.i_baseblox_addsub/no_pipelining.the_addsub/i_lut6.i_lut6_addsub/i_simple_model.carryxor0_i_1 into driver instance shared_xfft/U0/i_synth/xfft_inst/non_floating_point.arch_b.xfft_inst/control/control/nat_out_xk_index.no_cyclic_prefix.xk_index_counter/cnt_async_i_9__0, which resulted in an inversion of 1 pins
INFO: [Opt 31-1287] Pulled Inverter shared_xfft/U0/i_synth/xfft_inst/non_floating_point.arch_b.xfft_inst/control/control/pe_cnt/cnt_async/i_baseblox.i_baseblox_addsub/no_pipelining.the_addsub/i_lut6.i_lut6_addsub/i_simple_model.carryxor0_i_1 into driver instance shared_xfft/U0/i_synth/xfft_inst/non_floating_point.arch_b.xfft_inst/control/control/pe_cnt/cnt_async_i_5__2, which resulted in an inversion of 1 pins
INFO: [Opt 31-1287] Pulled Inverter shared_xfft/U0/i_synth/xfft_inst/non_floating_point.arch_b.xfft_inst/control/control/rank_0_cnt/cnt_async/i_baseblox.i_baseblox_addsub/no_pipelining.the_addsub/i_lut6.i_lut6_addsub/i_simple_model.carryxor0_i_1 into driver instance shared_xfft/U0/i_synth/xfft_inst/non_floating_point.arch_b.xfft_inst/control/control/rank_0_cnt/cnt_async_i_3__3, which resulted in an inversion of 1 pins
INFO: [Opt 31-1287] Pulled Inverter shared_xfft/U0/i_synth/xfft_inst/non_floating_point.arch_b.xfft_inst/control/control/rn_0_cnt/cnt_async/i_baseblox.i_baseblox_addsub/no_pipelining.the_addsub/i_lut6.i_lut6_addsub/i_simple_model.carryxor0_i_1 into driver instance shared_xfft/U0/i_synth/xfft_inst/non_floating_point.arch_b.xfft_inst/control/control/rn_0_cnt/cnt_async_i_7__1, which resulted in an inversion of 1 pins
INFO: [Opt 31-1287] Pulled Inverter shared_xfft/U0/i_synth/xfft_inst/non_floating_point.arch_b.xfft_inst/control/processing_address_generator/u2_bypass/use_lut6_2.gen_full_lut6_2s[0].mlut1_i_2 into driver instance shared_xfft/U0/i_synth/xfft_inst/non_floating_point.arch_b.xfft_inst/control/processing_address_generator/u2_bypass/use_lut6_2.gen_full_lut6_2s[0].mlut1_i_1, which resulted in an inversion of 3 pins
INFO: [Opt 31-138] Pushed 11 inverter(s) to 14 load pin(s).
INFO: [Opt 31-49] Retargeted 0 cell(s).
Phase 1 Retarget | Checksum: e2601be6

Time (s): cpu = 00:00:00.19 ; elapsed = 00:00:00.15 . Memory (MB): peak = 2438.594 ; gain = 0.000 ; free physical = 1364 ; free virtual = 154271
INFO: [Opt 31-389] Phase Retarget created 79 cells and removed 133 cells

Phase 2 Constant propagation
INFO: [Opt 31-138] Pushed 0 inverter(s) to 0 load pin(s).
Phase 2 Constant propagation | Checksum: 1550a41d1

Time (s): cpu = 00:00:00.21 ; elapsed = 00:00:00.18 . Memory (MB): peak = 2438.594 ; gain = 0.000 ; free physical = 1363 ; free virtual = 154271
INFO: [Opt 31-389] Phase Constant propagation created 3 cells and removed 9 cells

Phase 3 Sweep
Phase 3 Sweep | Checksum: c67613a7

Time (s): cpu = 00:00:00.27 ; elapsed = 00:00:00.24 . Memory (MB): peak = 2438.594 ; gain = 0.000 ; free physical = 1340 ; free virtual = 154248
INFO: [Opt 31-389] Phase Sweep created 0 cells and removed 1 cells

Phase 4 BUFG optimization
Phase 4 BUFG optimization | Checksum: c67613a7

Time (s): cpu = 00:00:00.3 ; elapsed = 00:00:00.26 . Memory (MB): peak = 2462.605 ; gain = 24.012 ; free physical = 1325 ; free virtual = 154232
INFO: [Opt 31-662] Phase BUFG optimization created 0 cells of which 0 are BUFGs and removed 0 cells.

Phase 5 Shift Register Optimization
INFO: [Opt 31-1064] SRL Remap converted 0 SRLs to 0 registers and converted 0 registers of register chains to 0 SRLs
Phase 5 Shift Register Optimization | Checksum: 1c3bccca3

Time (s): cpu = 00:00:00.3 ; elapsed = 00:00:00.26 . Memory (MB): peak = 2462.605 ; gain = 24.012 ; free physical = 1325 ; free virtual = 154232
INFO: [Opt 31-389] Phase Shift Register Optimization created 1 cells and removed 0 cells

Phase 6 Post Processing Netlist
Phase 6 Post Processing Netlist | Checksum: 1c3bccca3

Time (s): cpu = 00:00:00.31 ; elapsed = 00:00:00.28 . Memory (MB): peak = 2462.605 ; gain = 24.012 ; free physical = 1322 ; free virtual = 154230
INFO: [Opt 31-389] Phase Post Processing Netlist created 0 cells and removed 0 cells
Opt_design Change Summary
=========================


-------------------------------------------------------------------------------------------------------------------------
|  Phase                        |  #Cells created  |  #Cells Removed  |  #Constrained objects preventing optimizations  |
-------------------------------------------------------------------------------------------------------------------------
|  Retarget                     |              79  |             133  |                                              0  |
|  Constant propagation         |               3  |               9  |                                              0  |
|  Sweep                        |               0  |               1  |                                              0  |
|  BUFG optimization            |               0  |               0  |                                              0  |
|  Shift Register Optimization  |               1  |               0  |                                              0  |
|  Post Processing Netlist      |               0  |               0  |                                              0  |
-------------------------------------------------------------------------------------------------------------------------



Starting Connectivity Check Task

Time (s): cpu = 00:00:00.01 ; elapsed = 00:00:00 . Memory (MB): peak = 2462.605 ; gain = 0.000 ; free physical = 1294 ; free virtual = 154202
Ending Logic Optimization Task | Checksum: 14404d36c

Time (s): cpu = 00:00:00.36 ; elapsed = 00:00:00.31 . Memory (MB): peak = 2462.605 ; gain = 24.012 ; free physical = 1294 ; free virtual = 154202

Starting Power Optimization Task
INFO: [Pwropt 34-132] Skipping clock gating for clocks with a period < 2.00 ns.
INFO: [Timing 38-35] Done setting XDC timing constraints.
INFO: [Pwropt 34-9] Applying IDT optimizations ...
INFO: [Pwropt 34-10] Applying ODC optimizations ...
Running Vector-less Activity Propagation...

Finished Running Vector-less Activity Propagation


Starting PowerOpt Patch Enables Task
INFO: [Pwropt 34-162] WRITE_MODE attribute of 0 BRAM(s) out of a total of 15 has been updated to save power. Run report_power_opt to get a complete listing of the BRAMs updated.
INFO: [Pwropt 34-201] Structural ODC has moved 0 WE to EN ports
Number of BRAM Ports augmented: 4 newly gated: 4 Total Ports: 30
Ending PowerOpt Patch Enables Task | Checksum: 43bce6e4

Time (s): cpu = 00:00:00.03 ; elapsed = 00:00:00.03 . Memory (MB): peak = 2612.516 ; gain = 0.000 ; free physical = 1178 ; free virtual = 154086
Ending Power Optimization Task | Checksum: 43bce6e4

Time (s): cpu = 00:00:01 ; elapsed = 00:00:00.74 . Memory (MB): peak = 2612.516 ; gain = 149.910 ; free physical = 1178 ; free virtual = 154086

Starting Final Cleanup Task
Ending Final Cleanup Task | Checksum: 43bce6e4

Time (s): cpu = 00:00:00 ; elapsed = 00:00:00 . Memory (MB): peak = 2612.516 ; gain = 0.000 ; free physical = 1178 ; free virtual = 154086

Starting Netlist Obfuscation Task
Netlist sorting complete. Time (s): cpu = 00:00:00.01 ; elapsed = 00:00:00 . Memory (MB): peak = 2612.516 ; gain = 0.000 ; free physical = 1178 ; free virtual = 154086
Ending Netlist Obfuscation Task | Checksum: b32115c8

Time (s): cpu = 00:00:00.01 ; elapsed = 00:00:00 . Memory (MB): peak = 2612.516 ; gain = 0.000 ; free physical = 1178 ; free virtual = 154086
INFO: [Common 17-83] Releasing license: Implementation
40 Infos, 0 Warnings, 0 Critical Warnings and 0 Errors encountered.
opt_design completed successfully
INFO: [Common 17-600] The following parameters have non-default value.
general.maxThreads
Command: place_design
Attempting to get a license for feature 'Implementation' and/or device 'xc7z010'
INFO: [Common 17-349] Got license for feature 'Implementation' and/or device 'xc7z010'
INFO: [DRC 23-27] Running DRC with 2 threads
INFO: [Vivado_Tcl 4-198] DRC finished with 0 Errors
INFO: [Vivado_Tcl 4-199] Please refer to the DRC report (report_drc) for more information.
Running DRC as a precondition to command place_design
INFO: [DRC 23-27] Running DRC with 2 threads
INFO: [Vivado_Tcl 4-198] DRC finished with 0 Errors, 21 Warnings
INFO: [Vivado_Tcl 4-199] Please refer to the DRC report (report_drc) for more information.

Starting Placer Task
INFO: [Place 30-611] Multithreading enabled for place_design using a maximum of 2 CPUs

Phase 1 Placer Initialization

Phase 1.1 Placer Initialization Netlist Sorting
Netlist sorting complete. Time (s): cpu = 00:00:00 ; elapsed = 00:00:00 . Memory (MB): peak = 2612.516 ; gain = 0.000 ; free physical = 1553 ; free virtual = 154461
Phase 1.1 Placer Initialization Netlist Sorting | Checksum: 0fea15d7

Time (s): cpu = 00:00:00 ; elapsed = 00:00:00 . Memory (MB): peak = 2612.516 ; gain = 0.000 ; free physical = 1553 ; free virtual = 154461
Netlist sorting complete. Time (s): cpu = 00:00:00 ; elapsed = 00:00:00 . Memory (MB): peak = 2612.516 ; gain = 0.000 ; free physical = 1553 ; free virtual = 154461

Phase 1.2 IO Placement/ Clock Placement/ Build Placer Device
INFO: [Timing 38-35] Done setting XDC timing constraints.
Phase 1.2 IO Placement/ Clock Placement/ Build Placer Device | Checksum: aee89c7b

Time (s): cpu = 00:00:00.35 ; elapsed = 00:00:00.31 . Memory (MB): peak = 2612.516 ; gain = 0.000 ; free physical = 1538 ; free virtual = 154445

Phase 1.3 Build Placer Netlist Model
Phase 1.3 Build Placer Netlist Model | Checksum: 1367d9c75

Time (s): cpu = 00:00:00.83 ; elapsed = 00:00:00.64 . Memory (MB): peak = 2612.516 ; gain = 0.000 ; free physical = 1561 ; free virtual = 154469

Phase 1.4 Constrain Clocks/Macros
Phase 1.4 Constrain Clocks/Macros | Checksum: 1367d9c75

Time (s): cpu = 00:00:00.83 ; elapsed = 00:00:00.64 . Memory (MB): peak = 2612.516 ; gain = 0.000 ; free physical = 1561 ; free virtual = 154469
Phase 1 Placer Initialization | Checksum: 1367d9c75

Time (s): cpu = 00:00:00.83 ; elapsed = 00:00:00.64 . Memory (MB): peak = 2612.516 ; gain = 0.000 ; free physical = 1561 ; free virtual = 154469

Phase 2 Global Placement

Phase 2.1 Floorplanning
Phase 2.1 Floorplanning | Checksum: 13b4eed15

Time (s): cpu = 00:00:00.99 ; elapsed = 00:00:00.72 . Memory (MB): peak = 2612.516 ; gain = 0.000 ; free physical = 1561 ; free virtual = 154469

Phase 2.2 Update Timing before SLR Path Opt
Phase 2.2 Update Timing before SLR Path Opt | Checksum: 121d13273

Time (s): cpu = 00:00:01 ; elapsed = 00:00:00.79 . Memory (MB): peak = 2612.516 ; gain = 0.000 ; free physical = 1561 ; free virtual = 154469

Phase 2.3 Post-Processing in Floorplanning
Phase 2.3 Post-Processing in Floorplanning | Checksum: 121d13273

Time (s): cpu = 00:00:01 ; elapsed = 00:00:00.79 . Memory (MB): peak = 2612.516 ; gain = 0.000 ; free physical = 1561 ; free virtual = 154469

Phase 2.4 Global Placement Core

Phase 2.4.1 UpdateTiming Before Physical Synthesis
Phase 2.4.1 UpdateTiming Before Physical Synthesis | Checksum: 250c8f710

Time (s): cpu = 00:00:03 ; elapsed = 00:00:02 . Memory (MB): peak = 2612.516 ; gain = 0.000 ; free physical = 1394 ; free virtual = 154302

Phase 2.4.2 Physical Synthesis In Placer
INFO: [Physopt 32-1035] Found 95 LUTNM shape to break, 44 LUT instances to create LUTNM shape
INFO: [Physopt 32-1044] Break lutnm for timing: one critical 82, two critical 13, total 95, new lutff created 2
INFO: [Physopt 32-1138] End 1 Pass. Optimized 112 nets or LUTs. Breaked 95 LUTs, combined 17 existing LUTs and moved 0 existing LUT
INFO: [Physopt 32-65] No nets found for high-fanout optimization.
INFO: [Physopt 32-232] Optimized 0 net. Created 0 new instance.
INFO: [Physopt 32-775] End 1 Pass. Optimized 0 net or cell. Created 0 new cell, deleted 0 existing cell and moved 0 existing cell
INFO: [Physopt 32-457] Pass 1. Identified 2 candidate cells for DSP register optimization.
INFO: [Physopt 32-665] Processed cell product/sum_imag_reg. 37 registers were pushed out.
INFO: [Physopt 32-665] Processed cell product/sum_real_reg. 37 registers were pushed out.
INFO: [Physopt 32-775] End 2 Pass. Optimized 2 nets or cells. Created 74 new cells, deleted 0 existing cell and moved 0 existing cell
Netlist sorting complete. Time (s): cpu = 00:00:00 ; elapsed = 00:00:00.01 . Memory (MB): peak = 2612.516 ; gain = 0.000 ; free physical = 1315 ; free virtual = 154223
INFO: [Physopt 32-1123] No candidate cells found for Shift Register to Pipeline optimization
INFO: [Physopt 32-775] End 2 Pass. Optimized 0 net or cell. Created 0 new cell, deleted 0 existing cell and moved 0 existing cell
INFO: [Physopt 32-677] No candidate cells for Shift Register optimization found in the design
INFO: [Physopt 32-775] End 1 Pass. Optimized 0 net or cell. Created 0 new cell, deleted 0 existing cell and moved 0 existing cell
INFO: [Physopt 32-526] No candidate cells for BRAM register optimization found in the design
INFO: [Physopt 32-775] End 1 Pass. Optimized 0 net or cell. Created 0 new cell, deleted 0 existing cell and moved 0 existing cell
INFO: [Physopt 32-846] No candidate cells for URAM register optimization found in the design
INFO: [Physopt 32-775] End 2 Pass. Optimized 0 net or cell. Created 0 new cell, deleted 0 existing cell and moved 0 existing cell
INFO: [Physopt 32-949] No candidate nets found for dynamic/static region interface net replication
INFO: [Physopt 32-775] End 1 Pass. Optimized 0 net or cell. Created 0 new cell, deleted 0 existing cell and moved 0 existing cell
Netlist sorting complete. Time (s): cpu = 00:00:00 ; elapsed = 00:00:00 . Memory (MB): peak = 2612.516 ; gain = 0.000 ; free physical = 1291 ; free virtual = 154199

Summary of Physical Synthesis Optimizations
============================================


-----------------------------------------------------------------------------------------------------------------------------------------------------------
|  Optimization                                     |  Added Cells  |  Removed Cells  |  Optimized Cells/Nets  |  Dont Touch  |  Iterations  |  Elapsed   |
-----------------------------------------------------------------------------------------------------------------------------------------------------------
|  LUT Combining                                    |           95  |             17  |                   112  |           0  |           1  |  00:00:00  |
|  Retime                                           |            0  |              0  |                     0  |           0  |           1  |  00:00:00  |
|  Very High Fanout                                 |            0  |              0  |                     0  |           0  |           1  |  00:00:00  |
|  DSP Register                                     |           74  |              0  |                     2  |           0  |           1  |  00:00:00  |
|  Shift Register to Pipeline                       |            0  |              0  |                     0  |           0  |           1  |  00:00:00  |
|  Shift Register                                   |            0  |              0  |                     0  |           0  |           1  |  00:00:00  |
|  BRAM Register                                    |            0  |              0  |                     0  |           0  |           1  |  00:00:00  |
|  URAM Register                                    |            0  |              0  |                     0  |           0  |           1  |  00:00:00  |
|  Dynamic/Static Region Interface Net Replication  |            0  |              0  |                     0  |           0  |           1  |  00:00:00  |
|  Total                                            |          169  |             17  |                   114  |           0  |           9  |  00:00:00  |
-----------------------------------------------------------------------------------------------------------------------------------------------------------


Phase 2.4.2 Physical Synthesis In Placer | Checksum: 1260f97bf

Time (s): cpu = 00:00:04 ; elapsed = 00:00:02 . Memory (MB): peak = 2612.516 ; gain = 0.000 ; free physical = 1254 ; free virtual = 154162
Phase 2.4 Global Placement Core | Checksum: ff514c7a

Time (s): cpu = 00:00:04 ; elapsed = 00:00:03 . Memory (MB): peak = 2612.516 ; gain = 0.000 ; free physical = 1217 ; free virtual = 154125
Phase 2 Global Placement | Checksum: ff514c7a

Time (s): cpu = 00:00:04 ; elapsed = 00:00:03 . Memory (MB): peak = 2612.516 ; gain = 0.000 ; free physical = 1217 ; free virtual = 154125

Phase 3 Detail Placement

Phase 3.1 Commit Multi Column Macros
Phase 3.1 Commit Multi Column Macros | Checksum: a73ab4aa

Time (s): cpu = 00:00:04 ; elapsed = 00:00:03 . Memory (MB): peak = 2612.516 ; gain = 0.000 ; free physical = 1193 ; free virtual = 154101

Phase 3.2 Commit Most Macros & LUTRAMs
Phase 3.2 Commit Most Macros & LUTRAMs | Checksum: 16358baaf

Time (s): cpu = 00:00:05 ; elapsed = 00:00:03 . Memory (MB): peak = 2612.516 ; gain = 0.000 ; free physical = 1202 ; free virtual = 154110

Phase 3.3 Area Swap Optimization
Phase 3.3 Area Swap Optimization | Checksum: 137eda078

Time (s): cpu = 00:00:05 ; elapsed = 00:00:03 . Memory (MB): peak = 2612.516 ; gain = 0.000 ; free physical = 1194 ; free virtual = 154102

Phase 3.4 Pipeline Register Optimization
Phase 3.4 Pipeline Register Optimization | Checksum: 14ae21bd0

Time (s): cpu = 00:00:05 ; elapsed = 00:00:03 . Memory (MB): peak = 2612.516 ; gain = 0.000 ; free physical = 1194 ; free virtual = 154102

Phase 3.5 Fast Optimization
Phase 3.5 Fast Optimization | Checksum: 10d535d65

Time (s): cpu = 00:00:05 ; elapsed = 00:00:04 . Memory (MB): peak = 2612.516 ; gain = 0.000 ; free physical = 1042 ; free virtual = 153949

Phase 3.6 Small Shape Detail Placement
Phase 3.6 Small Shape Detail Placement | Checksum: feac09bd

Time (s): cpu = 00:00:06 ; elapsed = 00:00:04 . Memory (MB): peak = 2612.516 ; gain = 0.000 ; free physical = 917 ; free virtual = 153825

Phase 3.7 Re-assign LUT pins
Phase 3.7 Re-assign LUT pins | Checksum: 11a6b86c1

Time (s): cpu = 00:00:06 ; elapsed = 00:00:04 . Memory (MB): peak = 2612.516 ; gain = 0.000 ; free physical = 917 ; free virtual = 153825

Phase 3.8 Pipeline Register Optimization
Phase 3.8 Pipeline Register Optimization | Checksum: 18560bb10

Time (s): cpu = 00:00:06 ; elapsed = 00:00:04 . Memory (MB): peak = 2612.516 ; gain = 0.000 ; free physical = 917 ; free virtual = 153825

Phase 3.9 Fast Optimization
Phase 3.9 Fast Optimization | Checksum: 14a43793d

Time (s): cpu = 00:00:09 ; elapsed = 00:00:07 . Memory (MB): peak = 2612.516 ; gain = 0.000 ; free physical = 957 ; free virtual = 153865
Phase 3 Detail Placement | Checksum: 14a43793d

Time (s): cpu = 00:00:09 ; elapsed = 00:00:07 . Memory (MB): peak = 2612.516 ; gain = 0.000 ; free physical = 956 ; free virtual = 153864

Phase 4 Post Placement Optimization and Clean-Up

Phase 4.1 Post Commit Optimization
INFO: [Timing 38-35] Done setting XDC timing constraints.

Phase 4.1.1 Post Placement Optimization
Post Placement Optimization Initialization | Checksum: 1891b06e1

Phase 4.1.1.1 BUFG Insertion

Starting Physical Synthesis Task

Phase 1 Physical Synthesis Initialization
INFO: [Physopt 32-721] Multithreading enabled for phys_opt_design using a maximum of 2 CPUs
INFO: [Physopt 32-619] Estimated Timing Summary | WNS=-2.701 | TNS=-795.003 |
Phase 1 Physical Synthesis Initialization | Checksum: bdaef5db

Time (s): cpu = 00:00:00.1 ; elapsed = 00:00:00.08 . Memory (MB): peak = 2612.516 ; gain = 0.000 ; free physical = 1481 ; free virtual = 154389
INFO: [Place 46-56] BUFG insertion identified 0 candidate nets. Inserted BUFG: 0, Replicated BUFG Driver: 0, Skipped due to Placement/Routing Conflicts: 0, Skipped due to Timing Degradation: 0, Skipped due to Illegal Netlist: 0.
Ending Physical Synthesis Task | Checksum: 18761815c

Time (s): cpu = 00:00:00.12 ; elapsed = 00:00:00.1 . Memory (MB): peak = 2612.516 ; gain = 0.000 ; free physical = 1481 ; free virtual = 154389
Phase 4.1.1.1 BUFG Insertion | Checksum: 1891b06e1

Time (s): cpu = 00:00:10 ; elapsed = 00:00:07 . Memory (MB): peak = 2612.516 ; gain = 0.000 ; free physical = 1481 ; free virtual = 154389

Phase 4.1.1.2 Post Placement Timing Optimization
INFO: [Place 30-746] Post Placement Timing Summary WNS=-1.989. For the most accurate timing information please run report_timing.
Phase 4.1.1.2 Post Placement Timing Optimization | Checksum: 1035cabc3

Time (s): cpu = 00:00:27 ; elapsed = 00:00:26 . Memory (MB): peak = 2612.516 ; gain = 0.000 ; free physical = 952 ; free virtual = 153860

Time (s): cpu = 00:00:27 ; elapsed = 00:00:26 . Memory (MB): peak = 2612.516 ; gain = 0.000 ; free physical = 952 ; free virtual = 153860
Phase 4.1 Post Commit Optimization | Checksum: 1035cabc3

Time (s): cpu = 00:00:28 ; elapsed = 00:00:26 . Memory (MB): peak = 2612.516 ; gain = 0.000 ; free physical = 945 ; free virtual = 153854

Phase 4.2 Post Placement Cleanup
Phase 4.2 Post Placement Cleanup | Checksum: 1035cabc3

Time (s): cpu = 00:00:28 ; elapsed = 00:00:26 . Memory (MB): peak = 2612.516 ; gain = 0.000 ; free physical = 938 ; free virtual = 153846

Phase 4.3 Placer Reporting

Phase 4.3.1 Print Estimated Congestion
INFO: [Place 30-612] Post-Placement Estimated Congestion 
 ____________________________________________________
|           | Global Congestion | Short Congestion  |
| Direction | Region Size       | Region Size       |
|___________|___________________|___________________|
|      North|                1x1|                4x4|
|___________|___________________|___________________|
|      South|                1x1|                2x2|
|___________|___________________|___________________|
|       East|                1x1|                2x2|
|___________|___________________|___________________|
|       West|                1x1|                1x1|
|___________|___________________|___________________|

Phase 4.3.1 Print Estimated Congestion | Checksum: 1035cabc3

Time (s): cpu = 00:00:28 ; elapsed = 00:00:26 . Memory (MB): peak = 2612.516 ; gain = 0.000 ; free physical = 937 ; free virtual = 153846
Phase 4.3 Placer Reporting | Checksum: 1035cabc3

Time (s): cpu = 00:00:28 ; elapsed = 00:00:26 . Memory (MB): peak = 2612.516 ; gain = 0.000 ; free physical = 932 ; free virtual = 153841

Phase 4.4 Final Placement Cleanup
Netlist sorting complete. Time (s): cpu = 00:00:00 ; elapsed = 00:00:00 . Memory (MB): peak = 2612.516 ; gain = 0.000 ; free physical = 932 ; free virtual = 153841

Time (s): cpu = 00:00:28 ; elapsed = 00:00:26 . Memory (MB): peak = 2612.516 ; gain = 0.000 ; free physical = 932 ; free virtual = 153841
Phase 4 Post Placement Optimization and Clean-Up | Checksum: 11c0c4539

Time (s): cpu = 00:00:28 ; elapsed = 00:00:26 . Memory (MB): peak = 2612.516 ; gain = 0.000 ; free physical = 932 ; free virtual = 153840
Ending Placer Task | Checksum: d3016660

Time (s): cpu = 00:00:28 ; elapsed = 00:00:26 . Memory (MB): peak = 2612.516 ; gain = 0.000 ; free physical = 932 ; free virtual = 153840
INFO: [Common 17-83] Releasing license: Implementation
77 Infos, 0 Warnings, 0 Critical Warnings and 0 Errors encountered.
place_design completed successfully
place_design: Time (s): cpu = 00:00:28 ; elapsed = 00:00:26 . Memory (MB): peak = 2612.516 ; gain = 0.000 ; free physical = 932 ; free virtual = 153840
INFO: [Common 17-600] The following parameters have non-default value.
general.maxThreads
Command: phys_opt_design
Attempting to get a license for feature 'Implementation' and/or device 'xc7z010'
INFO: [Common 17-349] Got license for feature 'Implementation' and/or device 'xc7z010'

Starting Initial Update Timing Task
WARNING: [Timing 38-242] The property HD.CLK_SRC of clock port "clk" is not set. In out-of-context mode, this prevents timing estimation for clock delay/skew
Resolution: Set the HD.CLK_SRC property of the out-of-context port to the location of the clock buffer instance in the top-level design
WARNING: [Timing 38-242] The property HD.CLK_SRC of clock port "fft_clk" is not set. In out-of-context mode, this prevents timing estimation for clock delay/skew
Resolution: Set the HD.CLK_SRC property of the out-of-context port to the location of the clock buffer instance in the top-level design

Time (s): cpu = 00:00:00.59 ; elapsed = 00:00:00.41 . Memory (MB): peak = 2612.516 ; gain = 0.000 ; free physical = 1026 ; free virtual = 153633
INFO: [Vivado_Tcl 4-1435] PhysOpt_Tcl_Interface Runtime Before Starting Physical Synthesis Task | CPU: 0.62s |  WALL: 0.42s
Netlist sorting complete. Time (s): cpu = 00:00:00 ; elapsed = 00:00:00 . Memory (MB): peak = 2612.516 ; gain = 0.000 ; free physical = 1028 ; free virtual = 153629

Starting Physical Synthesis Task

Phase 1 Physical Synthesis Initialization
INFO: [Physopt 32-721] Multithreading enabled for phys_opt_design using a maximum of 2 CPUs
INFO: [Physopt 32-619] Estimated Timing Summary | WNS=-1.989 | TNS=-640.556 |
Phase 1 Physical Synthesis Initialization | Checksum: 1a202d47f

Time (s): cpu = 00:00:00.4 ; elapsed = 00:00:00.23 . Memory (MB): peak = 2612.516 ; gain = 0.000 ; free physical = 1560 ; free virtual = 153825
INFO: [Physopt 32-619] Estimated Timing Summary | WNS=-1.989 | TNS=-640.556 |

Phase 2 DSP Register Optimization
INFO: [Physopt 32-456] No candidate cells for DSP register optimization found in the design.
INFO: [Physopt 32-775] End 2 Pass. Optimized 0 net or cell. Created 0 new cell, deleted 0 existing cell and moved 0 existing cell
Phase 2 DSP Register Optimization | Checksum: 1a202d47f

Time (s): cpu = 00:00:00.44 ; elapsed = 00:00:00.29 . Memory (MB): peak = 2612.516 ; gain = 0.000 ; free physical = 1513 ; free virtual = 153779

Phase 3 Critical Path Optimization
INFO: [Physopt 32-619] Estimated Timing Summary | WNS=-1.989 | TNS=-640.556 |
INFO: [Physopt 32-702] Processed net joiner/kernel_rom/output_kernel_word_reg_0[16]. Optimizations did not improve timing on the net.
INFO: [Physopt 32-663] Processed net product_bank/Q[2].  Re-placed instance product_bank/write_position_reg[2]
INFO: [Physopt 32-735] Processed net product_bank/Q[2]. Optimization improves timing on the net.
INFO: [Physopt 32-619] Estimated Timing Summary | WNS=-1.827 | TNS=-614.312 |
INFO: [Physopt 32-81] Processed net product_bank/Q[2]. Replicated 2 times.
INFO: [Physopt 32-735] Processed net product_bank/Q[2]. Optimization improves timing on the net.
INFO: [Physopt 32-619] Estimated Timing Summary | WNS=-1.807 | TNS=-611.072 |
INFO: [Physopt 32-702] Processed net product_bank/Q[2]_repN. Optimizations did not improve timing on the net.
INFO: [Physopt 32-710] Processed net result_guard/return_last_reg_1. Critical path length was reduced through logic transformation on cell result_guard/output_kernel_word_reg_i_1_comp.
INFO: [Physopt 32-735] Processed net result_guard/input_accept. Optimization improves timing on the net.
INFO: [Physopt 32-619] Estimated Timing Summary | WNS=-1.798 | TNS=-611.556 |
INFO: [Physopt 32-663] Processed net result_guard/input_count[7].  Re-placed instance result_guard/input_count_reg[7]
INFO: [Physopt 32-735] Processed net result_guard/input_count[7]. Optimization improves timing on the net.
INFO: [Physopt 32-619] Estimated Timing Summary | WNS=-1.798 | TNS=-611.846 |
INFO: [Physopt 32-663] Processed net result_guard/input_count[8].  Re-placed instance result_guard/input_count_reg[8]
INFO: [Physopt 32-735] Processed net result_guard/input_count[8]. Optimization improves timing on the net.
INFO: [Physopt 32-619] Estimated Timing Summary | WNS=-1.798 | TNS=-612.043 |
INFO: [Physopt 32-663] Processed net result_guard/input_count[9].  Re-placed instance result_guard/input_count_reg[9]
INFO: [Physopt 32-735] Processed net result_guard/input_count[9]. Optimization improves timing on the net.
INFO: [Physopt 32-619] Estimated Timing Summary | WNS=-1.789 | TNS=-612.353 |
INFO: [Physopt 32-663] Processed net registered_scheduling.engine_input_reserved_reg_n_0.  Re-placed instance registered_scheduling.engine_input_reserved_reg
INFO: [Physopt 32-735] Processed net registered_scheduling.engine_input_reserved_reg_n_0. Optimization improves timing on the net.
INFO: [Physopt 32-619] Estimated Timing Summary | WNS=-1.774 | TNS=-612.020 |
INFO: [Physopt 32-702] Processed net product_bank/request_toggle_reg_n_0. Optimizations did not improve timing on the net.
INFO: [Physopt 32-81] Processed net held_phase. Replicated 5 times.
INFO: [Physopt 32-735] Processed net held_phase. Optimization improves timing on the net.
INFO: [Physopt 32-619] Estimated Timing Summary | WNS=-1.761 | TNS=-603.969 |
INFO: [Physopt 32-663] Processed net joiner/kernel_rom/output_block_start_index_reg[63]_0[30].  Re-placed instance joiner/kernel_rom/output_block_start_index_reg[30]
INFO: [Physopt 32-735] Processed net joiner/kernel_rom/output_block_start_index_reg[63]_0[30]. Optimization improves timing on the net.
INFO: [Physopt 32-619] Estimated Timing Summary | WNS=-1.761 | TNS=-603.850 |
INFO: [Physopt 32-663] Processed net joiner/kernel_rom/output_block_start_index_reg[63]_0[36].  Re-placed instance joiner/kernel_rom/output_block_start_index_reg[36]
INFO: [Physopt 32-735] Processed net joiner/kernel_rom/output_block_start_index_reg[63]_0[36]. Optimization improves timing on the net.
INFO: [Physopt 32-619] Estimated Timing Summary | WNS=-1.761 | TNS=-603.731 |
INFO: [Physopt 32-663] Processed net joiner/kernel_rom/output_block_start_index_reg[63]_0[45].  Re-placed instance joiner/kernel_rom/output_block_start_index_reg[45]
INFO: [Physopt 32-735] Processed net joiner/kernel_rom/output_block_start_index_reg[63]_0[45]. Optimization improves timing on the net.
INFO: [Physopt 32-619] Estimated Timing Summary | WNS=-1.718 | TNS=-603.612 |
INFO: [Physopt 32-702] Processed net held_phase_repN. Optimizations did not improve timing on the net.
INFO: [Physopt 32-663] Processed net product_bank/registered_scheduling.completion_receipt_i_2_n_0.  Re-placed instance product_bank/registered_scheduling.completion_receipt_i_2
INFO: [Physopt 32-735] Processed net product_bank/registered_scheduling.completion_receipt_i_2_n_0. Optimization improves timing on the net.
INFO: [Physopt 32-619] Estimated Timing Summary | WNS=-1.707 | TNS=-603.239 |
INFO: [Physopt 32-663] Processed net joiner/kernel_rom/p_0_in34_in[0].  Re-placed instance joiner/kernel_rom/block_start_index_reg[39]
INFO: [Physopt 32-735] Processed net joiner/kernel_rom/p_0_in34_in[0]. Optimization improves timing on the net.
INFO: [Physopt 32-619] Estimated Timing Summary | WNS=-1.707 | TNS=-603.212 |
INFO: [Physopt 32-663] Processed net joiner/kernel_rom/p_0_in43_in[2].  Re-placed instance joiner/kernel_rom/block_start_index_reg[50]
INFO: [Physopt 32-735] Processed net joiner/kernel_rom/p_0_in43_in[2]. Optimization improves timing on the net.
INFO: [Physopt 32-619] Estimated Timing Summary | WNS=-1.703 | TNS=-603.185 |
INFO: [Physopt 32-702] Processed net result_guard/active_private_reg_n_0. Optimizations did not improve timing on the net.
INFO: [Physopt 32-710] Processed net result_guard/active_private_i_1_n_0. Critical path length was reduced through logic transformation on cell result_guard/active_private_i_1_comp.
INFO: [Physopt 32-735] Processed net product_bank/active_private. Optimization improves timing on the net.
INFO: [Physopt 32-619] Estimated Timing Summary | WNS=-1.698 | TNS=-603.169 |
INFO: [Physopt 32-702] Processed net product/product_overflow. Optimizations did not improve timing on the net.
INFO: [Physopt 32-663] Processed net product/sum_real_reg__0[1].  Re-placed instance product/round_and_saturate2_carry_i_2_psdsp_4
INFO: [Physopt 32-735] Processed net product/sum_real_reg__0[1]. Optimization improves timing on the net.
INFO: [Physopt 32-619] Estimated Timing Summary | WNS=-1.691 | TNS=-600.186 |
INFO: [Physopt 32-663] Processed net result_guard/D[57].  Re-placed instance result_guard/descriptor_reg[52]
INFO: [Physopt 32-735] Processed net result_guard/D[57]. Optimization improves timing on the net.
INFO: [Physopt 32-619] Estimated Timing Summary | WNS=-1.680 | TNS=-599.688 |
INFO: [Physopt 32-702] Processed net joiner/kernel_rom/p_0_in34_in[0]. Optimizations did not improve timing on the net.
INFO: [Physopt 32-710] Processed net joiner/kernel_rom/block_exponent. Critical path length was reduced through logic transformation on cell joiner/kernel_rom/block_start_index[63]_i_1_comp.
INFO: [Physopt 32-735] Processed net result_guard/input_accept. Optimization improves timing on the net.
INFO: [Physopt 32-619] Estimated Timing Summary | WNS=-1.679 | TNS=-596.856 |
INFO: [Physopt 32-663] Processed net joiner/kernel_rom/output_block_start_index_reg[63]_0[42].  Re-placed instance joiner/kernel_rom/output_block_start_index_reg[42]
INFO: [Physopt 32-735] Processed net joiner/kernel_rom/output_block_start_index_reg[63]_0[42]. Optimization improves timing on the net.
INFO: [Physopt 32-619] Estimated Timing Summary | WNS=-1.671 | TNS=-596.822 |
INFO: [Physopt 32-663] Processed net joiner/kernel_rom/expected_bin_index[6].  Re-placed instance joiner/kernel_rom/expected_bin_index_reg[6]
INFO: [Physopt 32-735] Processed net joiner/kernel_rom/expected_bin_index[6]. Optimization improves timing on the net.
INFO: [Physopt 32-619] Estimated Timing Summary | WNS=-1.671 | TNS=-596.796 |
INFO: [Physopt 32-663] Processed net joiner/kernel_rom/expected_bin_index[7].  Re-placed instance joiner/kernel_rom/expected_bin_index_reg[7]
INFO: [Physopt 32-735] Processed net joiner/kernel_rom/expected_bin_index[7]. Optimization improves timing on the net.
INFO: [Physopt 32-619] Estimated Timing Summary | WNS=-1.671 | TNS=-596.770 |
INFO: [Physopt 32-663] Processed net joiner/kernel_rom/output_bin_index_reg[8]_0[4].  Re-placed instance joiner/kernel_rom/output_bin_index_reg[4]
INFO: [Physopt 32-735] Processed net joiner/kernel_rom/output_bin_index_reg[8]_0[4]. Optimization improves timing on the net.
INFO: [Physopt 32-619] Estimated Timing Summary | WNS=-1.671 | TNS=-596.744 |
INFO: [Physopt 32-663] Processed net joiner/kernel_rom/output_block_start_index_reg[63]_0[40].  Re-placed instance joiner/kernel_rom/output_block_start_index_reg[40]
INFO: [Physopt 32-735] Processed net joiner/kernel_rom/output_block_start_index_reg[63]_0[40]. Optimization improves timing on the net.
INFO: [Physopt 32-619] Estimated Timing Summary | WNS=-1.671 | TNS=-596.718 |
INFO: [Physopt 32-663] Processed net joiner/kernel_rom/output_block_start_index_reg[63]_0[41].  Re-placed instance joiner/kernel_rom/output_block_start_index_reg[41]
INFO: [Physopt 32-735] Processed net joiner/kernel_rom/output_block_start_index_reg[63]_0[41]. Optimization improves timing on the net.
INFO: [Physopt 32-619] Estimated Timing Summary | WNS=-1.671 | TNS=-596.715 |
INFO: [Physopt 32-663] Processed net joiner/kernel_rom/output_block_start_index_reg[63]_0[46].  Re-placed instance joiner/kernel_rom/output_block_start_index_reg[46]
INFO: [Physopt 32-735] Processed net joiner/kernel_rom/output_block_start_index_reg[63]_0[46]. Optimization improves timing on the net.
INFO: [Physopt 32-619] Estimated Timing Summary | WNS=-1.671 | TNS=-596.712 |
INFO: [Physopt 32-663] Processed net joiner/kernel_rom/output_block_start_index_reg[63]_0[47].  Re-placed instance joiner/kernel_rom/output_block_start_index_reg[47]
INFO: [Physopt 32-735] Processed net joiner/kernel_rom/output_block_start_index_reg[63]_0[47]. Optimization improves timing on the net.
INFO: [Physopt 32-619] Estimated Timing Summary | WNS=-1.671 | TNS=-596.709 |
INFO: [Physopt 32-663] Processed net joiner/kernel_rom/output_block_start_index_reg[63]_0[61].  Re-placed instance joiner/kernel_rom/output_block_start_index_reg[61]
INFO: [Physopt 32-735] Processed net joiner/kernel_rom/output_block_start_index_reg[63]_0[61]. Optimization improves timing on the net.
INFO: [Physopt 32-619] Estimated Timing Summary | WNS=-1.668 | TNS=-596.706 |
INFO: [Physopt 32-663] Processed net output_bank/output_metadata[45].  Re-placed instance output_bank/metadata_out_hold_reg[45]
INFO: [Physopt 32-735] Processed net output_bank/output_metadata[45]. Optimization improves timing on the net.
INFO: [Physopt 32-619] Estimated Timing Summary | WNS=-1.668 | TNS=-596.897 |
INFO: [Physopt 32-663] Processed net output_bank/output_metadata[71].  Re-placed instance output_bank/metadata_out_hold_reg[71]
INFO: [Physopt 32-735] Processed net output_bank/output_metadata[71]. Optimization improves timing on the net.
INFO: [Physopt 32-619] Estimated Timing Summary | WNS=-1.668 | TNS=-596.885 |
INFO: [Physopt 32-663] Processed net output_bank/output_metadata[44].  Re-placed instance output_bank/metadata_out_hold_reg[44]
INFO: [Physopt 32-735] Processed net output_bank/output_metadata[44]. Optimization improves timing on the net.
INFO: [Physopt 32-619] Estimated Timing Summary | WNS=-1.668 | TNS=-596.882 |
INFO: [Physopt 32-663] Processed net output_bank/output_metadata[40].  Re-placed instance output_bank/metadata_out_hold_reg[40]
INFO: [Physopt 32-735] Processed net output_bank/output_metadata[40]. Optimization improves timing on the net.
INFO: [Physopt 32-619] Estimated Timing Summary | WNS=-1.668 | TNS=-596.663 |
INFO: [Physopt 32-663] Processed net output_bank/output_metadata[36].  Re-placed instance output_bank/metadata_out_hold_reg[36]
INFO: [Physopt 32-735] Processed net output_bank/output_metadata[36]. Optimization improves timing on the net.
INFO: [Physopt 32-619] Estimated Timing Summary | WNS=-1.668 | TNS=-596.593 |
INFO: [Physopt 32-663] Processed net output_bank/output_metadata[7].  Re-placed instance output_bank/metadata_out_hold_reg[7]
INFO: [Physopt 32-735] Processed net output_bank/output_metadata[7]. Optimization improves timing on the net.
INFO: [Physopt 32-619] Estimated Timing Summary | WNS=-1.668 | TNS=-596.293 |
INFO: [Physopt 32-663] Processed net output_bank/output_metadata[38].  Re-placed instance output_bank/metadata_out_hold_reg[38]
INFO: [Physopt 32-735] Processed net output_bank/output_metadata[38]. Optimization improves timing on the net.
INFO: [Physopt 32-619] Estimated Timing Summary | WNS=-1.668 | TNS=-596.069 |
INFO: [Physopt 32-702] Processed net per_cause_fault_cdc.causes[1].cause_sync[0]. Optimizations did not improve timing on the net.
INFO: [Physopt 32-663] Processed net distributed_fast_fault.cause_sticky__0[1].  Re-placed instance distributed_fast_fault.causes[1].cause_sticky_reg[1]
INFO: [Physopt 32-735] Processed net distributed_fast_fault.cause_sticky__0[1]. Optimization improves timing on the net.
INFO: [Physopt 32-619] Estimated Timing Summary | WNS=-1.668 | TNS=-595.801 |
INFO: [Physopt 32-702] Processed net output_bank/output_metadata[40]. Optimizations did not improve timing on the net.
INFO: [Physopt 32-663] Processed net output_bank/p_0_in34_in[1].  Re-placed instance output_bank/metadata_in_hold_reg[40]
INFO: [Physopt 32-735] Processed net output_bank/p_0_in34_in[1]. Optimization improves timing on the net.
INFO: [Physopt 32-619] Estimated Timing Summary | WNS=-1.668 | TNS=-595.514 |
INFO: [Physopt 32-663] Processed net output_bank/output_metadata[4].  Re-placed instance output_bank/metadata_out_hold_reg[4]
INFO: [Physopt 32-735] Processed net output_bank/output_metadata[4]. Optimization improves timing on the net.
INFO: [Physopt 32-619] Estimated Timing Summary | WNS=-1.668 | TNS=-595.256 |
INFO: [Physopt 32-663] Processed net output_bank/output_metadata[73].  Re-placed instance output_bank/metadata_out_hold_reg[73]
INFO: [Physopt 32-735] Processed net output_bank/output_metadata[73]. Optimization improves timing on the net.
INFO: [Physopt 32-619] Estimated Timing Summary | WNS=-1.668 | TNS=-594.961 |
INFO: [Physopt 32-702] Processed net per_cause_fault_cdc.causes[9].cause_sync[0]. Optimizations did not improve timing on the net.
INFO: [Physopt 32-663] Processed net distributed_fast_fault.cause_sticky__0[9].  Re-placed instance distributed_fast_fault.causes[9].cause_sticky_reg[9]
INFO: [Physopt 32-735] Processed net distributed_fast_fault.cause_sticky__0[9]. Optimization improves timing on the net.
INFO: [Physopt 32-619] Estimated Timing Summary | WNS=-1.668 | TNS=-594.729 |
INFO: [Physopt 32-663] Processed net output_bank/output_metadata[66].  Re-placed instance output_bank/metadata_out_hold_reg[66]
INFO: [Physopt 32-735] Processed net output_bank/output_metadata[66]. Optimization improves timing on the net.
INFO: [Physopt 32-619] Estimated Timing Summary | WNS=-1.668 | TNS=-594.450 |
INFO: [Physopt 32-663] Processed net output_bank/output_metadata[51].  Re-placed instance output_bank/metadata_out_hold_reg[51]
INFO: [Physopt 32-735] Processed net output_bank/output_metadata[51]. Optimization improves timing on the net.
INFO: [Physopt 32-619] Estimated Timing Summary | WNS=-1.668 | TNS=-594.238 |
INFO: [Physopt 32-663] Processed net output_bank/output_metadata[48].  Re-placed instance output_bank/metadata_out_hold_reg[48]
INFO: [Physopt 32-735] Processed net output_bank/output_metadata[48]. Optimization improves timing on the net.
INFO: [Physopt 32-619] Estimated Timing Summary | WNS=-1.668 | TNS=-594.053 |
INFO: [Physopt 32-663] Processed net output_bank/output_metadata[49].  Re-placed instance output_bank/metadata_out_hold_reg[49]
INFO: [Physopt 32-735] Processed net output_bank/output_metadata[49]. Optimization improves timing on the net.
INFO: [Physopt 32-619] Estimated Timing Summary | WNS=-1.668 | TNS=-594.011 |
INFO: [Physopt 32-663] Processed net output_bank/output_metadata[42].  Re-placed instance output_bank/metadata_out_hold_reg[42]
INFO: [Physopt 32-735] Processed net output_bank/output_metadata[42]. Optimization improves timing on the net.
INFO: [Physopt 32-619] Estimated Timing Summary | WNS=-1.668 | TNS=-593.729 |
INFO: [Physopt 32-663] Processed net output_bank/output_metadata[60].  Re-placed instance output_bank/metadata_out_hold_reg[60]
INFO: [Physopt 32-735] Processed net output_bank/output_metadata[60]. Optimization improves timing on the net.
INFO: [Physopt 32-619] Estimated Timing Summary | WNS=-1.668 | TNS=-593.563 |
INFO: [Physopt 32-663] Processed net output_bank/output_metadata[35].  Re-placed instance output_bank/metadata_out_hold_reg[35]
INFO: [Physopt 32-735] Processed net output_bank/output_metadata[35]. Optimization improves timing on the net.
INFO: [Physopt 32-619] Estimated Timing Summary | WNS=-1.668 | TNS=-593.310 |
INFO: [Physopt 32-663] Processed net output_bank/output_metadata[9].  Re-placed instance output_bank/metadata_out_hold_reg[9]
INFO: [Physopt 32-735] Processed net output_bank/output_metadata[9]. Optimization improves timing on the net.
INFO: [Physopt 32-619] Estimated Timing Summary | WNS=-1.668 | TNS=-593.154 |
INFO: [Physopt 32-663] Processed net output_bank/output_metadata[53].  Re-placed instance output_bank/metadata_out_hold_reg[53]
INFO: [Physopt 32-735] Processed net output_bank/output_metadata[53]. Optimization improves timing on the net.
INFO: [Physopt 32-619] Estimated Timing Summary | WNS=-1.668 | TNS=-592.995 |
INFO: [Physopt 32-663] Processed net output_bank/output_metadata[56].  Re-placed instance output_bank/metadata_out_hold_reg[56]
INFO: [Physopt 32-735] Processed net output_bank/output_metadata[56]. Optimization improves timing on the net.
INFO: [Physopt 32-619] Estimated Timing Summary | WNS=-1.668 | TNS=-592.766 |
INFO: [Physopt 32-663] Processed net output_bank/output_metadata[5].  Re-placed instance output_bank/metadata_out_hold_reg[5]
INFO: [Physopt 32-735] Processed net output_bank/output_metadata[5]. Optimization improves timing on the net.
INFO: [Physopt 32-619] Estimated Timing Summary | WNS=-1.668 | TNS=-592.546 |
INFO: [Physopt 32-663] Processed net output_bank/output_metadata[55].  Re-placed instance output_bank/metadata_out_hold_reg[55]
INFO: [Physopt 32-735] Processed net output_bank/output_metadata[55]. Optimization improves timing on the net.
INFO: [Physopt 32-619] Estimated Timing Summary | WNS=-1.668 | TNS=-592.325 |
INFO: [Physopt 32-663] Processed net output_bank/output_metadata[31].  Re-placed instance output_bank/metadata_out_hold_reg[31]
INFO: [Physopt 32-735] Processed net output_bank/output_metadata[31]. Optimization improves timing on the net.
INFO: [Physopt 32-619] Estimated Timing Summary | WNS=-1.668 | TNS=-592.112 |
INFO: [Physopt 32-663] Processed net output_bank/output_metadata[67].  Re-placed instance output_bank/metadata_out_hold_reg[67]
INFO: [Physopt 32-735] Processed net output_bank/output_metadata[67]. Optimization improves timing on the net.
INFO: [Physopt 32-619] Estimated Timing Summary | WNS=-1.668 | TNS=-592.020 |
INFO: [Physopt 32-702] Processed net output_bank/output_metadata[49]. Optimizations did not improve timing on the net.
INFO: [Physopt 32-663] Processed net output_bank/p_0_in43_in[1].  Re-placed instance output_bank/metadata_in_hold_reg[49]
INFO: [Physopt 32-735] Processed net output_bank/p_0_in43_in[1]. Optimization improves timing on the net.
INFO: [Physopt 32-619] Estimated Timing Summary | WNS=-1.668 | TNS=-591.820 |
INFO: [Physopt 32-663] Processed net output_bank/output_metadata[25].  Re-placed instance output_bank/metadata_out_hold_reg[25]
INFO: [Physopt 32-735] Processed net output_bank/output_metadata[25]. Optimization improves timing on the net.
INFO: [Physopt 32-619] Estimated Timing Summary | WNS=-1.668 | TNS=-591.632 |
INFO: [Physopt 32-663] Processed net output_bank/output_metadata[57].  Re-placed instance output_bank/metadata_out_hold_reg[57]
INFO: [Physopt 32-735] Processed net output_bank/output_metadata[57]. Optimization improves timing on the net.
INFO: [Physopt 32-619] Estimated Timing Summary | WNS=-1.668 | TNS=-591.430 |
INFO: [Physopt 32-663] Processed net output_bank/output_metadata[58].  Re-placed instance output_bank/metadata_out_hold_reg[58]
INFO: [Physopt 32-735] Processed net output_bank/output_metadata[58]. Optimization improves timing on the net.
INFO: [Physopt 32-619] Estimated Timing Summary | WNS=-1.668 | TNS=-591.352 |
INFO: [Physopt 32-663] Processed net output_bank/output_metadata[61].  Re-placed instance output_bank/metadata_out_hold_reg[61]
INFO: [Physopt 32-735] Processed net output_bank/output_metadata[61]. Optimization improves timing on the net.
INFO: [Physopt 32-619] Estimated Timing Summary | WNS=-1.668 | TNS=-591.212 |
INFO: [Physopt 32-663] Processed net output_bank/output_metadata[30].  Re-placed instance output_bank/metadata_out_hold_reg[30]
INFO: [Physopt 32-735] Processed net output_bank/output_metadata[30]. Optimization improves timing on the net.
INFO: [Physopt 32-619] Estimated Timing Summary | WNS=-1.668 | TNS=-591.028 |
INFO: [Physopt 32-663] Processed net output_bank/output_metadata[47].  Re-placed instance output_bank/metadata_out_hold_reg[47]
INFO: [Physopt 32-735] Processed net output_bank/output_metadata[47]. Optimization improves timing on the net.
INFO: [Physopt 32-619] Estimated Timing Summary | WNS=-1.668 | TNS=-591.080 |
INFO: [Physopt 32-702] Processed net joiner/kernel_rom/output_block_start_index_reg[63]_0[41]. Optimizations did not improve timing on the net.
INFO: [Physopt 32-702] Processed net product_bank/Q[2]_repN. Optimizations did not improve timing on the net.
INFO: [Physopt 32-702] Processed net result_guard/input_accept. Optimizations did not improve timing on the net.
INFO: [Physopt 32-702] Processed net result_guard/output_kernel_word_reg_i_4_n_0. Optimizations did not improve timing on the net.
INFO: [Physopt 32-702] Processed net input_guard/registered_scheduling.engine_output_reserved_reg. Optimizations did not improve timing on the net.
INFO: [Physopt 32-702] Processed net input_guard/fault_reasons_reg[2]_0. Optimizations did not improve timing on the net.
INFO: [Physopt 32-608] Optimized 1 net.  Swapped 8 pins.
INFO: [Physopt 32-735] Processed net product_bank/input_fault1_out. Optimization improves timing on the net.
INFO: [Physopt 32-619] Estimated Timing Summary | WNS=-1.666 | TNS=-565.562 |
INFO: [Physopt 32-663] Processed net result_guard/input_count[0].  Re-placed instance result_guard/input_count_reg[0]
INFO: [Physopt 32-735] Processed net result_guard/input_count[0]. Optimization improves timing on the net.
INFO: [Physopt 32-619] Estimated Timing Summary | WNS=-1.651 | TNS=-565.547 |
INFO: [Physopt 32-702] Processed net result_guard/input_count[0]. Optimizations did not improve timing on the net.
INFO: [Physopt 32-702] Processed net held_phase_repN. Optimizations did not improve timing on the net.
INFO: [Physopt 32-663] Processed net result_guard/input_count[9]_i_3_n_0.  Re-placed instance result_guard/input_count[9]_i_3
INFO: [Physopt 32-735] Processed net result_guard/input_count[9]_i_3_n_0. Optimization improves timing on the net.
INFO: [Physopt 32-619] Estimated Timing Summary | WNS=-1.608 | TNS=-564.946 |
INFO: [Physopt 32-702] Processed net result_guard/active_private_reg_n_0. Optimizations did not improve timing on the net.
INFO: [Physopt 32-663] Processed net output_bank/p_0_in64_in[0].  Re-placed instance output_bank/metadata_in_hold_reg[69]
INFO: [Physopt 32-735] Processed net output_bank/p_0_in64_in[0]. Optimization improves timing on the net.
INFO: [Physopt 32-619] Estimated Timing Summary | WNS=-1.598 | TNS=-564.824 |
INFO: [Physopt 32-663] Processed net result_guard/D[54].  Re-placed instance result_guard/descriptor_reg[49]
INFO: [Physopt 32-735] Processed net result_guard/D[54]. Optimization improves timing on the net.
INFO: [Physopt 32-619] Estimated Timing Summary | WNS=-1.589 | TNS=-564.770 |
INFO: [Physopt 32-663] Processed net output_bank/p_0_in49_in[0].  Re-placed instance output_bank/metadata_in_hold_reg[54]
INFO: [Physopt 32-735] Processed net output_bank/p_0_in49_in[0]. Optimization improves timing on the net.
INFO: [Physopt 32-619] Estimated Timing Summary | WNS=-1.576 | TNS=-564.789 |
INFO: [Physopt 32-663] Processed net output_bank/p_0_in52_in[0].  Re-placed instance output_bank/metadata_in_hold_reg[57]
INFO: [Physopt 32-735] Processed net output_bank/p_0_in52_in[0]. Optimization improves timing on the net.
INFO: [Physopt 32-619] Estimated Timing Summary | WNS=-1.569 | TNS=-564.322 |
INFO: [Physopt 32-663] Processed net admission_receipt.  Re-placed instance registered_scheduling.admission_receipt_reg
INFO: [Physopt 32-735] Processed net admission_receipt. Optimization improves timing on the net.
INFO: [Physopt 32-619] Estimated Timing Summary | WNS=-1.541 | TNS=-564.138 |
INFO: [Physopt 32-702] Processed net product/product_overflow. Optimizations did not improve timing on the net.
INFO: [Physopt 32-663] Processed net product/sum_real_reg__0[18].  Re-placed instance product/round_and_saturate2_carry_i_1_psdsp_18
INFO: [Physopt 32-735] Processed net product/sum_real_reg__0[18]. Optimization improves timing on the net.
INFO: [Physopt 32-619] Estimated Timing Summary | WNS=-1.541 | TNS=-563.473 |
INFO: [Physopt 32-702] Processed net completion_receipt. Optimizations did not improve timing on the net.
INFO: [Physopt 32-663] Processed net p_0_in[2].  Re-placed instance registered_scheduling.expected_product_metadata_reg[5]
INFO: [Physopt 32-735] Processed net p_0_in[2]. Optimization improves timing on the net.
INFO: [Physopt 32-619] Estimated Timing Summary | WNS=-1.539 | TNS=-563.465 |
INFO: [Physopt 32-663] Processed net p_1_in[2].  Re-placed instance registered_scheduling.engine_metadata_reg[5]
INFO: [Physopt 32-735] Processed net p_1_in[2]. Optimization improves timing on the net.
INFO: [Physopt 32-619] Estimated Timing Summary | WNS=-1.527 | TNS=-563.255 |
INFO: [Physopt 32-702] Processed net result_guard/input_count[3]. Optimizations did not improve timing on the net.
INFO: [Physopt 32-702] Processed net result_guard/input_count[9]_i_3_n_0. Optimizations did not improve timing on the net.
INFO: [Physopt 32-663] Processed net input_guard/registered_scheduling.state_reg[0].  Re-placed instance input_guard/fault_reasons[2]_i_5
INFO: [Physopt 32-735] Processed net input_guard/registered_scheduling.state_reg[0]. Optimization improves timing on the net.
INFO: [Physopt 32-619] Estimated Timing Summary | WNS=-1.518 | TNS=-562.169 |
INFO: [Physopt 32-663] Processed net distributed_fast_fault.cause_sticky__0[6].  Re-placed instance distributed_fast_fault.causes[6].cause_sticky_reg[6]
INFO: [Physopt 32-735] Processed net distributed_fast_fault.cause_sticky__0[6]. Optimization improves timing on the net.
INFO: [Physopt 32-619] Estimated Timing Summary | WNS=-1.512 | TNS=-561.399 |
INFO: [Physopt 32-608] Optimized 1 net.  Swapped 16 pins.
INFO: [Physopt 32-735] Processed net product_bank/registered_scheduling.completion_receipt_i_2_n_0. Optimization improves timing on the net.
INFO: [Physopt 32-619] Estimated Timing Summary | WNS=-1.510 | TNS=-561.252 |
INFO: [Physopt 32-663] Processed net distributed_fast_fault.cause_sticky__0[2].  Re-placed instance distributed_fast_fault.causes[2].cause_sticky_reg[2]
INFO: [Physopt 32-735] Processed net distributed_fast_fault.cause_sticky__0[2]. Optimization improves timing on the net.
INFO: [Physopt 32-619] Estimated Timing Summary | WNS=-1.509 | TNS=-560.108 |
INFO: [Physopt 32-608] Optimized 1 net.  Swapped 13 pins.
INFO: [Physopt 32-735] Processed net input_guard/registered_scheduling.state_reg[0]. Optimization improves timing on the net.
INFO: [Physopt 32-619] Estimated Timing Summary | WNS=-1.506 | TNS=-555.758 |
INFO: [Physopt 32-702] Processed net product/sum_real_reg__0[1]. Optimizations did not improve timing on the net.
INFO: [Physopt 32-663] Processed net product/output_overflow_i_2_n_0.  Re-placed instance product/output_overflow_i_2
INFO: [Physopt 32-735] Processed net product/output_overflow_i_2_n_0. Optimization improves timing on the net.
INFO: [Physopt 32-619] Estimated Timing Summary | WNS=-1.497 | TNS=-555.446 |
INFO: [Physopt 32-663] Processed net result_guard/D[63].  Re-placed instance result_guard/descriptor_reg[58]
INFO: [Physopt 32-735] Processed net result_guard/D[63]. Optimization improves timing on the net.
INFO: [Physopt 32-619] Estimated Timing Summary | WNS=-1.496 | TNS=-555.316 |
INFO: [Physopt 32-702] Processed net product_bank/input_fault1_out. Optimizations did not improve timing on the net.
INFO: [Physopt 32-702] Processed net product_bank/request_toggle_i_2_n_0. Optimizations did not improve timing on the net.
INFO: [Physopt 32-702] Processed net product_bank/input_framing_valid113_in. Optimizations did not improve timing on the net.
INFO: [Physopt 32-608] Optimized 1 net.  Swapped 21 pins.
INFO: [Physopt 32-735] Processed net product/S[0]. Optimization improves timing on the net.
INFO: [Physopt 32-619] Estimated Timing Summary | WNS=-1.489 | TNS=-547.796 |
INFO: [Physopt 32-702] Processed net joiner/kernel_rom/output_kernel_word_reg_0[16]. Optimizations did not improve timing on the net.
INFO: [Physopt 32-663] Processed net joiner/kernel_rom/p_0_in52_in[0].  Re-placed instance joiner/kernel_rom/block_start_index_reg[57]
INFO: [Physopt 32-735] Processed net joiner/kernel_rom/p_0_in52_in[0]. Optimization improves timing on the net.
INFO: [Physopt 32-619] Estimated Timing Summary | WNS=-1.478 | TNS=-547.756 |
INFO: [Physopt 32-663] Processed net registered_scheduling.expected_product_metadata_reg_n_0_[2].  Re-placed instance registered_scheduling.expected_product_metadata_reg[2]
INFO: [Physopt 32-735] Processed net registered_scheduling.expected_product_metadata_reg_n_0_[2]. Optimization improves timing on the net.
INFO: [Physopt 32-619] Estimated Timing Summary | WNS=-1.477 | TNS=-547.752 |
INFO: [Physopt 32-702] Processed net p_1_in32_in[0]. Optimizations did not improve timing on the net.
INFO: [Physopt 32-608] Optimized 1 net.  Swapped 16 pins.
INFO: [Physopt 32-735] Processed net product_bank/registered_scheduling.completion_receipt_i_7_n_0. Optimization improves timing on the net.
INFO: [Physopt 32-619] Estimated Timing Summary | WNS=-1.471 | TNS=-547.475 |
INFO: [Physopt 32-702] Processed net output_bank/p_0_in49_in[0]. Optimizations did not improve timing on the net.
INFO: [Physopt 32-608] Optimized 1 net.  Swapped 17 pins.
INFO: [Physopt 32-735] Processed net result_guard/return_occupied_reg_0. Optimization improves timing on the net.
INFO: [Physopt 32-619] Estimated Timing Summary | WNS=-1.464 | TNS=-546.915 |
INFO: [Physopt 32-663] Processed net input_guard/p_0_in16_in[0].  Re-placed instance input_guard/descriptor_reg[21]
INFO: [Physopt 32-735] Processed net input_guard/p_0_in16_in[0]. Optimization improves timing on the net.
INFO: [Physopt 32-619] Estimated Timing Summary | WNS=-1.464 | TNS=-546.437 |
INFO: [Physopt 32-663] Processed net input_guard/p_0_in16_in[2].  Re-placed instance input_guard/descriptor_reg[23]
INFO: [Physopt 32-735] Processed net input_guard/p_0_in16_in[2]. Optimization improves timing on the net.
INFO: [Physopt 32-619] Estimated Timing Summary | WNS=-1.464 | TNS=-545.959 |
INFO: [Physopt 32-663] Processed net input_guard/p_0_in28_in[1].  Re-placed instance input_guard/descriptor_reg[34]
INFO: [Physopt 32-735] Processed net input_guard/p_0_in28_in[1]. Optimization improves timing on the net.
INFO: [Physopt 32-619] Estimated Timing Summary | WNS=-1.464 | TNS=-545.481 |
INFO: [Physopt 32-663] Processed net input_guard/p_0_in28_in[2].  Re-placed instance input_guard/descriptor_reg[35]
INFO: [Physopt 32-735] Processed net input_guard/p_0_in28_in[2]. Optimization improves timing on the net.
INFO: [Physopt 32-619] Estimated Timing Summary | WNS=-1.449 | TNS=-545.003 |
INFO: [Physopt 32-663] Processed net product_bank/Q[5].  Re-placed instance product_bank/write_position_reg[5]
INFO: [Physopt 32-735] Processed net product_bank/Q[5]. Optimization improves timing on the net.
INFO: [Physopt 32-619] Estimated Timing Summary | WNS=-1.447 | TNS=-543.243 |
INFO: [Physopt 32-702] Processed net joiner/kernel_rom/B[16]. Optimizations did not improve timing on the net.
INFO: [Physopt 32-702] Processed net per_cause_fault_cdc.causes[2].cause_sync[0]. Optimizations did not improve timing on the net.
INFO: [Physopt 32-702] Processed net distributed_fast_fault.cause_sticky__0[2]. Optimizations did not improve timing on the net.
INFO: [Physopt 32-619] Estimated Timing Summary | WNS=-1.447 | TNS=-543.243 |
Phase 3 Critical Path Optimization | Checksum: 1f8fa66fd

Time (s): cpu = 00:00:05 ; elapsed = 00:00:03 . Memory (MB): peak = 2612.516 ; gain = 0.000 ; free physical = 1016 ; free virtual = 153297

Phase 4 Critical Path Optimization
INFO: [Physopt 32-619] Estimated Timing Summary | WNS=-1.447 | TNS=-543.243 |
INFO: [Physopt 32-702] Processed net product/product_ii_reg_n_153. Optimizations did not improve timing on the net.
INFO: [Physopt 32-702] Processed net joiner/kernel_rom/B[16]. Optimizations did not improve timing on the net.
INFO: [Physopt 32-702] Processed net per_cause_fault_cdc.causes[2].cause_sync[0]. Optimizations did not improve timing on the net.
INFO: [Physopt 32-81] Processed net distributed_fast_fault.cause_sticky__0[2]. Replicated 1 times.
INFO: [Physopt 32-735] Processed net distributed_fast_fault.cause_sticky__0[2]. Optimization improves timing on the net.
INFO: [Physopt 32-619] Estimated Timing Summary | WNS=-1.447 | TNS=-542.847 |
INFO: [Physopt 32-663] Processed net output_bank/output_metadata[54].  Re-placed instance output_bank/metadata_out_hold_reg[54]
INFO: [Physopt 32-735] Processed net output_bank/output_metadata[54]. Optimization improves timing on the net.
INFO: [Physopt 32-619] Estimated Timing Summary | WNS=-1.447 | TNS=-542.655 |
INFO: [Physopt 32-663] Processed net output_bank/output_metadata[18].  Re-placed instance output_bank/metadata_out_hold_reg[18]
INFO: [Physopt 32-735] Processed net output_bank/output_metadata[18]. Optimization improves timing on the net.
INFO: [Physopt 32-619] Estimated Timing Summary | WNS=-1.447 | TNS=-542.424 |
INFO: [Physopt 32-663] Processed net output_bank/output_metadata[69].  Re-placed instance output_bank/metadata_out_hold_reg[69]
INFO: [Physopt 32-735] Processed net output_bank/output_metadata[69]. Optimization improves timing on the net.
INFO: [Physopt 32-619] Estimated Timing Summary | WNS=-1.447 | TNS=-542.245 |
INFO: [Physopt 32-663] Processed net output_bank/output_metadata[17].  Re-placed instance output_bank/metadata_out_hold_reg[17]
INFO: [Physopt 32-735] Processed net output_bank/output_metadata[17]. Optimization improves timing on the net.
INFO: [Physopt 32-619] Estimated Timing Summary | WNS=-1.447 | TNS=-542.076 |
INFO: [Physopt 32-663] Processed net output_bank/output_metadata[26].  Re-placed instance output_bank/metadata_out_hold_reg[26]
INFO: [Physopt 32-735] Processed net output_bank/output_metadata[26]. Optimization improves timing on the net.
INFO: [Physopt 32-619] Estimated Timing Summary | WNS=-1.447 | TNS=-541.866 |
INFO: [Physopt 32-663] Processed net output_bank/output_metadata[0].  Re-placed instance output_bank/metadata_out_hold_reg[0]
INFO: [Physopt 32-735] Processed net output_bank/output_metadata[0]. Optimization improves timing on the net.
INFO: [Physopt 32-619] Estimated Timing Summary | WNS=-1.447 | TNS=-541.843 |
INFO: [Common 17-14] Message 'Physopt 32-619' appears 100 times and further instances of the messages will be disabled. Use the Tcl command set_msg_config to change the current settings.
INFO: [Physopt 32-663] Processed net output_bank/output_metadata[52].  Re-placed instance output_bank/metadata_out_hold_reg[52]
INFO: [Physopt 32-735] Processed net output_bank/output_metadata[52]. Optimization improves timing on the net.
INFO: [Physopt 32-702] Processed net per_cause_fault_cdc.causes[8].cause_sync[0]. Optimizations did not improve timing on the net.
INFO: [Physopt 32-663] Processed net distributed_fast_fault.cause_sticky__0[8].  Re-placed instance distributed_fast_fault.causes[8].cause_sticky_reg[8]
INFO: [Physopt 32-735] Processed net distributed_fast_fault.cause_sticky__0[8]. Optimization improves timing on the net.
INFO: [Physopt 32-702] Processed net output_bank/output_metadata[19]. Optimizations did not improve timing on the net.
INFO: [Physopt 32-663] Processed net output_bank/p_0_in13_in[1].  Re-placed instance output_bank/metadata_in_hold_reg[19]
INFO: [Physopt 32-735] Processed net output_bank/p_0_in13_in[1]. Optimization improves timing on the net.
INFO: [Physopt 32-663] Processed net output_bank/output_metadata[39].  Re-placed instance output_bank/metadata_out_hold_reg[39]
INFO: [Physopt 32-735] Processed net output_bank/output_metadata[39]. Optimization improves timing on the net.
INFO: [Physopt 32-663] Processed net output_bank/output_metadata[16].  Re-placed instance output_bank/metadata_out_hold_reg[16]
INFO: [Physopt 32-735] Processed net output_bank/output_metadata[16]. Optimization improves timing on the net.
INFO: [Common 17-14] Message 'Physopt 32-735' appears 100 times and further instances of the messages will be disabled. Use the Tcl command set_msg_config to change the current settings.
INFO: [Physopt 32-663] Processed net output_bank/output_metadata[22].  Re-placed instance output_bank/metadata_out_hold_reg[22]
INFO: [Physopt 32-663] Processed net output_bank/output_metadata[62].  Re-placed instance output_bank/metadata_out_hold_reg[62]
INFO: [Physopt 32-663] Processed net output_bank/output_metadata[50].  Re-placed instance output_bank/metadata_out_hold_reg[50]
INFO: [Physopt 32-702] Processed net joiner/kernel_rom/B[16]. Optimizations did not improve timing on the net.
INFO: [Physopt 32-663] Processed net output_bank/output_metadata[2].  Re-placed instance output_bank/metadata_out_hold_reg[2]
INFO: [Physopt 32-702] Processed net output_bank/output_metadata[50]. Optimizations did not improve timing on the net.
INFO: [Physopt 32-663] Processed net output_bank/p_0_in43_in[2].  Re-placed instance output_bank/metadata_in_hold_reg[50]
INFO: [Physopt 32-702] Processed net output_bank/output_metadata[25]. Optimizations did not improve timing on the net.
INFO: [Physopt 32-663] Processed net output_bank/p_0_in19_in[1].  Re-placed instance output_bank/metadata_in_hold_reg[25]
INFO: [Physopt 32-663] Processed net output_bank/output_metadata[46].  Re-placed instance output_bank/metadata_out_hold_reg[46]
INFO: [Physopt 32-663] Processed net output_bank/output_metadata[37].  Re-placed instance output_bank/metadata_out_hold_reg[37]
INFO: [Physopt 32-663] Processed net output_bank/output_metadata[70].  Re-placed instance output_bank/metadata_out_hold_reg[70]
INFO: [Physopt 32-663] Processed net output_bank/output_metadata[65].  Re-placed instance output_bank/metadata_out_hold_reg[65]
INFO: [Physopt 32-663] Processed net output_bank/output_metadata[63].  Re-placed instance output_bank/metadata_out_hold_reg[63]
INFO: [Physopt 32-702] Processed net output_bank/output_metadata[45]. Optimizations did not improve timing on the net.
INFO: [Physopt 32-663] Processed net output_bank/p_0_in40_in[0].  Re-placed instance output_bank/metadata_in_hold_reg[45]
INFO: [Common 17-14] Message 'Physopt 32-663' appears 100 times and further instances of the messages will be disabled. Use the Tcl command set_msg_config to change the current settings.
INFO: [Physopt 32-702] Processed net output_bank/output_metadata[5]. Optimizations did not improve timing on the net.
Phase 4 Critical Path Optimization | Checksum: 1d2e0735d

Time (s): cpu = 00:00:06 ; elapsed = 00:00:04 . Memory (MB): peak = 2612.516 ; gain = 0.000 ; free physical = 1272 ; free virtual = 152983
Netlist sorting complete. Time (s): cpu = 00:00:00.01 ; elapsed = 00:00:00.01 . Memory (MB): peak = 2612.516 ; gain = 0.000 ; free physical = 1254 ; free virtual = 152964
INFO: [Physopt 32-603] Post Physical Optimization Timing Summary | WNS=-1.447 | TNS=-540.022 |

Summary of Physical Synthesis Optimizations
============================================


-------------------------------------------------------------------------------------------------------------------------------------------------------------
|  Optimization   |  WNS Gain (ns)  |  TNS Gain (ns)  |  Added Cells  |  Removed Cells  |  Optimized Cells/Nets  |  Dont Touch  |  Iterations  |  Elapsed   |
-------------------------------------------------------------------------------------------------------------------------------------------------------------
|  DSP Register   |          0.000  |          0.000  |            0  |              0  |                     0  |           0  |           1  |  00:00:00  |
|  Critical Path  |          0.542  |        100.534  |            8  |              0  |                   114  |           0  |           2  |  00:00:04  |
|  Total          |          0.542  |        100.534  |            8  |              0  |                   114  |           0  |           3  |  00:00:04  |
-------------------------------------------------------------------------------------------------------------------------------------------------------------


Netlist sorting complete. Time (s): cpu = 00:00:00 ; elapsed = 00:00:00 . Memory (MB): peak = 2612.516 ; gain = 0.000 ; free physical = 1245 ; free virtual = 152955
Ending Physical Synthesis Task | Checksum: a14e073a

Time (s): cpu = 00:00:06 ; elapsed = 00:00:04 . Memory (MB): peak = 2612.516 ; gain = 0.000 ; free physical = 1214 ; free virtual = 152924
INFO: [Common 17-83] Releasing license: Implementation
444 Infos, 2 Warnings, 0 Critical Warnings and 0 Errors encountered.
phys_opt_design completed successfully
INFO: [Common 17-600] The following parameters have non-default value.
general.maxThreads
Command: route_design
Attempting to get a license for feature 'Implementation' and/or device 'xc7z010'
INFO: [Common 17-349] Got license for feature 'Implementation' and/or device 'xc7z010'
INFO: [DRC 23-27] Running DRC with 2 threads
INFO: [Vivado_Tcl 4-198] DRC finished with 0 Errors
INFO: [Vivado_Tcl 4-199] Please refer to the DRC report (report_drc) for more information.
Running DRC as a precondition to command route_design
INFO: [DRC 23-27] Running DRC with 2 threads
INFO: [Vivado_Tcl 4-198] DRC finished with 0 Errors
INFO: [Vivado_Tcl 4-199] Please refer to the DRC report (report_drc) for more information.


Starting Routing Task
INFO: [Route 35-254] Multithreading enabled for route_design using a maximum of 2 CPUs

Phase 1 Build RT Design
Checksum: PlaceDB: 4869be7 ConstDB: 0 ShapeSum: 7bda01fa RouteDB: 0
WARNING: [Route 35-197] Clock port "fft_clk" does not have an associated HD.CLK_SRC. Without this constraint, timing analysis may not be accurate and upstream checks cannot be done to ensure correct clock placement.
WARNING: [Route 35-197] Clock port "clk" does not have an associated HD.CLK_SRC. Without this constraint, timing analysis may not be accurate and upstream checks cannot be done to ensure correct clock placement.
WARNING: [Route 35-198] Port "input_data[15]" does not have an associated HD.PARTPIN_LOCS, which will prevent the partial routing of the signal "input_data[15]". Without this partial route, timing analysis to/from this port will not be accurate, and no routing information for this port can be exported.
WARNING: [Route 35-198] Port "input_data[14]" does not have an associated HD.PARTPIN_LOCS, which will prevent the partial routing of the signal "input_data[14]". Without this partial route, timing analysis to/from this port will not be accurate, and no routing information for this port can be exported.
WARNING: [Route 35-198] Port "input_data[13]" does not have an associated HD.PARTPIN_LOCS, which will prevent the partial routing of the signal "input_data[13]". Without this partial route, timing analysis to/from this port will not be accurate, and no routing information for this port can be exported.
WARNING: [Route 35-198] Port "input_data[12]" does not have an associated HD.PARTPIN_LOCS, which will prevent the partial routing of the signal "input_data[12]". Without this partial route, timing analysis to/from this port will not be accurate, and no routing information for this port can be exported.
WARNING: [Route 35-198] Port "input_data[11]" does not have an associated HD.PARTPIN_LOCS, which will prevent the partial routing of the signal "input_data[11]". Without this partial route, timing analysis to/from this port will not be accurate, and no routing information for this port can be exported.
WARNING: [Route 35-198] Port "input_data[10]" does not have an associated HD.PARTPIN_LOCS, which will prevent the partial routing of the signal "input_data[10]". Without this partial route, timing analysis to/from this port will not be accurate, and no routing information for this port can be exported.
WARNING: [Route 35-198] Port "input_data[9]" does not have an associated HD.PARTPIN_LOCS, which will prevent the partial routing of the signal "input_data[9]". Without this partial route, timing analysis to/from this port will not be accurate, and no routing information for this port can be exported.
WARNING: [Route 35-198] Port "input_data[8]" does not have an associated HD.PARTPIN_LOCS, which will prevent the partial routing of the signal "input_data[8]". Without this partial route, timing analysis to/from this port will not be accurate, and no routing information for this port can be exported.
WARNING: [Route 35-198] Port "input_data[7]" does not have an associated HD.PARTPIN_LOCS, which will prevent the partial routing of the signal "input_data[7]". Without this partial route, timing analysis to/from this port will not be accurate, and no routing information for this port can be exported.
WARNING: [Route 35-198] Port "input_data[6]" does not have an associated HD.PARTPIN_LOCS, which will prevent the partial routing of the signal "input_data[6]". Without this partial route, timing analysis to/from this port will not be accurate, and no routing information for this port can be exported.
WARNING: [Route 35-198] Port "input_data[5]" does not have an associated HD.PARTPIN_LOCS, which will prevent the partial routing of the signal "input_data[5]". Without this partial route, timing analysis to/from this port will not be accurate, and no routing information for this port can be exported.
WARNING: [Route 35-198] Port "input_data[4]" does not have an associated HD.PARTPIN_LOCS, which will prevent the partial routing of the signal "input_data[4]". Without this partial route, timing analysis to/from this port will not be accurate, and no routing information for this port can be exported.
WARNING: [Route 35-198] Port "input_data[3]" does not have an associated HD.PARTPIN_LOCS, which will prevent the partial routing of the signal "input_data[3]". Without this partial route, timing analysis to/from this port will not be accurate, and no routing information for this port can be exported.
WARNING: [Route 35-198] Port "input_data[2]" does not have an associated HD.PARTPIN_LOCS, which will prevent the partial routing of the signal "input_data[2]". Without this partial route, timing analysis to/from this port will not be accurate, and no routing information for this port can be exported.
WARNING: [Route 35-198] Port "input_data[1]" does not have an associated HD.PARTPIN_LOCS, which will prevent the partial routing of the signal "input_data[1]". Without this partial route, timing analysis to/from this port will not be accurate, and no routing information for this port can be exported.
WARNING: [Route 35-198] Port "input_data[0]" does not have an associated HD.PARTPIN_LOCS, which will prevent the partial routing of the signal "input_data[0]". Without this partial route, timing analysis to/from this port will not be accurate, and no routing information for this port can be exported.
WARNING: [Route 35-198] Port "input_data[31]" does not have an associated HD.PARTPIN_LOCS, which will prevent the partial routing of the signal "input_data[31]". Without this partial route, timing analysis to/from this port will not be accurate, and no routing information for this port can be exported.
WARNING: [Route 35-198] Port "input_data[30]" does not have an associated HD.PARTPIN_LOCS, which will prevent the partial routing of the signal "input_data[30]". Without this partial route, timing analysis to/from this port will not be accurate, and no routing information for this port can be exported.
WARNING: [Route 35-198] Port "input_data[29]" does not have an associated HD.PARTPIN_LOCS, which will prevent the partial routing of the signal "input_data[29]". Without this partial route, timing analysis to/from this port will not be accurate, and no routing information for this port can be exported.
WARNING: [Route 35-198] Port "input_data[28]" does not have an associated HD.PARTPIN_LOCS, which will prevent the partial routing of the signal "input_data[28]". Without this partial route, timing analysis to/from this port will not be accurate, and no routing information for this port can be exported.
WARNING: [Route 35-198] Port "input_data[27]" does not have an associated HD.PARTPIN_LOCS, which will prevent the partial routing of the signal "input_data[27]". Without this partial route, timing analysis to/from this port will not be accurate, and no routing information for this port can be exported.
WARNING: [Route 35-198] Port "input_data[26]" does not have an associated HD.PARTPIN_LOCS, which will prevent the partial routing of the signal "input_data[26]". Without this partial route, timing analysis to/from this port will not be accurate, and no routing information for this port can be exported.
WARNING: [Route 35-198] Port "input_data[25]" does not have an associated HD.PARTPIN_LOCS, which will prevent the partial routing of the signal "input_data[25]". Without this partial route, timing analysis to/from this port will not be accurate, and no routing information for this port can be exported.
WARNING: [Route 35-198] Port "input_data[24]" does not have an associated HD.PARTPIN_LOCS, which will prevent the partial routing of the signal "input_data[24]". Without this partial route, timing analysis to/from this port will not be accurate, and no routing information for this port can be exported.
WARNING: [Route 35-198] Port "input_data[23]" does not have an associated HD.PARTPIN_LOCS, which will prevent the partial routing of the signal "input_data[23]". Without this partial route, timing analysis to/from this port will not be accurate, and no routing information for this port can be exported.
WARNING: [Route 35-198] Port "input_data[22]" does not have an associated HD.PARTPIN_LOCS, which will prevent the partial routing of the signal "input_data[22]". Without this partial route, timing analysis to/from this port will not be accurate, and no routing information for this port can be exported.
WARNING: [Route 35-198] Port "input_data[21]" does not have an associated HD.PARTPIN_LOCS, which will prevent the partial routing of the signal "input_data[21]". Without this partial route, timing analysis to/from this port will not be accurate, and no routing information for this port can be exported.
WARNING: [Route 35-198] Port "input_data[20]" does not have an associated HD.PARTPIN_LOCS, which will prevent the partial routing of the signal "input_data[20]". Without this partial route, timing analysis to/from this port will not be accurate, and no routing information for this port can be exported.
WARNING: [Route 35-198] Port "input_data[19]" does not have an associated HD.PARTPIN_LOCS, which will prevent the partial routing of the signal "input_data[19]". Without this partial route, timing analysis to/from this port will not be accurate, and no routing information for this port can be exported.
WARNING: [Route 35-198] Port "input_data[18]" does not have an associated HD.PARTPIN_LOCS, which will prevent the partial routing of the signal "input_data[18]". Without this partial route, timing analysis to/from this port will not be accurate, and no routing information for this port can be exported.
WARNING: [Route 35-198] Port "input_data[17]" does not have an associated HD.PARTPIN_LOCS, which will prevent the partial routing of the signal "input_data[17]". Without this partial route, timing analysis to/from this port will not be accurate, and no routing information for this port can be exported.
WARNING: [Route 35-198] Port "input_data[16]" does not have an associated HD.PARTPIN_LOCS, which will prevent the partial routing of the signal "input_data[16]". Without this partial route, timing analysis to/from this port will not be accurate, and no routing information for this port can be exported.
WARNING: [Route 35-198] Port "input_data[33]" does not have an associated HD.PARTPIN_LOCS, which will prevent the partial routing of the signal "input_data[33]". Without this partial route, timing analysis to/from this port will not be accurate, and no routing information for this port can be exported.
WARNING: [Route 35-198] Port "input_data[32]" does not have an associated HD.PARTPIN_LOCS, which will prevent the partial routing of the signal "input_data[32]". Without this partial route, timing analysis to/from this port will not be accurate, and no routing information for this port can be exported.
WARNING: [Route 35-198] Port "input_data[35]" does not have an associated HD.PARTPIN_LOCS, which will prevent the partial routing of the signal "input_data[35]". Without this partial route, timing analysis to/from this port will not be accurate, and no routing information for this port can be exported.
WARNING: [Route 35-198] Port "input_data[34]" does not have an associated HD.PARTPIN_LOCS, which will prevent the partial routing of the signal "input_data[34]". Without this partial route, timing analysis to/from this port will not be accurate, and no routing information for this port can be exported.
WARNING: [Route 35-198] Port "input_block_start[7]" does not have an associated HD.PARTPIN_LOCS, which will prevent the partial routing of the signal "input_block_start[7]". Without this partial route, timing analysis to/from this port will not be accurate, and no routing information for this port can be exported.
WARNING: [Route 35-198] Port "input_block_start[12]" does not have an associated HD.PARTPIN_LOCS, which will prevent the partial routing of the signal "input_block_start[12]". Without this partial route, timing analysis to/from this port will not be accurate, and no routing information for this port can be exported.
WARNING: [Route 35-198] Port "input_block_start[15]" does not have an associated HD.PARTPIN_LOCS, which will prevent the partial routing of the signal "input_block_start[15]". Without this partial route, timing analysis to/from this port will not be accurate, and no routing information for this port can be exported.
WARNING: [Route 35-198] Port "input_block_start[18]" does not have an associated HD.PARTPIN_LOCS, which will prevent the partial routing of the signal "input_block_start[18]". Without this partial route, timing analysis to/from this port will not be accurate, and no routing information for this port can be exported.
WARNING: [Route 35-198] Port "input_block_start[33]" does not have an associated HD.PARTPIN_LOCS, which will prevent the partial routing of the signal "input_block_start[33]". Without this partial route, timing analysis to/from this port will not be accurate, and no routing information for this port can be exported.
WARNING: [Route 35-198] Port "input_block_start[36]" does not have an associated HD.PARTPIN_LOCS, which will prevent the partial routing of the signal "input_block_start[36]". Without this partial route, timing analysis to/from this port will not be accurate, and no routing information for this port can be exported.
WARNING: [Route 35-198] Port "input_block_start[0]" does not have an associated HD.PARTPIN_LOCS, which will prevent the partial routing of the signal "input_block_start[0]". Without this partial route, timing analysis to/from this port will not be accurate, and no routing information for this port can be exported.
WARNING: [Route 35-198] Port "input_block_start[31]" does not have an associated HD.PARTPIN_LOCS, which will prevent the partial routing of the signal "input_block_start[31]". Without this partial route, timing analysis to/from this port will not be accurate, and no routing information for this port can be exported.
WARNING: [Route 35-198] Port "input_block_start[51]" does not have an associated HD.PARTPIN_LOCS, which will prevent the partial routing of the signal "input_block_start[51]". Without this partial route, timing analysis to/from this port will not be accurate, and no routing information for this port can be exported.
WARNING: [Route 35-198] Port "input_block_start[44]" does not have an associated HD.PARTPIN_LOCS, which will prevent the partial routing of the signal "input_block_start[44]". Without this partial route, timing analysis to/from this port will not be accurate, and no routing information for this port can be exported.
WARNING: [Route 35-198] Port "input_block_start[58]" does not have an associated HD.PARTPIN_LOCS, which will prevent the partial routing of the signal "input_block_start[58]". Without this partial route, timing analysis to/from this port will not be accurate, and no routing information for this port can be exported.
WARNING: [Route 35-198] Port "input_block_start[61]" does not have an associated HD.PARTPIN_LOCS, which will prevent the partial routing of the signal "input_block_start[61]". Without this partial route, timing analysis to/from this port will not be accurate, and no routing information for this port can be exported.
WARNING: [Route 35-198] Port "input_block_start[63]" does not have an associated HD.PARTPIN_LOCS, which will prevent the partial routing of the signal "input_block_start[63]". Without this partial route, timing analysis to/from this port will not be accurate, and no routing information for this port can be exported.
WARNING: [Route 35-198] Port "input_block_start[52]" does not have an associated HD.PARTPIN_LOCS, which will prevent the partial routing of the signal "input_block_start[52]". Without this partial route, timing analysis to/from this port will not be accurate, and no routing information for this port can be exported.
WARNING: [Route 35-198] Port "input_block_start[60]" does not have an associated HD.PARTPIN_LOCS, which will prevent the partial routing of the signal "input_block_start[60]". Without this partial route, timing analysis to/from this port will not be accurate, and no routing information for this port can be exported.
WARNING: [Route 35-198] Port "resetn" does not have an associated HD.PARTPIN_LOCS, which will prevent the partial routing of the signal "resetn". Without this partial route, timing analysis to/from this port will not be accurate, and no routing information for this port can be exported.
WARNING: [Route 35-198] Port "input_position[6]" does not have an associated HD.PARTPIN_LOCS, which will prevent the partial routing of the signal "input_position[6]". Without this partial route, timing analysis to/from this port will not be accurate, and no routing information for this port can be exported.
WARNING: [Route 35-198] Port "input_position[7]" does not have an associated HD.PARTPIN_LOCS, which will prevent the partial routing of the signal "input_position[7]". Without this partial route, timing analysis to/from this port will not be accurate, and no routing information for this port can be exported.
WARNING: [Route 35-198] Port "input_position[8]" does not have an associated HD.PARTPIN_LOCS, which will prevent the partial routing of the signal "input_position[8]". Without this partial route, timing analysis to/from this port will not be accurate, and no routing information for this port can be exported.
WARNING: [Route 35-198] Port "input_position[3]" does not have an associated HD.PARTPIN_LOCS, which will prevent the partial routing of the signal "input_position[3]". Without this partial route, timing analysis to/from this port will not be accurate, and no routing information for this port can be exported.
WARNING: [Route 35-198] Port "input_position[5]" does not have an associated HD.PARTPIN_LOCS, which will prevent the partial routing of the signal "input_position[5]". Without this partial route, timing analysis to/from this port will not be accurate, and no routing information for this port can be exported.
WARNING: [Route 35-198] Port "input_position[4]" does not have an associated HD.PARTPIN_LOCS, which will prevent the partial routing of the signal "input_position[4]". Without this partial route, timing analysis to/from this port will not be accurate, and no routing information for this port can be exported.
WARNING: [Route 35-198] Port "input_position[0]" does not have an associated HD.PARTPIN_LOCS, which will prevent the partial routing of the signal "input_position[0]". Without this partial route, timing analysis to/from this port will not be accurate, and no routing information for this port can be exported.
WARNING: [Route 35-198] Port "input_position[1]" does not have an associated HD.PARTPIN_LOCS, which will prevent the partial routing of the signal "input_position[1]". Without this partial route, timing analysis to/from this port will not be accurate, and no routing information for this port can be exported.
WARNING: [Route 35-198] Port "input_position[2]" does not have an associated HD.PARTPIN_LOCS, which will prevent the partial routing of the signal "input_position[2]". Without this partial route, timing analysis to/from this port will not be accurate, and no routing information for this port can be exported.
WARNING: [Route 35-198] Port "input_valid" does not have an associated HD.PARTPIN_LOCS, which will prevent the partial routing of the signal "input_valid". Without this partial route, timing analysis to/from this port will not be accurate, and no routing information for this port can be exported.
WARNING: [Route 35-198] Port "input_last" does not have an associated HD.PARTPIN_LOCS, which will prevent the partial routing of the signal "input_last". Without this partial route, timing analysis to/from this port will not be accurate, and no routing information for this port can be exported.
WARNING: [Route 35-198] Port "output_ready" does not have an associated HD.PARTPIN_LOCS, which will prevent the partial routing of the signal "output_ready". Without this partial route, timing analysis to/from this port will not be accurate, and no routing information for this port can be exported.
WARNING: [Route 35-198] Port "input_block_start[47]" does not have an associated HD.PARTPIN_LOCS, which will prevent the partial routing of the signal "input_block_start[47]". Without this partial route, timing analysis to/from this port will not be accurate, and no routing information for this port can be exported.
WARNING: [Route 35-198] Port "input_block_start[59]" does not have an associated HD.PARTPIN_LOCS, which will prevent the partial routing of the signal "input_block_start[59]". Without this partial route, timing analysis to/from this port will not be accurate, and no routing information for this port can be exported.
WARNING: [Route 35-198] Port "input_block_start[62]" does not have an associated HD.PARTPIN_LOCS, which will prevent the partial routing of the signal "input_block_start[62]". Without this partial route, timing analysis to/from this port will not be accurate, and no routing information for this port can be exported.
WARNING: [Route 35-198] Port "input_block_start[6]" does not have an associated HD.PARTPIN_LOCS, which will prevent the partial routing of the signal "input_block_start[6]". Without this partial route, timing analysis to/from this port will not be accurate, and no routing information for this port can be exported.
WARNING: [Route 35-198] Port "input_block_start[10]" does not have an associated HD.PARTPIN_LOCS, which will prevent the partial routing of the signal "input_block_start[10]". Without this partial route, timing analysis to/from this port will not be accurate, and no routing information for this port can be exported.
WARNING: [Route 35-198] Port "input_block_start[11]" does not have an associated HD.PARTPIN_LOCS, which will prevent the partial routing of the signal "input_block_start[11]". Without this partial route, timing analysis to/from this port will not be accurate, and no routing information for this port can be exported.
WARNING: [Route 35-198] Port "input_block_start[17]" does not have an associated HD.PARTPIN_LOCS, which will prevent the partial routing of the signal "input_block_start[17]". Without this partial route, timing analysis to/from this port will not be accurate, and no routing information for this port can be exported.
WARNING: [Route 35-198] Port "input_block_start[1]" does not have an associated HD.PARTPIN_LOCS, which will prevent the partial routing of the signal "input_block_start[1]". Without this partial route, timing analysis to/from this port will not be accurate, and no routing information for this port can be exported.
WARNING: [Route 35-198] Port "input_block_start[8]" does not have an associated HD.PARTPIN_LOCS, which will prevent the partial routing of the signal "input_block_start[8]". Without this partial route, timing analysis to/from this port will not be accurate, and no routing information for this port can be exported.
WARNING: [Route 35-198] Port "input_block_start[9]" does not have an associated HD.PARTPIN_LOCS, which will prevent the partial routing of the signal "input_block_start[9]". Without this partial route, timing analysis to/from this port will not be accurate, and no routing information for this port can be exported.
WARNING: [Route 35-198] Port "input_block_start[14]" does not have an associated HD.PARTPIN_LOCS, which will prevent the partial routing of the signal "input_block_start[14]". Without this partial route, timing analysis to/from this port will not be accurate, and no routing information for this port can be exported.
WARNING: [Route 35-198] Port "input_block_start[20]" does not have an associated HD.PARTPIN_LOCS, which will prevent the partial routing of the signal "input_block_start[20]". Without this partial route, timing analysis to/from this port will not be accurate, and no routing information for this port can be exported.
WARNING: [Route 35-198] Port "input_block_start[3]" does not have an associated HD.PARTPIN_LOCS, which will prevent the partial routing of the signal "input_block_start[3]". Without this partial route, timing analysis to/from this port will not be accurate, and no routing information for this port can be exported.
WARNING: [Route 35-198] Port "input_block_start[4]" does not have an associated HD.PARTPIN_LOCS, which will prevent the partial routing of the signal "input_block_start[4]". Without this partial route, timing analysis to/from this port will not be accurate, and no routing information for this port can be exported.
WARNING: [Route 35-198] Port "input_block_start[2]" does not have an associated HD.PARTPIN_LOCS, which will prevent the partial routing of the signal "input_block_start[2]". Without this partial route, timing analysis to/from this port will not be accurate, and no routing information for this port can be exported.
WARNING: [Route 35-198] Port "input_block_start[5]" does not have an associated HD.PARTPIN_LOCS, which will prevent the partial routing of the signal "input_block_start[5]". Without this partial route, timing analysis to/from this port will not be accurate, and no routing information for this port can be exported.
WARNING: [Route 35-198] Port "input_block_start[22]" does not have an associated HD.PARTPIN_LOCS, which will prevent the partial routing of the signal "input_block_start[22]". Without this partial route, timing analysis to/from this port will not be accurate, and no routing information for this port can be exported.
WARNING: [Route 35-198] Port "input_block_start[23]" does not have an associated HD.PARTPIN_LOCS, which will prevent the partial routing of the signal "input_block_start[23]". Without this partial route, timing analysis to/from this port will not be accurate, and no routing information for this port can be exported.
WARNING: [Route 35-198] Port "input_block_start[24]" does not have an associated HD.PARTPIN_LOCS, which will prevent the partial routing of the signal "input_block_start[24]". Without this partial route, timing analysis to/from this port will not be accurate, and no routing information for this port can be exported.
WARNING: [Route 35-198] Port "input_block_start[19]" does not have an associated HD.PARTPIN_LOCS, which will prevent the partial routing of the signal "input_block_start[19]". Without this partial route, timing analysis to/from this port will not be accurate, and no routing information for this port can be exported.
WARNING: [Route 35-198] Port "input_block_start[21]" does not have an associated HD.PARTPIN_LOCS, which will prevent the partial routing of the signal "input_block_start[21]". Without this partial route, timing analysis to/from this port will not be accurate, and no routing information for this port can be exported.
WARNING: [Route 35-198] Port "input_block_start[16]" does not have an associated HD.PARTPIN_LOCS, which will prevent the partial routing of the signal "input_block_start[16]". Without this partial route, timing analysis to/from this port will not be accurate, and no routing information for this port can be exported.
WARNING: [Route 35-198] Port "input_block_start[13]" does not have an associated HD.PARTPIN_LOCS, which will prevent the partial routing of the signal "input_block_start[13]". Without this partial route, timing analysis to/from this port will not be accurate, and no routing information for this port can be exported.
WARNING: [Route 35-198] Port "input_block_start[34]" does not have an associated HD.PARTPIN_LOCS, which will prevent the partial routing of the signal "input_block_start[34]". Without this partial route, timing analysis to/from this port will not be accurate, and no routing information for this port can be exported.
WARNING: [Route 35-198] Port "input_block_start[35]" does not have an associated HD.PARTPIN_LOCS, which will prevent the partial routing of the signal "input_block_start[35]". Without this partial route, timing analysis to/from this port will not be accurate, and no routing information for this port can be exported.
WARNING: [Route 35-198] Port "input_block_start[32]" does not have an associated HD.PARTPIN_LOCS, which will prevent the partial routing of the signal "input_block_start[32]". Without this partial route, timing analysis to/from this port will not be accurate, and no routing information for this port can be exported.
WARNING: [Route 35-198] Port "input_block_start[28]" does not have an associated HD.PARTPIN_LOCS, which will prevent the partial routing of the signal "input_block_start[28]". Without this partial route, timing analysis to/from this port will not be accurate, and no routing information for this port can be exported.
WARNING: [Route 35-198] Port "input_block_start[29]" does not have an associated HD.PARTPIN_LOCS, which will prevent the partial routing of the signal "input_block_start[29]". Without this partial route, timing analysis to/from this port will not be accurate, and no routing information for this port can be exported.
WARNING: [Route 35-198] Port "input_block_start[30]" does not have an associated HD.PARTPIN_LOCS, which will prevent the partial routing of the signal "input_block_start[30]". Without this partial route, timing analysis to/from this port will not be accurate, and no routing information for this port can be exported.
WARNING: [Route 35-198] Port "input_block_start[25]" does not have an associated HD.PARTPIN_LOCS, which will prevent the partial routing of the signal "input_block_start[25]". Without this partial route, timing analysis to/from this port will not be accurate, and no routing information for this port can be exported.
WARNING: [Route 35-198] Port "input_block_start[26]" does not have an associated HD.PARTPIN_LOCS, which will prevent the partial routing of the signal "input_block_start[26]". Without this partial route, timing analysis to/from this port will not be accurate, and no routing information for this port can be exported.
WARNING: [Route 35-198] Port "input_block_start[27]" does not have an associated HD.PARTPIN_LOCS, which will prevent the partial routing of the signal "input_block_start[27]". Without this partial route, timing analysis to/from this port will not be accurate, and no routing information for this port can be exported.
WARNING: [Route 35-198] Port "input_block_start[46]" does not have an associated HD.PARTPIN_LOCS, which will prevent the partial routing of the signal "input_block_start[46]". Without this partial route, timing analysis to/from this port will not be accurate, and no routing information for this port can be exported.
WARNING: [Route 35-198] Port "input_block_start[48]" does not have an associated HD.PARTPIN_LOCS, which will prevent the partial routing of the signal "input_block_start[48]". Without this partial route, timing analysis to/from this port will not be accurate, and no routing information for this port can be exported.
WARNING: [Route 35-198] Port "input_block_start[43]" does not have an associated HD.PARTPIN_LOCS, which will prevent the partial routing of the signal "input_block_start[43]". Without this partial route, timing analysis to/from this port will not be accurate, and no routing information for this port can be exported.
WARNING: [Route 35-198] Port "input_block_start[45]" does not have an associated HD.PARTPIN_LOCS, which will prevent the partial routing of the signal "input_block_start[45]". Without this partial route, timing analysis to/from this port will not be accurate, and no routing information for this port can be exported.
INFO: [Common 17-14] Message 'Route 35-198' appears 100 times and further instances of the messages will be disabled. Use the Tcl command set_msg_config to change the current settings.
Post Restoration Checksum: NetGraph: abb0a431 NumContArr: d8f4c4a3 Constraints: 0 Timing: 0
Phase 1 Build RT Design | Checksum: 184a568d4

Time (s): cpu = 00:00:04 ; elapsed = 00:00:03 . Memory (MB): peak = 2612.516 ; gain = 0.000 ; free physical = 1080 ; free virtual = 151965

Phase 2 Router Initialization

Phase 2.1 Fix Topology Constraints
Phase 2.1 Fix Topology Constraints | Checksum: 184a568d4

Time (s): cpu = 00:00:05 ; elapsed = 00:00:04 . Memory (MB): peak = 2612.516 ; gain = 0.000 ; free physical = 1011 ; free virtual = 151896

Phase 2.2 Pre Route Cleanup
Phase 2.2 Pre Route Cleanup | Checksum: 184a568d4

Time (s): cpu = 00:00:05 ; elapsed = 00:00:04 . Memory (MB): peak = 2612.516 ; gain = 0.000 ; free physical = 1112 ; free virtual = 151997
 Number of Nodes with overlaps = 0

Phase 2.3 Update Timing
Phase 2.3 Update Timing | Checksum: 190b6fa31

Time (s): cpu = 00:00:05 ; elapsed = 00:00:04 . Memory (MB): peak = 2612.516 ; gain = 0.000 ; free physical = 1337 ; free virtual = 152222
INFO: [Route 35-416] Intermediate Timing Summary | WNS=-1.436 | TNS=-475.890| WHS=0.059  | THS=0.000  |


Router Utilization Summary
  Global Vertical Routing Utilization    = 0 %
  Global Horizontal Routing Utilization  = 0 %
  Routable Net Status*
  *Does not include unroutable nets such as driverless and loadless.
  Run report_route_status for detailed report.
  Number of Failed Nets               = 6734
    (Failed Nets is the sum of unrouted and partially routed nets)
  Number of Unrouted Nets             = 6734
  Number of Partially Routed Nets     = 0
  Number of Node Overlaps             = 0

Phase 2 Router Initialization | Checksum: 19345cf8f

Time (s): cpu = 00:00:06 ; elapsed = 00:00:04 . Memory (MB): peak = 2612.516 ; gain = 0.000 ; free physical = 1836 ; free virtual = 152723

Phase 3 Initial Routing

Phase 3.1 Global Routing
Phase 3.1 Global Routing | Checksum: 19345cf8f

Time (s): cpu = 00:00:06 ; elapsed = 00:00:04 . Memory (MB): peak = 2612.516 ; gain = 0.000 ; free physical = 1836 ; free virtual = 152723
Phase 3 Initial Routing | Checksum: 19487ec84

Time (s): cpu = 00:00:07 ; elapsed = 00:00:05 . Memory (MB): peak = 2612.516 ; gain = 0.000 ; free physical = 1860 ; free virtual = 152750

Phase 4 Rip-up And Reroute

Phase 4.1 Global Iteration 0
 Number of Nodes with overlaps = 850
 Number of Nodes with overlaps = 303
 Number of Nodes with overlaps = 153
 Number of Nodes with overlaps = 84
 Number of Nodes with overlaps = 34
 Number of Nodes with overlaps = 12
 Number of Nodes with overlaps = 5
 Number of Nodes with overlaps = 1
 Number of Nodes with overlaps = 0
INFO: [Route 35-416] Intermediate Timing Summary | WNS=-1.831 | TNS=-673.737| WHS=N/A    | THS=N/A    |

Phase 4.1 Global Iteration 0 | Checksum: 1c74dd434

Time (s): cpu = 00:00:12 ; elapsed = 00:00:10 . Memory (MB): peak = 2612.516 ; gain = 0.000 ; free physical = 1784 ; free virtual = 152694

Phase 4.2 Global Iteration 1
 Number of Nodes with overlaps = 380
 Number of Nodes with overlaps = 157
 Number of Nodes with overlaps = 53
 Number of Nodes with overlaps = 34
 Number of Nodes with overlaps = 14
 Number of Nodes with overlaps = 5
 Number of Nodes with overlaps = 1
 Number of Nodes with overlaps = 0
INFO: [Route 35-416] Intermediate Timing Summary | WNS=-1.871 | TNS=-653.846| WHS=N/A    | THS=N/A    |

Phase 4.2 Global Iteration 1 | Checksum: 148cca49c

Time (s): cpu = 00:00:15 ; elapsed = 00:00:12 . Memory (MB): peak = 2612.516 ; gain = 0.000 ; free physical = 1968 ; free virtual = 152879
Phase 4 Rip-up And Reroute | Checksum: 148cca49c

Time (s): cpu = 00:00:15 ; elapsed = 00:00:12 . Memory (MB): peak = 2612.516 ; gain = 0.000 ; free physical = 1968 ; free virtual = 152879

Phase 5 Delay and Skew Optimization

Phase 5.1 Delay CleanUp

Phase 5.1.1 Update Timing
Phase 5.1.1 Update Timing | Checksum: 148cca49c

Time (s): cpu = 00:00:15 ; elapsed = 00:00:12 . Memory (MB): peak = 2612.516 ; gain = 0.000 ; free physical = 1964 ; free virtual = 152875
INFO: [Route 35-416] Intermediate Timing Summary | WNS=-1.831 | TNS=-673.737| WHS=N/A    | THS=N/A    |

 Number of Nodes with overlaps = 0
Phase 5.1 Delay CleanUp | Checksum: 1be5201be

Time (s): cpu = 00:00:15 ; elapsed = 00:00:12 . Memory (MB): peak = 2612.516 ; gain = 0.000 ; free physical = 1939 ; free virtual = 152851

Phase 5.2 Clock Skew Optimization
Phase 5.2 Clock Skew Optimization | Checksum: 1be5201be

Time (s): cpu = 00:00:15 ; elapsed = 00:00:12 . Memory (MB): peak = 2612.516 ; gain = 0.000 ; free physical = 1939 ; free virtual = 152851
Phase 5 Delay and Skew Optimization | Checksum: 1be5201be

Time (s): cpu = 00:00:15 ; elapsed = 00:00:12 . Memory (MB): peak = 2612.516 ; gain = 0.000 ; free physical = 1939 ; free virtual = 152851

Phase 6 Post Hold Fix

Phase 6.1 Hold Fix Iter

Phase 6.1.1 Update Timing
Phase 6.1.1 Update Timing | Checksum: 1a1de2372

Time (s): cpu = 00:00:16 ; elapsed = 00:00:13 . Memory (MB): peak = 2612.516 ; gain = 0.000 ; free physical = 1911 ; free virtual = 152822
INFO: [Route 35-416] Intermediate Timing Summary | WNS=-1.831 | TNS=-673.730| WHS=0.058  | THS=0.000  |

Phase 6.1 Hold Fix Iter | Checksum: 1a1de2372

Time (s): cpu = 00:00:16 ; elapsed = 00:00:13 . Memory (MB): peak = 2612.516 ; gain = 0.000 ; free physical = 1907 ; free virtual = 152818
Phase 6 Post Hold Fix | Checksum: 1a1de2372

Time (s): cpu = 00:00:16 ; elapsed = 00:00:13 . Memory (MB): peak = 2612.516 ; gain = 0.000 ; free physical = 1896 ; free virtual = 152808

Phase 7 Route finalize

Router Utilization Summary
  Global Vertical Routing Utilization    = 3.51577 %
  Global Horizontal Routing Utilization  = 4.83479 %
  Routable Net Status*
  *Does not include unroutable nets such as driverless and loadless.
  Run report_route_status for detailed report.
  Number of Failed Nets               = 0
    (Failed Nets is the sum of unrouted and partially routed nets)
  Number of Unrouted Nets             = 0
  Number of Partially Routed Nets     = 0
  Number of Node Overlaps             = 0

Congestion Report
North Dir 1x1 Area, Max Cong = 67.5676%, No Congested Regions.
South Dir 1x1 Area, Max Cong = 54.955%, No Congested Regions.
East Dir 1x1 Area, Max Cong = 63.2353%, No Congested Regions.
West Dir 1x1 Area, Max Cong = 51.4706%, No Congested Regions.

------------------------------
Reporting congestion hotspots
------------------------------
Direction: North
----------------
Congested clusters found at Level 0
Effective congestion level: 0 Aspect Ratio: 1 Sparse Ratio: 0
Direction: South
----------------
Congested clusters found at Level 0
Effective congestion level: 0 Aspect Ratio: 1 Sparse Ratio: 0
Direction: East
----------------
Congested clusters found at Level 0
Effective congestion level: 0 Aspect Ratio: 1 Sparse Ratio: 0
Direction: West
----------------
Congested clusters found at Level 0
Effective congestion level: 0 Aspect Ratio: 1 Sparse Ratio: 0

Phase 7 Route finalize | Checksum: 22acd3444

Time (s): cpu = 00:00:16 ; elapsed = 00:00:13 . Memory (MB): peak = 2612.516 ; gain = 0.000 ; free physical = 1893 ; free virtual = 152804

Phase 8 Verifying routed nets

 Verification completed successfully
Phase 8 Verifying routed nets | Checksum: 22acd3444

Time (s): cpu = 00:00:16 ; elapsed = 00:00:13 . Memory (MB): peak = 2612.516 ; gain = 0.000 ; free physical = 1893 ; free virtual = 152804

Phase 9 Depositing Routes
Phase 9 Depositing Routes | Checksum: 1676e7c94

Time (s): cpu = 00:00:16 ; elapsed = 00:00:13 . Memory (MB): peak = 2612.516 ; gain = 0.000 ; free physical = 1865 ; free virtual = 152776

Phase 10 Post Router Timing
INFO: [Route 35-57] Estimated Timing Summary | WNS=-1.831 | TNS=-673.730| WHS=0.058  | THS=0.000  |

WARNING: [Route 35-328] Router estimated timing not met.
Resolution: For a complete and accurate timing signoff, report_timing_summary must be run after route_design. Alternatively, route_design can be run with the -timing_summary option to enable a complete timing signoff at the end of route_design.
Phase 10 Post Router Timing | Checksum: 1676e7c94

Time (s): cpu = 00:00:16 ; elapsed = 00:00:13 . Memory (MB): peak = 2612.516 ; gain = 0.000 ; free physical = 1857 ; free virtual = 152768
INFO: [Route 35-16] Router Completed Successfully

Time (s): cpu = 00:00:16 ; elapsed = 00:00:13 . Memory (MB): peak = 2612.516 ; gain = 0.000 ; free physical = 1866 ; free virtual = 152777

Routing Is Done.
INFO: [Common 17-83] Releasing license: Implementation
462 Infos, 105 Warnings, 0 Critical Warnings and 0 Errors encountered.
route_design completed successfully
route_design: Time (s): cpu = 00:00:17 ; elapsed = 00:00:13 . Memory (MB): peak = 2612.516 ; gain = 0.000 ; free physical = 1866 ; free virtual = 152777
INFO: [Common 17-600] The following parameters have non-default value.
general.maxThreads
INFO: [Timing 38-91] UpdateTimingParams: Speed grade: -1, Delay Type: min_max.
INFO: [Timing 38-191] Multithreading enabled for timing update using a maximum of 2 CPUs
WARNING: [Timing 38-242] The property HD.CLK_SRC of clock port "clk" is not set. In out-of-context mode, this prevents timing estimation for clock delay/skew
Resolution: Set the HD.CLK_SRC property of the out-of-context port to the location of the clock buffer instance in the top-level design
WARNING: [Timing 38-242] The property HD.CLK_SRC of clock port "fft_clk" is not set. In out-of-context mode, this prevents timing estimation for clock delay/skew
Resolution: Set the HD.CLK_SRC property of the out-of-context port to the location of the clock buffer instance in the top-level design
INFO: [Timing 38-91] UpdateTimingParams: No interconnect No Cell Dly, Speed grade: -1, Delay Type: min_max.
INFO: [Timing 38-191] Multithreading enabled for timing update using a maximum of 2 CPUs
INFO: [Timing 38-314] The report_cdc command only analyzes and reports clock domain crossing paths where clocks have been defined on both source and destination sides. Ports with no input delay constraint are skipped. Please run check_timing to verify there are no missing clock definitions in your design, nor any unconstrained input port.
INFO: [Timing 38-78] ReportTimingParams: -from_pins  -to_pins  -max_paths 20 -nworst 1 -delay_type max -sort_by slack.
INFO: [Timing 38-78] ReportTimingParams: -from_pins  -to_pins  -max_paths 20 -nworst 1 -delay_type min -sort_by slack.
INFO: [Timing 38-78] ReportTimingParams: -from_pins  -to_pins  -max_paths 20 -nworst 1 -delay_type max -sort_by slack.
INFO: [Timing 38-78] ReportTimingParams: -from_pins  -to_pins  -max_paths 20 -nworst 1 -delay_type min -sort_by slack.
INFO: [Timing 38-480] Writing timing data to binary archive.
Writing XDEF routing.
Writing XDEF routing logical nets.
Writing XDEF routing special nets.
Write XDEF Complete: Time (s): cpu = 00:00:00.65 ; elapsed = 00:00:00.26 . Memory (MB): peak = 2644.531 ; gain = 32.016 ; free physical = 1730 ; free virtual = 152656
INFO: [Common 17-1381] The checkpoint '/tmp/starlink-completed-input.5EaJuD/fault-cdc-route-v1/completed_input_diagnostic_routed.dcp' has been generated.
COMPLETED_INPUT_DIAGNOSTIC_RECORDED_NOT_A_PHYSICAL_RELEASE_PASS
INFO: [Common 17-206] Exiting Vivado at Thu Sep 10 11:29:12 2026...
