Copyright 1986-2022 Xilinx, Inc. All Rights Reserved.
---------------------------------------------------------------------------------------------------------------------------------------------------------------------------------------------------------------------------------------------------
| Tool Version : Vivado v.2022.2 (lin64) Build 3671981 Fri Oct 14 04:59:54 MDT 2022
| Date         : Thu Sep 10 21:39:37 2026
| Host         : gauss running 64-bit Ubuntu 26.04 LTS
| Command      : report_timing -from [get_clocks island_175] -to [get_clocks island_175] -delay_type max -max_paths 20 -file /home/mouse9911/gits/starlink-build-recovery-20260910.vHzUVnBz/checked-route-parent.3lJAqEWe/route/island_175_max.rpt
| Design       : starlink_pss_fft_bank_owned_checked_product
| Device       : 7z010-clg400
| Speed File   : -1  PRODUCTION 1.12 2019-11-22
---------------------------------------------------------------------------------------------------------------------------------------------------------------------------------------------------------------------------------------------------

Timing Report

Slack (VIOLATED) :        -8.324ns  (required time - arrival time)
  Source:                 registered_scheduling.expected_product_metadata_reg[0]/C
                            (rising edge-triggered cell FDRE clocked by island_175  {rise@0.000ns fall@2.857ns period=5.714ns})
  Destination:            checked_product_bank.origin_valid_reg/D
                            (rising edge-triggered cell FDRE clocked by island_175  {rise@0.000ns fall@2.857ns period=5.714ns})
  Path Group:             island_175
  Path Type:              Setup (Max at Slow Process Corner)
  Requirement:            5.714ns  (island_175 rise@5.714ns - island_175 rise@0.000ns)
  Data Path Delay:        13.941ns  (logic 4.034ns (28.937%)  route 9.907ns (71.063%))
  Logic Levels:           26  (CARRY4=6 LUT4=2 LUT5=7 LUT6=11)
  Clock Path Skew:        -0.049ns (DCD - SCD + CPR)
    Destination Clock Delay (DCD):    0.924ns = ( 6.638 - 5.714 ) 
    Source Clock Delay      (SCD):    0.973ns
    Clock Pessimism Removal (CPR):    0.000ns
  Clock Uncertainty:      0.035ns  ((TSJ^2 + TIJ^2)^1/2 + DJ) / 2 + PE
    Total System Jitter     (TSJ):    0.071ns
    Total Input Jitter      (TIJ):    0.000ns
    Discrete Jitter          (DJ):    0.000ns
    Phase Error              (PE):    0.000ns

    Location             Delay type                Incr(ns)  Path(ns)    Netlist Resource(s)
  -------------------------------------------------------------------    -------------------
                         (clock island_175 rise edge)
                                                      0.000     0.000 r  
                                                      0.000     0.000 r  fft_clk (IN)
                         net (fo=5249, unset)         0.973     0.973    fft_clk
    SLICE_X25Y2          FDRE                                         r  registered_scheduling.expected_product_metadata_reg[0]/C
  -------------------------------------------------------------------    -------------------
    SLICE_X25Y2          FDRE (Prop_fdre_C_Q)         0.456     1.429 r  registered_scheduling.expected_product_metadata_reg[0]/Q
                         net (fo=3, routed)           1.236     2.665    checked_product_bank.adapter/reader/job_started_reg_i_62_1
    SLICE_X24Y4          LUT6 (Prop_lut6_I2_O)        0.124     2.789 r  checked_product_bank.adapter/reader/job_started_i_70/O
                         net (fo=1, routed)           0.000     2.789    checked_product_bank.adapter/reader/job_started_i_70_n_0
    SLICE_X24Y4          CARRY4 (Prop_carry4_S[0]_CO[3])
                                                      0.513     3.302 r  checked_product_bank.adapter/reader/job_started_reg_i_62/CO[3]
                         net (fo=1, routed)           0.000     3.302    checked_product_bank.adapter/reader/job_started_reg_i_62_n_0
    SLICE_X24Y5          CARRY4 (Prop_carry4_CI_CO[3])
                                                      0.117     3.419 r  checked_product_bank.adapter/reader/job_started_reg_i_57/CO[3]
                         net (fo=1, routed)           0.000     3.419    checked_product_bank.adapter/reader/job_started_reg_i_57_n_0
    SLICE_X24Y6          CARRY4 (Prop_carry4_CI_CO[3])
                                                      0.117     3.536 r  checked_product_bank.adapter/reader/job_started_reg_i_48/CO[3]
                         net (fo=1, routed)           0.000     3.536    checked_product_bank.adapter/reader/job_started_reg_i_48_n_0
    SLICE_X24Y7          CARRY4 (Prop_carry4_CI_CO[3])
                                                      0.117     3.653 r  checked_product_bank.adapter/reader/job_started_reg_i_38/CO[3]
                         net (fo=1, routed)           0.000     3.653    checked_product_bank.adapter/reader/job_started_reg_i_38_n_0
    SLICE_X24Y8          CARRY4 (Prop_carry4_CI_CO[3])
                                                      0.117     3.770 r  checked_product_bank.adapter/reader/job_started_reg_i_28/CO[3]
                         net (fo=1, routed)           0.000     3.770    checked_product_bank.adapter/reader/job_started_reg_i_28_n_0
    SLICE_X24Y9          CARRY4 (Prop_carry4_CI_CO[3])
                                                      0.117     3.887 r  checked_product_bank.adapter/reader/job_started_reg_i_22/CO[3]
                         net (fo=1, routed)           0.749     4.636    checked_product_bank.adapter/reader/checked_product_bank.independent_head_identity1
    SLICE_X24Y12         LUT4 (Prop_lut4_I0_O)        0.124     4.760 f  checked_product_bank.adapter/reader/job_started_i_16/O
                         net (fo=1, routed)           0.587     5.348    checked_product_bank.adapter/reader/job_started_i_16_n_0
    SLICE_X23Y12         LUT5 (Prop_lut5_I4_O)        0.124     5.472 f  checked_product_bank.adapter/reader/job_started_i_10/O
                         net (fo=1, routed)           0.573     6.045    checked_product_bank.adapter/reader/job_started_i_10_n_0
    SLICE_X23Y13         LUT5 (Prop_lut5_I4_O)        0.124     6.169 f  checked_product_bank.adapter/reader/job_started_i_7/O
                         net (fo=1, routed)           0.299     6.468    checked_product_bank.adapter/reader/job_started_i_7_n_0
    SLICE_X22Y12         LUT5 (Prop_lut5_I4_O)        0.124     6.592 r  checked_product_bank.adapter/reader/job_started_i_3/O
                         net (fo=2, routed)           0.467     7.059    checked_product_bank.adapter/reader/job_started_i_3_n_0
    SLICE_X23Y12         LUT6 (Prop_lut6_I0_O)        0.124     7.183 r  checked_product_bank.adapter/reader/job_started_i_2/O
                         net (fo=6, routed)           0.344     7.527    checked_product_bank.adapter/reader/product_start_binding
    SLICE_X23Y11         LUT4 (Prop_lut4_I0_O)        0.124     7.651 f  checked_product_bank.adapter/reader/consumer_started_i_2/O
                         net (fo=11, routed)          0.336     7.987    checked_product_bank.adapter/reader/registered_scheduling.held_phase_reg_6
    SLICE_X22Y10         LUT5 (Prop_lut5_I0_O)        0.124     8.111 r  checked_product_bank.adapter/reader/reasons[5]_i_2/O
                         net (fo=2, routed)           0.312     8.423    checked_product_bank.adapter/bank/reasons_reg[15]
    SLICE_X22Y11         LUT6 (Prop_lut6_I5_O)        0.124     8.547 r  checked_product_bank.adapter/bank/reasons[15]_i_4/O
                         net (fo=5, routed)           0.196     8.743    checked_product_bank.adapter/reader/staged.reasons_reg[15]_0
    SLICE_X22Y11         LUT5 (Prop_lut5_I4_O)        0.124     8.867 f  checked_product_bank.adapter/reader/staged.armed_i_2/O
                         net (fo=6, routed)           0.340     9.207    checked_product_bank.adapter/bank/staged.armed_reg_3
    SLICE_X22Y12         LUT6 (Prop_lut6_I3_O)        0.124     9.331 f  checked_product_bank.adapter/bank/reasons[15]_i_3/O
                         net (fo=4, routed)           0.306     9.638    checked_product_bank.adapter/bank/reasons[15]_i_3_n_0
    SLICE_X25Y12         LUT6 (Prop_lut6_I5_O)        0.124     9.762 r  checked_product_bank.adapter/bank/lease_reference[1]_i_3/O
                         net (fo=3, routed)           0.313    10.075    checked_product_bank.adapter/reader/lease_reference_reg[1]_0
    SLICE_X23Y11         LUT6 (Prop_lut6_I5_O)        0.124    10.199 r  checked_product_bank.adapter/reader/producer_reference_i_2/O
                         net (fo=8, routed)           0.355    10.554    checked_product_bank.adapter/reader/reader_reference_reg
    SLICE_X20Y11         LUT6 (Prop_lut6_I5_O)        0.124    10.678 r  checked_product_bank.adapter/reader/staged.reasons[4]_i_3/O
                         net (fo=7, routed)           0.197    10.875    checked_product_bank.adapter/reader/staged.lease_reg[0]
    SLICE_X20Y11         LUT5 (Prop_lut5_I2_O)        0.124    10.999 r  checked_product_bank.adapter/reader/reasons[6]_i_2/O
                         net (fo=2, routed)           0.177    11.176    checked_product_bank.adapter/reader/reasons[6]_i_2_n_0
    SLICE_X20Y11         LUT6 (Prop_lut6_I3_O)        0.124    11.300 r  checked_product_bank.adapter/reader/head[1]_i_6/O
                         net (fo=2, routed)           0.597    11.897    source_bank/head[1]_i_6_n_0_alias
    SLICE_X16Y9          LUT6 (Prop_lut6_I4_O)        0.124    12.021 r  source_bank/fault_reasons[1]_i_4_comp_1/O
                         net (fo=9, routed)           0.517    12.538    input_guard/fault_reasons_reg[1]_1
    SLICE_X17Y6          LUT6 (Prop_lut6_I4_O)        0.124    12.662 f  input_guard/input_started_i_2_comp_1/O
                         net (fo=25, routed)          0.811    13.474    checked_product_bank.adapter/reader/certified_input_beat
    SLICE_X10Y6          LUT5 (Prop_lut5_I4_O)        0.124    13.598 r  checked_product_bank.adapter/reader/fault_reasons[0]_i_3_comp_2/O
                         net (fo=1, routed)           0.852    14.450    result_guard/fault_reasons[0]_i_3_n_0_repN_2_alias
    SLICE_X16Y6          LUT6 (Prop_lut6_I5_O)        0.124    14.574 r  result_guard/checked_product_bank.origin_valid_i_1_comp/O
                         net (fo=1, routed)           0.340    14.914    result_guard_n_135
    SLICE_X16Y5          FDRE                                         r  checked_product_bank.origin_valid_reg/D
  -------------------------------------------------------------------    -------------------

                         (clock island_175 rise edge)
                                                      5.714     5.714 r  
                                                      0.000     5.714 r  fft_clk (IN)
                         net (fo=5249, unset)         0.924     6.638    fft_clk
    SLICE_X16Y5          FDRE                                         r  checked_product_bank.origin_valid_reg/C
                         clock pessimism              0.000     6.638    
                         clock uncertainty           -0.035     6.603    
    SLICE_X16Y5          FDRE (Setup_fdre_C_D)       -0.013     6.590    checked_product_bank.origin_valid_reg
  -------------------------------------------------------------------
                         required time                          6.590    
                         arrival time                         -14.914    
  -------------------------------------------------------------------
                         slack                                 -8.324    

Slack (VIOLATED) :        -8.219ns  (required time - arrival time)
  Source:                 registered_scheduling.expected_product_metadata_reg[0]/C
                            (rising edge-triggered cell FDRE clocked by island_175  {rise@0.000ns fall@2.857ns period=5.714ns})
  Destination:            result_guard/awaiting_ack_reg/D
                            (rising edge-triggered cell FDCE clocked by island_175  {rise@0.000ns fall@2.857ns period=5.714ns})
  Path Group:             island_175
  Path Type:              Setup (Max at Slow Process Corner)
  Requirement:            5.714ns  (island_175 rise@5.714ns - island_175 rise@0.000ns)
  Data Path Delay:        13.878ns  (logic 4.282ns (30.855%)  route 9.596ns (69.145%))
  Logic Levels:           28  (CARRY4=6 LUT3=1 LUT4=2 LUT5=9 LUT6=10)
  Clock Path Skew:        -0.049ns (DCD - SCD + CPR)
    Destination Clock Delay (DCD):    0.924ns = ( 6.638 - 5.714 ) 
    Source Clock Delay      (SCD):    0.973ns
    Clock Pessimism Removal (CPR):    0.000ns
  Clock Uncertainty:      0.035ns  ((TSJ^2 + TIJ^2)^1/2 + DJ) / 2 + PE
    Total System Jitter     (TSJ):    0.071ns
    Total Input Jitter      (TIJ):    0.000ns
    Discrete Jitter          (DJ):    0.000ns
    Phase Error              (PE):    0.000ns

    Location             Delay type                Incr(ns)  Path(ns)    Netlist Resource(s)
  -------------------------------------------------------------------    -------------------
                         (clock island_175 rise edge)
                                                      0.000     0.000 r  
                                                      0.000     0.000 r  fft_clk (IN)
                         net (fo=5249, unset)         0.973     0.973    fft_clk
    SLICE_X25Y2          FDRE                                         r  registered_scheduling.expected_product_metadata_reg[0]/C
  -------------------------------------------------------------------    -------------------
    SLICE_X25Y2          FDRE (Prop_fdre_C_Q)         0.456     1.429 r  registered_scheduling.expected_product_metadata_reg[0]/Q
                         net (fo=3, routed)           1.236     2.665    checked_product_bank.adapter/reader/job_started_reg_i_62_1
    SLICE_X24Y4          LUT6 (Prop_lut6_I2_O)        0.124     2.789 r  checked_product_bank.adapter/reader/job_started_i_70/O
                         net (fo=1, routed)           0.000     2.789    checked_product_bank.adapter/reader/job_started_i_70_n_0
    SLICE_X24Y4          CARRY4 (Prop_carry4_S[0]_CO[3])
                                                      0.513     3.302 r  checked_product_bank.adapter/reader/job_started_reg_i_62/CO[3]
                         net (fo=1, routed)           0.000     3.302    checked_product_bank.adapter/reader/job_started_reg_i_62_n_0
    SLICE_X24Y5          CARRY4 (Prop_carry4_CI_CO[3])
                                                      0.117     3.419 r  checked_product_bank.adapter/reader/job_started_reg_i_57/CO[3]
                         net (fo=1, routed)           0.000     3.419    checked_product_bank.adapter/reader/job_started_reg_i_57_n_0
    SLICE_X24Y6          CARRY4 (Prop_carry4_CI_CO[3])
                                                      0.117     3.536 r  checked_product_bank.adapter/reader/job_started_reg_i_48/CO[3]
                         net (fo=1, routed)           0.000     3.536    checked_product_bank.adapter/reader/job_started_reg_i_48_n_0
    SLICE_X24Y7          CARRY4 (Prop_carry4_CI_CO[3])
                                                      0.117     3.653 r  checked_product_bank.adapter/reader/job_started_reg_i_38/CO[3]
                         net (fo=1, routed)           0.000     3.653    checked_product_bank.adapter/reader/job_started_reg_i_38_n_0
    SLICE_X24Y8          CARRY4 (Prop_carry4_CI_CO[3])
                                                      0.117     3.770 r  checked_product_bank.adapter/reader/job_started_reg_i_28/CO[3]
                         net (fo=1, routed)           0.000     3.770    checked_product_bank.adapter/reader/job_started_reg_i_28_n_0
    SLICE_X24Y9          CARRY4 (Prop_carry4_CI_CO[3])
                                                      0.117     3.887 r  checked_product_bank.adapter/reader/job_started_reg_i_22/CO[3]
                         net (fo=1, routed)           0.749     4.636    checked_product_bank.adapter/reader/checked_product_bank.independent_head_identity1
    SLICE_X24Y12         LUT4 (Prop_lut4_I0_O)        0.124     4.760 f  checked_product_bank.adapter/reader/job_started_i_16/O
                         net (fo=1, routed)           0.587     5.348    checked_product_bank.adapter/reader/job_started_i_16_n_0
    SLICE_X23Y12         LUT5 (Prop_lut5_I4_O)        0.124     5.472 f  checked_product_bank.adapter/reader/job_started_i_10/O
                         net (fo=1, routed)           0.573     6.045    checked_product_bank.adapter/reader/job_started_i_10_n_0
    SLICE_X23Y13         LUT5 (Prop_lut5_I4_O)        0.124     6.169 f  checked_product_bank.adapter/reader/job_started_i_7/O
                         net (fo=1, routed)           0.299     6.468    checked_product_bank.adapter/reader/job_started_i_7_n_0
    SLICE_X22Y12         LUT5 (Prop_lut5_I4_O)        0.124     6.592 r  checked_product_bank.adapter/reader/job_started_i_3/O
                         net (fo=2, routed)           0.467     7.059    checked_product_bank.adapter/reader/job_started_i_3_n_0
    SLICE_X23Y12         LUT6 (Prop_lut6_I0_O)        0.124     7.183 r  checked_product_bank.adapter/reader/job_started_i_2/O
                         net (fo=6, routed)           0.344     7.527    checked_product_bank.adapter/reader/product_start_binding
    SLICE_X23Y11         LUT4 (Prop_lut4_I0_O)        0.124     7.651 f  checked_product_bank.adapter/reader/consumer_started_i_2/O
                         net (fo=11, routed)          0.336     7.987    checked_product_bank.adapter/reader/registered_scheduling.held_phase_reg_6
    SLICE_X22Y10         LUT5 (Prop_lut5_I0_O)        0.124     8.111 r  checked_product_bank.adapter/reader/reasons[5]_i_2/O
                         net (fo=2, routed)           0.312     8.423    checked_product_bank.adapter/bank/reasons_reg[15]
    SLICE_X22Y11         LUT6 (Prop_lut6_I5_O)        0.124     8.547 r  checked_product_bank.adapter/bank/reasons[15]_i_4/O
                         net (fo=5, routed)           0.196     8.743    checked_product_bank.adapter/reader/staged.reasons_reg[15]_0
    SLICE_X22Y11         LUT5 (Prop_lut5_I4_O)        0.124     8.867 f  checked_product_bank.adapter/reader/staged.armed_i_2/O
                         net (fo=6, routed)           0.340     9.207    checked_product_bank.adapter/bank/staged.armed_reg_3
    SLICE_X22Y12         LUT6 (Prop_lut6_I3_O)        0.124     9.331 f  checked_product_bank.adapter/bank/reasons[15]_i_3/O
                         net (fo=4, routed)           0.306     9.638    checked_product_bank.adapter/bank/reasons[15]_i_3_n_0
    SLICE_X25Y12         LUT6 (Prop_lut6_I5_O)        0.124     9.762 r  checked_product_bank.adapter/bank/lease_reference[1]_i_3/O
                         net (fo=3, routed)           0.313    10.075    checked_product_bank.adapter/reader/lease_reference_reg[1]_0
    SLICE_X23Y11         LUT6 (Prop_lut6_I5_O)        0.124    10.199 r  checked_product_bank.adapter/reader/producer_reference_i_2/O
                         net (fo=8, routed)           0.355    10.554    checked_product_bank.adapter/reader/reader_reference_reg
    SLICE_X20Y11         LUT6 (Prop_lut6_I5_O)        0.124    10.678 r  checked_product_bank.adapter/reader/staged.reasons[4]_i_3/O
                         net (fo=7, routed)           0.197    10.875    checked_product_bank.adapter/reader/staged.lease_reg[0]
    SLICE_X20Y11         LUT5 (Prop_lut5_I2_O)        0.124    10.999 r  checked_product_bank.adapter/reader/reasons[6]_i_2/O
                         net (fo=2, routed)           0.177    11.176    checked_product_bank.adapter/reader/reasons[6]_i_2_n_0
    SLICE_X20Y11         LUT6 (Prop_lut6_I3_O)        0.124    11.300 r  checked_product_bank.adapter/reader/head[1]_i_6/O
                         net (fo=2, routed)           0.464    11.764    checked_product_bank.adapter/reader/head[1]_i_6_n_0
    SLICE_X21Y10         LUT5 (Prop_lut5_I0_O)        0.124    11.888 r  checked_product_bank.adapter/reader/head[1]_i_5/O
                         net (fo=6, routed)           0.466    12.354    checked_product_bank.adapter/reader/owned_reg_1
    SLICE_X21Y9          LUT3 (Prop_lut3_I1_O)        0.124    12.478 r  checked_product_bank.adapter/reader/checked_product_bank.bound_receipt_i_2/O
                         net (fo=4, routed)           0.323    12.801    checked_product_bank.adapter/reader/checked_product_bank.bound_receipt_i_2_n_0
    SLICE_X19Y9          LUT6 (Prop_lut6_I5_O)        0.124    12.925 r  checked_product_bank.adapter/reader/distributed_fast_fault.causes[8].cause_sticky[8]_i_2/O
                         net (fo=5, routed)           0.609    13.534    checked_product_bank.adapter/reader/p_11_in
    SLICE_X19Y6          LUT5 (Prop_lut5_I0_O)        0.124    13.658 f  checked_product_bank.adapter/reader/fault_reasons[0]_i_3/O
                         net (fo=8, routed)           0.350    14.008    checked_product_bank.adapter/reader/fault_reasons[0]_i_3_n_0
    SLICE_X19Y5          LUT6 (Prop_lut6_I1_O)        0.124    14.132 r  checked_product_bank.adapter/reader/awaiting_ack_i_3/O
                         net (fo=6, routed)           0.595    14.727    result_guard/registered_scheduling.admission_receipt_reg
    SLICE_X17Y5          LUT5 (Prop_lut5_I2_O)        0.124    14.851 r  result_guard/awaiting_ack_i_1/O
                         net (fo=1, routed)           0.000    14.851    result_guard/awaiting_ack_i_1_n_0
    SLICE_X17Y5          FDCE                                         r  result_guard/awaiting_ack_reg/D
  -------------------------------------------------------------------    -------------------

                         (clock island_175 rise edge)
                                                      5.714     5.714 r  
                                                      0.000     5.714 r  fft_clk (IN)
                         net (fo=5249, unset)         0.924     6.638    result_guard/fft_clk
    SLICE_X17Y5          FDCE                                         r  result_guard/awaiting_ack_reg/C
                         clock pessimism              0.000     6.638    
                         clock uncertainty           -0.035     6.603    
    SLICE_X17Y5          FDCE (Setup_fdce_C_D)        0.029     6.632    result_guard/awaiting_ack_reg
  -------------------------------------------------------------------
                         required time                          6.632    
                         arrival time                         -14.851    
  -------------------------------------------------------------------
                         slack                                 -8.219    

Slack (VIOLATED) :        -8.115ns  (required time - arrival time)
  Source:                 registered_scheduling.expected_product_metadata_reg[0]/C
                            (rising edge-triggered cell FDRE clocked by island_175  {rise@0.000ns fall@2.857ns period=5.714ns})
  Destination:            checked_product_bank.adapter/handoff_seen_reg/D
                            (rising edge-triggered cell FDCE clocked by island_175  {rise@0.000ns fall@2.857ns period=5.714ns})
  Path Group:             island_175
  Path Type:              Setup (Max at Slow Process Corner)
  Requirement:            5.714ns  (island_175 rise@5.714ns - island_175 rise@0.000ns)
  Data Path Delay:        13.777ns  (logic 4.282ns (31.081%)  route 9.495ns (68.919%))
  Logic Levels:           28  (CARRY4=6 LUT3=1 LUT4=2 LUT5=8 LUT6=11)
  Clock Path Skew:        -0.049ns (DCD - SCD + CPR)
    Destination Clock Delay (DCD):    0.924ns = ( 6.638 - 5.714 ) 
    Source Clock Delay      (SCD):    0.973ns
    Clock Pessimism Removal (CPR):    0.000ns
  Clock Uncertainty:      0.035ns  ((TSJ^2 + TIJ^2)^1/2 + DJ) / 2 + PE
    Total System Jitter     (TSJ):    0.071ns
    Total Input Jitter      (TIJ):    0.000ns
    Discrete Jitter          (DJ):    0.000ns
    Phase Error              (PE):    0.000ns

    Location             Delay type                Incr(ns)  Path(ns)    Netlist Resource(s)
  -------------------------------------------------------------------    -------------------
                         (clock island_175 rise edge)
                                                      0.000     0.000 r  
                                                      0.000     0.000 r  fft_clk (IN)
                         net (fo=5249, unset)         0.973     0.973    fft_clk
    SLICE_X25Y2          FDRE                                         r  registered_scheduling.expected_product_metadata_reg[0]/C
  -------------------------------------------------------------------    -------------------
    SLICE_X25Y2          FDRE (Prop_fdre_C_Q)         0.456     1.429 r  registered_scheduling.expected_product_metadata_reg[0]/Q
                         net (fo=3, routed)           1.236     2.665    checked_product_bank.adapter/reader/job_started_reg_i_62_1
    SLICE_X24Y4          LUT6 (Prop_lut6_I2_O)        0.124     2.789 r  checked_product_bank.adapter/reader/job_started_i_70/O
                         net (fo=1, routed)           0.000     2.789    checked_product_bank.adapter/reader/job_started_i_70_n_0
    SLICE_X24Y4          CARRY4 (Prop_carry4_S[0]_CO[3])
                                                      0.513     3.302 r  checked_product_bank.adapter/reader/job_started_reg_i_62/CO[3]
                         net (fo=1, routed)           0.000     3.302    checked_product_bank.adapter/reader/job_started_reg_i_62_n_0
    SLICE_X24Y5          CARRY4 (Prop_carry4_CI_CO[3])
                                                      0.117     3.419 r  checked_product_bank.adapter/reader/job_started_reg_i_57/CO[3]
                         net (fo=1, routed)           0.000     3.419    checked_product_bank.adapter/reader/job_started_reg_i_57_n_0
    SLICE_X24Y6          CARRY4 (Prop_carry4_CI_CO[3])
                                                      0.117     3.536 r  checked_product_bank.adapter/reader/job_started_reg_i_48/CO[3]
                         net (fo=1, routed)           0.000     3.536    checked_product_bank.adapter/reader/job_started_reg_i_48_n_0
    SLICE_X24Y7          CARRY4 (Prop_carry4_CI_CO[3])
                                                      0.117     3.653 r  checked_product_bank.adapter/reader/job_started_reg_i_38/CO[3]
                         net (fo=1, routed)           0.000     3.653    checked_product_bank.adapter/reader/job_started_reg_i_38_n_0
    SLICE_X24Y8          CARRY4 (Prop_carry4_CI_CO[3])
                                                      0.117     3.770 r  checked_product_bank.adapter/reader/job_started_reg_i_28/CO[3]
                         net (fo=1, routed)           0.000     3.770    checked_product_bank.adapter/reader/job_started_reg_i_28_n_0
    SLICE_X24Y9          CARRY4 (Prop_carry4_CI_CO[3])
                                                      0.117     3.887 f  checked_product_bank.adapter/reader/job_started_reg_i_22/CO[3]
                         net (fo=1, routed)           0.749     4.636    checked_product_bank.adapter/reader/checked_product_bank.independent_head_identity1
    SLICE_X24Y12         LUT4 (Prop_lut4_I0_O)        0.124     4.760 r  checked_product_bank.adapter/reader/job_started_i_16/O
                         net (fo=1, routed)           0.587     5.348    checked_product_bank.adapter/reader/job_started_i_16_n_0
    SLICE_X23Y12         LUT5 (Prop_lut5_I4_O)        0.124     5.472 r  checked_product_bank.adapter/reader/job_started_i_10/O
                         net (fo=1, routed)           0.573     6.045    checked_product_bank.adapter/reader/job_started_i_10_n_0
    SLICE_X23Y13         LUT5 (Prop_lut5_I4_O)        0.124     6.169 r  checked_product_bank.adapter/reader/job_started_i_7/O
                         net (fo=1, routed)           0.299     6.468    checked_product_bank.adapter/reader/job_started_i_7_n_0
    SLICE_X22Y12         LUT5 (Prop_lut5_I4_O)        0.124     6.592 f  checked_product_bank.adapter/reader/job_started_i_3/O
                         net (fo=2, routed)           0.467     7.059    checked_product_bank.adapter/reader/job_started_i_3_n_0
    SLICE_X23Y12         LUT6 (Prop_lut6_I0_O)        0.124     7.183 f  checked_product_bank.adapter/reader/job_started_i_2/O
                         net (fo=6, routed)           0.344     7.527    checked_product_bank.adapter/reader/product_start_binding
    SLICE_X23Y11         LUT4 (Prop_lut4_I0_O)        0.124     7.651 r  checked_product_bank.adapter/reader/consumer_started_i_2/O
                         net (fo=11, routed)          0.336     7.987    checked_product_bank.adapter/reader/registered_scheduling.held_phase_reg_6
    SLICE_X22Y10         LUT5 (Prop_lut5_I0_O)        0.124     8.111 f  checked_product_bank.adapter/reader/reasons[5]_i_2/O
                         net (fo=2, routed)           0.312     8.423    checked_product_bank.adapter/bank/reasons_reg[15]
    SLICE_X22Y11         LUT6 (Prop_lut6_I5_O)        0.124     8.547 f  checked_product_bank.adapter/bank/reasons[15]_i_4/O
                         net (fo=5, routed)           0.196     8.743    checked_product_bank.adapter/reader/staged.reasons_reg[15]_0
    SLICE_X22Y11         LUT5 (Prop_lut5_I4_O)        0.124     8.867 r  checked_product_bank.adapter/reader/staged.armed_i_2/O
                         net (fo=6, routed)           0.340     9.207    checked_product_bank.adapter/bank/staged.armed_reg_3
    SLICE_X22Y12         LUT6 (Prop_lut6_I3_O)        0.124     9.331 r  checked_product_bank.adapter/bank/reasons[15]_i_3/O
                         net (fo=4, routed)           0.306     9.638    checked_product_bank.adapter/bank/reasons[15]_i_3_n_0
    SLICE_X25Y12         LUT6 (Prop_lut6_I5_O)        0.124     9.762 f  checked_product_bank.adapter/bank/lease_reference[1]_i_3/O
                         net (fo=3, routed)           0.313    10.075    checked_product_bank.adapter/reader/lease_reference_reg[1]_0
    SLICE_X23Y11         LUT6 (Prop_lut6_I5_O)        0.124    10.199 f  checked_product_bank.adapter/reader/producer_reference_i_2/O
                         net (fo=8, routed)           0.355    10.554    checked_product_bank.adapter/reader/reader_reference_reg
    SLICE_X20Y11         LUT6 (Prop_lut6_I5_O)        0.124    10.678 f  checked_product_bank.adapter/reader/staged.reasons[4]_i_3/O
                         net (fo=7, routed)           0.197    10.875    checked_product_bank.adapter/reader/staged.lease_reg[0]
    SLICE_X20Y11         LUT5 (Prop_lut5_I2_O)        0.124    10.999 f  checked_product_bank.adapter/reader/reasons[6]_i_2/O
                         net (fo=2, routed)           0.177    11.176    checked_product_bank.adapter/reader/reasons[6]_i_2_n_0
    SLICE_X20Y11         LUT6 (Prop_lut6_I3_O)        0.124    11.300 f  checked_product_bank.adapter/reader/head[1]_i_6/O
                         net (fo=2, routed)           0.464    11.764    checked_product_bank.adapter/reader/head[1]_i_6_n_0
    SLICE_X21Y10         LUT5 (Prop_lut5_I0_O)        0.124    11.888 f  checked_product_bank.adapter/reader/head[1]_i_5/O
                         net (fo=6, routed)           0.466    12.354    checked_product_bank.adapter/reader/owned_reg_1
    SLICE_X21Y9          LUT3 (Prop_lut3_I1_O)        0.124    12.478 f  checked_product_bank.adapter/reader/checked_product_bank.bound_receipt_i_2/O
                         net (fo=4, routed)           0.323    12.801    checked_product_bank.adapter/reader/checked_product_bank.bound_receipt_i_2_n_0
    SLICE_X19Y9          LUT6 (Prop_lut6_I5_O)        0.124    12.925 f  checked_product_bank.adapter/reader/distributed_fast_fault.causes[8].cause_sticky[8]_i_2/O
                         net (fo=5, routed)           0.609    13.534    checked_product_bank.adapter/reader/p_11_in
    SLICE_X19Y6          LUT5 (Prop_lut5_I0_O)        0.124    13.658 r  checked_product_bank.adapter/reader/fault_reasons[0]_i_3/O
                         net (fo=8, routed)           0.350    14.008    checked_product_bank.adapter/reader/fault_reasons[0]_i_3_n_0
    SLICE_X19Y5          LUT6 (Prop_lut6_I1_O)        0.124    14.132 f  checked_product_bank.adapter/reader/awaiting_ack_i_3/O
                         net (fo=6, routed)           0.494    14.626    checked_product_bank.adapter/bank/input_fault_reg_alias
    SLICE_X15Y7          LUT6 (Prop_lut6_I4_O)        0.124    14.750 r  checked_product_bank.adapter/bank/handoff_seen_i_1_comp_1/O
                         net (fo=1, routed)           0.000    14.750    checked_product_bank.adapter/bank_n_103
    SLICE_X15Y7          FDCE                                         r  checked_product_bank.adapter/handoff_seen_reg/D
  -------------------------------------------------------------------    -------------------

                         (clock island_175 rise edge)
                                                      5.714     5.714 r  
                                                      0.000     5.714 r  fft_clk (IN)
                         net (fo=5249, unset)         0.924     6.638    checked_product_bank.adapter/fft_clk
    SLICE_X15Y7          FDCE                                         r  checked_product_bank.adapter/handoff_seen_reg/C
                         clock pessimism              0.000     6.638    
                         clock uncertainty           -0.035     6.603    
    SLICE_X15Y7          FDCE (Setup_fdce_C_D)        0.032     6.635    checked_product_bank.adapter/handoff_seen_reg
  -------------------------------------------------------------------
                         required time                          6.635    
                         arrival time                         -14.750    
  -------------------------------------------------------------------
                         slack                                 -8.115    

Slack (VIOLATED) :        -8.091ns  (required time - arrival time)
  Source:                 registered_scheduling.expected_product_metadata_reg[0]/C
                            (rising edge-triggered cell FDRE clocked by island_175  {rise@0.000ns fall@2.857ns period=5.714ns})
  Destination:            registered_scheduling.engine_metadata_reg[10]/CE
                            (rising edge-triggered cell FDRE clocked by island_175  {rise@0.000ns fall@2.857ns period=5.714ns})
  Path Group:             island_175
  Path Type:              Setup (Max at Slow Process Corner)
  Requirement:            5.714ns  (island_175 rise@5.714ns - island_175 rise@0.000ns)
  Data Path Delay:        13.552ns  (logic 4.034ns (29.768%)  route 9.517ns (70.232%))
  Logic Levels:           26  (CARRY4=6 LUT2=1 LUT4=2 LUT5=8 LUT6=9)
  Clock Path Skew:        -0.049ns (DCD - SCD + CPR)
    Destination Clock Delay (DCD):    0.924ns = ( 6.638 - 5.714 ) 
    Source Clock Delay      (SCD):    0.973ns
    Clock Pessimism Removal (CPR):    0.000ns
  Clock Uncertainty:      0.035ns  ((TSJ^2 + TIJ^2)^1/2 + DJ) / 2 + PE
    Total System Jitter     (TSJ):    0.071ns
    Total Input Jitter      (TIJ):    0.000ns
    Discrete Jitter          (DJ):    0.000ns
    Phase Error              (PE):    0.000ns

    Location             Delay type                Incr(ns)  Path(ns)    Netlist Resource(s)
  -------------------------------------------------------------------    -------------------
                         (clock island_175 rise edge)
                                                      0.000     0.000 r  
                                                      0.000     0.000 r  fft_clk (IN)
                         net (fo=5249, unset)         0.973     0.973    fft_clk
    SLICE_X25Y2          FDRE                                         r  registered_scheduling.expected_product_metadata_reg[0]/C
  -------------------------------------------------------------------    -------------------
    SLICE_X25Y2          FDRE (Prop_fdre_C_Q)         0.456     1.429 r  registered_scheduling.expected_product_metadata_reg[0]/Q
                         net (fo=3, routed)           1.236     2.665    checked_product_bank.adapter/reader/job_started_reg_i_62_1
    SLICE_X24Y4          LUT6 (Prop_lut6_I2_O)        0.124     2.789 r  checked_product_bank.adapter/reader/job_started_i_70/O
                         net (fo=1, routed)           0.000     2.789    checked_product_bank.adapter/reader/job_started_i_70_n_0
    SLICE_X24Y4          CARRY4 (Prop_carry4_S[0]_CO[3])
                                                      0.513     3.302 r  checked_product_bank.adapter/reader/job_started_reg_i_62/CO[3]
                         net (fo=1, routed)           0.000     3.302    checked_product_bank.adapter/reader/job_started_reg_i_62_n_0
    SLICE_X24Y5          CARRY4 (Prop_carry4_CI_CO[3])
                                                      0.117     3.419 r  checked_product_bank.adapter/reader/job_started_reg_i_57/CO[3]
                         net (fo=1, routed)           0.000     3.419    checked_product_bank.adapter/reader/job_started_reg_i_57_n_0
    SLICE_X24Y6          CARRY4 (Prop_carry4_CI_CO[3])
                                                      0.117     3.536 r  checked_product_bank.adapter/reader/job_started_reg_i_48/CO[3]
                         net (fo=1, routed)           0.000     3.536    checked_product_bank.adapter/reader/job_started_reg_i_48_n_0
    SLICE_X24Y7          CARRY4 (Prop_carry4_CI_CO[3])
                                                      0.117     3.653 r  checked_product_bank.adapter/reader/job_started_reg_i_38/CO[3]
                         net (fo=1, routed)           0.000     3.653    checked_product_bank.adapter/reader/job_started_reg_i_38_n_0
    SLICE_X24Y8          CARRY4 (Prop_carry4_CI_CO[3])
                                                      0.117     3.770 r  checked_product_bank.adapter/reader/job_started_reg_i_28/CO[3]
                         net (fo=1, routed)           0.000     3.770    checked_product_bank.adapter/reader/job_started_reg_i_28_n_0
    SLICE_X24Y9          CARRY4 (Prop_carry4_CI_CO[3])
                                                      0.117     3.887 f  checked_product_bank.adapter/reader/job_started_reg_i_22/CO[3]
                         net (fo=1, routed)           0.749     4.636    checked_product_bank.adapter/reader/checked_product_bank.independent_head_identity1
    SLICE_X24Y12         LUT4 (Prop_lut4_I0_O)        0.124     4.760 r  checked_product_bank.adapter/reader/job_started_i_16/O
                         net (fo=1, routed)           0.587     5.348    checked_product_bank.adapter/reader/job_started_i_16_n_0
    SLICE_X23Y12         LUT5 (Prop_lut5_I4_O)        0.124     5.472 r  checked_product_bank.adapter/reader/job_started_i_10/O
                         net (fo=1, routed)           0.573     6.045    checked_product_bank.adapter/reader/job_started_i_10_n_0
    SLICE_X23Y13         LUT5 (Prop_lut5_I4_O)        0.124     6.169 r  checked_product_bank.adapter/reader/job_started_i_7/O
                         net (fo=1, routed)           0.299     6.468    checked_product_bank.adapter/reader/job_started_i_7_n_0
    SLICE_X22Y12         LUT5 (Prop_lut5_I4_O)        0.124     6.592 f  checked_product_bank.adapter/reader/job_started_i_3/O
                         net (fo=2, routed)           0.467     7.059    checked_product_bank.adapter/reader/job_started_i_3_n_0
    SLICE_X23Y12         LUT6 (Prop_lut6_I0_O)        0.124     7.183 f  checked_product_bank.adapter/reader/job_started_i_2/O
                         net (fo=6, routed)           0.344     7.527    checked_product_bank.adapter/reader/product_start_binding
    SLICE_X23Y11         LUT4 (Prop_lut4_I0_O)        0.124     7.651 r  checked_product_bank.adapter/reader/consumer_started_i_2/O
                         net (fo=11, routed)          0.336     7.987    checked_product_bank.adapter/reader/registered_scheduling.held_phase_reg_6
    SLICE_X22Y10         LUT5 (Prop_lut5_I0_O)        0.124     8.111 f  checked_product_bank.adapter/reader/reasons[5]_i_2/O
                         net (fo=2, routed)           0.312     8.423    checked_product_bank.adapter/bank/reasons_reg[15]
    SLICE_X22Y11         LUT6 (Prop_lut6_I5_O)        0.124     8.547 f  checked_product_bank.adapter/bank/reasons[15]_i_4/O
                         net (fo=5, routed)           0.196     8.743    checked_product_bank.adapter/reader/staged.reasons_reg[15]_0
    SLICE_X22Y11         LUT5 (Prop_lut5_I4_O)        0.124     8.867 r  checked_product_bank.adapter/reader/staged.armed_i_2/O
                         net (fo=6, routed)           0.340     9.207    checked_product_bank.adapter/bank/staged.armed_reg_3
    SLICE_X22Y12         LUT6 (Prop_lut6_I3_O)        0.124     9.331 r  checked_product_bank.adapter/bank/reasons[15]_i_3/O
                         net (fo=4, routed)           0.306     9.638    checked_product_bank.adapter/bank/reasons[15]_i_3_n_0
    SLICE_X25Y12         LUT6 (Prop_lut6_I5_O)        0.124     9.762 f  checked_product_bank.adapter/bank/lease_reference[1]_i_3/O
                         net (fo=3, routed)           0.313    10.075    checked_product_bank.adapter/reader/lease_reference_reg[1]_0
    SLICE_X23Y11         LUT6 (Prop_lut6_I5_O)        0.124    10.199 f  checked_product_bank.adapter/reader/producer_reference_i_2/O
                         net (fo=8, routed)           0.355    10.554    checked_product_bank.adapter/reader/reader_reference_reg
    SLICE_X20Y11         LUT6 (Prop_lut6_I5_O)        0.124    10.678 f  checked_product_bank.adapter/reader/staged.reasons[4]_i_3/O
                         net (fo=7, routed)           0.197    10.875    checked_product_bank.adapter/reader/staged.lease_reg[0]
    SLICE_X20Y11         LUT5 (Prop_lut5_I2_O)        0.124    10.999 f  checked_product_bank.adapter/reader/reasons[6]_i_2/O
                         net (fo=2, routed)           0.177    11.176    checked_product_bank.adapter/reader/reasons[6]_i_2_n_0
    SLICE_X20Y11         LUT6 (Prop_lut6_I3_O)        0.124    11.300 f  checked_product_bank.adapter/reader/head[1]_i_6/O
                         net (fo=2, routed)           0.464    11.764    checked_product_bank.adapter/reader/head[1]_i_6_n_0
    SLICE_X21Y10         LUT5 (Prop_lut5_I0_O)        0.124    11.888 f  checked_product_bank.adapter/reader/head[1]_i_5/O
                         net (fo=6, routed)           0.636    12.525    checked_product_bank.adapter/bank/registered_scheduling.engine_output_reserved_reg_0
    SLICE_X21Y7          LUT6 (Prop_lut6_I1_O)        0.124    12.649 r  checked_product_bank.adapter/bank/registered_scheduling.engine_output_reserved_i_2/O
                         net (fo=4, routed)           0.334    12.983    checked_product_bank.adapter/bank/common_source_epoch.slow_purge_fast_reg[1]
    SLICE_X21Y5          LUT5 (Prop_lut5_I4_O)        0.124    13.107 r  checked_product_bank.adapter/bank/registered_scheduling.held_lease[1]_i_3/O
                         net (fo=4, routed)           0.442    13.549    checked_product_bank.adapter/bank/registered_scheduling.held_lease[1]_i_3_n_0
    SLICE_X21Y3          LUT2 (Prop_lut2_I0_O)        0.124    13.673 r  checked_product_bank.adapter/bank/registered_scheduling.held_lease[1]_i_1/O
                         net (fo=72, routed)          0.851    14.524    engine_input_reserved
    SLICE_X28Y5          FDRE                                         r  registered_scheduling.engine_metadata_reg[10]/CE
  -------------------------------------------------------------------    -------------------

                         (clock island_175 rise edge)
                                                      5.714     5.714 r  
                                                      0.000     5.714 r  fft_clk (IN)
                         net (fo=5249, unset)         0.924     6.638    fft_clk
    SLICE_X28Y5          FDRE                                         r  registered_scheduling.engine_metadata_reg[10]/C
                         clock pessimism              0.000     6.638    
                         clock uncertainty           -0.035     6.603    
    SLICE_X28Y5          FDRE (Setup_fdre_C_CE)      -0.169     6.434    registered_scheduling.engine_metadata_reg[10]
  -------------------------------------------------------------------
                         required time                          6.434    
                         arrival time                         -14.525    
  -------------------------------------------------------------------
                         slack                                 -8.091    

Slack (VIOLATED) :        -8.091ns  (required time - arrival time)
  Source:                 registered_scheduling.expected_product_metadata_reg[0]/C
                            (rising edge-triggered cell FDRE clocked by island_175  {rise@0.000ns fall@2.857ns period=5.714ns})
  Destination:            registered_scheduling.engine_metadata_reg[15]/CE
                            (rising edge-triggered cell FDRE clocked by island_175  {rise@0.000ns fall@2.857ns period=5.714ns})
  Path Group:             island_175
  Path Type:              Setup (Max at Slow Process Corner)
  Requirement:            5.714ns  (island_175 rise@5.714ns - island_175 rise@0.000ns)
  Data Path Delay:        13.552ns  (logic 4.034ns (29.768%)  route 9.517ns (70.232%))
  Logic Levels:           26  (CARRY4=6 LUT2=1 LUT4=2 LUT5=8 LUT6=9)
  Clock Path Skew:        -0.049ns (DCD - SCD + CPR)
    Destination Clock Delay (DCD):    0.924ns = ( 6.638 - 5.714 ) 
    Source Clock Delay      (SCD):    0.973ns
    Clock Pessimism Removal (CPR):    0.000ns
  Clock Uncertainty:      0.035ns  ((TSJ^2 + TIJ^2)^1/2 + DJ) / 2 + PE
    Total System Jitter     (TSJ):    0.071ns
    Total Input Jitter      (TIJ):    0.000ns
    Discrete Jitter          (DJ):    0.000ns
    Phase Error              (PE):    0.000ns

    Location             Delay type                Incr(ns)  Path(ns)    Netlist Resource(s)
  -------------------------------------------------------------------    -------------------
                         (clock island_175 rise edge)
                                                      0.000     0.000 r  
                                                      0.000     0.000 r  fft_clk (IN)
                         net (fo=5249, unset)         0.973     0.973    fft_clk
    SLICE_X25Y2          FDRE                                         r  registered_scheduling.expected_product_metadata_reg[0]/C
  -------------------------------------------------------------------    -------------------
    SLICE_X25Y2          FDRE (Prop_fdre_C_Q)         0.456     1.429 r  registered_scheduling.expected_product_metadata_reg[0]/Q
                         net (fo=3, routed)           1.236     2.665    checked_product_bank.adapter/reader/job_started_reg_i_62_1
    SLICE_X24Y4          LUT6 (Prop_lut6_I2_O)        0.124     2.789 r  checked_product_bank.adapter/reader/job_started_i_70/O
                         net (fo=1, routed)           0.000     2.789    checked_product_bank.adapter/reader/job_started_i_70_n_0
    SLICE_X24Y4          CARRY4 (Prop_carry4_S[0]_CO[3])
                                                      0.513     3.302 r  checked_product_bank.adapter/reader/job_started_reg_i_62/CO[3]
                         net (fo=1, routed)           0.000     3.302    checked_product_bank.adapter/reader/job_started_reg_i_62_n_0
    SLICE_X24Y5          CARRY4 (Prop_carry4_CI_CO[3])
                                                      0.117     3.419 r  checked_product_bank.adapter/reader/job_started_reg_i_57/CO[3]
                         net (fo=1, routed)           0.000     3.419    checked_product_bank.adapter/reader/job_started_reg_i_57_n_0
    SLICE_X24Y6          CARRY4 (Prop_carry4_CI_CO[3])
                                                      0.117     3.536 r  checked_product_bank.adapter/reader/job_started_reg_i_48/CO[3]
                         net (fo=1, routed)           0.000     3.536    checked_product_bank.adapter/reader/job_started_reg_i_48_n_0
    SLICE_X24Y7          CARRY4 (Prop_carry4_CI_CO[3])
                                                      0.117     3.653 r  checked_product_bank.adapter/reader/job_started_reg_i_38/CO[3]
                         net (fo=1, routed)           0.000     3.653    checked_product_bank.adapter/reader/job_started_reg_i_38_n_0
    SLICE_X24Y8          CARRY4 (Prop_carry4_CI_CO[3])
                                                      0.117     3.770 r  checked_product_bank.adapter/reader/job_started_reg_i_28/CO[3]
                         net (fo=1, routed)           0.000     3.770    checked_product_bank.adapter/reader/job_started_reg_i_28_n_0
    SLICE_X24Y9          CARRY4 (Prop_carry4_CI_CO[3])
                                                      0.117     3.887 f  checked_product_bank.adapter/reader/job_started_reg_i_22/CO[3]
                         net (fo=1, routed)           0.749     4.636    checked_product_bank.adapter/reader/checked_product_bank.independent_head_identity1
    SLICE_X24Y12         LUT4 (Prop_lut4_I0_O)        0.124     4.760 r  checked_product_bank.adapter/reader/job_started_i_16/O
                         net (fo=1, routed)           0.587     5.348    checked_product_bank.adapter/reader/job_started_i_16_n_0
    SLICE_X23Y12         LUT5 (Prop_lut5_I4_O)        0.124     5.472 r  checked_product_bank.adapter/reader/job_started_i_10/O
                         net (fo=1, routed)           0.573     6.045    checked_product_bank.adapter/reader/job_started_i_10_n_0
    SLICE_X23Y13         LUT5 (Prop_lut5_I4_O)        0.124     6.169 r  checked_product_bank.adapter/reader/job_started_i_7/O
                         net (fo=1, routed)           0.299     6.468    checked_product_bank.adapter/reader/job_started_i_7_n_0
    SLICE_X22Y12         LUT5 (Prop_lut5_I4_O)        0.124     6.592 f  checked_product_bank.adapter/reader/job_started_i_3/O
                         net (fo=2, routed)           0.467     7.059    checked_product_bank.adapter/reader/job_started_i_3_n_0
    SLICE_X23Y12         LUT6 (Prop_lut6_I0_O)        0.124     7.183 f  checked_product_bank.adapter/reader/job_started_i_2/O
                         net (fo=6, routed)           0.344     7.527    checked_product_bank.adapter/reader/product_start_binding
    SLICE_X23Y11         LUT4 (Prop_lut4_I0_O)        0.124     7.651 r  checked_product_bank.adapter/reader/consumer_started_i_2/O
                         net (fo=11, routed)          0.336     7.987    checked_product_bank.adapter/reader/registered_scheduling.held_phase_reg_6
    SLICE_X22Y10         LUT5 (Prop_lut5_I0_O)        0.124     8.111 f  checked_product_bank.adapter/reader/reasons[5]_i_2/O
                         net (fo=2, routed)           0.312     8.423    checked_product_bank.adapter/bank/reasons_reg[15]
    SLICE_X22Y11         LUT6 (Prop_lut6_I5_O)        0.124     8.547 f  checked_product_bank.adapter/bank/reasons[15]_i_4/O
                         net (fo=5, routed)           0.196     8.743    checked_product_bank.adapter/reader/staged.reasons_reg[15]_0
    SLICE_X22Y11         LUT5 (Prop_lut5_I4_O)        0.124     8.867 r  checked_product_bank.adapter/reader/staged.armed_i_2/O
                         net (fo=6, routed)           0.340     9.207    checked_product_bank.adapter/bank/staged.armed_reg_3
    SLICE_X22Y12         LUT6 (Prop_lut6_I3_O)        0.124     9.331 r  checked_product_bank.adapter/bank/reasons[15]_i_3/O
                         net (fo=4, routed)           0.306     9.638    checked_product_bank.adapter/bank/reasons[15]_i_3_n_0
    SLICE_X25Y12         LUT6 (Prop_lut6_I5_O)        0.124     9.762 f  checked_product_bank.adapter/bank/lease_reference[1]_i_3/O
                         net (fo=3, routed)           0.313    10.075    checked_product_bank.adapter/reader/lease_reference_reg[1]_0
    SLICE_X23Y11         LUT6 (Prop_lut6_I5_O)        0.124    10.199 f  checked_product_bank.adapter/reader/producer_reference_i_2/O
                         net (fo=8, routed)           0.355    10.554    checked_product_bank.adapter/reader/reader_reference_reg
    SLICE_X20Y11         LUT6 (Prop_lut6_I5_O)        0.124    10.678 f  checked_product_bank.adapter/reader/staged.reasons[4]_i_3/O
                         net (fo=7, routed)           0.197    10.875    checked_product_bank.adapter/reader/staged.lease_reg[0]
    SLICE_X20Y11         LUT5 (Prop_lut5_I2_O)        0.124    10.999 f  checked_product_bank.adapter/reader/reasons[6]_i_2/O
                         net (fo=2, routed)           0.177    11.176    checked_product_bank.adapter/reader/reasons[6]_i_2_n_0
    SLICE_X20Y11         LUT6 (Prop_lut6_I3_O)        0.124    11.300 f  checked_product_bank.adapter/reader/head[1]_i_6/O
                         net (fo=2, routed)           0.464    11.764    checked_product_bank.adapter/reader/head[1]_i_6_n_0
    SLICE_X21Y10         LUT5 (Prop_lut5_I0_O)        0.124    11.888 f  checked_product_bank.adapter/reader/head[1]_i_5/O
                         net (fo=6, routed)           0.636    12.525    checked_product_bank.adapter/bank/registered_scheduling.engine_output_reserved_reg_0
    SLICE_X21Y7          LUT6 (Prop_lut6_I1_O)        0.124    12.649 r  checked_product_bank.adapter/bank/registered_scheduling.engine_output_reserved_i_2/O
                         net (fo=4, routed)           0.334    12.983    checked_product_bank.adapter/bank/common_source_epoch.slow_purge_fast_reg[1]
    SLICE_X21Y5          LUT5 (Prop_lut5_I4_O)        0.124    13.107 r  checked_product_bank.adapter/bank/registered_scheduling.held_lease[1]_i_3/O
                         net (fo=4, routed)           0.442    13.549    checked_product_bank.adapter/bank/registered_scheduling.held_lease[1]_i_3_n_0
    SLICE_X21Y3          LUT2 (Prop_lut2_I0_O)        0.124    13.673 r  checked_product_bank.adapter/bank/registered_scheduling.held_lease[1]_i_1/O
                         net (fo=72, routed)          0.851    14.524    engine_input_reserved
    SLICE_X28Y5          FDRE                                         r  registered_scheduling.engine_metadata_reg[15]/CE
  -------------------------------------------------------------------    -------------------

                         (clock island_175 rise edge)
                                                      5.714     5.714 r  
                                                      0.000     5.714 r  fft_clk (IN)
                         net (fo=5249, unset)         0.924     6.638    fft_clk
    SLICE_X28Y5          FDRE                                         r  registered_scheduling.engine_metadata_reg[15]/C
                         clock pessimism              0.000     6.638    
                         clock uncertainty           -0.035     6.603    
    SLICE_X28Y5          FDRE (Setup_fdre_C_CE)      -0.169     6.434    registered_scheduling.engine_metadata_reg[15]
  -------------------------------------------------------------------
                         required time                          6.434    
                         arrival time                         -14.525    
  -------------------------------------------------------------------
                         slack                                 -8.091    

Slack (VIOLATED) :        -8.091ns  (required time - arrival time)
  Source:                 registered_scheduling.expected_product_metadata_reg[0]/C
                            (rising edge-triggered cell FDRE clocked by island_175  {rise@0.000ns fall@2.857ns period=5.714ns})
  Destination:            registered_scheduling.engine_metadata_reg[16]/CE
                            (rising edge-triggered cell FDRE clocked by island_175  {rise@0.000ns fall@2.857ns period=5.714ns})
  Path Group:             island_175
  Path Type:              Setup (Max at Slow Process Corner)
  Requirement:            5.714ns  (island_175 rise@5.714ns - island_175 rise@0.000ns)
  Data Path Delay:        13.552ns  (logic 4.034ns (29.768%)  route 9.517ns (70.232%))
  Logic Levels:           26  (CARRY4=6 LUT2=1 LUT4=2 LUT5=8 LUT6=9)
  Clock Path Skew:        -0.049ns (DCD - SCD + CPR)
    Destination Clock Delay (DCD):    0.924ns = ( 6.638 - 5.714 ) 
    Source Clock Delay      (SCD):    0.973ns
    Clock Pessimism Removal (CPR):    0.000ns
  Clock Uncertainty:      0.035ns  ((TSJ^2 + TIJ^2)^1/2 + DJ) / 2 + PE
    Total System Jitter     (TSJ):    0.071ns
    Total Input Jitter      (TIJ):    0.000ns
    Discrete Jitter          (DJ):    0.000ns
    Phase Error              (PE):    0.000ns

    Location             Delay type                Incr(ns)  Path(ns)    Netlist Resource(s)
  -------------------------------------------------------------------    -------------------
                         (clock island_175 rise edge)
                                                      0.000     0.000 r  
                                                      0.000     0.000 r  fft_clk (IN)
                         net (fo=5249, unset)         0.973     0.973    fft_clk
    SLICE_X25Y2          FDRE                                         r  registered_scheduling.expected_product_metadata_reg[0]/C
  -------------------------------------------------------------------    -------------------
    SLICE_X25Y2          FDRE (Prop_fdre_C_Q)         0.456     1.429 r  registered_scheduling.expected_product_metadata_reg[0]/Q
                         net (fo=3, routed)           1.236     2.665    checked_product_bank.adapter/reader/job_started_reg_i_62_1
    SLICE_X24Y4          LUT6 (Prop_lut6_I2_O)        0.124     2.789 r  checked_product_bank.adapter/reader/job_started_i_70/O
                         net (fo=1, routed)           0.000     2.789    checked_product_bank.adapter/reader/job_started_i_70_n_0
    SLICE_X24Y4          CARRY4 (Prop_carry4_S[0]_CO[3])
                                                      0.513     3.302 r  checked_product_bank.adapter/reader/job_started_reg_i_62/CO[3]
                         net (fo=1, routed)           0.000     3.302    checked_product_bank.adapter/reader/job_started_reg_i_62_n_0
    SLICE_X24Y5          CARRY4 (Prop_carry4_CI_CO[3])
                                                      0.117     3.419 r  checked_product_bank.adapter/reader/job_started_reg_i_57/CO[3]
                         net (fo=1, routed)           0.000     3.419    checked_product_bank.adapter/reader/job_started_reg_i_57_n_0
    SLICE_X24Y6          CARRY4 (Prop_carry4_CI_CO[3])
                                                      0.117     3.536 r  checked_product_bank.adapter/reader/job_started_reg_i_48/CO[3]
                         net (fo=1, routed)           0.000     3.536    checked_product_bank.adapter/reader/job_started_reg_i_48_n_0
    SLICE_X24Y7          CARRY4 (Prop_carry4_CI_CO[3])
                                                      0.117     3.653 r  checked_product_bank.adapter/reader/job_started_reg_i_38/CO[3]
                         net (fo=1, routed)           0.000     3.653    checked_product_bank.adapter/reader/job_started_reg_i_38_n_0
    SLICE_X24Y8          CARRY4 (Prop_carry4_CI_CO[3])
                                                      0.117     3.770 r  checked_product_bank.adapter/reader/job_started_reg_i_28/CO[3]
                         net (fo=1, routed)           0.000     3.770    checked_product_bank.adapter/reader/job_started_reg_i_28_n_0
    SLICE_X24Y9          CARRY4 (Prop_carry4_CI_CO[3])
                                                      0.117     3.887 f  checked_product_bank.adapter/reader/job_started_reg_i_22/CO[3]
                         net (fo=1, routed)           0.749     4.636    checked_product_bank.adapter/reader/checked_product_bank.independent_head_identity1
    SLICE_X24Y12         LUT4 (Prop_lut4_I0_O)        0.124     4.760 r  checked_product_bank.adapter/reader/job_started_i_16/O
                         net (fo=1, routed)           0.587     5.348    checked_product_bank.adapter/reader/job_started_i_16_n_0
    SLICE_X23Y12         LUT5 (Prop_lut5_I4_O)        0.124     5.472 r  checked_product_bank.adapter/reader/job_started_i_10/O
                         net (fo=1, routed)           0.573     6.045    checked_product_bank.adapter/reader/job_started_i_10_n_0
    SLICE_X23Y13         LUT5 (Prop_lut5_I4_O)        0.124     6.169 r  checked_product_bank.adapter/reader/job_started_i_7/O
                         net (fo=1, routed)           0.299     6.468    checked_product_bank.adapter/reader/job_started_i_7_n_0
    SLICE_X22Y12         LUT5 (Prop_lut5_I4_O)        0.124     6.592 f  checked_product_bank.adapter/reader/job_started_i_3/O
                         net (fo=2, routed)           0.467     7.059    checked_product_bank.adapter/reader/job_started_i_3_n_0
    SLICE_X23Y12         LUT6 (Prop_lut6_I0_O)        0.124     7.183 f  checked_product_bank.adapter/reader/job_started_i_2/O
                         net (fo=6, routed)           0.344     7.527    checked_product_bank.adapter/reader/product_start_binding
    SLICE_X23Y11         LUT4 (Prop_lut4_I0_O)        0.124     7.651 r  checked_product_bank.adapter/reader/consumer_started_i_2/O
                         net (fo=11, routed)          0.336     7.987    checked_product_bank.adapter/reader/registered_scheduling.held_phase_reg_6
    SLICE_X22Y10         LUT5 (Prop_lut5_I0_O)        0.124     8.111 f  checked_product_bank.adapter/reader/reasons[5]_i_2/O
                         net (fo=2, routed)           0.312     8.423    checked_product_bank.adapter/bank/reasons_reg[15]
    SLICE_X22Y11         LUT6 (Prop_lut6_I5_O)        0.124     8.547 f  checked_product_bank.adapter/bank/reasons[15]_i_4/O
                         net (fo=5, routed)           0.196     8.743    checked_product_bank.adapter/reader/staged.reasons_reg[15]_0
    SLICE_X22Y11         LUT5 (Prop_lut5_I4_O)        0.124     8.867 r  checked_product_bank.adapter/reader/staged.armed_i_2/O
                         net (fo=6, routed)           0.340     9.207    checked_product_bank.adapter/bank/staged.armed_reg_3
    SLICE_X22Y12         LUT6 (Prop_lut6_I3_O)        0.124     9.331 r  checked_product_bank.adapter/bank/reasons[15]_i_3/O
                         net (fo=4, routed)           0.306     9.638    checked_product_bank.adapter/bank/reasons[15]_i_3_n_0
    SLICE_X25Y12         LUT6 (Prop_lut6_I5_O)        0.124     9.762 f  checked_product_bank.adapter/bank/lease_reference[1]_i_3/O
                         net (fo=3, routed)           0.313    10.075    checked_product_bank.adapter/reader/lease_reference_reg[1]_0
    SLICE_X23Y11         LUT6 (Prop_lut6_I5_O)        0.124    10.199 f  checked_product_bank.adapter/reader/producer_reference_i_2/O
                         net (fo=8, routed)           0.355    10.554    checked_product_bank.adapter/reader/reader_reference_reg
    SLICE_X20Y11         LUT6 (Prop_lut6_I5_O)        0.124    10.678 f  checked_product_bank.adapter/reader/staged.reasons[4]_i_3/O
                         net (fo=7, routed)           0.197    10.875    checked_product_bank.adapter/reader/staged.lease_reg[0]
    SLICE_X20Y11         LUT5 (Prop_lut5_I2_O)        0.124    10.999 f  checked_product_bank.adapter/reader/reasons[6]_i_2/O
                         net (fo=2, routed)           0.177    11.176    checked_product_bank.adapter/reader/reasons[6]_i_2_n_0
    SLICE_X20Y11         LUT6 (Prop_lut6_I3_O)        0.124    11.300 f  checked_product_bank.adapter/reader/head[1]_i_6/O
                         net (fo=2, routed)           0.464    11.764    checked_product_bank.adapter/reader/head[1]_i_6_n_0
    SLICE_X21Y10         LUT5 (Prop_lut5_I0_O)        0.124    11.888 f  checked_product_bank.adapter/reader/head[1]_i_5/O
                         net (fo=6, routed)           0.636    12.525    checked_product_bank.adapter/bank/registered_scheduling.engine_output_reserved_reg_0
    SLICE_X21Y7          LUT6 (Prop_lut6_I1_O)        0.124    12.649 r  checked_product_bank.adapter/bank/registered_scheduling.engine_output_reserved_i_2/O
                         net (fo=4, routed)           0.334    12.983    checked_product_bank.adapter/bank/common_source_epoch.slow_purge_fast_reg[1]
    SLICE_X21Y5          LUT5 (Prop_lut5_I4_O)        0.124    13.107 r  checked_product_bank.adapter/bank/registered_scheduling.held_lease[1]_i_3/O
                         net (fo=4, routed)           0.442    13.549    checked_product_bank.adapter/bank/registered_scheduling.held_lease[1]_i_3_n_0
    SLICE_X21Y3          LUT2 (Prop_lut2_I0_O)        0.124    13.673 r  checked_product_bank.adapter/bank/registered_scheduling.held_lease[1]_i_1/O
                         net (fo=72, routed)          0.851    14.524    engine_input_reserved
    SLICE_X28Y5          FDRE                                         r  registered_scheduling.engine_metadata_reg[16]/CE
  -------------------------------------------------------------------    -------------------

                         (clock island_175 rise edge)
                                                      5.714     5.714 r  
                                                      0.000     5.714 r  fft_clk (IN)
                         net (fo=5249, unset)         0.924     6.638    fft_clk
    SLICE_X28Y5          FDRE                                         r  registered_scheduling.engine_metadata_reg[16]/C
                         clock pessimism              0.000     6.638    
                         clock uncertainty           -0.035     6.603    
    SLICE_X28Y5          FDRE (Setup_fdre_C_CE)      -0.169     6.434    registered_scheduling.engine_metadata_reg[16]
  -------------------------------------------------------------------
                         required time                          6.434    
                         arrival time                         -14.525    
  -------------------------------------------------------------------
                         slack                                 -8.091    

Slack (VIOLATED) :        -8.091ns  (required time - arrival time)
  Source:                 registered_scheduling.expected_product_metadata_reg[0]/C
                            (rising edge-triggered cell FDRE clocked by island_175  {rise@0.000ns fall@2.857ns period=5.714ns})
  Destination:            registered_scheduling.engine_metadata_reg[19]/CE
                            (rising edge-triggered cell FDRE clocked by island_175  {rise@0.000ns fall@2.857ns period=5.714ns})
  Path Group:             island_175
  Path Type:              Setup (Max at Slow Process Corner)
  Requirement:            5.714ns  (island_175 rise@5.714ns - island_175 rise@0.000ns)
  Data Path Delay:        13.552ns  (logic 4.034ns (29.768%)  route 9.517ns (70.232%))
  Logic Levels:           26  (CARRY4=6 LUT2=1 LUT4=2 LUT5=8 LUT6=9)
  Clock Path Skew:        -0.049ns (DCD - SCD + CPR)
    Destination Clock Delay (DCD):    0.924ns = ( 6.638 - 5.714 ) 
    Source Clock Delay      (SCD):    0.973ns
    Clock Pessimism Removal (CPR):    0.000ns
  Clock Uncertainty:      0.035ns  ((TSJ^2 + TIJ^2)^1/2 + DJ) / 2 + PE
    Total System Jitter     (TSJ):    0.071ns
    Total Input Jitter      (TIJ):    0.000ns
    Discrete Jitter          (DJ):    0.000ns
    Phase Error              (PE):    0.000ns

    Location             Delay type                Incr(ns)  Path(ns)    Netlist Resource(s)
  -------------------------------------------------------------------    -------------------
                         (clock island_175 rise edge)
                                                      0.000     0.000 r  
                                                      0.000     0.000 r  fft_clk (IN)
                         net (fo=5249, unset)         0.973     0.973    fft_clk
    SLICE_X25Y2          FDRE                                         r  registered_scheduling.expected_product_metadata_reg[0]/C
  -------------------------------------------------------------------    -------------------
    SLICE_X25Y2          FDRE (Prop_fdre_C_Q)         0.456     1.429 r  registered_scheduling.expected_product_metadata_reg[0]/Q
                         net (fo=3, routed)           1.236     2.665    checked_product_bank.adapter/reader/job_started_reg_i_62_1
    SLICE_X24Y4          LUT6 (Prop_lut6_I2_O)        0.124     2.789 r  checked_product_bank.adapter/reader/job_started_i_70/O
                         net (fo=1, routed)           0.000     2.789    checked_product_bank.adapter/reader/job_started_i_70_n_0
    SLICE_X24Y4          CARRY4 (Prop_carry4_S[0]_CO[3])
                                                      0.513     3.302 r  checked_product_bank.adapter/reader/job_started_reg_i_62/CO[3]
                         net (fo=1, routed)           0.000     3.302    checked_product_bank.adapter/reader/job_started_reg_i_62_n_0
    SLICE_X24Y5          CARRY4 (Prop_carry4_CI_CO[3])
                                                      0.117     3.419 r  checked_product_bank.adapter/reader/job_started_reg_i_57/CO[3]
                         net (fo=1, routed)           0.000     3.419    checked_product_bank.adapter/reader/job_started_reg_i_57_n_0
    SLICE_X24Y6          CARRY4 (Prop_carry4_CI_CO[3])
                                                      0.117     3.536 r  checked_product_bank.adapter/reader/job_started_reg_i_48/CO[3]
                         net (fo=1, routed)           0.000     3.536    checked_product_bank.adapter/reader/job_started_reg_i_48_n_0
    SLICE_X24Y7          CARRY4 (Prop_carry4_CI_CO[3])
                                                      0.117     3.653 r  checked_product_bank.adapter/reader/job_started_reg_i_38/CO[3]
                         net (fo=1, routed)           0.000     3.653    checked_product_bank.adapter/reader/job_started_reg_i_38_n_0
    SLICE_X24Y8          CARRY4 (Prop_carry4_CI_CO[3])
                                                      0.117     3.770 r  checked_product_bank.adapter/reader/job_started_reg_i_28/CO[3]
                         net (fo=1, routed)           0.000     3.770    checked_product_bank.adapter/reader/job_started_reg_i_28_n_0
    SLICE_X24Y9          CARRY4 (Prop_carry4_CI_CO[3])
                                                      0.117     3.887 f  checked_product_bank.adapter/reader/job_started_reg_i_22/CO[3]
                         net (fo=1, routed)           0.749     4.636    checked_product_bank.adapter/reader/checked_product_bank.independent_head_identity1
    SLICE_X24Y12         LUT4 (Prop_lut4_I0_O)        0.124     4.760 r  checked_product_bank.adapter/reader/job_started_i_16/O
                         net (fo=1, routed)           0.587     5.348    checked_product_bank.adapter/reader/job_started_i_16_n_0
    SLICE_X23Y12         LUT5 (Prop_lut5_I4_O)        0.124     5.472 r  checked_product_bank.adapter/reader/job_started_i_10/O
                         net (fo=1, routed)           0.573     6.045    checked_product_bank.adapter/reader/job_started_i_10_n_0
    SLICE_X23Y13         LUT5 (Prop_lut5_I4_O)        0.124     6.169 r  checked_product_bank.adapter/reader/job_started_i_7/O
                         net (fo=1, routed)           0.299     6.468    checked_product_bank.adapter/reader/job_started_i_7_n_0
    SLICE_X22Y12         LUT5 (Prop_lut5_I4_O)        0.124     6.592 f  checked_product_bank.adapter/reader/job_started_i_3/O
                         net (fo=2, routed)           0.467     7.059    checked_product_bank.adapter/reader/job_started_i_3_n_0
    SLICE_X23Y12         LUT6 (Prop_lut6_I0_O)        0.124     7.183 f  checked_product_bank.adapter/reader/job_started_i_2/O
                         net (fo=6, routed)           0.344     7.527    checked_product_bank.adapter/reader/product_start_binding
    SLICE_X23Y11         LUT4 (Prop_lut4_I0_O)        0.124     7.651 r  checked_product_bank.adapter/reader/consumer_started_i_2/O
                         net (fo=11, routed)          0.336     7.987    checked_product_bank.adapter/reader/registered_scheduling.held_phase_reg_6
    SLICE_X22Y10         LUT5 (Prop_lut5_I0_O)        0.124     8.111 f  checked_product_bank.adapter/reader/reasons[5]_i_2/O
                         net (fo=2, routed)           0.312     8.423    checked_product_bank.adapter/bank/reasons_reg[15]
    SLICE_X22Y11         LUT6 (Prop_lut6_I5_O)        0.124     8.547 f  checked_product_bank.adapter/bank/reasons[15]_i_4/O
                         net (fo=5, routed)           0.196     8.743    checked_product_bank.adapter/reader/staged.reasons_reg[15]_0
    SLICE_X22Y11         LUT5 (Prop_lut5_I4_O)        0.124     8.867 r  checked_product_bank.adapter/reader/staged.armed_i_2/O
                         net (fo=6, routed)           0.340     9.207    checked_product_bank.adapter/bank/staged.armed_reg_3
    SLICE_X22Y12         LUT6 (Prop_lut6_I3_O)        0.124     9.331 r  checked_product_bank.adapter/bank/reasons[15]_i_3/O
                         net (fo=4, routed)           0.306     9.638    checked_product_bank.adapter/bank/reasons[15]_i_3_n_0
    SLICE_X25Y12         LUT6 (Prop_lut6_I5_O)        0.124     9.762 f  checked_product_bank.adapter/bank/lease_reference[1]_i_3/O
                         net (fo=3, routed)           0.313    10.075    checked_product_bank.adapter/reader/lease_reference_reg[1]_0
    SLICE_X23Y11         LUT6 (Prop_lut6_I5_O)        0.124    10.199 f  checked_product_bank.adapter/reader/producer_reference_i_2/O
                         net (fo=8, routed)           0.355    10.554    checked_product_bank.adapter/reader/reader_reference_reg
    SLICE_X20Y11         LUT6 (Prop_lut6_I5_O)        0.124    10.678 f  checked_product_bank.adapter/reader/staged.reasons[4]_i_3/O
                         net (fo=7, routed)           0.197    10.875    checked_product_bank.adapter/reader/staged.lease_reg[0]
    SLICE_X20Y11         LUT5 (Prop_lut5_I2_O)        0.124    10.999 f  checked_product_bank.adapter/reader/reasons[6]_i_2/O
                         net (fo=2, routed)           0.177    11.176    checked_product_bank.adapter/reader/reasons[6]_i_2_n_0
    SLICE_X20Y11         LUT6 (Prop_lut6_I3_O)        0.124    11.300 f  checked_product_bank.adapter/reader/head[1]_i_6/O
                         net (fo=2, routed)           0.464    11.764    checked_product_bank.adapter/reader/head[1]_i_6_n_0
    SLICE_X21Y10         LUT5 (Prop_lut5_I0_O)        0.124    11.888 f  checked_product_bank.adapter/reader/head[1]_i_5/O
                         net (fo=6, routed)           0.636    12.525    checked_product_bank.adapter/bank/registered_scheduling.engine_output_reserved_reg_0
    SLICE_X21Y7          LUT6 (Prop_lut6_I1_O)        0.124    12.649 r  checked_product_bank.adapter/bank/registered_scheduling.engine_output_reserved_i_2/O
                         net (fo=4, routed)           0.334    12.983    checked_product_bank.adapter/bank/common_source_epoch.slow_purge_fast_reg[1]
    SLICE_X21Y5          LUT5 (Prop_lut5_I4_O)        0.124    13.107 r  checked_product_bank.adapter/bank/registered_scheduling.held_lease[1]_i_3/O
                         net (fo=4, routed)           0.442    13.549    checked_product_bank.adapter/bank/registered_scheduling.held_lease[1]_i_3_n_0
    SLICE_X21Y3          LUT2 (Prop_lut2_I0_O)        0.124    13.673 r  checked_product_bank.adapter/bank/registered_scheduling.held_lease[1]_i_1/O
                         net (fo=72, routed)          0.851    14.524    engine_input_reserved
    SLICE_X28Y5          FDRE                                         r  registered_scheduling.engine_metadata_reg[19]/CE
  -------------------------------------------------------------------    -------------------

                         (clock island_175 rise edge)
                                                      5.714     5.714 r  
                                                      0.000     5.714 r  fft_clk (IN)
                         net (fo=5249, unset)         0.924     6.638    fft_clk
    SLICE_X28Y5          FDRE                                         r  registered_scheduling.engine_metadata_reg[19]/C
                         clock pessimism              0.000     6.638    
                         clock uncertainty           -0.035     6.603    
    SLICE_X28Y5          FDRE (Setup_fdre_C_CE)      -0.169     6.434    registered_scheduling.engine_metadata_reg[19]
  -------------------------------------------------------------------
                         required time                          6.434    
                         arrival time                         -14.525    
  -------------------------------------------------------------------
                         slack                                 -8.091    

Slack (VIOLATED) :        -8.091ns  (required time - arrival time)
  Source:                 registered_scheduling.expected_product_metadata_reg[0]/C
                            (rising edge-triggered cell FDRE clocked by island_175  {rise@0.000ns fall@2.857ns period=5.714ns})
  Destination:            registered_scheduling.engine_metadata_reg[20]/CE
                            (rising edge-triggered cell FDRE clocked by island_175  {rise@0.000ns fall@2.857ns period=5.714ns})
  Path Group:             island_175
  Path Type:              Setup (Max at Slow Process Corner)
  Requirement:            5.714ns  (island_175 rise@5.714ns - island_175 rise@0.000ns)
  Data Path Delay:        13.552ns  (logic 4.034ns (29.768%)  route 9.517ns (70.232%))
  Logic Levels:           26  (CARRY4=6 LUT2=1 LUT4=2 LUT5=8 LUT6=9)
  Clock Path Skew:        -0.049ns (DCD - SCD + CPR)
    Destination Clock Delay (DCD):    0.924ns = ( 6.638 - 5.714 ) 
    Source Clock Delay      (SCD):    0.973ns
    Clock Pessimism Removal (CPR):    0.000ns
  Clock Uncertainty:      0.035ns  ((TSJ^2 + TIJ^2)^1/2 + DJ) / 2 + PE
    Total System Jitter     (TSJ):    0.071ns
    Total Input Jitter      (TIJ):    0.000ns
    Discrete Jitter          (DJ):    0.000ns
    Phase Error              (PE):    0.000ns

    Location             Delay type                Incr(ns)  Path(ns)    Netlist Resource(s)
  -------------------------------------------------------------------    -------------------
                         (clock island_175 rise edge)
                                                      0.000     0.000 r  
                                                      0.000     0.000 r  fft_clk (IN)
                         net (fo=5249, unset)         0.973     0.973    fft_clk
    SLICE_X25Y2          FDRE                                         r  registered_scheduling.expected_product_metadata_reg[0]/C
  -------------------------------------------------------------------    -------------------
    SLICE_X25Y2          FDRE (Prop_fdre_C_Q)         0.456     1.429 r  registered_scheduling.expected_product_metadata_reg[0]/Q
                         net (fo=3, routed)           1.236     2.665    checked_product_bank.adapter/reader/job_started_reg_i_62_1
    SLICE_X24Y4          LUT6 (Prop_lut6_I2_O)        0.124     2.789 r  checked_product_bank.adapter/reader/job_started_i_70/O
                         net (fo=1, routed)           0.000     2.789    checked_product_bank.adapter/reader/job_started_i_70_n_0
    SLICE_X24Y4          CARRY4 (Prop_carry4_S[0]_CO[3])
                                                      0.513     3.302 r  checked_product_bank.adapter/reader/job_started_reg_i_62/CO[3]
                         net (fo=1, routed)           0.000     3.302    checked_product_bank.adapter/reader/job_started_reg_i_62_n_0
    SLICE_X24Y5          CARRY4 (Prop_carry4_CI_CO[3])
                                                      0.117     3.419 r  checked_product_bank.adapter/reader/job_started_reg_i_57/CO[3]
                         net (fo=1, routed)           0.000     3.419    checked_product_bank.adapter/reader/job_started_reg_i_57_n_0
    SLICE_X24Y6          CARRY4 (Prop_carry4_CI_CO[3])
                                                      0.117     3.536 r  checked_product_bank.adapter/reader/job_started_reg_i_48/CO[3]
                         net (fo=1, routed)           0.000     3.536    checked_product_bank.adapter/reader/job_started_reg_i_48_n_0
    SLICE_X24Y7          CARRY4 (Prop_carry4_CI_CO[3])
                                                      0.117     3.653 r  checked_product_bank.adapter/reader/job_started_reg_i_38/CO[3]
                         net (fo=1, routed)           0.000     3.653    checked_product_bank.adapter/reader/job_started_reg_i_38_n_0
    SLICE_X24Y8          CARRY4 (Prop_carry4_CI_CO[3])
                                                      0.117     3.770 r  checked_product_bank.adapter/reader/job_started_reg_i_28/CO[3]
                         net (fo=1, routed)           0.000     3.770    checked_product_bank.adapter/reader/job_started_reg_i_28_n_0
    SLICE_X24Y9          CARRY4 (Prop_carry4_CI_CO[3])
                                                      0.117     3.887 f  checked_product_bank.adapter/reader/job_started_reg_i_22/CO[3]
                         net (fo=1, routed)           0.749     4.636    checked_product_bank.adapter/reader/checked_product_bank.independent_head_identity1
    SLICE_X24Y12         LUT4 (Prop_lut4_I0_O)        0.124     4.760 r  checked_product_bank.adapter/reader/job_started_i_16/O
                         net (fo=1, routed)           0.587     5.348    checked_product_bank.adapter/reader/job_started_i_16_n_0
    SLICE_X23Y12         LUT5 (Prop_lut5_I4_O)        0.124     5.472 r  checked_product_bank.adapter/reader/job_started_i_10/O
                         net (fo=1, routed)           0.573     6.045    checked_product_bank.adapter/reader/job_started_i_10_n_0
    SLICE_X23Y13         LUT5 (Prop_lut5_I4_O)        0.124     6.169 r  checked_product_bank.adapter/reader/job_started_i_7/O
                         net (fo=1, routed)           0.299     6.468    checked_product_bank.adapter/reader/job_started_i_7_n_0
    SLICE_X22Y12         LUT5 (Prop_lut5_I4_O)        0.124     6.592 f  checked_product_bank.adapter/reader/job_started_i_3/O
                         net (fo=2, routed)           0.467     7.059    checked_product_bank.adapter/reader/job_started_i_3_n_0
    SLICE_X23Y12         LUT6 (Prop_lut6_I0_O)        0.124     7.183 f  checked_product_bank.adapter/reader/job_started_i_2/O
                         net (fo=6, routed)           0.344     7.527    checked_product_bank.adapter/reader/product_start_binding
    SLICE_X23Y11         LUT4 (Prop_lut4_I0_O)        0.124     7.651 r  checked_product_bank.adapter/reader/consumer_started_i_2/O
                         net (fo=11, routed)          0.336     7.987    checked_product_bank.adapter/reader/registered_scheduling.held_phase_reg_6
    SLICE_X22Y10         LUT5 (Prop_lut5_I0_O)        0.124     8.111 f  checked_product_bank.adapter/reader/reasons[5]_i_2/O
                         net (fo=2, routed)           0.312     8.423    checked_product_bank.adapter/bank/reasons_reg[15]
    SLICE_X22Y11         LUT6 (Prop_lut6_I5_O)        0.124     8.547 f  checked_product_bank.adapter/bank/reasons[15]_i_4/O
                         net (fo=5, routed)           0.196     8.743    checked_product_bank.adapter/reader/staged.reasons_reg[15]_0
    SLICE_X22Y11         LUT5 (Prop_lut5_I4_O)        0.124     8.867 r  checked_product_bank.adapter/reader/staged.armed_i_2/O
                         net (fo=6, routed)           0.340     9.207    checked_product_bank.adapter/bank/staged.armed_reg_3
    SLICE_X22Y12         LUT6 (Prop_lut6_I3_O)        0.124     9.331 r  checked_product_bank.adapter/bank/reasons[15]_i_3/O
                         net (fo=4, routed)           0.306     9.638    checked_product_bank.adapter/bank/reasons[15]_i_3_n_0
    SLICE_X25Y12         LUT6 (Prop_lut6_I5_O)        0.124     9.762 f  checked_product_bank.adapter/bank/lease_reference[1]_i_3/O
                         net (fo=3, routed)           0.313    10.075    checked_product_bank.adapter/reader/lease_reference_reg[1]_0
    SLICE_X23Y11         LUT6 (Prop_lut6_I5_O)        0.124    10.199 f  checked_product_bank.adapter/reader/producer_reference_i_2/O
                         net (fo=8, routed)           0.355    10.554    checked_product_bank.adapter/reader/reader_reference_reg
    SLICE_X20Y11         LUT6 (Prop_lut6_I5_O)        0.124    10.678 f  checked_product_bank.adapter/reader/staged.reasons[4]_i_3/O
                         net (fo=7, routed)           0.197    10.875    checked_product_bank.adapter/reader/staged.lease_reg[0]
    SLICE_X20Y11         LUT5 (Prop_lut5_I2_O)        0.124    10.999 f  checked_product_bank.adapter/reader/reasons[6]_i_2/O
                         net (fo=2, routed)           0.177    11.176    checked_product_bank.adapter/reader/reasons[6]_i_2_n_0
    SLICE_X20Y11         LUT6 (Prop_lut6_I3_O)        0.124    11.300 f  checked_product_bank.adapter/reader/head[1]_i_6/O
                         net (fo=2, routed)           0.464    11.764    checked_product_bank.adapter/reader/head[1]_i_6_n_0
    SLICE_X21Y10         LUT5 (Prop_lut5_I0_O)        0.124    11.888 f  checked_product_bank.adapter/reader/head[1]_i_5/O
                         net (fo=6, routed)           0.636    12.525    checked_product_bank.adapter/bank/registered_scheduling.engine_output_reserved_reg_0
    SLICE_X21Y7          LUT6 (Prop_lut6_I1_O)        0.124    12.649 r  checked_product_bank.adapter/bank/registered_scheduling.engine_output_reserved_i_2/O
                         net (fo=4, routed)           0.334    12.983    checked_product_bank.adapter/bank/common_source_epoch.slow_purge_fast_reg[1]
    SLICE_X21Y5          LUT5 (Prop_lut5_I4_O)        0.124    13.107 r  checked_product_bank.adapter/bank/registered_scheduling.held_lease[1]_i_3/O
                         net (fo=4, routed)           0.442    13.549    checked_product_bank.adapter/bank/registered_scheduling.held_lease[1]_i_3_n_0
    SLICE_X21Y3          LUT2 (Prop_lut2_I0_O)        0.124    13.673 r  checked_product_bank.adapter/bank/registered_scheduling.held_lease[1]_i_1/O
                         net (fo=72, routed)          0.851    14.524    engine_input_reserved
    SLICE_X28Y5          FDRE                                         r  registered_scheduling.engine_metadata_reg[20]/CE
  -------------------------------------------------------------------    -------------------

                         (clock island_175 rise edge)
                                                      5.714     5.714 r  
                                                      0.000     5.714 r  fft_clk (IN)
                         net (fo=5249, unset)         0.924     6.638    fft_clk
    SLICE_X28Y5          FDRE                                         r  registered_scheduling.engine_metadata_reg[20]/C
                         clock pessimism              0.000     6.638    
                         clock uncertainty           -0.035     6.603    
    SLICE_X28Y5          FDRE (Setup_fdre_C_CE)      -0.169     6.434    registered_scheduling.engine_metadata_reg[20]
  -------------------------------------------------------------------
                         required time                          6.434    
                         arrival time                         -14.525    
  -------------------------------------------------------------------
                         slack                                 -8.091    

Slack (VIOLATED) :        -8.091ns  (required time - arrival time)
  Source:                 registered_scheduling.expected_product_metadata_reg[0]/C
                            (rising edge-triggered cell FDRE clocked by island_175  {rise@0.000ns fall@2.857ns period=5.714ns})
  Destination:            registered_scheduling.engine_metadata_reg[43]/CE
                            (rising edge-triggered cell FDRE clocked by island_175  {rise@0.000ns fall@2.857ns period=5.714ns})
  Path Group:             island_175
  Path Type:              Setup (Max at Slow Process Corner)
  Requirement:            5.714ns  (island_175 rise@5.714ns - island_175 rise@0.000ns)
  Data Path Delay:        13.552ns  (logic 4.034ns (29.768%)  route 9.517ns (70.232%))
  Logic Levels:           26  (CARRY4=6 LUT2=1 LUT4=2 LUT5=8 LUT6=9)
  Clock Path Skew:        -0.049ns (DCD - SCD + CPR)
    Destination Clock Delay (DCD):    0.924ns = ( 6.638 - 5.714 ) 
    Source Clock Delay      (SCD):    0.973ns
    Clock Pessimism Removal (CPR):    0.000ns
  Clock Uncertainty:      0.035ns  ((TSJ^2 + TIJ^2)^1/2 + DJ) / 2 + PE
    Total System Jitter     (TSJ):    0.071ns
    Total Input Jitter      (TIJ):    0.000ns
    Discrete Jitter          (DJ):    0.000ns
    Phase Error              (PE):    0.000ns

    Location             Delay type                Incr(ns)  Path(ns)    Netlist Resource(s)
  -------------------------------------------------------------------    -------------------
                         (clock island_175 rise edge)
                                                      0.000     0.000 r  
                                                      0.000     0.000 r  fft_clk (IN)
                         net (fo=5249, unset)         0.973     0.973    fft_clk
    SLICE_X25Y2          FDRE                                         r  registered_scheduling.expected_product_metadata_reg[0]/C
  -------------------------------------------------------------------    -------------------
    SLICE_X25Y2          FDRE (Prop_fdre_C_Q)         0.456     1.429 r  registered_scheduling.expected_product_metadata_reg[0]/Q
                         net (fo=3, routed)           1.236     2.665    checked_product_bank.adapter/reader/job_started_reg_i_62_1
    SLICE_X24Y4          LUT6 (Prop_lut6_I2_O)        0.124     2.789 r  checked_product_bank.adapter/reader/job_started_i_70/O
                         net (fo=1, routed)           0.000     2.789    checked_product_bank.adapter/reader/job_started_i_70_n_0
    SLICE_X24Y4          CARRY4 (Prop_carry4_S[0]_CO[3])
                                                      0.513     3.302 r  checked_product_bank.adapter/reader/job_started_reg_i_62/CO[3]
                         net (fo=1, routed)           0.000     3.302    checked_product_bank.adapter/reader/job_started_reg_i_62_n_0
    SLICE_X24Y5          CARRY4 (Prop_carry4_CI_CO[3])
                                                      0.117     3.419 r  checked_product_bank.adapter/reader/job_started_reg_i_57/CO[3]
                         net (fo=1, routed)           0.000     3.419    checked_product_bank.adapter/reader/job_started_reg_i_57_n_0
    SLICE_X24Y6          CARRY4 (Prop_carry4_CI_CO[3])
                                                      0.117     3.536 r  checked_product_bank.adapter/reader/job_started_reg_i_48/CO[3]
                         net (fo=1, routed)           0.000     3.536    checked_product_bank.adapter/reader/job_started_reg_i_48_n_0
    SLICE_X24Y7          CARRY4 (Prop_carry4_CI_CO[3])
                                                      0.117     3.653 r  checked_product_bank.adapter/reader/job_started_reg_i_38/CO[3]
                         net (fo=1, routed)           0.000     3.653    checked_product_bank.adapter/reader/job_started_reg_i_38_n_0
    SLICE_X24Y8          CARRY4 (Prop_carry4_CI_CO[3])
                                                      0.117     3.770 r  checked_product_bank.adapter/reader/job_started_reg_i_28/CO[3]
                         net (fo=1, routed)           0.000     3.770    checked_product_bank.adapter/reader/job_started_reg_i_28_n_0
    SLICE_X24Y9          CARRY4 (Prop_carry4_CI_CO[3])
                                                      0.117     3.887 f  checked_product_bank.adapter/reader/job_started_reg_i_22/CO[3]
                         net (fo=1, routed)           0.749     4.636    checked_product_bank.adapter/reader/checked_product_bank.independent_head_identity1
    SLICE_X24Y12         LUT4 (Prop_lut4_I0_O)        0.124     4.760 r  checked_product_bank.adapter/reader/job_started_i_16/O
                         net (fo=1, routed)           0.587     5.348    checked_product_bank.adapter/reader/job_started_i_16_n_0
    SLICE_X23Y12         LUT5 (Prop_lut5_I4_O)        0.124     5.472 r  checked_product_bank.adapter/reader/job_started_i_10/O
                         net (fo=1, routed)           0.573     6.045    checked_product_bank.adapter/reader/job_started_i_10_n_0
    SLICE_X23Y13         LUT5 (Prop_lut5_I4_O)        0.124     6.169 r  checked_product_bank.adapter/reader/job_started_i_7/O
                         net (fo=1, routed)           0.299     6.468    checked_product_bank.adapter/reader/job_started_i_7_n_0
    SLICE_X22Y12         LUT5 (Prop_lut5_I4_O)        0.124     6.592 f  checked_product_bank.adapter/reader/job_started_i_3/O
                         net (fo=2, routed)           0.467     7.059    checked_product_bank.adapter/reader/job_started_i_3_n_0
    SLICE_X23Y12         LUT6 (Prop_lut6_I0_O)        0.124     7.183 f  checked_product_bank.adapter/reader/job_started_i_2/O
                         net (fo=6, routed)           0.344     7.527    checked_product_bank.adapter/reader/product_start_binding
    SLICE_X23Y11         LUT4 (Prop_lut4_I0_O)        0.124     7.651 r  checked_product_bank.adapter/reader/consumer_started_i_2/O
                         net (fo=11, routed)          0.336     7.987    checked_product_bank.adapter/reader/registered_scheduling.held_phase_reg_6
    SLICE_X22Y10         LUT5 (Prop_lut5_I0_O)        0.124     8.111 f  checked_product_bank.adapter/reader/reasons[5]_i_2/O
                         net (fo=2, routed)           0.312     8.423    checked_product_bank.adapter/bank/reasons_reg[15]
    SLICE_X22Y11         LUT6 (Prop_lut6_I5_O)        0.124     8.547 f  checked_product_bank.adapter/bank/reasons[15]_i_4/O
                         net (fo=5, routed)           0.196     8.743    checked_product_bank.adapter/reader/staged.reasons_reg[15]_0
    SLICE_X22Y11         LUT5 (Prop_lut5_I4_O)        0.124     8.867 r  checked_product_bank.adapter/reader/staged.armed_i_2/O
                         net (fo=6, routed)           0.340     9.207    checked_product_bank.adapter/bank/staged.armed_reg_3
    SLICE_X22Y12         LUT6 (Prop_lut6_I3_O)        0.124     9.331 r  checked_product_bank.adapter/bank/reasons[15]_i_3/O
                         net (fo=4, routed)           0.306     9.638    checked_product_bank.adapter/bank/reasons[15]_i_3_n_0
    SLICE_X25Y12         LUT6 (Prop_lut6_I5_O)        0.124     9.762 f  checked_product_bank.adapter/bank/lease_reference[1]_i_3/O
                         net (fo=3, routed)           0.313    10.075    checked_product_bank.adapter/reader/lease_reference_reg[1]_0
    SLICE_X23Y11         LUT6 (Prop_lut6_I5_O)        0.124    10.199 f  checked_product_bank.adapter/reader/producer_reference_i_2/O
                         net (fo=8, routed)           0.355    10.554    checked_product_bank.adapter/reader/reader_reference_reg
    SLICE_X20Y11         LUT6 (Prop_lut6_I5_O)        0.124    10.678 f  checked_product_bank.adapter/reader/staged.reasons[4]_i_3/O
                         net (fo=7, routed)           0.197    10.875    checked_product_bank.adapter/reader/staged.lease_reg[0]
    SLICE_X20Y11         LUT5 (Prop_lut5_I2_O)        0.124    10.999 f  checked_product_bank.adapter/reader/reasons[6]_i_2/O
                         net (fo=2, routed)           0.177    11.176    checked_product_bank.adapter/reader/reasons[6]_i_2_n_0
    SLICE_X20Y11         LUT6 (Prop_lut6_I3_O)        0.124    11.300 f  checked_product_bank.adapter/reader/head[1]_i_6/O
                         net (fo=2, routed)           0.464    11.764    checked_product_bank.adapter/reader/head[1]_i_6_n_0
    SLICE_X21Y10         LUT5 (Prop_lut5_I0_O)        0.124    11.888 f  checked_product_bank.adapter/reader/head[1]_i_5/O
                         net (fo=6, routed)           0.636    12.525    checked_product_bank.adapter/bank/registered_scheduling.engine_output_reserved_reg_0
    SLICE_X21Y7          LUT6 (Prop_lut6_I1_O)        0.124    12.649 r  checked_product_bank.adapter/bank/registered_scheduling.engine_output_reserved_i_2/O
                         net (fo=4, routed)           0.334    12.983    checked_product_bank.adapter/bank/common_source_epoch.slow_purge_fast_reg[1]
    SLICE_X21Y5          LUT5 (Prop_lut5_I4_O)        0.124    13.107 r  checked_product_bank.adapter/bank/registered_scheduling.held_lease[1]_i_3/O
                         net (fo=4, routed)           0.442    13.549    checked_product_bank.adapter/bank/registered_scheduling.held_lease[1]_i_3_n_0
    SLICE_X21Y3          LUT2 (Prop_lut2_I0_O)        0.124    13.673 r  checked_product_bank.adapter/bank/registered_scheduling.held_lease[1]_i_1/O
                         net (fo=72, routed)          0.851    14.524    engine_input_reserved
    SLICE_X28Y5          FDRE                                         r  registered_scheduling.engine_metadata_reg[43]/CE
  -------------------------------------------------------------------    -------------------

                         (clock island_175 rise edge)
                                                      5.714     5.714 r  
                                                      0.000     5.714 r  fft_clk (IN)
                         net (fo=5249, unset)         0.924     6.638    fft_clk
    SLICE_X28Y5          FDRE                                         r  registered_scheduling.engine_metadata_reg[43]/C
                         clock pessimism              0.000     6.638    
                         clock uncertainty           -0.035     6.603    
    SLICE_X28Y5          FDRE (Setup_fdre_C_CE)      -0.169     6.434    registered_scheduling.engine_metadata_reg[43]
  -------------------------------------------------------------------
                         required time                          6.434    
                         arrival time                         -14.525    
  -------------------------------------------------------------------
                         slack                                 -8.091    

Slack (VIOLATED) :        -8.091ns  (required time - arrival time)
  Source:                 registered_scheduling.expected_product_metadata_reg[0]/C
                            (rising edge-triggered cell FDRE clocked by island_175  {rise@0.000ns fall@2.857ns period=5.714ns})
  Destination:            registered_scheduling.engine_metadata_reg[44]/CE
                            (rising edge-triggered cell FDRE clocked by island_175  {rise@0.000ns fall@2.857ns period=5.714ns})
  Path Group:             island_175
  Path Type:              Setup (Max at Slow Process Corner)
  Requirement:            5.714ns  (island_175 rise@5.714ns - island_175 rise@0.000ns)
  Data Path Delay:        13.552ns  (logic 4.034ns (29.768%)  route 9.517ns (70.232%))
  Logic Levels:           26  (CARRY4=6 LUT2=1 LUT4=2 LUT5=8 LUT6=9)
  Clock Path Skew:        -0.049ns (DCD - SCD + CPR)
    Destination Clock Delay (DCD):    0.924ns = ( 6.638 - 5.714 ) 
    Source Clock Delay      (SCD):    0.973ns
    Clock Pessimism Removal (CPR):    0.000ns
  Clock Uncertainty:      0.035ns  ((TSJ^2 + TIJ^2)^1/2 + DJ) / 2 + PE
    Total System Jitter     (TSJ):    0.071ns
    Total Input Jitter      (TIJ):    0.000ns
    Discrete Jitter          (DJ):    0.000ns
    Phase Error              (PE):    0.000ns

    Location             Delay type                Incr(ns)  Path(ns)    Netlist Resource(s)
  -------------------------------------------------------------------    -------------------
                         (clock island_175 rise edge)
                                                      0.000     0.000 r  
                                                      0.000     0.000 r  fft_clk (IN)
                         net (fo=5249, unset)         0.973     0.973    fft_clk
    SLICE_X25Y2          FDRE                                         r  registered_scheduling.expected_product_metadata_reg[0]/C
  -------------------------------------------------------------------    -------------------
    SLICE_X25Y2          FDRE (Prop_fdre_C_Q)         0.456     1.429 r  registered_scheduling.expected_product_metadata_reg[0]/Q
                         net (fo=3, routed)           1.236     2.665    checked_product_bank.adapter/reader/job_started_reg_i_62_1
    SLICE_X24Y4          LUT6 (Prop_lut6_I2_O)        0.124     2.789 r  checked_product_bank.adapter/reader/job_started_i_70/O
                         net (fo=1, routed)           0.000     2.789    checked_product_bank.adapter/reader/job_started_i_70_n_0
    SLICE_X24Y4          CARRY4 (Prop_carry4_S[0]_CO[3])
                                                      0.513     3.302 r  checked_product_bank.adapter/reader/job_started_reg_i_62/CO[3]
                         net (fo=1, routed)           0.000     3.302    checked_product_bank.adapter/reader/job_started_reg_i_62_n_0
    SLICE_X24Y5          CARRY4 (Prop_carry4_CI_CO[3])
                                                      0.117     3.419 r  checked_product_bank.adapter/reader/job_started_reg_i_57/CO[3]
                         net (fo=1, routed)           0.000     3.419    checked_product_bank.adapter/reader/job_started_reg_i_57_n_0
    SLICE_X24Y6          CARRY4 (Prop_carry4_CI_CO[3])
                                                      0.117     3.536 r  checked_product_bank.adapter/reader/job_started_reg_i_48/CO[3]
                         net (fo=1, routed)           0.000     3.536    checked_product_bank.adapter/reader/job_started_reg_i_48_n_0
    SLICE_X24Y7          CARRY4 (Prop_carry4_CI_CO[3])
                                                      0.117     3.653 r  checked_product_bank.adapter/reader/job_started_reg_i_38/CO[3]
                         net (fo=1, routed)           0.000     3.653    checked_product_bank.adapter/reader/job_started_reg_i_38_n_0
    SLICE_X24Y8          CARRY4 (Prop_carry4_CI_CO[3])
                                                      0.117     3.770 r  checked_product_bank.adapter/reader/job_started_reg_i_28/CO[3]
                         net (fo=1, routed)           0.000     3.770    checked_product_bank.adapter/reader/job_started_reg_i_28_n_0
    SLICE_X24Y9          CARRY4 (Prop_carry4_CI_CO[3])
                                                      0.117     3.887 f  checked_product_bank.adapter/reader/job_started_reg_i_22/CO[3]
                         net (fo=1, routed)           0.749     4.636    checked_product_bank.adapter/reader/checked_product_bank.independent_head_identity1
    SLICE_X24Y12         LUT4 (Prop_lut4_I0_O)        0.124     4.760 r  checked_product_bank.adapter/reader/job_started_i_16/O
                         net (fo=1, routed)           0.587     5.348    checked_product_bank.adapter/reader/job_started_i_16_n_0
    SLICE_X23Y12         LUT5 (Prop_lut5_I4_O)        0.124     5.472 r  checked_product_bank.adapter/reader/job_started_i_10/O
                         net (fo=1, routed)           0.573     6.045    checked_product_bank.adapter/reader/job_started_i_10_n_0
    SLICE_X23Y13         LUT5 (Prop_lut5_I4_O)        0.124     6.169 r  checked_product_bank.adapter/reader/job_started_i_7/O
                         net (fo=1, routed)           0.299     6.468    checked_product_bank.adapter/reader/job_started_i_7_n_0
    SLICE_X22Y12         LUT5 (Prop_lut5_I4_O)        0.124     6.592 f  checked_product_bank.adapter/reader/job_started_i_3/O
                         net (fo=2, routed)           0.467     7.059    checked_product_bank.adapter/reader/job_started_i_3_n_0
    SLICE_X23Y12         LUT6 (Prop_lut6_I0_O)        0.124     7.183 f  checked_product_bank.adapter/reader/job_started_i_2/O
                         net (fo=6, routed)           0.344     7.527    checked_product_bank.adapter/reader/product_start_binding
    SLICE_X23Y11         LUT4 (Prop_lut4_I0_O)        0.124     7.651 r  checked_product_bank.adapter/reader/consumer_started_i_2/O
                         net (fo=11, routed)          0.336     7.987    checked_product_bank.adapter/reader/registered_scheduling.held_phase_reg_6
    SLICE_X22Y10         LUT5 (Prop_lut5_I0_O)        0.124     8.111 f  checked_product_bank.adapter/reader/reasons[5]_i_2/O
                         net (fo=2, routed)           0.312     8.423    checked_product_bank.adapter/bank/reasons_reg[15]
    SLICE_X22Y11         LUT6 (Prop_lut6_I5_O)        0.124     8.547 f  checked_product_bank.adapter/bank/reasons[15]_i_4/O
                         net (fo=5, routed)           0.196     8.743    checked_product_bank.adapter/reader/staged.reasons_reg[15]_0
    SLICE_X22Y11         LUT5 (Prop_lut5_I4_O)        0.124     8.867 r  checked_product_bank.adapter/reader/staged.armed_i_2/O
                         net (fo=6, routed)           0.340     9.207    checked_product_bank.adapter/bank/staged.armed_reg_3
    SLICE_X22Y12         LUT6 (Prop_lut6_I3_O)        0.124     9.331 r  checked_product_bank.adapter/bank/reasons[15]_i_3/O
                         net (fo=4, routed)           0.306     9.638    checked_product_bank.adapter/bank/reasons[15]_i_3_n_0
    SLICE_X25Y12         LUT6 (Prop_lut6_I5_O)        0.124     9.762 f  checked_product_bank.adapter/bank/lease_reference[1]_i_3/O
                         net (fo=3, routed)           0.313    10.075    checked_product_bank.adapter/reader/lease_reference_reg[1]_0
    SLICE_X23Y11         LUT6 (Prop_lut6_I5_O)        0.124    10.199 f  checked_product_bank.adapter/reader/producer_reference_i_2/O
                         net (fo=8, routed)           0.355    10.554    checked_product_bank.adapter/reader/reader_reference_reg
    SLICE_X20Y11         LUT6 (Prop_lut6_I5_O)        0.124    10.678 f  checked_product_bank.adapter/reader/staged.reasons[4]_i_3/O
                         net (fo=7, routed)           0.197    10.875    checked_product_bank.adapter/reader/staged.lease_reg[0]
    SLICE_X20Y11         LUT5 (Prop_lut5_I2_O)        0.124    10.999 f  checked_product_bank.adapter/reader/reasons[6]_i_2/O
                         net (fo=2, routed)           0.177    11.176    checked_product_bank.adapter/reader/reasons[6]_i_2_n_0
    SLICE_X20Y11         LUT6 (Prop_lut6_I3_O)        0.124    11.300 f  checked_product_bank.adapter/reader/head[1]_i_6/O
                         net (fo=2, routed)           0.464    11.764    checked_product_bank.adapter/reader/head[1]_i_6_n_0
    SLICE_X21Y10         LUT5 (Prop_lut5_I0_O)        0.124    11.888 f  checked_product_bank.adapter/reader/head[1]_i_5/O
                         net (fo=6, routed)           0.636    12.525    checked_product_bank.adapter/bank/registered_scheduling.engine_output_reserved_reg_0
    SLICE_X21Y7          LUT6 (Prop_lut6_I1_O)        0.124    12.649 r  checked_product_bank.adapter/bank/registered_scheduling.engine_output_reserved_i_2/O
                         net (fo=4, routed)           0.334    12.983    checked_product_bank.adapter/bank/common_source_epoch.slow_purge_fast_reg[1]
    SLICE_X21Y5          LUT5 (Prop_lut5_I4_O)        0.124    13.107 r  checked_product_bank.adapter/bank/registered_scheduling.held_lease[1]_i_3/O
                         net (fo=4, routed)           0.442    13.549    checked_product_bank.adapter/bank/registered_scheduling.held_lease[1]_i_3_n_0
    SLICE_X21Y3          LUT2 (Prop_lut2_I0_O)        0.124    13.673 r  checked_product_bank.adapter/bank/registered_scheduling.held_lease[1]_i_1/O
                         net (fo=72, routed)          0.851    14.524    engine_input_reserved
    SLICE_X28Y5          FDRE                                         r  registered_scheduling.engine_metadata_reg[44]/CE
  -------------------------------------------------------------------    -------------------

                         (clock island_175 rise edge)
                                                      5.714     5.714 r  
                                                      0.000     5.714 r  fft_clk (IN)
                         net (fo=5249, unset)         0.924     6.638    fft_clk
    SLICE_X28Y5          FDRE                                         r  registered_scheduling.engine_metadata_reg[44]/C
                         clock pessimism              0.000     6.638    
                         clock uncertainty           -0.035     6.603    
    SLICE_X28Y5          FDRE (Setup_fdre_C_CE)      -0.169     6.434    registered_scheduling.engine_metadata_reg[44]
  -------------------------------------------------------------------
                         required time                          6.434    
                         arrival time                         -14.525    
  -------------------------------------------------------------------
                         slack                                 -8.091    

Slack (VIOLATED) :        -8.091ns  (required time - arrival time)
  Source:                 registered_scheduling.expected_product_metadata_reg[0]/C
                            (rising edge-triggered cell FDRE clocked by island_175  {rise@0.000ns fall@2.857ns period=5.714ns})
  Destination:            registered_scheduling.engine_metadata_reg[9]/CE
                            (rising edge-triggered cell FDRE clocked by island_175  {rise@0.000ns fall@2.857ns period=5.714ns})
  Path Group:             island_175
  Path Type:              Setup (Max at Slow Process Corner)
  Requirement:            5.714ns  (island_175 rise@5.714ns - island_175 rise@0.000ns)
  Data Path Delay:        13.552ns  (logic 4.034ns (29.768%)  route 9.517ns (70.232%))
  Logic Levels:           26  (CARRY4=6 LUT2=1 LUT4=2 LUT5=8 LUT6=9)
  Clock Path Skew:        -0.049ns (DCD - SCD + CPR)
    Destination Clock Delay (DCD):    0.924ns = ( 6.638 - 5.714 ) 
    Source Clock Delay      (SCD):    0.973ns
    Clock Pessimism Removal (CPR):    0.000ns
  Clock Uncertainty:      0.035ns  ((TSJ^2 + TIJ^2)^1/2 + DJ) / 2 + PE
    Total System Jitter     (TSJ):    0.071ns
    Total Input Jitter      (TIJ):    0.000ns
    Discrete Jitter          (DJ):    0.000ns
    Phase Error              (PE):    0.000ns

    Location             Delay type                Incr(ns)  Path(ns)    Netlist Resource(s)
  -------------------------------------------------------------------    -------------------
                         (clock island_175 rise edge)
                                                      0.000     0.000 r  
                                                      0.000     0.000 r  fft_clk (IN)
                         net (fo=5249, unset)         0.973     0.973    fft_clk
    SLICE_X25Y2          FDRE                                         r  registered_scheduling.expected_product_metadata_reg[0]/C
  -------------------------------------------------------------------    -------------------
    SLICE_X25Y2          FDRE (Prop_fdre_C_Q)         0.456     1.429 r  registered_scheduling.expected_product_metadata_reg[0]/Q
                         net (fo=3, routed)           1.236     2.665    checked_product_bank.adapter/reader/job_started_reg_i_62_1
    SLICE_X24Y4          LUT6 (Prop_lut6_I2_O)        0.124     2.789 r  checked_product_bank.adapter/reader/job_started_i_70/O
                         net (fo=1, routed)           0.000     2.789    checked_product_bank.adapter/reader/job_started_i_70_n_0
    SLICE_X24Y4          CARRY4 (Prop_carry4_S[0]_CO[3])
                                                      0.513     3.302 r  checked_product_bank.adapter/reader/job_started_reg_i_62/CO[3]
                         net (fo=1, routed)           0.000     3.302    checked_product_bank.adapter/reader/job_started_reg_i_62_n_0
    SLICE_X24Y5          CARRY4 (Prop_carry4_CI_CO[3])
                                                      0.117     3.419 r  checked_product_bank.adapter/reader/job_started_reg_i_57/CO[3]
                         net (fo=1, routed)           0.000     3.419    checked_product_bank.adapter/reader/job_started_reg_i_57_n_0
    SLICE_X24Y6          CARRY4 (Prop_carry4_CI_CO[3])
                                                      0.117     3.536 r  checked_product_bank.adapter/reader/job_started_reg_i_48/CO[3]
                         net (fo=1, routed)           0.000     3.536    checked_product_bank.adapter/reader/job_started_reg_i_48_n_0
    SLICE_X24Y7          CARRY4 (Prop_carry4_CI_CO[3])
                                                      0.117     3.653 r  checked_product_bank.adapter/reader/job_started_reg_i_38/CO[3]
                         net (fo=1, routed)           0.000     3.653    checked_product_bank.adapter/reader/job_started_reg_i_38_n_0
    SLICE_X24Y8          CARRY4 (Prop_carry4_CI_CO[3])
                                                      0.117     3.770 r  checked_product_bank.adapter/reader/job_started_reg_i_28/CO[3]
                         net (fo=1, routed)           0.000     3.770    checked_product_bank.adapter/reader/job_started_reg_i_28_n_0
    SLICE_X24Y9          CARRY4 (Prop_carry4_CI_CO[3])
                                                      0.117     3.887 f  checked_product_bank.adapter/reader/job_started_reg_i_22/CO[3]
                         net (fo=1, routed)           0.749     4.636    checked_product_bank.adapter/reader/checked_product_bank.independent_head_identity1
    SLICE_X24Y12         LUT4 (Prop_lut4_I0_O)        0.124     4.760 r  checked_product_bank.adapter/reader/job_started_i_16/O
                         net (fo=1, routed)           0.587     5.348    checked_product_bank.adapter/reader/job_started_i_16_n_0
    SLICE_X23Y12         LUT5 (Prop_lut5_I4_O)        0.124     5.472 r  checked_product_bank.adapter/reader/job_started_i_10/O
                         net (fo=1, routed)           0.573     6.045    checked_product_bank.adapter/reader/job_started_i_10_n_0
    SLICE_X23Y13         LUT5 (Prop_lut5_I4_O)        0.124     6.169 r  checked_product_bank.adapter/reader/job_started_i_7/O
                         net (fo=1, routed)           0.299     6.468    checked_product_bank.adapter/reader/job_started_i_7_n_0
    SLICE_X22Y12         LUT5 (Prop_lut5_I4_O)        0.124     6.592 f  checked_product_bank.adapter/reader/job_started_i_3/O
                         net (fo=2, routed)           0.467     7.059    checked_product_bank.adapter/reader/job_started_i_3_n_0
    SLICE_X23Y12         LUT6 (Prop_lut6_I0_O)        0.124     7.183 f  checked_product_bank.adapter/reader/job_started_i_2/O
                         net (fo=6, routed)           0.344     7.527    checked_product_bank.adapter/reader/product_start_binding
    SLICE_X23Y11         LUT4 (Prop_lut4_I0_O)        0.124     7.651 r  checked_product_bank.adapter/reader/consumer_started_i_2/O
                         net (fo=11, routed)          0.336     7.987    checked_product_bank.adapter/reader/registered_scheduling.held_phase_reg_6
    SLICE_X22Y10         LUT5 (Prop_lut5_I0_O)        0.124     8.111 f  checked_product_bank.adapter/reader/reasons[5]_i_2/O
                         net (fo=2, routed)           0.312     8.423    checked_product_bank.adapter/bank/reasons_reg[15]
    SLICE_X22Y11         LUT6 (Prop_lut6_I5_O)        0.124     8.547 f  checked_product_bank.adapter/bank/reasons[15]_i_4/O
                         net (fo=5, routed)           0.196     8.743    checked_product_bank.adapter/reader/staged.reasons_reg[15]_0
    SLICE_X22Y11         LUT5 (Prop_lut5_I4_O)        0.124     8.867 r  checked_product_bank.adapter/reader/staged.armed_i_2/O
                         net (fo=6, routed)           0.340     9.207    checked_product_bank.adapter/bank/staged.armed_reg_3
    SLICE_X22Y12         LUT6 (Prop_lut6_I3_O)        0.124     9.331 r  checked_product_bank.adapter/bank/reasons[15]_i_3/O
                         net (fo=4, routed)           0.306     9.638    checked_product_bank.adapter/bank/reasons[15]_i_3_n_0
    SLICE_X25Y12         LUT6 (Prop_lut6_I5_O)        0.124     9.762 f  checked_product_bank.adapter/bank/lease_reference[1]_i_3/O
                         net (fo=3, routed)           0.313    10.075    checked_product_bank.adapter/reader/lease_reference_reg[1]_0
    SLICE_X23Y11         LUT6 (Prop_lut6_I5_O)        0.124    10.199 f  checked_product_bank.adapter/reader/producer_reference_i_2/O
                         net (fo=8, routed)           0.355    10.554    checked_product_bank.adapter/reader/reader_reference_reg
    SLICE_X20Y11         LUT6 (Prop_lut6_I5_O)        0.124    10.678 f  checked_product_bank.adapter/reader/staged.reasons[4]_i_3/O
                         net (fo=7, routed)           0.197    10.875    checked_product_bank.adapter/reader/staged.lease_reg[0]
    SLICE_X20Y11         LUT5 (Prop_lut5_I2_O)        0.124    10.999 f  checked_product_bank.adapter/reader/reasons[6]_i_2/O
                         net (fo=2, routed)           0.177    11.176    checked_product_bank.adapter/reader/reasons[6]_i_2_n_0
    SLICE_X20Y11         LUT6 (Prop_lut6_I3_O)        0.124    11.300 f  checked_product_bank.adapter/reader/head[1]_i_6/O
                         net (fo=2, routed)           0.464    11.764    checked_product_bank.adapter/reader/head[1]_i_6_n_0
    SLICE_X21Y10         LUT5 (Prop_lut5_I0_O)        0.124    11.888 f  checked_product_bank.adapter/reader/head[1]_i_5/O
                         net (fo=6, routed)           0.636    12.525    checked_product_bank.adapter/bank/registered_scheduling.engine_output_reserved_reg_0
    SLICE_X21Y7          LUT6 (Prop_lut6_I1_O)        0.124    12.649 r  checked_product_bank.adapter/bank/registered_scheduling.engine_output_reserved_i_2/O
                         net (fo=4, routed)           0.334    12.983    checked_product_bank.adapter/bank/common_source_epoch.slow_purge_fast_reg[1]
    SLICE_X21Y5          LUT5 (Prop_lut5_I4_O)        0.124    13.107 r  checked_product_bank.adapter/bank/registered_scheduling.held_lease[1]_i_3/O
                         net (fo=4, routed)           0.442    13.549    checked_product_bank.adapter/bank/registered_scheduling.held_lease[1]_i_3_n_0
    SLICE_X21Y3          LUT2 (Prop_lut2_I0_O)        0.124    13.673 r  checked_product_bank.adapter/bank/registered_scheduling.held_lease[1]_i_1/O
                         net (fo=72, routed)          0.851    14.524    engine_input_reserved
    SLICE_X28Y5          FDRE                                         r  registered_scheduling.engine_metadata_reg[9]/CE
  -------------------------------------------------------------------    -------------------

                         (clock island_175 rise edge)
                                                      5.714     5.714 r  
                                                      0.000     5.714 r  fft_clk (IN)
                         net (fo=5249, unset)         0.924     6.638    fft_clk
    SLICE_X28Y5          FDRE                                         r  registered_scheduling.engine_metadata_reg[9]/C
                         clock pessimism              0.000     6.638    
                         clock uncertainty           -0.035     6.603    
    SLICE_X28Y5          FDRE (Setup_fdre_C_CE)      -0.169     6.434    registered_scheduling.engine_metadata_reg[9]
  -------------------------------------------------------------------
                         required time                          6.434    
                         arrival time                         -14.525    
  -------------------------------------------------------------------
                         slack                                 -8.091    

Slack (VIOLATED) :        -8.082ns  (required time - arrival time)
  Source:                 registered_scheduling.expected_product_metadata_reg[0]/C
                            (rising edge-triggered cell FDRE clocked by island_175  {rise@0.000ns fall@2.857ns period=5.714ns})
  Destination:            checked_product_bank.origin_lease_reg[1]/D
                            (rising edge-triggered cell FDRE clocked by island_175  {rise@0.000ns fall@2.857ns period=5.714ns})
  Path Group:             island_175
  Path Type:              Setup (Max at Slow Process Corner)
  Requirement:            5.714ns  (island_175 rise@5.714ns - island_175 rise@0.000ns)
  Data Path Delay:        13.743ns  (logic 4.282ns (31.158%)  route 9.461ns (68.842%))
  Logic Levels:           28  (CARRY4=6 LUT3=1 LUT4=2 LUT5=8 LUT6=11)
  Clock Path Skew:        -0.049ns (DCD - SCD + CPR)
    Destination Clock Delay (DCD):    0.924ns = ( 6.638 - 5.714 ) 
    Source Clock Delay      (SCD):    0.973ns
    Clock Pessimism Removal (CPR):    0.000ns
  Clock Uncertainty:      0.035ns  ((TSJ^2 + TIJ^2)^1/2 + DJ) / 2 + PE
    Total System Jitter     (TSJ):    0.071ns
    Total Input Jitter      (TIJ):    0.000ns
    Discrete Jitter          (DJ):    0.000ns
    Phase Error              (PE):    0.000ns

    Location             Delay type                Incr(ns)  Path(ns)    Netlist Resource(s)
  -------------------------------------------------------------------    -------------------
                         (clock island_175 rise edge)
                                                      0.000     0.000 r  
                                                      0.000     0.000 r  fft_clk (IN)
                         net (fo=5249, unset)         0.973     0.973    fft_clk
    SLICE_X25Y2          FDRE                                         r  registered_scheduling.expected_product_metadata_reg[0]/C
  -------------------------------------------------------------------    -------------------
    SLICE_X25Y2          FDRE (Prop_fdre_C_Q)         0.456     1.429 r  registered_scheduling.expected_product_metadata_reg[0]/Q
                         net (fo=3, routed)           1.236     2.665    checked_product_bank.adapter/reader/job_started_reg_i_62_1
    SLICE_X24Y4          LUT6 (Prop_lut6_I2_O)        0.124     2.789 r  checked_product_bank.adapter/reader/job_started_i_70/O
                         net (fo=1, routed)           0.000     2.789    checked_product_bank.adapter/reader/job_started_i_70_n_0
    SLICE_X24Y4          CARRY4 (Prop_carry4_S[0]_CO[3])
                                                      0.513     3.302 r  checked_product_bank.adapter/reader/job_started_reg_i_62/CO[3]
                         net (fo=1, routed)           0.000     3.302    checked_product_bank.adapter/reader/job_started_reg_i_62_n_0
    SLICE_X24Y5          CARRY4 (Prop_carry4_CI_CO[3])
                                                      0.117     3.419 r  checked_product_bank.adapter/reader/job_started_reg_i_57/CO[3]
                         net (fo=1, routed)           0.000     3.419    checked_product_bank.adapter/reader/job_started_reg_i_57_n_0
    SLICE_X24Y6          CARRY4 (Prop_carry4_CI_CO[3])
                                                      0.117     3.536 r  checked_product_bank.adapter/reader/job_started_reg_i_48/CO[3]
                         net (fo=1, routed)           0.000     3.536    checked_product_bank.adapter/reader/job_started_reg_i_48_n_0
    SLICE_X24Y7          CARRY4 (Prop_carry4_CI_CO[3])
                                                      0.117     3.653 r  checked_product_bank.adapter/reader/job_started_reg_i_38/CO[3]
                         net (fo=1, routed)           0.000     3.653    checked_product_bank.adapter/reader/job_started_reg_i_38_n_0
    SLICE_X24Y8          CARRY4 (Prop_carry4_CI_CO[3])
                                                      0.117     3.770 r  checked_product_bank.adapter/reader/job_started_reg_i_28/CO[3]
                         net (fo=1, routed)           0.000     3.770    checked_product_bank.adapter/reader/job_started_reg_i_28_n_0
    SLICE_X24Y9          CARRY4 (Prop_carry4_CI_CO[3])
                                                      0.117     3.887 r  checked_product_bank.adapter/reader/job_started_reg_i_22/CO[3]
                         net (fo=1, routed)           0.749     4.636    checked_product_bank.adapter/reader/checked_product_bank.independent_head_identity1
    SLICE_X24Y12         LUT4 (Prop_lut4_I0_O)        0.124     4.760 f  checked_product_bank.adapter/reader/job_started_i_16/O
                         net (fo=1, routed)           0.587     5.348    checked_product_bank.adapter/reader/job_started_i_16_n_0
    SLICE_X23Y12         LUT5 (Prop_lut5_I4_O)        0.124     5.472 f  checked_product_bank.adapter/reader/job_started_i_10/O
                         net (fo=1, routed)           0.573     6.045    checked_product_bank.adapter/reader/job_started_i_10_n_0
    SLICE_X23Y13         LUT5 (Prop_lut5_I4_O)        0.124     6.169 f  checked_product_bank.adapter/reader/job_started_i_7/O
                         net (fo=1, routed)           0.299     6.468    checked_product_bank.adapter/reader/job_started_i_7_n_0
    SLICE_X22Y12         LUT5 (Prop_lut5_I4_O)        0.124     6.592 r  checked_product_bank.adapter/reader/job_started_i_3/O
                         net (fo=2, routed)           0.467     7.059    checked_product_bank.adapter/reader/job_started_i_3_n_0
    SLICE_X23Y12         LUT6 (Prop_lut6_I0_O)        0.124     7.183 r  checked_product_bank.adapter/reader/job_started_i_2/O
                         net (fo=6, routed)           0.344     7.527    checked_product_bank.adapter/reader/product_start_binding
    SLICE_X23Y11         LUT4 (Prop_lut4_I0_O)        0.124     7.651 f  checked_product_bank.adapter/reader/consumer_started_i_2/O
                         net (fo=11, routed)          0.336     7.987    checked_product_bank.adapter/reader/registered_scheduling.held_phase_reg_6
    SLICE_X22Y10         LUT5 (Prop_lut5_I0_O)        0.124     8.111 r  checked_product_bank.adapter/reader/reasons[5]_i_2/O
                         net (fo=2, routed)           0.312     8.423    checked_product_bank.adapter/bank/reasons_reg[15]
    SLICE_X22Y11         LUT6 (Prop_lut6_I5_O)        0.124     8.547 r  checked_product_bank.adapter/bank/reasons[15]_i_4/O
                         net (fo=5, routed)           0.196     8.743    checked_product_bank.adapter/reader/staged.reasons_reg[15]_0
    SLICE_X22Y11         LUT5 (Prop_lut5_I4_O)        0.124     8.867 f  checked_product_bank.adapter/reader/staged.armed_i_2/O
                         net (fo=6, routed)           0.340     9.207    checked_product_bank.adapter/bank/staged.armed_reg_3
    SLICE_X22Y12         LUT6 (Prop_lut6_I3_O)        0.124     9.331 f  checked_product_bank.adapter/bank/reasons[15]_i_3/O
                         net (fo=4, routed)           0.306     9.638    checked_product_bank.adapter/bank/reasons[15]_i_3_n_0
    SLICE_X25Y12         LUT6 (Prop_lut6_I5_O)        0.124     9.762 r  checked_product_bank.adapter/bank/lease_reference[1]_i_3/O
                         net (fo=3, routed)           0.313    10.075    checked_product_bank.adapter/reader/lease_reference_reg[1]_0
    SLICE_X23Y11         LUT6 (Prop_lut6_I5_O)        0.124    10.199 r  checked_product_bank.adapter/reader/producer_reference_i_2/O
                         net (fo=8, routed)           0.355    10.554    checked_product_bank.adapter/reader/reader_reference_reg
    SLICE_X20Y11         LUT6 (Prop_lut6_I5_O)        0.124    10.678 r  checked_product_bank.adapter/reader/staged.reasons[4]_i_3/O
                         net (fo=7, routed)           0.197    10.875    checked_product_bank.adapter/reader/staged.lease_reg[0]
    SLICE_X20Y11         LUT5 (Prop_lut5_I2_O)        0.124    10.999 r  checked_product_bank.adapter/reader/reasons[6]_i_2/O
                         net (fo=2, routed)           0.177    11.176    checked_product_bank.adapter/reader/reasons[6]_i_2_n_0
    SLICE_X20Y11         LUT6 (Prop_lut6_I3_O)        0.124    11.300 r  checked_product_bank.adapter/reader/head[1]_i_6/O
                         net (fo=2, routed)           0.464    11.764    checked_product_bank.adapter/reader/head[1]_i_6_n_0
    SLICE_X21Y10         LUT5 (Prop_lut5_I0_O)        0.124    11.888 r  checked_product_bank.adapter/reader/head[1]_i_5/O
                         net (fo=6, routed)           0.466    12.354    checked_product_bank.adapter/reader/owned_reg_1
    SLICE_X21Y9          LUT3 (Prop_lut3_I1_O)        0.124    12.478 r  checked_product_bank.adapter/reader/checked_product_bank.bound_receipt_i_2/O
                         net (fo=4, routed)           0.323    12.801    checked_product_bank.adapter/reader/checked_product_bank.bound_receipt_i_2_n_0
    SLICE_X19Y9          LUT6 (Prop_lut6_I5_O)        0.124    12.925 r  checked_product_bank.adapter/reader/distributed_fast_fault.causes[8].cause_sticky[8]_i_2/O
                         net (fo=5, routed)           0.609    13.534    checked_product_bank.adapter/reader/p_11_in
    SLICE_X19Y6          LUT5 (Prop_lut5_I0_O)        0.124    13.658 f  checked_product_bank.adapter/reader/fault_reasons[0]_i_3/O
                         net (fo=8, routed)           0.350    14.008    checked_product_bank.adapter/reader/fault_reasons[0]_i_3_n_0
    SLICE_X19Y5          LUT6 (Prop_lut6_I1_O)        0.124    14.132 r  checked_product_bank.adapter/reader/awaiting_ack_i_3/O
                         net (fo=6, routed)           0.460    14.592    result_guard/registered_scheduling.admission_receipt_reg
    SLICE_X19Y4          LUT6 (Prop_lut6_I4_O)        0.124    14.716 r  result_guard/checked_product_bank.origin_lease[1]_i_1_comp/O
                         net (fo=1, routed)           0.000    14.716    result_guard_n_136
    SLICE_X19Y4          FDRE                                         r  checked_product_bank.origin_lease_reg[1]/D
  -------------------------------------------------------------------    -------------------

                         (clock island_175 rise edge)
                                                      5.714     5.714 r  
                                                      0.000     5.714 r  fft_clk (IN)
                         net (fo=5249, unset)         0.924     6.638    fft_clk
    SLICE_X19Y4          FDRE                                         r  checked_product_bank.origin_lease_reg[1]/C
                         clock pessimism              0.000     6.638    
                         clock uncertainty           -0.035     6.603    
    SLICE_X19Y4          FDRE (Setup_fdre_C_D)        0.031     6.634    checked_product_bank.origin_lease_reg[1]
  -------------------------------------------------------------------
                         required time                          6.634    
                         arrival time                         -14.716    
  -------------------------------------------------------------------
                         slack                                 -8.082    

Slack (VIOLATED) :        -8.080ns  (required time - arrival time)
  Source:                 registered_scheduling.expected_product_metadata_reg[0]/C
                            (rising edge-triggered cell FDRE clocked by island_175  {rise@0.000ns fall@2.857ns period=5.714ns})
  Destination:            checked_product_bank.origin_lease_reg[0]/D
                            (rising edge-triggered cell FDRE clocked by island_175  {rise@0.000ns fall@2.857ns period=5.714ns})
  Path Group:             island_175
  Path Type:              Setup (Max at Slow Process Corner)
  Requirement:            5.714ns  (island_175 rise@5.714ns - island_175 rise@0.000ns)
  Data Path Delay:        13.739ns  (logic 4.282ns (31.167%)  route 9.457ns (68.833%))
  Logic Levels:           28  (CARRY4=6 LUT3=1 LUT4=2 LUT5=8 LUT6=11)
  Clock Path Skew:        -0.049ns (DCD - SCD + CPR)
    Destination Clock Delay (DCD):    0.924ns = ( 6.638 - 5.714 ) 
    Source Clock Delay      (SCD):    0.973ns
    Clock Pessimism Removal (CPR):    0.000ns
  Clock Uncertainty:      0.035ns  ((TSJ^2 + TIJ^2)^1/2 + DJ) / 2 + PE
    Total System Jitter     (TSJ):    0.071ns
    Total Input Jitter      (TIJ):    0.000ns
    Discrete Jitter          (DJ):    0.000ns
    Phase Error              (PE):    0.000ns

    Location             Delay type                Incr(ns)  Path(ns)    Netlist Resource(s)
  -------------------------------------------------------------------    -------------------
                         (clock island_175 rise edge)
                                                      0.000     0.000 r  
                                                      0.000     0.000 r  fft_clk (IN)
                         net (fo=5249, unset)         0.973     0.973    fft_clk
    SLICE_X25Y2          FDRE                                         r  registered_scheduling.expected_product_metadata_reg[0]/C
  -------------------------------------------------------------------    -------------------
    SLICE_X25Y2          FDRE (Prop_fdre_C_Q)         0.456     1.429 r  registered_scheduling.expected_product_metadata_reg[0]/Q
                         net (fo=3, routed)           1.236     2.665    checked_product_bank.adapter/reader/job_started_reg_i_62_1
    SLICE_X24Y4          LUT6 (Prop_lut6_I2_O)        0.124     2.789 r  checked_product_bank.adapter/reader/job_started_i_70/O
                         net (fo=1, routed)           0.000     2.789    checked_product_bank.adapter/reader/job_started_i_70_n_0
    SLICE_X24Y4          CARRY4 (Prop_carry4_S[0]_CO[3])
                                                      0.513     3.302 r  checked_product_bank.adapter/reader/job_started_reg_i_62/CO[3]
                         net (fo=1, routed)           0.000     3.302    checked_product_bank.adapter/reader/job_started_reg_i_62_n_0
    SLICE_X24Y5          CARRY4 (Prop_carry4_CI_CO[3])
                                                      0.117     3.419 r  checked_product_bank.adapter/reader/job_started_reg_i_57/CO[3]
                         net (fo=1, routed)           0.000     3.419    checked_product_bank.adapter/reader/job_started_reg_i_57_n_0
    SLICE_X24Y6          CARRY4 (Prop_carry4_CI_CO[3])
                                                      0.117     3.536 r  checked_product_bank.adapter/reader/job_started_reg_i_48/CO[3]
                         net (fo=1, routed)           0.000     3.536    checked_product_bank.adapter/reader/job_started_reg_i_48_n_0
    SLICE_X24Y7          CARRY4 (Prop_carry4_CI_CO[3])
                                                      0.117     3.653 r  checked_product_bank.adapter/reader/job_started_reg_i_38/CO[3]
                         net (fo=1, routed)           0.000     3.653    checked_product_bank.adapter/reader/job_started_reg_i_38_n_0
    SLICE_X24Y8          CARRY4 (Prop_carry4_CI_CO[3])
                                                      0.117     3.770 r  checked_product_bank.adapter/reader/job_started_reg_i_28/CO[3]
                         net (fo=1, routed)           0.000     3.770    checked_product_bank.adapter/reader/job_started_reg_i_28_n_0
    SLICE_X24Y9          CARRY4 (Prop_carry4_CI_CO[3])
                                                      0.117     3.887 r  checked_product_bank.adapter/reader/job_started_reg_i_22/CO[3]
                         net (fo=1, routed)           0.749     4.636    checked_product_bank.adapter/reader/checked_product_bank.independent_head_identity1
    SLICE_X24Y12         LUT4 (Prop_lut4_I0_O)        0.124     4.760 f  checked_product_bank.adapter/reader/job_started_i_16/O
                         net (fo=1, routed)           0.587     5.348    checked_product_bank.adapter/reader/job_started_i_16_n_0
    SLICE_X23Y12         LUT5 (Prop_lut5_I4_O)        0.124     5.472 f  checked_product_bank.adapter/reader/job_started_i_10/O
                         net (fo=1, routed)           0.573     6.045    checked_product_bank.adapter/reader/job_started_i_10_n_0
    SLICE_X23Y13         LUT5 (Prop_lut5_I4_O)        0.124     6.169 f  checked_product_bank.adapter/reader/job_started_i_7/O
                         net (fo=1, routed)           0.299     6.468    checked_product_bank.adapter/reader/job_started_i_7_n_0
    SLICE_X22Y12         LUT5 (Prop_lut5_I4_O)        0.124     6.592 r  checked_product_bank.adapter/reader/job_started_i_3/O
                         net (fo=2, routed)           0.467     7.059    checked_product_bank.adapter/reader/job_started_i_3_n_0
    SLICE_X23Y12         LUT6 (Prop_lut6_I0_O)        0.124     7.183 r  checked_product_bank.adapter/reader/job_started_i_2/O
                         net (fo=6, routed)           0.344     7.527    checked_product_bank.adapter/reader/product_start_binding
    SLICE_X23Y11         LUT4 (Prop_lut4_I0_O)        0.124     7.651 f  checked_product_bank.adapter/reader/consumer_started_i_2/O
                         net (fo=11, routed)          0.336     7.987    checked_product_bank.adapter/reader/registered_scheduling.held_phase_reg_6
    SLICE_X22Y10         LUT5 (Prop_lut5_I0_O)        0.124     8.111 r  checked_product_bank.adapter/reader/reasons[5]_i_2/O
                         net (fo=2, routed)           0.312     8.423    checked_product_bank.adapter/bank/reasons_reg[15]
    SLICE_X22Y11         LUT6 (Prop_lut6_I5_O)        0.124     8.547 r  checked_product_bank.adapter/bank/reasons[15]_i_4/O
                         net (fo=5, routed)           0.196     8.743    checked_product_bank.adapter/reader/staged.reasons_reg[15]_0
    SLICE_X22Y11         LUT5 (Prop_lut5_I4_O)        0.124     8.867 f  checked_product_bank.adapter/reader/staged.armed_i_2/O
                         net (fo=6, routed)           0.340     9.207    checked_product_bank.adapter/bank/staged.armed_reg_3
    SLICE_X22Y12         LUT6 (Prop_lut6_I3_O)        0.124     9.331 f  checked_product_bank.adapter/bank/reasons[15]_i_3/O
                         net (fo=4, routed)           0.306     9.638    checked_product_bank.adapter/bank/reasons[15]_i_3_n_0
    SLICE_X25Y12         LUT6 (Prop_lut6_I5_O)        0.124     9.762 r  checked_product_bank.adapter/bank/lease_reference[1]_i_3/O
                         net (fo=3, routed)           0.313    10.075    checked_product_bank.adapter/reader/lease_reference_reg[1]_0
    SLICE_X23Y11         LUT6 (Prop_lut6_I5_O)        0.124    10.199 r  checked_product_bank.adapter/reader/producer_reference_i_2/O
                         net (fo=8, routed)           0.355    10.554    checked_product_bank.adapter/reader/reader_reference_reg
    SLICE_X20Y11         LUT6 (Prop_lut6_I5_O)        0.124    10.678 r  checked_product_bank.adapter/reader/staged.reasons[4]_i_3/O
                         net (fo=7, routed)           0.197    10.875    checked_product_bank.adapter/reader/staged.lease_reg[0]
    SLICE_X20Y11         LUT5 (Prop_lut5_I2_O)        0.124    10.999 r  checked_product_bank.adapter/reader/reasons[6]_i_2/O
                         net (fo=2, routed)           0.177    11.176    checked_product_bank.adapter/reader/reasons[6]_i_2_n_0
    SLICE_X20Y11         LUT6 (Prop_lut6_I3_O)        0.124    11.300 r  checked_product_bank.adapter/reader/head[1]_i_6/O
                         net (fo=2, routed)           0.464    11.764    checked_product_bank.adapter/reader/head[1]_i_6_n_0
    SLICE_X21Y10         LUT5 (Prop_lut5_I0_O)        0.124    11.888 r  checked_product_bank.adapter/reader/head[1]_i_5/O
                         net (fo=6, routed)           0.466    12.354    checked_product_bank.adapter/reader/owned_reg_1
    SLICE_X21Y9          LUT3 (Prop_lut3_I1_O)        0.124    12.478 r  checked_product_bank.adapter/reader/checked_product_bank.bound_receipt_i_2/O
                         net (fo=4, routed)           0.323    12.801    checked_product_bank.adapter/reader/checked_product_bank.bound_receipt_i_2_n_0
    SLICE_X19Y9          LUT6 (Prop_lut6_I5_O)        0.124    12.925 r  checked_product_bank.adapter/reader/distributed_fast_fault.causes[8].cause_sticky[8]_i_2/O
                         net (fo=5, routed)           0.609    13.534    checked_product_bank.adapter/reader/p_11_in
    SLICE_X19Y6          LUT5 (Prop_lut5_I0_O)        0.124    13.658 f  checked_product_bank.adapter/reader/fault_reasons[0]_i_3/O
                         net (fo=8, routed)           0.350    14.008    checked_product_bank.adapter/reader/fault_reasons[0]_i_3_n_0
    SLICE_X19Y5          LUT6 (Prop_lut6_I1_O)        0.124    14.132 r  checked_product_bank.adapter/reader/awaiting_ack_i_3/O
                         net (fo=6, routed)           0.456    14.588    result_guard/registered_scheduling.admission_receipt_reg
    SLICE_X19Y4          LUT6 (Prop_lut6_I4_O)        0.124    14.712 r  result_guard/checked_product_bank.origin_lease[0]_i_1_comp/O
                         net (fo=1, routed)           0.000    14.712    result_guard_n_137
    SLICE_X19Y4          FDRE                                         r  checked_product_bank.origin_lease_reg[0]/D
  -------------------------------------------------------------------    -------------------

                         (clock island_175 rise edge)
                                                      5.714     5.714 r  
                                                      0.000     5.714 r  fft_clk (IN)
                         net (fo=5249, unset)         0.924     6.638    fft_clk
    SLICE_X19Y4          FDRE                                         r  checked_product_bank.origin_lease_reg[0]/C
                         clock pessimism              0.000     6.638    
                         clock uncertainty           -0.035     6.603    
    SLICE_X19Y4          FDRE (Setup_fdre_C_D)        0.029     6.632    checked_product_bank.origin_lease_reg[0]
  -------------------------------------------------------------------
                         required time                          6.632    
                         arrival time                         -14.712    
  -------------------------------------------------------------------
                         slack                                 -8.080    

Slack (VIOLATED) :        -8.036ns  (required time - arrival time)
  Source:                 registered_scheduling.expected_product_metadata_reg[0]/C
                            (rising edge-triggered cell FDRE clocked by island_175  {rise@0.000ns fall@2.857ns period=5.714ns})
  Destination:            distributed_fast_fault.causes[11].cause_sticky_reg[11]/D
                            (rising edge-triggered cell FDRE clocked by island_175  {rise@0.000ns fall@2.857ns period=5.714ns})
  Path Group:             island_175
  Path Type:              Setup (Max at Slow Process Corner)
  Requirement:            5.714ns  (island_175 rise@5.714ns - island_175 rise@0.000ns)
  Data Path Delay:        13.608ns  (logic 4.158ns (30.554%)  route 9.450ns (69.446%))
  Logic Levels:           27  (CARRY4=6 LUT2=2 LUT4=2 LUT5=8 LUT6=9)
  Clock Path Skew:        -0.049ns (DCD - SCD + CPR)
    Destination Clock Delay (DCD):    0.924ns = ( 6.638 - 5.714 ) 
    Source Clock Delay      (SCD):    0.973ns
    Clock Pessimism Removal (CPR):    0.000ns
  Clock Uncertainty:      0.035ns  ((TSJ^2 + TIJ^2)^1/2 + DJ) / 2 + PE
    Total System Jitter     (TSJ):    0.071ns
    Total Input Jitter      (TIJ):    0.000ns
    Discrete Jitter          (DJ):    0.000ns
    Phase Error              (PE):    0.000ns

    Location             Delay type                Incr(ns)  Path(ns)    Netlist Resource(s)
  -------------------------------------------------------------------    -------------------
                         (clock island_175 rise edge)
                                                      0.000     0.000 r  
                                                      0.000     0.000 r  fft_clk (IN)
                         net (fo=5249, unset)         0.973     0.973    fft_clk
    SLICE_X25Y2          FDRE                                         r  registered_scheduling.expected_product_metadata_reg[0]/C
  -------------------------------------------------------------------    -------------------
    SLICE_X25Y2          FDRE (Prop_fdre_C_Q)         0.456     1.429 r  registered_scheduling.expected_product_metadata_reg[0]/Q
                         net (fo=3, routed)           1.236     2.665    checked_product_bank.adapter/reader/job_started_reg_i_62_1
    SLICE_X24Y4          LUT6 (Prop_lut6_I2_O)        0.124     2.789 r  checked_product_bank.adapter/reader/job_started_i_70/O
                         net (fo=1, routed)           0.000     2.789    checked_product_bank.adapter/reader/job_started_i_70_n_0
    SLICE_X24Y4          CARRY4 (Prop_carry4_S[0]_CO[3])
                                                      0.513     3.302 r  checked_product_bank.adapter/reader/job_started_reg_i_62/CO[3]
                         net (fo=1, routed)           0.000     3.302    checked_product_bank.adapter/reader/job_started_reg_i_62_n_0
    SLICE_X24Y5          CARRY4 (Prop_carry4_CI_CO[3])
                                                      0.117     3.419 r  checked_product_bank.adapter/reader/job_started_reg_i_57/CO[3]
                         net (fo=1, routed)           0.000     3.419    checked_product_bank.adapter/reader/job_started_reg_i_57_n_0
    SLICE_X24Y6          CARRY4 (Prop_carry4_CI_CO[3])
                                                      0.117     3.536 r  checked_product_bank.adapter/reader/job_started_reg_i_48/CO[3]
                         net (fo=1, routed)           0.000     3.536    checked_product_bank.adapter/reader/job_started_reg_i_48_n_0
    SLICE_X24Y7          CARRY4 (Prop_carry4_CI_CO[3])
                                                      0.117     3.653 r  checked_product_bank.adapter/reader/job_started_reg_i_38/CO[3]
                         net (fo=1, routed)           0.000     3.653    checked_product_bank.adapter/reader/job_started_reg_i_38_n_0
    SLICE_X24Y8          CARRY4 (Prop_carry4_CI_CO[3])
                                                      0.117     3.770 r  checked_product_bank.adapter/reader/job_started_reg_i_28/CO[3]
                         net (fo=1, routed)           0.000     3.770    checked_product_bank.adapter/reader/job_started_reg_i_28_n_0
    SLICE_X24Y9          CARRY4 (Prop_carry4_CI_CO[3])
                                                      0.117     3.887 r  checked_product_bank.adapter/reader/job_started_reg_i_22/CO[3]
                         net (fo=1, routed)           0.749     4.636    checked_product_bank.adapter/reader/checked_product_bank.independent_head_identity1
    SLICE_X24Y12         LUT4 (Prop_lut4_I0_O)        0.124     4.760 f  checked_product_bank.adapter/reader/job_started_i_16/O
                         net (fo=1, routed)           0.587     5.348    checked_product_bank.adapter/reader/job_started_i_16_n_0
    SLICE_X23Y12         LUT5 (Prop_lut5_I4_O)        0.124     5.472 f  checked_product_bank.adapter/reader/job_started_i_10/O
                         net (fo=1, routed)           0.573     6.045    checked_product_bank.adapter/reader/job_started_i_10_n_0
    SLICE_X23Y13         LUT5 (Prop_lut5_I4_O)        0.124     6.169 f  checked_product_bank.adapter/reader/job_started_i_7/O
                         net (fo=1, routed)           0.299     6.468    checked_product_bank.adapter/reader/job_started_i_7_n_0
    SLICE_X22Y12         LUT5 (Prop_lut5_I4_O)        0.124     6.592 r  checked_product_bank.adapter/reader/job_started_i_3/O
                         net (fo=2, routed)           0.467     7.059    checked_product_bank.adapter/reader/job_started_i_3_n_0
    SLICE_X23Y12         LUT6 (Prop_lut6_I0_O)        0.124     7.183 r  checked_product_bank.adapter/reader/job_started_i_2/O
                         net (fo=6, routed)           0.344     7.527    checked_product_bank.adapter/reader/product_start_binding
    SLICE_X23Y11         LUT4 (Prop_lut4_I0_O)        0.124     7.651 f  checked_product_bank.adapter/reader/consumer_started_i_2/O
                         net (fo=11, routed)          0.336     7.987    checked_product_bank.adapter/reader/registered_scheduling.held_phase_reg_6
    SLICE_X22Y10         LUT5 (Prop_lut5_I0_O)        0.124     8.111 r  checked_product_bank.adapter/reader/reasons[5]_i_2/O
                         net (fo=2, routed)           0.312     8.423    checked_product_bank.adapter/bank/reasons_reg[15]
    SLICE_X22Y11         LUT6 (Prop_lut6_I5_O)        0.124     8.547 r  checked_product_bank.adapter/bank/reasons[15]_i_4/O
                         net (fo=5, routed)           0.196     8.743    checked_product_bank.adapter/reader/staged.reasons_reg[15]_0
    SLICE_X22Y11         LUT5 (Prop_lut5_I4_O)        0.124     8.867 f  checked_product_bank.adapter/reader/staged.armed_i_2/O
                         net (fo=6, routed)           0.340     9.207    checked_product_bank.adapter/bank/staged.armed_reg_3
    SLICE_X22Y12         LUT6 (Prop_lut6_I3_O)        0.124     9.331 f  checked_product_bank.adapter/bank/reasons[15]_i_3/O
                         net (fo=4, routed)           0.306     9.638    checked_product_bank.adapter/bank/reasons[15]_i_3_n_0
    SLICE_X25Y12         LUT6 (Prop_lut6_I5_O)        0.124     9.762 r  checked_product_bank.adapter/bank/lease_reference[1]_i_3/O
                         net (fo=3, routed)           0.313    10.075    checked_product_bank.adapter/reader/lease_reference_reg[1]_0
    SLICE_X23Y11         LUT6 (Prop_lut6_I5_O)        0.124    10.199 r  checked_product_bank.adapter/reader/producer_reference_i_2/O
                         net (fo=8, routed)           0.355    10.554    checked_product_bank.adapter/reader/reader_reference_reg
    SLICE_X20Y11         LUT6 (Prop_lut6_I5_O)        0.124    10.678 r  checked_product_bank.adapter/reader/staged.reasons[4]_i_3/O
                         net (fo=7, routed)           0.197    10.875    checked_product_bank.adapter/reader/staged.lease_reg[0]
    SLICE_X20Y11         LUT5 (Prop_lut5_I2_O)        0.124    10.999 r  checked_product_bank.adapter/reader/reasons[6]_i_2/O
                         net (fo=2, routed)           0.177    11.176    checked_product_bank.adapter/reader/reasons[6]_i_2_n_0
    SLICE_X20Y11         LUT6 (Prop_lut6_I3_O)        0.124    11.300 r  checked_product_bank.adapter/reader/head[1]_i_6/O
                         net (fo=2, routed)           0.464    11.764    checked_product_bank.adapter/reader/head[1]_i_6_n_0
    SLICE_X21Y10         LUT5 (Prop_lut5_I0_O)        0.124    11.888 r  checked_product_bank.adapter/reader/head[1]_i_5/O
                         net (fo=6, routed)           0.685    12.574    checked_product_bank.adapter/reader/owned_reg_1
    SLICE_X16Y5          LUT5 (Prop_lut5_I0_O)        0.124    12.698 f  checked_product_bank.adapter/reader/epoch_preflight_reasons[0]_i_3/O
                         net (fo=2, routed)           0.425    13.123    checked_product_bank.adapter/reader/epoch_preflight_reasons[0]_i_3_n_0
    SLICE_X16Y4          LUT2 (Prop_lut2_I1_O)        0.124    13.247 r  checked_product_bank.adapter/reader/epoch_preflight_reasons[0]_i_2/O
                         net (fo=3, routed)           0.329    13.576    checked_product_bank.adapter/reader/epoch_preflight_reasons[0]_i_2_n_0
    SLICE_X15Y4          LUT6 (Prop_lut6_I3_O)        0.124    13.700 r  checked_product_bank.adapter/reader/fault_reasons[0]_i_4/O
                         net (fo=3, routed)           0.427    14.127    checked_product_bank.adapter/reader/preparation_fault_now
    SLICE_X15Y5          LUT2 (Prop_lut2_I0_O)        0.124    14.251 r  checked_product_bank.adapter/reader/distributed_fast_fault.causes[11].cause_sticky[11]_i_1/O
                         net (fo=1, routed)           0.331    14.581    checked_product_bank.adapter_n_247
    SLICE_X15Y6          FDRE                                         r  distributed_fast_fault.causes[11].cause_sticky_reg[11]/D
  -------------------------------------------------------------------    -------------------

                         (clock island_175 rise edge)
                                                      5.714     5.714 r  
                                                      0.000     5.714 r  fft_clk (IN)
                         net (fo=5249, unset)         0.924     6.638    fft_clk
    SLICE_X15Y6          FDRE                                         r  distributed_fast_fault.causes[11].cause_sticky_reg[11]/C
                         clock pessimism              0.000     6.638    
                         clock uncertainty           -0.035     6.603    
    SLICE_X15Y6          FDRE (Setup_fdre_C_D)       -0.058     6.545    distributed_fast_fault.causes[11].cause_sticky_reg[11]
  -------------------------------------------------------------------
                         required time                          6.545    
                         arrival time                         -14.581    
  -------------------------------------------------------------------
                         slack                                 -8.036    

Slack (VIOLATED) :        -8.023ns  (required time - arrival time)
  Source:                 registered_scheduling.expected_product_metadata_reg[0]/C
                            (rising edge-triggered cell FDRE clocked by island_175  {rise@0.000ns fall@2.857ns period=5.714ns})
  Destination:            checked_product_bank.adapter/expected_metadata_reg[0]/CE
                            (rising edge-triggered cell FDCE clocked by island_175  {rise@0.000ns fall@2.857ns period=5.714ns})
  Path Group:             island_175
  Path Type:              Setup (Max at Slow Process Corner)
  Requirement:            5.714ns  (island_175 rise@5.714ns - island_175 rise@0.000ns)
  Data Path Delay:        13.448ns  (logic 4.034ns (29.997%)  route 9.414ns (70.003%))
  Logic Levels:           26  (CARRY4=6 LUT3=1 LUT4=2 LUT5=7 LUT6=10)
  Clock Path Skew:        -0.049ns (DCD - SCD + CPR)
    Destination Clock Delay (DCD):    0.924ns = ( 6.638 - 5.714 ) 
    Source Clock Delay      (SCD):    0.973ns
    Clock Pessimism Removal (CPR):    0.000ns
  Clock Uncertainty:      0.035ns  ((TSJ^2 + TIJ^2)^1/2 + DJ) / 2 + PE
    Total System Jitter     (TSJ):    0.071ns
    Total Input Jitter      (TIJ):    0.000ns
    Discrete Jitter          (DJ):    0.000ns
    Phase Error              (PE):    0.000ns

    Location             Delay type                Incr(ns)  Path(ns)    Netlist Resource(s)
  -------------------------------------------------------------------    -------------------
                         (clock island_175 rise edge)
                                                      0.000     0.000 r  
                                                      0.000     0.000 r  fft_clk (IN)
                         net (fo=5249, unset)         0.973     0.973    fft_clk
    SLICE_X25Y2          FDRE                                         r  registered_scheduling.expected_product_metadata_reg[0]/C
  -------------------------------------------------------------------    -------------------
    SLICE_X25Y2          FDRE (Prop_fdre_C_Q)         0.456     1.429 r  registered_scheduling.expected_product_metadata_reg[0]/Q
                         net (fo=3, routed)           1.236     2.665    checked_product_bank.adapter/reader/job_started_reg_i_62_1
    SLICE_X24Y4          LUT6 (Prop_lut6_I2_O)        0.124     2.789 r  checked_product_bank.adapter/reader/job_started_i_70/O
                         net (fo=1, routed)           0.000     2.789    checked_product_bank.adapter/reader/job_started_i_70_n_0
    SLICE_X24Y4          CARRY4 (Prop_carry4_S[0]_CO[3])
                                                      0.513     3.302 r  checked_product_bank.adapter/reader/job_started_reg_i_62/CO[3]
                         net (fo=1, routed)           0.000     3.302    checked_product_bank.adapter/reader/job_started_reg_i_62_n_0
    SLICE_X24Y5          CARRY4 (Prop_carry4_CI_CO[3])
                                                      0.117     3.419 r  checked_product_bank.adapter/reader/job_started_reg_i_57/CO[3]
                         net (fo=1, routed)           0.000     3.419    checked_product_bank.adapter/reader/job_started_reg_i_57_n_0
    SLICE_X24Y6          CARRY4 (Prop_carry4_CI_CO[3])
                                                      0.117     3.536 r  checked_product_bank.adapter/reader/job_started_reg_i_48/CO[3]
                         net (fo=1, routed)           0.000     3.536    checked_product_bank.adapter/reader/job_started_reg_i_48_n_0
    SLICE_X24Y7          CARRY4 (Prop_carry4_CI_CO[3])
                                                      0.117     3.653 r  checked_product_bank.adapter/reader/job_started_reg_i_38/CO[3]
                         net (fo=1, routed)           0.000     3.653    checked_product_bank.adapter/reader/job_started_reg_i_38_n_0
    SLICE_X24Y8          CARRY4 (Prop_carry4_CI_CO[3])
                                                      0.117     3.770 r  checked_product_bank.adapter/reader/job_started_reg_i_28/CO[3]
                         net (fo=1, routed)           0.000     3.770    checked_product_bank.adapter/reader/job_started_reg_i_28_n_0
    SLICE_X24Y9          CARRY4 (Prop_carry4_CI_CO[3])
                                                      0.117     3.887 f  checked_product_bank.adapter/reader/job_started_reg_i_22/CO[3]
                         net (fo=1, routed)           0.749     4.636    checked_product_bank.adapter/reader/checked_product_bank.independent_head_identity1
    SLICE_X24Y12         LUT4 (Prop_lut4_I0_O)        0.124     4.760 r  checked_product_bank.adapter/reader/job_started_i_16/O
                         net (fo=1, routed)           0.587     5.348    checked_product_bank.adapter/reader/job_started_i_16_n_0
    SLICE_X23Y12         LUT5 (Prop_lut5_I4_O)        0.124     5.472 r  checked_product_bank.adapter/reader/job_started_i_10/O
                         net (fo=1, routed)           0.573     6.045    checked_product_bank.adapter/reader/job_started_i_10_n_0
    SLICE_X23Y13         LUT5 (Prop_lut5_I4_O)        0.124     6.169 r  checked_product_bank.adapter/reader/job_started_i_7/O
                         net (fo=1, routed)           0.299     6.468    checked_product_bank.adapter/reader/job_started_i_7_n_0
    SLICE_X22Y12         LUT5 (Prop_lut5_I4_O)        0.124     6.592 f  checked_product_bank.adapter/reader/job_started_i_3/O
                         net (fo=2, routed)           0.467     7.059    checked_product_bank.adapter/reader/job_started_i_3_n_0
    SLICE_X23Y12         LUT6 (Prop_lut6_I0_O)        0.124     7.183 f  checked_product_bank.adapter/reader/job_started_i_2/O
                         net (fo=6, routed)           0.344     7.527    checked_product_bank.adapter/reader/product_start_binding
    SLICE_X23Y11         LUT4 (Prop_lut4_I0_O)        0.124     7.651 r  checked_product_bank.adapter/reader/consumer_started_i_2/O
                         net (fo=11, routed)          0.336     7.987    checked_product_bank.adapter/reader/registered_scheduling.held_phase_reg_6
    SLICE_X22Y10         LUT5 (Prop_lut5_I0_O)        0.124     8.111 f  checked_product_bank.adapter/reader/reasons[5]_i_2/O
                         net (fo=2, routed)           0.312     8.423    checked_product_bank.adapter/bank/reasons_reg[15]
    SLICE_X22Y11         LUT6 (Prop_lut6_I5_O)        0.124     8.547 f  checked_product_bank.adapter/bank/reasons[15]_i_4/O
                         net (fo=5, routed)           0.196     8.743    checked_product_bank.adapter/reader/staged.reasons_reg[15]_0
    SLICE_X22Y11         LUT5 (Prop_lut5_I4_O)        0.124     8.867 r  checked_product_bank.adapter/reader/staged.armed_i_2/O
                         net (fo=6, routed)           0.340     9.207    checked_product_bank.adapter/bank/staged.armed_reg_3
    SLICE_X22Y12         LUT6 (Prop_lut6_I3_O)        0.124     9.331 r  checked_product_bank.adapter/bank/reasons[15]_i_3/O
                         net (fo=4, routed)           0.306     9.638    checked_product_bank.adapter/bank/reasons[15]_i_3_n_0
    SLICE_X25Y12         LUT6 (Prop_lut6_I5_O)        0.124     9.762 f  checked_product_bank.adapter/bank/lease_reference[1]_i_3/O
                         net (fo=3, routed)           0.313    10.075    checked_product_bank.adapter/reader/lease_reference_reg[1]_0
    SLICE_X23Y11         LUT6 (Prop_lut6_I5_O)        0.124    10.199 f  checked_product_bank.adapter/reader/producer_reference_i_2/O
                         net (fo=8, routed)           0.355    10.554    checked_product_bank.adapter/reader/reader_reference_reg
    SLICE_X20Y11         LUT6 (Prop_lut6_I5_O)        0.124    10.678 f  checked_product_bank.adapter/reader/staged.reasons[4]_i_3/O
                         net (fo=7, routed)           0.197    10.875    checked_product_bank.adapter/reader/staged.lease_reg[0]
    SLICE_X20Y11         LUT5 (Prop_lut5_I2_O)        0.124    10.999 f  checked_product_bank.adapter/reader/reasons[6]_i_2/O
                         net (fo=2, routed)           0.177    11.176    checked_product_bank.adapter/reader/reasons[6]_i_2_n_0
    SLICE_X20Y11         LUT6 (Prop_lut6_I3_O)        0.124    11.300 f  checked_product_bank.adapter/reader/head[1]_i_6/O
                         net (fo=2, routed)           0.464    11.764    checked_product_bank.adapter/reader/head[1]_i_6_n_0
    SLICE_X21Y10         LUT5 (Prop_lut5_I0_O)        0.124    11.888 f  checked_product_bank.adapter/reader/head[1]_i_5/O
                         net (fo=6, routed)           0.466    12.354    checked_product_bank.adapter/reader/owned_reg_1
    SLICE_X21Y9          LUT3 (Prop_lut3_I1_O)        0.124    12.478 f  checked_product_bank.adapter/reader/checked_product_bank.bound_receipt_i_2/O
                         net (fo=4, routed)           0.323    12.801    checked_product_bank.adapter/reader/checked_product_bank.bound_receipt_i_2_n_0
    SLICE_X19Y9          LUT6 (Prop_lut6_I5_O)        0.124    12.925 f  checked_product_bank.adapter/reader/distributed_fast_fault.causes[8].cause_sticky[8]_i_2/O
                         net (fo=5, routed)           1.038    13.963    checked_product_bank.adapter/bank/p_11_in_alias
    SLICE_X21Y5          LUT6 (Prop_lut6_I4_O)        0.124    14.087 r  checked_product_bank.adapter/bank/expected_metadata[4]_i_1_comp_3/O
                         net (fo=5, routed)           0.334    14.421    checked_product_bank.adapter/bank_n_105
    SLICE_X21Y3          FDCE                                         r  checked_product_bank.adapter/expected_metadata_reg[0]/CE
  -------------------------------------------------------------------    -------------------

                         (clock island_175 rise edge)
                                                      5.714     5.714 r  
                                                      0.000     5.714 r  fft_clk (IN)
                         net (fo=5249, unset)         0.924     6.638    checked_product_bank.adapter/fft_clk
    SLICE_X21Y3          FDCE                                         r  checked_product_bank.adapter/expected_metadata_reg[0]/C
                         clock pessimism              0.000     6.638    
                         clock uncertainty           -0.035     6.603    
    SLICE_X21Y3          FDCE (Setup_fdce_C_CE)      -0.205     6.398    checked_product_bank.adapter/expected_metadata_reg[0]
  -------------------------------------------------------------------
                         required time                          6.398    
                         arrival time                         -14.421    
  -------------------------------------------------------------------
                         slack                                 -8.023    

Slack (VIOLATED) :        -8.023ns  (required time - arrival time)
  Source:                 registered_scheduling.expected_product_metadata_reg[0]/C
                            (rising edge-triggered cell FDRE clocked by island_175  {rise@0.000ns fall@2.857ns period=5.714ns})
  Destination:            checked_product_bank.adapter/expected_metadata_reg[1]/CE
                            (rising edge-triggered cell FDCE clocked by island_175  {rise@0.000ns fall@2.857ns period=5.714ns})
  Path Group:             island_175
  Path Type:              Setup (Max at Slow Process Corner)
  Requirement:            5.714ns  (island_175 rise@5.714ns - island_175 rise@0.000ns)
  Data Path Delay:        13.448ns  (logic 4.034ns (29.997%)  route 9.414ns (70.003%))
  Logic Levels:           26  (CARRY4=6 LUT3=1 LUT4=2 LUT5=7 LUT6=10)
  Clock Path Skew:        -0.049ns (DCD - SCD + CPR)
    Destination Clock Delay (DCD):    0.924ns = ( 6.638 - 5.714 ) 
    Source Clock Delay      (SCD):    0.973ns
    Clock Pessimism Removal (CPR):    0.000ns
  Clock Uncertainty:      0.035ns  ((TSJ^2 + TIJ^2)^1/2 + DJ) / 2 + PE
    Total System Jitter     (TSJ):    0.071ns
    Total Input Jitter      (TIJ):    0.000ns
    Discrete Jitter          (DJ):    0.000ns
    Phase Error              (PE):    0.000ns

    Location             Delay type                Incr(ns)  Path(ns)    Netlist Resource(s)
  -------------------------------------------------------------------    -------------------
                         (clock island_175 rise edge)
                                                      0.000     0.000 r  
                                                      0.000     0.000 r  fft_clk (IN)
                         net (fo=5249, unset)         0.973     0.973    fft_clk
    SLICE_X25Y2          FDRE                                         r  registered_scheduling.expected_product_metadata_reg[0]/C
  -------------------------------------------------------------------    -------------------
    SLICE_X25Y2          FDRE (Prop_fdre_C_Q)         0.456     1.429 r  registered_scheduling.expected_product_metadata_reg[0]/Q
                         net (fo=3, routed)           1.236     2.665    checked_product_bank.adapter/reader/job_started_reg_i_62_1
    SLICE_X24Y4          LUT6 (Prop_lut6_I2_O)        0.124     2.789 r  checked_product_bank.adapter/reader/job_started_i_70/O
                         net (fo=1, routed)           0.000     2.789    checked_product_bank.adapter/reader/job_started_i_70_n_0
    SLICE_X24Y4          CARRY4 (Prop_carry4_S[0]_CO[3])
                                                      0.513     3.302 r  checked_product_bank.adapter/reader/job_started_reg_i_62/CO[3]
                         net (fo=1, routed)           0.000     3.302    checked_product_bank.adapter/reader/job_started_reg_i_62_n_0
    SLICE_X24Y5          CARRY4 (Prop_carry4_CI_CO[3])
                                                      0.117     3.419 r  checked_product_bank.adapter/reader/job_started_reg_i_57/CO[3]
                         net (fo=1, routed)           0.000     3.419    checked_product_bank.adapter/reader/job_started_reg_i_57_n_0
    SLICE_X24Y6          CARRY4 (Prop_carry4_CI_CO[3])
                                                      0.117     3.536 r  checked_product_bank.adapter/reader/job_started_reg_i_48/CO[3]
                         net (fo=1, routed)           0.000     3.536    checked_product_bank.adapter/reader/job_started_reg_i_48_n_0
    SLICE_X24Y7          CARRY4 (Prop_carry4_CI_CO[3])
                                                      0.117     3.653 r  checked_product_bank.adapter/reader/job_started_reg_i_38/CO[3]
                         net (fo=1, routed)           0.000     3.653    checked_product_bank.adapter/reader/job_started_reg_i_38_n_0
    SLICE_X24Y8          CARRY4 (Prop_carry4_CI_CO[3])
                                                      0.117     3.770 r  checked_product_bank.adapter/reader/job_started_reg_i_28/CO[3]
                         net (fo=1, routed)           0.000     3.770    checked_product_bank.adapter/reader/job_started_reg_i_28_n_0
    SLICE_X24Y9          CARRY4 (Prop_carry4_CI_CO[3])
                                                      0.117     3.887 f  checked_product_bank.adapter/reader/job_started_reg_i_22/CO[3]
                         net (fo=1, routed)           0.749     4.636    checked_product_bank.adapter/reader/checked_product_bank.independent_head_identity1
    SLICE_X24Y12         LUT4 (Prop_lut4_I0_O)        0.124     4.760 r  checked_product_bank.adapter/reader/job_started_i_16/O
                         net (fo=1, routed)           0.587     5.348    checked_product_bank.adapter/reader/job_started_i_16_n_0
    SLICE_X23Y12         LUT5 (Prop_lut5_I4_O)        0.124     5.472 r  checked_product_bank.adapter/reader/job_started_i_10/O
                         net (fo=1, routed)           0.573     6.045    checked_product_bank.adapter/reader/job_started_i_10_n_0
    SLICE_X23Y13         LUT5 (Prop_lut5_I4_O)        0.124     6.169 r  checked_product_bank.adapter/reader/job_started_i_7/O
                         net (fo=1, routed)           0.299     6.468    checked_product_bank.adapter/reader/job_started_i_7_n_0
    SLICE_X22Y12         LUT5 (Prop_lut5_I4_O)        0.124     6.592 f  checked_product_bank.adapter/reader/job_started_i_3/O
                         net (fo=2, routed)           0.467     7.059    checked_product_bank.adapter/reader/job_started_i_3_n_0
    SLICE_X23Y12         LUT6 (Prop_lut6_I0_O)        0.124     7.183 f  checked_product_bank.adapter/reader/job_started_i_2/O
                         net (fo=6, routed)           0.344     7.527    checked_product_bank.adapter/reader/product_start_binding
    SLICE_X23Y11         LUT4 (Prop_lut4_I0_O)        0.124     7.651 r  checked_product_bank.adapter/reader/consumer_started_i_2/O
                         net (fo=11, routed)          0.336     7.987    checked_product_bank.adapter/reader/registered_scheduling.held_phase_reg_6
    SLICE_X22Y10         LUT5 (Prop_lut5_I0_O)        0.124     8.111 f  checked_product_bank.adapter/reader/reasons[5]_i_2/O
                         net (fo=2, routed)           0.312     8.423    checked_product_bank.adapter/bank/reasons_reg[15]
    SLICE_X22Y11         LUT6 (Prop_lut6_I5_O)        0.124     8.547 f  checked_product_bank.adapter/bank/reasons[15]_i_4/O
                         net (fo=5, routed)           0.196     8.743    checked_product_bank.adapter/reader/staged.reasons_reg[15]_0
    SLICE_X22Y11         LUT5 (Prop_lut5_I4_O)        0.124     8.867 r  checked_product_bank.adapter/reader/staged.armed_i_2/O
                         net (fo=6, routed)           0.340     9.207    checked_product_bank.adapter/bank/staged.armed_reg_3
    SLICE_X22Y12         LUT6 (Prop_lut6_I3_O)        0.124     9.331 r  checked_product_bank.adapter/bank/reasons[15]_i_3/O
                         net (fo=4, routed)           0.306     9.638    checked_product_bank.adapter/bank/reasons[15]_i_3_n_0
    SLICE_X25Y12         LUT6 (Prop_lut6_I5_O)        0.124     9.762 f  checked_product_bank.adapter/bank/lease_reference[1]_i_3/O
                         net (fo=3, routed)           0.313    10.075    checked_product_bank.adapter/reader/lease_reference_reg[1]_0
    SLICE_X23Y11         LUT6 (Prop_lut6_I5_O)        0.124    10.199 f  checked_product_bank.adapter/reader/producer_reference_i_2/O
                         net (fo=8, routed)           0.355    10.554    checked_product_bank.adapter/reader/reader_reference_reg
    SLICE_X20Y11         LUT6 (Prop_lut6_I5_O)        0.124    10.678 f  checked_product_bank.adapter/reader/staged.reasons[4]_i_3/O
                         net (fo=7, routed)           0.197    10.875    checked_product_bank.adapter/reader/staged.lease_reg[0]
    SLICE_X20Y11         LUT5 (Prop_lut5_I2_O)        0.124    10.999 f  checked_product_bank.adapter/reader/reasons[6]_i_2/O
                         net (fo=2, routed)           0.177    11.176    checked_product_bank.adapter/reader/reasons[6]_i_2_n_0
    SLICE_X20Y11         LUT6 (Prop_lut6_I3_O)        0.124    11.300 f  checked_product_bank.adapter/reader/head[1]_i_6/O
                         net (fo=2, routed)           0.464    11.764    checked_product_bank.adapter/reader/head[1]_i_6_n_0
    SLICE_X21Y10         LUT5 (Prop_lut5_I0_O)        0.124    11.888 f  checked_product_bank.adapter/reader/head[1]_i_5/O
                         net (fo=6, routed)           0.466    12.354    checked_product_bank.adapter/reader/owned_reg_1
    SLICE_X21Y9          LUT3 (Prop_lut3_I1_O)        0.124    12.478 f  checked_product_bank.adapter/reader/checked_product_bank.bound_receipt_i_2/O
                         net (fo=4, routed)           0.323    12.801    checked_product_bank.adapter/reader/checked_product_bank.bound_receipt_i_2_n_0
    SLICE_X19Y9          LUT6 (Prop_lut6_I5_O)        0.124    12.925 f  checked_product_bank.adapter/reader/distributed_fast_fault.causes[8].cause_sticky[8]_i_2/O
                         net (fo=5, routed)           1.038    13.963    checked_product_bank.adapter/bank/p_11_in_alias
    SLICE_X21Y5          LUT6 (Prop_lut6_I4_O)        0.124    14.087 r  checked_product_bank.adapter/bank/expected_metadata[4]_i_1_comp_3/O
                         net (fo=5, routed)           0.334    14.421    checked_product_bank.adapter/bank_n_105
    SLICE_X21Y3          FDCE                                         r  checked_product_bank.adapter/expected_metadata_reg[1]/CE
  -------------------------------------------------------------------    -------------------

                         (clock island_175 rise edge)
                                                      5.714     5.714 r  
                                                      0.000     5.714 r  fft_clk (IN)
                         net (fo=5249, unset)         0.924     6.638    checked_product_bank.adapter/fft_clk
    SLICE_X21Y3          FDCE                                         r  checked_product_bank.adapter/expected_metadata_reg[1]/C
                         clock pessimism              0.000     6.638    
                         clock uncertainty           -0.035     6.603    
    SLICE_X21Y3          FDCE (Setup_fdce_C_CE)      -0.205     6.398    checked_product_bank.adapter/expected_metadata_reg[1]
  -------------------------------------------------------------------
                         required time                          6.398    
                         arrival time                         -14.421    
  -------------------------------------------------------------------
                         slack                                 -8.023    

Slack (VIOLATED) :        -8.023ns  (required time - arrival time)
  Source:                 registered_scheduling.expected_product_metadata_reg[0]/C
                            (rising edge-triggered cell FDRE clocked by island_175  {rise@0.000ns fall@2.857ns period=5.714ns})
  Destination:            checked_product_bank.adapter/expected_metadata_reg[2]/CE
                            (rising edge-triggered cell FDCE clocked by island_175  {rise@0.000ns fall@2.857ns period=5.714ns})
  Path Group:             island_175
  Path Type:              Setup (Max at Slow Process Corner)
  Requirement:            5.714ns  (island_175 rise@5.714ns - island_175 rise@0.000ns)
  Data Path Delay:        13.448ns  (logic 4.034ns (29.997%)  route 9.414ns (70.003%))
  Logic Levels:           26  (CARRY4=6 LUT3=1 LUT4=2 LUT5=7 LUT6=10)
  Clock Path Skew:        -0.049ns (DCD - SCD + CPR)
    Destination Clock Delay (DCD):    0.924ns = ( 6.638 - 5.714 ) 
    Source Clock Delay      (SCD):    0.973ns
    Clock Pessimism Removal (CPR):    0.000ns
  Clock Uncertainty:      0.035ns  ((TSJ^2 + TIJ^2)^1/2 + DJ) / 2 + PE
    Total System Jitter     (TSJ):    0.071ns
    Total Input Jitter      (TIJ):    0.000ns
    Discrete Jitter          (DJ):    0.000ns
    Phase Error              (PE):    0.000ns

    Location             Delay type                Incr(ns)  Path(ns)    Netlist Resource(s)
  -------------------------------------------------------------------    -------------------
                         (clock island_175 rise edge)
                                                      0.000     0.000 r  
                                                      0.000     0.000 r  fft_clk (IN)
                         net (fo=5249, unset)         0.973     0.973    fft_clk
    SLICE_X25Y2          FDRE                                         r  registered_scheduling.expected_product_metadata_reg[0]/C
  -------------------------------------------------------------------    -------------------
    SLICE_X25Y2          FDRE (Prop_fdre_C_Q)         0.456     1.429 r  registered_scheduling.expected_product_metadata_reg[0]/Q
                         net (fo=3, routed)           1.236     2.665    checked_product_bank.adapter/reader/job_started_reg_i_62_1
    SLICE_X24Y4          LUT6 (Prop_lut6_I2_O)        0.124     2.789 r  checked_product_bank.adapter/reader/job_started_i_70/O
                         net (fo=1, routed)           0.000     2.789    checked_product_bank.adapter/reader/job_started_i_70_n_0
    SLICE_X24Y4          CARRY4 (Prop_carry4_S[0]_CO[3])
                                                      0.513     3.302 r  checked_product_bank.adapter/reader/job_started_reg_i_62/CO[3]
                         net (fo=1, routed)           0.000     3.302    checked_product_bank.adapter/reader/job_started_reg_i_62_n_0
    SLICE_X24Y5          CARRY4 (Prop_carry4_CI_CO[3])
                                                      0.117     3.419 r  checked_product_bank.adapter/reader/job_started_reg_i_57/CO[3]
                         net (fo=1, routed)           0.000     3.419    checked_product_bank.adapter/reader/job_started_reg_i_57_n_0
    SLICE_X24Y6          CARRY4 (Prop_carry4_CI_CO[3])
                                                      0.117     3.536 r  checked_product_bank.adapter/reader/job_started_reg_i_48/CO[3]
                         net (fo=1, routed)           0.000     3.536    checked_product_bank.adapter/reader/job_started_reg_i_48_n_0
    SLICE_X24Y7          CARRY4 (Prop_carry4_CI_CO[3])
                                                      0.117     3.653 r  checked_product_bank.adapter/reader/job_started_reg_i_38/CO[3]
                         net (fo=1, routed)           0.000     3.653    checked_product_bank.adapter/reader/job_started_reg_i_38_n_0
    SLICE_X24Y8          CARRY4 (Prop_carry4_CI_CO[3])
                                                      0.117     3.770 r  checked_product_bank.adapter/reader/job_started_reg_i_28/CO[3]
                         net (fo=1, routed)           0.000     3.770    checked_product_bank.adapter/reader/job_started_reg_i_28_n_0
    SLICE_X24Y9          CARRY4 (Prop_carry4_CI_CO[3])
                                                      0.117     3.887 f  checked_product_bank.adapter/reader/job_started_reg_i_22/CO[3]
                         net (fo=1, routed)           0.749     4.636    checked_product_bank.adapter/reader/checked_product_bank.independent_head_identity1
    SLICE_X24Y12         LUT4 (Prop_lut4_I0_O)        0.124     4.760 r  checked_product_bank.adapter/reader/job_started_i_16/O
                         net (fo=1, routed)           0.587     5.348    checked_product_bank.adapter/reader/job_started_i_16_n_0
    SLICE_X23Y12         LUT5 (Prop_lut5_I4_O)        0.124     5.472 r  checked_product_bank.adapter/reader/job_started_i_10/O
                         net (fo=1, routed)           0.573     6.045    checked_product_bank.adapter/reader/job_started_i_10_n_0
    SLICE_X23Y13         LUT5 (Prop_lut5_I4_O)        0.124     6.169 r  checked_product_bank.adapter/reader/job_started_i_7/O
                         net (fo=1, routed)           0.299     6.468    checked_product_bank.adapter/reader/job_started_i_7_n_0
    SLICE_X22Y12         LUT5 (Prop_lut5_I4_O)        0.124     6.592 f  checked_product_bank.adapter/reader/job_started_i_3/O
                         net (fo=2, routed)           0.467     7.059    checked_product_bank.adapter/reader/job_started_i_3_n_0
    SLICE_X23Y12         LUT6 (Prop_lut6_I0_O)        0.124     7.183 f  checked_product_bank.adapter/reader/job_started_i_2/O
                         net (fo=6, routed)           0.344     7.527    checked_product_bank.adapter/reader/product_start_binding
    SLICE_X23Y11         LUT4 (Prop_lut4_I0_O)        0.124     7.651 r  checked_product_bank.adapter/reader/consumer_started_i_2/O
                         net (fo=11, routed)          0.336     7.987    checked_product_bank.adapter/reader/registered_scheduling.held_phase_reg_6
    SLICE_X22Y10         LUT5 (Prop_lut5_I0_O)        0.124     8.111 f  checked_product_bank.adapter/reader/reasons[5]_i_2/O
                         net (fo=2, routed)           0.312     8.423    checked_product_bank.adapter/bank/reasons_reg[15]
    SLICE_X22Y11         LUT6 (Prop_lut6_I5_O)        0.124     8.547 f  checked_product_bank.adapter/bank/reasons[15]_i_4/O
                         net (fo=5, routed)           0.196     8.743    checked_product_bank.adapter/reader/staged.reasons_reg[15]_0
    SLICE_X22Y11         LUT5 (Prop_lut5_I4_O)        0.124     8.867 r  checked_product_bank.adapter/reader/staged.armed_i_2/O
                         net (fo=6, routed)           0.340     9.207    checked_product_bank.adapter/bank/staged.armed_reg_3
    SLICE_X22Y12         LUT6 (Prop_lut6_I3_O)        0.124     9.331 r  checked_product_bank.adapter/bank/reasons[15]_i_3/O
                         net (fo=4, routed)           0.306     9.638    checked_product_bank.adapter/bank/reasons[15]_i_3_n_0
    SLICE_X25Y12         LUT6 (Prop_lut6_I5_O)        0.124     9.762 f  checked_product_bank.adapter/bank/lease_reference[1]_i_3/O
                         net (fo=3, routed)           0.313    10.075    checked_product_bank.adapter/reader/lease_reference_reg[1]_0
    SLICE_X23Y11         LUT6 (Prop_lut6_I5_O)        0.124    10.199 f  checked_product_bank.adapter/reader/producer_reference_i_2/O
                         net (fo=8, routed)           0.355    10.554    checked_product_bank.adapter/reader/reader_reference_reg
    SLICE_X20Y11         LUT6 (Prop_lut6_I5_O)        0.124    10.678 f  checked_product_bank.adapter/reader/staged.reasons[4]_i_3/O
                         net (fo=7, routed)           0.197    10.875    checked_product_bank.adapter/reader/staged.lease_reg[0]
    SLICE_X20Y11         LUT5 (Prop_lut5_I2_O)        0.124    10.999 f  checked_product_bank.adapter/reader/reasons[6]_i_2/O
                         net (fo=2, routed)           0.177    11.176    checked_product_bank.adapter/reader/reasons[6]_i_2_n_0
    SLICE_X20Y11         LUT6 (Prop_lut6_I3_O)        0.124    11.300 f  checked_product_bank.adapter/reader/head[1]_i_6/O
                         net (fo=2, routed)           0.464    11.764    checked_product_bank.adapter/reader/head[1]_i_6_n_0
    SLICE_X21Y10         LUT5 (Prop_lut5_I0_O)        0.124    11.888 f  checked_product_bank.adapter/reader/head[1]_i_5/O
                         net (fo=6, routed)           0.466    12.354    checked_product_bank.adapter/reader/owned_reg_1
    SLICE_X21Y9          LUT3 (Prop_lut3_I1_O)        0.124    12.478 f  checked_product_bank.adapter/reader/checked_product_bank.bound_receipt_i_2/O
                         net (fo=4, routed)           0.323    12.801    checked_product_bank.adapter/reader/checked_product_bank.bound_receipt_i_2_n_0
    SLICE_X19Y9          LUT6 (Prop_lut6_I5_O)        0.124    12.925 f  checked_product_bank.adapter/reader/distributed_fast_fault.causes[8].cause_sticky[8]_i_2/O
                         net (fo=5, routed)           1.038    13.963    checked_product_bank.adapter/bank/p_11_in_alias
    SLICE_X21Y5          LUT6 (Prop_lut6_I4_O)        0.124    14.087 r  checked_product_bank.adapter/bank/expected_metadata[4]_i_1_comp_3/O
                         net (fo=5, routed)           0.334    14.421    checked_product_bank.adapter/bank_n_105
    SLICE_X21Y3          FDCE                                         r  checked_product_bank.adapter/expected_metadata_reg[2]/CE
  -------------------------------------------------------------------    -------------------

                         (clock island_175 rise edge)
                                                      5.714     5.714 r  
                                                      0.000     5.714 r  fft_clk (IN)
                         net (fo=5249, unset)         0.924     6.638    checked_product_bank.adapter/fft_clk
    SLICE_X21Y3          FDCE                                         r  checked_product_bank.adapter/expected_metadata_reg[2]/C
                         clock pessimism              0.000     6.638    
                         clock uncertainty           -0.035     6.603    
    SLICE_X21Y3          FDCE (Setup_fdce_C_CE)      -0.205     6.398    checked_product_bank.adapter/expected_metadata_reg[2]
  -------------------------------------------------------------------
                         required time                          6.398    
                         arrival time                         -14.421    
  -------------------------------------------------------------------
                         slack                                 -8.023    

Slack (VIOLATED) :        -8.023ns  (required time - arrival time)
  Source:                 registered_scheduling.expected_product_metadata_reg[0]/C
                            (rising edge-triggered cell FDRE clocked by island_175  {rise@0.000ns fall@2.857ns period=5.714ns})
  Destination:            checked_product_bank.adapter/expected_metadata_reg[3]/CE
                            (rising edge-triggered cell FDCE clocked by island_175  {rise@0.000ns fall@2.857ns period=5.714ns})
  Path Group:             island_175
  Path Type:              Setup (Max at Slow Process Corner)
  Requirement:            5.714ns  (island_175 rise@5.714ns - island_175 rise@0.000ns)
  Data Path Delay:        13.448ns  (logic 4.034ns (29.997%)  route 9.414ns (70.003%))
  Logic Levels:           26  (CARRY4=6 LUT3=1 LUT4=2 LUT5=7 LUT6=10)
  Clock Path Skew:        -0.049ns (DCD - SCD + CPR)
    Destination Clock Delay (DCD):    0.924ns = ( 6.638 - 5.714 ) 
    Source Clock Delay      (SCD):    0.973ns
    Clock Pessimism Removal (CPR):    0.000ns
  Clock Uncertainty:      0.035ns  ((TSJ^2 + TIJ^2)^1/2 + DJ) / 2 + PE
    Total System Jitter     (TSJ):    0.071ns
    Total Input Jitter      (TIJ):    0.000ns
    Discrete Jitter          (DJ):    0.000ns
    Phase Error              (PE):    0.000ns

    Location             Delay type                Incr(ns)  Path(ns)    Netlist Resource(s)
  -------------------------------------------------------------------    -------------------
                         (clock island_175 rise edge)
                                                      0.000     0.000 r  
                                                      0.000     0.000 r  fft_clk (IN)
                         net (fo=5249, unset)         0.973     0.973    fft_clk
    SLICE_X25Y2          FDRE                                         r  registered_scheduling.expected_product_metadata_reg[0]/C
  -------------------------------------------------------------------    -------------------
    SLICE_X25Y2          FDRE (Prop_fdre_C_Q)         0.456     1.429 r  registered_scheduling.expected_product_metadata_reg[0]/Q
                         net (fo=3, routed)           1.236     2.665    checked_product_bank.adapter/reader/job_started_reg_i_62_1
    SLICE_X24Y4          LUT6 (Prop_lut6_I2_O)        0.124     2.789 r  checked_product_bank.adapter/reader/job_started_i_70/O
                         net (fo=1, routed)           0.000     2.789    checked_product_bank.adapter/reader/job_started_i_70_n_0
    SLICE_X24Y4          CARRY4 (Prop_carry4_S[0]_CO[3])
                                                      0.513     3.302 r  checked_product_bank.adapter/reader/job_started_reg_i_62/CO[3]
                         net (fo=1, routed)           0.000     3.302    checked_product_bank.adapter/reader/job_started_reg_i_62_n_0
    SLICE_X24Y5          CARRY4 (Prop_carry4_CI_CO[3])
                                                      0.117     3.419 r  checked_product_bank.adapter/reader/job_started_reg_i_57/CO[3]
                         net (fo=1, routed)           0.000     3.419    checked_product_bank.adapter/reader/job_started_reg_i_57_n_0
    SLICE_X24Y6          CARRY4 (Prop_carry4_CI_CO[3])
                                                      0.117     3.536 r  checked_product_bank.adapter/reader/job_started_reg_i_48/CO[3]
                         net (fo=1, routed)           0.000     3.536    checked_product_bank.adapter/reader/job_started_reg_i_48_n_0
    SLICE_X24Y7          CARRY4 (Prop_carry4_CI_CO[3])
                                                      0.117     3.653 r  checked_product_bank.adapter/reader/job_started_reg_i_38/CO[3]
                         net (fo=1, routed)           0.000     3.653    checked_product_bank.adapter/reader/job_started_reg_i_38_n_0
    SLICE_X24Y8          CARRY4 (Prop_carry4_CI_CO[3])
                                                      0.117     3.770 r  checked_product_bank.adapter/reader/job_started_reg_i_28/CO[3]
                         net (fo=1, routed)           0.000     3.770    checked_product_bank.adapter/reader/job_started_reg_i_28_n_0
    SLICE_X24Y9          CARRY4 (Prop_carry4_CI_CO[3])
                                                      0.117     3.887 f  checked_product_bank.adapter/reader/job_started_reg_i_22/CO[3]
                         net (fo=1, routed)           0.749     4.636    checked_product_bank.adapter/reader/checked_product_bank.independent_head_identity1
    SLICE_X24Y12         LUT4 (Prop_lut4_I0_O)        0.124     4.760 r  checked_product_bank.adapter/reader/job_started_i_16/O
                         net (fo=1, routed)           0.587     5.348    checked_product_bank.adapter/reader/job_started_i_16_n_0
    SLICE_X23Y12         LUT5 (Prop_lut5_I4_O)        0.124     5.472 r  checked_product_bank.adapter/reader/job_started_i_10/O
                         net (fo=1, routed)           0.573     6.045    checked_product_bank.adapter/reader/job_started_i_10_n_0
    SLICE_X23Y13         LUT5 (Prop_lut5_I4_O)        0.124     6.169 r  checked_product_bank.adapter/reader/job_started_i_7/O
                         net (fo=1, routed)           0.299     6.468    checked_product_bank.adapter/reader/job_started_i_7_n_0
    SLICE_X22Y12         LUT5 (Prop_lut5_I4_O)        0.124     6.592 f  checked_product_bank.adapter/reader/job_started_i_3/O
                         net (fo=2, routed)           0.467     7.059    checked_product_bank.adapter/reader/job_started_i_3_n_0
    SLICE_X23Y12         LUT6 (Prop_lut6_I0_O)        0.124     7.183 f  checked_product_bank.adapter/reader/job_started_i_2/O
                         net (fo=6, routed)           0.344     7.527    checked_product_bank.adapter/reader/product_start_binding
    SLICE_X23Y11         LUT4 (Prop_lut4_I0_O)        0.124     7.651 r  checked_product_bank.adapter/reader/consumer_started_i_2/O
                         net (fo=11, routed)          0.336     7.987    checked_product_bank.adapter/reader/registered_scheduling.held_phase_reg_6
    SLICE_X22Y10         LUT5 (Prop_lut5_I0_O)        0.124     8.111 f  checked_product_bank.adapter/reader/reasons[5]_i_2/O
                         net (fo=2, routed)           0.312     8.423    checked_product_bank.adapter/bank/reasons_reg[15]
    SLICE_X22Y11         LUT6 (Prop_lut6_I5_O)        0.124     8.547 f  checked_product_bank.adapter/bank/reasons[15]_i_4/O
                         net (fo=5, routed)           0.196     8.743    checked_product_bank.adapter/reader/staged.reasons_reg[15]_0
    SLICE_X22Y11         LUT5 (Prop_lut5_I4_O)        0.124     8.867 r  checked_product_bank.adapter/reader/staged.armed_i_2/O
                         net (fo=6, routed)           0.340     9.207    checked_product_bank.adapter/bank/staged.armed_reg_3
    SLICE_X22Y12         LUT6 (Prop_lut6_I3_O)        0.124     9.331 r  checked_product_bank.adapter/bank/reasons[15]_i_3/O
                         net (fo=4, routed)           0.306     9.638    checked_product_bank.adapter/bank/reasons[15]_i_3_n_0
    SLICE_X25Y12         LUT6 (Prop_lut6_I5_O)        0.124     9.762 f  checked_product_bank.adapter/bank/lease_reference[1]_i_3/O
                         net (fo=3, routed)           0.313    10.075    checked_product_bank.adapter/reader/lease_reference_reg[1]_0
    SLICE_X23Y11         LUT6 (Prop_lut6_I5_O)        0.124    10.199 f  checked_product_bank.adapter/reader/producer_reference_i_2/O
                         net (fo=8, routed)           0.355    10.554    checked_product_bank.adapter/reader/reader_reference_reg
    SLICE_X20Y11         LUT6 (Prop_lut6_I5_O)        0.124    10.678 f  checked_product_bank.adapter/reader/staged.reasons[4]_i_3/O
                         net (fo=7, routed)           0.197    10.875    checked_product_bank.adapter/reader/staged.lease_reg[0]
    SLICE_X20Y11         LUT5 (Prop_lut5_I2_O)        0.124    10.999 f  checked_product_bank.adapter/reader/reasons[6]_i_2/O
                         net (fo=2, routed)           0.177    11.176    checked_product_bank.adapter/reader/reasons[6]_i_2_n_0
    SLICE_X20Y11         LUT6 (Prop_lut6_I3_O)        0.124    11.300 f  checked_product_bank.adapter/reader/head[1]_i_6/O
                         net (fo=2, routed)           0.464    11.764    checked_product_bank.adapter/reader/head[1]_i_6_n_0
    SLICE_X21Y10         LUT5 (Prop_lut5_I0_O)        0.124    11.888 f  checked_product_bank.adapter/reader/head[1]_i_5/O
                         net (fo=6, routed)           0.466    12.354    checked_product_bank.adapter/reader/owned_reg_1
    SLICE_X21Y9          LUT3 (Prop_lut3_I1_O)        0.124    12.478 f  checked_product_bank.adapter/reader/checked_product_bank.bound_receipt_i_2/O
                         net (fo=4, routed)           0.323    12.801    checked_product_bank.adapter/reader/checked_product_bank.bound_receipt_i_2_n_0
    SLICE_X19Y9          LUT6 (Prop_lut6_I5_O)        0.124    12.925 f  checked_product_bank.adapter/reader/distributed_fast_fault.causes[8].cause_sticky[8]_i_2/O
                         net (fo=5, routed)           1.038    13.963    checked_product_bank.adapter/bank/p_11_in_alias
    SLICE_X21Y5          LUT6 (Prop_lut6_I4_O)        0.124    14.087 r  checked_product_bank.adapter/bank/expected_metadata[4]_i_1_comp_3/O
                         net (fo=5, routed)           0.334    14.421    checked_product_bank.adapter/bank_n_105
    SLICE_X21Y3          FDCE                                         r  checked_product_bank.adapter/expected_metadata_reg[3]/CE
  -------------------------------------------------------------------    -------------------

                         (clock island_175 rise edge)
                                                      5.714     5.714 r  
                                                      0.000     5.714 r  fft_clk (IN)
                         net (fo=5249, unset)         0.924     6.638    checked_product_bank.adapter/fft_clk
    SLICE_X21Y3          FDCE                                         r  checked_product_bank.adapter/expected_metadata_reg[3]/C
                         clock pessimism              0.000     6.638    
                         clock uncertainty           -0.035     6.603    
    SLICE_X21Y3          FDCE (Setup_fdce_C_CE)      -0.205     6.398    checked_product_bank.adapter/expected_metadata_reg[3]
  -------------------------------------------------------------------
                         required time                          6.398    
                         arrival time                         -14.421    
  -------------------------------------------------------------------
                         slack                                 -8.023    

Slack (VIOLATED) :        -8.023ns  (required time - arrival time)
  Source:                 registered_scheduling.expected_product_metadata_reg[0]/C
                            (rising edge-triggered cell FDRE clocked by island_175  {rise@0.000ns fall@2.857ns period=5.714ns})
  Destination:            checked_product_bank.adapter/expected_metadata_reg[4]/CE
                            (rising edge-triggered cell FDCE clocked by island_175  {rise@0.000ns fall@2.857ns period=5.714ns})
  Path Group:             island_175
  Path Type:              Setup (Max at Slow Process Corner)
  Requirement:            5.714ns  (island_175 rise@5.714ns - island_175 rise@0.000ns)
  Data Path Delay:        13.448ns  (logic 4.034ns (29.997%)  route 9.414ns (70.003%))
  Logic Levels:           26  (CARRY4=6 LUT3=1 LUT4=2 LUT5=7 LUT6=10)
  Clock Path Skew:        -0.049ns (DCD - SCD + CPR)
    Destination Clock Delay (DCD):    0.924ns = ( 6.638 - 5.714 ) 
    Source Clock Delay      (SCD):    0.973ns
    Clock Pessimism Removal (CPR):    0.000ns
  Clock Uncertainty:      0.035ns  ((TSJ^2 + TIJ^2)^1/2 + DJ) / 2 + PE
    Total System Jitter     (TSJ):    0.071ns
    Total Input Jitter      (TIJ):    0.000ns
    Discrete Jitter          (DJ):    0.000ns
    Phase Error              (PE):    0.000ns

    Location             Delay type                Incr(ns)  Path(ns)    Netlist Resource(s)
  -------------------------------------------------------------------    -------------------
                         (clock island_175 rise edge)
                                                      0.000     0.000 r  
                                                      0.000     0.000 r  fft_clk (IN)
                         net (fo=5249, unset)         0.973     0.973    fft_clk
    SLICE_X25Y2          FDRE                                         r  registered_scheduling.expected_product_metadata_reg[0]/C
  -------------------------------------------------------------------    -------------------
    SLICE_X25Y2          FDRE (Prop_fdre_C_Q)         0.456     1.429 r  registered_scheduling.expected_product_metadata_reg[0]/Q
                         net (fo=3, routed)           1.236     2.665    checked_product_bank.adapter/reader/job_started_reg_i_62_1
    SLICE_X24Y4          LUT6 (Prop_lut6_I2_O)        0.124     2.789 r  checked_product_bank.adapter/reader/job_started_i_70/O
                         net (fo=1, routed)           0.000     2.789    checked_product_bank.adapter/reader/job_started_i_70_n_0
    SLICE_X24Y4          CARRY4 (Prop_carry4_S[0]_CO[3])
                                                      0.513     3.302 r  checked_product_bank.adapter/reader/job_started_reg_i_62/CO[3]
                         net (fo=1, routed)           0.000     3.302    checked_product_bank.adapter/reader/job_started_reg_i_62_n_0
    SLICE_X24Y5          CARRY4 (Prop_carry4_CI_CO[3])
                                                      0.117     3.419 r  checked_product_bank.adapter/reader/job_started_reg_i_57/CO[3]
                         net (fo=1, routed)           0.000     3.419    checked_product_bank.adapter/reader/job_started_reg_i_57_n_0
    SLICE_X24Y6          CARRY4 (Prop_carry4_CI_CO[3])
                                                      0.117     3.536 r  checked_product_bank.adapter/reader/job_started_reg_i_48/CO[3]
                         net (fo=1, routed)           0.000     3.536    checked_product_bank.adapter/reader/job_started_reg_i_48_n_0
    SLICE_X24Y7          CARRY4 (Prop_carry4_CI_CO[3])
                                                      0.117     3.653 r  checked_product_bank.adapter/reader/job_started_reg_i_38/CO[3]
                         net (fo=1, routed)           0.000     3.653    checked_product_bank.adapter/reader/job_started_reg_i_38_n_0
    SLICE_X24Y8          CARRY4 (Prop_carry4_CI_CO[3])
                                                      0.117     3.770 r  checked_product_bank.adapter/reader/job_started_reg_i_28/CO[3]
                         net (fo=1, routed)           0.000     3.770    checked_product_bank.adapter/reader/job_started_reg_i_28_n_0
    SLICE_X24Y9          CARRY4 (Prop_carry4_CI_CO[3])
                                                      0.117     3.887 f  checked_product_bank.adapter/reader/job_started_reg_i_22/CO[3]
                         net (fo=1, routed)           0.749     4.636    checked_product_bank.adapter/reader/checked_product_bank.independent_head_identity1
    SLICE_X24Y12         LUT4 (Prop_lut4_I0_O)        0.124     4.760 r  checked_product_bank.adapter/reader/job_started_i_16/O
                         net (fo=1, routed)           0.587     5.348    checked_product_bank.adapter/reader/job_started_i_16_n_0
    SLICE_X23Y12         LUT5 (Prop_lut5_I4_O)        0.124     5.472 r  checked_product_bank.adapter/reader/job_started_i_10/O
                         net (fo=1, routed)           0.573     6.045    checked_product_bank.adapter/reader/job_started_i_10_n_0
    SLICE_X23Y13         LUT5 (Prop_lut5_I4_O)        0.124     6.169 r  checked_product_bank.adapter/reader/job_started_i_7/O
                         net (fo=1, routed)           0.299     6.468    checked_product_bank.adapter/reader/job_started_i_7_n_0
    SLICE_X22Y12         LUT5 (Prop_lut5_I4_O)        0.124     6.592 f  checked_product_bank.adapter/reader/job_started_i_3/O
                         net (fo=2, routed)           0.467     7.059    checked_product_bank.adapter/reader/job_started_i_3_n_0
    SLICE_X23Y12         LUT6 (Prop_lut6_I0_O)        0.124     7.183 f  checked_product_bank.adapter/reader/job_started_i_2/O
                         net (fo=6, routed)           0.344     7.527    checked_product_bank.adapter/reader/product_start_binding
    SLICE_X23Y11         LUT4 (Prop_lut4_I0_O)        0.124     7.651 r  checked_product_bank.adapter/reader/consumer_started_i_2/O
                         net (fo=11, routed)          0.336     7.987    checked_product_bank.adapter/reader/registered_scheduling.held_phase_reg_6
    SLICE_X22Y10         LUT5 (Prop_lut5_I0_O)        0.124     8.111 f  checked_product_bank.adapter/reader/reasons[5]_i_2/O
                         net (fo=2, routed)           0.312     8.423    checked_product_bank.adapter/bank/reasons_reg[15]
    SLICE_X22Y11         LUT6 (Prop_lut6_I5_O)        0.124     8.547 f  checked_product_bank.adapter/bank/reasons[15]_i_4/O
                         net (fo=5, routed)           0.196     8.743    checked_product_bank.adapter/reader/staged.reasons_reg[15]_0
    SLICE_X22Y11         LUT5 (Prop_lut5_I4_O)        0.124     8.867 r  checked_product_bank.adapter/reader/staged.armed_i_2/O
                         net (fo=6, routed)           0.340     9.207    checked_product_bank.adapter/bank/staged.armed_reg_3
    SLICE_X22Y12         LUT6 (Prop_lut6_I3_O)        0.124     9.331 r  checked_product_bank.adapter/bank/reasons[15]_i_3/O
                         net (fo=4, routed)           0.306     9.638    checked_product_bank.adapter/bank/reasons[15]_i_3_n_0
    SLICE_X25Y12         LUT6 (Prop_lut6_I5_O)        0.124     9.762 f  checked_product_bank.adapter/bank/lease_reference[1]_i_3/O
                         net (fo=3, routed)           0.313    10.075    checked_product_bank.adapter/reader/lease_reference_reg[1]_0
    SLICE_X23Y11         LUT6 (Prop_lut6_I5_O)        0.124    10.199 f  checked_product_bank.adapter/reader/producer_reference_i_2/O
                         net (fo=8, routed)           0.355    10.554    checked_product_bank.adapter/reader/reader_reference_reg
    SLICE_X20Y11         LUT6 (Prop_lut6_I5_O)        0.124    10.678 f  checked_product_bank.adapter/reader/staged.reasons[4]_i_3/O
                         net (fo=7, routed)           0.197    10.875    checked_product_bank.adapter/reader/staged.lease_reg[0]
    SLICE_X20Y11         LUT5 (Prop_lut5_I2_O)        0.124    10.999 f  checked_product_bank.adapter/reader/reasons[6]_i_2/O
                         net (fo=2, routed)           0.177    11.176    checked_product_bank.adapter/reader/reasons[6]_i_2_n_0
    SLICE_X20Y11         LUT6 (Prop_lut6_I3_O)        0.124    11.300 f  checked_product_bank.adapter/reader/head[1]_i_6/O
                         net (fo=2, routed)           0.464    11.764    checked_product_bank.adapter/reader/head[1]_i_6_n_0
    SLICE_X21Y10         LUT5 (Prop_lut5_I0_O)        0.124    11.888 f  checked_product_bank.adapter/reader/head[1]_i_5/O
                         net (fo=6, routed)           0.466    12.354    checked_product_bank.adapter/reader/owned_reg_1
    SLICE_X21Y9          LUT3 (Prop_lut3_I1_O)        0.124    12.478 f  checked_product_bank.adapter/reader/checked_product_bank.bound_receipt_i_2/O
                         net (fo=4, routed)           0.323    12.801    checked_product_bank.adapter/reader/checked_product_bank.bound_receipt_i_2_n_0
    SLICE_X19Y9          LUT6 (Prop_lut6_I5_O)        0.124    12.925 f  checked_product_bank.adapter/reader/distributed_fast_fault.causes[8].cause_sticky[8]_i_2/O
                         net (fo=5, routed)           1.038    13.963    checked_product_bank.adapter/bank/p_11_in_alias
    SLICE_X21Y5          LUT6 (Prop_lut6_I4_O)        0.124    14.087 r  checked_product_bank.adapter/bank/expected_metadata[4]_i_1_comp_3/O
                         net (fo=5, routed)           0.334    14.421    checked_product_bank.adapter/bank_n_105
    SLICE_X21Y3          FDCE                                         r  checked_product_bank.adapter/expected_metadata_reg[4]/CE
  -------------------------------------------------------------------    -------------------

                         (clock island_175 rise edge)
                                                      5.714     5.714 r  
                                                      0.000     5.714 r  fft_clk (IN)
                         net (fo=5249, unset)         0.924     6.638    checked_product_bank.adapter/fft_clk
    SLICE_X21Y3          FDCE                                         r  checked_product_bank.adapter/expected_metadata_reg[4]/C
                         clock pessimism              0.000     6.638    
                         clock uncertainty           -0.035     6.603    
    SLICE_X21Y3          FDCE (Setup_fdce_C_CE)      -0.205     6.398    checked_product_bank.adapter/expected_metadata_reg[4]
  -------------------------------------------------------------------
                         required time                          6.398    
                         arrival time                         -14.421    
  -------------------------------------------------------------------
                         slack                                 -8.023    

Slack (VIOLATED) :        -7.991ns  (required time - arrival time)
  Source:                 registered_scheduling.expected_product_metadata_reg[0]/C
                            (rising edge-triggered cell FDRE clocked by island_175  {rise@0.000ns fall@2.857ns period=5.714ns})
  Destination:            registered_scheduling.completion_receipt_reg/D
                            (rising edge-triggered cell FDRE clocked by island_175  {rise@0.000ns fall@2.857ns period=5.714ns})
  Path Group:             island_175
  Path Type:              Setup (Max at Slow Process Corner)
  Requirement:            5.714ns  (island_175 rise@5.714ns - island_175 rise@0.000ns)
  Data Path Delay:        13.698ns  (logic 4.158ns (30.354%)  route 9.540ns (69.646%))
  Logic Levels:           27  (CARRY4=6 LUT3=1 LUT4=2 LUT5=8 LUT6=10)
  Clock Path Skew:        -0.049ns (DCD - SCD + CPR)
    Destination Clock Delay (DCD):    0.924ns = ( 6.638 - 5.714 ) 
    Source Clock Delay      (SCD):    0.973ns
    Clock Pessimism Removal (CPR):    0.000ns
  Clock Uncertainty:      0.035ns  ((TSJ^2 + TIJ^2)^1/2 + DJ) / 2 + PE
    Total System Jitter     (TSJ):    0.071ns
    Total Input Jitter      (TIJ):    0.000ns
    Discrete Jitter          (DJ):    0.000ns
    Phase Error              (PE):    0.000ns

    Location             Delay type                Incr(ns)  Path(ns)    Netlist Resource(s)
  -------------------------------------------------------------------    -------------------
                         (clock island_175 rise edge)
                                                      0.000     0.000 r  
                                                      0.000     0.000 r  fft_clk (IN)
                         net (fo=5249, unset)         0.973     0.973    fft_clk
    SLICE_X25Y2          FDRE                                         r  registered_scheduling.expected_product_metadata_reg[0]/C
  -------------------------------------------------------------------    -------------------
    SLICE_X25Y2          FDRE (Prop_fdre_C_Q)         0.456     1.429 r  registered_scheduling.expected_product_metadata_reg[0]/Q
                         net (fo=3, routed)           1.236     2.665    checked_product_bank.adapter/reader/job_started_reg_i_62_1
    SLICE_X24Y4          LUT6 (Prop_lut6_I2_O)        0.124     2.789 r  checked_product_bank.adapter/reader/job_started_i_70/O
                         net (fo=1, routed)           0.000     2.789    checked_product_bank.adapter/reader/job_started_i_70_n_0
    SLICE_X24Y4          CARRY4 (Prop_carry4_S[0]_CO[3])
                                                      0.513     3.302 r  checked_product_bank.adapter/reader/job_started_reg_i_62/CO[3]
                         net (fo=1, routed)           0.000     3.302    checked_product_bank.adapter/reader/job_started_reg_i_62_n_0
    SLICE_X24Y5          CARRY4 (Prop_carry4_CI_CO[3])
                                                      0.117     3.419 r  checked_product_bank.adapter/reader/job_started_reg_i_57/CO[3]
                         net (fo=1, routed)           0.000     3.419    checked_product_bank.adapter/reader/job_started_reg_i_57_n_0
    SLICE_X24Y6          CARRY4 (Prop_carry4_CI_CO[3])
                                                      0.117     3.536 r  checked_product_bank.adapter/reader/job_started_reg_i_48/CO[3]
                         net (fo=1, routed)           0.000     3.536    checked_product_bank.adapter/reader/job_started_reg_i_48_n_0
    SLICE_X24Y7          CARRY4 (Prop_carry4_CI_CO[3])
                                                      0.117     3.653 r  checked_product_bank.adapter/reader/job_started_reg_i_38/CO[3]
                         net (fo=1, routed)           0.000     3.653    checked_product_bank.adapter/reader/job_started_reg_i_38_n_0
    SLICE_X24Y8          CARRY4 (Prop_carry4_CI_CO[3])
                                                      0.117     3.770 r  checked_product_bank.adapter/reader/job_started_reg_i_28/CO[3]
                         net (fo=1, routed)           0.000     3.770    checked_product_bank.adapter/reader/job_started_reg_i_28_n_0
    SLICE_X24Y9          CARRY4 (Prop_carry4_CI_CO[3])
                                                      0.117     3.887 f  checked_product_bank.adapter/reader/job_started_reg_i_22/CO[3]
                         net (fo=1, routed)           0.749     4.636    checked_product_bank.adapter/reader/checked_product_bank.independent_head_identity1
    SLICE_X24Y12         LUT4 (Prop_lut4_I0_O)        0.124     4.760 r  checked_product_bank.adapter/reader/job_started_i_16/O
                         net (fo=1, routed)           0.587     5.348    checked_product_bank.adapter/reader/job_started_i_16_n_0
    SLICE_X23Y12         LUT5 (Prop_lut5_I4_O)        0.124     5.472 r  checked_product_bank.adapter/reader/job_started_i_10/O
                         net (fo=1, routed)           0.573     6.045    checked_product_bank.adapter/reader/job_started_i_10_n_0
    SLICE_X23Y13         LUT5 (Prop_lut5_I4_O)        0.124     6.169 r  checked_product_bank.adapter/reader/job_started_i_7/O
                         net (fo=1, routed)           0.299     6.468    checked_product_bank.adapter/reader/job_started_i_7_n_0
    SLICE_X22Y12         LUT5 (Prop_lut5_I4_O)        0.124     6.592 f  checked_product_bank.adapter/reader/job_started_i_3/O
                         net (fo=2, routed)           0.467     7.059    checked_product_bank.adapter/reader/job_started_i_3_n_0
    SLICE_X23Y12         LUT6 (Prop_lut6_I0_O)        0.124     7.183 f  checked_product_bank.adapter/reader/job_started_i_2/O
                         net (fo=6, routed)           0.344     7.527    checked_product_bank.adapter/reader/product_start_binding
    SLICE_X23Y11         LUT4 (Prop_lut4_I0_O)        0.124     7.651 r  checked_product_bank.adapter/reader/consumer_started_i_2/O
                         net (fo=11, routed)          0.336     7.987    checked_product_bank.adapter/reader/registered_scheduling.held_phase_reg_6
    SLICE_X22Y10         LUT5 (Prop_lut5_I0_O)        0.124     8.111 f  checked_product_bank.adapter/reader/reasons[5]_i_2/O
                         net (fo=2, routed)           0.312     8.423    checked_product_bank.adapter/bank/reasons_reg[15]
    SLICE_X22Y11         LUT6 (Prop_lut6_I5_O)        0.124     8.547 f  checked_product_bank.adapter/bank/reasons[15]_i_4/O
                         net (fo=5, routed)           0.196     8.743    checked_product_bank.adapter/reader/staged.reasons_reg[15]_0
    SLICE_X22Y11         LUT5 (Prop_lut5_I4_O)        0.124     8.867 r  checked_product_bank.adapter/reader/staged.armed_i_2/O
                         net (fo=6, routed)           0.340     9.207    checked_product_bank.adapter/bank/staged.armed_reg_3
    SLICE_X22Y12         LUT6 (Prop_lut6_I3_O)        0.124     9.331 r  checked_product_bank.adapter/bank/reasons[15]_i_3/O
                         net (fo=4, routed)           0.306     9.638    checked_product_bank.adapter/bank/reasons[15]_i_3_n_0
    SLICE_X25Y12         LUT6 (Prop_lut6_I5_O)        0.124     9.762 f  checked_product_bank.adapter/bank/lease_reference[1]_i_3/O
                         net (fo=3, routed)           0.313    10.075    checked_product_bank.adapter/reader/lease_reference_reg[1]_0
    SLICE_X23Y11         LUT6 (Prop_lut6_I5_O)        0.124    10.199 f  checked_product_bank.adapter/reader/producer_reference_i_2/O
                         net (fo=8, routed)           0.355    10.554    checked_product_bank.adapter/reader/reader_reference_reg
    SLICE_X20Y11         LUT6 (Prop_lut6_I5_O)        0.124    10.678 f  checked_product_bank.adapter/reader/staged.reasons[4]_i_3/O
                         net (fo=7, routed)           0.197    10.875    checked_product_bank.adapter/reader/staged.lease_reg[0]
    SLICE_X20Y11         LUT5 (Prop_lut5_I2_O)        0.124    10.999 f  checked_product_bank.adapter/reader/reasons[6]_i_2/O
                         net (fo=2, routed)           0.177    11.176    checked_product_bank.adapter/reader/reasons[6]_i_2_n_0
    SLICE_X20Y11         LUT6 (Prop_lut6_I3_O)        0.124    11.300 f  checked_product_bank.adapter/reader/head[1]_i_6/O
                         net (fo=2, routed)           0.464    11.764    checked_product_bank.adapter/reader/head[1]_i_6_n_0
    SLICE_X21Y10         LUT5 (Prop_lut5_I0_O)        0.124    11.888 f  checked_product_bank.adapter/reader/head[1]_i_5/O
                         net (fo=6, routed)           0.466    12.354    checked_product_bank.adapter/reader/owned_reg_1
    SLICE_X21Y9          LUT3 (Prop_lut3_I1_O)        0.124    12.478 f  checked_product_bank.adapter/reader/checked_product_bank.bound_receipt_i_2/O
                         net (fo=4, routed)           0.323    12.801    checked_product_bank.adapter/reader/checked_product_bank.bound_receipt_i_2_n_0
    SLICE_X19Y9          LUT6 (Prop_lut6_I5_O)        0.124    12.925 f  checked_product_bank.adapter/reader/distributed_fast_fault.causes[8].cause_sticky[8]_i_2/O
                         net (fo=5, routed)           0.609    13.534    checked_product_bank.adapter/reader/p_11_in
    SLICE_X19Y6          LUT5 (Prop_lut5_I0_O)        0.124    13.658 r  checked_product_bank.adapter/reader/fault_reasons[0]_i_3/O
                         net (fo=8, routed)           0.890    14.547    checked_product_bank.adapter/reader/fault_reasons[0]_i_3_n_0
    SLICE_X16Y7          LUT6 (Prop_lut6_I2_O)        0.124    14.671 r  checked_product_bank.adapter/reader/registered_scheduling.completion_receipt_i_1_comp_2/O
                         net (fo=1, routed)           0.000    14.671    completion_accept
    SLICE_X16Y7          FDRE                                         r  registered_scheduling.completion_receipt_reg/D
  -------------------------------------------------------------------    -------------------

                         (clock island_175 rise edge)
                                                      5.714     5.714 r  
                                                      0.000     5.714 r  fft_clk (IN)
                         net (fo=5249, unset)         0.924     6.638    fft_clk
    SLICE_X16Y7          FDRE                                         r  registered_scheduling.completion_receipt_reg/C
                         clock pessimism              0.000     6.638    
                         clock uncertainty           -0.035     6.603    
    SLICE_X16Y7          FDRE (Setup_fdre_C_D)        0.077     6.680    registered_scheduling.completion_receipt_reg
  -------------------------------------------------------------------
                         required time                          6.680    
                         arrival time                         -14.671    
  -------------------------------------------------------------------
                         slack                                 -7.991    




