Copyright 1986-2022 Xilinx, Inc. All Rights Reserved.
------------------------------------------------------------------------------------------------------------------------------------------------------------------------------------------------------------------------------------
| Tool Version : Vivado v.2022.2 (lin64) Build 3671981 Fri Oct 14 04:59:54 MDT 2022
| Date         : Thu Sep 10 05:14:13 2026
| Host         : gauss running 64-bit Ubuntu 26.04 LTS
| Command      : report_timing -to {joiner/kernel_rom/expected_next_block_start[63]_i_1/O} -delay_type max -max_paths 20 -file /tmp/starlink-completed-input.5EaJuD/forward-retirement-inventory-route-v1/kernel_ce_group_0_max.rpt
| Design       : starlink_pss_fft_bank_owned_slice
| Device       : 7z010-clg400
| Speed File   : -1  PRODUCTION 1.12 2019-11-22
------------------------------------------------------------------------------------------------------------------------------------------------------------------------------------------------------------------------------------

Timing Report

Slack (VIOLATED) :        -1.719ns  (required time - arrival time)
  Source:                 result_guard/fault_reasons_reg[1]/C
                            (rising edge-triggered cell FDCE clocked by island_175  {rise@0.000ns fall@2.857ns period=5.714ns})
  Destination:            joiner/kernel_rom/expected_next_block_start_reg[12]/CE
                            (rising edge-triggered cell FDRE clocked by island_175  {rise@0.000ns fall@2.857ns period=5.714ns})
  Path Group:             island_175
  Path Type:              Setup (Max at Slow Process Corner)
  Requirement:            5.714ns  (island_175 rise@5.714ns - island_175 rise@0.000ns)
  Data Path Delay:        7.180ns  (logic 1.696ns (23.620%)  route 5.484ns (76.380%))
  Logic Levels:           10  (LUT3=1 LUT4=3 LUT5=3 LUT6=3)
  Clock Path Skew:        -0.049ns (DCD - SCD + CPR)
    Destination Clock Delay (DCD):    0.924ns = ( 6.638 - 5.714 ) 
    Source Clock Delay      (SCD):    0.973ns
    Clock Pessimism Removal (CPR):    0.000ns
  Clock Uncertainty:      0.035ns  ((TSJ^2 + TIJ^2)^1/2 + DJ) / 2 + PE
    Total System Jitter     (TSJ):    0.071ns
    Total Input Jitter      (TIJ):    0.000ns
    Discrete Jitter          (DJ):    0.000ns
    Phase Error              (PE):    0.000ns

    Location             Delay type                Incr(ns)  Path(ns)    Netlist Resource(s)
  -------------------------------------------------------------------    -------------------
                         (clock island_175 rise edge)
                                                      0.000     0.000 r  
                                                      0.000     0.000 r  fft_clk (IN)
                         net (fo=4716, unset)         0.973     0.973    result_guard/fft_clk
    SLICE_X14Y6          FDCE                                         r  result_guard/fault_reasons_reg[1]/C
  -------------------------------------------------------------------    -------------------
    SLICE_X14Y6          FDCE (Prop_fdce_C_Q)         0.456     1.429 r  result_guard/fault_reasons_reg[1]/Q
                         net (fo=2, routed)           0.999     2.428    result_guard/fault_reasons_reg_n_0_[1]
    SLICE_X15Y6          LUT4 (Prop_lut4_I0_O)        0.124     2.552 r  result_guard/status_exponent[4]_i_3/O
                         net (fo=2, routed)           0.302     2.854    result_guard/status_exponent[4]_i_3_n_0
    SLICE_X15Y6          LUT5 (Prop_lut5_I4_O)        0.124     2.978 r  result_guard/output_count[9]_i_3/O
                         net (fo=12, routed)          0.373     3.351    result_guard/fault_reasons_reg[6]_1
    SLICE_X16Y7          LUT6 (Prop_lut6_I0_O)        0.124     3.475 r  result_guard/descriptor[69]_i_2__0/O
                         net (fo=9, routed)           0.431     3.906    input_guard/registered_quarantine
    SLICE_X19Y7          LUT4 (Prop_lut4_I3_O)        0.124     4.030 f  input_guard/fault_reasons[2]_i_3/O
                         net (fo=7, routed)           0.781     4.811    result_guard/output_kernel_word_reg_i_6
    SLICE_X22Y4          LUT4 (Prop_lut4_I2_O)        0.124     4.935 f  result_guard/commit_pulse_i_9/O
                         net (fo=1, routed)           0.280     5.215    product_bank/commit_pulse_i_3
    SLICE_X22Y4          LUT5 (Prop_lut5_I1_O)        0.124     5.339 f  product_bank/commit_pulse_i_6/O
                         net (fo=3, routed)           0.313     5.652    product_bank/registered_scheduling.engine_output_reserved_reg_0
    SLICE_X25Y4          LUT3 (Prop_lut3_I1_O)        0.124     5.776 r  product_bank/output_kernel_word_reg_i_6/O
                         net (fo=1, routed)           0.285     6.061    result_guard/output_block_exponent_reg[0]_0
    SLICE_X23Y4          LUT6 (Prop_lut6_I5_O)        0.124     6.185 r  result_guard/output_kernel_word_reg_i_2/O
                         net (fo=4, routed)           0.607     6.792    result_guard/output_kernel_word_reg_i_2_n_0
    SLICE_X21Y4          LUT5 (Prop_lut5_I0_O)        0.124     6.916 r  result_guard/expected_bin_index[8]_i_1/O
                         net (fo=89, routed)          0.372     7.289    joiner/kernel_rom/output_block_exponent_reg[0]_0
    SLICE_X21Y5          LUT6 (Prop_lut6_I0_O)        0.124     7.413 r  joiner/kernel_rom/expected_next_block_start[63]_i_1/O
                         net (fo=65, routed)          0.741     8.153    joiner/kernel_rom/have_previous_block
    SLICE_X20Y2          FDRE                                         r  joiner/kernel_rom/expected_next_block_start_reg[12]/CE
  -------------------------------------------------------------------    -------------------

                         (clock island_175 rise edge)
                                                      5.714     5.714 r  
                                                      0.000     5.714 r  fft_clk (IN)
                         net (fo=4716, unset)         0.924     6.638    joiner/kernel_rom/fft_clk
    SLICE_X20Y2          FDRE                                         r  joiner/kernel_rom/expected_next_block_start_reg[12]/C
                         clock pessimism              0.000     6.638    
                         clock uncertainty           -0.035     6.603    
    SLICE_X20Y2          FDRE (Setup_fdre_C_CE)      -0.169     6.434    joiner/kernel_rom/expected_next_block_start_reg[12]
  -------------------------------------------------------------------
                         required time                          6.434    
                         arrival time                          -8.153    
  -------------------------------------------------------------------
                         slack                                 -1.719    

Slack (VIOLATED) :        -1.719ns  (required time - arrival time)
  Source:                 result_guard/fault_reasons_reg[1]/C
                            (rising edge-triggered cell FDCE clocked by island_175  {rise@0.000ns fall@2.857ns period=5.714ns})
  Destination:            joiner/kernel_rom/expected_next_block_start_reg[9]/CE
                            (rising edge-triggered cell FDRE clocked by island_175  {rise@0.000ns fall@2.857ns period=5.714ns})
  Path Group:             island_175
  Path Type:              Setup (Max at Slow Process Corner)
  Requirement:            5.714ns  (island_175 rise@5.714ns - island_175 rise@0.000ns)
  Data Path Delay:        7.180ns  (logic 1.696ns (23.620%)  route 5.484ns (76.380%))
  Logic Levels:           10  (LUT3=1 LUT4=3 LUT5=3 LUT6=3)
  Clock Path Skew:        -0.049ns (DCD - SCD + CPR)
    Destination Clock Delay (DCD):    0.924ns = ( 6.638 - 5.714 ) 
    Source Clock Delay      (SCD):    0.973ns
    Clock Pessimism Removal (CPR):    0.000ns
  Clock Uncertainty:      0.035ns  ((TSJ^2 + TIJ^2)^1/2 + DJ) / 2 + PE
    Total System Jitter     (TSJ):    0.071ns
    Total Input Jitter      (TIJ):    0.000ns
    Discrete Jitter          (DJ):    0.000ns
    Phase Error              (PE):    0.000ns

    Location             Delay type                Incr(ns)  Path(ns)    Netlist Resource(s)
  -------------------------------------------------------------------    -------------------
                         (clock island_175 rise edge)
                                                      0.000     0.000 r  
                                                      0.000     0.000 r  fft_clk (IN)
                         net (fo=4716, unset)         0.973     0.973    result_guard/fft_clk
    SLICE_X14Y6          FDCE                                         r  result_guard/fault_reasons_reg[1]/C
  -------------------------------------------------------------------    -------------------
    SLICE_X14Y6          FDCE (Prop_fdce_C_Q)         0.456     1.429 r  result_guard/fault_reasons_reg[1]/Q
                         net (fo=2, routed)           0.999     2.428    result_guard/fault_reasons_reg_n_0_[1]
    SLICE_X15Y6          LUT4 (Prop_lut4_I0_O)        0.124     2.552 r  result_guard/status_exponent[4]_i_3/O
                         net (fo=2, routed)           0.302     2.854    result_guard/status_exponent[4]_i_3_n_0
    SLICE_X15Y6          LUT5 (Prop_lut5_I4_O)        0.124     2.978 r  result_guard/output_count[9]_i_3/O
                         net (fo=12, routed)          0.373     3.351    result_guard/fault_reasons_reg[6]_1
    SLICE_X16Y7          LUT6 (Prop_lut6_I0_O)        0.124     3.475 r  result_guard/descriptor[69]_i_2__0/O
                         net (fo=9, routed)           0.431     3.906    input_guard/registered_quarantine
    SLICE_X19Y7          LUT4 (Prop_lut4_I3_O)        0.124     4.030 f  input_guard/fault_reasons[2]_i_3/O
                         net (fo=7, routed)           0.781     4.811    result_guard/output_kernel_word_reg_i_6
    SLICE_X22Y4          LUT4 (Prop_lut4_I2_O)        0.124     4.935 f  result_guard/commit_pulse_i_9/O
                         net (fo=1, routed)           0.280     5.215    product_bank/commit_pulse_i_3
    SLICE_X22Y4          LUT5 (Prop_lut5_I1_O)        0.124     5.339 f  product_bank/commit_pulse_i_6/O
                         net (fo=3, routed)           0.313     5.652    product_bank/registered_scheduling.engine_output_reserved_reg_0
    SLICE_X25Y4          LUT3 (Prop_lut3_I1_O)        0.124     5.776 r  product_bank/output_kernel_word_reg_i_6/O
                         net (fo=1, routed)           0.285     6.061    result_guard/output_block_exponent_reg[0]_0
    SLICE_X23Y4          LUT6 (Prop_lut6_I5_O)        0.124     6.185 r  result_guard/output_kernel_word_reg_i_2/O
                         net (fo=4, routed)           0.607     6.792    result_guard/output_kernel_word_reg_i_2_n_0
    SLICE_X21Y4          LUT5 (Prop_lut5_I0_O)        0.124     6.916 r  result_guard/expected_bin_index[8]_i_1/O
                         net (fo=89, routed)          0.372     7.289    joiner/kernel_rom/output_block_exponent_reg[0]_0
    SLICE_X21Y5          LUT6 (Prop_lut6_I0_O)        0.124     7.413 r  joiner/kernel_rom/expected_next_block_start[63]_i_1/O
                         net (fo=65, routed)          0.741     8.153    joiner/kernel_rom/have_previous_block
    SLICE_X20Y2          FDRE                                         r  joiner/kernel_rom/expected_next_block_start_reg[9]/CE
  -------------------------------------------------------------------    -------------------

                         (clock island_175 rise edge)
                                                      5.714     5.714 r  
                                                      0.000     5.714 r  fft_clk (IN)
                         net (fo=4716, unset)         0.924     6.638    joiner/kernel_rom/fft_clk
    SLICE_X20Y2          FDRE                                         r  joiner/kernel_rom/expected_next_block_start_reg[9]/C
                         clock pessimism              0.000     6.638    
                         clock uncertainty           -0.035     6.603    
    SLICE_X20Y2          FDRE (Setup_fdre_C_CE)      -0.169     6.434    joiner/kernel_rom/expected_next_block_start_reg[9]
  -------------------------------------------------------------------
                         required time                          6.434    
                         arrival time                          -8.153    
  -------------------------------------------------------------------
                         slack                                 -1.719    

Slack (VIOLATED) :        -1.682ns  (required time - arrival time)
  Source:                 result_guard/fault_reasons_reg[1]/C
                            (rising edge-triggered cell FDCE clocked by island_175  {rise@0.000ns fall@2.857ns period=5.714ns})
  Destination:            joiner/kernel_rom/expected_next_block_start_reg[37]/CE
                            (rising edge-triggered cell FDRE clocked by island_175  {rise@0.000ns fall@2.857ns period=5.714ns})
  Path Group:             island_175
  Path Type:              Setup (Max at Slow Process Corner)
  Requirement:            5.714ns  (island_175 rise@5.714ns - island_175 rise@0.000ns)
  Data Path Delay:        7.143ns  (logic 1.696ns (23.744%)  route 5.447ns (76.256%))
  Logic Levels:           10  (LUT3=1 LUT4=3 LUT5=3 LUT6=3)
  Clock Path Skew:        -0.049ns (DCD - SCD + CPR)
    Destination Clock Delay (DCD):    0.924ns = ( 6.638 - 5.714 ) 
    Source Clock Delay      (SCD):    0.973ns
    Clock Pessimism Removal (CPR):    0.000ns
  Clock Uncertainty:      0.035ns  ((TSJ^2 + TIJ^2)^1/2 + DJ) / 2 + PE
    Total System Jitter     (TSJ):    0.071ns
    Total Input Jitter      (TIJ):    0.000ns
    Discrete Jitter          (DJ):    0.000ns
    Phase Error              (PE):    0.000ns

    Location             Delay type                Incr(ns)  Path(ns)    Netlist Resource(s)
  -------------------------------------------------------------------    -------------------
                         (clock island_175 rise edge)
                                                      0.000     0.000 r  
                                                      0.000     0.000 r  fft_clk (IN)
                         net (fo=4716, unset)         0.973     0.973    result_guard/fft_clk
    SLICE_X14Y6          FDCE                                         r  result_guard/fault_reasons_reg[1]/C
  -------------------------------------------------------------------    -------------------
    SLICE_X14Y6          FDCE (Prop_fdce_C_Q)         0.456     1.429 r  result_guard/fault_reasons_reg[1]/Q
                         net (fo=2, routed)           0.999     2.428    result_guard/fault_reasons_reg_n_0_[1]
    SLICE_X15Y6          LUT4 (Prop_lut4_I0_O)        0.124     2.552 r  result_guard/status_exponent[4]_i_3/O
                         net (fo=2, routed)           0.302     2.854    result_guard/status_exponent[4]_i_3_n_0
    SLICE_X15Y6          LUT5 (Prop_lut5_I4_O)        0.124     2.978 r  result_guard/output_count[9]_i_3/O
                         net (fo=12, routed)          0.373     3.351    result_guard/fault_reasons_reg[6]_1
    SLICE_X16Y7          LUT6 (Prop_lut6_I0_O)        0.124     3.475 r  result_guard/descriptor[69]_i_2__0/O
                         net (fo=9, routed)           0.431     3.906    input_guard/registered_quarantine
    SLICE_X19Y7          LUT4 (Prop_lut4_I3_O)        0.124     4.030 f  input_guard/fault_reasons[2]_i_3/O
                         net (fo=7, routed)           0.781     4.811    result_guard/output_kernel_word_reg_i_6
    SLICE_X22Y4          LUT4 (Prop_lut4_I2_O)        0.124     4.935 f  result_guard/commit_pulse_i_9/O
                         net (fo=1, routed)           0.280     5.215    product_bank/commit_pulse_i_3
    SLICE_X22Y4          LUT5 (Prop_lut5_I1_O)        0.124     5.339 f  product_bank/commit_pulse_i_6/O
                         net (fo=3, routed)           0.313     5.652    product_bank/registered_scheduling.engine_output_reserved_reg_0
    SLICE_X25Y4          LUT3 (Prop_lut3_I1_O)        0.124     5.776 r  product_bank/output_kernel_word_reg_i_6/O
                         net (fo=1, routed)           0.285     6.061    result_guard/output_block_exponent_reg[0]_0
    SLICE_X23Y4          LUT6 (Prop_lut6_I5_O)        0.124     6.185 r  result_guard/output_kernel_word_reg_i_2/O
                         net (fo=4, routed)           0.607     6.792    result_guard/output_kernel_word_reg_i_2_n_0
    SLICE_X21Y4          LUT5 (Prop_lut5_I0_O)        0.124     6.916 r  result_guard/expected_bin_index[8]_i_1/O
                         net (fo=89, routed)          0.372     7.289    joiner/kernel_rom/output_block_exponent_reg[0]_0
    SLICE_X21Y5          LUT6 (Prop_lut6_I0_O)        0.124     7.413 r  joiner/kernel_rom/expected_next_block_start[63]_i_1/O
                         net (fo=65, routed)          0.703     8.116    joiner/kernel_rom/have_previous_block
    SLICE_X20Y9          FDRE                                         r  joiner/kernel_rom/expected_next_block_start_reg[37]/CE
  -------------------------------------------------------------------    -------------------

                         (clock island_175 rise edge)
                                                      5.714     5.714 r  
                                                      0.000     5.714 r  fft_clk (IN)
                         net (fo=4716, unset)         0.924     6.638    joiner/kernel_rom/fft_clk
    SLICE_X20Y9          FDRE                                         r  joiner/kernel_rom/expected_next_block_start_reg[37]/C
                         clock pessimism              0.000     6.638    
                         clock uncertainty           -0.035     6.603    
    SLICE_X20Y9          FDRE (Setup_fdre_C_CE)      -0.169     6.434    joiner/kernel_rom/expected_next_block_start_reg[37]
  -------------------------------------------------------------------
                         required time                          6.434    
                         arrival time                          -8.116    
  -------------------------------------------------------------------
                         slack                                 -1.682    

Slack (VIOLATED) :        -1.682ns  (required time - arrival time)
  Source:                 result_guard/fault_reasons_reg[1]/C
                            (rising edge-triggered cell FDCE clocked by island_175  {rise@0.000ns fall@2.857ns period=5.714ns})
  Destination:            joiner/kernel_rom/expected_next_block_start_reg[38]/CE
                            (rising edge-triggered cell FDRE clocked by island_175  {rise@0.000ns fall@2.857ns period=5.714ns})
  Path Group:             island_175
  Path Type:              Setup (Max at Slow Process Corner)
  Requirement:            5.714ns  (island_175 rise@5.714ns - island_175 rise@0.000ns)
  Data Path Delay:        7.143ns  (logic 1.696ns (23.744%)  route 5.447ns (76.256%))
  Logic Levels:           10  (LUT3=1 LUT4=3 LUT5=3 LUT6=3)
  Clock Path Skew:        -0.049ns (DCD - SCD + CPR)
    Destination Clock Delay (DCD):    0.924ns = ( 6.638 - 5.714 ) 
    Source Clock Delay      (SCD):    0.973ns
    Clock Pessimism Removal (CPR):    0.000ns
  Clock Uncertainty:      0.035ns  ((TSJ^2 + TIJ^2)^1/2 + DJ) / 2 + PE
    Total System Jitter     (TSJ):    0.071ns
    Total Input Jitter      (TIJ):    0.000ns
    Discrete Jitter          (DJ):    0.000ns
    Phase Error              (PE):    0.000ns

    Location             Delay type                Incr(ns)  Path(ns)    Netlist Resource(s)
  -------------------------------------------------------------------    -------------------
                         (clock island_175 rise edge)
                                                      0.000     0.000 r  
                                                      0.000     0.000 r  fft_clk (IN)
                         net (fo=4716, unset)         0.973     0.973    result_guard/fft_clk
    SLICE_X14Y6          FDCE                                         r  result_guard/fault_reasons_reg[1]/C
  -------------------------------------------------------------------    -------------------
    SLICE_X14Y6          FDCE (Prop_fdce_C_Q)         0.456     1.429 r  result_guard/fault_reasons_reg[1]/Q
                         net (fo=2, routed)           0.999     2.428    result_guard/fault_reasons_reg_n_0_[1]
    SLICE_X15Y6          LUT4 (Prop_lut4_I0_O)        0.124     2.552 r  result_guard/status_exponent[4]_i_3/O
                         net (fo=2, routed)           0.302     2.854    result_guard/status_exponent[4]_i_3_n_0
    SLICE_X15Y6          LUT5 (Prop_lut5_I4_O)        0.124     2.978 r  result_guard/output_count[9]_i_3/O
                         net (fo=12, routed)          0.373     3.351    result_guard/fault_reasons_reg[6]_1
    SLICE_X16Y7          LUT6 (Prop_lut6_I0_O)        0.124     3.475 r  result_guard/descriptor[69]_i_2__0/O
                         net (fo=9, routed)           0.431     3.906    input_guard/registered_quarantine
    SLICE_X19Y7          LUT4 (Prop_lut4_I3_O)        0.124     4.030 f  input_guard/fault_reasons[2]_i_3/O
                         net (fo=7, routed)           0.781     4.811    result_guard/output_kernel_word_reg_i_6
    SLICE_X22Y4          LUT4 (Prop_lut4_I2_O)        0.124     4.935 f  result_guard/commit_pulse_i_9/O
                         net (fo=1, routed)           0.280     5.215    product_bank/commit_pulse_i_3
    SLICE_X22Y4          LUT5 (Prop_lut5_I1_O)        0.124     5.339 f  product_bank/commit_pulse_i_6/O
                         net (fo=3, routed)           0.313     5.652    product_bank/registered_scheduling.engine_output_reserved_reg_0
    SLICE_X25Y4          LUT3 (Prop_lut3_I1_O)        0.124     5.776 r  product_bank/output_kernel_word_reg_i_6/O
                         net (fo=1, routed)           0.285     6.061    result_guard/output_block_exponent_reg[0]_0
    SLICE_X23Y4          LUT6 (Prop_lut6_I5_O)        0.124     6.185 r  result_guard/output_kernel_word_reg_i_2/O
                         net (fo=4, routed)           0.607     6.792    result_guard/output_kernel_word_reg_i_2_n_0
    SLICE_X21Y4          LUT5 (Prop_lut5_I0_O)        0.124     6.916 r  result_guard/expected_bin_index[8]_i_1/O
                         net (fo=89, routed)          0.372     7.289    joiner/kernel_rom/output_block_exponent_reg[0]_0
    SLICE_X21Y5          LUT6 (Prop_lut6_I0_O)        0.124     7.413 r  joiner/kernel_rom/expected_next_block_start[63]_i_1/O
                         net (fo=65, routed)          0.703     8.116    joiner/kernel_rom/have_previous_block
    SLICE_X20Y9          FDRE                                         r  joiner/kernel_rom/expected_next_block_start_reg[38]/CE
  -------------------------------------------------------------------    -------------------

                         (clock island_175 rise edge)
                                                      5.714     5.714 r  
                                                      0.000     5.714 r  fft_clk (IN)
                         net (fo=4716, unset)         0.924     6.638    joiner/kernel_rom/fft_clk
    SLICE_X20Y9          FDRE                                         r  joiner/kernel_rom/expected_next_block_start_reg[38]/C
                         clock pessimism              0.000     6.638    
                         clock uncertainty           -0.035     6.603    
    SLICE_X20Y9          FDRE (Setup_fdre_C_CE)      -0.169     6.434    joiner/kernel_rom/expected_next_block_start_reg[38]
  -------------------------------------------------------------------
                         required time                          6.434    
                         arrival time                          -8.116    
  -------------------------------------------------------------------
                         slack                                 -1.682    

Slack (VIOLATED) :        -1.682ns  (required time - arrival time)
  Source:                 result_guard/fault_reasons_reg[1]/C
                            (rising edge-triggered cell FDCE clocked by island_175  {rise@0.000ns fall@2.857ns period=5.714ns})
  Destination:            joiner/kernel_rom/expected_next_block_start_reg[39]/CE
                            (rising edge-triggered cell FDRE clocked by island_175  {rise@0.000ns fall@2.857ns period=5.714ns})
  Path Group:             island_175
  Path Type:              Setup (Max at Slow Process Corner)
  Requirement:            5.714ns  (island_175 rise@5.714ns - island_175 rise@0.000ns)
  Data Path Delay:        7.143ns  (logic 1.696ns (23.744%)  route 5.447ns (76.256%))
  Logic Levels:           10  (LUT3=1 LUT4=3 LUT5=3 LUT6=3)
  Clock Path Skew:        -0.049ns (DCD - SCD + CPR)
    Destination Clock Delay (DCD):    0.924ns = ( 6.638 - 5.714 ) 
    Source Clock Delay      (SCD):    0.973ns
    Clock Pessimism Removal (CPR):    0.000ns
  Clock Uncertainty:      0.035ns  ((TSJ^2 + TIJ^2)^1/2 + DJ) / 2 + PE
    Total System Jitter     (TSJ):    0.071ns
    Total Input Jitter      (TIJ):    0.000ns
    Discrete Jitter          (DJ):    0.000ns
    Phase Error              (PE):    0.000ns

    Location             Delay type                Incr(ns)  Path(ns)    Netlist Resource(s)
  -------------------------------------------------------------------    -------------------
                         (clock island_175 rise edge)
                                                      0.000     0.000 r  
                                                      0.000     0.000 r  fft_clk (IN)
                         net (fo=4716, unset)         0.973     0.973    result_guard/fft_clk
    SLICE_X14Y6          FDCE                                         r  result_guard/fault_reasons_reg[1]/C
  -------------------------------------------------------------------    -------------------
    SLICE_X14Y6          FDCE (Prop_fdce_C_Q)         0.456     1.429 r  result_guard/fault_reasons_reg[1]/Q
                         net (fo=2, routed)           0.999     2.428    result_guard/fault_reasons_reg_n_0_[1]
    SLICE_X15Y6          LUT4 (Prop_lut4_I0_O)        0.124     2.552 r  result_guard/status_exponent[4]_i_3/O
                         net (fo=2, routed)           0.302     2.854    result_guard/status_exponent[4]_i_3_n_0
    SLICE_X15Y6          LUT5 (Prop_lut5_I4_O)        0.124     2.978 r  result_guard/output_count[9]_i_3/O
                         net (fo=12, routed)          0.373     3.351    result_guard/fault_reasons_reg[6]_1
    SLICE_X16Y7          LUT6 (Prop_lut6_I0_O)        0.124     3.475 r  result_guard/descriptor[69]_i_2__0/O
                         net (fo=9, routed)           0.431     3.906    input_guard/registered_quarantine
    SLICE_X19Y7          LUT4 (Prop_lut4_I3_O)        0.124     4.030 f  input_guard/fault_reasons[2]_i_3/O
                         net (fo=7, routed)           0.781     4.811    result_guard/output_kernel_word_reg_i_6
    SLICE_X22Y4          LUT4 (Prop_lut4_I2_O)        0.124     4.935 f  result_guard/commit_pulse_i_9/O
                         net (fo=1, routed)           0.280     5.215    product_bank/commit_pulse_i_3
    SLICE_X22Y4          LUT5 (Prop_lut5_I1_O)        0.124     5.339 f  product_bank/commit_pulse_i_6/O
                         net (fo=3, routed)           0.313     5.652    product_bank/registered_scheduling.engine_output_reserved_reg_0
    SLICE_X25Y4          LUT3 (Prop_lut3_I1_O)        0.124     5.776 r  product_bank/output_kernel_word_reg_i_6/O
                         net (fo=1, routed)           0.285     6.061    result_guard/output_block_exponent_reg[0]_0
    SLICE_X23Y4          LUT6 (Prop_lut6_I5_O)        0.124     6.185 r  result_guard/output_kernel_word_reg_i_2/O
                         net (fo=4, routed)           0.607     6.792    result_guard/output_kernel_word_reg_i_2_n_0
    SLICE_X21Y4          LUT5 (Prop_lut5_I0_O)        0.124     6.916 r  result_guard/expected_bin_index[8]_i_1/O
                         net (fo=89, routed)          0.372     7.289    joiner/kernel_rom/output_block_exponent_reg[0]_0
    SLICE_X21Y5          LUT6 (Prop_lut6_I0_O)        0.124     7.413 r  joiner/kernel_rom/expected_next_block_start[63]_i_1/O
                         net (fo=65, routed)          0.703     8.116    joiner/kernel_rom/have_previous_block
    SLICE_X20Y9          FDRE                                         r  joiner/kernel_rom/expected_next_block_start_reg[39]/CE
  -------------------------------------------------------------------    -------------------

                         (clock island_175 rise edge)
                                                      5.714     5.714 r  
                                                      0.000     5.714 r  fft_clk (IN)
                         net (fo=4716, unset)         0.924     6.638    joiner/kernel_rom/fft_clk
    SLICE_X20Y9          FDRE                                         r  joiner/kernel_rom/expected_next_block_start_reg[39]/C
                         clock pessimism              0.000     6.638    
                         clock uncertainty           -0.035     6.603    
    SLICE_X20Y9          FDRE (Setup_fdre_C_CE)      -0.169     6.434    joiner/kernel_rom/expected_next_block_start_reg[39]
  -------------------------------------------------------------------
                         required time                          6.434    
                         arrival time                          -8.116    
  -------------------------------------------------------------------
                         slack                                 -1.682    

Slack (VIOLATED) :        -1.682ns  (required time - arrival time)
  Source:                 result_guard/fault_reasons_reg[1]/C
                            (rising edge-triggered cell FDCE clocked by island_175  {rise@0.000ns fall@2.857ns period=5.714ns})
  Destination:            joiner/kernel_rom/expected_next_block_start_reg[40]/CE
                            (rising edge-triggered cell FDRE clocked by island_175  {rise@0.000ns fall@2.857ns period=5.714ns})
  Path Group:             island_175
  Path Type:              Setup (Max at Slow Process Corner)
  Requirement:            5.714ns  (island_175 rise@5.714ns - island_175 rise@0.000ns)
  Data Path Delay:        7.143ns  (logic 1.696ns (23.744%)  route 5.447ns (76.256%))
  Logic Levels:           10  (LUT3=1 LUT4=3 LUT5=3 LUT6=3)
  Clock Path Skew:        -0.049ns (DCD - SCD + CPR)
    Destination Clock Delay (DCD):    0.924ns = ( 6.638 - 5.714 ) 
    Source Clock Delay      (SCD):    0.973ns
    Clock Pessimism Removal (CPR):    0.000ns
  Clock Uncertainty:      0.035ns  ((TSJ^2 + TIJ^2)^1/2 + DJ) / 2 + PE
    Total System Jitter     (TSJ):    0.071ns
    Total Input Jitter      (TIJ):    0.000ns
    Discrete Jitter          (DJ):    0.000ns
    Phase Error              (PE):    0.000ns

    Location             Delay type                Incr(ns)  Path(ns)    Netlist Resource(s)
  -------------------------------------------------------------------    -------------------
                         (clock island_175 rise edge)
                                                      0.000     0.000 r  
                                                      0.000     0.000 r  fft_clk (IN)
                         net (fo=4716, unset)         0.973     0.973    result_guard/fft_clk
    SLICE_X14Y6          FDCE                                         r  result_guard/fault_reasons_reg[1]/C
  -------------------------------------------------------------------    -------------------
    SLICE_X14Y6          FDCE (Prop_fdce_C_Q)         0.456     1.429 r  result_guard/fault_reasons_reg[1]/Q
                         net (fo=2, routed)           0.999     2.428    result_guard/fault_reasons_reg_n_0_[1]
    SLICE_X15Y6          LUT4 (Prop_lut4_I0_O)        0.124     2.552 r  result_guard/status_exponent[4]_i_3/O
                         net (fo=2, routed)           0.302     2.854    result_guard/status_exponent[4]_i_3_n_0
    SLICE_X15Y6          LUT5 (Prop_lut5_I4_O)        0.124     2.978 r  result_guard/output_count[9]_i_3/O
                         net (fo=12, routed)          0.373     3.351    result_guard/fault_reasons_reg[6]_1
    SLICE_X16Y7          LUT6 (Prop_lut6_I0_O)        0.124     3.475 r  result_guard/descriptor[69]_i_2__0/O
                         net (fo=9, routed)           0.431     3.906    input_guard/registered_quarantine
    SLICE_X19Y7          LUT4 (Prop_lut4_I3_O)        0.124     4.030 f  input_guard/fault_reasons[2]_i_3/O
                         net (fo=7, routed)           0.781     4.811    result_guard/output_kernel_word_reg_i_6
    SLICE_X22Y4          LUT4 (Prop_lut4_I2_O)        0.124     4.935 f  result_guard/commit_pulse_i_9/O
                         net (fo=1, routed)           0.280     5.215    product_bank/commit_pulse_i_3
    SLICE_X22Y4          LUT5 (Prop_lut5_I1_O)        0.124     5.339 f  product_bank/commit_pulse_i_6/O
                         net (fo=3, routed)           0.313     5.652    product_bank/registered_scheduling.engine_output_reserved_reg_0
    SLICE_X25Y4          LUT3 (Prop_lut3_I1_O)        0.124     5.776 r  product_bank/output_kernel_word_reg_i_6/O
                         net (fo=1, routed)           0.285     6.061    result_guard/output_block_exponent_reg[0]_0
    SLICE_X23Y4          LUT6 (Prop_lut6_I5_O)        0.124     6.185 r  result_guard/output_kernel_word_reg_i_2/O
                         net (fo=4, routed)           0.607     6.792    result_guard/output_kernel_word_reg_i_2_n_0
    SLICE_X21Y4          LUT5 (Prop_lut5_I0_O)        0.124     6.916 r  result_guard/expected_bin_index[8]_i_1/O
                         net (fo=89, routed)          0.372     7.289    joiner/kernel_rom/output_block_exponent_reg[0]_0
    SLICE_X21Y5          LUT6 (Prop_lut6_I0_O)        0.124     7.413 r  joiner/kernel_rom/expected_next_block_start[63]_i_1/O
                         net (fo=65, routed)          0.703     8.116    joiner/kernel_rom/have_previous_block
    SLICE_X20Y9          FDRE                                         r  joiner/kernel_rom/expected_next_block_start_reg[40]/CE
  -------------------------------------------------------------------    -------------------

                         (clock island_175 rise edge)
                                                      5.714     5.714 r  
                                                      0.000     5.714 r  fft_clk (IN)
                         net (fo=4716, unset)         0.924     6.638    joiner/kernel_rom/fft_clk
    SLICE_X20Y9          FDRE                                         r  joiner/kernel_rom/expected_next_block_start_reg[40]/C
                         clock pessimism              0.000     6.638    
                         clock uncertainty           -0.035     6.603    
    SLICE_X20Y9          FDRE (Setup_fdre_C_CE)      -0.169     6.434    joiner/kernel_rom/expected_next_block_start_reg[40]
  -------------------------------------------------------------------
                         required time                          6.434    
                         arrival time                          -8.116    
  -------------------------------------------------------------------
                         slack                                 -1.682    

Slack (VIOLATED) :        -1.673ns  (required time - arrival time)
  Source:                 result_guard/fault_reasons_reg[1]/C
                            (rising edge-triggered cell FDCE clocked by island_175  {rise@0.000ns fall@2.857ns period=5.714ns})
  Destination:            joiner/kernel_rom/expected_next_block_start_reg[0]/CE
                            (rising edge-triggered cell FDRE clocked by island_175  {rise@0.000ns fall@2.857ns period=5.714ns})
  Path Group:             island_175
  Path Type:              Setup (Max at Slow Process Corner)
  Requirement:            5.714ns  (island_175 rise@5.714ns - island_175 rise@0.000ns)
  Data Path Delay:        7.134ns  (logic 1.696ns (23.774%)  route 5.438ns (76.226%))
  Logic Levels:           10  (LUT3=1 LUT4=3 LUT5=3 LUT6=3)
  Clock Path Skew:        -0.049ns (DCD - SCD + CPR)
    Destination Clock Delay (DCD):    0.924ns = ( 6.638 - 5.714 ) 
    Source Clock Delay      (SCD):    0.973ns
    Clock Pessimism Removal (CPR):    0.000ns
  Clock Uncertainty:      0.035ns  ((TSJ^2 + TIJ^2)^1/2 + DJ) / 2 + PE
    Total System Jitter     (TSJ):    0.071ns
    Total Input Jitter      (TIJ):    0.000ns
    Discrete Jitter          (DJ):    0.000ns
    Phase Error              (PE):    0.000ns

    Location             Delay type                Incr(ns)  Path(ns)    Netlist Resource(s)
  -------------------------------------------------------------------    -------------------
                         (clock island_175 rise edge)
                                                      0.000     0.000 r  
                                                      0.000     0.000 r  fft_clk (IN)
                         net (fo=4716, unset)         0.973     0.973    result_guard/fft_clk
    SLICE_X14Y6          FDCE                                         r  result_guard/fault_reasons_reg[1]/C
  -------------------------------------------------------------------    -------------------
    SLICE_X14Y6          FDCE (Prop_fdce_C_Q)         0.456     1.429 r  result_guard/fault_reasons_reg[1]/Q
                         net (fo=2, routed)           0.999     2.428    result_guard/fault_reasons_reg_n_0_[1]
    SLICE_X15Y6          LUT4 (Prop_lut4_I0_O)        0.124     2.552 r  result_guard/status_exponent[4]_i_3/O
                         net (fo=2, routed)           0.302     2.854    result_guard/status_exponent[4]_i_3_n_0
    SLICE_X15Y6          LUT5 (Prop_lut5_I4_O)        0.124     2.978 r  result_guard/output_count[9]_i_3/O
                         net (fo=12, routed)          0.373     3.351    result_guard/fault_reasons_reg[6]_1
    SLICE_X16Y7          LUT6 (Prop_lut6_I0_O)        0.124     3.475 r  result_guard/descriptor[69]_i_2__0/O
                         net (fo=9, routed)           0.431     3.906    input_guard/registered_quarantine
    SLICE_X19Y7          LUT4 (Prop_lut4_I3_O)        0.124     4.030 f  input_guard/fault_reasons[2]_i_3/O
                         net (fo=7, routed)           0.781     4.811    result_guard/output_kernel_word_reg_i_6
    SLICE_X22Y4          LUT4 (Prop_lut4_I2_O)        0.124     4.935 f  result_guard/commit_pulse_i_9/O
                         net (fo=1, routed)           0.280     5.215    product_bank/commit_pulse_i_3
    SLICE_X22Y4          LUT5 (Prop_lut5_I1_O)        0.124     5.339 f  product_bank/commit_pulse_i_6/O
                         net (fo=3, routed)           0.313     5.652    product_bank/registered_scheduling.engine_output_reserved_reg_0
    SLICE_X25Y4          LUT3 (Prop_lut3_I1_O)        0.124     5.776 r  product_bank/output_kernel_word_reg_i_6/O
                         net (fo=1, routed)           0.285     6.061    result_guard/output_block_exponent_reg[0]_0
    SLICE_X23Y4          LUT6 (Prop_lut6_I5_O)        0.124     6.185 r  result_guard/output_kernel_word_reg_i_2/O
                         net (fo=4, routed)           0.607     6.792    result_guard/output_kernel_word_reg_i_2_n_0
    SLICE_X21Y4          LUT5 (Prop_lut5_I0_O)        0.124     6.916 r  result_guard/expected_bin_index[8]_i_1/O
                         net (fo=89, routed)          0.372     7.289    joiner/kernel_rom/output_block_exponent_reg[0]_0
    SLICE_X21Y5          LUT6 (Prop_lut6_I0_O)        0.124     7.413 r  joiner/kernel_rom/expected_next_block_start[63]_i_1/O
                         net (fo=65, routed)          0.694     8.107    joiner/kernel_rom/have_previous_block
    SLICE_X20Y3          FDRE                                         r  joiner/kernel_rom/expected_next_block_start_reg[0]/CE
  -------------------------------------------------------------------    -------------------

                         (clock island_175 rise edge)
                                                      5.714     5.714 r  
                                                      0.000     5.714 r  fft_clk (IN)
                         net (fo=4716, unset)         0.924     6.638    joiner/kernel_rom/fft_clk
    SLICE_X20Y3          FDRE                                         r  joiner/kernel_rom/expected_next_block_start_reg[0]/C
                         clock pessimism              0.000     6.638    
                         clock uncertainty           -0.035     6.603    
    SLICE_X20Y3          FDRE (Setup_fdre_C_CE)      -0.169     6.434    joiner/kernel_rom/expected_next_block_start_reg[0]
  -------------------------------------------------------------------
                         required time                          6.434    
                         arrival time                          -8.107    
  -------------------------------------------------------------------
                         slack                                 -1.673    

Slack (VIOLATED) :        -1.673ns  (required time - arrival time)
  Source:                 result_guard/fault_reasons_reg[1]/C
                            (rising edge-triggered cell FDCE clocked by island_175  {rise@0.000ns fall@2.857ns period=5.714ns})
  Destination:            joiner/kernel_rom/expected_next_block_start_reg[13]/CE
                            (rising edge-triggered cell FDRE clocked by island_175  {rise@0.000ns fall@2.857ns period=5.714ns})
  Path Group:             island_175
  Path Type:              Setup (Max at Slow Process Corner)
  Requirement:            5.714ns  (island_175 rise@5.714ns - island_175 rise@0.000ns)
  Data Path Delay:        7.134ns  (logic 1.696ns (23.774%)  route 5.438ns (76.226%))
  Logic Levels:           10  (LUT3=1 LUT4=3 LUT5=3 LUT6=3)
  Clock Path Skew:        -0.049ns (DCD - SCD + CPR)
    Destination Clock Delay (DCD):    0.924ns = ( 6.638 - 5.714 ) 
    Source Clock Delay      (SCD):    0.973ns
    Clock Pessimism Removal (CPR):    0.000ns
  Clock Uncertainty:      0.035ns  ((TSJ^2 + TIJ^2)^1/2 + DJ) / 2 + PE
    Total System Jitter     (TSJ):    0.071ns
    Total Input Jitter      (TIJ):    0.000ns
    Discrete Jitter          (DJ):    0.000ns
    Phase Error              (PE):    0.000ns

    Location             Delay type                Incr(ns)  Path(ns)    Netlist Resource(s)
  -------------------------------------------------------------------    -------------------
                         (clock island_175 rise edge)
                                                      0.000     0.000 r  
                                                      0.000     0.000 r  fft_clk (IN)
                         net (fo=4716, unset)         0.973     0.973    result_guard/fft_clk
    SLICE_X14Y6          FDCE                                         r  result_guard/fault_reasons_reg[1]/C
  -------------------------------------------------------------------    -------------------
    SLICE_X14Y6          FDCE (Prop_fdce_C_Q)         0.456     1.429 r  result_guard/fault_reasons_reg[1]/Q
                         net (fo=2, routed)           0.999     2.428    result_guard/fault_reasons_reg_n_0_[1]
    SLICE_X15Y6          LUT4 (Prop_lut4_I0_O)        0.124     2.552 r  result_guard/status_exponent[4]_i_3/O
                         net (fo=2, routed)           0.302     2.854    result_guard/status_exponent[4]_i_3_n_0
    SLICE_X15Y6          LUT5 (Prop_lut5_I4_O)        0.124     2.978 r  result_guard/output_count[9]_i_3/O
                         net (fo=12, routed)          0.373     3.351    result_guard/fault_reasons_reg[6]_1
    SLICE_X16Y7          LUT6 (Prop_lut6_I0_O)        0.124     3.475 r  result_guard/descriptor[69]_i_2__0/O
                         net (fo=9, routed)           0.431     3.906    input_guard/registered_quarantine
    SLICE_X19Y7          LUT4 (Prop_lut4_I3_O)        0.124     4.030 f  input_guard/fault_reasons[2]_i_3/O
                         net (fo=7, routed)           0.781     4.811    result_guard/output_kernel_word_reg_i_6
    SLICE_X22Y4          LUT4 (Prop_lut4_I2_O)        0.124     4.935 f  result_guard/commit_pulse_i_9/O
                         net (fo=1, routed)           0.280     5.215    product_bank/commit_pulse_i_3
    SLICE_X22Y4          LUT5 (Prop_lut5_I1_O)        0.124     5.339 f  product_bank/commit_pulse_i_6/O
                         net (fo=3, routed)           0.313     5.652    product_bank/registered_scheduling.engine_output_reserved_reg_0
    SLICE_X25Y4          LUT3 (Prop_lut3_I1_O)        0.124     5.776 r  product_bank/output_kernel_word_reg_i_6/O
                         net (fo=1, routed)           0.285     6.061    result_guard/output_block_exponent_reg[0]_0
    SLICE_X23Y4          LUT6 (Prop_lut6_I5_O)        0.124     6.185 r  result_guard/output_kernel_word_reg_i_2/O
                         net (fo=4, routed)           0.607     6.792    result_guard/output_kernel_word_reg_i_2_n_0
    SLICE_X21Y4          LUT5 (Prop_lut5_I0_O)        0.124     6.916 r  result_guard/expected_bin_index[8]_i_1/O
                         net (fo=89, routed)          0.372     7.289    joiner/kernel_rom/output_block_exponent_reg[0]_0
    SLICE_X21Y5          LUT6 (Prop_lut6_I0_O)        0.124     7.413 r  joiner/kernel_rom/expected_next_block_start[63]_i_1/O
                         net (fo=65, routed)          0.694     8.107    joiner/kernel_rom/have_previous_block
    SLICE_X20Y3          FDRE                                         r  joiner/kernel_rom/expected_next_block_start_reg[13]/CE
  -------------------------------------------------------------------    -------------------

                         (clock island_175 rise edge)
                                                      5.714     5.714 r  
                                                      0.000     5.714 r  fft_clk (IN)
                         net (fo=4716, unset)         0.924     6.638    joiner/kernel_rom/fft_clk
    SLICE_X20Y3          FDRE                                         r  joiner/kernel_rom/expected_next_block_start_reg[13]/C
                         clock pessimism              0.000     6.638    
                         clock uncertainty           -0.035     6.603    
    SLICE_X20Y3          FDRE (Setup_fdre_C_CE)      -0.169     6.434    joiner/kernel_rom/expected_next_block_start_reg[13]
  -------------------------------------------------------------------
                         required time                          6.434    
                         arrival time                          -8.107    
  -------------------------------------------------------------------
                         slack                                 -1.673    

Slack (VIOLATED) :        -1.673ns  (required time - arrival time)
  Source:                 result_guard/fault_reasons_reg[1]/C
                            (rising edge-triggered cell FDCE clocked by island_175  {rise@0.000ns fall@2.857ns period=5.714ns})
  Destination:            joiner/kernel_rom/expected_next_block_start_reg[14]/CE
                            (rising edge-triggered cell FDRE clocked by island_175  {rise@0.000ns fall@2.857ns period=5.714ns})
  Path Group:             island_175
  Path Type:              Setup (Max at Slow Process Corner)
  Requirement:            5.714ns  (island_175 rise@5.714ns - island_175 rise@0.000ns)
  Data Path Delay:        7.134ns  (logic 1.696ns (23.774%)  route 5.438ns (76.226%))
  Logic Levels:           10  (LUT3=1 LUT4=3 LUT5=3 LUT6=3)
  Clock Path Skew:        -0.049ns (DCD - SCD + CPR)
    Destination Clock Delay (DCD):    0.924ns = ( 6.638 - 5.714 ) 
    Source Clock Delay      (SCD):    0.973ns
    Clock Pessimism Removal (CPR):    0.000ns
  Clock Uncertainty:      0.035ns  ((TSJ^2 + TIJ^2)^1/2 + DJ) / 2 + PE
    Total System Jitter     (TSJ):    0.071ns
    Total Input Jitter      (TIJ):    0.000ns
    Discrete Jitter          (DJ):    0.000ns
    Phase Error              (PE):    0.000ns

    Location             Delay type                Incr(ns)  Path(ns)    Netlist Resource(s)
  -------------------------------------------------------------------    -------------------
                         (clock island_175 rise edge)
                                                      0.000     0.000 r  
                                                      0.000     0.000 r  fft_clk (IN)
                         net (fo=4716, unset)         0.973     0.973    result_guard/fft_clk
    SLICE_X14Y6          FDCE                                         r  result_guard/fault_reasons_reg[1]/C
  -------------------------------------------------------------------    -------------------
    SLICE_X14Y6          FDCE (Prop_fdce_C_Q)         0.456     1.429 r  result_guard/fault_reasons_reg[1]/Q
                         net (fo=2, routed)           0.999     2.428    result_guard/fault_reasons_reg_n_0_[1]
    SLICE_X15Y6          LUT4 (Prop_lut4_I0_O)        0.124     2.552 r  result_guard/status_exponent[4]_i_3/O
                         net (fo=2, routed)           0.302     2.854    result_guard/status_exponent[4]_i_3_n_0
    SLICE_X15Y6          LUT5 (Prop_lut5_I4_O)        0.124     2.978 r  result_guard/output_count[9]_i_3/O
                         net (fo=12, routed)          0.373     3.351    result_guard/fault_reasons_reg[6]_1
    SLICE_X16Y7          LUT6 (Prop_lut6_I0_O)        0.124     3.475 r  result_guard/descriptor[69]_i_2__0/O
                         net (fo=9, routed)           0.431     3.906    input_guard/registered_quarantine
    SLICE_X19Y7          LUT4 (Prop_lut4_I3_O)        0.124     4.030 f  input_guard/fault_reasons[2]_i_3/O
                         net (fo=7, routed)           0.781     4.811    result_guard/output_kernel_word_reg_i_6
    SLICE_X22Y4          LUT4 (Prop_lut4_I2_O)        0.124     4.935 f  result_guard/commit_pulse_i_9/O
                         net (fo=1, routed)           0.280     5.215    product_bank/commit_pulse_i_3
    SLICE_X22Y4          LUT5 (Prop_lut5_I1_O)        0.124     5.339 f  product_bank/commit_pulse_i_6/O
                         net (fo=3, routed)           0.313     5.652    product_bank/registered_scheduling.engine_output_reserved_reg_0
    SLICE_X25Y4          LUT3 (Prop_lut3_I1_O)        0.124     5.776 r  product_bank/output_kernel_word_reg_i_6/O
                         net (fo=1, routed)           0.285     6.061    result_guard/output_block_exponent_reg[0]_0
    SLICE_X23Y4          LUT6 (Prop_lut6_I5_O)        0.124     6.185 r  result_guard/output_kernel_word_reg_i_2/O
                         net (fo=4, routed)           0.607     6.792    result_guard/output_kernel_word_reg_i_2_n_0
    SLICE_X21Y4          LUT5 (Prop_lut5_I0_O)        0.124     6.916 r  result_guard/expected_bin_index[8]_i_1/O
                         net (fo=89, routed)          0.372     7.289    joiner/kernel_rom/output_block_exponent_reg[0]_0
    SLICE_X21Y5          LUT6 (Prop_lut6_I0_O)        0.124     7.413 r  joiner/kernel_rom/expected_next_block_start[63]_i_1/O
                         net (fo=65, routed)          0.694     8.107    joiner/kernel_rom/have_previous_block
    SLICE_X20Y3          FDRE                                         r  joiner/kernel_rom/expected_next_block_start_reg[14]/CE
  -------------------------------------------------------------------    -------------------

                         (clock island_175 rise edge)
                                                      5.714     5.714 r  
                                                      0.000     5.714 r  fft_clk (IN)
                         net (fo=4716, unset)         0.924     6.638    joiner/kernel_rom/fft_clk
    SLICE_X20Y3          FDRE                                         r  joiner/kernel_rom/expected_next_block_start_reg[14]/C
                         clock pessimism              0.000     6.638    
                         clock uncertainty           -0.035     6.603    
    SLICE_X20Y3          FDRE (Setup_fdre_C_CE)      -0.169     6.434    joiner/kernel_rom/expected_next_block_start_reg[14]
  -------------------------------------------------------------------
                         required time                          6.434    
                         arrival time                          -8.107    
  -------------------------------------------------------------------
                         slack                                 -1.673    

Slack (VIOLATED) :        -1.673ns  (required time - arrival time)
  Source:                 result_guard/fault_reasons_reg[1]/C
                            (rising edge-triggered cell FDCE clocked by island_175  {rise@0.000ns fall@2.857ns period=5.714ns})
  Destination:            joiner/kernel_rom/expected_next_block_start_reg[15]/CE
                            (rising edge-triggered cell FDRE clocked by island_175  {rise@0.000ns fall@2.857ns period=5.714ns})
  Path Group:             island_175
  Path Type:              Setup (Max at Slow Process Corner)
  Requirement:            5.714ns  (island_175 rise@5.714ns - island_175 rise@0.000ns)
  Data Path Delay:        7.134ns  (logic 1.696ns (23.774%)  route 5.438ns (76.226%))
  Logic Levels:           10  (LUT3=1 LUT4=3 LUT5=3 LUT6=3)
  Clock Path Skew:        -0.049ns (DCD - SCD + CPR)
    Destination Clock Delay (DCD):    0.924ns = ( 6.638 - 5.714 ) 
    Source Clock Delay      (SCD):    0.973ns
    Clock Pessimism Removal (CPR):    0.000ns
  Clock Uncertainty:      0.035ns  ((TSJ^2 + TIJ^2)^1/2 + DJ) / 2 + PE
    Total System Jitter     (TSJ):    0.071ns
    Total Input Jitter      (TIJ):    0.000ns
    Discrete Jitter          (DJ):    0.000ns
    Phase Error              (PE):    0.000ns

    Location             Delay type                Incr(ns)  Path(ns)    Netlist Resource(s)
  -------------------------------------------------------------------    -------------------
                         (clock island_175 rise edge)
                                                      0.000     0.000 r  
                                                      0.000     0.000 r  fft_clk (IN)
                         net (fo=4716, unset)         0.973     0.973    result_guard/fft_clk
    SLICE_X14Y6          FDCE                                         r  result_guard/fault_reasons_reg[1]/C
  -------------------------------------------------------------------    -------------------
    SLICE_X14Y6          FDCE (Prop_fdce_C_Q)         0.456     1.429 r  result_guard/fault_reasons_reg[1]/Q
                         net (fo=2, routed)           0.999     2.428    result_guard/fault_reasons_reg_n_0_[1]
    SLICE_X15Y6          LUT4 (Prop_lut4_I0_O)        0.124     2.552 r  result_guard/status_exponent[4]_i_3/O
                         net (fo=2, routed)           0.302     2.854    result_guard/status_exponent[4]_i_3_n_0
    SLICE_X15Y6          LUT5 (Prop_lut5_I4_O)        0.124     2.978 r  result_guard/output_count[9]_i_3/O
                         net (fo=12, routed)          0.373     3.351    result_guard/fault_reasons_reg[6]_1
    SLICE_X16Y7          LUT6 (Prop_lut6_I0_O)        0.124     3.475 r  result_guard/descriptor[69]_i_2__0/O
                         net (fo=9, routed)           0.431     3.906    input_guard/registered_quarantine
    SLICE_X19Y7          LUT4 (Prop_lut4_I3_O)        0.124     4.030 f  input_guard/fault_reasons[2]_i_3/O
                         net (fo=7, routed)           0.781     4.811    result_guard/output_kernel_word_reg_i_6
    SLICE_X22Y4          LUT4 (Prop_lut4_I2_O)        0.124     4.935 f  result_guard/commit_pulse_i_9/O
                         net (fo=1, routed)           0.280     5.215    product_bank/commit_pulse_i_3
    SLICE_X22Y4          LUT5 (Prop_lut5_I1_O)        0.124     5.339 f  product_bank/commit_pulse_i_6/O
                         net (fo=3, routed)           0.313     5.652    product_bank/registered_scheduling.engine_output_reserved_reg_0
    SLICE_X25Y4          LUT3 (Prop_lut3_I1_O)        0.124     5.776 r  product_bank/output_kernel_word_reg_i_6/O
                         net (fo=1, routed)           0.285     6.061    result_guard/output_block_exponent_reg[0]_0
    SLICE_X23Y4          LUT6 (Prop_lut6_I5_O)        0.124     6.185 r  result_guard/output_kernel_word_reg_i_2/O
                         net (fo=4, routed)           0.607     6.792    result_guard/output_kernel_word_reg_i_2_n_0
    SLICE_X21Y4          LUT5 (Prop_lut5_I0_O)        0.124     6.916 r  result_guard/expected_bin_index[8]_i_1/O
                         net (fo=89, routed)          0.372     7.289    joiner/kernel_rom/output_block_exponent_reg[0]_0
    SLICE_X21Y5          LUT6 (Prop_lut6_I0_O)        0.124     7.413 r  joiner/kernel_rom/expected_next_block_start[63]_i_1/O
                         net (fo=65, routed)          0.694     8.107    joiner/kernel_rom/have_previous_block
    SLICE_X20Y3          FDRE                                         r  joiner/kernel_rom/expected_next_block_start_reg[15]/CE
  -------------------------------------------------------------------    -------------------

                         (clock island_175 rise edge)
                                                      5.714     5.714 r  
                                                      0.000     5.714 r  fft_clk (IN)
                         net (fo=4716, unset)         0.924     6.638    joiner/kernel_rom/fft_clk
    SLICE_X20Y3          FDRE                                         r  joiner/kernel_rom/expected_next_block_start_reg[15]/C
                         clock pessimism              0.000     6.638    
                         clock uncertainty           -0.035     6.603    
    SLICE_X20Y3          FDRE (Setup_fdre_C_CE)      -0.169     6.434    joiner/kernel_rom/expected_next_block_start_reg[15]
  -------------------------------------------------------------------
                         required time                          6.434    
                         arrival time                          -8.107    
  -------------------------------------------------------------------
                         slack                                 -1.673    

Slack (VIOLATED) :        -1.673ns  (required time - arrival time)
  Source:                 result_guard/fault_reasons_reg[1]/C
                            (rising edge-triggered cell FDCE clocked by island_175  {rise@0.000ns fall@2.857ns period=5.714ns})
  Destination:            joiner/kernel_rom/expected_next_block_start_reg[16]/CE
                            (rising edge-triggered cell FDRE clocked by island_175  {rise@0.000ns fall@2.857ns period=5.714ns})
  Path Group:             island_175
  Path Type:              Setup (Max at Slow Process Corner)
  Requirement:            5.714ns  (island_175 rise@5.714ns - island_175 rise@0.000ns)
  Data Path Delay:        7.134ns  (logic 1.696ns (23.774%)  route 5.438ns (76.226%))
  Logic Levels:           10  (LUT3=1 LUT4=3 LUT5=3 LUT6=3)
  Clock Path Skew:        -0.049ns (DCD - SCD + CPR)
    Destination Clock Delay (DCD):    0.924ns = ( 6.638 - 5.714 ) 
    Source Clock Delay      (SCD):    0.973ns
    Clock Pessimism Removal (CPR):    0.000ns
  Clock Uncertainty:      0.035ns  ((TSJ^2 + TIJ^2)^1/2 + DJ) / 2 + PE
    Total System Jitter     (TSJ):    0.071ns
    Total Input Jitter      (TIJ):    0.000ns
    Discrete Jitter          (DJ):    0.000ns
    Phase Error              (PE):    0.000ns

    Location             Delay type                Incr(ns)  Path(ns)    Netlist Resource(s)
  -------------------------------------------------------------------    -------------------
                         (clock island_175 rise edge)
                                                      0.000     0.000 r  
                                                      0.000     0.000 r  fft_clk (IN)
                         net (fo=4716, unset)         0.973     0.973    result_guard/fft_clk
    SLICE_X14Y6          FDCE                                         r  result_guard/fault_reasons_reg[1]/C
  -------------------------------------------------------------------    -------------------
    SLICE_X14Y6          FDCE (Prop_fdce_C_Q)         0.456     1.429 r  result_guard/fault_reasons_reg[1]/Q
                         net (fo=2, routed)           0.999     2.428    result_guard/fault_reasons_reg_n_0_[1]
    SLICE_X15Y6          LUT4 (Prop_lut4_I0_O)        0.124     2.552 r  result_guard/status_exponent[4]_i_3/O
                         net (fo=2, routed)           0.302     2.854    result_guard/status_exponent[4]_i_3_n_0
    SLICE_X15Y6          LUT5 (Prop_lut5_I4_O)        0.124     2.978 r  result_guard/output_count[9]_i_3/O
                         net (fo=12, routed)          0.373     3.351    result_guard/fault_reasons_reg[6]_1
    SLICE_X16Y7          LUT6 (Prop_lut6_I0_O)        0.124     3.475 r  result_guard/descriptor[69]_i_2__0/O
                         net (fo=9, routed)           0.431     3.906    input_guard/registered_quarantine
    SLICE_X19Y7          LUT4 (Prop_lut4_I3_O)        0.124     4.030 f  input_guard/fault_reasons[2]_i_3/O
                         net (fo=7, routed)           0.781     4.811    result_guard/output_kernel_word_reg_i_6
    SLICE_X22Y4          LUT4 (Prop_lut4_I2_O)        0.124     4.935 f  result_guard/commit_pulse_i_9/O
                         net (fo=1, routed)           0.280     5.215    product_bank/commit_pulse_i_3
    SLICE_X22Y4          LUT5 (Prop_lut5_I1_O)        0.124     5.339 f  product_bank/commit_pulse_i_6/O
                         net (fo=3, routed)           0.313     5.652    product_bank/registered_scheduling.engine_output_reserved_reg_0
    SLICE_X25Y4          LUT3 (Prop_lut3_I1_O)        0.124     5.776 r  product_bank/output_kernel_word_reg_i_6/O
                         net (fo=1, routed)           0.285     6.061    result_guard/output_block_exponent_reg[0]_0
    SLICE_X23Y4          LUT6 (Prop_lut6_I5_O)        0.124     6.185 r  result_guard/output_kernel_word_reg_i_2/O
                         net (fo=4, routed)           0.607     6.792    result_guard/output_kernel_word_reg_i_2_n_0
    SLICE_X21Y4          LUT5 (Prop_lut5_I0_O)        0.124     6.916 r  result_guard/expected_bin_index[8]_i_1/O
                         net (fo=89, routed)          0.372     7.289    joiner/kernel_rom/output_block_exponent_reg[0]_0
    SLICE_X21Y5          LUT6 (Prop_lut6_I0_O)        0.124     7.413 r  joiner/kernel_rom/expected_next_block_start[63]_i_1/O
                         net (fo=65, routed)          0.694     8.107    joiner/kernel_rom/have_previous_block
    SLICE_X20Y3          FDRE                                         r  joiner/kernel_rom/expected_next_block_start_reg[16]/CE
  -------------------------------------------------------------------    -------------------

                         (clock island_175 rise edge)
                                                      5.714     5.714 r  
                                                      0.000     5.714 r  fft_clk (IN)
                         net (fo=4716, unset)         0.924     6.638    joiner/kernel_rom/fft_clk
    SLICE_X20Y3          FDRE                                         r  joiner/kernel_rom/expected_next_block_start_reg[16]/C
                         clock pessimism              0.000     6.638    
                         clock uncertainty           -0.035     6.603    
    SLICE_X20Y3          FDRE (Setup_fdre_C_CE)      -0.169     6.434    joiner/kernel_rom/expected_next_block_start_reg[16]
  -------------------------------------------------------------------
                         required time                          6.434    
                         arrival time                          -8.107    
  -------------------------------------------------------------------
                         slack                                 -1.673    

Slack (VIOLATED) :        -1.673ns  (required time - arrival time)
  Source:                 result_guard/fault_reasons_reg[1]/C
                            (rising edge-triggered cell FDCE clocked by island_175  {rise@0.000ns fall@2.857ns period=5.714ns})
  Destination:            joiner/kernel_rom/expected_next_block_start_reg[54]/CE
                            (rising edge-triggered cell FDRE clocked by island_175  {rise@0.000ns fall@2.857ns period=5.714ns})
  Path Group:             island_175
  Path Type:              Setup (Max at Slow Process Corner)
  Requirement:            5.714ns  (island_175 rise@5.714ns - island_175 rise@0.000ns)
  Data Path Delay:        7.134ns  (logic 1.696ns (23.774%)  route 5.438ns (76.226%))
  Logic Levels:           10  (LUT3=1 LUT4=3 LUT5=3 LUT6=3)
  Clock Path Skew:        -0.049ns (DCD - SCD + CPR)
    Destination Clock Delay (DCD):    0.924ns = ( 6.638 - 5.714 ) 
    Source Clock Delay      (SCD):    0.973ns
    Clock Pessimism Removal (CPR):    0.000ns
  Clock Uncertainty:      0.035ns  ((TSJ^2 + TIJ^2)^1/2 + DJ) / 2 + PE
    Total System Jitter     (TSJ):    0.071ns
    Total Input Jitter      (TIJ):    0.000ns
    Discrete Jitter          (DJ):    0.000ns
    Phase Error              (PE):    0.000ns

    Location             Delay type                Incr(ns)  Path(ns)    Netlist Resource(s)
  -------------------------------------------------------------------    -------------------
                         (clock island_175 rise edge)
                                                      0.000     0.000 r  
                                                      0.000     0.000 r  fft_clk (IN)
                         net (fo=4716, unset)         0.973     0.973    result_guard/fft_clk
    SLICE_X14Y6          FDCE                                         r  result_guard/fault_reasons_reg[1]/C
  -------------------------------------------------------------------    -------------------
    SLICE_X14Y6          FDCE (Prop_fdce_C_Q)         0.456     1.429 r  result_guard/fault_reasons_reg[1]/Q
                         net (fo=2, routed)           0.999     2.428    result_guard/fault_reasons_reg_n_0_[1]
    SLICE_X15Y6          LUT4 (Prop_lut4_I0_O)        0.124     2.552 r  result_guard/status_exponent[4]_i_3/O
                         net (fo=2, routed)           0.302     2.854    result_guard/status_exponent[4]_i_3_n_0
    SLICE_X15Y6          LUT5 (Prop_lut5_I4_O)        0.124     2.978 r  result_guard/output_count[9]_i_3/O
                         net (fo=12, routed)          0.373     3.351    result_guard/fault_reasons_reg[6]_1
    SLICE_X16Y7          LUT6 (Prop_lut6_I0_O)        0.124     3.475 r  result_guard/descriptor[69]_i_2__0/O
                         net (fo=9, routed)           0.431     3.906    input_guard/registered_quarantine
    SLICE_X19Y7          LUT4 (Prop_lut4_I3_O)        0.124     4.030 f  input_guard/fault_reasons[2]_i_3/O
                         net (fo=7, routed)           0.781     4.811    result_guard/output_kernel_word_reg_i_6
    SLICE_X22Y4          LUT4 (Prop_lut4_I2_O)        0.124     4.935 f  result_guard/commit_pulse_i_9/O
                         net (fo=1, routed)           0.280     5.215    product_bank/commit_pulse_i_3
    SLICE_X22Y4          LUT5 (Prop_lut5_I1_O)        0.124     5.339 f  product_bank/commit_pulse_i_6/O
                         net (fo=3, routed)           0.313     5.652    product_bank/registered_scheduling.engine_output_reserved_reg_0
    SLICE_X25Y4          LUT3 (Prop_lut3_I1_O)        0.124     5.776 r  product_bank/output_kernel_word_reg_i_6/O
                         net (fo=1, routed)           0.285     6.061    result_guard/output_block_exponent_reg[0]_0
    SLICE_X23Y4          LUT6 (Prop_lut6_I5_O)        0.124     6.185 r  result_guard/output_kernel_word_reg_i_2/O
                         net (fo=4, routed)           0.607     6.792    result_guard/output_kernel_word_reg_i_2_n_0
    SLICE_X21Y4          LUT5 (Prop_lut5_I0_O)        0.124     6.916 r  result_guard/expected_bin_index[8]_i_1/O
                         net (fo=89, routed)          0.372     7.289    joiner/kernel_rom/output_block_exponent_reg[0]_0
    SLICE_X21Y5          LUT6 (Prop_lut6_I0_O)        0.124     7.413 r  joiner/kernel_rom/expected_next_block_start[63]_i_1/O
                         net (fo=65, routed)          0.694     8.107    joiner/kernel_rom/have_previous_block
    SLICE_X20Y3          FDRE                                         r  joiner/kernel_rom/expected_next_block_start_reg[54]/CE
  -------------------------------------------------------------------    -------------------

                         (clock island_175 rise edge)
                                                      5.714     5.714 r  
                                                      0.000     5.714 r  fft_clk (IN)
                         net (fo=4716, unset)         0.924     6.638    joiner/kernel_rom/fft_clk
    SLICE_X20Y3          FDRE                                         r  joiner/kernel_rom/expected_next_block_start_reg[54]/C
                         clock pessimism              0.000     6.638    
                         clock uncertainty           -0.035     6.603    
    SLICE_X20Y3          FDRE (Setup_fdre_C_CE)      -0.169     6.434    joiner/kernel_rom/expected_next_block_start_reg[54]
  -------------------------------------------------------------------
                         required time                          6.434    
                         arrival time                          -8.107    
  -------------------------------------------------------------------
                         slack                                 -1.673    

Slack (VIOLATED) :        -1.673ns  (required time - arrival time)
  Source:                 result_guard/fault_reasons_reg[1]/C
                            (rising edge-triggered cell FDCE clocked by island_175  {rise@0.000ns fall@2.857ns period=5.714ns})
  Destination:            joiner/kernel_rom/expected_next_block_start_reg[55]/CE
                            (rising edge-triggered cell FDRE clocked by island_175  {rise@0.000ns fall@2.857ns period=5.714ns})
  Path Group:             island_175
  Path Type:              Setup (Max at Slow Process Corner)
  Requirement:            5.714ns  (island_175 rise@5.714ns - island_175 rise@0.000ns)
  Data Path Delay:        7.134ns  (logic 1.696ns (23.774%)  route 5.438ns (76.226%))
  Logic Levels:           10  (LUT3=1 LUT4=3 LUT5=3 LUT6=3)
  Clock Path Skew:        -0.049ns (DCD - SCD + CPR)
    Destination Clock Delay (DCD):    0.924ns = ( 6.638 - 5.714 ) 
    Source Clock Delay      (SCD):    0.973ns
    Clock Pessimism Removal (CPR):    0.000ns
  Clock Uncertainty:      0.035ns  ((TSJ^2 + TIJ^2)^1/2 + DJ) / 2 + PE
    Total System Jitter     (TSJ):    0.071ns
    Total Input Jitter      (TIJ):    0.000ns
    Discrete Jitter          (DJ):    0.000ns
    Phase Error              (PE):    0.000ns

    Location             Delay type                Incr(ns)  Path(ns)    Netlist Resource(s)
  -------------------------------------------------------------------    -------------------
                         (clock island_175 rise edge)
                                                      0.000     0.000 r  
                                                      0.000     0.000 r  fft_clk (IN)
                         net (fo=4716, unset)         0.973     0.973    result_guard/fft_clk
    SLICE_X14Y6          FDCE                                         r  result_guard/fault_reasons_reg[1]/C
  -------------------------------------------------------------------    -------------------
    SLICE_X14Y6          FDCE (Prop_fdce_C_Q)         0.456     1.429 r  result_guard/fault_reasons_reg[1]/Q
                         net (fo=2, routed)           0.999     2.428    result_guard/fault_reasons_reg_n_0_[1]
    SLICE_X15Y6          LUT4 (Prop_lut4_I0_O)        0.124     2.552 r  result_guard/status_exponent[4]_i_3/O
                         net (fo=2, routed)           0.302     2.854    result_guard/status_exponent[4]_i_3_n_0
    SLICE_X15Y6          LUT5 (Prop_lut5_I4_O)        0.124     2.978 r  result_guard/output_count[9]_i_3/O
                         net (fo=12, routed)          0.373     3.351    result_guard/fault_reasons_reg[6]_1
    SLICE_X16Y7          LUT6 (Prop_lut6_I0_O)        0.124     3.475 r  result_guard/descriptor[69]_i_2__0/O
                         net (fo=9, routed)           0.431     3.906    input_guard/registered_quarantine
    SLICE_X19Y7          LUT4 (Prop_lut4_I3_O)        0.124     4.030 f  input_guard/fault_reasons[2]_i_3/O
                         net (fo=7, routed)           0.781     4.811    result_guard/output_kernel_word_reg_i_6
    SLICE_X22Y4          LUT4 (Prop_lut4_I2_O)        0.124     4.935 f  result_guard/commit_pulse_i_9/O
                         net (fo=1, routed)           0.280     5.215    product_bank/commit_pulse_i_3
    SLICE_X22Y4          LUT5 (Prop_lut5_I1_O)        0.124     5.339 f  product_bank/commit_pulse_i_6/O
                         net (fo=3, routed)           0.313     5.652    product_bank/registered_scheduling.engine_output_reserved_reg_0
    SLICE_X25Y4          LUT3 (Prop_lut3_I1_O)        0.124     5.776 r  product_bank/output_kernel_word_reg_i_6/O
                         net (fo=1, routed)           0.285     6.061    result_guard/output_block_exponent_reg[0]_0
    SLICE_X23Y4          LUT6 (Prop_lut6_I5_O)        0.124     6.185 r  result_guard/output_kernel_word_reg_i_2/O
                         net (fo=4, routed)           0.607     6.792    result_guard/output_kernel_word_reg_i_2_n_0
    SLICE_X21Y4          LUT5 (Prop_lut5_I0_O)        0.124     6.916 r  result_guard/expected_bin_index[8]_i_1/O
                         net (fo=89, routed)          0.372     7.289    joiner/kernel_rom/output_block_exponent_reg[0]_0
    SLICE_X21Y5          LUT6 (Prop_lut6_I0_O)        0.124     7.413 r  joiner/kernel_rom/expected_next_block_start[63]_i_1/O
                         net (fo=65, routed)          0.694     8.107    joiner/kernel_rom/have_previous_block
    SLICE_X20Y3          FDRE                                         r  joiner/kernel_rom/expected_next_block_start_reg[55]/CE
  -------------------------------------------------------------------    -------------------

                         (clock island_175 rise edge)
                                                      5.714     5.714 r  
                                                      0.000     5.714 r  fft_clk (IN)
                         net (fo=4716, unset)         0.924     6.638    joiner/kernel_rom/fft_clk
    SLICE_X20Y3          FDRE                                         r  joiner/kernel_rom/expected_next_block_start_reg[55]/C
                         clock pessimism              0.000     6.638    
                         clock uncertainty           -0.035     6.603    
    SLICE_X20Y3          FDRE (Setup_fdre_C_CE)      -0.169     6.434    joiner/kernel_rom/expected_next_block_start_reg[55]
  -------------------------------------------------------------------
                         required time                          6.434    
                         arrival time                          -8.107    
  -------------------------------------------------------------------
                         slack                                 -1.673    

Slack (VIOLATED) :        -1.673ns  (required time - arrival time)
  Source:                 result_guard/fault_reasons_reg[1]/C
                            (rising edge-triggered cell FDCE clocked by island_175  {rise@0.000ns fall@2.857ns period=5.714ns})
  Destination:            joiner/kernel_rom/expected_next_block_start_reg[56]/CE
                            (rising edge-triggered cell FDRE clocked by island_175  {rise@0.000ns fall@2.857ns period=5.714ns})
  Path Group:             island_175
  Path Type:              Setup (Max at Slow Process Corner)
  Requirement:            5.714ns  (island_175 rise@5.714ns - island_175 rise@0.000ns)
  Data Path Delay:        7.134ns  (logic 1.696ns (23.774%)  route 5.438ns (76.226%))
  Logic Levels:           10  (LUT3=1 LUT4=3 LUT5=3 LUT6=3)
  Clock Path Skew:        -0.049ns (DCD - SCD + CPR)
    Destination Clock Delay (DCD):    0.924ns = ( 6.638 - 5.714 ) 
    Source Clock Delay      (SCD):    0.973ns
    Clock Pessimism Removal (CPR):    0.000ns
  Clock Uncertainty:      0.035ns  ((TSJ^2 + TIJ^2)^1/2 + DJ) / 2 + PE
    Total System Jitter     (TSJ):    0.071ns
    Total Input Jitter      (TIJ):    0.000ns
    Discrete Jitter          (DJ):    0.000ns
    Phase Error              (PE):    0.000ns

    Location             Delay type                Incr(ns)  Path(ns)    Netlist Resource(s)
  -------------------------------------------------------------------    -------------------
                         (clock island_175 rise edge)
                                                      0.000     0.000 r  
                                                      0.000     0.000 r  fft_clk (IN)
                         net (fo=4716, unset)         0.973     0.973    result_guard/fft_clk
    SLICE_X14Y6          FDCE                                         r  result_guard/fault_reasons_reg[1]/C
  -------------------------------------------------------------------    -------------------
    SLICE_X14Y6          FDCE (Prop_fdce_C_Q)         0.456     1.429 r  result_guard/fault_reasons_reg[1]/Q
                         net (fo=2, routed)           0.999     2.428    result_guard/fault_reasons_reg_n_0_[1]
    SLICE_X15Y6          LUT4 (Prop_lut4_I0_O)        0.124     2.552 r  result_guard/status_exponent[4]_i_3/O
                         net (fo=2, routed)           0.302     2.854    result_guard/status_exponent[4]_i_3_n_0
    SLICE_X15Y6          LUT5 (Prop_lut5_I4_O)        0.124     2.978 r  result_guard/output_count[9]_i_3/O
                         net (fo=12, routed)          0.373     3.351    result_guard/fault_reasons_reg[6]_1
    SLICE_X16Y7          LUT6 (Prop_lut6_I0_O)        0.124     3.475 r  result_guard/descriptor[69]_i_2__0/O
                         net (fo=9, routed)           0.431     3.906    input_guard/registered_quarantine
    SLICE_X19Y7          LUT4 (Prop_lut4_I3_O)        0.124     4.030 f  input_guard/fault_reasons[2]_i_3/O
                         net (fo=7, routed)           0.781     4.811    result_guard/output_kernel_word_reg_i_6
    SLICE_X22Y4          LUT4 (Prop_lut4_I2_O)        0.124     4.935 f  result_guard/commit_pulse_i_9/O
                         net (fo=1, routed)           0.280     5.215    product_bank/commit_pulse_i_3
    SLICE_X22Y4          LUT5 (Prop_lut5_I1_O)        0.124     5.339 f  product_bank/commit_pulse_i_6/O
                         net (fo=3, routed)           0.313     5.652    product_bank/registered_scheduling.engine_output_reserved_reg_0
    SLICE_X25Y4          LUT3 (Prop_lut3_I1_O)        0.124     5.776 r  product_bank/output_kernel_word_reg_i_6/O
                         net (fo=1, routed)           0.285     6.061    result_guard/output_block_exponent_reg[0]_0
    SLICE_X23Y4          LUT6 (Prop_lut6_I5_O)        0.124     6.185 r  result_guard/output_kernel_word_reg_i_2/O
                         net (fo=4, routed)           0.607     6.792    result_guard/output_kernel_word_reg_i_2_n_0
    SLICE_X21Y4          LUT5 (Prop_lut5_I0_O)        0.124     6.916 r  result_guard/expected_bin_index[8]_i_1/O
                         net (fo=89, routed)          0.372     7.289    joiner/kernel_rom/output_block_exponent_reg[0]_0
    SLICE_X21Y5          LUT6 (Prop_lut6_I0_O)        0.124     7.413 r  joiner/kernel_rom/expected_next_block_start[63]_i_1/O
                         net (fo=65, routed)          0.694     8.107    joiner/kernel_rom/have_previous_block
    SLICE_X20Y3          FDRE                                         r  joiner/kernel_rom/expected_next_block_start_reg[56]/CE
  -------------------------------------------------------------------    -------------------

                         (clock island_175 rise edge)
                                                      5.714     5.714 r  
                                                      0.000     5.714 r  fft_clk (IN)
                         net (fo=4716, unset)         0.924     6.638    joiner/kernel_rom/fft_clk
    SLICE_X20Y3          FDRE                                         r  joiner/kernel_rom/expected_next_block_start_reg[56]/C
                         clock pessimism              0.000     6.638    
                         clock uncertainty           -0.035     6.603    
    SLICE_X20Y3          FDRE (Setup_fdre_C_CE)      -0.169     6.434    joiner/kernel_rom/expected_next_block_start_reg[56]
  -------------------------------------------------------------------
                         required time                          6.434    
                         arrival time                          -8.107    
  -------------------------------------------------------------------
                         slack                                 -1.673    

Slack (VIOLATED) :        -1.620ns  (required time - arrival time)
  Source:                 result_guard/fault_reasons_reg[1]/C
                            (rising edge-triggered cell FDCE clocked by island_175  {rise@0.000ns fall@2.857ns period=5.714ns})
  Destination:            joiner/kernel_rom/expected_next_block_start_reg[10]/CE
                            (rising edge-triggered cell FDRE clocked by island_175  {rise@0.000ns fall@2.857ns period=5.714ns})
  Path Group:             island_175
  Path Type:              Setup (Max at Slow Process Corner)
  Requirement:            5.714ns  (island_175 rise@5.714ns - island_175 rise@0.000ns)
  Data Path Delay:        7.045ns  (logic 1.696ns (24.075%)  route 5.349ns (75.925%))
  Logic Levels:           10  (LUT3=1 LUT4=3 LUT5=3 LUT6=3)
  Clock Path Skew:        -0.049ns (DCD - SCD + CPR)
    Destination Clock Delay (DCD):    0.924ns = ( 6.638 - 5.714 ) 
    Source Clock Delay      (SCD):    0.973ns
    Clock Pessimism Removal (CPR):    0.000ns
  Clock Uncertainty:      0.035ns  ((TSJ^2 + TIJ^2)^1/2 + DJ) / 2 + PE
    Total System Jitter     (TSJ):    0.071ns
    Total Input Jitter      (TIJ):    0.000ns
    Discrete Jitter          (DJ):    0.000ns
    Phase Error              (PE):    0.000ns

    Location             Delay type                Incr(ns)  Path(ns)    Netlist Resource(s)
  -------------------------------------------------------------------    -------------------
                         (clock island_175 rise edge)
                                                      0.000     0.000 r  
                                                      0.000     0.000 r  fft_clk (IN)
                         net (fo=4716, unset)         0.973     0.973    result_guard/fft_clk
    SLICE_X14Y6          FDCE                                         r  result_guard/fault_reasons_reg[1]/C
  -------------------------------------------------------------------    -------------------
    SLICE_X14Y6          FDCE (Prop_fdce_C_Q)         0.456     1.429 r  result_guard/fault_reasons_reg[1]/Q
                         net (fo=2, routed)           0.999     2.428    result_guard/fault_reasons_reg_n_0_[1]
    SLICE_X15Y6          LUT4 (Prop_lut4_I0_O)        0.124     2.552 r  result_guard/status_exponent[4]_i_3/O
                         net (fo=2, routed)           0.302     2.854    result_guard/status_exponent[4]_i_3_n_0
    SLICE_X15Y6          LUT5 (Prop_lut5_I4_O)        0.124     2.978 r  result_guard/output_count[9]_i_3/O
                         net (fo=12, routed)          0.373     3.351    result_guard/fault_reasons_reg[6]_1
    SLICE_X16Y7          LUT6 (Prop_lut6_I0_O)        0.124     3.475 r  result_guard/descriptor[69]_i_2__0/O
                         net (fo=9, routed)           0.431     3.906    input_guard/registered_quarantine
    SLICE_X19Y7          LUT4 (Prop_lut4_I3_O)        0.124     4.030 f  input_guard/fault_reasons[2]_i_3/O
                         net (fo=7, routed)           0.781     4.811    result_guard/output_kernel_word_reg_i_6
    SLICE_X22Y4          LUT4 (Prop_lut4_I2_O)        0.124     4.935 f  result_guard/commit_pulse_i_9/O
                         net (fo=1, routed)           0.280     5.215    product_bank/commit_pulse_i_3
    SLICE_X22Y4          LUT5 (Prop_lut5_I1_O)        0.124     5.339 f  product_bank/commit_pulse_i_6/O
                         net (fo=3, routed)           0.313     5.652    product_bank/registered_scheduling.engine_output_reserved_reg_0
    SLICE_X25Y4          LUT3 (Prop_lut3_I1_O)        0.124     5.776 r  product_bank/output_kernel_word_reg_i_6/O
                         net (fo=1, routed)           0.285     6.061    result_guard/output_block_exponent_reg[0]_0
    SLICE_X23Y4          LUT6 (Prop_lut6_I5_O)        0.124     6.185 r  result_guard/output_kernel_word_reg_i_2/O
                         net (fo=4, routed)           0.607     6.792    result_guard/output_kernel_word_reg_i_2_n_0
    SLICE_X21Y4          LUT5 (Prop_lut5_I0_O)        0.124     6.916 r  result_guard/expected_bin_index[8]_i_1/O
                         net (fo=89, routed)          0.372     7.289    joiner/kernel_rom/output_block_exponent_reg[0]_0
    SLICE_X21Y5          LUT6 (Prop_lut6_I0_O)        0.124     7.413 r  joiner/kernel_rom/expected_next_block_start[63]_i_1/O
                         net (fo=65, routed)          0.605     8.018    joiner/kernel_rom/have_previous_block
    SLICE_X18Y4          FDRE                                         r  joiner/kernel_rom/expected_next_block_start_reg[10]/CE
  -------------------------------------------------------------------    -------------------

                         (clock island_175 rise edge)
                                                      5.714     5.714 r  
                                                      0.000     5.714 r  fft_clk (IN)
                         net (fo=4716, unset)         0.924     6.638    joiner/kernel_rom/fft_clk
    SLICE_X18Y4          FDRE                                         r  joiner/kernel_rom/expected_next_block_start_reg[10]/C
                         clock pessimism              0.000     6.638    
                         clock uncertainty           -0.035     6.603    
    SLICE_X18Y4          FDRE (Setup_fdre_C_CE)      -0.205     6.398    joiner/kernel_rom/expected_next_block_start_reg[10]
  -------------------------------------------------------------------
                         required time                          6.398    
                         arrival time                          -8.018    
  -------------------------------------------------------------------
                         slack                                 -1.620    

Slack (VIOLATED) :        -1.620ns  (required time - arrival time)
  Source:                 result_guard/fault_reasons_reg[1]/C
                            (rising edge-triggered cell FDCE clocked by island_175  {rise@0.000ns fall@2.857ns period=5.714ns})
  Destination:            joiner/kernel_rom/expected_next_block_start_reg[11]/CE
                            (rising edge-triggered cell FDRE clocked by island_175  {rise@0.000ns fall@2.857ns period=5.714ns})
  Path Group:             island_175
  Path Type:              Setup (Max at Slow Process Corner)
  Requirement:            5.714ns  (island_175 rise@5.714ns - island_175 rise@0.000ns)
  Data Path Delay:        7.045ns  (logic 1.696ns (24.075%)  route 5.349ns (75.925%))
  Logic Levels:           10  (LUT3=1 LUT4=3 LUT5=3 LUT6=3)
  Clock Path Skew:        -0.049ns (DCD - SCD + CPR)
    Destination Clock Delay (DCD):    0.924ns = ( 6.638 - 5.714 ) 
    Source Clock Delay      (SCD):    0.973ns
    Clock Pessimism Removal (CPR):    0.000ns
  Clock Uncertainty:      0.035ns  ((TSJ^2 + TIJ^2)^1/2 + DJ) / 2 + PE
    Total System Jitter     (TSJ):    0.071ns
    Total Input Jitter      (TIJ):    0.000ns
    Discrete Jitter          (DJ):    0.000ns
    Phase Error              (PE):    0.000ns

    Location             Delay type                Incr(ns)  Path(ns)    Netlist Resource(s)
  -------------------------------------------------------------------    -------------------
                         (clock island_175 rise edge)
                                                      0.000     0.000 r  
                                                      0.000     0.000 r  fft_clk (IN)
                         net (fo=4716, unset)         0.973     0.973    result_guard/fft_clk
    SLICE_X14Y6          FDCE                                         r  result_guard/fault_reasons_reg[1]/C
  -------------------------------------------------------------------    -------------------
    SLICE_X14Y6          FDCE (Prop_fdce_C_Q)         0.456     1.429 r  result_guard/fault_reasons_reg[1]/Q
                         net (fo=2, routed)           0.999     2.428    result_guard/fault_reasons_reg_n_0_[1]
    SLICE_X15Y6          LUT4 (Prop_lut4_I0_O)        0.124     2.552 r  result_guard/status_exponent[4]_i_3/O
                         net (fo=2, routed)           0.302     2.854    result_guard/status_exponent[4]_i_3_n_0
    SLICE_X15Y6          LUT5 (Prop_lut5_I4_O)        0.124     2.978 r  result_guard/output_count[9]_i_3/O
                         net (fo=12, routed)          0.373     3.351    result_guard/fault_reasons_reg[6]_1
    SLICE_X16Y7          LUT6 (Prop_lut6_I0_O)        0.124     3.475 r  result_guard/descriptor[69]_i_2__0/O
                         net (fo=9, routed)           0.431     3.906    input_guard/registered_quarantine
    SLICE_X19Y7          LUT4 (Prop_lut4_I3_O)        0.124     4.030 f  input_guard/fault_reasons[2]_i_3/O
                         net (fo=7, routed)           0.781     4.811    result_guard/output_kernel_word_reg_i_6
    SLICE_X22Y4          LUT4 (Prop_lut4_I2_O)        0.124     4.935 f  result_guard/commit_pulse_i_9/O
                         net (fo=1, routed)           0.280     5.215    product_bank/commit_pulse_i_3
    SLICE_X22Y4          LUT5 (Prop_lut5_I1_O)        0.124     5.339 f  product_bank/commit_pulse_i_6/O
                         net (fo=3, routed)           0.313     5.652    product_bank/registered_scheduling.engine_output_reserved_reg_0
    SLICE_X25Y4          LUT3 (Prop_lut3_I1_O)        0.124     5.776 r  product_bank/output_kernel_word_reg_i_6/O
                         net (fo=1, routed)           0.285     6.061    result_guard/output_block_exponent_reg[0]_0
    SLICE_X23Y4          LUT6 (Prop_lut6_I5_O)        0.124     6.185 r  result_guard/output_kernel_word_reg_i_2/O
                         net (fo=4, routed)           0.607     6.792    result_guard/output_kernel_word_reg_i_2_n_0
    SLICE_X21Y4          LUT5 (Prop_lut5_I0_O)        0.124     6.916 r  result_guard/expected_bin_index[8]_i_1/O
                         net (fo=89, routed)          0.372     7.289    joiner/kernel_rom/output_block_exponent_reg[0]_0
    SLICE_X21Y5          LUT6 (Prop_lut6_I0_O)        0.124     7.413 r  joiner/kernel_rom/expected_next_block_start[63]_i_1/O
                         net (fo=65, routed)          0.605     8.018    joiner/kernel_rom/have_previous_block
    SLICE_X18Y4          FDRE                                         r  joiner/kernel_rom/expected_next_block_start_reg[11]/CE
  -------------------------------------------------------------------    -------------------

                         (clock island_175 rise edge)
                                                      5.714     5.714 r  
                                                      0.000     5.714 r  fft_clk (IN)
                         net (fo=4716, unset)         0.924     6.638    joiner/kernel_rom/fft_clk
    SLICE_X18Y4          FDRE                                         r  joiner/kernel_rom/expected_next_block_start_reg[11]/C
                         clock pessimism              0.000     6.638    
                         clock uncertainty           -0.035     6.603    
    SLICE_X18Y4          FDRE (Setup_fdre_C_CE)      -0.205     6.398    joiner/kernel_rom/expected_next_block_start_reg[11]
  -------------------------------------------------------------------
                         required time                          6.398    
                         arrival time                          -8.018    
  -------------------------------------------------------------------
                         slack                                 -1.620    

Slack (VIOLATED) :        -1.620ns  (required time - arrival time)
  Source:                 result_guard/fault_reasons_reg[1]/C
                            (rising edge-triggered cell FDCE clocked by island_175  {rise@0.000ns fall@2.857ns period=5.714ns})
  Destination:            joiner/kernel_rom/expected_next_block_start_reg[41]/CE
                            (rising edge-triggered cell FDRE clocked by island_175  {rise@0.000ns fall@2.857ns period=5.714ns})
  Path Group:             island_175
  Path Type:              Setup (Max at Slow Process Corner)
  Requirement:            5.714ns  (island_175 rise@5.714ns - island_175 rise@0.000ns)
  Data Path Delay:        7.045ns  (logic 1.696ns (24.075%)  route 5.349ns (75.925%))
  Logic Levels:           10  (LUT3=1 LUT4=3 LUT5=3 LUT6=3)
  Clock Path Skew:        -0.049ns (DCD - SCD + CPR)
    Destination Clock Delay (DCD):    0.924ns = ( 6.638 - 5.714 ) 
    Source Clock Delay      (SCD):    0.973ns
    Clock Pessimism Removal (CPR):    0.000ns
  Clock Uncertainty:      0.035ns  ((TSJ^2 + TIJ^2)^1/2 + DJ) / 2 + PE
    Total System Jitter     (TSJ):    0.071ns
    Total Input Jitter      (TIJ):    0.000ns
    Discrete Jitter          (DJ):    0.000ns
    Phase Error              (PE):    0.000ns

    Location             Delay type                Incr(ns)  Path(ns)    Netlist Resource(s)
  -------------------------------------------------------------------    -------------------
                         (clock island_175 rise edge)
                                                      0.000     0.000 r  
                                                      0.000     0.000 r  fft_clk (IN)
                         net (fo=4716, unset)         0.973     0.973    result_guard/fft_clk
    SLICE_X14Y6          FDCE                                         r  result_guard/fault_reasons_reg[1]/C
  -------------------------------------------------------------------    -------------------
    SLICE_X14Y6          FDCE (Prop_fdce_C_Q)         0.456     1.429 r  result_guard/fault_reasons_reg[1]/Q
                         net (fo=2, routed)           0.999     2.428    result_guard/fault_reasons_reg_n_0_[1]
    SLICE_X15Y6          LUT4 (Prop_lut4_I0_O)        0.124     2.552 r  result_guard/status_exponent[4]_i_3/O
                         net (fo=2, routed)           0.302     2.854    result_guard/status_exponent[4]_i_3_n_0
    SLICE_X15Y6          LUT5 (Prop_lut5_I4_O)        0.124     2.978 r  result_guard/output_count[9]_i_3/O
                         net (fo=12, routed)          0.373     3.351    result_guard/fault_reasons_reg[6]_1
    SLICE_X16Y7          LUT6 (Prop_lut6_I0_O)        0.124     3.475 r  result_guard/descriptor[69]_i_2__0/O
                         net (fo=9, routed)           0.431     3.906    input_guard/registered_quarantine
    SLICE_X19Y7          LUT4 (Prop_lut4_I3_O)        0.124     4.030 f  input_guard/fault_reasons[2]_i_3/O
                         net (fo=7, routed)           0.781     4.811    result_guard/output_kernel_word_reg_i_6
    SLICE_X22Y4          LUT4 (Prop_lut4_I2_O)        0.124     4.935 f  result_guard/commit_pulse_i_9/O
                         net (fo=1, routed)           0.280     5.215    product_bank/commit_pulse_i_3
    SLICE_X22Y4          LUT5 (Prop_lut5_I1_O)        0.124     5.339 f  product_bank/commit_pulse_i_6/O
                         net (fo=3, routed)           0.313     5.652    product_bank/registered_scheduling.engine_output_reserved_reg_0
    SLICE_X25Y4          LUT3 (Prop_lut3_I1_O)        0.124     5.776 r  product_bank/output_kernel_word_reg_i_6/O
                         net (fo=1, routed)           0.285     6.061    result_guard/output_block_exponent_reg[0]_0
    SLICE_X23Y4          LUT6 (Prop_lut6_I5_O)        0.124     6.185 r  result_guard/output_kernel_word_reg_i_2/O
                         net (fo=4, routed)           0.607     6.792    result_guard/output_kernel_word_reg_i_2_n_0
    SLICE_X21Y4          LUT5 (Prop_lut5_I0_O)        0.124     6.916 r  result_guard/expected_bin_index[8]_i_1/O
                         net (fo=89, routed)          0.372     7.289    joiner/kernel_rom/output_block_exponent_reg[0]_0
    SLICE_X21Y5          LUT6 (Prop_lut6_I0_O)        0.124     7.413 r  joiner/kernel_rom/expected_next_block_start[63]_i_1/O
                         net (fo=65, routed)          0.605     8.018    joiner/kernel_rom/have_previous_block
    SLICE_X18Y4          FDRE                                         r  joiner/kernel_rom/expected_next_block_start_reg[41]/CE
  -------------------------------------------------------------------    -------------------

                         (clock island_175 rise edge)
                                                      5.714     5.714 r  
                                                      0.000     5.714 r  fft_clk (IN)
                         net (fo=4716, unset)         0.924     6.638    joiner/kernel_rom/fft_clk
    SLICE_X18Y4          FDRE                                         r  joiner/kernel_rom/expected_next_block_start_reg[41]/C
                         clock pessimism              0.000     6.638    
                         clock uncertainty           -0.035     6.603    
    SLICE_X18Y4          FDRE (Setup_fdre_C_CE)      -0.205     6.398    joiner/kernel_rom/expected_next_block_start_reg[41]
  -------------------------------------------------------------------
                         required time                          6.398    
                         arrival time                          -8.018    
  -------------------------------------------------------------------
                         slack                                 -1.620    

Slack (VIOLATED) :        -1.620ns  (required time - arrival time)
  Source:                 result_guard/fault_reasons_reg[1]/C
                            (rising edge-triggered cell FDCE clocked by island_175  {rise@0.000ns fall@2.857ns period=5.714ns})
  Destination:            joiner/kernel_rom/expected_next_block_start_reg[42]/CE
                            (rising edge-triggered cell FDRE clocked by island_175  {rise@0.000ns fall@2.857ns period=5.714ns})
  Path Group:             island_175
  Path Type:              Setup (Max at Slow Process Corner)
  Requirement:            5.714ns  (island_175 rise@5.714ns - island_175 rise@0.000ns)
  Data Path Delay:        7.045ns  (logic 1.696ns (24.075%)  route 5.349ns (75.925%))
  Logic Levels:           10  (LUT3=1 LUT4=3 LUT5=3 LUT6=3)
  Clock Path Skew:        -0.049ns (DCD - SCD + CPR)
    Destination Clock Delay (DCD):    0.924ns = ( 6.638 - 5.714 ) 
    Source Clock Delay      (SCD):    0.973ns
    Clock Pessimism Removal (CPR):    0.000ns
  Clock Uncertainty:      0.035ns  ((TSJ^2 + TIJ^2)^1/2 + DJ) / 2 + PE
    Total System Jitter     (TSJ):    0.071ns
    Total Input Jitter      (TIJ):    0.000ns
    Discrete Jitter          (DJ):    0.000ns
    Phase Error              (PE):    0.000ns

    Location             Delay type                Incr(ns)  Path(ns)    Netlist Resource(s)
  -------------------------------------------------------------------    -------------------
                         (clock island_175 rise edge)
                                                      0.000     0.000 r  
                                                      0.000     0.000 r  fft_clk (IN)
                         net (fo=4716, unset)         0.973     0.973    result_guard/fft_clk
    SLICE_X14Y6          FDCE                                         r  result_guard/fault_reasons_reg[1]/C
  -------------------------------------------------------------------    -------------------
    SLICE_X14Y6          FDCE (Prop_fdce_C_Q)         0.456     1.429 r  result_guard/fault_reasons_reg[1]/Q
                         net (fo=2, routed)           0.999     2.428    result_guard/fault_reasons_reg_n_0_[1]
    SLICE_X15Y6          LUT4 (Prop_lut4_I0_O)        0.124     2.552 r  result_guard/status_exponent[4]_i_3/O
                         net (fo=2, routed)           0.302     2.854    result_guard/status_exponent[4]_i_3_n_0
    SLICE_X15Y6          LUT5 (Prop_lut5_I4_O)        0.124     2.978 r  result_guard/output_count[9]_i_3/O
                         net (fo=12, routed)          0.373     3.351    result_guard/fault_reasons_reg[6]_1
    SLICE_X16Y7          LUT6 (Prop_lut6_I0_O)        0.124     3.475 r  result_guard/descriptor[69]_i_2__0/O
                         net (fo=9, routed)           0.431     3.906    input_guard/registered_quarantine
    SLICE_X19Y7          LUT4 (Prop_lut4_I3_O)        0.124     4.030 f  input_guard/fault_reasons[2]_i_3/O
                         net (fo=7, routed)           0.781     4.811    result_guard/output_kernel_word_reg_i_6
    SLICE_X22Y4          LUT4 (Prop_lut4_I2_O)        0.124     4.935 f  result_guard/commit_pulse_i_9/O
                         net (fo=1, routed)           0.280     5.215    product_bank/commit_pulse_i_3
    SLICE_X22Y4          LUT5 (Prop_lut5_I1_O)        0.124     5.339 f  product_bank/commit_pulse_i_6/O
                         net (fo=3, routed)           0.313     5.652    product_bank/registered_scheduling.engine_output_reserved_reg_0
    SLICE_X25Y4          LUT3 (Prop_lut3_I1_O)        0.124     5.776 r  product_bank/output_kernel_word_reg_i_6/O
                         net (fo=1, routed)           0.285     6.061    result_guard/output_block_exponent_reg[0]_0
    SLICE_X23Y4          LUT6 (Prop_lut6_I5_O)        0.124     6.185 r  result_guard/output_kernel_word_reg_i_2/O
                         net (fo=4, routed)           0.607     6.792    result_guard/output_kernel_word_reg_i_2_n_0
    SLICE_X21Y4          LUT5 (Prop_lut5_I0_O)        0.124     6.916 r  result_guard/expected_bin_index[8]_i_1/O
                         net (fo=89, routed)          0.372     7.289    joiner/kernel_rom/output_block_exponent_reg[0]_0
    SLICE_X21Y5          LUT6 (Prop_lut6_I0_O)        0.124     7.413 r  joiner/kernel_rom/expected_next_block_start[63]_i_1/O
                         net (fo=65, routed)          0.605     8.018    joiner/kernel_rom/have_previous_block
    SLICE_X18Y4          FDRE                                         r  joiner/kernel_rom/expected_next_block_start_reg[42]/CE
  -------------------------------------------------------------------    -------------------

                         (clock island_175 rise edge)
                                                      5.714     5.714 r  
                                                      0.000     5.714 r  fft_clk (IN)
                         net (fo=4716, unset)         0.924     6.638    joiner/kernel_rom/fft_clk
    SLICE_X18Y4          FDRE                                         r  joiner/kernel_rom/expected_next_block_start_reg[42]/C
                         clock pessimism              0.000     6.638    
                         clock uncertainty           -0.035     6.603    
    SLICE_X18Y4          FDRE (Setup_fdre_C_CE)      -0.205     6.398    joiner/kernel_rom/expected_next_block_start_reg[42]
  -------------------------------------------------------------------
                         required time                          6.398    
                         arrival time                          -8.018    
  -------------------------------------------------------------------
                         slack                                 -1.620    

Slack (VIOLATED) :        -1.620ns  (required time - arrival time)
  Source:                 result_guard/fault_reasons_reg[1]/C
                            (rising edge-triggered cell FDCE clocked by island_175  {rise@0.000ns fall@2.857ns period=5.714ns})
  Destination:            joiner/kernel_rom/expected_next_block_start_reg[43]/CE
                            (rising edge-triggered cell FDRE clocked by island_175  {rise@0.000ns fall@2.857ns period=5.714ns})
  Path Group:             island_175
  Path Type:              Setup (Max at Slow Process Corner)
  Requirement:            5.714ns  (island_175 rise@5.714ns - island_175 rise@0.000ns)
  Data Path Delay:        7.045ns  (logic 1.696ns (24.075%)  route 5.349ns (75.925%))
  Logic Levels:           10  (LUT3=1 LUT4=3 LUT5=3 LUT6=3)
  Clock Path Skew:        -0.049ns (DCD - SCD + CPR)
    Destination Clock Delay (DCD):    0.924ns = ( 6.638 - 5.714 ) 
    Source Clock Delay      (SCD):    0.973ns
    Clock Pessimism Removal (CPR):    0.000ns
  Clock Uncertainty:      0.035ns  ((TSJ^2 + TIJ^2)^1/2 + DJ) / 2 + PE
    Total System Jitter     (TSJ):    0.071ns
    Total Input Jitter      (TIJ):    0.000ns
    Discrete Jitter          (DJ):    0.000ns
    Phase Error              (PE):    0.000ns

    Location             Delay type                Incr(ns)  Path(ns)    Netlist Resource(s)
  -------------------------------------------------------------------    -------------------
                         (clock island_175 rise edge)
                                                      0.000     0.000 r  
                                                      0.000     0.000 r  fft_clk (IN)
                         net (fo=4716, unset)         0.973     0.973    result_guard/fft_clk
    SLICE_X14Y6          FDCE                                         r  result_guard/fault_reasons_reg[1]/C
  -------------------------------------------------------------------    -------------------
    SLICE_X14Y6          FDCE (Prop_fdce_C_Q)         0.456     1.429 r  result_guard/fault_reasons_reg[1]/Q
                         net (fo=2, routed)           0.999     2.428    result_guard/fault_reasons_reg_n_0_[1]
    SLICE_X15Y6          LUT4 (Prop_lut4_I0_O)        0.124     2.552 r  result_guard/status_exponent[4]_i_3/O
                         net (fo=2, routed)           0.302     2.854    result_guard/status_exponent[4]_i_3_n_0
    SLICE_X15Y6          LUT5 (Prop_lut5_I4_O)        0.124     2.978 r  result_guard/output_count[9]_i_3/O
                         net (fo=12, routed)          0.373     3.351    result_guard/fault_reasons_reg[6]_1
    SLICE_X16Y7          LUT6 (Prop_lut6_I0_O)        0.124     3.475 r  result_guard/descriptor[69]_i_2__0/O
                         net (fo=9, routed)           0.431     3.906    input_guard/registered_quarantine
    SLICE_X19Y7          LUT4 (Prop_lut4_I3_O)        0.124     4.030 f  input_guard/fault_reasons[2]_i_3/O
                         net (fo=7, routed)           0.781     4.811    result_guard/output_kernel_word_reg_i_6
    SLICE_X22Y4          LUT4 (Prop_lut4_I2_O)        0.124     4.935 f  result_guard/commit_pulse_i_9/O
                         net (fo=1, routed)           0.280     5.215    product_bank/commit_pulse_i_3
    SLICE_X22Y4          LUT5 (Prop_lut5_I1_O)        0.124     5.339 f  product_bank/commit_pulse_i_6/O
                         net (fo=3, routed)           0.313     5.652    product_bank/registered_scheduling.engine_output_reserved_reg_0
    SLICE_X25Y4          LUT3 (Prop_lut3_I1_O)        0.124     5.776 r  product_bank/output_kernel_word_reg_i_6/O
                         net (fo=1, routed)           0.285     6.061    result_guard/output_block_exponent_reg[0]_0
    SLICE_X23Y4          LUT6 (Prop_lut6_I5_O)        0.124     6.185 r  result_guard/output_kernel_word_reg_i_2/O
                         net (fo=4, routed)           0.607     6.792    result_guard/output_kernel_word_reg_i_2_n_0
    SLICE_X21Y4          LUT5 (Prop_lut5_I0_O)        0.124     6.916 r  result_guard/expected_bin_index[8]_i_1/O
                         net (fo=89, routed)          0.372     7.289    joiner/kernel_rom/output_block_exponent_reg[0]_0
    SLICE_X21Y5          LUT6 (Prop_lut6_I0_O)        0.124     7.413 r  joiner/kernel_rom/expected_next_block_start[63]_i_1/O
                         net (fo=65, routed)          0.605     8.018    joiner/kernel_rom/have_previous_block
    SLICE_X18Y4          FDRE                                         r  joiner/kernel_rom/expected_next_block_start_reg[43]/CE
  -------------------------------------------------------------------    -------------------

                         (clock island_175 rise edge)
                                                      5.714     5.714 r  
                                                      0.000     5.714 r  fft_clk (IN)
                         net (fo=4716, unset)         0.924     6.638    joiner/kernel_rom/fft_clk
    SLICE_X18Y4          FDRE                                         r  joiner/kernel_rom/expected_next_block_start_reg[43]/C
                         clock pessimism              0.000     6.638    
                         clock uncertainty           -0.035     6.603    
    SLICE_X18Y4          FDRE (Setup_fdre_C_CE)      -0.205     6.398    joiner/kernel_rom/expected_next_block_start_reg[43]
  -------------------------------------------------------------------
                         required time                          6.398    
                         arrival time                          -8.018    
  -------------------------------------------------------------------
                         slack                                 -1.620    

Slack (VIOLATED) :        -1.620ns  (required time - arrival time)
  Source:                 result_guard/fault_reasons_reg[1]/C
                            (rising edge-triggered cell FDCE clocked by island_175  {rise@0.000ns fall@2.857ns period=5.714ns})
  Destination:            joiner/kernel_rom/expected_next_block_start_reg[44]/CE
                            (rising edge-triggered cell FDRE clocked by island_175  {rise@0.000ns fall@2.857ns period=5.714ns})
  Path Group:             island_175
  Path Type:              Setup (Max at Slow Process Corner)
  Requirement:            5.714ns  (island_175 rise@5.714ns - island_175 rise@0.000ns)
  Data Path Delay:        7.045ns  (logic 1.696ns (24.075%)  route 5.349ns (75.925%))
  Logic Levels:           10  (LUT3=1 LUT4=3 LUT5=3 LUT6=3)
  Clock Path Skew:        -0.049ns (DCD - SCD + CPR)
    Destination Clock Delay (DCD):    0.924ns = ( 6.638 - 5.714 ) 
    Source Clock Delay      (SCD):    0.973ns
    Clock Pessimism Removal (CPR):    0.000ns
  Clock Uncertainty:      0.035ns  ((TSJ^2 + TIJ^2)^1/2 + DJ) / 2 + PE
    Total System Jitter     (TSJ):    0.071ns
    Total Input Jitter      (TIJ):    0.000ns
    Discrete Jitter          (DJ):    0.000ns
    Phase Error              (PE):    0.000ns

    Location             Delay type                Incr(ns)  Path(ns)    Netlist Resource(s)
  -------------------------------------------------------------------    -------------------
                         (clock island_175 rise edge)
                                                      0.000     0.000 r  
                                                      0.000     0.000 r  fft_clk (IN)
                         net (fo=4716, unset)         0.973     0.973    result_guard/fft_clk
    SLICE_X14Y6          FDCE                                         r  result_guard/fault_reasons_reg[1]/C
  -------------------------------------------------------------------    -------------------
    SLICE_X14Y6          FDCE (Prop_fdce_C_Q)         0.456     1.429 r  result_guard/fault_reasons_reg[1]/Q
                         net (fo=2, routed)           0.999     2.428    result_guard/fault_reasons_reg_n_0_[1]
    SLICE_X15Y6          LUT4 (Prop_lut4_I0_O)        0.124     2.552 r  result_guard/status_exponent[4]_i_3/O
                         net (fo=2, routed)           0.302     2.854    result_guard/status_exponent[4]_i_3_n_0
    SLICE_X15Y6          LUT5 (Prop_lut5_I4_O)        0.124     2.978 r  result_guard/output_count[9]_i_3/O
                         net (fo=12, routed)          0.373     3.351    result_guard/fault_reasons_reg[6]_1
    SLICE_X16Y7          LUT6 (Prop_lut6_I0_O)        0.124     3.475 r  result_guard/descriptor[69]_i_2__0/O
                         net (fo=9, routed)           0.431     3.906    input_guard/registered_quarantine
    SLICE_X19Y7          LUT4 (Prop_lut4_I3_O)        0.124     4.030 f  input_guard/fault_reasons[2]_i_3/O
                         net (fo=7, routed)           0.781     4.811    result_guard/output_kernel_word_reg_i_6
    SLICE_X22Y4          LUT4 (Prop_lut4_I2_O)        0.124     4.935 f  result_guard/commit_pulse_i_9/O
                         net (fo=1, routed)           0.280     5.215    product_bank/commit_pulse_i_3
    SLICE_X22Y4          LUT5 (Prop_lut5_I1_O)        0.124     5.339 f  product_bank/commit_pulse_i_6/O
                         net (fo=3, routed)           0.313     5.652    product_bank/registered_scheduling.engine_output_reserved_reg_0
    SLICE_X25Y4          LUT3 (Prop_lut3_I1_O)        0.124     5.776 r  product_bank/output_kernel_word_reg_i_6/O
                         net (fo=1, routed)           0.285     6.061    result_guard/output_block_exponent_reg[0]_0
    SLICE_X23Y4          LUT6 (Prop_lut6_I5_O)        0.124     6.185 r  result_guard/output_kernel_word_reg_i_2/O
                         net (fo=4, routed)           0.607     6.792    result_guard/output_kernel_word_reg_i_2_n_0
    SLICE_X21Y4          LUT5 (Prop_lut5_I0_O)        0.124     6.916 r  result_guard/expected_bin_index[8]_i_1/O
                         net (fo=89, routed)          0.372     7.289    joiner/kernel_rom/output_block_exponent_reg[0]_0
    SLICE_X21Y5          LUT6 (Prop_lut6_I0_O)        0.124     7.413 r  joiner/kernel_rom/expected_next_block_start[63]_i_1/O
                         net (fo=65, routed)          0.605     8.018    joiner/kernel_rom/have_previous_block
    SLICE_X18Y4          FDRE                                         r  joiner/kernel_rom/expected_next_block_start_reg[44]/CE
  -------------------------------------------------------------------    -------------------

                         (clock island_175 rise edge)
                                                      5.714     5.714 r  
                                                      0.000     5.714 r  fft_clk (IN)
                         net (fo=4716, unset)         0.924     6.638    joiner/kernel_rom/fft_clk
    SLICE_X18Y4          FDRE                                         r  joiner/kernel_rom/expected_next_block_start_reg[44]/C
                         clock pessimism              0.000     6.638    
                         clock uncertainty           -0.035     6.603    
    SLICE_X18Y4          FDRE (Setup_fdre_C_CE)      -0.205     6.398    joiner/kernel_rom/expected_next_block_start_reg[44]
  -------------------------------------------------------------------
                         required time                          6.398    
                         arrival time                          -8.018    
  -------------------------------------------------------------------
                         slack                                 -1.620    




