#-----------------------------------------------------------
# Vivado v2022.2 (64-bit)
# SW Build 3671981 on Fri Oct 14 04:59:54 MDT 2022
# IP Build 3669848 on Fri Oct 14 08:30:02 MDT 2022
# Start of session at: Thu Sep 10 03:08:43 2026
# Process ID: 3088283
# Current directory: /tmp/starlink-coarse-alternatives.Y3JzOI/completed-input-fence/hdl
# Command line: vivado -mode batch -nojournal -log /tmp/starlink-completed-input.5EaJuD/balanced-route-v1.log -source library/starlink_pss_acquisition/route_completed_input_fence.tcl -tclargs /tmp/starlink-completed-input.5EaJuD/balanced-synth-v1/fft_bank_owned_synth.dcp fbeb7245dec062e80ebf9c25cc10fdbf1c1a7fcd22b1fe3640168e552bff01c2 /tmp/starlink-completed-input.5EaJuD/balanced-route-v1
# Log file: /tmp/starlink-completed-input.5EaJuD/balanced-route-v1.log
# Journal file: 
# Running On: gauss, OS: Linux, CPU Frequency: 5299.538 MHz, CPU Physical cores: 24, Host memory: 132067 MB
#-----------------------------------------------------------
source library/starlink_pss_acquisition/route_completed_input_fence.tcl
# if {$argc != 3 || [version -short] ne "2022.2"} {
#   error "expected Vivado2022.2 SOURCE_DCP EXPECTED_SHA256 NEW_OUTPUT"
# }
# set source_dcp [file normalize [lindex $argv 0]]
# set expected [lindex $argv 1]
# set output_dir [file normalize [lindex $argv 2]]
# if {[file exists $output_dir]} { error "refusing to overwrite evidence" }
# if {![regexp {^[0-9a-f]{64}$} $expected] ||
#     [lindex [exec sha256sum $source_dcp] 0] ne $expected} {
#   error "unexpected synthesized input"
# }
# file mkdir $output_dir
# file copy [info script] [file join $output_dir probe.tcl]
# set_param general.maxThreads 2
# open_checkpoint $source_dcp
Command: open_checkpoint /tmp/starlink-completed-input.5EaJuD/balanced-synth-v1/fft_bank_owned_synth.dcp

Starting open_checkpoint Task

Time (s): cpu = 00:00:00.02 ; elapsed = 00:00:00.02 . Memory (MB): peak = 1322.340 ; gain = 0.000 ; free physical = 15978 ; free virtual = 154143
INFO: [Device 21-403] Loading part xc7z010clg400-1
Netlist sorting complete. Time (s): cpu = 00:00:00.03 ; elapsed = 00:00:00.03 . Memory (MB): peak = 1556.711 ; gain = 0.000 ; free physical = 15227 ; free virtual = 153394
INFO: [Netlist 29-17] Analyzing 221 Unisim elements for replacement
INFO: [Netlist 29-28] Unisim Transformation completed in 0 CPU seconds
INFO: [Project 1-479] Netlist was created with Vivado 2022.2
INFO: [Project 1-570] Preparing netlist for logic optimization
INFO: [Timing 38-478] Restoring timing data from binary archive.
INFO: [Timing 38-479] Binary timing data restore complete.
INFO: [Project 1-856] Restoring constraints from binary archive.
INFO: [Project 1-853] Binary constraint restore complete.
Netlist sorting complete. Time (s): cpu = 00:00:00 ; elapsed = 00:00:00 . Memory (MB): peak = 2138.945 ; gain = 0.000 ; free physical = 14782 ; free virtual = 152953
INFO: [Project 1-111] Unisim Transformation Summary:
No Unisim elements were transformed.

INFO: [Project 1-604] Checkpoint was created with Vivado v2022.2 (64-bit) build 3671981
OpenCheckpoint Checksum | Checksum: 1d0a95b7
----- Checksum: PlaceDB: 00000000 ShapeSum: 1d0a95b7 RouteDB: 00000000 
open_checkpoint: Time (s): cpu = 00:00:07 ; elapsed = 00:00:08 . Memory (MB): peak = 2138.945 ; gain = 816.605 ; free physical = 14782 ; free virtual = 152953
# if {[llength [get_cells -quiet -hier -filter {IS_BLACKBOX == 1}]]} {
#   error "black box in supposedly complete slice"
# }
# foreach {name period} {source_100 10.0 island_175 5.714} {
#   set clock [get_clocks -quiet $name]
#   if {[llength $clock] != 1 || abs([get_property PERIOD $clock]-$period) > 0.00001} {
#     error "unexpected diagnostic clock $name"
#   }
# }
# report_clocks -file [file join $output_dir clocks_before.rpt]
# write_xdc [file join $output_dir inherited_constraints.xdc]
# opt_design
Command: opt_design
Attempting to get a license for feature 'Implementation' and/or device 'xc7z010'
INFO: [Common 17-349] Got license for feature 'Implementation' and/or device 'xc7z010'
Running DRC as a precondition to command opt_design

Starting DRC Task
INFO: [DRC 23-27] Running DRC with 2 threads
INFO: [Project 1-461] DRC finished with 0 Errors
INFO: [Project 1-462] Please refer to the DRC report (report_drc) for more information.

Time (s): cpu = 00:00:00.53 ; elapsed = 00:00:00.36 . Memory (MB): peak = 2182.703 ; gain = 37.820 ; free physical = 14765 ; free virtual = 152936

Starting Cache Timing Information Task
Ending Cache Timing Information Task | Checksum: 5288f615

Time (s): cpu = 00:00:00 ; elapsed = 00:00:00.01 . Memory (MB): peak = 2182.703 ; gain = 0.000 ; free physical = 14765 ; free virtual = 152936

Starting Logic Optimization Task

Phase 1 Retarget
INFO: [Opt 31-1287] Pulled Inverter product_bank/payload_memory_reg_i_3 into driver instance product_bank/sum_real_reg_i_2, which resulted in an inversion of 15 pins
INFO: [Opt 31-1287] Pulled Inverter product_bank/registered_scheduling.engine_metadata[12]_i_1 into driver instance product_bank/registered_scheduling.engine_metadata[12]_i_2, which resulted in an inversion of 3 pins
INFO: [Opt 31-1287] Pulled Inverter product_bank/registered_scheduling.engine_metadata[15]_i_1 into driver instance product_bank/registered_scheduling.engine_metadata[15]_i_2, which resulted in an inversion of 3 pins
INFO: [Opt 31-1287] Pulled Inverter product_bank/registered_scheduling.engine_metadata[18]_i_1 into driver instance product_bank/registered_scheduling.engine_metadata[18]_i_2, which resulted in an inversion of 3 pins
INFO: [Opt 31-1287] Pulled Inverter product_bank/registered_scheduling.engine_metadata[21]_i_1 into driver instance product_bank/registered_scheduling.engine_metadata[21]_i_2, which resulted in an inversion of 3 pins
INFO: [Opt 31-1287] Pulled Inverter product_bank/registered_scheduling.engine_metadata[24]_i_1 into driver instance product_bank/registered_scheduling.engine_metadata[24]_i_2, which resulted in an inversion of 3 pins
INFO: [Opt 31-1287] Pulled Inverter product_bank/registered_scheduling.engine_metadata[27]_i_1 into driver instance product_bank/registered_scheduling.engine_metadata[27]_i_2, which resulted in an inversion of 3 pins
INFO: [Opt 31-1287] Pulled Inverter product_bank/registered_scheduling.engine_metadata[30]_i_1 into driver instance product_bank/registered_scheduling.engine_metadata[30]_i_2, which resulted in an inversion of 3 pins
INFO: [Opt 31-1287] Pulled Inverter product_bank/registered_scheduling.engine_metadata[33]_i_1 into driver instance product_bank/registered_scheduling.engine_metadata[33]_i_2, which resulted in an inversion of 3 pins
INFO: [Opt 31-1287] Pulled Inverter product_bank/registered_scheduling.engine_metadata[36]_i_1 into driver instance product_bank/registered_scheduling.engine_metadata[36]_i_2, which resulted in an inversion of 3 pins
INFO: [Opt 31-1287] Pulled Inverter product_bank/registered_scheduling.engine_metadata[39]_i_1 into driver instance product_bank/registered_scheduling.engine_metadata[39]_i_2, which resulted in an inversion of 3 pins
INFO: [Opt 31-1287] Pulled Inverter product_bank/registered_scheduling.engine_metadata[42]_i_1 into driver instance product_bank/registered_scheduling.engine_metadata[42]_i_2, which resulted in an inversion of 3 pins
INFO: [Opt 31-1287] Pulled Inverter product_bank/registered_scheduling.engine_metadata[45]_i_1 into driver instance product_bank/registered_scheduling.engine_metadata[45]_i_2, which resulted in an inversion of 3 pins
INFO: [Opt 31-1287] Pulled Inverter product_bank/registered_scheduling.engine_metadata[48]_i_1 into driver instance product_bank/registered_scheduling.engine_metadata[48]_i_2, which resulted in an inversion of 3 pins
INFO: [Opt 31-1287] Pulled Inverter product_bank/registered_scheduling.engine_metadata[51]_i_1 into driver instance product_bank/registered_scheduling.engine_metadata[51]_i_2, which resulted in an inversion of 3 pins
INFO: [Opt 31-1287] Pulled Inverter product_bank/registered_scheduling.engine_metadata[54]_i_1 into driver instance product_bank/registered_scheduling.engine_metadata[54]_i_2, which resulted in an inversion of 3 pins
INFO: [Opt 31-1287] Pulled Inverter product_bank/registered_scheduling.engine_metadata[57]_i_1 into driver instance product_bank/registered_scheduling.engine_metadata[57]_i_2, which resulted in an inversion of 3 pins
INFO: [Opt 31-1287] Pulled Inverter product_bank/registered_scheduling.engine_metadata[60]_i_1 into driver instance product_bank/registered_scheduling.engine_metadata[60]_i_2, which resulted in an inversion of 3 pins
INFO: [Opt 31-1287] Pulled Inverter product_bank/registered_scheduling.engine_metadata[63]_i_1 into driver instance product_bank/registered_scheduling.engine_metadata[63]_i_2, which resulted in an inversion of 3 pins
INFO: [Opt 31-1287] Pulled Inverter product_bank/registered_scheduling.engine_metadata[66]_i_1 into driver instance product_bank/registered_scheduling.engine_metadata[66]_i_2, which resulted in an inversion of 3 pins
INFO: [Opt 31-1287] Pulled Inverter product_bank/registered_scheduling.engine_metadata[6]_i_1 into driver instance product_bank/registered_scheduling.engine_metadata[6]_i_2, which resulted in an inversion of 3 pins
INFO: [Opt 31-1287] Pulled Inverter product_bank/registered_scheduling.engine_metadata[9]_i_1 into driver instance product_bank/registered_scheduling.engine_metadata[9]_i_2, which resulted in an inversion of 3 pins
INFO: [Opt 31-1287] Pulled Inverter registered_scheduling.preparation_age[5]_i_1 into driver instance result_guard/registered_scheduling.preparation_age[5]_i_3, which resulted in an inversion of 7 pins
INFO: [Opt 31-1287] Pulled Inverter shared_xfft/U0/i_synth/axi_wrapper/data_out_channel/gen_real_time.data_out[36]_i_1 into driver instance shared_xfft_i_1, which resulted in an inversion of 3 pins
INFO: [Opt 31-1287] Pulled Inverter shared_xfft/U0/i_synth/xfft_inst/non_floating_point.arch_b.xfft_inst/control/control/xn_index_counter/cnt_async/i_baseblox.i_baseblox_addsub/no_pipelining.the_addsub/i_lut6.i_lut6_addsub/i_simple_model.carryxor0_i_1 into driver instance shared_xfft/U0/i_synth/xfft_inst/non_floating_point.arch_b.xfft_inst/control/control/xn_index_counter/cnt_async_i_9, which resulted in an inversion of 1 pins
INFO: [Opt 31-1287] Pulled Inverter shared_xfft/U0/i_synth/xfft_inst/non_floating_point.arch_b.xfft_inst/control/control/nat_out_xk_index.no_cyclic_prefix.xk_index_counter/cnt_async/i_baseblox.i_baseblox_addsub/no_pipelining.the_addsub/i_lut6.i_lut6_addsub/i_simple_model.carryxor0_i_1 into driver instance shared_xfft/U0/i_synth/xfft_inst/non_floating_point.arch_b.xfft_inst/control/control/nat_out_xk_index.no_cyclic_prefix.xk_index_counter/cnt_async_i_9__0, which resulted in an inversion of 1 pins
INFO: [Opt 31-1287] Pulled Inverter shared_xfft/U0/i_synth/xfft_inst/non_floating_point.arch_b.xfft_inst/control/control/pe_cnt/cnt_async/i_baseblox.i_baseblox_addsub/no_pipelining.the_addsub/i_lut6.i_lut6_addsub/i_simple_model.carryxor0_i_1 into driver instance shared_xfft/U0/i_synth/xfft_inst/non_floating_point.arch_b.xfft_inst/control/control/pe_cnt/cnt_async_i_5__2, which resulted in an inversion of 1 pins
INFO: [Opt 31-1287] Pulled Inverter shared_xfft/U0/i_synth/xfft_inst/non_floating_point.arch_b.xfft_inst/control/control/rank_0_cnt/cnt_async/i_baseblox.i_baseblox_addsub/no_pipelining.the_addsub/i_lut6.i_lut6_addsub/i_simple_model.carryxor0_i_1 into driver instance shared_xfft/U0/i_synth/xfft_inst/non_floating_point.arch_b.xfft_inst/control/control/rank_0_cnt/cnt_async_i_3__3, which resulted in an inversion of 1 pins
INFO: [Opt 31-1287] Pulled Inverter shared_xfft/U0/i_synth/xfft_inst/non_floating_point.arch_b.xfft_inst/control/control/rn_0_cnt/cnt_async/i_baseblox.i_baseblox_addsub/no_pipelining.the_addsub/i_lut6.i_lut6_addsub/i_simple_model.carryxor0_i_1 into driver instance shared_xfft/U0/i_synth/xfft_inst/non_floating_point.arch_b.xfft_inst/control/control/rn_0_cnt/cnt_async_i_7__1, which resulted in an inversion of 1 pins
INFO: [Opt 31-1287] Pulled Inverter shared_xfft/U0/i_synth/xfft_inst/non_floating_point.arch_b.xfft_inst/control/processing_address_generator/u2_bypass/use_lut6_2.gen_full_lut6_2s[0].mlut1_i_2 into driver instance shared_xfft/U0/i_synth/xfft_inst/non_floating_point.arch_b.xfft_inst/control/processing_address_generator/u2_bypass/use_lut6_2.gen_full_lut6_2s[0].mlut1_i_1, which resulted in an inversion of 3 pins
INFO: [Opt 31-138] Pushed 10 inverter(s) to 13 load pin(s).
INFO: [Opt 31-49] Retargeted 0 cell(s).
Phase 1 Retarget | Checksum: b8d8c2a5

Time (s): cpu = 00:00:00.22 ; elapsed = 00:00:00.2 . Memory (MB): peak = 2438.656 ; gain = 0.000 ; free physical = 14529 ; free virtual = 152701
INFO: [Opt 31-389] Phase Retarget created 80 cells and removed 147 cells

Phase 2 Constant propagation
INFO: [Opt 31-138] Pushed 0 inverter(s) to 0 load pin(s).
Phase 2 Constant propagation | Checksum: 8ae2a05e

Time (s): cpu = 00:00:00.24 ; elapsed = 00:00:00.23 . Memory (MB): peak = 2438.656 ; gain = 0.000 ; free physical = 14538 ; free virtual = 152710
INFO: [Opt 31-389] Phase Constant propagation created 3 cells and removed 7 cells

Phase 3 Sweep
Phase 3 Sweep | Checksum: 1160a9d52

Time (s): cpu = 00:00:00.32 ; elapsed = 00:00:00.3 . Memory (MB): peak = 2438.656 ; gain = 0.000 ; free physical = 14549 ; free virtual = 152721
INFO: [Opt 31-389] Phase Sweep created 0 cells and removed 1 cells

Phase 4 BUFG optimization
Phase 4 BUFG optimization | Checksum: 1160a9d52

Time (s): cpu = 00:00:00.34 ; elapsed = 00:00:00.32 . Memory (MB): peak = 2462.668 ; gain = 24.012 ; free physical = 14550 ; free virtual = 152721
INFO: [Opt 31-662] Phase BUFG optimization created 0 cells of which 0 are BUFGs and removed 0 cells.

Phase 5 Shift Register Optimization
INFO: [Opt 31-1064] SRL Remap converted 0 SRLs to 0 registers and converted 0 registers of register chains to 0 SRLs
Phase 5 Shift Register Optimization | Checksum: 43c3e456

Time (s): cpu = 00:00:00.34 ; elapsed = 00:00:00.33 . Memory (MB): peak = 2462.668 ; gain = 24.012 ; free physical = 14550 ; free virtual = 152721
INFO: [Opt 31-389] Phase Shift Register Optimization created 1 cells and removed 0 cells

Phase 6 Post Processing Netlist
Phase 6 Post Processing Netlist | Checksum: 43c3e456

Time (s): cpu = 00:00:00.36 ; elapsed = 00:00:00.34 . Memory (MB): peak = 2462.668 ; gain = 24.012 ; free physical = 14550 ; free virtual = 152721
INFO: [Opt 31-389] Phase Post Processing Netlist created 0 cells and removed 0 cells
Opt_design Change Summary
=========================


-------------------------------------------------------------------------------------------------------------------------
|  Phase                        |  #Cells created  |  #Cells Removed  |  #Constrained objects preventing optimizations  |
-------------------------------------------------------------------------------------------------------------------------
|  Retarget                     |              80  |             147  |                                              0  |
|  Constant propagation         |               3  |               7  |                                              0  |
|  Sweep                        |               0  |               1  |                                              0  |
|  BUFG optimization            |               0  |               0  |                                              0  |
|  Shift Register Optimization  |               1  |               0  |                                              0  |
|  Post Processing Netlist      |               0  |               0  |                                              0  |
-------------------------------------------------------------------------------------------------------------------------



Starting Connectivity Check Task

Time (s): cpu = 00:00:00 ; elapsed = 00:00:00.01 . Memory (MB): peak = 2462.668 ; gain = 0.000 ; free physical = 14588 ; free virtual = 152759
Ending Logic Optimization Task | Checksum: 11973b364

Time (s): cpu = 00:00:00.42 ; elapsed = 00:00:00.4 . Memory (MB): peak = 2462.668 ; gain = 24.012 ; free physical = 14588 ; free virtual = 152759

Starting Power Optimization Task
INFO: [Pwropt 34-132] Skipping clock gating for clocks with a period < 2.00 ns.
INFO: [Pwropt 34-9] Applying IDT optimizations ...
INFO: [Pwropt 34-10] Applying ODC optimizations ...
INFO: [Timing 38-35] Done setting XDC timing constraints.
Running Vector-less Activity Propagation...

Finished Running Vector-less Activity Propagation


Starting PowerOpt Patch Enables Task
INFO: [Pwropt 34-162] WRITE_MODE attribute of 0 BRAM(s) out of a total of 15 has been updated to save power. Run report_power_opt to get a complete listing of the BRAMs updated.
INFO: [Pwropt 34-201] Structural ODC has moved 0 WE to EN ports
Number of BRAM Ports augmented: 4 newly gated: 12 Total Ports: 30
Ending PowerOpt Patch Enables Task | Checksum: 1715af1c0

Time (s): cpu = 00:00:00.02 ; elapsed = 00:00:00.03 . Memory (MB): peak = 2616.547 ; gain = 0.000 ; free physical = 15085 ; free virtual = 153257
Ending Power Optimization Task | Checksum: 1715af1c0

Time (s): cpu = 00:00:01 ; elapsed = 00:00:00.89 . Memory (MB): peak = 2616.547 ; gain = 153.879 ; free physical = 15085 ; free virtual = 153257

Starting Final Cleanup Task

Starting Logic Optimization Task
INFO: [Timing 38-35] Done setting XDC timing constraints.
Ending Logic Optimization Task | Checksum: 16949e731

Time (s): cpu = 00:00:00.4 ; elapsed = 00:00:00.3 . Memory (MB): peak = 2616.547 ; gain = 0.000 ; free physical = 15131 ; free virtual = 153303
Ending Final Cleanup Task | Checksum: 16949e731

Time (s): cpu = 00:00:02 ; elapsed = 00:00:02 . Memory (MB): peak = 2616.547 ; gain = 0.000 ; free physical = 15131 ; free virtual = 153303

Starting Netlist Obfuscation Task
Netlist sorting complete. Time (s): cpu = 00:00:00 ; elapsed = 00:00:00 . Memory (MB): peak = 2616.547 ; gain = 0.000 ; free physical = 15131 ; free virtual = 153303
Ending Netlist Obfuscation Task | Checksum: 16949e731

Time (s): cpu = 00:00:00 ; elapsed = 00:00:00.01 . Memory (MB): peak = 2616.547 ; gain = 0.000 ; free physical = 15131 ; free virtual = 153303
INFO: [Common 17-83] Releasing license: Implementation
52 Infos, 0 Warnings, 0 Critical Warnings and 0 Errors encountered.
opt_design completed successfully
INFO: [Common 17-600] The following parameters have non-default value.
general.maxThreads
# place_design
Command: place_design
Attempting to get a license for feature 'Implementation' and/or device 'xc7z010'
INFO: [Common 17-349] Got license for feature 'Implementation' and/or device 'xc7z010'
INFO: [DRC 23-27] Running DRC with 2 threads
INFO: [Vivado_Tcl 4-198] DRC finished with 0 Errors
INFO: [Vivado_Tcl 4-199] Please refer to the DRC report (report_drc) for more information.
Running DRC as a precondition to command place_design
INFO: [DRC 23-27] Running DRC with 2 threads
INFO: [Vivado_Tcl 4-198] DRC finished with 0 Errors, 21 Warnings
INFO: [Vivado_Tcl 4-199] Please refer to the DRC report (report_drc) for more information.

Starting Placer Task
INFO: [Place 30-611] Multithreading enabled for place_design using a maximum of 2 CPUs

Phase 1 Placer Initialization

Phase 1.1 Placer Initialization Netlist Sorting
Netlist sorting complete. Time (s): cpu = 00:00:00.01 ; elapsed = 00:00:00 . Memory (MB): peak = 2616.547 ; gain = 0.000 ; free physical = 15109 ; free virtual = 153281
Phase 1.1 Placer Initialization Netlist Sorting | Checksum: ff768d76

Time (s): cpu = 00:00:00.01 ; elapsed = 00:00:00.01 . Memory (MB): peak = 2616.547 ; gain = 0.000 ; free physical = 15109 ; free virtual = 153281
Netlist sorting complete. Time (s): cpu = 00:00:00 ; elapsed = 00:00:00 . Memory (MB): peak = 2616.547 ; gain = 0.000 ; free physical = 15109 ; free virtual = 153281

Phase 1.2 IO Placement/ Clock Placement/ Build Placer Device
INFO: [Timing 38-35] Done setting XDC timing constraints.
Phase 1.2 IO Placement/ Clock Placement/ Build Placer Device | Checksum: 10069cba

Time (s): cpu = 00:00:00.43 ; elapsed = 00:00:00.47 . Memory (MB): peak = 2616.547 ; gain = 0.000 ; free physical = 15099 ; free virtual = 153271

Phase 1.3 Build Placer Netlist Model
Phase 1.3 Build Placer Netlist Model | Checksum: b1c7c269

Time (s): cpu = 00:00:01 ; elapsed = 00:00:01 . Memory (MB): peak = 2616.547 ; gain = 0.000 ; free physical = 15104 ; free virtual = 153276

Phase 1.4 Constrain Clocks/Macros
Phase 1.4 Constrain Clocks/Macros | Checksum: b1c7c269

Time (s): cpu = 00:00:01 ; elapsed = 00:00:01 . Memory (MB): peak = 2616.547 ; gain = 0.000 ; free physical = 15104 ; free virtual = 153276
Phase 1 Placer Initialization | Checksum: b1c7c269

Time (s): cpu = 00:00:01 ; elapsed = 00:00:01 . Memory (MB): peak = 2616.547 ; gain = 0.000 ; free physical = 15104 ; free virtual = 153276

Phase 2 Global Placement

Phase 2.1 Floorplanning
Phase 2.1 Floorplanning | Checksum: e6f43e12

Time (s): cpu = 00:00:01 ; elapsed = 00:00:01 . Memory (MB): peak = 2616.547 ; gain = 0.000 ; free physical = 15079 ; free virtual = 153252

Phase 2.2 Update Timing before SLR Path Opt
Phase 2.2 Update Timing before SLR Path Opt | Checksum: bccc8133

Time (s): cpu = 00:00:02 ; elapsed = 00:00:01 . Memory (MB): peak = 2616.547 ; gain = 0.000 ; free physical = 14991 ; free virtual = 153163

Phase 2.3 Post-Processing in Floorplanning
Phase 2.3 Post-Processing in Floorplanning | Checksum: bccc8133

Time (s): cpu = 00:00:02 ; elapsed = 00:00:01 . Memory (MB): peak = 2616.547 ; gain = 0.000 ; free physical = 14991 ; free virtual = 153163

Phase 2.4 Global Placement Core

Phase 2.4.1 UpdateTiming Before Physical Synthesis
Phase 2.4.1 UpdateTiming Before Physical Synthesis | Checksum: 199f951be

Time (s): cpu = 00:00:05 ; elapsed = 00:00:03 . Memory (MB): peak = 2616.547 ; gain = 0.000 ; free physical = 15213 ; free virtual = 153385

Phase 2.4.2 Physical Synthesis In Placer
INFO: [Physopt 32-1035] Found 65 LUTNM shape to break, 49 LUT instances to create LUTNM shape
INFO: [Physopt 32-1044] Break lutnm for timing: one critical 15, two critical 50, total 65, new lutff created 3
INFO: [Physopt 32-1138] End 1 Pass. Optimized 86 nets or LUTs. Breaked 65 LUTs, combined 21 existing LUTs and moved 0 existing LUT
INFO: [Physopt 32-65] No nets found for high-fanout optimization.
INFO: [Physopt 32-232] Optimized 0 net. Created 0 new instance.
INFO: [Physopt 32-775] End 1 Pass. Optimized 0 net or cell. Created 0 new cell, deleted 0 existing cell and moved 0 existing cell
INFO: [Physopt 32-457] Pass 1. Identified 2 candidate cells for DSP register optimization.
INFO: [Physopt 32-665] Processed cell product/sum_real_reg. 37 registers were pushed out.
INFO: [Physopt 32-665] Processed cell product/sum_imag_reg. 37 registers were pushed out.
INFO: [Physopt 32-775] End 2 Pass. Optimized 2 nets or cells. Created 74 new cells, deleted 0 existing cell and moved 0 existing cell
Netlist sorting complete. Time (s): cpu = 00:00:00.01 ; elapsed = 00:00:00.01 . Memory (MB): peak = 2616.547 ; gain = 0.000 ; free physical = 15213 ; free virtual = 153385
INFO: [Physopt 32-1123] No candidate cells found for Shift Register to Pipeline optimization
INFO: [Physopt 32-775] End 2 Pass. Optimized 0 net or cell. Created 0 new cell, deleted 0 existing cell and moved 0 existing cell
INFO: [Physopt 32-677] No candidate cells for Shift Register optimization found in the design
INFO: [Physopt 32-775] End 1 Pass. Optimized 0 net or cell. Created 0 new cell, deleted 0 existing cell and moved 0 existing cell
INFO: [Physopt 32-526] No candidate cells for BRAM register optimization found in the design
INFO: [Physopt 32-775] End 1 Pass. Optimized 0 net or cell. Created 0 new cell, deleted 0 existing cell and moved 0 existing cell
INFO: [Physopt 32-846] No candidate cells for URAM register optimization found in the design
INFO: [Physopt 32-775] End 2 Pass. Optimized 0 net or cell. Created 0 new cell, deleted 0 existing cell and moved 0 existing cell
INFO: [Physopt 32-949] No candidate nets found for dynamic/static region interface net replication
INFO: [Physopt 32-775] End 1 Pass. Optimized 0 net or cell. Created 0 new cell, deleted 0 existing cell and moved 0 existing cell
Netlist sorting complete. Time (s): cpu = 00:00:00 ; elapsed = 00:00:00 . Memory (MB): peak = 2616.547 ; gain = 0.000 ; free physical = 15213 ; free virtual = 153385

Summary of Physical Synthesis Optimizations
============================================


-----------------------------------------------------------------------------------------------------------------------------------------------------------
|  Optimization                                     |  Added Cells  |  Removed Cells  |  Optimized Cells/Nets  |  Dont Touch  |  Iterations  |  Elapsed   |
-----------------------------------------------------------------------------------------------------------------------------------------------------------
|  LUT Combining                                    |           65  |             21  |                    86  |           0  |           1  |  00:00:00  |
|  Retime                                           |            0  |              0  |                     0  |           0  |           1  |  00:00:00  |
|  Very High Fanout                                 |            0  |              0  |                     0  |           0  |           1  |  00:00:00  |
|  DSP Register                                     |           74  |              0  |                     2  |           0  |           1  |  00:00:00  |
|  Shift Register to Pipeline                       |            0  |              0  |                     0  |           0  |           1  |  00:00:00  |
|  Shift Register                                   |            0  |              0  |                     0  |           0  |           1  |  00:00:00  |
|  BRAM Register                                    |            0  |              0  |                     0  |           0  |           1  |  00:00:00  |
|  URAM Register                                    |            0  |              0  |                     0  |           0  |           1  |  00:00:00  |
|  Dynamic/Static Region Interface Net Replication  |            0  |              0  |                     0  |           0  |           1  |  00:00:00  |
|  Total                                            |          139  |             21  |                    88  |           0  |           9  |  00:00:00  |
-----------------------------------------------------------------------------------------------------------------------------------------------------------


Phase 2.4.2 Physical Synthesis In Placer | Checksum: 19f12ea26

Time (s): cpu = 00:00:05 ; elapsed = 00:00:04 . Memory (MB): peak = 2616.547 ; gain = 0.000 ; free physical = 15212 ; free virtual = 153384
Phase 2.4 Global Placement Core | Checksum: 1b22e0c54

Time (s): cpu = 00:00:05 ; elapsed = 00:00:04 . Memory (MB): peak = 2616.547 ; gain = 0.000 ; free physical = 15211 ; free virtual = 153383
Phase 2 Global Placement | Checksum: 1b22e0c54

Time (s): cpu = 00:00:05 ; elapsed = 00:00:04 . Memory (MB): peak = 2616.547 ; gain = 0.000 ; free physical = 15211 ; free virtual = 153383

Phase 3 Detail Placement

Phase 3.1 Commit Multi Column Macros
Phase 3.1 Commit Multi Column Macros | Checksum: 184cff259

Time (s): cpu = 00:00:05 ; elapsed = 00:00:04 . Memory (MB): peak = 2616.547 ; gain = 0.000 ; free physical = 15173 ; free virtual = 153345

Phase 3.2 Commit Most Macros & LUTRAMs
Phase 3.2 Commit Most Macros & LUTRAMs | Checksum: 23cf56903

Time (s): cpu = 00:00:06 ; elapsed = 00:00:04 . Memory (MB): peak = 2616.547 ; gain = 0.000 ; free physical = 15180 ; free virtual = 153353

Phase 3.3 Area Swap Optimization
Phase 3.3 Area Swap Optimization | Checksum: 21892f667

Time (s): cpu = 00:00:06 ; elapsed = 00:00:04 . Memory (MB): peak = 2616.547 ; gain = 0.000 ; free physical = 15180 ; free virtual = 153353

Phase 3.4 Pipeline Register Optimization
Phase 3.4 Pipeline Register Optimization | Checksum: 180cdbd34

Time (s): cpu = 00:00:06 ; elapsed = 00:00:04 . Memory (MB): peak = 2616.547 ; gain = 0.000 ; free physical = 15180 ; free virtual = 153353

Phase 3.5 Fast Optimization
Phase 3.5 Fast Optimization | Checksum: 1882a2fbc

Time (s): cpu = 00:00:07 ; elapsed = 00:00:06 . Memory (MB): peak = 2616.547 ; gain = 0.000 ; free physical = 15186 ; free virtual = 153358

Phase 3.6 Small Shape Detail Placement
Phase 3.6 Small Shape Detail Placement | Checksum: 21ab3260e

Time (s): cpu = 00:00:08 ; elapsed = 00:00:06 . Memory (MB): peak = 2616.547 ; gain = 0.000 ; free physical = 15197 ; free virtual = 153370

Phase 3.7 Re-assign LUT pins
Phase 3.7 Re-assign LUT pins | Checksum: 19026cb09

Time (s): cpu = 00:00:08 ; elapsed = 00:00:06 . Memory (MB): peak = 2616.547 ; gain = 0.000 ; free physical = 15197 ; free virtual = 153370

Phase 3.8 Pipeline Register Optimization
Phase 3.8 Pipeline Register Optimization | Checksum: df30b74a

Time (s): cpu = 00:00:08 ; elapsed = 00:00:06 . Memory (MB): peak = 2616.547 ; gain = 0.000 ; free physical = 15205 ; free virtual = 153378

Phase 3.9 Fast Optimization
Phase 3.9 Fast Optimization | Checksum: 1edccf82a

Time (s): cpu = 00:00:11 ; elapsed = 00:00:10 . Memory (MB): peak = 2616.547 ; gain = 0.000 ; free physical = 15025 ; free virtual = 153198
Phase 3 Detail Placement | Checksum: 1edccf82a

Time (s): cpu = 00:00:11 ; elapsed = 00:00:10 . Memory (MB): peak = 2616.547 ; gain = 0.000 ; free physical = 15025 ; free virtual = 153198

Phase 4 Post Placement Optimization and Clean-Up

Phase 4.1 Post Commit Optimization
INFO: [Timing 38-35] Done setting XDC timing constraints.

Phase 4.1.1 Post Placement Optimization
Post Placement Optimization Initialization | Checksum: 1700fe1fb

Phase 4.1.1.1 BUFG Insertion

Starting Physical Synthesis Task

Phase 1 Physical Synthesis Initialization
INFO: [Physopt 32-721] Multithreading enabled for phys_opt_design using a maximum of 2 CPUs
INFO: [Physopt 32-619] Estimated Timing Summary | WNS=-3.200 | TNS=-1061.061 |
Phase 1 Physical Synthesis Initialization | Checksum: f189b3c0

Time (s): cpu = 00:00:00.15 ; elapsed = 00:00:00.13 . Memory (MB): peak = 2616.547 ; gain = 0.000 ; free physical = 15019 ; free virtual = 153192
INFO: [Place 46-56] BUFG insertion identified 0 candidate nets. Inserted BUFG: 0, Replicated BUFG Driver: 0, Skipped due to Placement/Routing Conflicts: 0, Skipped due to Timing Degradation: 0, Skipped due to Illegal Netlist: 0.
Ending Physical Synthesis Task | Checksum: 1454b0cd9

Time (s): cpu = 00:00:00.19 ; elapsed = 00:00:00.16 . Memory (MB): peak = 2616.547 ; gain = 0.000 ; free physical = 15019 ; free virtual = 153192
Phase 4.1.1.1 BUFG Insertion | Checksum: 1700fe1fb

Time (s): cpu = 00:00:12 ; elapsed = 00:00:10 . Memory (MB): peak = 2616.547 ; gain = 0.000 ; free physical = 15019 ; free virtual = 153192

Phase 4.1.1.2 Post Placement Timing Optimization
INFO: [Place 30-746] Post Placement Timing Summary WNS=-2.257. For the most accurate timing information please run report_timing.
Phase 4.1.1.2 Post Placement Timing Optimization | Checksum: 10c3843b7

Time (s): cpu = 00:00:29 ; elapsed = 00:00:29 . Memory (MB): peak = 2616.547 ; gain = 0.000 ; free physical = 14819 ; free virtual = 152995

Time (s): cpu = 00:00:29 ; elapsed = 00:00:29 . Memory (MB): peak = 2616.547 ; gain = 0.000 ; free physical = 14819 ; free virtual = 152995
Phase 4.1 Post Commit Optimization | Checksum: 10c3843b7

Time (s): cpu = 00:00:29 ; elapsed = 00:00:29 . Memory (MB): peak = 2616.547 ; gain = 0.000 ; free physical = 14819 ; free virtual = 152995

Phase 4.2 Post Placement Cleanup
Phase 4.2 Post Placement Cleanup | Checksum: 10c3843b7

Time (s): cpu = 00:00:29 ; elapsed = 00:00:29 . Memory (MB): peak = 2616.547 ; gain = 0.000 ; free physical = 14819 ; free virtual = 152995

Phase 4.3 Placer Reporting

Phase 4.3.1 Print Estimated Congestion
INFO: [Place 30-612] Post-Placement Estimated Congestion 
 ____________________________________________________
|           | Global Congestion | Short Congestion  |
| Direction | Region Size       | Region Size       |
|___________|___________________|___________________|
|      North|                1x1|                2x2|
|___________|___________________|___________________|
|      South|                1x1|                2x2|
|___________|___________________|___________________|
|       East|                1x1|                2x2|
|___________|___________________|___________________|
|       West|                1x1|                1x1|
|___________|___________________|___________________|

Phase 4.3.1 Print Estimated Congestion | Checksum: 10c3843b7

Time (s): cpu = 00:00:29 ; elapsed = 00:00:29 . Memory (MB): peak = 2616.547 ; gain = 0.000 ; free physical = 14819 ; free virtual = 152995
Phase 4.3 Placer Reporting | Checksum: 10c3843b7

Time (s): cpu = 00:00:29 ; elapsed = 00:00:29 . Memory (MB): peak = 2616.547 ; gain = 0.000 ; free physical = 14819 ; free virtual = 152995

Phase 4.4 Final Placement Cleanup
Netlist sorting complete. Time (s): cpu = 00:00:00 ; elapsed = 00:00:00 . Memory (MB): peak = 2616.547 ; gain = 0.000 ; free physical = 14819 ; free virtual = 152995

Time (s): cpu = 00:00:29 ; elapsed = 00:00:29 . Memory (MB): peak = 2616.547 ; gain = 0.000 ; free physical = 14819 ; free virtual = 152995
Phase 4 Post Placement Optimization and Clean-Up | Checksum: f8b46dc8

Time (s): cpu = 00:00:29 ; elapsed = 00:00:29 . Memory (MB): peak = 2616.547 ; gain = 0.000 ; free physical = 14819 ; free virtual = 152995
Ending Placer Task | Checksum: cb56e8d5

Time (s): cpu = 00:00:29 ; elapsed = 00:00:29 . Memory (MB): peak = 2616.547 ; gain = 0.000 ; free physical = 14819 ; free virtual = 152995
INFO: [Common 17-83] Releasing license: Implementation
36 Infos, 0 Warnings, 0 Critical Warnings and 0 Errors encountered.
place_design completed successfully
place_design: Time (s): cpu = 00:00:30 ; elapsed = 00:00:29 . Memory (MB): peak = 2616.547 ; gain = 0.000 ; free physical = 14819 ; free virtual = 152995
INFO: [Common 17-600] The following parameters have non-default value.
general.maxThreads
# phys_opt_design
Command: phys_opt_design
Attempting to get a license for feature 'Implementation' and/or device 'xc7z010'
INFO: [Common 17-349] Got license for feature 'Implementation' and/or device 'xc7z010'

Starting Initial Update Timing Task
WARNING: [Timing 38-242] The property HD.CLK_SRC of clock port "clk" is not set. In out-of-context mode, this prevents timing estimation for clock delay/skew
Resolution: Set the HD.CLK_SRC property of the out-of-context port to the location of the clock buffer instance in the top-level design
WARNING: [Timing 38-242] The property HD.CLK_SRC of clock port "fft_clk" is not set. In out-of-context mode, this prevents timing estimation for clock delay/skew
Resolution: Set the HD.CLK_SRC property of the out-of-context port to the location of the clock buffer instance in the top-level design

Time (s): cpu = 00:00:00.63 ; elapsed = 00:00:00.4 . Memory (MB): peak = 2616.547 ; gain = 0.000 ; free physical = 14853 ; free virtual = 153029
INFO: [Vivado_Tcl 4-1435] PhysOpt_Tcl_Interface Runtime Before Starting Physical Synthesis Task | CPU: 0.64s |  WALL: 0.41s
Netlist sorting complete. Time (s): cpu = 00:00:00 ; elapsed = 00:00:00 . Memory (MB): peak = 2616.547 ; gain = 0.000 ; free physical = 14853 ; free virtual = 153029

Starting Physical Synthesis Task

Phase 1 Physical Synthesis Initialization
INFO: [Physopt 32-721] Multithreading enabled for phys_opt_design using a maximum of 2 CPUs
INFO: [Physopt 32-619] Estimated Timing Summary | WNS=-2.257 | TNS=-766.593 |
Phase 1 Physical Synthesis Initialization | Checksum: 82639f8f

Time (s): cpu = 00:00:00.43 ; elapsed = 00:00:00.25 . Memory (MB): peak = 2616.547 ; gain = 0.000 ; free physical = 14773 ; free virtual = 152949
INFO: [Physopt 32-619] Estimated Timing Summary | WNS=-2.257 | TNS=-766.593 |

Phase 2 DSP Register Optimization
INFO: [Physopt 32-456] No candidate cells for DSP register optimization found in the design.
INFO: [Physopt 32-775] End 2 Pass. Optimized 0 net or cell. Created 0 new cell, deleted 0 existing cell and moved 0 existing cell
Phase 2 DSP Register Optimization | Checksum: 82639f8f

Time (s): cpu = 00:00:00.48 ; elapsed = 00:00:00.29 . Memory (MB): peak = 2616.547 ; gain = 0.000 ; free physical = 14744 ; free virtual = 152920

Phase 3 Critical Path Optimization
INFO: [Physopt 32-619] Estimated Timing Summary | WNS=-2.257 | TNS=-766.593 |
INFO: [Physopt 32-702] Processed net joiner/kernel_rom/output_kernel_word_reg_0[16]. Optimizations did not improve timing on the net.
INFO: [Physopt 32-702] Processed net product/output_block_start_index_reg[63]_0[0]. Optimizations did not improve timing on the net.
INFO: [Physopt 32-710] Processed net result_guard/have_previous_block_reg. Critical path length was reduced through logic transformation on cell result_guard/output_kernel_word_reg_i_1_comp.
INFO: [Physopt 32-735] Processed net result_guard/input_accept. Optimization improves timing on the net.
INFO: [Physopt 32-619] Estimated Timing Summary | WNS=-2.205 | TNS=-767.227 |
INFO: [Physopt 32-663] Processed net joiner/kernel_rom/expected_next_block_start[5].  Re-placed instance joiner/kernel_rom/expected_next_block_start_reg[5]
INFO: [Physopt 32-735] Processed net joiner/kernel_rom/expected_next_block_start[5]. Optimization improves timing on the net.
INFO: [Physopt 32-619] Estimated Timing Summary | WNS=-2.205 | TNS=-766.909 |
INFO: [Physopt 32-663] Processed net joiner/kernel_rom/expected_next_block_start[6].  Re-placed instance joiner/kernel_rom/expected_next_block_start_reg[6]
INFO: [Physopt 32-735] Processed net joiner/kernel_rom/expected_next_block_start[6]. Optimization improves timing on the net.
INFO: [Physopt 32-619] Estimated Timing Summary | WNS=-2.205 | TNS=-766.591 |
INFO: [Physopt 32-663] Processed net joiner/kernel_rom/expected_next_block_start[7].  Re-placed instance joiner/kernel_rom/expected_next_block_start_reg[7]
INFO: [Physopt 32-735] Processed net joiner/kernel_rom/expected_next_block_start[7]. Optimization improves timing on the net.
INFO: [Physopt 32-619] Estimated Timing Summary | WNS=-2.205 | TNS=-766.273 |
INFO: [Physopt 32-663] Processed net joiner/kernel_rom/expected_next_block_start[8].  Re-placed instance joiner/kernel_rom/expected_next_block_start_reg[8]
INFO: [Physopt 32-735] Processed net joiner/kernel_rom/expected_next_block_start[8]. Optimization improves timing on the net.
INFO: [Physopt 32-619] Estimated Timing Summary | WNS=-2.194 | TNS=-765.955 |
INFO: [Physopt 32-663] Processed net joiner/kernel_rom/expected_next_block_start[10].  Re-placed instance joiner/kernel_rom/expected_next_block_start_reg[10]
INFO: [Physopt 32-735] Processed net joiner/kernel_rom/expected_next_block_start[10]. Optimization improves timing on the net.
INFO: [Physopt 32-619] Estimated Timing Summary | WNS=-2.194 | TNS=-765.735 |
INFO: [Physopt 32-663] Processed net joiner/kernel_rom/expected_next_block_start[11].  Re-placed instance joiner/kernel_rom/expected_next_block_start_reg[11]
INFO: [Physopt 32-735] Processed net joiner/kernel_rom/expected_next_block_start[11]. Optimization improves timing on the net.
INFO: [Physopt 32-619] Estimated Timing Summary | WNS=-2.194 | TNS=-765.515 |
INFO: [Physopt 32-663] Processed net joiner/kernel_rom/expected_next_block_start[12].  Re-placed instance joiner/kernel_rom/expected_next_block_start_reg[12]
INFO: [Physopt 32-735] Processed net joiner/kernel_rom/expected_next_block_start[12]. Optimization improves timing on the net.
INFO: [Physopt 32-619] Estimated Timing Summary | WNS=-2.194 | TNS=-765.295 |
INFO: [Physopt 32-663] Processed net joiner/kernel_rom/expected_next_block_start[9].  Re-placed instance joiner/kernel_rom/expected_next_block_start_reg[9]
INFO: [Physopt 32-735] Processed net joiner/kernel_rom/expected_next_block_start[9]. Optimization improves timing on the net.
INFO: [Physopt 32-619] Estimated Timing Summary | WNS=-2.192 | TNS=-765.075 |
INFO: [Physopt 32-663] Processed net joiner/kernel_rom/expected_next_block_start_reg[62]_0[16].  Re-placed instance joiner/kernel_rom/expected_next_block_start_reg[61]
INFO: [Physopt 32-735] Processed net joiner/kernel_rom/expected_next_block_start_reg[62]_0[16]. Optimization improves timing on the net.
INFO: [Physopt 32-619] Estimated Timing Summary | WNS=-2.192 | TNS=-764.866 |
INFO: [Physopt 32-663] Processed net joiner/kernel_rom/expected_next_block_start_reg[62]_0[17].  Re-placed instance joiner/kernel_rom/expected_next_block_start_reg[62]
INFO: [Physopt 32-735] Processed net joiner/kernel_rom/expected_next_block_start_reg[62]_0[17]. Optimization improves timing on the net.
INFO: [Physopt 32-619] Estimated Timing Summary | WNS=-2.192 | TNS=-764.657 |
INFO: [Physopt 32-663] Processed net output_bank/output_metadata[21].  Re-placed instance output_bank/metadata_out_hold_reg[21]
INFO: [Physopt 32-735] Processed net output_bank/output_metadata[21]. Optimization improves timing on the net.
INFO: [Physopt 32-619] Estimated Timing Summary | WNS=-2.192 | TNS=-764.330 |
INFO: [Physopt 32-663] Processed net output_bank/output_metadata[58].  Re-placed instance output_bank/metadata_out_hold_reg[58]
INFO: [Physopt 32-735] Processed net output_bank/output_metadata[58]. Optimization improves timing on the net.
INFO: [Physopt 32-619] Estimated Timing Summary | WNS=-2.192 | TNS=-763.844 |
INFO: [Physopt 32-663] Processed net output_bank/output_metadata[19].  Re-placed instance output_bank/metadata_out_hold_reg[19]
INFO: [Physopt 32-735] Processed net output_bank/output_metadata[19]. Optimization improves timing on the net.
INFO: [Physopt 32-619] Estimated Timing Summary | WNS=-2.192 | TNS=-763.324 |
INFO: [Physopt 32-663] Processed net output_bank/output_metadata[0].  Re-placed instance output_bank/metadata_out_hold_reg[0]
INFO: [Physopt 32-735] Processed net output_bank/output_metadata[0]. Optimization improves timing on the net.
INFO: [Physopt 32-619] Estimated Timing Summary | WNS=-2.192 | TNS=-762.669 |
INFO: [Physopt 32-663] Processed net output_bank/output_metadata[47].  Re-placed instance output_bank/metadata_out_hold_reg[47]
INFO: [Physopt 32-735] Processed net output_bank/output_metadata[47]. Optimization improves timing on the net.
INFO: [Physopt 32-619] Estimated Timing Summary | WNS=-2.192 | TNS=-762.033 |
INFO: [Physopt 32-702] Processed net output_bank/output_metadata[21]. Optimizations did not improve timing on the net.
INFO: [Physopt 32-81] Processed net output_bank/metadata_in_hold_reg[74]_0[9]. Replicated 1 times.
INFO: [Physopt 32-735] Processed net output_bank/metadata_in_hold_reg[74]_0[9]. Optimization improves timing on the net.
INFO: [Physopt 32-619] Estimated Timing Summary | WNS=-2.192 | TNS=-761.867 |
INFO: [Physopt 32-702] Processed net output_bank/output_metadata[67]. Optimizations did not improve timing on the net.
INFO: [Physopt 32-81] Processed net output_bank/metadata_in_hold_reg[74]_0[34]. Replicated 1 times.
INFO: [Physopt 32-735] Processed net output_bank/metadata_in_hold_reg[74]_0[34]. Optimization improves timing on the net.
INFO: [Physopt 32-619] Estimated Timing Summary | WNS=-2.192 | TNS=-761.532 |
INFO: [Physopt 32-663] Processed net output_bank/output_metadata[7].  Re-placed instance output_bank/metadata_out_hold_reg[7]
INFO: [Physopt 32-735] Processed net output_bank/output_metadata[7]. Optimization improves timing on the net.
INFO: [Physopt 32-619] Estimated Timing Summary | WNS=-2.192 | TNS=-760.959 |
INFO: [Physopt 32-663] Processed net output_bank/output_metadata[70].  Re-placed instance output_bank/metadata_out_hold_reg[70]
INFO: [Physopt 32-735] Processed net output_bank/output_metadata[70]. Optimization improves timing on the net.
INFO: [Physopt 32-619] Estimated Timing Summary | WNS=-2.192 | TNS=-761.577 |
INFO: [Physopt 32-663] Processed net output_bank/output_metadata[61].  Re-placed instance output_bank/metadata_out_hold_reg[61]
INFO: [Physopt 32-735] Processed net output_bank/output_metadata[61]. Optimization improves timing on the net.
INFO: [Physopt 32-619] Estimated Timing Summary | WNS=-2.192 | TNS=-760.911 |
INFO: [Physopt 32-663] Processed net output_bank/output_metadata[6].  Re-placed instance output_bank/metadata_out_hold_reg[6]
INFO: [Physopt 32-735] Processed net output_bank/output_metadata[6]. Optimization improves timing on the net.
INFO: [Physopt 32-619] Estimated Timing Summary | WNS=-2.192 | TNS=-760.248 |
INFO: [Physopt 32-663] Processed net output_bank/output_metadata[24].  Re-placed instance output_bank/metadata_out_hold_reg[24]
INFO: [Physopt 32-735] Processed net output_bank/output_metadata[24]. Optimization improves timing on the net.
INFO: [Physopt 32-619] Estimated Timing Summary | WNS=-2.192 | TNS=-760.004 |
INFO: [Physopt 32-663] Processed net output_bank/output_metadata[68].  Re-placed instance output_bank/metadata_out_hold_reg[68]
INFO: [Physopt 32-735] Processed net output_bank/output_metadata[68]. Optimization improves timing on the net.
INFO: [Physopt 32-619] Estimated Timing Summary | WNS=-2.192 | TNS=-759.954 |
INFO: [Physopt 32-702] Processed net output_bank/output_metadata[56]. Optimizations did not improve timing on the net.
INFO: [Physopt 32-702] Processed net output_bank/p_0_in49_in[2]. Optimizations did not improve timing on the net.
INFO: [Physopt 32-663] Processed net joiner/kernel_rom/expected_next_block_start[63].  Re-placed instance joiner/kernel_rom/expected_next_block_start_reg[63]
INFO: [Physopt 32-735] Processed net joiner/kernel_rom/expected_next_block_start[63]. Optimization improves timing on the net.
INFO: [Physopt 32-619] Estimated Timing Summary | WNS=-2.188 | TNS=-759.745 |
INFO: [Physopt 32-663] Processed net joiner/kernel_rom/expected_next_block_start[13].  Re-placed instance joiner/kernel_rom/expected_next_block_start_reg[13]
INFO: [Physopt 32-735] Processed net joiner/kernel_rom/expected_next_block_start[13]. Optimization improves timing on the net.
INFO: [Physopt 32-619] Estimated Timing Summary | WNS=-2.188 | TNS=-759.540 |
INFO: [Physopt 32-663] Processed net joiner/kernel_rom/expected_next_block_start[14].  Re-placed instance joiner/kernel_rom/expected_next_block_start_reg[14]
INFO: [Physopt 32-735] Processed net joiner/kernel_rom/expected_next_block_start[14]. Optimization improves timing on the net.
INFO: [Physopt 32-619] Estimated Timing Summary | WNS=-2.188 | TNS=-759.343 |
INFO: [Physopt 32-663] Processed net joiner/kernel_rom/expected_next_block_start[15].  Re-placed instance joiner/kernel_rom/expected_next_block_start_reg[15]
INFO: [Physopt 32-735] Processed net joiner/kernel_rom/expected_next_block_start[15]. Optimization improves timing on the net.
INFO: [Physopt 32-619] Estimated Timing Summary | WNS=-2.188 | TNS=-759.146 |
INFO: [Physopt 32-663] Processed net joiner/kernel_rom/expected_next_block_start[16].  Re-placed instance joiner/kernel_rom/expected_next_block_start_reg[16]
INFO: [Physopt 32-735] Processed net joiner/kernel_rom/expected_next_block_start[16]. Optimization improves timing on the net.
INFO: [Physopt 32-619] Estimated Timing Summary | WNS=-2.185 | TNS=-758.949 |
INFO: [Physopt 32-663] Processed net joiner/kernel_rom/expected_next_block_start[1].  Re-placed instance joiner/kernel_rom/expected_next_block_start_reg[1]
INFO: [Physopt 32-735] Processed net joiner/kernel_rom/expected_next_block_start[1]. Optimization improves timing on the net.
INFO: [Physopt 32-619] Estimated Timing Summary | WNS=-2.185 | TNS=-758.755 |
INFO: [Physopt 32-663] Processed net joiner/kernel_rom/expected_next_block_start[2].  Re-placed instance joiner/kernel_rom/expected_next_block_start_reg[2]
INFO: [Physopt 32-735] Processed net joiner/kernel_rom/expected_next_block_start[2]. Optimization improves timing on the net.
INFO: [Physopt 32-619] Estimated Timing Summary | WNS=-2.185 | TNS=-758.563 |
INFO: [Physopt 32-663] Processed net joiner/kernel_rom/expected_next_block_start[3].  Re-placed instance joiner/kernel_rom/expected_next_block_start_reg[3]
INFO: [Physopt 32-735] Processed net joiner/kernel_rom/expected_next_block_start[3]. Optimization improves timing on the net.
INFO: [Physopt 32-619] Estimated Timing Summary | WNS=-2.185 | TNS=-758.371 |
INFO: [Physopt 32-663] Processed net joiner/kernel_rom/expected_next_block_start[4].  Re-placed instance joiner/kernel_rom/expected_next_block_start_reg[4]
INFO: [Physopt 32-735] Processed net joiner/kernel_rom/expected_next_block_start[4]. Optimization improves timing on the net.
INFO: [Physopt 32-619] Estimated Timing Summary | WNS=-2.173 | TNS=-758.179 |
INFO: [Physopt 32-663] Processed net joiner/kernel_rom/expected_next_block_start[49].  Re-placed instance joiner/kernel_rom/expected_next_block_start_reg[49]
INFO: [Physopt 32-735] Processed net joiner/kernel_rom/expected_next_block_start[49]. Optimization improves timing on the net.
INFO: [Physopt 32-619] Estimated Timing Summary | WNS=-2.173 | TNS=-757.999 |
INFO: [Physopt 32-702] Processed net output_bank/output_metadata[56]. Optimizations did not improve timing on the net.
INFO: [Physopt 32-702] Processed net output_bank/p_0_in49_in[2]. Optimizations did not improve timing on the net.
INFO: [Physopt 32-619] Estimated Timing Summary | WNS=-2.173 | TNS=-757.999 |
Phase 3 Critical Path Optimization | Checksum: 1afd80554

Time (s): cpu = 00:00:02 ; elapsed = 00:00:02 . Memory (MB): peak = 2616.547 ; gain = 0.000 ; free physical = 14000 ; free virtual = 152177

Phase 4 Critical Path Optimization
INFO: [Physopt 32-619] Estimated Timing Summary | WNS=-2.173 | TNS=-757.999 |
INFO: [Physopt 32-663] Processed net joiner/kernel_rom/expected_next_block_start[50].  Re-placed instance joiner/kernel_rom/expected_next_block_start_reg[50]
INFO: [Physopt 32-735] Processed net joiner/kernel_rom/expected_next_block_start[50]. Optimization improves timing on the net.
INFO: [Physopt 32-619] Estimated Timing Summary | WNS=-2.173 | TNS=-757.857 |
INFO: [Physopt 32-663] Processed net joiner/kernel_rom/expected_next_block_start_reg[62]_0[6].  Re-placed instance joiner/kernel_rom/expected_next_block_start_reg[51]
INFO: [Physopt 32-735] Processed net joiner/kernel_rom/expected_next_block_start_reg[62]_0[6]. Optimization improves timing on the net.
INFO: [Physopt 32-619] Estimated Timing Summary | WNS=-2.173 | TNS=-757.715 |
INFO: [Physopt 32-663] Processed net joiner/kernel_rom/expected_next_block_start_reg[62]_0[7].  Re-placed instance joiner/kernel_rom/expected_next_block_start_reg[52]
INFO: [Physopt 32-735] Processed net joiner/kernel_rom/expected_next_block_start_reg[62]_0[7]. Optimization improves timing on the net.
INFO: [Physopt 32-619] Estimated Timing Summary | WNS=-2.170 | TNS=-757.573 |
INFO: [Physopt 32-663] Processed net joiner/kernel_rom/expected_next_block_start_reg[62]_0[12].  Re-placed instance joiner/kernel_rom/expected_next_block_start_reg[57]
INFO: [Physopt 32-735] Processed net joiner/kernel_rom/expected_next_block_start_reg[62]_0[12]. Optimization improves timing on the net.
INFO: [Physopt 32-619] Estimated Timing Summary | WNS=-2.170 | TNS=-757.434 |
INFO: [Physopt 32-663] Processed net joiner/kernel_rom/expected_next_block_start_reg[62]_0[13].  Re-placed instance joiner/kernel_rom/expected_next_block_start_reg[58]
INFO: [Physopt 32-735] Processed net joiner/kernel_rom/expected_next_block_start_reg[62]_0[13]. Optimization improves timing on the net.
INFO: [Physopt 32-619] Estimated Timing Summary | WNS=-2.170 | TNS=-757.388 |
INFO: [Physopt 32-663] Processed net joiner/kernel_rom/expected_next_block_start_reg[62]_0[14].  Re-placed instance joiner/kernel_rom/expected_next_block_start_reg[59]
INFO: [Physopt 32-735] Processed net joiner/kernel_rom/expected_next_block_start_reg[62]_0[14]. Optimization improves timing on the net.
INFO: [Physopt 32-619] Estimated Timing Summary | WNS=-2.170 | TNS=-757.342 |
INFO: [Physopt 32-663] Processed net joiner/kernel_rom/expected_next_block_start_reg[62]_0[15].  Re-placed instance joiner/kernel_rom/expected_next_block_start_reg[60]
INFO: [Physopt 32-735] Processed net joiner/kernel_rom/expected_next_block_start_reg[62]_0[15]. Optimization improves timing on the net.
INFO: [Physopt 32-619] Estimated Timing Summary | WNS=-2.136 | TNS=-757.296 |
INFO: [Physopt 32-663] Processed net joiner/kernel_rom/expected_next_block_start[45].  Re-placed instance joiner/kernel_rom/expected_next_block_start_reg[45]
INFO: [Physopt 32-735] Processed net joiner/kernel_rom/expected_next_block_start[45]. Optimization improves timing on the net.
INFO: [Physopt 32-619] Estimated Timing Summary | WNS=-2.136 | TNS=-757.284 |
INFO: [Physopt 32-663] Processed net joiner/kernel_rom/expected_next_block_start[46].  Re-placed instance joiner/kernel_rom/expected_next_block_start_reg[46]
INFO: [Physopt 32-735] Processed net joiner/kernel_rom/expected_next_block_start[46]. Optimization improves timing on the net.
INFO: [Physopt 32-619] Estimated Timing Summary | WNS=-2.136 | TNS=-757.281 |
INFO: [Physopt 32-663] Processed net joiner/kernel_rom/expected_next_block_start[47].  Re-placed instance joiner/kernel_rom/expected_next_block_start_reg[47]
INFO: [Physopt 32-735] Processed net joiner/kernel_rom/expected_next_block_start[47]. Optimization improves timing on the net.
INFO: [Physopt 32-619] Estimated Timing Summary | WNS=-2.136 | TNS=-757.278 |
INFO: [Physopt 32-663] Processed net joiner/kernel_rom/expected_next_block_start[48].  Re-placed instance joiner/kernel_rom/expected_next_block_start_reg[48]
INFO: [Physopt 32-735] Processed net joiner/kernel_rom/expected_next_block_start[48]. Optimization improves timing on the net.
INFO: [Physopt 32-619] Estimated Timing Summary | WNS=-2.133 | TNS=-757.275 |
INFO: [Physopt 32-702] Processed net joiner/kernel_rom/expected_next_block_start_reg[62]_0[2]. Optimizations did not improve timing on the net.
INFO: [Physopt 32-702] Processed net product/output_block_start_index_reg[63]_0[0]. Optimizations did not improve timing on the net.
INFO: [Physopt 32-710] Processed net joiner/kernel_rom/have_previous_block. Critical path length was reduced through logic transformation on cell joiner/kernel_rom/expected_next_block_start[63]_i_1_comp.
INFO: [Physopt 32-735] Processed net result_guard/output_count_reg[9]_0. Optimization improves timing on the net.
INFO: [Physopt 32-619] Estimated Timing Summary | WNS=-2.108 | TNS=-716.092 |
INFO: [Physopt 32-702] Processed net joiner/kernel_rom/block_start_index_reg[62]_0[11]. Optimizations did not improve timing on the net.
INFO: [Physopt 32-710] Processed net result_guard/E[0]. Critical path length was reduced through logic transformation on cell result_guard/block_start_index[63]_i_1_comp.
INFO: [Physopt 32-735] Processed net result_guard/output_count_reg[9]_0. Optimization improves timing on the net.
INFO: [Physopt 32-619] Estimated Timing Summary | WNS=-2.070 | TNS=-677.878 |
INFO: [Physopt 32-702] Processed net result_guard/active_private_reg_n_0. Optimizations did not improve timing on the net.
INFO: [Physopt 32-81] Processed net held_phase. Replicated 3 times.
INFO: [Physopt 32-735] Processed net held_phase. Optimization improves timing on the net.
INFO: [Physopt 32-619] Estimated Timing Summary | WNS=-2.068 | TNS=-677.906 |
INFO: [Physopt 32-81] Processed net held_phase. Replicated 4 times.
INFO: [Physopt 32-735] Processed net held_phase. Optimization improves timing on the net.
INFO: [Physopt 32-619] Estimated Timing Summary | WNS=-2.054 | TNS=-675.488 |
INFO: [Physopt 32-663] Processed net input_guard/p_0_in37_in[2].  Re-placed instance input_guard/descriptor_reg[44]
INFO: [Physopt 32-735] Processed net input_guard/p_0_in37_in[2]. Optimization improves timing on the net.
INFO: [Physopt 32-619] Estimated Timing Summary | WNS=-2.041 | TNS=-673.637 |
INFO: [Physopt 32-663] Processed net input_guard/p_0_in55_in[1].  Re-placed instance input_guard/descriptor_reg[61]
INFO: [Physopt 32-735] Processed net input_guard/p_0_in55_in[1]. Optimization improves timing on the net.
INFO: [Physopt 32-619] Estimated Timing Summary | WNS=-2.035 | TNS=-672.787 |
INFO: [Physopt 32-663] Processed net product_bank/product_bank_metadata[3].  Re-placed instance product_bank/metadata_out_hold_reg[3]
INFO: [Physopt 32-735] Processed net product_bank/product_bank_metadata[3]. Optimization improves timing on the net.
INFO: [Physopt 32-619] Estimated Timing Summary | WNS=-2.034 | TNS=-672.644 |
INFO: [Physopt 32-663] Processed net input_guard/p_0_in61_in[2].  Re-placed instance input_guard/descriptor_reg[68]
INFO: [Physopt 32-735] Processed net input_guard/p_0_in61_in[2]. Optimization improves timing on the net.
INFO: [Physopt 32-619] Estimated Timing Summary | WNS=-2.026 | TNS=-671.505 |
INFO: [Physopt 32-702] Processed net input_guard/p_0_in61_in[2]. Optimizations did not improve timing on the net.
INFO: [Physopt 32-710] Processed net result_guard/active_private_i_1_n_0. Critical path length was reduced through logic transformation on cell result_guard/active_private_i_1_comp.
INFO: [Physopt 32-735] Processed net result_guard/job_accept. Optimization improves timing on the net.
INFO: [Physopt 32-619] Estimated Timing Summary | WNS=-1.939 | TNS=-671.231 |
INFO: [Physopt 32-702] Processed net completion_receipt. Optimizations did not improve timing on the net.
INFO: [Physopt 32-710] Processed net product_bank/completion_accept. Critical path length was reduced through logic transformation on cell product_bank/registered_scheduling.completion_receipt_i_1_comp.
INFO: [Physopt 32-735] Processed net product_bank/registered_scheduling.completion_receipt_i_2_n_0. Optimization improves timing on the net.
INFO: [Physopt 32-619] Estimated Timing Summary | WNS=-1.906 | TNS=-671.022 |
INFO: [Physopt 32-702] Processed net result_guard/awaiting_ack. Optimizations did not improve timing on the net.
INFO: [Physopt 32-663] Processed net output_bank/input_fault_reg_0.  Re-placed instance output_bank/registered_scheduling.admission_receipt_i_2
INFO: [Physopt 32-735] Processed net output_bank/input_fault_reg_0. Optimization improves timing on the net.
INFO: [Physopt 32-619] Estimated Timing Summary | WNS=-1.829 | TNS=-671.095 |
INFO: [Physopt 32-702] Processed net fast_fault. Optimizations did not improve timing on the net.
INFO: [Physopt 32-663] Processed net registered_scheduling.state_reg_n_0_[1].  Re-placed instance registered_scheduling.state_reg[1]
INFO: [Physopt 32-735] Processed net registered_scheduling.state_reg_n_0_[1]. Optimization improves timing on the net.
INFO: [Physopt 32-619] Estimated Timing Summary | WNS=-1.811 | TNS=-670.625 |
INFO: [Physopt 32-702] Processed net product/i__carry_i_5__2_psdsp_n_5. Optimizations did not improve timing on the net.
INFO: [Physopt 32-710] Processed net result_guard/input_accept. Critical path length was reduced through logic transformation on cell result_guard/product_ii_reg_i_1_comp_1.
INFO: [Physopt 32-735] Processed net result_guard/expected_bin_index[8]_i_3_n_0. Optimization improves timing on the net.
INFO: [Physopt 32-619] Estimated Timing Summary | WNS=-1.787 | TNS=-670.688 |
INFO: [Physopt 32-702] Processed net joiner/kernel_rom/output_kernel_word_reg_0[16]. Optimizations did not improve timing on the net.
INFO: [Physopt 32-702] Processed net result_guard/expected_bin_index[8]_i_4_n_0. Optimizations did not improve timing on the net.
INFO: [Physopt 32-710] Processed net result_guard/expected_bin_index[8]_i_4_n_0. Critical path length was reduced through logic transformation on cell result_guard/expected_bin_index[8]_i_4_comp.
INFO: [Physopt 32-735] Processed net output_bank/input_fault_reg_2. Optimization improves timing on the net.
INFO: [Physopt 32-619] Estimated Timing Summary | WNS=-1.779 | TNS=-656.162 |
INFO: [Physopt 32-702] Processed net admission_receipt. Optimizations did not improve timing on the net.
INFO: [Physopt 32-710] Processed net result_guard/job_accept. Critical path length was reduced through logic transformation on cell result_guard/registered_scheduling.admission_receipt_i_1_comp_1.
INFO: [Physopt 32-735] Processed net output_bank/input_fault_reg_0. Optimization improves timing on the net.
INFO: [Physopt 32-619] Estimated Timing Summary | WNS=-1.778 | TNS=-656.176 |
INFO: [Physopt 32-710] Processed net result_guard/active_private_i_1_n_0. Critical path length was reduced through logic transformation on cell result_guard/active_private_i_1_comp_1.
INFO: [Physopt 32-735] Processed net output_bank/input_fault_reg_0. Optimization improves timing on the net.
INFO: [Physopt 32-619] Estimated Timing Summary | WNS=-1.752 | TNS=-655.488 |
INFO: [Physopt 32-702] Processed net output_bank/input_fault_reg_0. Optimizations did not improve timing on the net.
INFO: [Physopt 32-710] Processed net output_bank/input_fault_reg_0. Critical path length was reduced through logic transformation on cell output_bank/registered_scheduling.admission_receipt_i_2_comp_2.
INFO: [Physopt 32-735] Processed net input_guard/bbstub_event_frame_started. Optimization improves timing on the net.
INFO: [Physopt 32-619] Estimated Timing Summary | WNS=-1.723 | TNS=-655.371 |
INFO: [Physopt 32-663] Processed net result_guard/input_count[1].  Re-placed instance result_guard/input_count_reg[1]
INFO: [Physopt 32-735] Processed net result_guard/input_count[1]. Optimization improves timing on the net.
INFO: [Physopt 32-619] Estimated Timing Summary | WNS=-1.686 | TNS=-654.907 |
INFO: [Physopt 32-702] Processed net result_guard/fault_reasons_reg_n_0_[5]. Optimizations did not improve timing on the net.
INFO: [Physopt 32-663] Processed net input_guard/certified_input_complete.  Re-placed instance input_guard/fault_reasons[5]_i_2
INFO: [Physopt 32-735] Processed net input_guard/certified_input_complete. Optimization improves timing on the net.
INFO: [Physopt 32-619] Estimated Timing Summary | WNS=-1.676 | TNS=-653.025 |
INFO: [Physopt 32-663] Processed net registered_scheduling.state_reg_n_0_[0].  Re-placed instance registered_scheduling.state_reg[0]
INFO: [Physopt 32-735] Processed net registered_scheduling.state_reg_n_0_[0]. Optimization improves timing on the net.
INFO: [Physopt 32-619] Estimated Timing Summary | WNS=-1.670 | TNS=-653.288 |
INFO: [Physopt 32-81] Processed net registered_scheduling.state_reg_n_0_[0]. Replicated 2 times.
INFO: [Physopt 32-735] Processed net registered_scheduling.state_reg_n_0_[0]. Optimization improves timing on the net.
INFO: [Physopt 32-619] Estimated Timing Summary | WNS=-1.644 | TNS=-653.191 |
INFO: [Physopt 32-81] Processed net registered_scheduling.state_reg_n_0_[1]. Replicated 2 times.
INFO: [Physopt 32-735] Processed net registered_scheduling.state_reg_n_0_[1]. Optimization improves timing on the net.
INFO: [Physopt 32-619] Estimated Timing Summary | WNS=-1.643 | TNS=-653.464 |
INFO: [Physopt 32-702] Processed net fast_reset_fast[1]. Optimizations did not improve timing on the net.
INFO: [Physopt 32-663] Processed net result_guard/fault_reasons[6]_i_2_n_0.  Re-placed instance result_guard/fault_reasons[6]_i_2
INFO: [Physopt 32-735] Processed net result_guard/fault_reasons[6]_i_2_n_0. Optimization improves timing on the net.
INFO: [Physopt 32-619] Estimated Timing Summary | WNS=-1.638 | TNS=-653.080 |
INFO: [Physopt 32-81] Processed net held_phase_repN_3. Replicated 2 times.
INFO: [Physopt 32-735] Processed net held_phase_repN_3. Optimization improves timing on the net.
INFO: [Physopt 32-619] Estimated Timing Summary | WNS=-1.630 | TNS=-654.492 |
INFO: [Physopt 32-702] Processed net registered_scheduling.state_reg_n_0_[0]_repN. Optimizations did not improve timing on the net.
INFO: [Physopt 32-710] Processed net product_bank/fast_fault_reg_0. Critical path length was reduced through logic transformation on cell product_bank/fast_fault_i_1_comp.
INFO: [Physopt 32-735] Processed net product_bank/any_fast_fault. Optimization improves timing on the net.
INFO: [Physopt 32-619] Estimated Timing Summary | WNS=-1.613 | TNS=-653.936 |
INFO: [Physopt 32-702] Processed net product/product_overflow. Optimizations did not improve timing on the net.
INFO: [Physopt 32-663] Processed net product/sum_imag_reg__0[8].  Re-placed instance product/i__carry_i_2__6_psdsp_2
INFO: [Physopt 32-735] Processed net product/sum_imag_reg__0[8]. Optimization improves timing on the net.
INFO: [Physopt 32-619] Estimated Timing Summary | WNS=-1.585 | TNS=-653.404 |
INFO: [Physopt 32-702] Processed net product/sum_imag_reg__0[8]. Optimizations did not improve timing on the net.
INFO: [Physopt 32-710] Processed net product/output_overflow_i_1_n_0. Critical path length was reduced through logic transformation on cell product/output_overflow_i_1_comp.
INFO: [Physopt 32-735] Processed net product/output_overflow_i_2_n_0. Optimization improves timing on the net.
INFO: [Physopt 32-619] Estimated Timing Summary | WNS=-1.577 | TNS=-653.683 |
INFO: [Physopt 32-663] Processed net result_guard/input_count[5].  Re-placed instance result_guard/input_count_reg[5]
INFO: [Physopt 32-735] Processed net result_guard/input_count[5]. Optimization improves timing on the net.
INFO: [Physopt 32-619] Estimated Timing Summary | WNS=-1.577 | TNS=-653.946 |
INFO: [Physopt 32-663] Processed net result_guard/input_count[7].  Re-placed instance result_guard/input_count_reg[7]
INFO: [Physopt 32-735] Processed net result_guard/input_count[7]. Optimization improves timing on the net.
INFO: [Physopt 32-619] Estimated Timing Summary | WNS=-1.577 | TNS=-654.210 |
INFO: [Physopt 32-663] Processed net result_guard/input_count[8].  Re-placed instance result_guard/input_count_reg[8]
INFO: [Physopt 32-735] Processed net result_guard/input_count[8]. Optimization improves timing on the net.
INFO: [Physopt 32-619] Estimated Timing Summary | WNS=-1.577 | TNS=-654.547 |
INFO: [Physopt 32-663] Processed net result_guard/input_count[9].  Re-placed instance result_guard/input_count_reg[9]
INFO: [Physopt 32-735] Processed net result_guard/input_count[9]. Optimization improves timing on the net.
INFO: [Physopt 32-619] Estimated Timing Summary | WNS=-1.570 | TNS=-654.997 |
INFO: [Physopt 32-702] Processed net registered_scheduling.descriptor_certified_reg_n_0. Optimizations did not improve timing on the net.
INFO: [Physopt 32-702] Processed net product_bank/any_fast_fault. Optimizations did not improve timing on the net.
INFO: [Physopt 32-710] Processed net product_bank/any_fast_fault. Critical path length was reduced through logic transformation on cell product_bank/registered_scheduling.completion_receipt_i_5_comp.
INFO: [Physopt 32-735] Processed net product_bank/read_valid_reg_0. Optimization improves timing on the net.
INFO: [Physopt 32-619] Estimated Timing Summary | WNS=-1.570 | TNS=-654.978 |
INFO: [Physopt 32-702] Processed net held_phase_repN_7. Optimizations did not improve timing on the net.
INFO: [Physopt 32-710] Processed net output_bank/input_fault_reg_0. Critical path length was reduced through logic transformation on cell output_bank/registered_scheduling.admission_receipt_i_2_comp_3.
INFO: [Physopt 32-735] Processed net product_bank/input_started_reg. Optimization improves timing on the net.
INFO: [Physopt 32-619] Estimated Timing Summary | WNS=-1.566 | TNS=-655.445 |
INFO: [Physopt 32-663] Processed net product_bank/request_toggle_i_3_n_0.  Re-placed instance product_bank/request_toggle_i_3
INFO: [Physopt 32-735] Processed net product_bank/request_toggle_i_3_n_0. Optimization improves timing on the net.
INFO: [Physopt 32-619] Estimated Timing Summary | WNS=-1.556 | TNS=-655.395 |
INFO: [Physopt 32-710] Processed net product_bank/completion_accept. Critical path length was reduced through logic transformation on cell product_bank/registered_scheduling.completion_receipt_i_1_comp_1.
INFO: [Physopt 32-735] Processed net input_guard/bbstub_event_frame_started. Optimization improves timing on the net.
INFO: [Physopt 32-619] Estimated Timing Summary | WNS=-1.548 | TNS=-655.445 |
INFO: [Physopt 32-710] Processed net product_bank/any_fast_fault. Critical path length was reduced through logic transformation on cell product_bank/registered_scheduling.completion_receipt_i_5_comp_1.
INFO: [Physopt 32-735] Processed net product_bank/input_started_reg. Optimization improves timing on the net.
INFO: [Physopt 32-619] Estimated Timing Summary | WNS=-1.544 | TNS=-655.718 |
INFO: [Physopt 32-702] Processed net result_guard/input_count[2]. Optimizations did not improve timing on the net.
INFO: [Physopt 32-81] Processed net input_guard/fault_reasons_reg[1]_0. Replicated 2 times.
INFO: [Physopt 32-735] Processed net input_guard/fault_reasons_reg[1]_0. Optimization improves timing on the net.
INFO: [Physopt 32-619] Estimated Timing Summary | WNS=-1.528 | TNS=-654.870 |
INFO: [Physopt 32-663] Processed net product_bank/request_toggle_i_3_n_0.  Re-placed instance product_bank/request_toggle_i_3
INFO: [Physopt 32-735] Processed net product_bank/request_toggle_i_3_n_0. Optimization improves timing on the net.
INFO: [Physopt 32-619] Estimated Timing Summary | WNS=-1.527 | TNS=-654.884 |
INFO: [Physopt 32-710] Processed net joiner/kernel_rom/have_previous_block. Critical path length was reduced through logic transformation on cell joiner/kernel_rom/expected_next_block_start[63]_i_1_comp_1.
INFO: [Physopt 32-735] Processed net result_guard/fault_reasons[6]_i_2_n_0. Optimization improves timing on the net.
INFO: [Physopt 32-619] Estimated Timing Summary | WNS=-1.511 | TNS=-653.303 |
INFO: [Physopt 32-710] Processed net result_guard/input_accept. Critical path length was reduced through logic transformation on cell result_guard/product_ii_reg_i_1_comp_2.
INFO: [Physopt 32-735] Processed net output_bank/input_fault_reg_2. Optimization improves timing on the net.
INFO: [Physopt 32-619] Estimated Timing Summary | WNS=-1.507 | TNS=-652.647 |
INFO: [Physopt 32-663] Processed net output_bank/p_0_in7_in[2].  Re-placed instance output_bank/metadata_in_hold_reg[14]
INFO: [Physopt 32-735] Processed net output_bank/p_0_in7_in[2]. Optimization improves timing on the net.
INFO: [Physopt 32-619] Estimated Timing Summary | WNS=-1.505 | TNS=-652.449 |
INFO: [Physopt 32-702] Processed net output_bank/p_0_in31_in[2]. Optimizations did not improve timing on the net.
INFO: [Physopt 32-702] Processed net result_guard/fault_reasons[6]_i_2_n_0_repN_1. Optimizations did not improve timing on the net.
INFO: [Physopt 32-702] Processed net output_bank/input_fault1_out. Optimizations did not improve timing on the net.
INFO: [Physopt 32-710] Processed net output_bank/input_fault1_out. Critical path length was reduced through logic transformation on cell output_bank/fault_reasons[0]_i_2__0_comp.
INFO: [Physopt 32-735] Processed net output_bank/request_toggle_i_3__0_n_0. Optimization improves timing on the net.
INFO: [Physopt 32-619] Estimated Timing Summary | WNS=-1.501 | TNS=-648.381 |
INFO: [Physopt 32-242] Processed net input_guard/fault_reasons_reg[1]_0. Rewired (signal push) input_guard/certified_input_beat to 1 loads. Replicated 0 times.
INFO: [Physopt 32-735] Processed net input_guard/fault_reasons_reg[1]_0. Optimization improves timing on the net.
INFO: [Physopt 32-619] Estimated Timing Summary | WNS=-1.498 | TNS=-645.857 |
INFO: [Physopt 32-710] Processed net product_bank/completion_accept. Critical path length was reduced through logic transformation on cell product_bank/registered_scheduling.completion_receipt_i_1_comp.
INFO: [Physopt 32-735] Processed net product_bank/request_toggle_i_3_n_0. Optimization improves timing on the net.
INFO: [Physopt 32-619] Estimated Timing Summary | WNS=-1.497 | TNS=-645.591 |
INFO: [Physopt 32-81] Processed net result_guard/fault_reasons[6]_i_2_n_0. Replicated 3 times.
INFO: [Physopt 32-735] Processed net result_guard/fault_reasons[6]_i_2_n_0. Optimization improves timing on the net.
INFO: [Physopt 32-619] Estimated Timing Summary | WNS=-1.492 | TNS=-640.288 |
INFO: [Physopt 32-710] Processed net result_guard/E[0]. Critical path length was reduced through logic transformation on cell result_guard/block_start_index[63]_i_1_comp_1.
INFO: [Physopt 32-735] Processed net result_guard/expected_bin_index[8]_i_3_n_0. Optimization improves timing on the net.
INFO: [Physopt 32-619] Estimated Timing Summary | WNS=-1.452 | TNS=-632.691 |
INFO: [Physopt 32-702] Processed net result_guard/expected_bin_index[8]_i_3_n_0. Optimizations did not improve timing on the net.
INFO: [Physopt 32-710] Processed net result_guard/expected_bin_index[8]_i_3_n_0. Critical path length was reduced through logic transformation on cell result_guard/expected_bin_index[8]_i_3_comp_3.
INFO: [Physopt 32-735] Processed net output_bank/input_fault_reg_2. Optimization improves timing on the net.
INFO: [Physopt 32-619] Estimated Timing Summary | WNS=-1.448 | TNS=-630.754 |
INFO: [Physopt 32-702] Processed net product_bank/acknowledge_sync_reg[1]_0. Optimizations did not improve timing on the net.
INFO: [Physopt 32-710] Processed net product_bank/acknowledge_sync_reg[1]_0. Critical path length was reduced through logic transformation on cell product_bank/fault_reasons[0]_i_8_comp.
INFO: [Physopt 32-735] Processed net product_bank/request_toggle_i_2_n_0. Optimization improves timing on the net.
INFO: [Physopt 32-619] Estimated Timing Summary | WNS=-1.447 | TNS=-627.594 |
INFO: [Physopt 32-702] Processed net product/product_iq_reg_n_153. Optimizations did not improve timing on the net.
INFO: [Physopt 32-663] Processed net output_bank/output_metadata[56].  Re-placed instance output_bank/metadata_out_hold_reg[56]
INFO: [Physopt 32-735] Processed net output_bank/output_metadata[56]. Optimization improves timing on the net.
INFO: [Physopt 32-619] Estimated Timing Summary | WNS=-1.447 | TNS=-627.392 |
INFO: [Physopt 32-663] Processed net output_bank/output_metadata[3].  Re-placed instance output_bank/metadata_out_hold_reg[3]
INFO: [Physopt 32-735] Processed net output_bank/output_metadata[3]. Optimization improves timing on the net.
INFO: [Physopt 32-619] Estimated Timing Summary | WNS=-1.447 | TNS=-627.007 |
INFO: [Common 17-14] Message 'Physopt 32-619' appears 100 times and further instances of the messages will be disabled. Use the Tcl command set_msg_config to change the current settings.
INFO: [Physopt 32-663] Processed net output_bank/output_metadata[66].  Re-placed instance output_bank/metadata_out_hold_reg[66]
INFO: [Physopt 32-735] Processed net output_bank/output_metadata[66]. Optimization improves timing on the net.
INFO: [Physopt 32-663] Processed net output_bank/output_metadata[68].  Re-placed instance output_bank/metadata_out_hold_reg[68]
INFO: [Physopt 32-735] Processed net output_bank/output_metadata[68]. Optimization improves timing on the net.
INFO: [Physopt 32-702] Processed net output_bank/output_metadata[70]. Optimizations did not improve timing on the net.
INFO: [Physopt 32-663] Processed net output_bank/metadata_in_hold_reg[74]_0[37].  Re-placed instance output_bank/metadata_in_hold_reg[70]
INFO: [Physopt 32-735] Processed net output_bank/metadata_in_hold_reg[74]_0[37]. Optimization improves timing on the net.
INFO: [Physopt 32-663] Processed net output_bank/output_metadata[1].  Re-placed instance output_bank/metadata_out_hold_reg[1]
INFO: [Physopt 32-735] Processed net output_bank/output_metadata[1]. Optimization improves timing on the net.
INFO: [Physopt 32-663] Processed net output_bank/output_metadata[20].  Re-placed instance output_bank/metadata_out_hold_reg[20]
INFO: [Physopt 32-735] Processed net output_bank/output_metadata[20]. Optimization improves timing on the net.
INFO: [Common 17-14] Message 'Physopt 32-735' appears 100 times and further instances of the messages will be disabled. Use the Tcl command set_msg_config to change the current settings.
INFO: [Physopt 32-663] Processed net output_bank/output_metadata[37].  Re-placed instance output_bank/metadata_out_hold_reg[37]
INFO: [Physopt 32-702] Processed net output_bank/output_metadata[68]. Optimizations did not improve timing on the net.
INFO: [Physopt 32-81] Processed net output_bank/metadata_in_hold_reg[74]_0[35]. Replicated 1 times.
INFO: [Physopt 32-663] Processed net output_bank/output_metadata[21].  Re-placed instance output_bank/metadata_out_hold_reg[21]
INFO: [Physopt 32-702] Processed net output_bank/output_metadata[37]. Optimizations did not improve timing on the net.
INFO: [Physopt 32-663] Processed net output_bank/p_0_in31_in[1].  Re-placed instance output_bank/metadata_in_hold_reg[37]
INFO: [Physopt 32-663] Processed net output_bank/output_metadata[73].  Re-placed instance output_bank/metadata_out_hold_reg[73]
INFO: [Physopt 32-702] Processed net output_bank/output_metadata[1]. Optimizations did not improve timing on the net.
INFO: [Physopt 32-663] Processed net output_bank/metadata_in_hold_reg[74]_0[1].  Re-placed instance output_bank/metadata_in_hold_reg[1]
INFO: [Physopt 32-663] Processed net output_bank/output_metadata[69].  Re-placed instance output_bank/metadata_out_hold_reg[69]
INFO: [Physopt 32-663] Processed net output_bank/output_metadata[45].  Re-placed instance output_bank/metadata_out_hold_reg[45]
INFO: [Physopt 32-702] Processed net output_bank/output_metadata[72]. Optimizations did not improve timing on the net.
INFO: [Physopt 32-663] Processed net output_bank/metadata_in_hold_reg[74]_0[39].  Re-placed instance output_bank/metadata_in_hold_reg[72]
INFO: [Physopt 32-702] Processed net output_bank/output_metadata[73]. Optimizations did not improve timing on the net.
INFO: [Physopt 32-663] Processed net output_bank/metadata_in_hold_reg[74]_0[40].  Re-placed instance output_bank/metadata_in_hold_reg[73]
INFO: [Physopt 32-663] Processed net output_bank/output_metadata[54].  Re-placed instance output_bank/metadata_out_hold_reg[54]
INFO: [Physopt 32-702] Processed net output_bank/output_metadata[26]. Optimizations did not improve timing on the net.
INFO: [Physopt 32-663] Processed net output_bank/metadata_in_hold_reg[74]_0[14].  Re-placed instance output_bank/metadata_in_hold_reg[26]
INFO: [Physopt 32-702] Processed net output_bank/output_metadata[3]. Optimizations did not improve timing on the net.
INFO: [Physopt 32-663] Processed net output_bank/metadata_in_hold_reg[74]_0[3].  Re-placed instance output_bank/metadata_in_hold_reg[3]
INFO: [Physopt 32-663] Processed net output_bank/output_metadata[53].  Re-placed instance output_bank/metadata_out_hold_reg[53]
INFO: [Physopt 32-663] Processed net output_bank/output_metadata[4].  Re-placed instance output_bank/metadata_out_hold_reg[4]
INFO: [Physopt 32-663] Processed net output_bank/output_metadata[44].  Re-placed instance output_bank/metadata_out_hold_reg[44]
INFO: [Physopt 32-702] Processed net output_bank/output_metadata[29]. Optimizations did not improve timing on the net.
INFO: [Physopt 32-663] Processed net output_bank/p_0_in22_in[2].  Re-placed instance output_bank/metadata_in_hold_reg[29]
INFO: [Physopt 32-702] Processed net output_bank/output_metadata[57]. Optimizations did not improve timing on the net.
INFO: [Physopt 32-702] Processed net output_bank/metadata_in_hold_reg[74]_0[27]. Optimizations did not improve timing on the net.
INFO: [Physopt 32-702] Processed net joiner/kernel_rom/output_kernel_word_reg_0[16]. Optimizations did not improve timing on the net.
INFO: [Physopt 32-702] Processed net output_bank/output_metadata[57]. Optimizations did not improve timing on the net.
INFO: [Physopt 32-702] Processed net output_bank/metadata_in_hold_reg[74]_0[27]. Optimizations did not improve timing on the net.
Phase 4 Critical Path Optimization | Checksum: 1afd80554

Time (s): cpu = 00:00:11 ; elapsed = 00:00:09 . Memory (MB): peak = 2616.547 ; gain = 0.000 ; free physical = 13891 ; free virtual = 152068
Netlist sorting complete. Time (s): cpu = 00:00:00 ; elapsed = 00:00:00.01 . Memory (MB): peak = 2616.547 ; gain = 0.000 ; free physical = 13891 ; free virtual = 152068
INFO: [Physopt 32-603] Post Physical Optimization Timing Summary | WNS=-1.447 | TNS=-623.297 |

Summary of Physical Synthesis Optimizations
============================================


-------------------------------------------------------------------------------------------------------------------------------------------------------------
|  Optimization   |  WNS Gain (ns)  |  TNS Gain (ns)  |  Added Cells  |  Removed Cells  |  Optimized Cells/Nets  |  Dont Touch  |  Iterations  |  Elapsed   |
-------------------------------------------------------------------------------------------------------------------------------------------------------------
|  DSP Register   |          0.000  |          0.000  |            0  |              0  |                     0  |           0  |           1  |  00:00:00  |
|  Critical Path  |          0.810  |        143.296  |           21  |              0  |                   117  |           0  |           2  |  00:00:08  |
|  Total          |          0.810  |        143.296  |           21  |              0  |                   117  |           0  |           3  |  00:00:08  |
-------------------------------------------------------------------------------------------------------------------------------------------------------------


Netlist sorting complete. Time (s): cpu = 00:00:00 ; elapsed = 00:00:00 . Memory (MB): peak = 2616.547 ; gain = 0.000 ; free physical = 13891 ; free virtual = 152068
Ending Physical Synthesis Task | Checksum: 14839a536

Time (s): cpu = 00:00:11 ; elapsed = 00:00:09 . Memory (MB): peak = 2616.547 ; gain = 0.000 ; free physical = 13900 ; free virtual = 152077
INFO: [Common 17-83] Releasing license: Implementation
376 Infos, 2 Warnings, 0 Critical Warnings and 0 Errors encountered.
phys_opt_design completed successfully
phys_opt_design: Time (s): cpu = 00:00:12 ; elapsed = 00:00:09 . Memory (MB): peak = 2616.547 ; gain = 0.000 ; free physical = 13899 ; free virtual = 152076
INFO: [Common 17-600] The following parameters have non-default value.
general.maxThreads
# route_design
Command: route_design
Attempting to get a license for feature 'Implementation' and/or device 'xc7z010'
INFO: [Common 17-349] Got license for feature 'Implementation' and/or device 'xc7z010'
INFO: [DRC 23-27] Running DRC with 2 threads
INFO: [Vivado_Tcl 4-198] DRC finished with 0 Errors
INFO: [Vivado_Tcl 4-199] Please refer to the DRC report (report_drc) for more information.
Running DRC as a precondition to command route_design
INFO: [DRC 23-27] Running DRC with 2 threads
INFO: [Vivado_Tcl 4-198] DRC finished with 0 Errors
INFO: [Vivado_Tcl 4-199] Please refer to the DRC report (report_drc) for more information.


Starting Routing Task
INFO: [Route 35-254] Multithreading enabled for route_design using a maximum of 2 CPUs

Phase 1 Build RT Design
Checksum: PlaceDB: 1b3ccd7 ConstDB: 0 ShapeSum: b209004f RouteDB: 0
WARNING: [Route 35-197] Clock port "fft_clk" does not have an associated HD.CLK_SRC. Without this constraint, timing analysis may not be accurate and upstream checks cannot be done to ensure correct clock placement.
WARNING: [Route 35-197] Clock port "clk" does not have an associated HD.CLK_SRC. Without this constraint, timing analysis may not be accurate and upstream checks cannot be done to ensure correct clock placement.
WARNING: [Route 35-198] Port "input_data[15]" does not have an associated HD.PARTPIN_LOCS, which will prevent the partial routing of the signal "input_data[15]". Without this partial route, timing analysis to/from this port will not be accurate, and no routing information for this port can be exported.
WARNING: [Route 35-198] Port "input_data[14]" does not have an associated HD.PARTPIN_LOCS, which will prevent the partial routing of the signal "input_data[14]". Without this partial route, timing analysis to/from this port will not be accurate, and no routing information for this port can be exported.
WARNING: [Route 35-198] Port "input_data[13]" does not have an associated HD.PARTPIN_LOCS, which will prevent the partial routing of the signal "input_data[13]". Without this partial route, timing analysis to/from this port will not be accurate, and no routing information for this port can be exported.
WARNING: [Route 35-198] Port "input_data[12]" does not have an associated HD.PARTPIN_LOCS, which will prevent the partial routing of the signal "input_data[12]". Without this partial route, timing analysis to/from this port will not be accurate, and no routing information for this port can be exported.
WARNING: [Route 35-198] Port "input_data[11]" does not have an associated HD.PARTPIN_LOCS, which will prevent the partial routing of the signal "input_data[11]". Without this partial route, timing analysis to/from this port will not be accurate, and no routing information for this port can be exported.
WARNING: [Route 35-198] Port "input_data[10]" does not have an associated HD.PARTPIN_LOCS, which will prevent the partial routing of the signal "input_data[10]". Without this partial route, timing analysis to/from this port will not be accurate, and no routing information for this port can be exported.
WARNING: [Route 35-198] Port "input_data[9]" does not have an associated HD.PARTPIN_LOCS, which will prevent the partial routing of the signal "input_data[9]". Without this partial route, timing analysis to/from this port will not be accurate, and no routing information for this port can be exported.
WARNING: [Route 35-198] Port "input_data[8]" does not have an associated HD.PARTPIN_LOCS, which will prevent the partial routing of the signal "input_data[8]". Without this partial route, timing analysis to/from this port will not be accurate, and no routing information for this port can be exported.
WARNING: [Route 35-198] Port "input_data[7]" does not have an associated HD.PARTPIN_LOCS, which will prevent the partial routing of the signal "input_data[7]". Without this partial route, timing analysis to/from this port will not be accurate, and no routing information for this port can be exported.
WARNING: [Route 35-198] Port "input_data[6]" does not have an associated HD.PARTPIN_LOCS, which will prevent the partial routing of the signal "input_data[6]". Without this partial route, timing analysis to/from this port will not be accurate, and no routing information for this port can be exported.
WARNING: [Route 35-198] Port "input_data[5]" does not have an associated HD.PARTPIN_LOCS, which will prevent the partial routing of the signal "input_data[5]". Without this partial route, timing analysis to/from this port will not be accurate, and no routing information for this port can be exported.
WARNING: [Route 35-198] Port "input_data[4]" does not have an associated HD.PARTPIN_LOCS, which will prevent the partial routing of the signal "input_data[4]". Without this partial route, timing analysis to/from this port will not be accurate, and no routing information for this port can be exported.
WARNING: [Route 35-198] Port "input_data[3]" does not have an associated HD.PARTPIN_LOCS, which will prevent the partial routing of the signal "input_data[3]". Without this partial route, timing analysis to/from this port will not be accurate, and no routing information for this port can be exported.
WARNING: [Route 35-198] Port "input_data[2]" does not have an associated HD.PARTPIN_LOCS, which will prevent the partial routing of the signal "input_data[2]". Without this partial route, timing analysis to/from this port will not be accurate, and no routing information for this port can be exported.
WARNING: [Route 35-198] Port "input_data[1]" does not have an associated HD.PARTPIN_LOCS, which will prevent the partial routing of the signal "input_data[1]". Without this partial route, timing analysis to/from this port will not be accurate, and no routing information for this port can be exported.
WARNING: [Route 35-198] Port "input_data[0]" does not have an associated HD.PARTPIN_LOCS, which will prevent the partial routing of the signal "input_data[0]". Without this partial route, timing analysis to/from this port will not be accurate, and no routing information for this port can be exported.
WARNING: [Route 35-198] Port "input_data[31]" does not have an associated HD.PARTPIN_LOCS, which will prevent the partial routing of the signal "input_data[31]". Without this partial route, timing analysis to/from this port will not be accurate, and no routing information for this port can be exported.
WARNING: [Route 35-198] Port "input_data[30]" does not have an associated HD.PARTPIN_LOCS, which will prevent the partial routing of the signal "input_data[30]". Without this partial route, timing analysis to/from this port will not be accurate, and no routing information for this port can be exported.
WARNING: [Route 35-198] Port "input_data[29]" does not have an associated HD.PARTPIN_LOCS, which will prevent the partial routing of the signal "input_data[29]". Without this partial route, timing analysis to/from this port will not be accurate, and no routing information for this port can be exported.
WARNING: [Route 35-198] Port "input_data[28]" does not have an associated HD.PARTPIN_LOCS, which will prevent the partial routing of the signal "input_data[28]". Without this partial route, timing analysis to/from this port will not be accurate, and no routing information for this port can be exported.
WARNING: [Route 35-198] Port "input_data[27]" does not have an associated HD.PARTPIN_LOCS, which will prevent the partial routing of the signal "input_data[27]". Without this partial route, timing analysis to/from this port will not be accurate, and no routing information for this port can be exported.
WARNING: [Route 35-198] Port "input_data[26]" does not have an associated HD.PARTPIN_LOCS, which will prevent the partial routing of the signal "input_data[26]". Without this partial route, timing analysis to/from this port will not be accurate, and no routing information for this port can be exported.
WARNING: [Route 35-198] Port "input_data[25]" does not have an associated HD.PARTPIN_LOCS, which will prevent the partial routing of the signal "input_data[25]". Without this partial route, timing analysis to/from this port will not be accurate, and no routing information for this port can be exported.
WARNING: [Route 35-198] Port "input_data[24]" does not have an associated HD.PARTPIN_LOCS, which will prevent the partial routing of the signal "input_data[24]". Without this partial route, timing analysis to/from this port will not be accurate, and no routing information for this port can be exported.
WARNING: [Route 35-198] Port "input_data[23]" does not have an associated HD.PARTPIN_LOCS, which will prevent the partial routing of the signal "input_data[23]". Without this partial route, timing analysis to/from this port will not be accurate, and no routing information for this port can be exported.
WARNING: [Route 35-198] Port "input_data[22]" does not have an associated HD.PARTPIN_LOCS, which will prevent the partial routing of the signal "input_data[22]". Without this partial route, timing analysis to/from this port will not be accurate, and no routing information for this port can be exported.
WARNING: [Route 35-198] Port "input_data[21]" does not have an associated HD.PARTPIN_LOCS, which will prevent the partial routing of the signal "input_data[21]". Without this partial route, timing analysis to/from this port will not be accurate, and no routing information for this port can be exported.
WARNING: [Route 35-198] Port "input_data[20]" does not have an associated HD.PARTPIN_LOCS, which will prevent the partial routing of the signal "input_data[20]". Without this partial route, timing analysis to/from this port will not be accurate, and no routing information for this port can be exported.
WARNING: [Route 35-198] Port "input_data[19]" does not have an associated HD.PARTPIN_LOCS, which will prevent the partial routing of the signal "input_data[19]". Without this partial route, timing analysis to/from this port will not be accurate, and no routing information for this port can be exported.
WARNING: [Route 35-198] Port "input_data[18]" does not have an associated HD.PARTPIN_LOCS, which will prevent the partial routing of the signal "input_data[18]". Without this partial route, timing analysis to/from this port will not be accurate, and no routing information for this port can be exported.
WARNING: [Route 35-198] Port "input_data[17]" does not have an associated HD.PARTPIN_LOCS, which will prevent the partial routing of the signal "input_data[17]". Without this partial route, timing analysis to/from this port will not be accurate, and no routing information for this port can be exported.
WARNING: [Route 35-198] Port "input_data[16]" does not have an associated HD.PARTPIN_LOCS, which will prevent the partial routing of the signal "input_data[16]". Without this partial route, timing analysis to/from this port will not be accurate, and no routing information for this port can be exported.
WARNING: [Route 35-198] Port "input_data[33]" does not have an associated HD.PARTPIN_LOCS, which will prevent the partial routing of the signal "input_data[33]". Without this partial route, timing analysis to/from this port will not be accurate, and no routing information for this port can be exported.
WARNING: [Route 35-198] Port "input_data[32]" does not have an associated HD.PARTPIN_LOCS, which will prevent the partial routing of the signal "input_data[32]". Without this partial route, timing analysis to/from this port will not be accurate, and no routing information for this port can be exported.
WARNING: [Route 35-198] Port "input_data[35]" does not have an associated HD.PARTPIN_LOCS, which will prevent the partial routing of the signal "input_data[35]". Without this partial route, timing analysis to/from this port will not be accurate, and no routing information for this port can be exported.
WARNING: [Route 35-198] Port "input_data[34]" does not have an associated HD.PARTPIN_LOCS, which will prevent the partial routing of the signal "input_data[34]". Without this partial route, timing analysis to/from this port will not be accurate, and no routing information for this port can be exported.
WARNING: [Route 35-198] Port "input_block_start[51]" does not have an associated HD.PARTPIN_LOCS, which will prevent the partial routing of the signal "input_block_start[51]". Without this partial route, timing analysis to/from this port will not be accurate, and no routing information for this port can be exported.
WARNING: [Route 35-198] Port "input_block_start[39]" does not have an associated HD.PARTPIN_LOCS, which will prevent the partial routing of the signal "input_block_start[39]". Without this partial route, timing analysis to/from this port will not be accurate, and no routing information for this port can be exported.
WARNING: [Route 35-198] Port "input_block_start[50]" does not have an associated HD.PARTPIN_LOCS, which will prevent the partial routing of the signal "input_block_start[50]". Without this partial route, timing analysis to/from this port will not be accurate, and no routing information for this port can be exported.
WARNING: [Route 35-198] Port "input_block_start[52]" does not have an associated HD.PARTPIN_LOCS, which will prevent the partial routing of the signal "input_block_start[52]". Without this partial route, timing analysis to/from this port will not be accurate, and no routing information for this port can be exported.
WARNING: [Route 35-198] Port "input_block_start[18]" does not have an associated HD.PARTPIN_LOCS, which will prevent the partial routing of the signal "input_block_start[18]". Without this partial route, timing analysis to/from this port will not be accurate, and no routing information for this port can be exported.
WARNING: [Route 35-198] Port "input_block_start[27]" does not have an associated HD.PARTPIN_LOCS, which will prevent the partial routing of the signal "input_block_start[27]". Without this partial route, timing analysis to/from this port will not be accurate, and no routing information for this port can be exported.
WARNING: [Route 35-198] Port "input_block_start[28]" does not have an associated HD.PARTPIN_LOCS, which will prevent the partial routing of the signal "input_block_start[28]". Without this partial route, timing analysis to/from this port will not be accurate, and no routing information for this port can be exported.
WARNING: [Route 35-198] Port "input_block_start[29]" does not have an associated HD.PARTPIN_LOCS, which will prevent the partial routing of the signal "input_block_start[29]". Without this partial route, timing analysis to/from this port will not be accurate, and no routing information for this port can be exported.
WARNING: [Route 35-198] Port "input_block_start[34]" does not have an associated HD.PARTPIN_LOCS, which will prevent the partial routing of the signal "input_block_start[34]". Without this partial route, timing analysis to/from this port will not be accurate, and no routing information for this port can be exported.
WARNING: [Route 35-198] Port "input_block_start[35]" does not have an associated HD.PARTPIN_LOCS, which will prevent the partial routing of the signal "input_block_start[35]". Without this partial route, timing analysis to/from this port will not be accurate, and no routing information for this port can be exported.
WARNING: [Route 35-198] Port "input_block_start[36]" does not have an associated HD.PARTPIN_LOCS, which will prevent the partial routing of the signal "input_block_start[36]". Without this partial route, timing analysis to/from this port will not be accurate, and no routing information for this port can be exported.
WARNING: [Route 35-198] Port "input_block_start[16]" does not have an associated HD.PARTPIN_LOCS, which will prevent the partial routing of the signal "input_block_start[16]". Without this partial route, timing analysis to/from this port will not be accurate, and no routing information for this port can be exported.
WARNING: [Route 35-198] Port "input_block_start[31]" does not have an associated HD.PARTPIN_LOCS, which will prevent the partial routing of the signal "input_block_start[31]". Without this partial route, timing analysis to/from this port will not be accurate, and no routing information for this port can be exported.
WARNING: [Route 35-198] Port "input_block_start[32]" does not have an associated HD.PARTPIN_LOCS, which will prevent the partial routing of the signal "input_block_start[32]". Without this partial route, timing analysis to/from this port will not be accurate, and no routing information for this port can be exported.
WARNING: [Route 35-198] Port "input_block_start[33]" does not have an associated HD.PARTPIN_LOCS, which will prevent the partial routing of the signal "input_block_start[33]". Without this partial route, timing analysis to/from this port will not be accurate, and no routing information for this port can be exported.
WARNING: [Route 35-198] Port "input_block_start[43]" does not have an associated HD.PARTPIN_LOCS, which will prevent the partial routing of the signal "input_block_start[43]". Without this partial route, timing analysis to/from this port will not be accurate, and no routing information for this port can be exported.
WARNING: [Route 35-198] Port "input_block_start[44]" does not have an associated HD.PARTPIN_LOCS, which will prevent the partial routing of the signal "input_block_start[44]". Without this partial route, timing analysis to/from this port will not be accurate, and no routing information for this port can be exported.
WARNING: [Route 35-198] Port "input_block_start[48]" does not have an associated HD.PARTPIN_LOCS, which will prevent the partial routing of the signal "input_block_start[48]". Without this partial route, timing analysis to/from this port will not be accurate, and no routing information for this port can be exported.
WARNING: [Route 35-198] Port "input_block_start[62]" does not have an associated HD.PARTPIN_LOCS, which will prevent the partial routing of the signal "input_block_start[62]". Without this partial route, timing analysis to/from this port will not be accurate, and no routing information for this port can be exported.
WARNING: [Route 35-198] Port "input_block_start[63]" does not have an associated HD.PARTPIN_LOCS, which will prevent the partial routing of the signal "input_block_start[63]". Without this partial route, timing analysis to/from this port will not be accurate, and no routing information for this port can be exported.
WARNING: [Route 35-198] Port "input_block_start[45]" does not have an associated HD.PARTPIN_LOCS, which will prevent the partial routing of the signal "input_block_start[45]". Without this partial route, timing analysis to/from this port will not be accurate, and no routing information for this port can be exported.
WARNING: [Route 35-198] Port "input_block_start[47]" does not have an associated HD.PARTPIN_LOCS, which will prevent the partial routing of the signal "input_block_start[47]". Without this partial route, timing analysis to/from this port will not be accurate, and no routing information for this port can be exported.
WARNING: [Route 35-198] Port "input_block_start[38]" does not have an associated HD.PARTPIN_LOCS, which will prevent the partial routing of the signal "input_block_start[38]". Without this partial route, timing analysis to/from this port will not be accurate, and no routing information for this port can be exported.
WARNING: [Route 35-198] Port "input_block_start[40]" does not have an associated HD.PARTPIN_LOCS, which will prevent the partial routing of the signal "input_block_start[40]". Without this partial route, timing analysis to/from this port will not be accurate, and no routing information for this port can be exported.
WARNING: [Route 35-198] Port "input_block_start[54]" does not have an associated HD.PARTPIN_LOCS, which will prevent the partial routing of the signal "input_block_start[54]". Without this partial route, timing analysis to/from this port will not be accurate, and no routing information for this port can be exported.
WARNING: [Route 35-198] Port "input_block_start[57]" does not have an associated HD.PARTPIN_LOCS, which will prevent the partial routing of the signal "input_block_start[57]". Without this partial route, timing analysis to/from this port will not be accurate, and no routing information for this port can be exported.
WARNING: [Route 35-198] Port "input_block_start[60]" does not have an associated HD.PARTPIN_LOCS, which will prevent the partial routing of the signal "input_block_start[60]". Without this partial route, timing analysis to/from this port will not be accurate, and no routing information for this port can be exported.
WARNING: [Route 35-198] Port "input_block_start[6]" does not have an associated HD.PARTPIN_LOCS, which will prevent the partial routing of the signal "input_block_start[6]". Without this partial route, timing analysis to/from this port will not be accurate, and no routing information for this port can be exported.
WARNING: [Route 35-198] Port "input_block_start[1]" does not have an associated HD.PARTPIN_LOCS, which will prevent the partial routing of the signal "input_block_start[1]". Without this partial route, timing analysis to/from this port will not be accurate, and no routing information for this port can be exported.
WARNING: [Route 35-198] Port "input_block_start[2]" does not have an associated HD.PARTPIN_LOCS, which will prevent the partial routing of the signal "input_block_start[2]". Without this partial route, timing analysis to/from this port will not be accurate, and no routing information for this port can be exported.
WARNING: [Route 35-198] Port "input_block_start[3]" does not have an associated HD.PARTPIN_LOCS, which will prevent the partial routing of the signal "input_block_start[3]". Without this partial route, timing analysis to/from this port will not be accurate, and no routing information for this port can be exported.
WARNING: [Route 35-198] Port "input_block_start[56]" does not have an associated HD.PARTPIN_LOCS, which will prevent the partial routing of the signal "input_block_start[56]". Without this partial route, timing analysis to/from this port will not be accurate, and no routing information for this port can be exported.
WARNING: [Route 35-198] Port "input_block_start[58]" does not have an associated HD.PARTPIN_LOCS, which will prevent the partial routing of the signal "input_block_start[58]". Without this partial route, timing analysis to/from this port will not be accurate, and no routing information for this port can be exported.
WARNING: [Route 35-198] Port "input_block_start[59]" does not have an associated HD.PARTPIN_LOCS, which will prevent the partial routing of the signal "input_block_start[59]". Without this partial route, timing analysis to/from this port will not be accurate, and no routing information for this port can be exported.
WARNING: [Route 35-198] Port "input_block_start[5]" does not have an associated HD.PARTPIN_LOCS, which will prevent the partial routing of the signal "input_block_start[5]". Without this partial route, timing analysis to/from this port will not be accurate, and no routing information for this port can be exported.
WARNING: [Route 35-198] Port "input_block_start[7]" does not have an associated HD.PARTPIN_LOCS, which will prevent the partial routing of the signal "input_block_start[7]". Without this partial route, timing analysis to/from this port will not be accurate, and no routing information for this port can be exported.
WARNING: [Route 35-198] Port "input_block_start[14]" does not have an associated HD.PARTPIN_LOCS, which will prevent the partial routing of the signal "input_block_start[14]". Without this partial route, timing analysis to/from this port will not be accurate, and no routing information for this port can be exported.
WARNING: [Route 35-198] Port "input_block_start[4]" does not have an associated HD.PARTPIN_LOCS, which will prevent the partial routing of the signal "input_block_start[4]". Without this partial route, timing analysis to/from this port will not be accurate, and no routing information for this port can be exported.
WARNING: [Route 35-198] Port "input_block_start[8]" does not have an associated HD.PARTPIN_LOCS, which will prevent the partial routing of the signal "input_block_start[8]". Without this partial route, timing analysis to/from this port will not be accurate, and no routing information for this port can be exported.
WARNING: [Route 35-198] Port "input_block_start[10]" does not have an associated HD.PARTPIN_LOCS, which will prevent the partial routing of the signal "input_block_start[10]". Without this partial route, timing analysis to/from this port will not be accurate, and no routing information for this port can be exported.
WARNING: [Route 35-198] Port "input_block_start[11]" does not have an associated HD.PARTPIN_LOCS, which will prevent the partial routing of the signal "input_block_start[11]". Without this partial route, timing analysis to/from this port will not be accurate, and no routing information for this port can be exported.
WARNING: [Route 35-198] Port "input_block_start[17]" does not have an associated HD.PARTPIN_LOCS, which will prevent the partial routing of the signal "input_block_start[17]". Without this partial route, timing analysis to/from this port will not be accurate, and no routing information for this port can be exported.
WARNING: [Route 35-198] Port "input_block_start[25]" does not have an associated HD.PARTPIN_LOCS, which will prevent the partial routing of the signal "input_block_start[25]". Without this partial route, timing analysis to/from this port will not be accurate, and no routing information for this port can be exported.
WARNING: [Route 35-198] Port "input_block_start[0]" does not have an associated HD.PARTPIN_LOCS, which will prevent the partial routing of the signal "input_block_start[0]". Without this partial route, timing analysis to/from this port will not be accurate, and no routing information for this port can be exported.
WARNING: [Route 35-198] Port "input_block_start[26]" does not have an associated HD.PARTPIN_LOCS, which will prevent the partial routing of the signal "input_block_start[26]". Without this partial route, timing analysis to/from this port will not be accurate, and no routing information for this port can be exported.
WARNING: [Route 35-198] Port "input_block_start[37]" does not have an associated HD.PARTPIN_LOCS, which will prevent the partial routing of the signal "input_block_start[37]". Without this partial route, timing analysis to/from this port will not be accurate, and no routing information for this port can be exported.
WARNING: [Route 35-198] Port "input_block_start[46]" does not have an associated HD.PARTPIN_LOCS, which will prevent the partial routing of the signal "input_block_start[46]". Without this partial route, timing analysis to/from this port will not be accurate, and no routing information for this port can be exported.
WARNING: [Route 35-198] Port "input_block_start[49]" does not have an associated HD.PARTPIN_LOCS, which will prevent the partial routing of the signal "input_block_start[49]". Without this partial route, timing analysis to/from this port will not be accurate, and no routing information for this port can be exported.
WARNING: [Route 35-198] Port "input_block_start[53]" does not have an associated HD.PARTPIN_LOCS, which will prevent the partial routing of the signal "input_block_start[53]". Without this partial route, timing analysis to/from this port will not be accurate, and no routing information for this port can be exported.
WARNING: [Route 35-198] Port "input_block_start[55]" does not have an associated HD.PARTPIN_LOCS, which will prevent the partial routing of the signal "input_block_start[55]". Without this partial route, timing analysis to/from this port will not be accurate, and no routing information for this port can be exported.
WARNING: [Route 35-198] Port "input_block_start[42]" does not have an associated HD.PARTPIN_LOCS, which will prevent the partial routing of the signal "input_block_start[42]". Without this partial route, timing analysis to/from this port will not be accurate, and no routing information for this port can be exported.
WARNING: [Route 35-198] Port "input_block_start[61]" does not have an associated HD.PARTPIN_LOCS, which will prevent the partial routing of the signal "input_block_start[61]". Without this partial route, timing analysis to/from this port will not be accurate, and no routing information for this port can be exported.
WARNING: [Route 35-198] Port "input_block_start[41]" does not have an associated HD.PARTPIN_LOCS, which will prevent the partial routing of the signal "input_block_start[41]". Without this partial route, timing analysis to/from this port will not be accurate, and no routing information for this port can be exported.
WARNING: [Route 35-198] Port "input_block_start[9]" does not have an associated HD.PARTPIN_LOCS, which will prevent the partial routing of the signal "input_block_start[9]". Without this partial route, timing analysis to/from this port will not be accurate, and no routing information for this port can be exported.
WARNING: [Route 35-198] Port "input_block_start[12]" does not have an associated HD.PARTPIN_LOCS, which will prevent the partial routing of the signal "input_block_start[12]". Without this partial route, timing analysis to/from this port will not be accurate, and no routing information for this port can be exported.
WARNING: [Route 35-198] Port "input_block_start[23]" does not have an associated HD.PARTPIN_LOCS, which will prevent the partial routing of the signal "input_block_start[23]". Without this partial route, timing analysis to/from this port will not be accurate, and no routing information for this port can be exported.
WARNING: [Route 35-198] Port "input_block_start[30]" does not have an associated HD.PARTPIN_LOCS, which will prevent the partial routing of the signal "input_block_start[30]". Without this partial route, timing analysis to/from this port will not be accurate, and no routing information for this port can be exported.
WARNING: [Route 35-198] Port "input_block_start[13]" does not have an associated HD.PARTPIN_LOCS, which will prevent the partial routing of the signal "input_block_start[13]". Without this partial route, timing analysis to/from this port will not be accurate, and no routing information for this port can be exported.
WARNING: [Route 35-198] Port "input_block_start[21]" does not have an associated HD.PARTPIN_LOCS, which will prevent the partial routing of the signal "input_block_start[21]". Without this partial route, timing analysis to/from this port will not be accurate, and no routing information for this port can be exported.
WARNING: [Route 35-198] Port "input_block_start[15]" does not have an associated HD.PARTPIN_LOCS, which will prevent the partial routing of the signal "input_block_start[15]". Without this partial route, timing analysis to/from this port will not be accurate, and no routing information for this port can be exported.
WARNING: [Route 35-198] Port "input_block_start[22]" does not have an associated HD.PARTPIN_LOCS, which will prevent the partial routing of the signal "input_block_start[22]". Without this partial route, timing analysis to/from this port will not be accurate, and no routing information for this port can be exported.
WARNING: [Route 35-198] Port "input_block_start[24]" does not have an associated HD.PARTPIN_LOCS, which will prevent the partial routing of the signal "input_block_start[24]". Without this partial route, timing analysis to/from this port will not be accurate, and no routing information for this port can be exported.
WARNING: [Route 35-198] Port "input_block_start[19]" does not have an associated HD.PARTPIN_LOCS, which will prevent the partial routing of the signal "input_block_start[19]". Without this partial route, timing analysis to/from this port will not be accurate, and no routing information for this port can be exported.
WARNING: [Route 35-198] Port "input_block_start[20]" does not have an associated HD.PARTPIN_LOCS, which will prevent the partial routing of the signal "input_block_start[20]". Without this partial route, timing analysis to/from this port will not be accurate, and no routing information for this port can be exported.
INFO: [Common 17-14] Message 'Route 35-198' appears 100 times and further instances of the messages will be disabled. Use the Tcl command set_msg_config to change the current settings.
Post Restoration Checksum: NetGraph: a0243935 NumContArr: 6071bbd4 Constraints: 0 Timing: 0
Phase 1 Build RT Design | Checksum: 10095f509

Time (s): cpu = 00:00:04 ; elapsed = 00:00:03 . Memory (MB): peak = 2616.547 ; gain = 0.000 ; free physical = 14995 ; free virtual = 153246

Phase 2 Router Initialization

Phase 2.1 Fix Topology Constraints
Phase 2.1 Fix Topology Constraints | Checksum: 10095f509

Time (s): cpu = 00:00:04 ; elapsed = 00:00:03 . Memory (MB): peak = 2616.547 ; gain = 0.000 ; free physical = 14988 ; free virtual = 153238

Phase 2.2 Pre Route Cleanup
Phase 2.2 Pre Route Cleanup | Checksum: 10095f509

Time (s): cpu = 00:00:04 ; elapsed = 00:00:03 . Memory (MB): peak = 2616.547 ; gain = 0.000 ; free physical = 14988 ; free virtual = 153238
 Number of Nodes with overlaps = 0

Phase 2.3 Update Timing
Phase 2.3 Update Timing | Checksum: 168f9ebe6

Time (s): cpu = 00:00:05 ; elapsed = 00:00:04 . Memory (MB): peak = 2616.547 ; gain = 0.000 ; free physical = 15074 ; free virtual = 153325
INFO: [Route 35-416] Intermediate Timing Summary | WNS=-1.436 | TNS=-516.057| WHS=0.072  | THS=0.000  |


Router Utilization Summary
  Global Vertical Routing Utilization    = 0 %
  Global Horizontal Routing Utilization  = 0 %
  Routable Net Status*
  *Does not include unroutable nets such as driverless and loadless.
  Run report_route_status for detailed report.
  Number of Failed Nets               = 6662
    (Failed Nets is the sum of unrouted and partially routed nets)
  Number of Unrouted Nets             = 6662
  Number of Partially Routed Nets     = 0
  Number of Node Overlaps             = 0

Phase 2 Router Initialization | Checksum: 1b6d8781f

Time (s): cpu = 00:00:06 ; elapsed = 00:00:04 . Memory (MB): peak = 2616.547 ; gain = 0.000 ; free physical = 14718 ; free virtual = 152971

Phase 3 Initial Routing

Phase 3.1 Global Routing
Phase 3.1 Global Routing | Checksum: 1b6d8781f

Time (s): cpu = 00:00:06 ; elapsed = 00:00:04 . Memory (MB): peak = 2616.547 ; gain = 0.000 ; free physical = 14712 ; free virtual = 152965
Phase 3 Initial Routing | Checksum: ec019c5d

Time (s): cpu = 00:00:07 ; elapsed = 00:00:05 . Memory (MB): peak = 2616.547 ; gain = 0.000 ; free physical = 14554 ; free virtual = 152807

Phase 4 Rip-up And Reroute

Phase 4.1 Global Iteration 0
 Number of Nodes with overlaps = 934
 Number of Nodes with overlaps = 328
 Number of Nodes with overlaps = 156
 Number of Nodes with overlaps = 61
 Number of Nodes with overlaps = 21
 Number of Nodes with overlaps = 7
 Number of Nodes with overlaps = 3
 Number of Nodes with overlaps = 0
INFO: [Route 35-416] Intermediate Timing Summary | WNS=-1.890 | TNS=-675.181| WHS=N/A    | THS=N/A    |

Phase 4.1 Global Iteration 0 | Checksum: ff5fbf15

Time (s): cpu = 00:00:12 ; elapsed = 00:00:09 . Memory (MB): peak = 2616.547 ; gain = 0.000 ; free physical = 14524 ; free virtual = 152805

Phase 4.2 Global Iteration 1
 Number of Nodes with overlaps = 292
 Number of Nodes with overlaps = 160
 Number of Nodes with overlaps = 94
 Number of Nodes with overlaps = 56
 Number of Nodes with overlaps = 38
 Number of Nodes with overlaps = 19
 Number of Nodes with overlaps = 9
 Number of Nodes with overlaps = 16
 Number of Nodes with overlaps = 15
 Number of Nodes with overlaps = 11
 Number of Nodes with overlaps = 1
 Number of Nodes with overlaps = 0
INFO: [Route 35-416] Intermediate Timing Summary | WNS=-1.843 | TNS=-688.801| WHS=N/A    | THS=N/A    |

Phase 4.2 Global Iteration 1 | Checksum: 176c23418

Time (s): cpu = 00:00:17 ; elapsed = 00:00:14 . Memory (MB): peak = 2616.547 ; gain = 0.000 ; free physical = 14840 ; free virtual = 153151

Phase 4.3 Global Iteration 2
 Number of Nodes with overlaps = 246
 Number of Nodes with overlaps = 144
 Number of Nodes with overlaps = 102
 Number of Nodes with overlaps = 27
 Number of Nodes with overlaps = 33
 Number of Nodes with overlaps = 17
 Number of Nodes with overlaps = 12
 Number of Nodes with overlaps = 9
 Number of Nodes with overlaps = 6
 Number of Nodes with overlaps = 3
 Number of Nodes with overlaps = 1
 Number of Nodes with overlaps = 0
INFO: [Route 35-416] Intermediate Timing Summary | WNS=-1.671 | TNS=-653.221| WHS=N/A    | THS=N/A    |

Phase 4.3 Global Iteration 2 | Checksum: 1b34d3ae4

Time (s): cpu = 00:00:21 ; elapsed = 00:00:17 . Memory (MB): peak = 2616.547 ; gain = 0.000 ; free physical = 14248 ; free virtual = 152576

Phase 4.4 Global Iteration 3
 Number of Nodes with overlaps = 13
 Number of Nodes with overlaps = 4
 Number of Nodes with overlaps = 4
 Number of Nodes with overlaps = 2
 Number of Nodes with overlaps = 3
 Number of Nodes with overlaps = 0
INFO: [Route 35-416] Intermediate Timing Summary | WNS=-1.635 | TNS=-616.685| WHS=N/A    | THS=N/A    |

Phase 4.4 Global Iteration 3 | Checksum: 1766aee1d

Time (s): cpu = 00:00:22 ; elapsed = 00:00:18 . Memory (MB): peak = 2616.547 ; gain = 0.000 ; free physical = 14265 ; free virtual = 152596
Phase 4 Rip-up And Reroute | Checksum: 1766aee1d

Time (s): cpu = 00:00:22 ; elapsed = 00:00:18 . Memory (MB): peak = 2616.547 ; gain = 0.000 ; free physical = 14265 ; free virtual = 152596

Phase 5 Delay and Skew Optimization

Phase 5.1 Delay CleanUp

Phase 5.1.1 Update Timing
Phase 5.1.1 Update Timing | Checksum: 1766aee1d

Time (s): cpu = 00:00:22 ; elapsed = 00:00:18 . Memory (MB): peak = 2616.547 ; gain = 0.000 ; free physical = 14242 ; free virtual = 152573
INFO: [Route 35-416] Intermediate Timing Summary | WNS=-1.635 | TNS=-616.685| WHS=N/A    | THS=N/A    |

 Number of Nodes with overlaps = 0
Phase 5.1 Delay CleanUp | Checksum: 181c08c33

Time (s): cpu = 00:00:22 ; elapsed = 00:00:18 . Memory (MB): peak = 2616.547 ; gain = 0.000 ; free physical = 14179 ; free virtual = 152512

Phase 5.2 Clock Skew Optimization
Phase 5.2 Clock Skew Optimization | Checksum: 181c08c33

Time (s): cpu = 00:00:22 ; elapsed = 00:00:18 . Memory (MB): peak = 2616.547 ; gain = 0.000 ; free physical = 14171 ; free virtual = 152504
Phase 5 Delay and Skew Optimization | Checksum: 181c08c33

Time (s): cpu = 00:00:22 ; elapsed = 00:00:18 . Memory (MB): peak = 2616.547 ; gain = 0.000 ; free physical = 14171 ; free virtual = 152504

Phase 6 Post Hold Fix

Phase 6.1 Hold Fix Iter

Phase 6.1.1 Update Timing
Phase 6.1.1 Update Timing | Checksum: 171b49fca

Time (s): cpu = 00:00:23 ; elapsed = 00:00:18 . Memory (MB): peak = 2616.547 ; gain = 0.000 ; free physical = 14140 ; free virtual = 152473
INFO: [Route 35-416] Intermediate Timing Summary | WNS=-1.596 | TNS=-611.335| WHS=0.070  | THS=0.000  |

Phase 6.1 Hold Fix Iter | Checksum: 171b49fca

Time (s): cpu = 00:00:23 ; elapsed = 00:00:18 . Memory (MB): peak = 2616.547 ; gain = 0.000 ; free physical = 14124 ; free virtual = 152457
Phase 6 Post Hold Fix | Checksum: 171b49fca

Time (s): cpu = 00:00:23 ; elapsed = 00:00:18 . Memory (MB): peak = 2616.547 ; gain = 0.000 ; free physical = 14116 ; free virtual = 152449

Phase 7 Route finalize

Router Utilization Summary
  Global Vertical Routing Utilization    = 3.53181 %
  Global Horizontal Routing Utilization  = 5.43428 %
  Routable Net Status*
  *Does not include unroutable nets such as driverless and loadless.
  Run report_route_status for detailed report.
  Number of Failed Nets               = 0
    (Failed Nets is the sum of unrouted and partially routed nets)
  Number of Unrouted Nets             = 0
  Number of Partially Routed Nets     = 0
  Number of Node Overlaps             = 0

Congestion Report
North Dir 1x1 Area, Max Cong = 64.8649%, No Congested Regions.
South Dir 1x1 Area, Max Cong = 63.964%, No Congested Regions.
East Dir 1x1 Area, Max Cong = 66.1765%, No Congested Regions.
West Dir 1x1 Area, Max Cong = 69.1176%, No Congested Regions.

------------------------------
Reporting congestion hotspots
------------------------------
Direction: North
----------------
Congested clusters found at Level 0
Effective congestion level: 0 Aspect Ratio: 1 Sparse Ratio: 0
Direction: South
----------------
Congested clusters found at Level 0
Effective congestion level: 0 Aspect Ratio: 1 Sparse Ratio: 0
Direction: East
----------------
Congested clusters found at Level 0
Effective congestion level: 0 Aspect Ratio: 1 Sparse Ratio: 0
Direction: West
----------------
Congested clusters found at Level 0
Effective congestion level: 0 Aspect Ratio: 1 Sparse Ratio: 0

Phase 7 Route finalize | Checksum: 1a6e840ff

Time (s): cpu = 00:00:23 ; elapsed = 00:00:18 . Memory (MB): peak = 2616.547 ; gain = 0.000 ; free physical = 14108 ; free virtual = 152441

Phase 8 Verifying routed nets

 Verification completed successfully
Phase 8 Verifying routed nets | Checksum: 1a6e840ff

Time (s): cpu = 00:00:23 ; elapsed = 00:00:18 . Memory (MB): peak = 2616.547 ; gain = 0.000 ; free physical = 14108 ; free virtual = 152441

Phase 9 Depositing Routes
Phase 9 Depositing Routes | Checksum: 1bdcedee5

Time (s): cpu = 00:00:23 ; elapsed = 00:00:18 . Memory (MB): peak = 2616.547 ; gain = 0.000 ; free physical = 14082 ; free virtual = 152415

Phase 10 Post Router Timing
INFO: [Route 35-57] Estimated Timing Summary | WNS=-1.596 | TNS=-611.335| WHS=0.070  | THS=0.000  |

WARNING: [Route 35-328] Router estimated timing not met.
Resolution: For a complete and accurate timing signoff, report_timing_summary must be run after route_design. Alternatively, route_design can be run with the -timing_summary option to enable a complete timing signoff at the end of route_design.
Phase 10 Post Router Timing | Checksum: 1bdcedee5

Time (s): cpu = 00:00:23 ; elapsed = 00:00:18 . Memory (MB): peak = 2616.547 ; gain = 0.000 ; free physical = 14050 ; free virtual = 152384
INFO: [Route 35-16] Router Completed Successfully

Time (s): cpu = 00:00:23 ; elapsed = 00:00:18 . Memory (MB): peak = 2616.547 ; gain = 0.000 ; free physical = 14050 ; free virtual = 152384

Routing Is Done.
INFO: [Common 17-83] Releasing license: Implementation
19 Infos, 103 Warnings, 0 Critical Warnings and 0 Errors encountered.
route_design completed successfully
route_design: Time (s): cpu = 00:00:24 ; elapsed = 00:00:19 . Memory (MB): peak = 2616.547 ; gain = 0.000 ; free physical = 14050 ; free virtual = 152384
INFO: [Common 17-600] The following parameters have non-default value.
general.maxThreads
# report_route_status -file [file join $output_dir route_status.rpt]
# report_utilization -file [file join $output_dir utilization.rpt]
# report_utilization -hierarchical -hierarchical_depth 6 -file [file join $output_dir hierarchy.rpt]
# report_timing_summary -delay_type min_max -report_unconstrained -max_paths 20 \
#   -file [file join $output_dir timing_unqualified.rpt]
INFO: [Timing 38-91] UpdateTimingParams: Speed grade: -1, Delay Type: min_max.
INFO: [Timing 38-191] Multithreading enabled for timing update using a maximum of 2 CPUs
WARNING: [Timing 38-242] The property HD.CLK_SRC of clock port "clk" is not set. In out-of-context mode, this prevents timing estimation for clock delay/skew
Resolution: Set the HD.CLK_SRC property of the out-of-context port to the location of the clock buffer instance in the top-level design
WARNING: [Timing 38-242] The property HD.CLK_SRC of clock port "fft_clk" is not set. In out-of-context mode, this prevents timing estimation for clock delay/skew
Resolution: Set the HD.CLK_SRC property of the out-of-context port to the location of the clock buffer instance in the top-level design
# check_timing -verbose -file [file join $output_dir check_timing_unqualified.rpt]
# report_cdc -details -file [file join $output_dir cdc_unqualified.rpt]
INFO: [Timing 38-91] UpdateTimingParams: No interconnect No Cell Dly, Speed grade: -1, Delay Type: min_max.
INFO: [Timing 38-191] Multithreading enabled for timing update using a maximum of 2 CPUs
INFO: [Timing 38-314] The report_cdc command only analyzes and reports clock domain crossing paths where clocks have been defined on both source and destination sides. Ports with no input delay constraint are skipped. Please run check_timing to verify there are no missing clock definitions in your design, nor any unconstrained input port.
# set receipt [open [file join $output_dir receipt.txt] w]
# puts $receipt "source_dcp_sha256=$expected"
# puts $receipt "scope=isolated_completed_input_bank_owned_100_175_diagnostic_not_receiver"
# foreach name {source_100 island_175} {
#   foreach kind {max min} {
#     set paths [get_timing_paths -quiet -from [get_clocks $name] \
#       -to [get_clocks $name] -delay_type $kind -max_paths 1]
#     if {[llength $paths] != 1} { error "missing internal timing path $name $kind" }
#     set path [lindex $paths 0]
#     puts $receipt "$name.$kind.slack=[get_property SLACK $path]"
#     puts $receipt "$name.$kind.start=[get_property STARTPOINT_PIN $path]"
#     puts $receipt "$name.$kind.end=[get_property ENDPOINT_PIN $path]"
#     report_timing -from [get_clocks $name] -to [get_clocks $name] \
#       -delay_type $kind -max_paths 20 -file [file join $output_dir ${name}_${kind}.rpt]
#   }
# }
INFO: [Timing 38-78] ReportTimingParams: -from_pins  -to_pins  -max_paths 20 -nworst 1 -delay_type max -sort_by slack.
INFO: [Timing 38-78] ReportTimingParams: -from_pins  -to_pins  -max_paths 20 -nworst 1 -delay_type min -sort_by slack.
INFO: [Timing 38-78] ReportTimingParams: -from_pins  -to_pins  -max_paths 20 -nworst 1 -delay_type max -sort_by slack.
INFO: [Timing 38-78] ReportTimingParams: -from_pins  -to_pins  -max_paths 20 -nworst 1 -delay_type min -sort_by slack.
# puts $receipt "external_IO_CDC_and_full_receiver_unqualified=true"
# puts $receipt "deployment_eligible=false"
# close $receipt
# write_checkpoint [file join $output_dir completed_input_diagnostic_routed.dcp]
INFO: [Timing 38-480] Writing timing data to binary archive.
Writing XDEF routing.
Writing XDEF routing logical nets.
Writing XDEF routing special nets.
Write XDEF Complete: Time (s): cpu = 00:00:00.7 ; elapsed = 00:00:00.27 . Memory (MB): peak = 2654.500 ; gain = 37.953 ; free physical = 14224 ; free virtual = 152569
INFO: [Common 17-1381] The checkpoint '/tmp/starlink-completed-input.5EaJuD/balanced-route-v1/completed_input_diagnostic_routed.dcp' has been generated.
# close_design
# if {[lindex [exec sha256sum $source_dcp] 0] ne $expected} {
#   error "source checkpoint changed during observation"
# }
# puts "COMPLETED_INPUT_DIAGNOSTIC_RECORDED_NOT_A_PHYSICAL_RELEASE_PASS"
COMPLETED_INPUT_DIAGNOSTIC_RECORDED_NOT_A_PHYSICAL_RELEASE_PASS
INFO: [Common 17-206] Exiting Vivado at Thu Sep 10 03:09:57 2026...
