
****** Vivado v2022.2 (64-bit)
  **** SW Build 3671981 on Fri Oct 14 04:59:54 MDT 2022
  **** IP Build 3669848 on Fri Oct 14 08:30:02 MDT 2022
    ** Copyright 1986-2022 Xilinx, Inc. All Rights Reserved.

source /home/mouse9911/gits/starlink-build-recovery-20260910.vHzUVnBz/product-final-physical-prepared-v1/route_completed_input_fence.tcl
# if {$argc != 3 || [version -short] ne "2022.2"} {
#   error "expected Vivado2022.2 SOURCE_DCP EXPECTED_SHA256 NEW_OUTPUT"
# }
# set source_dcp [file normalize [lindex $argv 0]]
# set expected [lindex $argv 1]
# set output_dir [file normalize [lindex $argv 2]]
# if {[file exists $output_dir]} { error "refusing to overwrite evidence" }
# if {![regexp {^[0-9a-f]{64}$} $expected] ||
#     [lindex [exec sha256sum $source_dcp] 0] ne $expected} {
#   error "unexpected synthesized input"
# }
# file mkdir $output_dir
# file copy [info script] [file join $output_dir probe.tcl]
# set_param general.maxThreads 2
# open_checkpoint $source_dcp
Command: open_checkpoint /home/mouse9911/gits/starlink-build-recovery-20260910.vHzUVnBz/product-final-synthesis-v1/synthesis/fft_bank_owned_synth.dcp

Starting open_checkpoint Task

Time (s): cpu = 00:00:00.04 ; elapsed = 00:00:00.03 . Memory (MB): peak = 1321.547 ; gain = 0.000 ; free physical = 22916 ; free virtual = 124282
INFO: [Device 21-403] Loading part xc7z010clg400-1
Netlist sorting complete. Time (s): cpu = 00:00:00.03 ; elapsed = 00:00:00.03 . Memory (MB): peak = 1555.887 ; gain = 0.000 ; free physical = 22696 ; free virtual = 124061
INFO: [Netlist 29-17] Analyzing 191 Unisim elements for replacement
INFO: [Netlist 29-28] Unisim Transformation completed in 0 CPU seconds
INFO: [Project 1-479] Netlist was created with Vivado 2022.2
INFO: [Project 1-570] Preparing netlist for logic optimization
INFO: [Timing 38-478] Restoring timing data from binary archive.
INFO: [Timing 38-479] Binary timing data restore complete.
INFO: [Project 1-856] Restoring constraints from binary archive.
INFO: [Project 1-853] Binary constraint restore complete.
Netlist sorting complete. Time (s): cpu = 00:00:00 ; elapsed = 00:00:00 . Memory (MB): peak = 2132.152 ; gain = 0.000 ; free physical = 22247 ; free virtual = 123613
INFO: [Project 1-111] Unisim Transformation Summary:
No Unisim elements were transformed.

INFO: [Project 1-604] Checkpoint was created with Vivado v2022.2 (64-bit) build 3671981
OpenCheckpoint Checksum | Checksum: 3d3cb669
----- Checksum: PlaceDB: 00000000 ShapeSum: 3d3cb669 RouteDB: 00000000 
open_checkpoint: Time (s): cpu = 00:00:07 ; elapsed = 00:00:07 . Memory (MB): peak = 2132.152 ; gain = 810.605 ; free physical = 22247 ; free virtual = 123613
# if {[llength [get_cells -quiet -hier -filter {IS_BLACKBOX == 1}]]} {
#   error "black box in supposedly complete slice"
# }
# foreach {name period} {source_100 10.0 island_175 5.714} {
#   set clock [get_clocks -quiet $name]
#   if {[llength $clock] != 1 || abs([get_property PERIOD $clock]-$period) > 0.00001} {
#     error "unexpected diagnostic clock $name"
#   }
# }
# report_clocks -file [file join $output_dir clocks_before.rpt]
# write_xdc [file join $output_dir inherited_constraints.xdc]
# opt_design
Command: opt_design
Attempting to get a license for feature 'Implementation' and/or device 'xc7z010'
INFO: [Common 17-349] Got license for feature 'Implementation' and/or device 'xc7z010'
Running DRC as a precondition to command opt_design

Starting DRC Task
INFO: [DRC 23-27] Running DRC with 2 threads
INFO: [Project 1-461] DRC finished with 0 Errors
INFO: [Project 1-462] Please refer to the DRC report (report_drc) for more information.

Time (s): cpu = 00:00:00.52 ; elapsed = 00:00:00.33 . Memory (MB): peak = 2178.879 ; gain = 40.789 ; free physical = 22241 ; free virtual = 123607

Starting Cache Timing Information Task
Ending Cache Timing Information Task | Checksum: 51aba042

Time (s): cpu = 00:00:00 ; elapsed = 00:00:00 . Memory (MB): peak = 2178.879 ; gain = 0.000 ; free physical = 22241 ; free virtual = 123607

Starting Logic Optimization Task

Phase 1 Retarget
INFO: [Opt 31-1287] Pulled Inverter shared_xfft/U0/i_synth/axi_wrapper/data_out_channel/gen_real_time.data_out[36]_i_1 into driver instance source_bank/shared_xfft_i_1, which resulted in an inversion of 10 pins
INFO: [Opt 31-1287] Pulled Inverter shared_xfft/U0/i_synth/xfft_inst/non_floating_point.arch_b.xfft_inst/control/control/xn_index_counter/cnt_async/i_baseblox.i_baseblox_addsub/no_pipelining.the_addsub/i_lut6.i_lut6_addsub/i_simple_model.carryxor0_i_1 into driver instance shared_xfft/U0/i_synth/xfft_inst/non_floating_point.arch_b.xfft_inst/control/control/xn_index_counter/cnt_async_i_9, which resulted in an inversion of 1 pins
INFO: [Opt 31-1287] Pulled Inverter shared_xfft/U0/i_synth/xfft_inst/non_floating_point.arch_b.xfft_inst/control/control/nat_out_xk_index.no_cyclic_prefix.xk_index_counter/cnt_async/i_baseblox.i_baseblox_addsub/no_pipelining.the_addsub/i_lut6.i_lut6_addsub/i_simple_model.carryxor0_i_1 into driver instance shared_xfft/U0/i_synth/xfft_inst/non_floating_point.arch_b.xfft_inst/control/control/nat_out_xk_index.no_cyclic_prefix.xk_index_counter/cnt_async_i_9__0, which resulted in an inversion of 1 pins
INFO: [Opt 31-1287] Pulled Inverter shared_xfft/U0/i_synth/xfft_inst/non_floating_point.arch_b.xfft_inst/control/control/pe_cnt/cnt_async/i_baseblox.i_baseblox_addsub/no_pipelining.the_addsub/i_lut6.i_lut6_addsub/i_simple_model.carryxor0_i_1 into driver instance shared_xfft/U0/i_synth/xfft_inst/non_floating_point.arch_b.xfft_inst/control/control/pe_cnt/cnt_async_i_5__2, which resulted in an inversion of 1 pins
INFO: [Opt 31-1287] Pulled Inverter shared_xfft/U0/i_synth/xfft_inst/non_floating_point.arch_b.xfft_inst/control/control/rank_0_cnt/cnt_async/i_baseblox.i_baseblox_addsub/no_pipelining.the_addsub/i_lut6.i_lut6_addsub/i_simple_model.carryxor0_i_1 into driver instance shared_xfft/U0/i_synth/xfft_inst/non_floating_point.arch_b.xfft_inst/control/control/rank_0_cnt/cnt_async_i_3__3, which resulted in an inversion of 1 pins
INFO: [Opt 31-1287] Pulled Inverter shared_xfft/U0/i_synth/xfft_inst/non_floating_point.arch_b.xfft_inst/control/control/rn_0_cnt/cnt_async/i_baseblox.i_baseblox_addsub/no_pipelining.the_addsub/i_lut6.i_lut6_addsub/i_simple_model.carryxor0_i_1 into driver instance shared_xfft/U0/i_synth/xfft_inst/non_floating_point.arch_b.xfft_inst/control/control/rn_0_cnt/cnt_async_i_7__1, which resulted in an inversion of 1 pins
INFO: [Opt 31-1287] Pulled Inverter shared_xfft/U0/i_synth/xfft_inst/non_floating_point.arch_b.xfft_inst/control/processing_address_generator/u2_bypass/use_lut6_2.gen_full_lut6_2s[0].mlut1_i_2 into driver instance shared_xfft/U0/i_synth/xfft_inst/non_floating_point.arch_b.xfft_inst/control/processing_address_generator/u2_bypass/use_lut6_2.gen_full_lut6_2s[0].mlut1_i_1, which resulted in an inversion of 3 pins
INFO: [Opt 31-1287] Pulled Inverter registered_scheduling.engine_metadata[69]_i_1 into driver instance source_bank/payload_memory_reg_i_3__0, which resulted in an inversion of 76 pins
INFO: [Opt 31-1287] Pulled Inverter registered_scheduling.preparation_age[5]_i_1 into driver instance result_guard/fault_reasons[0]_i_2, which resulted in an inversion of 10 pins
INFO: [Opt 31-138] Pushed 11 inverter(s) to 14 load pin(s).
INFO: [Opt 31-49] Retargeted 0 cell(s).
Phase 1 Retarget | Checksum: 142e32d63

Time (s): cpu = 00:00:00.19 ; elapsed = 00:00:00.15 . Memory (MB): peak = 2433.832 ; gain = 0.000 ; free physical = 22055 ; free virtual = 123421
INFO: [Opt 31-389] Phase Retarget created 79 cells and removed 135 cells

Phase 2 Constant propagation
INFO: [Opt 31-138] Pushed 0 inverter(s) to 0 load pin(s).
Phase 2 Constant propagation | Checksum: 18fc9ca17

Time (s): cpu = 00:00:00.21 ; elapsed = 00:00:00.17 . Memory (MB): peak = 2433.832 ; gain = 0.000 ; free physical = 22056 ; free virtual = 123422
INFO: [Opt 31-389] Phase Constant propagation created 4 cells and removed 9 cells

Phase 3 Sweep
Phase 3 Sweep | Checksum: 166f36893

Time (s): cpu = 00:00:00.24 ; elapsed = 00:00:00.21 . Memory (MB): peak = 2433.832 ; gain = 0.000 ; free physical = 22063 ; free virtual = 123429
INFO: [Opt 31-389] Phase Sweep created 0 cells and removed 1 cells

Phase 4 BUFG optimization
Phase 4 BUFG optimization | Checksum: 166f36893

Time (s): cpu = 00:00:00.27 ; elapsed = 00:00:00.23 . Memory (MB): peak = 2457.844 ; gain = 24.012 ; free physical = 22066 ; free virtual = 123432
INFO: [Opt 31-662] Phase BUFG optimization created 0 cells of which 0 are BUFGs and removed 0 cells.

Phase 5 Shift Register Optimization
INFO: [Opt 31-1064] SRL Remap converted 0 SRLs to 0 registers and converted 0 registers of register chains to 0 SRLs
Phase 5 Shift Register Optimization | Checksum: 1144caf8f

Time (s): cpu = 00:00:00.27 ; elapsed = 00:00:00.24 . Memory (MB): peak = 2457.844 ; gain = 24.012 ; free physical = 22066 ; free virtual = 123432
INFO: [Opt 31-389] Phase Shift Register Optimization created 1 cells and removed 0 cells

Phase 6 Post Processing Netlist
Phase 6 Post Processing Netlist | Checksum: 1144caf8f

Time (s): cpu = 00:00:00.28 ; elapsed = 00:00:00.24 . Memory (MB): peak = 2457.844 ; gain = 24.012 ; free physical = 22066 ; free virtual = 123432
INFO: [Opt 31-389] Phase Post Processing Netlist created 0 cells and removed 0 cells
Opt_design Change Summary
=========================


-------------------------------------------------------------------------------------------------------------------------
|  Phase                        |  #Cells created  |  #Cells Removed  |  #Constrained objects preventing optimizations  |
-------------------------------------------------------------------------------------------------------------------------
|  Retarget                     |              79  |             135  |                                              0  |
|  Constant propagation         |               4  |               9  |                                              0  |
|  Sweep                        |               0  |               1  |                                              0  |
|  BUFG optimization            |               0  |               0  |                                              0  |
|  Shift Register Optimization  |               1  |               0  |                                              0  |
|  Post Processing Netlist      |               0  |               0  |                                              0  |
-------------------------------------------------------------------------------------------------------------------------



Starting Connectivity Check Task

Time (s): cpu = 00:00:00.01 ; elapsed = 00:00:00 . Memory (MB): peak = 2457.844 ; gain = 0.000 ; free physical = 22066 ; free virtual = 123432
Ending Logic Optimization Task | Checksum: 15a10c010

Time (s): cpu = 00:00:00.32 ; elapsed = 00:00:00.27 . Memory (MB): peak = 2457.844 ; gain = 24.012 ; free physical = 22066 ; free virtual = 123432

Starting Power Optimization Task
INFO: [Pwropt 34-132] Skipping clock gating for clocks with a period < 2.00 ns.
INFO: [Timing 38-35] Done setting XDC timing constraints.
INFO: [Pwropt 34-9] Applying IDT optimizations ...
INFO: [Pwropt 34-10] Applying ODC optimizations ...
Running Vector-less Activity Propagation...

Finished Running Vector-less Activity Propagation


Starting PowerOpt Patch Enables Task
INFO: [Pwropt 34-162] WRITE_MODE attribute of 0 BRAM(s) out of a total of 15 has been updated to save power. Run report_power_opt to get a complete listing of the BRAMs updated.
INFO: [Pwropt 34-201] Structural ODC has moved 0 WE to EN ports
Number of BRAM Ports augmented: 6 newly gated: 12 Total Ports: 30
Number of Flops added for Enable Generation: 2

Ending PowerOpt Patch Enables Task | Checksum: ec54b89b

Time (s): cpu = 00:00:00.03 ; elapsed = 00:00:00.02 . Memory (MB): peak = 2611.754 ; gain = 0.000 ; free physical = 22052 ; free virtual = 123418
Ending Power Optimization Task | Checksum: ec54b89b

Time (s): cpu = 00:00:01 ; elapsed = 00:00:00.71 . Memory (MB): peak = 2611.754 ; gain = 153.910 ; free physical = 22052 ; free virtual = 123418

Starting Final Cleanup Task

Starting Logic Optimization Task
INFO: [Timing 38-35] Done setting XDC timing constraints.
Ending Logic Optimization Task | Checksum: 6882633d

Time (s): cpu = 00:00:00.35 ; elapsed = 00:00:00.26 . Memory (MB): peak = 2611.754 ; gain = 0.000 ; free physical = 22072 ; free virtual = 123438
Ending Final Cleanup Task | Checksum: 6882633d

Time (s): cpu = 00:00:01 ; elapsed = 00:00:01 . Memory (MB): peak = 2611.754 ; gain = 0.000 ; free physical = 22072 ; free virtual = 123438

Starting Netlist Obfuscation Task
Netlist sorting complete. Time (s): cpu = 00:00:00 ; elapsed = 00:00:00 . Memory (MB): peak = 2611.754 ; gain = 0.000 ; free physical = 22072 ; free virtual = 123438
Ending Netlist Obfuscation Task | Checksum: 6882633d

Time (s): cpu = 00:00:00 ; elapsed = 00:00:00 . Memory (MB): peak = 2611.754 ; gain = 0.000 ; free physical = 22072 ; free virtual = 123438
INFO: [Common 17-83] Releasing license: Implementation
31 Infos, 0 Warnings, 0 Critical Warnings and 0 Errors encountered.
opt_design completed successfully
INFO: [Common 17-600] The following parameters have non-default value.
general.maxThreads
# place_design
Command: place_design
Attempting to get a license for feature 'Implementation' and/or device 'xc7z010'
INFO: [Common 17-349] Got license for feature 'Implementation' and/or device 'xc7z010'
INFO: [DRC 23-27] Running DRC with 2 threads
INFO: [Vivado_Tcl 4-198] DRC finished with 0 Errors
INFO: [Vivado_Tcl 4-199] Please refer to the DRC report (report_drc) for more information.
Running DRC as a precondition to command place_design
INFO: [DRC 23-27] Running DRC with 2 threads
INFO: [Vivado_Tcl 4-198] DRC finished with 0 Errors, 21 Warnings
INFO: [Vivado_Tcl 4-199] Please refer to the DRC report (report_drc) for more information.

Starting Placer Task
INFO: [Place 30-611] Multithreading enabled for place_design using a maximum of 2 CPUs

Phase 1 Placer Initialization

Phase 1.1 Placer Initialization Netlist Sorting
Netlist sorting complete. Time (s): cpu = 00:00:00 ; elapsed = 00:00:00 . Memory (MB): peak = 2611.754 ; gain = 0.000 ; free physical = 22058 ; free virtual = 123425
Phase 1.1 Placer Initialization Netlist Sorting | Checksum: 0e7552bf

Time (s): cpu = 00:00:00 ; elapsed = 00:00:00 . Memory (MB): peak = 2611.754 ; gain = 0.000 ; free physical = 22058 ; free virtual = 123425
Netlist sorting complete. Time (s): cpu = 00:00:00 ; elapsed = 00:00:00 . Memory (MB): peak = 2611.754 ; gain = 0.000 ; free physical = 22058 ; free virtual = 123425

Phase 1.2 IO Placement/ Clock Placement/ Build Placer Device
INFO: [Timing 38-35] Done setting XDC timing constraints.
Phase 1.2 IO Placement/ Clock Placement/ Build Placer Device | Checksum: 132e7b76

Time (s): cpu = 00:00:00.4 ; elapsed = 00:00:00.34 . Memory (MB): peak = 2611.754 ; gain = 0.000 ; free physical = 22055 ; free virtual = 123421

Phase 1.3 Build Placer Netlist Model
Phase 1.3 Build Placer Netlist Model | Checksum: 10727ea8d

Time (s): cpu = 00:00:01 ; elapsed = 00:00:00.79 . Memory (MB): peak = 2611.754 ; gain = 0.000 ; free physical = 22065 ; free virtual = 123431

Phase 1.4 Constrain Clocks/Macros
Phase 1.4 Constrain Clocks/Macros | Checksum: 10727ea8d

Time (s): cpu = 00:00:01 ; elapsed = 00:00:00.79 . Memory (MB): peak = 2611.754 ; gain = 0.000 ; free physical = 22065 ; free virtual = 123431
Phase 1 Placer Initialization | Checksum: 10727ea8d

Time (s): cpu = 00:00:01 ; elapsed = 00:00:00.79 . Memory (MB): peak = 2611.754 ; gain = 0.000 ; free physical = 22065 ; free virtual = 123431

Phase 2 Global Placement

Phase 2.1 Floorplanning
Phase 2.1 Floorplanning | Checksum: 10550a311

Time (s): cpu = 00:00:01 ; elapsed = 00:00:00.91 . Memory (MB): peak = 2611.754 ; gain = 0.000 ; free physical = 22079 ; free virtual = 123445

Phase 2.2 Update Timing before SLR Path Opt
Phase 2.2 Update Timing before SLR Path Opt | Checksum: b0a8ff5e

Time (s): cpu = 00:00:01 ; elapsed = 00:00:01 . Memory (MB): peak = 2611.754 ; gain = 0.000 ; free physical = 22079 ; free virtual = 123445

Phase 2.3 Post-Processing in Floorplanning
Phase 2.3 Post-Processing in Floorplanning | Checksum: b0a8ff5e

Time (s): cpu = 00:00:01 ; elapsed = 00:00:01 . Memory (MB): peak = 2611.754 ; gain = 0.000 ; free physical = 22079 ; free virtual = 123445

Phase 2.4 Global Placement Core

Phase 2.4.1 UpdateTiming Before Physical Synthesis
Phase 2.4.1 UpdateTiming Before Physical Synthesis | Checksum: c962d758

Time (s): cpu = 00:00:04 ; elapsed = 00:00:02 . Memory (MB): peak = 2611.754 ; gain = 0.000 ; free physical = 22094 ; free virtual = 123460

Phase 2.4.2 Physical Synthesis In Placer
INFO: [Physopt 32-1035] Found 95 LUTNM shape to break, 50 LUT instances to create LUTNM shape
INFO: [Physopt 32-1044] Break lutnm for timing: one critical 18, two critical 77, total 95, new lutff created 1
INFO: [Physopt 32-1138] End 1 Pass. Optimized 114 nets or LUTs. Breaked 95 LUTs, combined 19 existing LUTs and moved 0 existing LUT
INFO: [Physopt 32-65] No nets found for high-fanout optimization.
INFO: [Physopt 32-232] Optimized 0 net. Created 0 new instance.
INFO: [Physopt 32-775] End 1 Pass. Optimized 0 net or cell. Created 0 new cell, deleted 0 existing cell and moved 0 existing cell
INFO: [Physopt 32-457] Pass 1. Identified 2 candidate cells for DSP register optimization.
INFO: [Physopt 32-665] Processed cell product/sum_imag_reg. 37 registers were pushed out.
INFO: [Physopt 32-665] Processed cell product/sum_real_reg. 37 registers were pushed out.
INFO: [Physopt 32-775] End 2 Pass. Optimized 2 nets or cells. Created 74 new cells, deleted 0 existing cell and moved 0 existing cell
Netlist sorting complete. Time (s): cpu = 00:00:00 ; elapsed = 00:00:00 . Memory (MB): peak = 2611.754 ; gain = 0.000 ; free physical = 22094 ; free virtual = 123460
INFO: [Physopt 32-1123] No candidate cells found for Shift Register to Pipeline optimization
INFO: [Physopt 32-775] End 2 Pass. Optimized 0 net or cell. Created 0 new cell, deleted 0 existing cell and moved 0 existing cell
INFO: [Physopt 32-677] No candidate cells for Shift Register optimization found in the design
INFO: [Physopt 32-775] End 1 Pass. Optimized 0 net or cell. Created 0 new cell, deleted 0 existing cell and moved 0 existing cell
INFO: [Physopt 32-526] No candidate cells for BRAM register optimization found in the design
INFO: [Physopt 32-775] End 1 Pass. Optimized 0 net or cell. Created 0 new cell, deleted 0 existing cell and moved 0 existing cell
INFO: [Physopt 32-846] No candidate cells for URAM register optimization found in the design
INFO: [Physopt 32-775] End 2 Pass. Optimized 0 net or cell. Created 0 new cell, deleted 0 existing cell and moved 0 existing cell
INFO: [Physopt 32-949] No candidate nets found for dynamic/static region interface net replication
INFO: [Physopt 32-775] End 1 Pass. Optimized 0 net or cell. Created 0 new cell, deleted 0 existing cell and moved 0 existing cell
Netlist sorting complete. Time (s): cpu = 00:00:00 ; elapsed = 00:00:00 . Memory (MB): peak = 2611.754 ; gain = 0.000 ; free physical = 22095 ; free virtual = 123461

Summary of Physical Synthesis Optimizations
============================================


-----------------------------------------------------------------------------------------------------------------------------------------------------------
|  Optimization                                     |  Added Cells  |  Removed Cells  |  Optimized Cells/Nets  |  Dont Touch  |  Iterations  |  Elapsed   |
-----------------------------------------------------------------------------------------------------------------------------------------------------------
|  LUT Combining                                    |           95  |             19  |                   114  |           0  |           1  |  00:00:00  |
|  Retime                                           |            0  |              0  |                     0  |           0  |           1  |  00:00:00  |
|  Very High Fanout                                 |            0  |              0  |                     0  |           0  |           1  |  00:00:00  |
|  DSP Register                                     |           74  |              0  |                     2  |           0  |           1  |  00:00:00  |
|  Shift Register to Pipeline                       |            0  |              0  |                     0  |           0  |           1  |  00:00:00  |
|  Shift Register                                   |            0  |              0  |                     0  |           0  |           1  |  00:00:00  |
|  BRAM Register                                    |            0  |              0  |                     0  |           0  |           1  |  00:00:00  |
|  URAM Register                                    |            0  |              0  |                     0  |           0  |           1  |  00:00:00  |
|  Dynamic/Static Region Interface Net Replication  |            0  |              0  |                     0  |           0  |           1  |  00:00:00  |
|  Total                                            |          169  |             19  |                   116  |           0  |           9  |  00:00:00  |
-----------------------------------------------------------------------------------------------------------------------------------------------------------


Phase 2.4.2 Physical Synthesis In Placer | Checksum: 1567430d1

Time (s): cpu = 00:00:04 ; elapsed = 00:00:03 . Memory (MB): peak = 2611.754 ; gain = 0.000 ; free physical = 22115 ; free virtual = 123481
Phase 2.4 Global Placement Core | Checksum: 151255b64

Time (s): cpu = 00:00:04 ; elapsed = 00:00:03 . Memory (MB): peak = 2611.754 ; gain = 0.000 ; free physical = 22114 ; free virtual = 123480
Phase 2 Global Placement | Checksum: 151255b64

Time (s): cpu = 00:00:04 ; elapsed = 00:00:03 . Memory (MB): peak = 2611.754 ; gain = 0.000 ; free physical = 22114 ; free virtual = 123480

Phase 3 Detail Placement

Phase 3.1 Commit Multi Column Macros
Phase 3.1 Commit Multi Column Macros | Checksum: 13a7233ef

Time (s): cpu = 00:00:04 ; elapsed = 00:00:03 . Memory (MB): peak = 2611.754 ; gain = 0.000 ; free physical = 22116 ; free virtual = 123483

Phase 3.2 Commit Most Macros & LUTRAMs
Phase 3.2 Commit Most Macros & LUTRAMs | Checksum: dc04b4a3

Time (s): cpu = 00:00:05 ; elapsed = 00:00:03 . Memory (MB): peak = 2611.754 ; gain = 0.000 ; free physical = 22117 ; free virtual = 123484

Phase 3.3 Area Swap Optimization
Phase 3.3 Area Swap Optimization | Checksum: ec23e993

Time (s): cpu = 00:00:05 ; elapsed = 00:00:03 . Memory (MB): peak = 2611.754 ; gain = 0.000 ; free physical = 22117 ; free virtual = 123484

Phase 3.4 Pipeline Register Optimization
Phase 3.4 Pipeline Register Optimization | Checksum: 13f82f697

Time (s): cpu = 00:00:05 ; elapsed = 00:00:03 . Memory (MB): peak = 2611.754 ; gain = 0.000 ; free physical = 22117 ; free virtual = 123484

Phase 3.5 Fast Optimization
Phase 3.5 Fast Optimization | Checksum: c31574db

Time (s): cpu = 00:00:06 ; elapsed = 00:00:04 . Memory (MB): peak = 2611.754 ; gain = 0.000 ; free physical = 22149 ; free virtual = 123516

Phase 3.6 Small Shape Detail Placement
Phase 3.6 Small Shape Detail Placement | Checksum: 104261996

Time (s): cpu = 00:00:06 ; elapsed = 00:00:04 . Memory (MB): peak = 2611.754 ; gain = 0.000 ; free physical = 22149 ; free virtual = 123515

Phase 3.7 Re-assign LUT pins
Phase 3.7 Re-assign LUT pins | Checksum: 6b1ebefa

Time (s): cpu = 00:00:06 ; elapsed = 00:00:04 . Memory (MB): peak = 2611.754 ; gain = 0.000 ; free physical = 22149 ; free virtual = 123515

Phase 3.8 Pipeline Register Optimization
Phase 3.8 Pipeline Register Optimization | Checksum: eb95e9fa

Time (s): cpu = 00:00:06 ; elapsed = 00:00:04 . Memory (MB): peak = 2611.754 ; gain = 0.000 ; free physical = 22149 ; free virtual = 123515

Phase 3.9 Fast Optimization
Phase 3.9 Fast Optimization | Checksum: 1653902a2

Time (s): cpu = 00:00:09 ; elapsed = 00:00:07 . Memory (MB): peak = 2611.754 ; gain = 0.000 ; free physical = 22210 ; free virtual = 123577
Phase 3 Detail Placement | Checksum: 1653902a2

Time (s): cpu = 00:00:09 ; elapsed = 00:00:07 . Memory (MB): peak = 2611.754 ; gain = 0.000 ; free physical = 22210 ; free virtual = 123577

Phase 4 Post Placement Optimization and Clean-Up

Phase 4.1 Post Commit Optimization
INFO: [Timing 38-35] Done setting XDC timing constraints.

Phase 4.1.1 Post Placement Optimization
Post Placement Optimization Initialization | Checksum: 1aaa57896

Phase 4.1.1.1 BUFG Insertion

Starting Physical Synthesis Task

Phase 1 Physical Synthesis Initialization
INFO: [Physopt 32-721] Multithreading enabled for phys_opt_design using a maximum of 2 CPUs
INFO: [Physopt 32-619] Estimated Timing Summary | WNS=-2.779 | TNS=-698.856 |
Phase 1 Physical Synthesis Initialization | Checksum: 1c59a8c70

Time (s): cpu = 00:00:00.18 ; elapsed = 00:00:00.14 . Memory (MB): peak = 2611.754 ; gain = 0.000 ; free physical = 22215 ; free virtual = 123582
INFO: [Place 46-56] BUFG insertion identified 0 candidate nets. Inserted BUFG: 0, Replicated BUFG Driver: 0, Skipped due to Placement/Routing Conflicts: 0, Skipped due to Timing Degradation: 0, Skipped due to Illegal Netlist: 0.
Ending Physical Synthesis Task | Checksum: 1e3552f5f

Time (s): cpu = 00:00:00.21 ; elapsed = 00:00:00.17 . Memory (MB): peak = 2611.754 ; gain = 0.000 ; free physical = 22215 ; free virtual = 123582
Phase 4.1.1.1 BUFG Insertion | Checksum: 1aaa57896

Time (s): cpu = 00:00:10 ; elapsed = 00:00:07 . Memory (MB): peak = 2611.754 ; gain = 0.000 ; free physical = 22215 ; free virtual = 123582

Phase 4.1.1.2 Post Placement Timing Optimization
INFO: [Place 30-746] Post Placement Timing Summary WNS=-1.631. For the most accurate timing information please run report_timing.
Phase 4.1.1.2 Post Placement Timing Optimization | Checksum: 146551bc9

Time (s): cpu = 00:00:25 ; elapsed = 00:00:23 . Memory (MB): peak = 2611.754 ; gain = 0.000 ; free physical = 22494 ; free virtual = 123862

Time (s): cpu = 00:00:25 ; elapsed = 00:00:23 . Memory (MB): peak = 2611.754 ; gain = 0.000 ; free physical = 22494 ; free virtual = 123862
Phase 4.1 Post Commit Optimization | Checksum: 146551bc9

Time (s): cpu = 00:00:25 ; elapsed = 00:00:23 . Memory (MB): peak = 2611.754 ; gain = 0.000 ; free physical = 22494 ; free virtual = 123862

Phase 4.2 Post Placement Cleanup
Phase 4.2 Post Placement Cleanup | Checksum: 146551bc9

Time (s): cpu = 00:00:25 ; elapsed = 00:00:23 . Memory (MB): peak = 2611.754 ; gain = 0.000 ; free physical = 22494 ; free virtual = 123862

Phase 4.3 Placer Reporting

Phase 4.3.1 Print Estimated Congestion
INFO: [Place 30-612] Post-Placement Estimated Congestion 
 ____________________________________________________
|           | Global Congestion | Short Congestion  |
| Direction | Region Size       | Region Size       |
|___________|___________________|___________________|
|      North|                1x1|                4x4|
|___________|___________________|___________________|
|      South|                1x1|                2x2|
|___________|___________________|___________________|
|       East|                1x1|                2x2|
|___________|___________________|___________________|
|       West|                1x1|                1x1|
|___________|___________________|___________________|

Phase 4.3.1 Print Estimated Congestion | Checksum: 146551bc9

Time (s): cpu = 00:00:25 ; elapsed = 00:00:23 . Memory (MB): peak = 2611.754 ; gain = 0.000 ; free physical = 22494 ; free virtual = 123862
Phase 4.3 Placer Reporting | Checksum: 146551bc9

Time (s): cpu = 00:00:25 ; elapsed = 00:00:23 . Memory (MB): peak = 2611.754 ; gain = 0.000 ; free physical = 22494 ; free virtual = 123862

Phase 4.4 Final Placement Cleanup
Netlist sorting complete. Time (s): cpu = 00:00:00 ; elapsed = 00:00:00 . Memory (MB): peak = 2611.754 ; gain = 0.000 ; free physical = 22494 ; free virtual = 123862

Time (s): cpu = 00:00:25 ; elapsed = 00:00:23 . Memory (MB): peak = 2611.754 ; gain = 0.000 ; free physical = 22494 ; free virtual = 123862
Phase 4 Post Placement Optimization and Clean-Up | Checksum: f6b9c974

Time (s): cpu = 00:00:25 ; elapsed = 00:00:23 . Memory (MB): peak = 2611.754 ; gain = 0.000 ; free physical = 22494 ; free virtual = 123862
Ending Placer Task | Checksum: 3a13bfc5

Time (s): cpu = 00:00:25 ; elapsed = 00:00:23 . Memory (MB): peak = 2611.754 ; gain = 0.000 ; free physical = 22494 ; free virtual = 123862
INFO: [Common 17-83] Releasing license: Implementation
36 Infos, 0 Warnings, 0 Critical Warnings and 0 Errors encountered.
place_design completed successfully
place_design: Time (s): cpu = 00:00:26 ; elapsed = 00:00:23 . Memory (MB): peak = 2611.754 ; gain = 0.000 ; free physical = 22497 ; free virtual = 123865
INFO: [Common 17-600] The following parameters have non-default value.
general.maxThreads
# phys_opt_design
Command: phys_opt_design
Attempting to get a license for feature 'Implementation' and/or device 'xc7z010'
INFO: [Common 17-349] Got license for feature 'Implementation' and/or device 'xc7z010'

Starting Initial Update Timing Task
WARNING: [Timing 38-242] The property HD.CLK_SRC of clock port "clk" is not set. In out-of-context mode, this prevents timing estimation for clock delay/skew
Resolution: Set the HD.CLK_SRC property of the out-of-context port to the location of the clock buffer instance in the top-level design
WARNING: [Timing 38-242] The property HD.CLK_SRC of clock port "fft_clk" is not set. In out-of-context mode, this prevents timing estimation for clock delay/skew
Resolution: Set the HD.CLK_SRC property of the out-of-context port to the location of the clock buffer instance in the top-level design

Time (s): cpu = 00:00:00.55 ; elapsed = 00:00:00.37 . Memory (MB): peak = 2611.754 ; gain = 0.000 ; free physical = 22474 ; free virtual = 123842
INFO: [Vivado_Tcl 4-1435] PhysOpt_Tcl_Interface Runtime Before Starting Physical Synthesis Task | CPU: 0.58s |  WALL: 0.38s
Netlist sorting complete. Time (s): cpu = 00:00:00 ; elapsed = 00:00:00 . Memory (MB): peak = 2611.754 ; gain = 0.000 ; free physical = 22474 ; free virtual = 123842

Starting Physical Synthesis Task

Phase 1 Physical Synthesis Initialization
INFO: [Physopt 32-721] Multithreading enabled for phys_opt_design using a maximum of 2 CPUs
INFO: [Physopt 32-619] Estimated Timing Summary | WNS=-1.631 | TNS=-465.695 |
Phase 1 Physical Synthesis Initialization | Checksum: 1eab8c456

Time (s): cpu = 00:00:00.42 ; elapsed = 00:00:00.22 . Memory (MB): peak = 2611.754 ; gain = 0.000 ; free physical = 22495 ; free virtual = 123863
INFO: [Physopt 32-619] Estimated Timing Summary | WNS=-1.631 | TNS=-465.695 |

Phase 2 DSP Register Optimization
INFO: [Physopt 32-456] No candidate cells for DSP register optimization found in the design.
INFO: [Physopt 32-775] End 2 Pass. Optimized 0 net or cell. Created 0 new cell, deleted 0 existing cell and moved 0 existing cell
Phase 2 DSP Register Optimization | Checksum: 1eab8c456

Time (s): cpu = 00:00:00.46 ; elapsed = 00:00:00.26 . Memory (MB): peak = 2611.754 ; gain = 0.000 ; free physical = 22494 ; free virtual = 123862

Phase 3 Critical Path Optimization
INFO: [Physopt 32-619] Estimated Timing Summary | WNS=-1.631 | TNS=-465.695 |
INFO: [Physopt 32-702] Processed net joiner/kernel_rom/expected_bin_index[2]. Optimizations did not improve timing on the net.
INFO: [Physopt 32-663] Processed net product_bank/Q[2].  Re-placed instance product_bank/write_position_reg[2]
INFO: [Physopt 32-735] Processed net product_bank/Q[2]. Optimization improves timing on the net.
INFO: [Physopt 32-619] Estimated Timing Summary | WNS=-1.613 | TNS=-463.967 |
INFO: [Physopt 32-81] Processed net product_bank/Q[5]. Replicated 1 times.
INFO: [Physopt 32-735] Processed net product_bank/Q[5]. Optimization improves timing on the net.
INFO: [Physopt 32-619] Estimated Timing Summary | WNS=-1.599 | TNS=-462.623 |
INFO: [Physopt 32-702] Processed net product/output_block_start_index_reg[63]_0[0]. Optimizations did not improve timing on the net.
INFO: [Physopt 32-710] Processed net joiner/kernel_rom/private_rom_read_ahead.use_speculative_0. Critical path length was reduced through logic transformation on cell joiner/kernel_rom/expected_bin_index[8]_i_1_comp.
INFO: [Physopt 32-735] Processed net result_guard/registered_scheduling.engine_output_reserved_reg. Optimization improves timing on the net.
INFO: [Physopt 32-619] Estimated Timing Summary | WNS=-1.560 | TNS=-455.195 |
INFO: [Physopt 32-702] Processed net result_guard/active_private_reg_n_0. Optimizations did not improve timing on the net.
INFO: [Physopt 32-81] Processed net held_phase. Replicated 4 times.
INFO: [Physopt 32-735] Processed net held_phase. Optimization improves timing on the net.
INFO: [Physopt 32-619] Estimated Timing Summary | WNS=-1.557 | TNS=-454.844 |
INFO: [Physopt 32-702] Processed net held_phase. Optimizations did not improve timing on the net.
INFO: [Physopt 32-710] Processed net result_guard/active_private_i_1_n_0. Critical path length was reduced through logic transformation on cell result_guard/active_private_i_1_comp.
INFO: [Physopt 32-735] Processed net input_guard/job_accept. Optimization improves timing on the net.
INFO: [Physopt 32-619] Estimated Timing Summary | WNS=-1.518 | TNS=-454.288 |
INFO: [Physopt 32-702] Processed net joiner/kernel_rom/private_block_metadata_read_ahead.metadata_selected. Optimizations did not improve timing on the net.
INFO: [Physopt 32-702] Processed net joiner/kernel_rom/expected_bin_index[8]_i_3_n_0. Optimizations did not improve timing on the net.
INFO: [Physopt 32-134] Processed net joiner/kernel_rom/expected_bin_index[8]_i_7_n_0. Rewiring did not optimize the net.
INFO: [Physopt 32-702] Processed net joiner/kernel_rom/expected_bin_index[8]_i_7_n_0. Optimizations did not improve timing on the net.
INFO: [Physopt 32-134] Processed net joiner/kernel_rom/balanced_block_identity.comparisons[0].group_equal[2]. Rewiring did not optimize the net.
INFO: [Physopt 32-702] Processed net joiner/kernel_rom/balanced_block_identity.comparisons[0].group_equal[2]. Optimizations did not improve timing on the net.
INFO: [Physopt 32-608] Optimized 1 net.  Swapped 15 pins.
INFO: [Physopt 32-735] Processed net joiner/kernel_rom/balanced_block_identity.comparisons[0].leaf_equal[12]. Optimization improves timing on the net.
INFO: [Physopt 32-619] Estimated Timing Summary | WNS=-1.513 | TNS=-453.828 |
INFO: [Physopt 32-702] Processed net joiner/kernel_rom/balanced_block_identity.comparisons[0].leaf_equal[13]. Optimizations did not improve timing on the net.
INFO: [Physopt 32-663] Processed net joiner/kernel_rom/p_0_in35_in[1].  Re-placed instance joiner/kernel_rom/private_block_metadata_read_ahead.retained_metadata[45]_i_1
INFO: [Physopt 32-735] Processed net joiner/kernel_rom/p_0_in35_in[1]. Optimization improves timing on the net.
INFO: [Physopt 32-619] Estimated Timing Summary | WNS=-1.505 | TNS=-453.000 |
INFO: [Physopt 32-663] Processed net output_bank/output_metadata[37].  Re-placed instance output_bank/metadata_out_hold_reg[37]
INFO: [Physopt 32-735] Processed net output_bank/output_metadata[37]. Optimization improves timing on the net.
INFO: [Physopt 32-619] Estimated Timing Summary | WNS=-1.504 | TNS=-452.769 |
INFO: [Physopt 32-242] Processed net joiner/kernel_rom/balanced_block_identity.comparisons[0].group_equal[1]. Rewired (signal push) joiner/kernel_rom/balanced_block_identity.comparisons[0].leaf_equal[7] to 1 loads. Replicated 0 times.
INFO: [Physopt 32-735] Processed net joiner/kernel_rom/balanced_block_identity.comparisons[0].group_equal[1]. Optimization improves timing on the net.
INFO: [Physopt 32-619] Estimated Timing Summary | WNS=-1.503 | TNS=-452.401 |
INFO: [Physopt 32-702] Processed net result_guard/fault_reasons_reg_n_0_[3]. Optimizations did not improve timing on the net.
INFO: [Physopt 32-702] Processed net slow_reset_fast[1]. Optimizations did not improve timing on the net.
INFO: [Physopt 32-663] Processed net result_guard/fault_reasons[3]_i_2_n_0.  Re-placed instance result_guard/fault_reasons[3]_i_2
INFO: [Physopt 32-735] Processed net result_guard/fault_reasons[3]_i_2_n_0. Optimization improves timing on the net.
INFO: [Physopt 32-619] Estimated Timing Summary | WNS=-1.500 | TNS=-452.259 |
INFO: [Physopt 32-663] Processed net joiner/kernel_rom/private_block_metadata_read_ahead.speculative_metadata[54].  Re-placed instance joiner/kernel_rom/private_block_metadata_read_ahead.speculative_metadata_reg[54]
INFO: [Physopt 32-735] Processed net joiner/kernel_rom/private_block_metadata_read_ahead.speculative_metadata[54]. Optimization improves timing on the net.
INFO: [Physopt 32-619] Estimated Timing Summary | WNS=-1.499 | TNS=-452.167 |
INFO: [Physopt 32-702] Processed net joiner/kernel_rom/balanced_block_identity.comparisons[0].leaf_equal[12]. Optimizations did not improve timing on the net.
INFO: [Physopt 32-608] Optimized 1 net.  Swapped 15 pins.
INFO: [Physopt 32-735] Processed net joiner/kernel_rom/p_0_in32_in[2]. Optimization improves timing on the net.
INFO: [Physopt 32-619] Estimated Timing Summary | WNS=-1.492 | TNS=-448.763 |
INFO: [Physopt 32-663] Processed net output_bank/output_metadata[54].  Re-placed instance output_bank/metadata_out_hold_reg[54]
INFO: [Physopt 32-735] Processed net output_bank/output_metadata[54]. Optimization improves timing on the net.
INFO: [Physopt 32-619] Estimated Timing Summary | WNS=-1.471 | TNS=-447.996 |
INFO: [Physopt 32-702] Processed net product/product_overflow. Optimizations did not improve timing on the net.
INFO: [Physopt 32-702] Processed net product/sum_real_reg__0[1]. Optimizations did not improve timing on the net.
INFO: [Physopt 32-710] Processed net product/output_overflow_i_1_n_0. Critical path length was reduced through logic transformation on cell product/output_overflow_i_1_comp.
INFO: [Physopt 32-735] Processed net product/output_overflow_i_2_n_0. Optimization improves timing on the net.
INFO: [Physopt 32-619] Estimated Timing Summary | WNS=-1.462 | TNS=-447.830 |
INFO: [Physopt 32-608] Optimized 1 net.  Swapped 9 pins.
INFO: [Physopt 32-735] Processed net joiner/kernel_rom/balanced_block_identity.comparisons[0].group_equal[3]. Optimization improves timing on the net.
INFO: [Physopt 32-619] Estimated Timing Summary | WNS=-1.454 | TNS=-446.910 |
INFO: [Physopt 32-663] Processed net output_bank/output_metadata[38].  Re-placed instance output_bank/metadata_out_hold_reg[38]
INFO: [Physopt 32-735] Processed net output_bank/output_metadata[38]. Optimization improves timing on the net.
INFO: [Physopt 32-619] Estimated Timing Summary | WNS=-1.452 | TNS=-446.502 |
INFO: [Physopt 32-608] Optimized 1 net.  Swapped 3 pins.
INFO: [Physopt 32-735] Processed net joiner/kernel_rom/p_0_in35_in[1]. Optimization improves timing on the net.
INFO: [Physopt 32-619] Estimated Timing Summary | WNS=-1.444 | TNS=-445.030 |
INFO: [Physopt 32-663] Processed net input_guard/fault_reasons_reg_n_0_[0].  Re-placed instance input_guard/fault_reasons_reg[0]
INFO: [Physopt 32-735] Processed net input_guard/fault_reasons_reg_n_0_[0]. Optimization improves timing on the net.
INFO: [Physopt 32-619] Estimated Timing Summary | WNS=-1.437 | TNS=-444.856 |
INFO: [Physopt 32-663] Processed net admission_receipt.  Re-placed instance registered_scheduling.admission_receipt_reg
INFO: [Physopt 32-735] Processed net admission_receipt. Optimization improves timing on the net.
INFO: [Physopt 32-619] Estimated Timing Summary | WNS=-1.436 | TNS=-444.649 |
INFO: [Physopt 32-663] Processed net joiner/kernel_rom/balanced_block_identity.comparisons[0].group_equal[1].  Re-placed instance joiner/kernel_rom/balanced_block_identity.comparisons[0].group_equal_orig0_inferred__0/i__rewire
INFO: [Physopt 32-735] Processed net joiner/kernel_rom/balanced_block_identity.comparisons[0].group_equal[1]. Optimization improves timing on the net.
INFO: [Physopt 32-619] Estimated Timing Summary | WNS=-1.428 | TNS=-443.913 |
INFO: [Physopt 32-663] Processed net joiner/kernel_rom/p_0_in32_in[0].  Re-placed instance joiner/kernel_rom/private_block_metadata_read_ahead.retained_metadata[41]_i_1
INFO: [Physopt 32-735] Processed net joiner/kernel_rom/p_0_in32_in[0]. Optimization improves timing on the net.
INFO: [Physopt 32-619] Estimated Timing Summary | WNS=-1.425 | TNS=-443.637 |
INFO: [Physopt 32-663] Processed net joiner/kernel_rom/balanced_block_identity.comparisons[0].leaf_equal[17].  Re-placed instance joiner/kernel_rom/balanced_block_identity.comparisons[0].leaf_equal_inferred_i_5
INFO: [Physopt 32-735] Processed net joiner/kernel_rom/balanced_block_identity.comparisons[0].leaf_equal[17]. Optimization improves timing on the net.
INFO: [Physopt 32-619] Estimated Timing Summary | WNS=-1.389 | TNS=-440.325 |
INFO: [Physopt 32-663] Processed net joiner/kernel_rom/p_0_in35_in[2].  Re-placed instance joiner/kernel_rom/private_block_metadata_read_ahead.retained_metadata[46]_i_1
INFO: [Physopt 32-735] Processed net joiner/kernel_rom/p_0_in35_in[2]. Optimization improves timing on the net.
INFO: [Physopt 32-619] Estimated Timing Summary | WNS=-1.388 | TNS=-440.233 |
INFO: [Physopt 32-702] Processed net product/output_q_reg[17]_0[16]. Optimizations did not improve timing on the net.
INFO: [Physopt 32-663] Processed net product/sum_imag_reg__0[6].  Re-placed instance product/i__carry_i_2__6_psdsp_2
INFO: [Physopt 32-735] Processed net product/sum_imag_reg__0[6]. Optimization improves timing on the net.
INFO: [Physopt 32-619] Estimated Timing Summary | WNS=-1.388 | TNS=-435.632 |
INFO: [Physopt 32-702] Processed net joiner/kernel_rom/p_0_in32_in[2]. Optimizations did not improve timing on the net.
INFO: [Physopt 32-702] Processed net joiner/kernel_rom/private_rom_read_ahead.use_speculative_0. Optimizations did not improve timing on the net.
INFO: [Physopt 32-702] Processed net output_bank/request_sync[0]. Optimizations did not improve timing on the net.
INFO: [Physopt 32-663] Processed net output_bank/request_toggle_reg_n_0.  Re-placed instance output_bank/request_toggle_reg
INFO: [Physopt 32-735] Processed net output_bank/request_toggle_reg_n_0. Optimization improves timing on the net.
INFO: [Physopt 32-619] Estimated Timing Summary | WNS=-1.388 | TNS=-436.148 |
INFO: [Physopt 32-702] Processed net per_cause_fault_cdc.causes[1].cause_sync[0]. Optimizations did not improve timing on the net.
INFO: [Physopt 32-81] Processed net distributed_fast_fault.cause_sticky__0[1]. Replicated 2 times.
INFO: [Physopt 32-735] Processed net distributed_fast_fault.cause_sticky__0[1]. Optimization improves timing on the net.
INFO: [Physopt 32-619] Estimated Timing Summary | WNS=-1.388 | TNS=-435.932 |
INFO: [Physopt 32-702] Processed net per_cause_fault_cdc.causes[4].cause_sync[0]. Optimizations did not improve timing on the net.
INFO: [Physopt 32-663] Processed net distributed_fast_fault.cause_sticky__0[4].  Re-placed instance distributed_fast_fault.causes[4].cause_sticky_reg[4]
INFO: [Physopt 32-735] Processed net distributed_fast_fault.cause_sticky__0[4]. Optimization improves timing on the net.
INFO: [Physopt 32-619] Estimated Timing Summary | WNS=-1.388 | TNS=-435.790 |
INFO: [Physopt 32-663] Processed net output_bank/output_metadata[66].  Re-placed instance output_bank/metadata_out_hold_reg[66]
INFO: [Physopt 32-735] Processed net output_bank/output_metadata[66]. Optimization improves timing on the net.
INFO: [Physopt 32-619] Estimated Timing Summary | WNS=-1.388 | TNS=-435.753 |
INFO: [Physopt 32-663] Processed net output_bank/output_metadata[67].  Re-placed instance output_bank/metadata_out_hold_reg[67]
INFO: [Physopt 32-735] Processed net output_bank/output_metadata[67]. Optimization improves timing on the net.
INFO: [Physopt 32-619] Estimated Timing Summary | WNS=-1.388 | TNS=-435.552 |
INFO: [Physopt 32-663] Processed net output_bank/output_metadata[28].  Re-placed instance output_bank/metadata_out_hold_reg[28]
INFO: [Physopt 32-735] Processed net output_bank/output_metadata[28]. Optimization improves timing on the net.
INFO: [Physopt 32-619] Estimated Timing Summary | WNS=-1.388 | TNS=-435.384 |
INFO: [Physopt 32-663] Processed net output_bank/output_metadata[53].  Re-placed instance output_bank/metadata_out_hold_reg[53]
INFO: [Physopt 32-735] Processed net output_bank/output_metadata[53]. Optimization improves timing on the net.
INFO: [Physopt 32-619] Estimated Timing Summary | WNS=-1.388 | TNS=-435.151 |
INFO: [Physopt 32-663] Processed net output_bank/output_metadata[69].  Re-placed instance output_bank/metadata_out_hold_reg[69]
INFO: [Physopt 32-735] Processed net output_bank/output_metadata[69]. Optimization improves timing on the net.
INFO: [Physopt 32-619] Estimated Timing Summary | WNS=-1.388 | TNS=-434.643 |
INFO: [Physopt 32-663] Processed net output_bank/output_metadata[70].  Re-placed instance output_bank/metadata_out_hold_reg[70]
INFO: [Physopt 32-735] Processed net output_bank/output_metadata[70]. Optimization improves timing on the net.
INFO: [Physopt 32-619] Estimated Timing Summary | WNS=-1.388 | TNS=-434.333 |
INFO: [Physopt 32-663] Processed net output_bank/output_metadata[59].  Re-placed instance output_bank/metadata_out_hold_reg[59]
INFO: [Physopt 32-735] Processed net output_bank/output_metadata[59]. Optimization improves timing on the net.
INFO: [Physopt 32-619] Estimated Timing Summary | WNS=-1.388 | TNS=-434.342 |
INFO: [Physopt 32-702] Processed net per_cause_fault_cdc.causes[11].cause_sync[0]. Optimizations did not improve timing on the net.
INFO: [Physopt 32-702] Processed net distributed_fast_fault.cause_sticky__0[11]. Optimizations did not improve timing on the net.
INFO: [Physopt 32-663] Processed net joiner/kernel_rom/expected_bin_index[2].  Re-placed instance joiner/kernel_rom/expected_bin_index_reg[2]
INFO: [Physopt 32-735] Processed net joiner/kernel_rom/expected_bin_index[2]. Optimization improves timing on the net.
INFO: [Physopt 32-619] Estimated Timing Summary | WNS=-1.388 | TNS=-434.276 |
INFO: [Physopt 32-663] Processed net joiner/kernel_rom/expected_bin_index[3].  Re-placed instance joiner/kernel_rom/expected_bin_index_reg[3]
INFO: [Physopt 32-735] Processed net joiner/kernel_rom/expected_bin_index[3]. Optimization improves timing on the net.
INFO: [Physopt 32-619] Estimated Timing Summary | WNS=-1.383 | TNS=-433.906 |
INFO: [Physopt 32-663] Processed net result_guard/input_count[0].  Re-placed instance result_guard/input_count_reg[0]
INFO: [Physopt 32-735] Processed net result_guard/input_count[0]. Optimization improves timing on the net.
INFO: [Physopt 32-619] Estimated Timing Summary | WNS=-1.383 | TNS=-433.749 |
INFO: [Physopt 32-702] Processed net result_guard/input_count[1]. Optimizations did not improve timing on the net.
INFO: [Physopt 32-702] Processed net slow_reset_fast[1]. Optimizations did not improve timing on the net.
INFO: [Physopt 32-702] Processed net input_guard/active_private_reg. Optimizations did not improve timing on the net.
INFO: [Physopt 32-702] Processed net input_guard/certified_input_beat. Optimizations did not improve timing on the net.
INFO: [Physopt 32-702] Processed net input_guard/fault_reasons[1]_i_3_n_0. Optimizations did not improve timing on the net.
INFO: [Physopt 32-663] Processed net input_guard/fault_reasons[1]_i_5_n_0.  Re-placed instance input_guard/fault_reasons[1]_i_5
INFO: [Physopt 32-735] Processed net input_guard/fault_reasons[1]_i_5_n_0. Optimization improves timing on the net.
INFO: [Physopt 32-619] Estimated Timing Summary | WNS=-1.371 | TNS=-432.060 |
INFO: [Physopt 32-663] Processed net joiner/kernel_rom/expected_bin_index[0].  Re-placed instance joiner/kernel_rom/expected_bin_index_reg[0]
INFO: [Physopt 32-735] Processed net joiner/kernel_rom/expected_bin_index[0]. Optimization improves timing on the net.
INFO: [Physopt 32-619] Estimated Timing Summary | WNS=-1.371 | TNS=-431.960 |
INFO: [Physopt 32-663] Processed net joiner/kernel_rom/expected_bin_index[1].  Re-placed instance joiner/kernel_rom/expected_bin_index_reg[1]
INFO: [Physopt 32-735] Processed net joiner/kernel_rom/expected_bin_index[1]. Optimization improves timing on the net.
INFO: [Physopt 32-619] Estimated Timing Summary | WNS=-1.329 | TNS=-431.913 |
INFO: [Physopt 32-702] Processed net result_guard/awaiting_ack. Optimizations did not improve timing on the net.
INFO: [Physopt 32-702] Processed net held_phase. Optimizations did not improve timing on the net.
INFO: [Physopt 32-702] Processed net input_guard/registered_scheduling.forward_committed_reg. Optimizations did not improve timing on the net.
INFO: [Physopt 32-702] Processed net input_guard/registered_scheduling.held_phase_reg. Optimizations did not improve timing on the net.
INFO: [Physopt 32-608] Optimized 1 net.  Swapped 18 pins.
INFO: [Physopt 32-735] Processed net input_guard/fault_reasons[0]_i_2__0_n_0. Optimization improves timing on the net.
INFO: [Physopt 32-619] Estimated Timing Summary | WNS=-1.324 | TNS=-394.058 |
INFO: [Physopt 32-702] Processed net joiner/kernel_rom/expected_bin_index[1]. Optimizations did not improve timing on the net.
INFO: [Physopt 32-702] Processed net joiner/kernel_rom/private_block_metadata_read_ahead.metadata_selected. Optimizations did not improve timing on the net.
INFO: [Physopt 32-702] Processed net joiner/kernel_rom/expected_bin_index[8]_i_3_n_0. Optimizations did not improve timing on the net.
INFO: [Physopt 32-702] Processed net joiner/kernel_rom/expected_bin_index[8]_i_7_n_0. Optimizations did not improve timing on the net.
INFO: [Physopt 32-702] Processed net joiner/kernel_rom/balanced_block_identity.comparisons[0].group_equal[2]. Optimizations did not improve timing on the net.
INFO: [Physopt 32-702] Processed net joiner/kernel_rom/balanced_block_identity.comparisons[0].leaf_equal[12]. Optimizations did not improve timing on the net.
INFO: [Physopt 32-702] Processed net joiner/kernel_rom/p_0_in32_in[2]. Optimizations did not improve timing on the net.
INFO: [Physopt 32-702] Processed net joiner/kernel_rom/private_rom_read_ahead.use_speculative_0. Optimizations did not improve timing on the net.
INFO: [Physopt 32-702] Processed net per_cause_fault_cdc.causes[11].cause_sync[0]. Optimizations did not improve timing on the net.
INFO: [Physopt 32-663] Processed net distributed_fast_fault.cause_sticky__0[11].  Re-placed instance distributed_fast_fault.causes[11].cause_sticky_reg[11]
INFO: [Physopt 32-735] Processed net distributed_fast_fault.cause_sticky__0[11]. Optimization improves timing on the net.
INFO: [Physopt 32-619] Estimated Timing Summary | WNS=-1.324 | TNS=-394.761 |
INFO: [Physopt 32-663] Processed net output_bank/output_metadata[72].  Re-placed instance output_bank/metadata_out_hold_reg[72]
INFO: [Physopt 32-735] Processed net output_bank/output_metadata[72]. Optimization improves timing on the net.
INFO: [Physopt 32-619] Estimated Timing Summary | WNS=-1.324 | TNS=-394.617 |
INFO: [Physopt 32-663] Processed net output_bank/output_metadata[31].  Re-placed instance output_bank/metadata_out_hold_reg[31]
INFO: [Physopt 32-735] Processed net output_bank/output_metadata[31]. Optimization improves timing on the net.
INFO: [Physopt 32-619] Estimated Timing Summary | WNS=-1.324 | TNS=-394.350 |
INFO: [Physopt 32-702] Processed net per_cause_fault_cdc.causes[4].cause_sync[0]. Optimizations did not improve timing on the net.
INFO: [Physopt 32-663] Processed net distributed_fast_fault.cause_sticky__0[4].  Re-placed instance distributed_fast_fault.causes[4].cause_sticky_reg[4]
INFO: [Physopt 32-735] Processed net distributed_fast_fault.cause_sticky__0[4]. Optimization improves timing on the net.
INFO: [Physopt 32-619] Estimated Timing Summary | WNS=-1.324 | TNS=-391.700 |
INFO: [Physopt 32-702] Processed net distributed_fast_fault.cause_sticky__0[4]. Optimizations did not improve timing on the net.
INFO: [Physopt 32-619] Estimated Timing Summary | WNS=-1.324 | TNS=-391.700 |
Phase 3 Critical Path Optimization | Checksum: a416e450

Time (s): cpu = 00:00:05 ; elapsed = 00:00:03 . Memory (MB): peak = 2611.754 ; gain = 0.000 ; free physical = 22829 ; free virtual = 124198

Phase 4 Critical Path Optimization
INFO: [Physopt 32-619] Estimated Timing Summary | WNS=-1.324 | TNS=-391.700 |
INFO: [Physopt 32-702] Processed net joiner/kernel_rom/expected_bin_index[1]. Optimizations did not improve timing on the net.
INFO: [Physopt 32-702] Processed net joiner/kernel_rom/private_block_metadata_read_ahead.metadata_selected. Optimizations did not improve timing on the net.
INFO: [Physopt 32-702] Processed net joiner/kernel_rom/expected_bin_index[8]_i_3_n_0. Optimizations did not improve timing on the net.
INFO: [Physopt 32-710] Processed net joiner/kernel_rom/expected_bin_index[8]_i_3_n_0. Critical path length was reduced through logic transformation on cell joiner/kernel_rom/expected_bin_index[8]_i_3_comp.
INFO: [Physopt 32-735] Processed net joiner/kernel_rom/expected_bin_index[8]_i_7_n_0. Optimization improves timing on the net.
INFO: [Physopt 32-619] Estimated Timing Summary | WNS=-1.324 | TNS=-387.928 |
INFO: [Physopt 32-702] Processed net result_guard/input_count[1]. Optimizations did not improve timing on the net.
INFO: [Physopt 32-81] Processed net held_phase. Replicated 2 times.
INFO: [Physopt 32-735] Processed net held_phase. Optimization improves timing on the net.
INFO: [Physopt 32-619] Estimated Timing Summary | WNS=-1.323 | TNS=-384.601 |
INFO: [Physopt 32-702] Processed net slow_reset_fast[1]. Optimizations did not improve timing on the net.
INFO: [Physopt 32-710] Processed net result_guard/input_count[9]_i_1_n_0. Critical path length was reduced through logic transformation on cell result_guard/input_count[9]_i_1_comp.
INFO: [Physopt 32-735] Processed net input_guard/active_private_reg. Optimization improves timing on the net.
INFO: [Physopt 32-619] Estimated Timing Summary | WNS=-1.305 | TNS=-380.195 |
INFO: [Physopt 32-663] Processed net registered_scheduling.engine_input_reserved_reg_n_0.  Re-placed instance registered_scheduling.engine_input_reserved_reg
INFO: [Physopt 32-735] Processed net registered_scheduling.engine_input_reserved_reg_n_0. Optimization improves timing on the net.
INFO: [Physopt 32-619] Estimated Timing Summary | WNS=-1.304 | TNS=-380.026 |
INFO: [Physopt 32-702] Processed net result_guard/fault_reasons_reg_n_0_[3]. Optimizations did not improve timing on the net.
INFO: [Physopt 32-710] Processed net result_guard/fault_reasons[3]_i_1_n_0. Critical path length was reduced through logic transformation on cell result_guard/fault_reasons[3]_i_1_comp.
INFO: [Physopt 32-735] Processed net result_guard/fault_reasons[3]_i_2_n_0. Optimization improves timing on the net.
INFO: [Physopt 32-619] Estimated Timing Summary | WNS=-1.283 | TNS=-379.166 |
INFO: [Physopt 32-702] Processed net joiner/kernel_rom/expected_bin_index[8]_i_7_n_0. Optimizations did not improve timing on the net.
INFO: [Physopt 32-710] Processed net joiner/kernel_rom/expected_bin_index[8]_i_7_n_0. Critical path length was reduced through logic transformation on cell joiner/kernel_rom/expected_bin_index[8]_i_7_rewire_comp_1.
INFO: [Physopt 32-735] Processed net joiner/kernel_rom/balanced_block_identity.comparisons[0].group_equal[1]. Optimization improves timing on the net.
INFO: [Physopt 32-619] Estimated Timing Summary | WNS=-1.266 | TNS=-377.234 |
INFO: [Physopt 32-702] Processed net per_cause_fault_cdc.causes[4].cause_sync[0]. Optimizations did not improve timing on the net.
INFO: [Physopt 32-81] Processed net distributed_fast_fault.cause_sticky__0[4]. Replicated 1 times.
INFO: [Physopt 32-735] Processed net distributed_fast_fault.cause_sticky__0[4]. Optimization improves timing on the net.
INFO: [Physopt 32-619] Estimated Timing Summary | WNS=-1.255 | TNS=-376.074 |
INFO: [Physopt 32-702] Processed net distributed_fast_fault.cause_sticky__0[4]. Optimizations did not improve timing on the net.
INFO: [Physopt 32-702] Processed net result_guard/registered_scheduling.engine_output_reserved_reg_repN. Optimizations did not improve timing on the net.
INFO: [Physopt 32-710] Processed net result_guard/registered_scheduling.engine_output_reserved_reg_repN. Critical path length was reduced through logic transformation on cell result_guard/expected_bin_index[8]_i_4_comp_1.
INFO: [Physopt 32-735] Processed net result_guard/commit_pulse_i_6_n_0. Optimization improves timing on the net.
INFO: [Physopt 32-619] Estimated Timing Summary | WNS=-1.255 | TNS=-376.089 |
INFO: [Physopt 32-710] Processed net joiner/kernel_rom/private_rom_read_ahead.use_speculative_0. Critical path length was reduced through logic transformation on cell joiner/kernel_rom/expected_bin_index[8]_i_1_comp_1.
INFO: [Physopt 32-735] Processed net result_guard/commit_pulse_i_4_n_0. Optimization improves timing on the net.
INFO: [Physopt 32-619] Estimated Timing Summary | WNS=-1.243 | TNS=-374.985 |
INFO: [Physopt 32-663] Processed net joiner/kernel_rom/balanced_block_identity.comparisons[0].group_equal[1].  Re-placed instance joiner/kernel_rom/balanced_block_identity.comparisons[0].group_equal_orig0_inferred__0/i__rewire_comp
INFO: [Physopt 32-735] Processed net joiner/kernel_rom/balanced_block_identity.comparisons[0].group_equal[1]. Optimization improves timing on the net.
INFO: [Physopt 32-619] Estimated Timing Summary | WNS=-1.215 | TNS=-370.385 |
INFO: [Physopt 32-702] Processed net product/product_overflow. Optimizations did not improve timing on the net.
INFO: [Physopt 32-702] Processed net product/sum_real_reg__0[1]. Optimizations did not improve timing on the net.
INFO: [Physopt 32-702] Processed net product/round_and_saturate10_in. Optimizations did not improve timing on the net.
INFO: [Physopt 32-702] Processed net product/round_and_saturate1_inferred__0/i__carry__0_n_0. Optimizations did not improve timing on the net.
INFO: [Physopt 32-702] Processed net product/round_and_saturate1_inferred__0/i__carry_n_0. Optimizations did not improve timing on the net.
INFO: [Physopt 32-702] Processed net product/i__carry_i_5__0_n_0. Optimizations did not improve timing on the net.
INFO: [Physopt 32-702] Processed net product/round_and_saturate2_carry__3_n_7. Optimizations did not improve timing on the net.
INFO: [Physopt 32-702] Processed net product/round_and_saturate2_carry__2_n_0. Optimizations did not improve timing on the net.
INFO: [Physopt 32-702] Processed net product/round_and_saturate2_carry__1_n_0. Optimizations did not improve timing on the net.
INFO: [Physopt 32-702] Processed net product/round_and_saturate2_carry__0_n_0. Optimizations did not improve timing on the net.
INFO: [Physopt 32-702] Processed net product/round_and_saturate2_carry_n_0. Optimizations did not improve timing on the net.
INFO: [Physopt 32-608] Optimized 1 net.  Swapped 14 pins.
INFO: [Physopt 32-735] Processed net product/round_and_saturate2_carry_i_1_n_0. Optimization improves timing on the net.
INFO: [Physopt 32-619] Estimated Timing Summary | WNS=-1.214 | TNS=-369.511 |
INFO: [Physopt 32-663] Processed net output_bank/request_toggle_reg_n_0.  Re-placed instance output_bank/request_toggle_reg
INFO: [Physopt 32-735] Processed net output_bank/request_toggle_reg_n_0. Optimization improves timing on the net.
INFO: [Physopt 32-619] Estimated Timing Summary | WNS=-1.193 | TNS=-369.446 |
INFO: [Physopt 32-702] Processed net output_bank/request_sync[0]. Optimizations did not improve timing on the net.
INFO: [Physopt 32-702] Processed net output_bank/request_toggle_reg_n_0. Optimizations did not improve timing on the net.
INFO: [Physopt 32-702] Processed net joiner/kernel_rom/balanced_block_identity.comparisons[0].group_equal[3]. Optimizations did not improve timing on the net.
INFO: [Physopt 32-710] Processed net joiner/kernel_rom/balanced_block_identity.comparisons[0].group_equal[3]. Critical path length was reduced through logic transformation on cell joiner/kernel_rom/balanced_block_identity.comparisons[0].group_equal_orig0_inferred__2/i__comp.
INFO: [Physopt 32-735] Processed net joiner/kernel_rom/balanced_block_identity.comparisons[0].leaf_equal[18]. Optimization improves timing on the net.
INFO: [Physopt 32-619] Estimated Timing Summary | WNS=-1.193 | TNS=-367.054 |
INFO: [Physopt 32-702] Processed net result_guard/awaiting_ack. Optimizations did not improve timing on the net.
INFO: [Physopt 32-663] Processed net result_guard/D[59].  Re-placed instance result_guard/descriptor_reg[54]
INFO: [Physopt 32-735] Processed net result_guard/D[59]. Optimization improves timing on the net.
INFO: [Physopt 32-619] Estimated Timing Summary | WNS=-1.193 | TNS=-366.994 |
INFO: [Physopt 32-663] Processed net output_bank/p_0_in64_in[2].  Re-placed instance output_bank/metadata_in_hold_reg[71]
INFO: [Physopt 32-735] Processed net output_bank/p_0_in64_in[2]. Optimization improves timing on the net.
INFO: [Physopt 32-619] Estimated Timing Summary | WNS=-1.193 | TNS=-366.833 |
INFO: [Physopt 32-702] Processed net product/sum_real_reg__0[5]. Optimizations did not improve timing on the net.
INFO: [Physopt 32-608] Optimized 1 net.  Swapped 14 pins.
INFO: [Physopt 32-735] Processed net product/round_and_saturate2_carry_i_1_n_0. Optimization improves timing on the net.
INFO: [Physopt 32-619] Estimated Timing Summary | WNS=-1.193 | TNS=-365.674 |
INFO: [Physopt 32-663] Processed net joiner/kernel_rom/balanced_block_identity.comparisons[0].leaf_equal[20].  Re-placed instance joiner/kernel_rom/balanced_block_identity.comparisons[0].leaf_equal_inferred_i_2
INFO: [Physopt 32-735] Processed net joiner/kernel_rom/balanced_block_identity.comparisons[0].leaf_equal[20]. Optimization improves timing on the net.
INFO: [Physopt 32-619] Estimated Timing Summary | WNS=-1.193 | TNS=-363.466 |
INFO: [Physopt 32-702] Processed net result_guard/input_count[0]. Optimizations did not improve timing on the net.
INFO: [Physopt 32-702] Processed net input_guard/active_private_reg. Optimizations did not improve timing on the net.
INFO: [Physopt 32-710] Processed net input_guard/active_private_reg. Critical path length was reduced through logic transformation on cell input_guard/input_count[9]_i_3_comp.
INFO: [Physopt 32-735] Processed net input_guard/certified_input_beat. Optimization improves timing on the net.
INFO: [Physopt 32-619] Estimated Timing Summary | WNS=-1.193 | TNS=-357.277 |
INFO: [Physopt 32-702] Processed net result_guard/Q[0]. Optimizations did not improve timing on the net.
INFO: [Physopt 32-702] Processed net result_guard/commit_pulse_i_4_n_0_repN. Optimizations did not improve timing on the net.
INFO: [Physopt 32-710] Processed net result_guard/commit_pulse_i_4_n_0_repN. Critical path length was reduced through logic transformation on cell result_guard/commit_pulse_i_4_comp_1.
INFO: [Physopt 32-735] Processed net result_guard/expected_bin_index[8]_i_10_n_0. Optimization improves timing on the net.
INFO: [Physopt 32-619] Estimated Timing Summary | WNS=-1.193 | TNS=-355.831 |
INFO: [Physopt 32-663] Processed net output_bank/p_0_in52_in[2].  Re-placed instance output_bank/metadata_in_hold_reg[59]
INFO: [Physopt 32-735] Processed net output_bank/p_0_in52_in[2]. Optimization improves timing on the net.
INFO: [Physopt 32-619] Estimated Timing Summary | WNS=-1.193 | TNS=-355.834 |
INFO: [Physopt 32-710] Processed net output_bank/request_toggle_i_1__0_n_0. Critical path length was reduced through logic transformation on cell output_bank/request_toggle_i_1__0_comp.
INFO: [Physopt 32-735] Processed net result_guard/input_complete_reg. Optimization improves timing on the net.
INFO: [Physopt 32-619] Estimated Timing Summary | WNS=-1.193 | TNS=-355.760 |
INFO: [Physopt 32-702] Processed net output_bank/p_0_in52_in[2]. Optimizations did not improve timing on the net.
INFO: [Physopt 32-710] Processed net result_guard/awaiting_ack_i_1_n_0. Critical path length was reduced through logic transformation on cell result_guard/awaiting_ack_i_1_comp.
INFO: [Physopt 32-735] Processed net input_guard/registered_scheduling.forward_committed_reg. Optimization improves timing on the net.
INFO: [Physopt 32-619] Estimated Timing Summary | WNS=-1.193 | TNS=-355.614 |
INFO: [Physopt 32-702] Processed net registered_scheduling.engine_input_reserved_reg_n_0. Optimizations did not improve timing on the net.
INFO: [Physopt 32-242] Processed net input_guard/expected_position_reg[8]_1. Rewired (signal push) input_guard/certified_input_beat to 2 loads. Replicated 1 times.
INFO: [Physopt 32-735] Processed net input_guard/expected_position_reg[8]_1. Optimization improves timing on the net.
INFO: [Physopt 32-619] Estimated Timing Summary | WNS=-1.193 | TNS=-355.318 |
INFO: [Physopt 32-702] Processed net product/output_q_reg[17]_0[16]. Optimizations did not improve timing on the net.
INFO: [Physopt 32-702] Processed net product/sum_imag_reg__0[6]. Optimizations did not improve timing on the net.
INFO: [Physopt 32-702] Processed net product/round_and_saturate1_inferred__1/i__carry__1_n_1. Optimizations did not improve timing on the net.
INFO: [Physopt 32-702] Processed net product/round_and_saturate1_inferred__1/i__carry__0_n_0. Optimizations did not improve timing on the net.
INFO: [Physopt 32-702] Processed net product/round_and_saturate1_inferred__1/i__carry_n_0. Optimizations did not improve timing on the net.
INFO: [Physopt 32-608] Optimized 1 net.  Swapped 13 pins.
INFO: [Physopt 32-735] Processed net product/i__carry_i_6__0_n_0. Optimization improves timing on the net.
INFO: [Physopt 32-619] Estimated Timing Summary | WNS=-1.193 | TNS=-353.532 |
INFO: [Physopt 32-663] Processed net result_guard/D[12].  Re-placed instance result_guard/descriptor_reg[7]
INFO: [Physopt 32-735] Processed net result_guard/D[12]. Optimization improves timing on the net.
INFO: [Physopt 32-619] Estimated Timing Summary | WNS=-1.193 | TNS=-353.256 |
INFO: [Physopt 32-608] Optimized 1 net.  Swapped 10 pins.
INFO: [Physopt 32-735] Processed net joiner/kernel_rom/balanced_block_identity.comparisons[0].leaf_equal[20]. Optimization improves timing on the net.
INFO: [Physopt 32-619] Estimated Timing Summary | WNS=-1.193 | TNS=-352.612 |
INFO: [Physopt 32-663] Processed net joiner/kernel_rom/balanced_block_identity.comparisons[0].leaf_equal[19].  Re-placed instance joiner/kernel_rom/balanced_block_identity.comparisons[0].leaf_equal_inferred_i_3
INFO: [Physopt 32-735] Processed net joiner/kernel_rom/balanced_block_identity.comparisons[0].leaf_equal[19]. Optimization improves timing on the net.
INFO: [Physopt 32-619] Estimated Timing Summary | WNS=-1.193 | TNS=-352.520 |
INFO: [Physopt 32-702] Processed net joiner/kernel_rom/balanced_block_identity.comparisons[0].group_equal[1]. Optimizations did not improve timing on the net.
INFO: [Physopt 32-710] Processed net joiner/kernel_rom/balanced_block_identity.comparisons[0].group_equal[1]. Critical path length was reduced through logic transformation on cell joiner/kernel_rom/balanced_block_identity.comparisons[0].group_equal_orig0_inferred__0/i__rewire_comp_1.
INFO: [Physopt 32-735] Processed net result_guard/in0[2]. Optimization improves timing on the net.
INFO: [Physopt 32-619] Estimated Timing Summary | WNS=-1.193 | TNS=-350.864 |
INFO: [Physopt 32-702] Processed net product/round_and_saturate2_carry_i_1_n_0. Optimizations did not improve timing on the net.
INFO: [Physopt 32-663] Processed net product/round_and_saturate2_carry_i_4_n_0.  Re-placed instance product/round_and_saturate2_carry_i_4
INFO: [Physopt 32-735] Processed net product/round_and_saturate2_carry_i_4_n_0. Optimization improves timing on the net.
INFO: [Physopt 32-619] Estimated Timing Summary | WNS=-1.193 | TNS=-349.705 |
INFO: [Physopt 32-710] Processed net result_guard/registered_scheduling.engine_output_reserved_reg_repN. Critical path length was reduced through logic transformation on cell result_guard/expected_bin_index[8]_i_4_comp.
INFO: [Physopt 32-735] Processed net input_guard/job_started_reg_0. Optimization improves timing on the net.
INFO: [Physopt 32-619] Estimated Timing Summary | WNS=-1.193 | TNS=-349.754 |
INFO: [Physopt 32-81] Processed net result_guard/fault_reasons[6]_i_2_n_0. Replicated 1 times.
INFO: [Physopt 32-735] Processed net result_guard/fault_reasons[6]_i_2_n_0. Optimization improves timing on the net.
INFO: [Physopt 32-619] Estimated Timing Summary | WNS=-1.193 | TNS=-347.922 |
INFO: [Physopt 32-702] Processed net result_guard/in0[1]. Optimizations did not improve timing on the net.
INFO: [Physopt 32-663] Processed net joiner/kernel_rom/D[3].  Re-placed instance joiner/kernel_rom/private_block_metadata_read_ahead.retained_metadata[29]_i_1
INFO: [Physopt 32-735] Processed net joiner/kernel_rom/D[3]. Optimization improves timing on the net.
INFO: [Physopt 32-619] Estimated Timing Summary | WNS=-1.193 | TNS=-346.910 |
INFO: [Physopt 32-608] Optimized 1 net.  Swapped 18 pins.
INFO: [Physopt 32-735] Processed net result_guard/fault_reasons[6]_i_2_n_0. Optimization improves timing on the net.
INFO: [Physopt 32-619] Estimated Timing Summary | WNS=-1.193 | TNS=-345.806 |
INFO: [Physopt 32-663] Processed net joiner/kernel_rom/expected_bin_index[8]_i_11_n_0.  Re-placed instance joiner/kernel_rom/expected_bin_index[8]_i_11
INFO: [Physopt 32-735] Processed net joiner/kernel_rom/expected_bin_index[8]_i_11_n_0. Optimization improves timing on the net.
INFO: [Physopt 32-619] Estimated Timing Summary | WNS=-1.193 | TNS=-344.150 |
INFO: [Physopt 32-663] Processed net product/sum_real_reg__0[12].  Re-placed instance product/round_and_saturate2_carry_i_3_psdsp_2
INFO: [Physopt 32-735] Processed net product/sum_real_reg__0[12]. Optimization improves timing on the net.
INFO: [Physopt 32-619] Estimated Timing Summary | WNS=-1.193 | TNS=-343.922 |
INFO: [Physopt 32-702] Processed net admission_receipt. Optimizations did not improve timing on the net.
INFO: [Physopt 32-710] Processed net input_guard/job_accept. Critical path length was reduced through logic transformation on cell input_guard/registered_scheduling.admission_receipt_i_1_comp_1.
INFO: [Physopt 32-735] Processed net input_guard/registered_scheduling.forward_committed_reg. Optimization improves timing on the net.
INFO: [Physopt 32-619] Estimated Timing Summary | WNS=-1.193 | TNS=-343.918 |
INFO: [Physopt 32-663] Processed net joiner/kernel_rom/expected_next_block_start_reg_n_0_[2].  Re-placed instance joiner/kernel_rom/expected_next_block_start_reg[2]
INFO: [Physopt 32-735] Processed net joiner/kernel_rom/expected_next_block_start_reg_n_0_[2]. Optimization improves timing on the net.
INFO: [Physopt 32-619] Estimated Timing Summary | WNS=-1.193 | TNS=-343.642 |
INFO: [Physopt 32-663] Processed net product/sum_real_reg__0[11].  Re-placed instance product/round_and_saturate2_carry_i_5_psdsp
INFO: [Physopt 32-735] Processed net product/sum_real_reg__0[11]. Optimization improves timing on the net.
INFO: [Physopt 32-619] Estimated Timing Summary | WNS=-1.193 | TNS=-342.788 |
INFO: [Physopt 32-608] Optimized 1 net.  Swapped 12 pins.
INFO: [Physopt 32-735] Processed net joiner/kernel_rom/balanced_block_identity.comparisons[0].leaf_equal[20]. Optimization improves timing on the net.
INFO: [Physopt 32-619] Estimated Timing Summary | WNS=-1.193 | TNS=-342.604 |
INFO: [Physopt 32-702] Processed net result_guard/in0[3]. Optimizations did not improve timing on the net.
INFO: [Physopt 32-663] Processed net joiner/kernel_rom/D[9].  Re-placed instance joiner/kernel_rom/private_block_metadata_read_ahead.retained_metadata[35]_i_1
INFO: [Physopt 32-735] Processed net joiner/kernel_rom/D[9]. Optimization improves timing on the net.
INFO: [Physopt 32-619] Estimated Timing Summary | WNS=-1.193 | TNS=-342.328 |
INFO: [Physopt 32-608] Optimized 1 net.  Swapped 12 pins.
INFO: [Physopt 32-735] Processed net joiner/kernel_rom/balanced_block_identity.comparisons[0].leaf_equal[19]. Optimization improves timing on the net.
INFO: [Physopt 32-619] Estimated Timing Summary | WNS=-1.193 | TNS=-342.328 |
INFO: [Physopt 32-663] Processed net result_guard/D[11].  Re-placed instance result_guard/descriptor_reg[6]
INFO: [Physopt 32-735] Processed net result_guard/D[11]. Optimization improves timing on the net.
INFO: [Physopt 32-619] Estimated Timing Summary | WNS=-1.193 | TNS=-341.960 |
INFO: [Physopt 32-702] Processed net joiner/kernel_rom/protocol_fault_reg_0. Optimizations did not improve timing on the net.
INFO: [Physopt 32-702] Processed net result_guard/registered_scheduling.engine_output_reserved_reg. Optimizations did not improve timing on the net.
INFO: [Physopt 32-710] Processed net result_guard/registered_scheduling.engine_output_reserved_reg. Critical path length was reduced through logic transformation on cell result_guard/expected_bin_index[8]_i_4_comp_2.
INFO: [Physopt 32-735] Processed net result_guard/commit_pulse_i_4_n_0. Optimization improves timing on the net.
INFO: [Physopt 32-619] Estimated Timing Summary | WNS=-1.193 | TNS=-341.701 |
INFO: [Physopt 32-702] Processed net joiner/kernel_rom/balanced_block_identity.comparisons[0].leaf_equal[20]. Optimizations did not improve timing on the net.
INFO: [Physopt 32-663] Processed net joiner/kernel_rom/p_0_in56_in[0].  Re-placed instance joiner/kernel_rom/private_block_metadata_read_ahead.retained_metadata[65]_i_1
INFO: [Physopt 32-735] Processed net joiner/kernel_rom/p_0_in56_in[0]. Optimization improves timing on the net.
INFO: [Physopt 32-619] Estimated Timing Summary | WNS=-1.193 | TNS=-341.425 |
INFO: [Physopt 32-702] Processed net result_guard/result_commit. Optimizations did not improve timing on the net.
INFO: [Physopt 32-710] Processed net product_bank/final_commit. Critical path length was reduced through logic transformation on cell product_bank/commit_pulse_i_1_comp.
INFO: [Physopt 32-735] Processed net result_guard/input_complete_reg. Optimization improves timing on the net.
INFO: [Physopt 32-619] Estimated Timing Summary | WNS=-1.193 | TNS=-341.001 |
INFO: [Physopt 32-663] Processed net joiner/kernel_rom/balanced_block_identity.comparisons[0].leaf_equal[18].  Re-placed instance joiner/kernel_rom/balanced_block_identity.comparisons[0].leaf_equal_inferred_i_4_comp
INFO: [Physopt 32-735] Processed net joiner/kernel_rom/balanced_block_identity.comparisons[0].leaf_equal[18]. Optimization improves timing on the net.
INFO: [Physopt 32-619] Estimated Timing Summary | WNS=-1.193 | TNS=-339.253 |
INFO: [Physopt 32-702] Processed net result_guard/fault_reasons_reg_n_0_[5]. Optimizations did not improve timing on the net.
INFO: [Physopt 32-663] Processed net result_guard/fault_reasons[5]_i_2_n_0.  Re-placed instance result_guard/fault_reasons[5]_i_2
INFO: [Physopt 32-735] Processed net result_guard/fault_reasons[5]_i_2_n_0. Optimization improves timing on the net.
INFO: [Physopt 32-619] Estimated Timing Summary | WNS=-1.193 | TNS=-339.110 |
INFO: [Physopt 32-702] Processed net product/i__carry_i_6__0_n_0. Optimizations did not improve timing on the net.
INFO: [Physopt 32-702] Processed net product/round_and_saturate2_inferred__0/i__carry__3_n_7. Optimizations did not improve timing on the net.
INFO: [Physopt 32-702] Processed net product/round_and_saturate2_inferred__0/i__carry__2_n_0. Optimizations did not improve timing on the net.
INFO: [Physopt 32-702] Processed net product/round_and_saturate2_inferred__0/i__carry__1_n_0. Optimizations did not improve timing on the net.
INFO: [Physopt 32-702] Processed net product/round_and_saturate2_inferred__0/i__carry__0_n_0. Optimizations did not improve timing on the net.
INFO: [Physopt 32-702] Processed net product/round_and_saturate2_inferred__0/i__carry_n_0. Optimizations did not improve timing on the net.
INFO: [Physopt 32-608] Optimized 1 net.  Swapped 12 pins.
INFO: [Physopt 32-735] Processed net product/i__carry_i_1__7_n_0. Optimization improves timing on the net.
INFO: [Physopt 32-619] Estimated Timing Summary | WNS=-1.193 | TNS=-336.174 |
INFO: [Physopt 32-702] Processed net completion_receipt. Optimizations did not improve timing on the net.
INFO: [Physopt 32-663] Processed net p_1_in44_in[0].  Re-placed instance registered_scheduling.engine_metadata_reg[48]
INFO: [Physopt 32-735] Processed net p_1_in44_in[0]. Optimization improves timing on the net.
INFO: [Physopt 32-619] Estimated Timing Summary | WNS=-1.193 | TNS=-336.137 |
INFO: [Physopt 32-608] Optimized 1 net.  Swapped 23 pins.
INFO: [Physopt 32-735] Processed net joiner/kernel_rom/balanced_block_identity.comparisons[0].group_equal[0]. Optimization improves timing on the net.
INFO: [Physopt 32-619] Estimated Timing Summary | WNS=-1.193 | TNS=-335.677 |
INFO: [Common 17-14] Message 'Physopt 32-619' appears 100 times and further instances of the messages will be disabled. Use the Tcl command set_msg_config to change the current settings.
INFO: [Physopt 32-702] Processed net product/output_block_start_index_reg[63]_0[0]. Optimizations did not improve timing on the net.
INFO: [Physopt 32-608] Optimized 1 net.  Swapped 22 pins.
INFO: [Physopt 32-735] Processed net input_guard/registered_scheduling.held_phase_reg. Optimization improves timing on the net.
INFO: [Physopt 32-702] Processed net joiner/kernel_rom/expected_bin_index[8]_i_11_n_0. Optimizations did not improve timing on the net.
INFO: [Physopt 32-608] Optimized 1 net.  Swapped 17 pins.
INFO: [Physopt 32-735] Processed net joiner/kernel_rom/expected_bin_index[8]_i_12_n_0. Optimization improves timing on the net.
INFO: [Physopt 32-663] Processed net joiner/kernel_rom/private_block_metadata_read_ahead.retained_metadata[3]_i_1_n_0.  Re-placed instance joiner/kernel_rom/private_block_metadata_read_ahead.retained_metadata[3]_i_1
INFO: [Physopt 32-735] Processed net joiner/kernel_rom/private_block_metadata_read_ahead.retained_metadata[3]_i_1_n_0. Optimization improves timing on the net.
INFO: [Physopt 32-663] Processed net product/round_and_saturate2_carry_i_2_n_0.  Re-placed instance product/round_and_saturate2_carry_i_2
INFO: [Physopt 32-735] Processed net product/round_and_saturate2_carry_i_2_n_0. Optimization improves timing on the net.
INFO: [Physopt 32-702] Processed net product/round_and_saturate2_carry_i_4_n_0. Optimizations did not improve timing on the net.
INFO: [Physopt 32-608] Optimized 1 net.  Swapped 23 pins.
INFO: [Physopt 32-735] Processed net product/output_overflow_i_1_n_0. Optimization improves timing on the net.
INFO: [Common 17-14] Message 'Physopt 32-735' appears 100 times and further instances of the messages will be disabled. Use the Tcl command set_msg_config to change the current settings.
INFO: [Physopt 32-608] Optimized 1 net.  Swapped 12 pins.
INFO: [Physopt 32-663] Processed net result_guard/in0[2].  Re-placed instance result_guard/balanced_block_identity.comparisons[0].leaf_equal_inferred_i_13_comp
INFO: [Physopt 32-663] Processed net registered_scheduling.engine_metadata_reg_n_0_[2].  Re-placed instance registered_scheduling.engine_metadata_reg[2]
INFO: [Physopt 32-134] Processed net input_guard/certified_input_beat. Rewiring did not optimize the net.
INFO: [Physopt 32-81] Processed net input_guard/certified_input_beat. Replicated 1 times.
INFO: [Physopt 32-702] Processed net output_bank/request_sync[0]. Optimizations did not improve timing on the net.
INFO: [Physopt 32-663] Processed net output_bank/request_toggle_reg_n_0.  Re-placed instance output_bank/request_toggle_reg
INFO: [Physopt 32-663] Processed net output_bank/output_metadata[11].  Re-placed instance output_bank/metadata_out_hold_reg[11]
INFO: [Physopt 32-663] Processed net output_bank/output_metadata[22].  Re-placed instance output_bank/metadata_out_hold_reg[22]
INFO: [Physopt 32-663] Processed net output_bank/output_metadata[5].  Re-placed instance output_bank/metadata_out_hold_reg[5]
INFO: [Physopt 32-663] Processed net output_bank/output_metadata[41].  Re-placed instance output_bank/metadata_out_hold_reg[41]
INFO: [Physopt 32-663] Processed net output_bank/output_metadata[62].  Re-placed instance output_bank/metadata_out_hold_reg[62]
INFO: [Physopt 32-663] Processed net output_bank/output_metadata[9].  Re-placed instance output_bank/metadata_out_hold_reg[9]
INFO: [Physopt 32-663] Processed net output_bank/output_metadata[48].  Re-placed instance output_bank/metadata_out_hold_reg[48]
INFO: [Physopt 32-702] Processed net output_bank/request_toggle_reg_n_0. Optimizations did not improve timing on the net.
INFO: [Physopt 32-702] Processed net distributed_fast_fault.cause_sticky__0[4]. Optimizations did not improve timing on the net.
INFO: [Physopt 32-702] Processed net result_guard/commit_pulse_i_4_n_0. Optimizations did not improve timing on the net.
INFO: [Physopt 32-702] Processed net input_guard/job_started_reg_1. Optimizations did not improve timing on the net.
INFO: [Physopt 32-702] Processed net input_guard/job_started_reg_0. Optimizations did not improve timing on the net.
INFO: [Physopt 32-663] Processed net result_guard/input_job_start.  Re-placed instance result_guard/job_started_i_1
INFO: [Physopt 32-663] Processed net output_bank/output_metadata[34].  Re-placed instance output_bank/metadata_out_hold_reg[34]
INFO: [Physopt 32-663] Processed net output_bank/output_metadata[47].  Re-placed instance output_bank/metadata_out_hold_reg[47]
INFO: [Physopt 32-663] Processed net output_bank/output_metadata[74].  Re-placed instance output_bank/metadata_out_hold_reg[74]
INFO: [Physopt 32-702] Processed net product/output_block_start_index_reg[63]_0[0]. Optimizations did not improve timing on the net.
INFO: [Physopt 32-702] Processed net product_bank/output_last_reg. Optimizations did not improve timing on the net.
INFO: [Physopt 32-608] Optimized 1 net.  Swapped 18 pins.
INFO: [Physopt 32-663] Processed net output_bank/output_metadata[60].  Re-placed instance output_bank/metadata_out_hold_reg[60]
INFO: [Physopt 32-663] Processed net output_bank/output_metadata[26].  Re-placed instance output_bank/metadata_out_hold_reg[26]
INFO: [Physopt 32-702] Processed net result_guard/input_job_start. Optimizations did not improve timing on the net.
INFO: [Physopt 32-608] Optimized 1 net.  Swapped 23 pins.
INFO: [Physopt 32-702] Processed net registered_scheduling.engine_input_reserved_reg_n_0. Optimizations did not improve timing on the net.
INFO: [Physopt 32-702] Processed net held_phase_repN_4. Optimizations did not improve timing on the net.
INFO: [Physopt 32-608] Optimized 1 net.  Swapped 10 pins.
INFO: [Physopt 32-702] Processed net product_bank/product_bank_framing_fault_now. Optimizations did not improve timing on the net.
INFO: [Physopt 32-702] Processed net product_bank/request_toggle_i_4_n_0. Optimizations did not improve timing on the net.
INFO: [Physopt 32-702] Processed net product_bank/balanced_metadata.group_equal[0]. Optimizations did not improve timing on the net.
INFO: [Physopt 32-702] Processed net product_bank/balanced_metadata.leaf_equal[0]. Optimizations did not improve timing on the net.
INFO: [Physopt 32-663] Processed net output_bank/request_toggle_i_1__0_n_0.  Re-placed instance output_bank/request_toggle_i_1__0_comp
INFO: [Physopt 32-702] Processed net completion_receipt. Optimizations did not improve timing on the net.
INFO: [Physopt 32-663] Processed net registered_scheduling.expected_product_metadata_reg_n_0_[2].  Re-placed instance registered_scheduling.expected_product_metadata_reg[2]
INFO: [Physopt 32-663] Processed net p_1_in14_in[1].  Re-placed instance registered_scheduling.engine_metadata_reg[19]
INFO: [Physopt 32-663] Processed net p_1_in26_in[0].  Re-placed instance registered_scheduling.engine_metadata_reg[30]
INFO: [Physopt 32-702] Processed net admission_receipt. Optimizations did not improve timing on the net.
INFO: [Physopt 32-608] Optimized 1 net.  Swapped 22 pins.
INFO: [Physopt 32-702] Processed net joiner/kernel_rom/expected_bin_index[1]. Optimizations did not improve timing on the net.
INFO: [Physopt 32-702] Processed net joiner/kernel_rom/private_block_metadata_read_ahead.metadata_selected. Optimizations did not improve timing on the net.
INFO: [Physopt 32-702] Processed net joiner/kernel_rom/expected_bin_index[8]_i_3_n_0. Optimizations did not improve timing on the net.
INFO: [Physopt 32-702] Processed net joiner/kernel_rom/expected_bin_index[8]_i_7_n_0. Optimizations did not improve timing on the net.
INFO: [Physopt 32-702] Processed net joiner/kernel_rom/balanced_block_identity.comparisons[0].group_equal[1]. Optimizations did not improve timing on the net.
INFO: [Physopt 32-702] Processed net result_guard/in0[3]. Optimizations did not improve timing on the net.
INFO: [Physopt 32-608] Optimized 1 net.  Swapped 15 pins.
INFO: [Physopt 32-702] Processed net joiner/kernel_rom/balanced_block_identity.comparisons[0].group_equal[0]. Optimizations did not improve timing on the net.
INFO: [Physopt 32-702] Processed net joiner/kernel_rom/balanced_block_identity.comparisons[0].leaf_equal[5]. Optimizations did not improve timing on the net.
INFO: [Physopt 32-608] Optimized 1 net.  Swapped 12 pins.
INFO: [Physopt 32-702] Processed net product_bank/metadata_in_hold_reg_n_0_[2]. Optimizations did not improve timing on the net.
INFO: [Physopt 32-702] Processed net input_guard/registered_scheduling.held_phase_reg. Optimizations did not improve timing on the net.
INFO: [Physopt 32-608] Optimized 1 net.  Swapped 24 pins.
INFO: [Physopt 32-702] Processed net joiner/kernel_rom/expected_bin_index[8]_i_11_n_0. Optimizations did not improve timing on the net.
INFO: [Physopt 32-702] Processed net joiner/kernel_rom/expected_bin_index[8]_i_12_n_0. Optimizations did not improve timing on the net.
INFO: [Physopt 32-663] Processed net joiner/kernel_rom/private_block_metadata_read_ahead.retained_metadata[1]_i_1_n_0.  Re-placed instance joiner/kernel_rom/private_block_metadata_read_ahead.retained_metadata[1]_i_1
INFO: [Physopt 32-663] Processed net joiner/kernel_rom/balanced_block_identity.comparisons[0].group_equal[2].  Re-placed instance joiner/kernel_rom/balanced_block_identity.comparisons[0].group_equal_orig0_inferred__1/i_
INFO: [Physopt 32-663] Processed net p_1_in14_in[0].  Re-placed instance registered_scheduling.engine_metadata_reg[18]
INFO: [Physopt 32-608] Optimized 1 net.  Swapped 18 pins.
INFO: [Physopt 32-702] Processed net joiner/kernel_rom/private_rom_read_ahead.speculative_word_reg__0[16]. Optimizations did not improve timing on the net.
INFO: [Physopt 32-663] Processed net joiner/kernel_rom/B[16].  Re-placed instance joiner/kernel_rom/product_ii_reg_i_3
INFO: [Physopt 32-702] Processed net result_guard/in0[2]. Optimizations did not improve timing on the net.
INFO: [Physopt 32-663] Processed net joiner/kernel_rom/D[6].  Re-placed instance joiner/kernel_rom/private_block_metadata_read_ahead.retained_metadata[32]_i_1
INFO: [Physopt 32-702] Processed net joiner/kernel_rom/balanced_block_identity.comparisons[0].group_equal[2]. Optimizations did not improve timing on the net.
INFO: [Physopt 32-702] Processed net joiner/kernel_rom/balanced_block_identity.comparisons[0].leaf_equal[12]. Optimizations did not improve timing on the net.
INFO: [Physopt 32-702] Processed net joiner/kernel_rom/p_0_in32_in[2]. Optimizations did not improve timing on the net.
INFO: [Physopt 32-702] Processed net joiner/kernel_rom/private_rom_read_ahead.use_speculative_0. Optimizations did not improve timing on the net.
Phase 4 Critical Path Optimization | Checksum: 1561b150c

Time (s): cpu = 00:00:12 ; elapsed = 00:00:09 . Memory (MB): peak = 2611.754 ; gain = 0.000 ; free physical = 23069 ; free virtual = 124424
Netlist sorting complete. Time (s): cpu = 00:00:00.01 ; elapsed = 00:00:00.01 . Memory (MB): peak = 2611.754 ; gain = 0.000 ; free physical = 23069 ; free virtual = 124424
INFO: [Physopt 32-603] Post Physical Optimization Timing Summary | WNS=-1.128 | TNS=-320.265 |

Summary of Physical Synthesis Optimizations
============================================


-------------------------------------------------------------------------------------------------------------------------------------------------------------
|  Optimization   |  WNS Gain (ns)  |  TNS Gain (ns)  |  Added Cells  |  Removed Cells  |  Optimized Cells/Nets  |  Dont Touch  |  Iterations  |  Elapsed   |
-------------------------------------------------------------------------------------------------------------------------------------------------------------
|  DSP Register   |          0.000  |          0.000  |            0  |              0  |                     0  |           0  |           1  |  00:00:00  |
|  Critical Path  |          0.503  |        145.430  |           13  |              0  |                   135  |           0  |           2  |  00:00:09  |
|  Total          |          0.503  |        145.430  |           13  |              0  |                   135  |           0  |           3  |  00:00:09  |
-------------------------------------------------------------------------------------------------------------------------------------------------------------


Netlist sorting complete. Time (s): cpu = 00:00:00 ; elapsed = 00:00:00 . Memory (MB): peak = 2611.754 ; gain = 0.000 ; free physical = 23069 ; free virtual = 124424
Ending Physical Synthesis Task | Checksum: 19694cde3

Time (s): cpu = 00:00:12 ; elapsed = 00:00:09 . Memory (MB): peak = 2611.754 ; gain = 0.000 ; free physical = 23069 ; free virtual = 124424
INFO: [Common 17-83] Releasing license: Implementation
481 Infos, 2 Warnings, 0 Critical Warnings and 0 Errors encountered.
phys_opt_design completed successfully
phys_opt_design: Time (s): cpu = 00:00:13 ; elapsed = 00:00:09 . Memory (MB): peak = 2611.754 ; gain = 0.000 ; free physical = 23071 ; free virtual = 124426
INFO: [Common 17-600] The following parameters have non-default value.
general.maxThreads
# route_design
Command: route_design
Attempting to get a license for feature 'Implementation' and/or device 'xc7z010'
INFO: [Common 17-349] Got license for feature 'Implementation' and/or device 'xc7z010'
INFO: [DRC 23-27] Running DRC with 2 threads
INFO: [Vivado_Tcl 4-198] DRC finished with 0 Errors
INFO: [Vivado_Tcl 4-199] Please refer to the DRC report (report_drc) for more information.
Running DRC as a precondition to command route_design
INFO: [DRC 23-27] Running DRC with 2 threads
INFO: [Vivado_Tcl 4-198] DRC finished with 0 Errors
INFO: [Vivado_Tcl 4-199] Please refer to the DRC report (report_drc) for more information.


Starting Routing Task
INFO: [Route 35-254] Multithreading enabled for route_design using a maximum of 2 CPUs

Phase 1 Build RT Design
Checksum: PlaceDB: e682d87 ConstDB: 0 ShapeSum: c141f940 RouteDB: 0
WARNING: [Route 35-197] Clock port "fft_clk" does not have an associated HD.CLK_SRC. Without this constraint, timing analysis may not be accurate and upstream checks cannot be done to ensure correct clock placement.
WARNING: [Route 35-197] Clock port "clk" does not have an associated HD.CLK_SRC. Without this constraint, timing analysis may not be accurate and upstream checks cannot be done to ensure correct clock placement.
WARNING: [Route 35-198] Port "input_data[15]" does not have an associated HD.PARTPIN_LOCS, which will prevent the partial routing of the signal "input_data[15]". Without this partial route, timing analysis to/from this port will not be accurate, and no routing information for this port can be exported.
WARNING: [Route 35-198] Port "input_data[14]" does not have an associated HD.PARTPIN_LOCS, which will prevent the partial routing of the signal "input_data[14]". Without this partial route, timing analysis to/from this port will not be accurate, and no routing information for this port can be exported.
WARNING: [Route 35-198] Port "input_data[13]" does not have an associated HD.PARTPIN_LOCS, which will prevent the partial routing of the signal "input_data[13]". Without this partial route, timing analysis to/from this port will not be accurate, and no routing information for this port can be exported.
WARNING: [Route 35-198] Port "input_data[12]" does not have an associated HD.PARTPIN_LOCS, which will prevent the partial routing of the signal "input_data[12]". Without this partial route, timing analysis to/from this port will not be accurate, and no routing information for this port can be exported.
WARNING: [Route 35-198] Port "input_data[11]" does not have an associated HD.PARTPIN_LOCS, which will prevent the partial routing of the signal "input_data[11]". Without this partial route, timing analysis to/from this port will not be accurate, and no routing information for this port can be exported.
WARNING: [Route 35-198] Port "input_data[10]" does not have an associated HD.PARTPIN_LOCS, which will prevent the partial routing of the signal "input_data[10]". Without this partial route, timing analysis to/from this port will not be accurate, and no routing information for this port can be exported.
WARNING: [Route 35-198] Port "input_data[9]" does not have an associated HD.PARTPIN_LOCS, which will prevent the partial routing of the signal "input_data[9]". Without this partial route, timing analysis to/from this port will not be accurate, and no routing information for this port can be exported.
WARNING: [Route 35-198] Port "input_data[8]" does not have an associated HD.PARTPIN_LOCS, which will prevent the partial routing of the signal "input_data[8]". Without this partial route, timing analysis to/from this port will not be accurate, and no routing information for this port can be exported.
WARNING: [Route 35-198] Port "input_data[7]" does not have an associated HD.PARTPIN_LOCS, which will prevent the partial routing of the signal "input_data[7]". Without this partial route, timing analysis to/from this port will not be accurate, and no routing information for this port can be exported.
WARNING: [Route 35-198] Port "input_data[6]" does not have an associated HD.PARTPIN_LOCS, which will prevent the partial routing of the signal "input_data[6]". Without this partial route, timing analysis to/from this port will not be accurate, and no routing information for this port can be exported.
WARNING: [Route 35-198] Port "input_data[5]" does not have an associated HD.PARTPIN_LOCS, which will prevent the partial routing of the signal "input_data[5]". Without this partial route, timing analysis to/from this port will not be accurate, and no routing information for this port can be exported.
WARNING: [Route 35-198] Port "input_data[4]" does not have an associated HD.PARTPIN_LOCS, which will prevent the partial routing of the signal "input_data[4]". Without this partial route, timing analysis to/from this port will not be accurate, and no routing information for this port can be exported.
WARNING: [Route 35-198] Port "input_data[3]" does not have an associated HD.PARTPIN_LOCS, which will prevent the partial routing of the signal "input_data[3]". Without this partial route, timing analysis to/from this port will not be accurate, and no routing information for this port can be exported.
WARNING: [Route 35-198] Port "input_data[2]" does not have an associated HD.PARTPIN_LOCS, which will prevent the partial routing of the signal "input_data[2]". Without this partial route, timing analysis to/from this port will not be accurate, and no routing information for this port can be exported.
WARNING: [Route 35-198] Port "input_data[1]" does not have an associated HD.PARTPIN_LOCS, which will prevent the partial routing of the signal "input_data[1]". Without this partial route, timing analysis to/from this port will not be accurate, and no routing information for this port can be exported.
WARNING: [Route 35-198] Port "input_data[0]" does not have an associated HD.PARTPIN_LOCS, which will prevent the partial routing of the signal "input_data[0]". Without this partial route, timing analysis to/from this port will not be accurate, and no routing information for this port can be exported.
WARNING: [Route 35-198] Port "input_data[31]" does not have an associated HD.PARTPIN_LOCS, which will prevent the partial routing of the signal "input_data[31]". Without this partial route, timing analysis to/from this port will not be accurate, and no routing information for this port can be exported.
WARNING: [Route 35-198] Port "input_data[30]" does not have an associated HD.PARTPIN_LOCS, which will prevent the partial routing of the signal "input_data[30]". Without this partial route, timing analysis to/from this port will not be accurate, and no routing information for this port can be exported.
WARNING: [Route 35-198] Port "input_data[29]" does not have an associated HD.PARTPIN_LOCS, which will prevent the partial routing of the signal "input_data[29]". Without this partial route, timing analysis to/from this port will not be accurate, and no routing information for this port can be exported.
WARNING: [Route 35-198] Port "input_data[28]" does not have an associated HD.PARTPIN_LOCS, which will prevent the partial routing of the signal "input_data[28]". Without this partial route, timing analysis to/from this port will not be accurate, and no routing information for this port can be exported.
WARNING: [Route 35-198] Port "input_data[27]" does not have an associated HD.PARTPIN_LOCS, which will prevent the partial routing of the signal "input_data[27]". Without this partial route, timing analysis to/from this port will not be accurate, and no routing information for this port can be exported.
WARNING: [Route 35-198] Port "input_data[26]" does not have an associated HD.PARTPIN_LOCS, which will prevent the partial routing of the signal "input_data[26]". Without this partial route, timing analysis to/from this port will not be accurate, and no routing information for this port can be exported.
WARNING: [Route 35-198] Port "input_data[25]" does not have an associated HD.PARTPIN_LOCS, which will prevent the partial routing of the signal "input_data[25]". Without this partial route, timing analysis to/from this port will not be accurate, and no routing information for this port can be exported.
WARNING: [Route 35-198] Port "input_data[24]" does not have an associated HD.PARTPIN_LOCS, which will prevent the partial routing of the signal "input_data[24]". Without this partial route, timing analysis to/from this port will not be accurate, and no routing information for this port can be exported.
WARNING: [Route 35-198] Port "input_data[23]" does not have an associated HD.PARTPIN_LOCS, which will prevent the partial routing of the signal "input_data[23]". Without this partial route, timing analysis to/from this port will not be accurate, and no routing information for this port can be exported.
WARNING: [Route 35-198] Port "input_data[22]" does not have an associated HD.PARTPIN_LOCS, which will prevent the partial routing of the signal "input_data[22]". Without this partial route, timing analysis to/from this port will not be accurate, and no routing information for this port can be exported.
WARNING: [Route 35-198] Port "input_data[21]" does not have an associated HD.PARTPIN_LOCS, which will prevent the partial routing of the signal "input_data[21]". Without this partial route, timing analysis to/from this port will not be accurate, and no routing information for this port can be exported.
WARNING: [Route 35-198] Port "input_data[20]" does not have an associated HD.PARTPIN_LOCS, which will prevent the partial routing of the signal "input_data[20]". Without this partial route, timing analysis to/from this port will not be accurate, and no routing information for this port can be exported.
WARNING: [Route 35-198] Port "input_data[19]" does not have an associated HD.PARTPIN_LOCS, which will prevent the partial routing of the signal "input_data[19]". Without this partial route, timing analysis to/from this port will not be accurate, and no routing information for this port can be exported.
WARNING: [Route 35-198] Port "input_data[18]" does not have an associated HD.PARTPIN_LOCS, which will prevent the partial routing of the signal "input_data[18]". Without this partial route, timing analysis to/from this port will not be accurate, and no routing information for this port can be exported.
WARNING: [Route 35-198] Port "input_data[17]" does not have an associated HD.PARTPIN_LOCS, which will prevent the partial routing of the signal "input_data[17]". Without this partial route, timing analysis to/from this port will not be accurate, and no routing information for this port can be exported.
WARNING: [Route 35-198] Port "input_data[16]" does not have an associated HD.PARTPIN_LOCS, which will prevent the partial routing of the signal "input_data[16]". Without this partial route, timing analysis to/from this port will not be accurate, and no routing information for this port can be exported.
WARNING: [Route 35-198] Port "input_data[33]" does not have an associated HD.PARTPIN_LOCS, which will prevent the partial routing of the signal "input_data[33]". Without this partial route, timing analysis to/from this port will not be accurate, and no routing information for this port can be exported.
WARNING: [Route 35-198] Port "input_data[32]" does not have an associated HD.PARTPIN_LOCS, which will prevent the partial routing of the signal "input_data[32]". Without this partial route, timing analysis to/from this port will not be accurate, and no routing information for this port can be exported.
WARNING: [Route 35-198] Port "input_data[35]" does not have an associated HD.PARTPIN_LOCS, which will prevent the partial routing of the signal "input_data[35]". Without this partial route, timing analysis to/from this port will not be accurate, and no routing information for this port can be exported.
WARNING: [Route 35-198] Port "input_data[34]" does not have an associated HD.PARTPIN_LOCS, which will prevent the partial routing of the signal "input_data[34]". Without this partial route, timing analysis to/from this port will not be accurate, and no routing information for this port can be exported.
WARNING: [Route 35-198] Port "input_position[2]" does not have an associated HD.PARTPIN_LOCS, which will prevent the partial routing of the signal "input_position[2]". Without this partial route, timing analysis to/from this port will not be accurate, and no routing information for this port can be exported.
WARNING: [Route 35-198] Port "input_position[3]" does not have an associated HD.PARTPIN_LOCS, which will prevent the partial routing of the signal "input_position[3]". Without this partial route, timing analysis to/from this port will not be accurate, and no routing information for this port can be exported.
WARNING: [Route 35-198] Port "input_position[0]" does not have an associated HD.PARTPIN_LOCS, which will prevent the partial routing of the signal "input_position[0]". Without this partial route, timing analysis to/from this port will not be accurate, and no routing information for this port can be exported.
WARNING: [Route 35-198] Port "input_position[1]" does not have an associated HD.PARTPIN_LOCS, which will prevent the partial routing of the signal "input_position[1]". Without this partial route, timing analysis to/from this port will not be accurate, and no routing information for this port can be exported.
WARNING: [Route 35-198] Port "input_position[4]" does not have an associated HD.PARTPIN_LOCS, which will prevent the partial routing of the signal "input_position[4]". Without this partial route, timing analysis to/from this port will not be accurate, and no routing information for this port can be exported.
WARNING: [Route 35-198] Port "input_position[5]" does not have an associated HD.PARTPIN_LOCS, which will prevent the partial routing of the signal "input_position[5]". Without this partial route, timing analysis to/from this port will not be accurate, and no routing information for this port can be exported.
WARNING: [Route 35-198] Port "input_position[6]" does not have an associated HD.PARTPIN_LOCS, which will prevent the partial routing of the signal "input_position[6]". Without this partial route, timing analysis to/from this port will not be accurate, and no routing information for this port can be exported.
WARNING: [Route 35-198] Port "input_position[7]" does not have an associated HD.PARTPIN_LOCS, which will prevent the partial routing of the signal "input_position[7]". Without this partial route, timing analysis to/from this port will not be accurate, and no routing information for this port can be exported.
WARNING: [Route 35-198] Port "input_last" does not have an associated HD.PARTPIN_LOCS, which will prevent the partial routing of the signal "input_last". Without this partial route, timing analysis to/from this port will not be accurate, and no routing information for this port can be exported.
WARNING: [Route 35-198] Port "input_position[8]" does not have an associated HD.PARTPIN_LOCS, which will prevent the partial routing of the signal "input_position[8]". Without this partial route, timing analysis to/from this port will not be accurate, and no routing information for this port can be exported.
WARNING: [Route 35-198] Port "resetn" does not have an associated HD.PARTPIN_LOCS, which will prevent the partial routing of the signal "resetn". Without this partial route, timing analysis to/from this port will not be accurate, and no routing information for this port can be exported.
WARNING: [Route 35-198] Port "input_block_start[15]" does not have an associated HD.PARTPIN_LOCS, which will prevent the partial routing of the signal "input_block_start[15]". Without this partial route, timing analysis to/from this port will not be accurate, and no routing information for this port can be exported.
WARNING: [Route 35-198] Port "input_block_start[17]" does not have an associated HD.PARTPIN_LOCS, which will prevent the partial routing of the signal "input_block_start[17]". Without this partial route, timing analysis to/from this port will not be accurate, and no routing information for this port can be exported.
WARNING: [Route 35-198] Port "input_block_start[30]" does not have an associated HD.PARTPIN_LOCS, which will prevent the partial routing of the signal "input_block_start[30]". Without this partial route, timing analysis to/from this port will not be accurate, and no routing information for this port can be exported.
WARNING: [Route 35-198] Port "input_block_start[37]" does not have an associated HD.PARTPIN_LOCS, which will prevent the partial routing of the signal "input_block_start[37]". Without this partial route, timing analysis to/from this port will not be accurate, and no routing information for this port can be exported.
WARNING: [Route 35-198] Port "input_block_start[39]" does not have an associated HD.PARTPIN_LOCS, which will prevent the partial routing of the signal "input_block_start[39]". Without this partial route, timing analysis to/from this port will not be accurate, and no routing information for this port can be exported.
WARNING: [Route 35-198] Port "input_block_start[5]" does not have an associated HD.PARTPIN_LOCS, which will prevent the partial routing of the signal "input_block_start[5]". Without this partial route, timing analysis to/from this port will not be accurate, and no routing information for this port can be exported.
WARNING: [Route 35-198] Port "input_block_start[6]" does not have an associated HD.PARTPIN_LOCS, which will prevent the partial routing of the signal "input_block_start[6]". Without this partial route, timing analysis to/from this port will not be accurate, and no routing information for this port can be exported.
WARNING: [Route 35-198] Port "input_block_start[11]" does not have an associated HD.PARTPIN_LOCS, which will prevent the partial routing of the signal "input_block_start[11]". Without this partial route, timing analysis to/from this port will not be accurate, and no routing information for this port can be exported.
WARNING: [Route 35-198] Port "input_block_start[12]" does not have an associated HD.PARTPIN_LOCS, which will prevent the partial routing of the signal "input_block_start[12]". Without this partial route, timing analysis to/from this port will not be accurate, and no routing information for this port can be exported.
WARNING: [Route 35-198] Port "input_block_start[0]" does not have an associated HD.PARTPIN_LOCS, which will prevent the partial routing of the signal "input_block_start[0]". Without this partial route, timing analysis to/from this port will not be accurate, and no routing information for this port can be exported.
WARNING: [Route 35-198] Port "input_block_start[1]" does not have an associated HD.PARTPIN_LOCS, which will prevent the partial routing of the signal "input_block_start[1]". Without this partial route, timing analysis to/from this port will not be accurate, and no routing information for this port can be exported.
WARNING: [Route 35-198] Port "input_block_start[4]" does not have an associated HD.PARTPIN_LOCS, which will prevent the partial routing of the signal "input_block_start[4]". Without this partial route, timing analysis to/from this port will not be accurate, and no routing information for this port can be exported.
WARNING: [Route 35-198] Port "input_block_start[16]" does not have an associated HD.PARTPIN_LOCS, which will prevent the partial routing of the signal "input_block_start[16]". Without this partial route, timing analysis to/from this port will not be accurate, and no routing information for this port can be exported.
WARNING: [Route 35-198] Port "input_block_start[31]" does not have an associated HD.PARTPIN_LOCS, which will prevent the partial routing of the signal "input_block_start[31]". Without this partial route, timing analysis to/from this port will not be accurate, and no routing information for this port can be exported.
WARNING: [Route 35-198] Port "input_block_start[40]" does not have an associated HD.PARTPIN_LOCS, which will prevent the partial routing of the signal "input_block_start[40]". Without this partial route, timing analysis to/from this port will not be accurate, and no routing information for this port can be exported.
WARNING: [Route 35-198] Port "input_block_start[41]" does not have an associated HD.PARTPIN_LOCS, which will prevent the partial routing of the signal "input_block_start[41]". Without this partial route, timing analysis to/from this port will not be accurate, and no routing information for this port can be exported.
WARNING: [Route 35-198] Port "input_block_start[7]" does not have an associated HD.PARTPIN_LOCS, which will prevent the partial routing of the signal "input_block_start[7]". Without this partial route, timing analysis to/from this port will not be accurate, and no routing information for this port can be exported.
WARNING: [Route 35-198] Port "input_block_start[9]" does not have an associated HD.PARTPIN_LOCS, which will prevent the partial routing of the signal "input_block_start[9]". Without this partial route, timing analysis to/from this port will not be accurate, and no routing information for this port can be exported.
WARNING: [Route 35-198] Port "input_block_start[14]" does not have an associated HD.PARTPIN_LOCS, which will prevent the partial routing of the signal "input_block_start[14]". Without this partial route, timing analysis to/from this port will not be accurate, and no routing information for this port can be exported.
WARNING: [Route 35-198] Port "input_block_start[24]" does not have an associated HD.PARTPIN_LOCS, which will prevent the partial routing of the signal "input_block_start[24]". Without this partial route, timing analysis to/from this port will not be accurate, and no routing information for this port can be exported.
WARNING: [Route 35-198] Port "input_block_start[2]" does not have an associated HD.PARTPIN_LOCS, which will prevent the partial routing of the signal "input_block_start[2]". Without this partial route, timing analysis to/from this port will not be accurate, and no routing information for this port can be exported.
WARNING: [Route 35-198] Port "input_block_start[3]" does not have an associated HD.PARTPIN_LOCS, which will prevent the partial routing of the signal "input_block_start[3]". Without this partial route, timing analysis to/from this port will not be accurate, and no routing information for this port can be exported.
WARNING: [Route 35-198] Port "input_block_start[18]" does not have an associated HD.PARTPIN_LOCS, which will prevent the partial routing of the signal "input_block_start[18]". Without this partial route, timing analysis to/from this port will not be accurate, and no routing information for this port can be exported.
WARNING: [Route 35-198] Port "input_block_start[20]" does not have an associated HD.PARTPIN_LOCS, which will prevent the partial routing of the signal "input_block_start[20]". Without this partial route, timing analysis to/from this port will not be accurate, and no routing information for this port can be exported.
WARNING: [Route 35-198] Port "input_block_start[25]" does not have an associated HD.PARTPIN_LOCS, which will prevent the partial routing of the signal "input_block_start[25]". Without this partial route, timing analysis to/from this port will not be accurate, and no routing information for this port can be exported.
WARNING: [Route 35-198] Port "input_block_start[26]" does not have an associated HD.PARTPIN_LOCS, which will prevent the partial routing of the signal "input_block_start[26]". Without this partial route, timing analysis to/from this port will not be accurate, and no routing information for this port can be exported.
WARNING: [Route 35-198] Port "input_block_start[28]" does not have an associated HD.PARTPIN_LOCS, which will prevent the partial routing of the signal "input_block_start[28]". Without this partial route, timing analysis to/from this port will not be accurate, and no routing information for this port can be exported.
WARNING: [Route 35-198] Port "input_block_start[38]" does not have an associated HD.PARTPIN_LOCS, which will prevent the partial routing of the signal "input_block_start[38]". Without this partial route, timing analysis to/from this port will not be accurate, and no routing information for this port can be exported.
WARNING: [Route 35-198] Port "input_block_start[47]" does not have an associated HD.PARTPIN_LOCS, which will prevent the partial routing of the signal "input_block_start[47]". Without this partial route, timing analysis to/from this port will not be accurate, and no routing information for this port can be exported.
WARNING: [Route 35-198] Port "input_block_start[57]" does not have an associated HD.PARTPIN_LOCS, which will prevent the partial routing of the signal "input_block_start[57]". Without this partial route, timing analysis to/from this port will not be accurate, and no routing information for this port can be exported.
WARNING: [Route 35-198] Port "input_block_start[29]" does not have an associated HD.PARTPIN_LOCS, which will prevent the partial routing of the signal "input_block_start[29]". Without this partial route, timing analysis to/from this port will not be accurate, and no routing information for this port can be exported.
WARNING: [Route 35-198] Port "input_block_start[33]" does not have an associated HD.PARTPIN_LOCS, which will prevent the partial routing of the signal "input_block_start[33]". Without this partial route, timing analysis to/from this port will not be accurate, and no routing information for this port can be exported.
WARNING: [Route 35-198] Port "input_block_start[42]" does not have an associated HD.PARTPIN_LOCS, which will prevent the partial routing of the signal "input_block_start[42]". Without this partial route, timing analysis to/from this port will not be accurate, and no routing information for this port can be exported.
WARNING: [Route 35-198] Port "input_block_start[43]" does not have an associated HD.PARTPIN_LOCS, which will prevent the partial routing of the signal "input_block_start[43]". Without this partial route, timing analysis to/from this port will not be accurate, and no routing information for this port can be exported.
WARNING: [Route 35-198] Port "input_block_start[49]" does not have an associated HD.PARTPIN_LOCS, which will prevent the partial routing of the signal "input_block_start[49]". Without this partial route, timing analysis to/from this port will not be accurate, and no routing information for this port can be exported.
WARNING: [Route 35-198] Port "input_block_start[32]" does not have an associated HD.PARTPIN_LOCS, which will prevent the partial routing of the signal "input_block_start[32]". Without this partial route, timing analysis to/from this port will not be accurate, and no routing information for this port can be exported.
WARNING: [Route 35-198] Port "input_block_start[34]" does not have an associated HD.PARTPIN_LOCS, which will prevent the partial routing of the signal "input_block_start[34]". Without this partial route, timing analysis to/from this port will not be accurate, and no routing information for this port can be exported.
WARNING: [Route 35-198] Port "input_block_start[46]" does not have an associated HD.PARTPIN_LOCS, which will prevent the partial routing of the signal "input_block_start[46]". Without this partial route, timing analysis to/from this port will not be accurate, and no routing information for this port can be exported.
WARNING: [Route 35-198] Port "input_block_start[48]" does not have an associated HD.PARTPIN_LOCS, which will prevent the partial routing of the signal "input_block_start[48]". Without this partial route, timing analysis to/from this port will not be accurate, and no routing information for this port can be exported.
WARNING: [Route 35-198] Port "input_block_start[52]" does not have an associated HD.PARTPIN_LOCS, which will prevent the partial routing of the signal "input_block_start[52]". Without this partial route, timing analysis to/from this port will not be accurate, and no routing information for this port can be exported.
WARNING: [Route 35-198] Port "input_block_start[51]" does not have an associated HD.PARTPIN_LOCS, which will prevent the partial routing of the signal "input_block_start[51]". Without this partial route, timing analysis to/from this port will not be accurate, and no routing information for this port can be exported.
WARNING: [Route 35-198] Port "input_block_start[54]" does not have an associated HD.PARTPIN_LOCS, which will prevent the partial routing of the signal "input_block_start[54]". Without this partial route, timing analysis to/from this port will not be accurate, and no routing information for this port can be exported.
WARNING: [Route 35-198] Port "input_block_start[60]" does not have an associated HD.PARTPIN_LOCS, which will prevent the partial routing of the signal "input_block_start[60]". Without this partial route, timing analysis to/from this port will not be accurate, and no routing information for this port can be exported.
WARNING: [Route 35-198] Port "input_block_start[61]" does not have an associated HD.PARTPIN_LOCS, which will prevent the partial routing of the signal "input_block_start[61]". Without this partial route, timing analysis to/from this port will not be accurate, and no routing information for this port can be exported.
WARNING: [Route 35-198] Port "output_ready" does not have an associated HD.PARTPIN_LOCS, which will prevent the partial routing of the signal "output_ready". Without this partial route, timing analysis to/from this port will not be accurate, and no routing information for this port can be exported.
WARNING: [Route 35-198] Port "fft_resetn" does not have an associated HD.PARTPIN_LOCS, which will prevent the partial routing of the signal "fft_resetn". Without this partial route, timing analysis to/from this port will not be accurate, and no routing information for this port can be exported.
WARNING: [Route 35-198] Port "input_block_start[10]" does not have an associated HD.PARTPIN_LOCS, which will prevent the partial routing of the signal "input_block_start[10]". Without this partial route, timing analysis to/from this port will not be accurate, and no routing information for this port can be exported.
WARNING: [Route 35-198] Port "input_block_start[8]" does not have an associated HD.PARTPIN_LOCS, which will prevent the partial routing of the signal "input_block_start[8]". Without this partial route, timing analysis to/from this port will not be accurate, and no routing information for this port can be exported.
WARNING: [Route 35-198] Port "input_block_start[22]" does not have an associated HD.PARTPIN_LOCS, which will prevent the partial routing of the signal "input_block_start[22]". Without this partial route, timing analysis to/from this port will not be accurate, and no routing information for this port can be exported.
WARNING: [Route 35-198] Port "input_block_start[23]" does not have an associated HD.PARTPIN_LOCS, which will prevent the partial routing of the signal "input_block_start[23]". Without this partial route, timing analysis to/from this port will not be accurate, and no routing information for this port can be exported.
WARNING: [Route 35-198] Port "input_block_start[19]" does not have an associated HD.PARTPIN_LOCS, which will prevent the partial routing of the signal "input_block_start[19]". Without this partial route, timing analysis to/from this port will not be accurate, and no routing information for this port can be exported.
WARNING: [Route 35-198] Port "input_block_start[21]" does not have an associated HD.PARTPIN_LOCS, which will prevent the partial routing of the signal "input_block_start[21]". Without this partial route, timing analysis to/from this port will not be accurate, and no routing information for this port can be exported.
WARNING: [Route 35-198] Port "input_block_start[13]" does not have an associated HD.PARTPIN_LOCS, which will prevent the partial routing of the signal "input_block_start[13]". Without this partial route, timing analysis to/from this port will not be accurate, and no routing information for this port can be exported.
INFO: [Common 17-14] Message 'Route 35-198' appears 100 times and further instances of the messages will be disabled. Use the Tcl command set_msg_config to change the current settings.
Post Restoration Checksum: NetGraph: e34dc797 NumContArr: 5a5d1c3c Constraints: 0 Timing: 0
Phase 1 Build RT Design | Checksum: 13daae3d3

Time (s): cpu = 00:00:04 ; elapsed = 00:00:03 . Memory (MB): peak = 2611.754 ; gain = 0.000 ; free physical = 22253 ; free virtual = 123608

Phase 2 Router Initialization

Phase 2.1 Fix Topology Constraints
Phase 2.1 Fix Topology Constraints | Checksum: 13daae3d3

Time (s): cpu = 00:00:04 ; elapsed = 00:00:03 . Memory (MB): peak = 2611.754 ; gain = 0.000 ; free physical = 22253 ; free virtual = 123608

Phase 2.2 Pre Route Cleanup
Phase 2.2 Pre Route Cleanup | Checksum: 13daae3d3

Time (s): cpu = 00:00:04 ; elapsed = 00:00:03 . Memory (MB): peak = 2611.754 ; gain = 0.000 ; free physical = 22253 ; free virtual = 123608
 Number of Nodes with overlaps = 0

Phase 2.3 Update Timing
Phase 2.3 Update Timing | Checksum: 25b2f7006

Time (s): cpu = 00:00:05 ; elapsed = 00:00:04 . Memory (MB): peak = 2611.754 ; gain = 0.000 ; free physical = 22262 ; free virtual = 123617
INFO: [Route 35-416] Intermediate Timing Summary | WNS=-1.115 | TNS=-263.798| WHS=0.061  | THS=0.000  |


Router Utilization Summary
  Global Vertical Routing Utilization    = 0 %
  Global Horizontal Routing Utilization  = 0 %
  Routable Net Status*
  *Does not include unroutable nets such as driverless and loadless.
  Run report_route_status for detailed report.
  Number of Failed Nets               = 6914
    (Failed Nets is the sum of unrouted and partially routed nets)
  Number of Unrouted Nets             = 6914
  Number of Partially Routed Nets     = 0
  Number of Node Overlaps             = 0

Phase 2 Router Initialization | Checksum: 1b894cc75

Time (s): cpu = 00:00:06 ; elapsed = 00:00:04 . Memory (MB): peak = 2611.754 ; gain = 0.000 ; free physical = 22277 ; free virtual = 123631

Phase 3 Initial Routing

Phase 3.1 Global Routing
Phase 3.1 Global Routing | Checksum: 1b894cc75

Time (s): cpu = 00:00:06 ; elapsed = 00:00:04 . Memory (MB): peak = 2611.754 ; gain = 0.000 ; free physical = 22277 ; free virtual = 123631
Phase 3 Initial Routing | Checksum: 1f354ef35

Time (s): cpu = 00:00:06 ; elapsed = 00:00:05 . Memory (MB): peak = 2611.754 ; gain = 0.000 ; free physical = 22277 ; free virtual = 123632

Phase 4 Rip-up And Reroute

Phase 4.1 Global Iteration 0
 Number of Nodes with overlaps = 1077
 Number of Nodes with overlaps = 403
 Number of Nodes with overlaps = 222
 Number of Nodes with overlaps = 129
 Number of Nodes with overlaps = 72
 Number of Nodes with overlaps = 21
 Number of Nodes with overlaps = 20
 Number of Nodes with overlaps = 11
 Number of Nodes with overlaps = 5
 Number of Nodes with overlaps = 1
 Number of Nodes with overlaps = 2
 Number of Nodes with overlaps = 1
 Number of Nodes with overlaps = 0
INFO: [Route 35-416] Intermediate Timing Summary | WNS=-1.595 | TNS=-457.066| WHS=N/A    | THS=N/A    |

Phase 4.1 Global Iteration 0 | Checksum: 191689dc7

Time (s): cpu = 00:00:13 ; elapsed = 00:00:10 . Memory (MB): peak = 2611.754 ; gain = 0.000 ; free physical = 22145 ; free virtual = 123500

Phase 4.2 Global Iteration 1
 Number of Nodes with overlaps = 21
 Number of Nodes with overlaps = 6
 Number of Nodes with overlaps = 3
 Number of Nodes with overlaps = 1
 Number of Nodes with overlaps = 0
INFO: [Route 35-416] Intermediate Timing Summary | WNS=-1.492 | TNS=-443.640| WHS=N/A    | THS=N/A    |

Phase 4.2 Global Iteration 1 | Checksum: 130d29591

Time (s): cpu = 00:00:13 ; elapsed = 00:00:10 . Memory (MB): peak = 2611.754 ; gain = 0.000 ; free physical = 22143 ; free virtual = 123498

Phase 4.3 Global Iteration 2
 Number of Nodes with overlaps = 20
 Number of Nodes with overlaps = 10
 Number of Nodes with overlaps = 6
 Number of Nodes with overlaps = 4
 Number of Nodes with overlaps = 4
 Number of Nodes with overlaps = 1
 Number of Nodes with overlaps = 1
 Number of Nodes with overlaps = 1
 Number of Nodes with overlaps = 1
 Number of Nodes with overlaps = 1
 Number of Nodes with overlaps = 0
INFO: [Route 35-416] Intermediate Timing Summary | WNS=-1.572 | TNS=-476.475| WHS=N/A    | THS=N/A    |

Phase 4.3 Global Iteration 2 | Checksum: 2768d89d5

Time (s): cpu = 00:00:14 ; elapsed = 00:00:11 . Memory (MB): peak = 2611.754 ; gain = 0.000 ; free physical = 22163 ; free virtual = 123518
Phase 4 Rip-up And Reroute | Checksum: 2768d89d5

Time (s): cpu = 00:00:14 ; elapsed = 00:00:11 . Memory (MB): peak = 2611.754 ; gain = 0.000 ; free physical = 22163 ; free virtual = 123518

Phase 5 Delay and Skew Optimization

Phase 5.1 Delay CleanUp

Phase 5.1.1 Update Timing
Phase 5.1.1 Update Timing | Checksum: 2768d89d5

Time (s): cpu = 00:00:14 ; elapsed = 00:00:11 . Memory (MB): peak = 2611.754 ; gain = 0.000 ; free physical = 22168 ; free virtual = 123524
INFO: [Route 35-416] Intermediate Timing Summary | WNS=-1.492 | TNS=-443.640| WHS=N/A    | THS=N/A    |

 Number of Nodes with overlaps = 0
Phase 5.1 Delay CleanUp | Checksum: 146bcba53

Time (s): cpu = 00:00:14 ; elapsed = 00:00:11 . Memory (MB): peak = 2611.754 ; gain = 0.000 ; free physical = 22160 ; free virtual = 123516

Phase 5.2 Clock Skew Optimization
Phase 5.2 Clock Skew Optimization | Checksum: 146bcba53

Time (s): cpu = 00:00:14 ; elapsed = 00:00:11 . Memory (MB): peak = 2611.754 ; gain = 0.000 ; free physical = 22160 ; free virtual = 123516
Phase 5 Delay and Skew Optimization | Checksum: 146bcba53

Time (s): cpu = 00:00:14 ; elapsed = 00:00:11 . Memory (MB): peak = 2611.754 ; gain = 0.000 ; free physical = 22160 ; free virtual = 123516

Phase 6 Post Hold Fix

Phase 6.1 Hold Fix Iter

Phase 6.1.1 Update Timing
Phase 6.1.1 Update Timing | Checksum: dbad60cd

Time (s): cpu = 00:00:14 ; elapsed = 00:00:11 . Memory (MB): peak = 2611.754 ; gain = 0.000 ; free physical = 22160 ; free virtual = 123516
INFO: [Route 35-416] Intermediate Timing Summary | WNS=-1.492 | TNS=-442.080| WHS=0.058  | THS=0.000  |

Phase 6.1 Hold Fix Iter | Checksum: dbad60cd

Time (s): cpu = 00:00:14 ; elapsed = 00:00:11 . Memory (MB): peak = 2611.754 ; gain = 0.000 ; free physical = 22160 ; free virtual = 123516
Phase 6 Post Hold Fix | Checksum: dbad60cd

Time (s): cpu = 00:00:14 ; elapsed = 00:00:11 . Memory (MB): peak = 2611.754 ; gain = 0.000 ; free physical = 22160 ; free virtual = 123516

Phase 7 Route finalize

Router Utilization Summary
  Global Vertical Routing Utilization    = 3.62979 %
  Global Horizontal Routing Utilization  = 5.03102 %
  Routable Net Status*
  *Does not include unroutable nets such as driverless and loadless.
  Run report_route_status for detailed report.
  Number of Failed Nets               = 0
    (Failed Nets is the sum of unrouted and partially routed nets)
  Number of Unrouted Nets             = 0
  Number of Partially Routed Nets     = 0
  Number of Node Overlaps             = 0

Congestion Report
North Dir 1x1 Area, Max Cong = 54.955%, No Congested Regions.
South Dir 1x1 Area, Max Cong = 59.4595%, No Congested Regions.
East Dir 1x1 Area, Max Cong = 64.7059%, No Congested Regions.
West Dir 1x1 Area, Max Cong = 69.1176%, No Congested Regions.

------------------------------
Reporting congestion hotspots
------------------------------
Direction: North
----------------
Congested clusters found at Level 0
Effective congestion level: 0 Aspect Ratio: 1 Sparse Ratio: 0
Direction: South
----------------
Congested clusters found at Level 0
Effective congestion level: 0 Aspect Ratio: 1 Sparse Ratio: 0
Direction: East
----------------
Congested clusters found at Level 0
Effective congestion level: 0 Aspect Ratio: 1 Sparse Ratio: 0
Direction: West
----------------
Congested clusters found at Level 0
Effective congestion level: 0 Aspect Ratio: 1 Sparse Ratio: 0

Phase 7 Route finalize | Checksum: 16642546c

Time (s): cpu = 00:00:14 ; elapsed = 00:00:11 . Memory (MB): peak = 2611.754 ; gain = 0.000 ; free physical = 22160 ; free virtual = 123516

Phase 8 Verifying routed nets

 Verification completed successfully
Phase 8 Verifying routed nets | Checksum: 16642546c

Time (s): cpu = 00:00:14 ; elapsed = 00:00:11 . Memory (MB): peak = 2611.754 ; gain = 0.000 ; free physical = 22160 ; free virtual = 123516

Phase 9 Depositing Routes
Phase 9 Depositing Routes | Checksum: 1d01499cb

Time (s): cpu = 00:00:15 ; elapsed = 00:00:12 . Memory (MB): peak = 2611.754 ; gain = 0.000 ; free physical = 22159 ; free virtual = 123515

Phase 10 Post Router Timing
INFO: [Route 35-57] Estimated Timing Summary | WNS=-1.492 | TNS=-442.080| WHS=0.058  | THS=0.000  |

WARNING: [Route 35-328] Router estimated timing not met.
Resolution: For a complete and accurate timing signoff, report_timing_summary must be run after route_design. Alternatively, route_design can be run with the -timing_summary option to enable a complete timing signoff at the end of route_design.
Phase 10 Post Router Timing | Checksum: 1d01499cb

Time (s): cpu = 00:00:15 ; elapsed = 00:00:12 . Memory (MB): peak = 2611.754 ; gain = 0.000 ; free physical = 22159 ; free virtual = 123515
INFO: [Route 35-16] Router Completed Successfully

Time (s): cpu = 00:00:15 ; elapsed = 00:00:12 . Memory (MB): peak = 2611.754 ; gain = 0.000 ; free physical = 22159 ; free virtual = 123515

Routing Is Done.
INFO: [Common 17-83] Releasing license: Implementation
18 Infos, 103 Warnings, 0 Critical Warnings and 0 Errors encountered.
route_design completed successfully
route_design: Time (s): cpu = 00:00:16 ; elapsed = 00:00:12 . Memory (MB): peak = 2611.754 ; gain = 0.000 ; free physical = 22159 ; free virtual = 123515
INFO: [Common 17-600] The following parameters have non-default value.
general.maxThreads
# report_route_status -file [file join $output_dir route_status.rpt]
# report_utilization -file [file join $output_dir utilization.rpt]
# report_utilization -hierarchical -hierarchical_depth 6 -file [file join $output_dir hierarchy.rpt]
# report_timing_summary -delay_type min_max -report_unconstrained -max_paths 20 \
#   -file [file join $output_dir timing_unqualified.rpt]
INFO: [Timing 38-91] UpdateTimingParams: Speed grade: -1, Delay Type: min_max.
INFO: [Timing 38-191] Multithreading enabled for timing update using a maximum of 2 CPUs
WARNING: [Timing 38-242] The property HD.CLK_SRC of clock port "clk" is not set. In out-of-context mode, this prevents timing estimation for clock delay/skew
Resolution: Set the HD.CLK_SRC property of the out-of-context port to the location of the clock buffer instance in the top-level design
WARNING: [Timing 38-242] The property HD.CLK_SRC of clock port "fft_clk" is not set. In out-of-context mode, this prevents timing estimation for clock delay/skew
Resolution: Set the HD.CLK_SRC property of the out-of-context port to the location of the clock buffer instance in the top-level design
# check_timing -verbose -file [file join $output_dir check_timing_unqualified.rpt]
# report_cdc -details -file [file join $output_dir cdc_unqualified.rpt]
INFO: [Timing 38-91] UpdateTimingParams: No interconnect No Cell Dly, Speed grade: -1, Delay Type: min_max.
INFO: [Timing 38-191] Multithreading enabled for timing update using a maximum of 2 CPUs
INFO: [Timing 38-314] The report_cdc command only analyzes and reports clock domain crossing paths where clocks have been defined on both source and destination sides. Ports with no input delay constraint are skipped. Please run check_timing to verify there are no missing clock definitions in your design, nor any unconstrained input port.
# set receipt [open [file join $output_dir receipt.txt] w]
# puts $receipt "source_dcp_sha256=$expected"
# puts $receipt "scope=isolated_completed_input_bank_owned_100_175_diagnostic_not_receiver"
# foreach name {source_100 island_175} {
#   foreach kind {max min} {
#     set paths [get_timing_paths -quiet -from [get_clocks $name] \
#       -to [get_clocks $name] -delay_type $kind -max_paths 1]
#     if {[llength $paths] != 1} { error "missing internal timing path $name $kind" }
#     set path [lindex $paths 0]
#     puts $receipt "$name.$kind.slack=[get_property SLACK $path]"
#     puts $receipt "$name.$kind.start=[get_property STARTPOINT_PIN $path]"
#     puts $receipt "$name.$kind.end=[get_property ENDPOINT_PIN $path]"
#     report_timing -from [get_clocks $name] -to [get_clocks $name] \
#       -delay_type $kind -max_paths 20 -file [file join $output_dir ${name}_${kind}.rpt]
#   }
# }
INFO: [Timing 38-78] ReportTimingParams: -from_pins  -to_pins  -max_paths 20 -nworst 1 -delay_type max -sort_by slack.
INFO: [Timing 38-78] ReportTimingParams: -from_pins  -to_pins  -max_paths 20 -nworst 1 -delay_type min -sort_by slack.
INFO: [Timing 38-78] ReportTimingParams: -from_pins  -to_pins  -max_paths 20 -nworst 1 -delay_type max -sort_by slack.
INFO: [Timing 38-78] ReportTimingParams: -from_pins  -to_pins  -max_paths 20 -nworst 1 -delay_type min -sort_by slack.
# puts $receipt "external_IO_CDC_and_full_receiver_unqualified=true"
# puts $receipt "deployment_eligible=false"
# close $receipt
# write_checkpoint [file join $output_dir completed_input_diagnostic_routed.dcp]
INFO: [Timing 38-480] Writing timing data to binary archive.
Writing XDEF routing.
Writing XDEF routing logical nets.
Writing XDEF routing special nets.
Write XDEF Complete: Time (s): cpu = 00:00:00.65 ; elapsed = 00:00:00.26 . Memory (MB): peak = 2646.738 ; gain = 34.984 ; free physical = 22193 ; free virtual = 123560
INFO: [Common 17-1381] The checkpoint '/home/mouse9911/gits/starlink-build-recovery-20260910.vHzUVnBz/product-final-route-v1/route/completed_input_diagnostic_routed.dcp' has been generated.
# close_design
# if {[lindex [exec sha256sum $source_dcp] 0] ne $expected} {
#   error "source checkpoint changed during observation"
# }
# puts "COMPLETED_INPUT_DIAGNOSTIC_RECORDED_NOT_A_PHYSICAL_RELEASE_PASS"
COMPLETED_INPUT_DIAGNOSTIC_RECORDED_NOT_A_PHYSICAL_RELEASE_PASS
INFO: [Common 17-206] Exiting Vivado at Thu Sep 10 15:29:36 2026...
