Copyright 1986-2022 Xilinx, Inc. All Rights Reserved.
--------------------------------------------------------------------------------------------------------------------------------------------------------------------------------------------------------
| Tool Version : Vivado v.2022.2 (lin64) Build 3671981 Fri Oct 14 04:59:54 MDT 2022
| Date         : Thu Sep 10 02:36:09 2026
| Host         : gauss running 64-bit Ubuntu 26.04 LTS
| Command      : report_timing -from [get_clocks island_175] -to [get_clocks island_175] -delay_type max -max_paths 20 -file /tmp/starlink-completed-input.5EaJuD/preflight-route-v1/island_175_max.rpt
| Design       : starlink_pss_fft_bank_owned_slice
| Device       : 7z010-clg400
| Speed File   : -1  PRODUCTION 1.12 2019-11-22
--------------------------------------------------------------------------------------------------------------------------------------------------------------------------------------------------------

Timing Report

Slack (VIOLATED) :        -2.438ns  (required time - arrival time)
  Source:                 registered_scheduling.state_reg[2]/C
                            (rising edge-triggered cell FDRE clocked by island_175  {rise@0.000ns fall@2.857ns period=5.714ns})
  Destination:            registered_scheduling.admission_receipt_reg/D
                            (rising edge-triggered cell FDRE clocked by island_175  {rise@0.000ns fall@2.857ns period=5.714ns})
  Path Group:             island_175
  Path Type:              Setup (Max at Slow Process Corner)
  Requirement:            5.714ns  (island_175 rise@5.714ns - island_175 rise@0.000ns)
  Data Path Delay:        8.028ns  (logic 2.860ns (35.626%)  route 5.168ns (64.374%))
  Logic Levels:           16  (CARRY4=6 LUT2=2 LUT4=1 LUT6=7)
  Clock Path Skew:        -0.049ns (DCD - SCD + CPR)
    Destination Clock Delay (DCD):    0.924ns = ( 6.638 - 5.714 ) 
    Source Clock Delay      (SCD):    0.973ns
    Clock Pessimism Removal (CPR):    0.000ns
  Clock Uncertainty:      0.035ns  ((TSJ^2 + TIJ^2)^1/2 + DJ) / 2 + PE
    Total System Jitter     (TSJ):    0.071ns
    Total Input Jitter      (TIJ):    0.000ns
    Discrete Jitter          (DJ):    0.000ns
    Phase Error              (PE):    0.000ns

    Location             Delay type                Incr(ns)  Path(ns)    Netlist Resource(s)
  -------------------------------------------------------------------    -------------------
                         (clock island_175 rise edge)
                                                      0.000     0.000 r  
                                                      0.000     0.000 r  fft_clk (IN)
                         net (fo=4712, unset)         0.973     0.973    fft_clk
    SLICE_X32Y7          FDRE                                         r  registered_scheduling.state_reg[2]/C
  -------------------------------------------------------------------    -------------------
    SLICE_X32Y7          FDRE (Prop_fdre_C_Q)         0.518     1.491 r  registered_scheduling.state_reg[2]/Q
                         net (fo=16, routed)          0.859     2.350    result_guard/registered_scheduling.engine_metadata_reg[69]_0
    SLICE_X33Y5          LUT6 (Prop_lut6_I2_O)        0.124     2.474 r  result_guard/registered_scheduling.engine_metadata[69]_i_1/O
                         net (fo=133, routed)         1.038     3.513    product_bank/selected_phase
    SLICE_X30Y3          LUT2 (Prop_lut2_I1_O)        0.124     3.637 r  product_bank/registered_scheduling.engine_metadata[2]_i_2/O
                         net (fo=4, routed)           0.572     4.209    product_bank/metadata_out_hold_reg[68]_0[2]
    SLICE_X29Y5          LUT6 (Prop_lut6_I5_O)        0.124     4.333 r  product_bank/metadata_valid0_carry_i_4/O
                         net (fo=1, routed)           0.000     4.333    input_guard/S[0]
    SLICE_X29Y5          CARRY4 (Prop_carry4_S[0]_CO[3])
                                                      0.532     4.865 r  input_guard/metadata_valid0_carry/CO[3]
                         net (fo=1, routed)           0.000     4.865    input_guard/metadata_valid0_carry_n_0
    SLICE_X29Y6          CARRY4 (Prop_carry4_CI_CO[3])
                                                      0.114     4.979 r  input_guard/metadata_valid0_carry__0/CO[3]
                         net (fo=1, routed)           0.000     4.979    input_guard/metadata_valid0_carry__0_n_0
    SLICE_X29Y7          CARRY4 (Prop_carry4_CI_CO[3])
                                                      0.114     5.093 r  input_guard/metadata_valid0_carry__1/CO[3]
                         net (fo=1, routed)           0.000     5.093    input_guard/metadata_valid0_carry__1_n_0
    SLICE_X29Y8          CARRY4 (Prop_carry4_CI_CO[3])
                                                      0.114     5.207 r  input_guard/metadata_valid0_carry__2/CO[3]
                         net (fo=1, routed)           0.000     5.207    input_guard/metadata_valid0_carry__2_n_0
    SLICE_X29Y9          CARRY4 (Prop_carry4_CI_CO[3])
                                                      0.114     5.321 r  input_guard/metadata_valid0_carry__3/CO[3]
                         net (fo=1, routed)           0.000     5.321    input_guard/metadata_valid0_carry__3_n_0
    SLICE_X29Y10         CARRY4 (Prop_carry4_CI_CO[3])
                                                      0.114     5.435 r  input_guard/metadata_valid0_carry__4/CO[3]
                         net (fo=1, routed)           0.865     6.300    product_bank/CO[0]
    SLICE_X24Y11         LUT4 (Prop_lut4_I0_O)        0.124     6.424 r  product_bank/fault_reasons[1]_i_3/O
                         net (fo=9, routed)           0.201     6.625    input_guard/metadata_valid__1
    SLICE_X24Y11         LUT6 (Prop_lut6_I1_O)        0.124     6.749 f  input_guard/descriptor[69]_i_4/O
                         net (fo=1, routed)           0.303     7.053    input_guard/input_fault_now
    SLICE_X24Y10         LUT2 (Prop_lut2_I1_O)        0.124     7.177 f  input_guard/descriptor[69]_i_3/O
                         net (fo=4, routed)           0.184     7.361    product_bank/fault_reasons[0]_i_2_0
    SLICE_X24Y10         LUT6 (Prop_lut6_I4_O)        0.124     7.485 f  product_bank/fault_reasons[0]_i_4/O
                         net (fo=2, routed)           0.183     7.668    product_bank/fault_reasons[0]_i_4_n_0
    SLICE_X24Y10         LUT6 (Prop_lut6_I0_O)        0.124     7.792 f  product_bank/request_toggle_i_2__0/O
                         net (fo=4, routed)           0.463     8.255    product_bank/request_toggle_i_2__0_n_0
    SLICE_X23Y10         LUT6 (Prop_lut6_I5_O)        0.124     8.379 r  product_bank/registered_scheduling.admission_receipt_i_3/O
                         net (fo=3, routed)           0.305     8.684    result_guard/awaiting_ack_reg_1
    SLICE_X23Y9          LUT6 (Prop_lut6_I5_O)        0.124     8.808 r  result_guard/registered_scheduling.admission_receipt_i_1/O
                         net (fo=1, routed)           0.193     9.001    active_private
    SLICE_X22Y9          FDRE                                         r  registered_scheduling.admission_receipt_reg/D
  -------------------------------------------------------------------    -------------------

                         (clock island_175 rise edge)
                                                      5.714     5.714 r  
                                                      0.000     5.714 r  fft_clk (IN)
                         net (fo=4712, unset)         0.924     6.638    fft_clk
    SLICE_X22Y9          FDRE                                         r  registered_scheduling.admission_receipt_reg/C
                         clock pessimism              0.000     6.638    
                         clock uncertainty           -0.035     6.603    
    SLICE_X22Y9          FDRE (Setup_fdre_C_D)       -0.040     6.563    registered_scheduling.admission_receipt_reg
  -------------------------------------------------------------------
                         required time                          6.563    
                         arrival time                          -9.001    
  -------------------------------------------------------------------
                         slack                                 -2.438    

Slack (VIOLATED) :        -2.316ns  (required time - arrival time)
  Source:                 registered_scheduling.state_reg[2]/C
                            (rising edge-triggered cell FDRE clocked by island_175  {rise@0.000ns fall@2.857ns period=5.714ns})
  Destination:            result_guard/awaiting_ack_reg/D
                            (rising edge-triggered cell FDCE clocked by island_175  {rise@0.000ns fall@2.857ns period=5.714ns})
  Path Group:             island_175
  Path Type:              Setup (Max at Slow Process Corner)
  Requirement:            5.714ns  (island_175 rise@5.714ns - island_175 rise@0.000ns)
  Data Path Delay:        7.975ns  (logic 2.860ns (35.861%)  route 5.115ns (64.139%))
  Logic Levels:           16  (CARRY4=6 LUT2=2 LUT3=1 LUT4=1 LUT6=6)
  Clock Path Skew:        -0.049ns (DCD - SCD + CPR)
    Destination Clock Delay (DCD):    0.924ns = ( 6.638 - 5.714 ) 
    Source Clock Delay      (SCD):    0.973ns
    Clock Pessimism Removal (CPR):    0.000ns
  Clock Uncertainty:      0.035ns  ((TSJ^2 + TIJ^2)^1/2 + DJ) / 2 + PE
    Total System Jitter     (TSJ):    0.071ns
    Total Input Jitter      (TIJ):    0.000ns
    Discrete Jitter          (DJ):    0.000ns
    Phase Error              (PE):    0.000ns

    Location             Delay type                Incr(ns)  Path(ns)    Netlist Resource(s)
  -------------------------------------------------------------------    -------------------
                         (clock island_175 rise edge)
                                                      0.000     0.000 r  
                                                      0.000     0.000 r  fft_clk (IN)
                         net (fo=4712, unset)         0.973     0.973    fft_clk
    SLICE_X32Y7          FDRE                                         r  registered_scheduling.state_reg[2]/C
  -------------------------------------------------------------------    -------------------
    SLICE_X32Y7          FDRE (Prop_fdre_C_Q)         0.518     1.491 r  registered_scheduling.state_reg[2]/Q
                         net (fo=16, routed)          0.859     2.350    result_guard/registered_scheduling.engine_metadata_reg[69]_0
    SLICE_X33Y5          LUT6 (Prop_lut6_I2_O)        0.124     2.474 r  result_guard/registered_scheduling.engine_metadata[69]_i_1/O
                         net (fo=133, routed)         1.038     3.513    product_bank/selected_phase
    SLICE_X30Y3          LUT2 (Prop_lut2_I1_O)        0.124     3.637 r  product_bank/registered_scheduling.engine_metadata[2]_i_2/O
                         net (fo=4, routed)           0.572     4.209    product_bank/metadata_out_hold_reg[68]_0[2]
    SLICE_X29Y5          LUT6 (Prop_lut6_I5_O)        0.124     4.333 r  product_bank/metadata_valid0_carry_i_4/O
                         net (fo=1, routed)           0.000     4.333    input_guard/S[0]
    SLICE_X29Y5          CARRY4 (Prop_carry4_S[0]_CO[3])
                                                      0.532     4.865 r  input_guard/metadata_valid0_carry/CO[3]
                         net (fo=1, routed)           0.000     4.865    input_guard/metadata_valid0_carry_n_0
    SLICE_X29Y6          CARRY4 (Prop_carry4_CI_CO[3])
                                                      0.114     4.979 r  input_guard/metadata_valid0_carry__0/CO[3]
                         net (fo=1, routed)           0.000     4.979    input_guard/metadata_valid0_carry__0_n_0
    SLICE_X29Y7          CARRY4 (Prop_carry4_CI_CO[3])
                                                      0.114     5.093 r  input_guard/metadata_valid0_carry__1/CO[3]
                         net (fo=1, routed)           0.000     5.093    input_guard/metadata_valid0_carry__1_n_0
    SLICE_X29Y8          CARRY4 (Prop_carry4_CI_CO[3])
                                                      0.114     5.207 r  input_guard/metadata_valid0_carry__2/CO[3]
                         net (fo=1, routed)           0.000     5.207    input_guard/metadata_valid0_carry__2_n_0
    SLICE_X29Y9          CARRY4 (Prop_carry4_CI_CO[3])
                                                      0.114     5.321 r  input_guard/metadata_valid0_carry__3/CO[3]
                         net (fo=1, routed)           0.000     5.321    input_guard/metadata_valid0_carry__3_n_0
    SLICE_X29Y10         CARRY4 (Prop_carry4_CI_CO[3])
                                                      0.114     5.435 f  input_guard/metadata_valid0_carry__4/CO[3]
                         net (fo=1, routed)           0.865     6.300    product_bank/CO[0]
    SLICE_X24Y11         LUT4 (Prop_lut4_I0_O)        0.124     6.424 f  product_bank/fault_reasons[1]_i_3/O
                         net (fo=9, routed)           0.201     6.625    input_guard/metadata_valid__1
    SLICE_X24Y11         LUT6 (Prop_lut6_I1_O)        0.124     6.749 r  input_guard/descriptor[69]_i_4/O
                         net (fo=1, routed)           0.303     7.053    input_guard/input_fault_now
    SLICE_X24Y10         LUT2 (Prop_lut2_I1_O)        0.124     7.177 r  input_guard/descriptor[69]_i_3/O
                         net (fo=4, routed)           0.184     7.361    product_bank/fault_reasons[0]_i_2_0
    SLICE_X24Y10         LUT6 (Prop_lut6_I4_O)        0.124     7.485 r  product_bank/fault_reasons[0]_i_4/O
                         net (fo=2, routed)           0.183     7.668    product_bank/fault_reasons[0]_i_4_n_0
    SLICE_X24Y10         LUT6 (Prop_lut6_I0_O)        0.124     7.792 r  product_bank/request_toggle_i_2__0/O
                         net (fo=4, routed)           0.463     8.255    product_bank/request_toggle_i_2__0_n_0
    SLICE_X23Y10         LUT6 (Prop_lut6_I5_O)        0.124     8.379 f  product_bank/registered_scheduling.admission_receipt_i_3/O
                         net (fo=3, routed)           0.445     8.824    result_guard/awaiting_ack_reg_1
    SLICE_X25Y9          LUT3 (Prop_lut3_I0_O)        0.124     8.948 r  result_guard/awaiting_ack_i_1/O
                         net (fo=1, routed)           0.000     8.948    result_guard/awaiting_ack_i_1_n_0
    SLICE_X25Y9          FDCE                                         r  result_guard/awaiting_ack_reg/D
  -------------------------------------------------------------------    -------------------

                         (clock island_175 rise edge)
                                                      5.714     5.714 r  
                                                      0.000     5.714 r  fft_clk (IN)
                         net (fo=4712, unset)         0.924     6.638    result_guard/fft_clk
    SLICE_X25Y9          FDCE                                         r  result_guard/awaiting_ack_reg/C
                         clock pessimism              0.000     6.638    
                         clock uncertainty           -0.035     6.603    
    SLICE_X25Y9          FDCE (Setup_fdce_C_D)        0.029     6.632    result_guard/awaiting_ack_reg
  -------------------------------------------------------------------
                         required time                          6.632    
                         arrival time                          -8.948    
  -------------------------------------------------------------------
                         slack                                 -2.316    

Slack (VIOLATED) :        -2.311ns  (required time - arrival time)
  Source:                 registered_scheduling.state_reg[2]/C
                            (rising edge-triggered cell FDRE clocked by island_175  {rise@0.000ns fall@2.857ns period=5.714ns})
  Destination:            result_guard/active_private_reg/D
                            (rising edge-triggered cell FDCE clocked by island_175  {rise@0.000ns fall@2.857ns period=5.714ns})
  Path Group:             island_175
  Path Type:              Setup (Max at Slow Process Corner)
  Requirement:            5.714ns  (island_175 rise@5.714ns - island_175 rise@0.000ns)
  Data Path Delay:        7.972ns  (logic 2.860ns (35.874%)  route 5.112ns (64.126%))
  Logic Levels:           16  (CARRY4=6 LUT2=2 LUT4=1 LUT6=7)
  Clock Path Skew:        -0.049ns (DCD - SCD + CPR)
    Destination Clock Delay (DCD):    0.924ns = ( 6.638 - 5.714 ) 
    Source Clock Delay      (SCD):    0.973ns
    Clock Pessimism Removal (CPR):    0.000ns
  Clock Uncertainty:      0.035ns  ((TSJ^2 + TIJ^2)^1/2 + DJ) / 2 + PE
    Total System Jitter     (TSJ):    0.071ns
    Total Input Jitter      (TIJ):    0.000ns
    Discrete Jitter          (DJ):    0.000ns
    Phase Error              (PE):    0.000ns

    Location             Delay type                Incr(ns)  Path(ns)    Netlist Resource(s)
  -------------------------------------------------------------------    -------------------
                         (clock island_175 rise edge)
                                                      0.000     0.000 r  
                                                      0.000     0.000 r  fft_clk (IN)
                         net (fo=4712, unset)         0.973     0.973    fft_clk
    SLICE_X32Y7          FDRE                                         r  registered_scheduling.state_reg[2]/C
  -------------------------------------------------------------------    -------------------
    SLICE_X32Y7          FDRE (Prop_fdre_C_Q)         0.518     1.491 r  registered_scheduling.state_reg[2]/Q
                         net (fo=16, routed)          0.859     2.350    result_guard/registered_scheduling.engine_metadata_reg[69]_0
    SLICE_X33Y5          LUT6 (Prop_lut6_I2_O)        0.124     2.474 r  result_guard/registered_scheduling.engine_metadata[69]_i_1/O
                         net (fo=133, routed)         1.038     3.513    product_bank/selected_phase
    SLICE_X30Y3          LUT2 (Prop_lut2_I1_O)        0.124     3.637 r  product_bank/registered_scheduling.engine_metadata[2]_i_2/O
                         net (fo=4, routed)           0.572     4.209    product_bank/metadata_out_hold_reg[68]_0[2]
    SLICE_X29Y5          LUT6 (Prop_lut6_I5_O)        0.124     4.333 r  product_bank/metadata_valid0_carry_i_4/O
                         net (fo=1, routed)           0.000     4.333    input_guard/S[0]
    SLICE_X29Y5          CARRY4 (Prop_carry4_S[0]_CO[3])
                                                      0.532     4.865 r  input_guard/metadata_valid0_carry/CO[3]
                         net (fo=1, routed)           0.000     4.865    input_guard/metadata_valid0_carry_n_0
    SLICE_X29Y6          CARRY4 (Prop_carry4_CI_CO[3])
                                                      0.114     4.979 r  input_guard/metadata_valid0_carry__0/CO[3]
                         net (fo=1, routed)           0.000     4.979    input_guard/metadata_valid0_carry__0_n_0
    SLICE_X29Y7          CARRY4 (Prop_carry4_CI_CO[3])
                                                      0.114     5.093 r  input_guard/metadata_valid0_carry__1/CO[3]
                         net (fo=1, routed)           0.000     5.093    input_guard/metadata_valid0_carry__1_n_0
    SLICE_X29Y8          CARRY4 (Prop_carry4_CI_CO[3])
                                                      0.114     5.207 r  input_guard/metadata_valid0_carry__2/CO[3]
                         net (fo=1, routed)           0.000     5.207    input_guard/metadata_valid0_carry__2_n_0
    SLICE_X29Y9          CARRY4 (Prop_carry4_CI_CO[3])
                                                      0.114     5.321 r  input_guard/metadata_valid0_carry__3/CO[3]
                         net (fo=1, routed)           0.000     5.321    input_guard/metadata_valid0_carry__3_n_0
    SLICE_X29Y10         CARRY4 (Prop_carry4_CI_CO[3])
                                                      0.114     5.435 r  input_guard/metadata_valid0_carry__4/CO[3]
                         net (fo=1, routed)           0.865     6.300    product_bank/CO[0]
    SLICE_X24Y11         LUT4 (Prop_lut4_I0_O)        0.124     6.424 r  product_bank/fault_reasons[1]_i_3/O
                         net (fo=9, routed)           0.201     6.625    input_guard/metadata_valid__1
    SLICE_X24Y11         LUT6 (Prop_lut6_I1_O)        0.124     6.749 f  input_guard/descriptor[69]_i_4/O
                         net (fo=1, routed)           0.303     7.053    input_guard/input_fault_now
    SLICE_X24Y10         LUT2 (Prop_lut2_I1_O)        0.124     7.177 f  input_guard/descriptor[69]_i_3/O
                         net (fo=4, routed)           0.184     7.361    product_bank/fault_reasons[0]_i_2_0
    SLICE_X24Y10         LUT6 (Prop_lut6_I4_O)        0.124     7.485 f  product_bank/fault_reasons[0]_i_4/O
                         net (fo=2, routed)           0.183     7.668    product_bank/fault_reasons[0]_i_4_n_0
    SLICE_X24Y10         LUT6 (Prop_lut6_I0_O)        0.124     7.792 f  product_bank/request_toggle_i_2__0/O
                         net (fo=4, routed)           0.463     8.255    product_bank/request_toggle_i_2__0_n_0
    SLICE_X23Y10         LUT6 (Prop_lut6_I5_O)        0.124     8.379 r  product_bank/registered_scheduling.admission_receipt_i_3/O
                         net (fo=3, routed)           0.442     8.821    result_guard/awaiting_ack_reg_1
    SLICE_X25Y9          LUT6 (Prop_lut6_I4_O)        0.124     8.945 r  result_guard/active_private_i_1_comp/O
                         net (fo=1, routed)           0.000     8.945    result_guard/active_private_i_1_n_0
    SLICE_X25Y9          FDCE                                         r  result_guard/active_private_reg/D
  -------------------------------------------------------------------    -------------------

                         (clock island_175 rise edge)
                                                      5.714     5.714 r  
                                                      0.000     5.714 r  fft_clk (IN)
                         net (fo=4712, unset)         0.924     6.638    result_guard/fft_clk
    SLICE_X25Y9          FDCE                                         r  result_guard/active_private_reg/C
                         clock pessimism              0.000     6.638    
                         clock uncertainty           -0.035     6.603    
    SLICE_X25Y9          FDCE (Setup_fdce_C_D)        0.031     6.634    result_guard/active_private_reg
  -------------------------------------------------------------------
                         required time                          6.634    
                         arrival time                          -8.945    
  -------------------------------------------------------------------
                         slack                                 -2.311    

Slack (VIOLATED) :        -2.311ns  (required time - arrival time)
  Source:                 registered_scheduling.state_reg[2]/C
                            (rising edge-triggered cell FDRE clocked by island_175  {rise@0.000ns fall@2.857ns period=5.714ns})
  Destination:            result_guard/fault_reasons_reg[3]/D
                            (rising edge-triggered cell FDCE clocked by island_175  {rise@0.000ns fall@2.857ns period=5.714ns})
  Path Group:             island_175
  Path Type:              Setup (Max at Slow Process Corner)
  Requirement:            5.714ns  (island_175 rise@5.714ns - island_175 rise@0.000ns)
  Data Path Delay:        7.901ns  (logic 2.488ns (31.491%)  route 5.413ns (68.509%))
  Logic Levels:           13  (CARRY4=6 LUT2=1 LUT4=3 LUT5=1 LUT6=2)
  Clock Path Skew:        -0.049ns (DCD - SCD + CPR)
    Destination Clock Delay (DCD):    0.924ns = ( 6.638 - 5.714 ) 
    Source Clock Delay      (SCD):    0.973ns
    Clock Pessimism Removal (CPR):    0.000ns
  Clock Uncertainty:      0.035ns  ((TSJ^2 + TIJ^2)^1/2 + DJ) / 2 + PE
    Total System Jitter     (TSJ):    0.071ns
    Total Input Jitter      (TIJ):    0.000ns
    Discrete Jitter          (DJ):    0.000ns
    Phase Error              (PE):    0.000ns

    Location             Delay type                Incr(ns)  Path(ns)    Netlist Resource(s)
  -------------------------------------------------------------------    -------------------
                         (clock island_175 rise edge)
                                                      0.000     0.000 r  
                                                      0.000     0.000 r  fft_clk (IN)
                         net (fo=4712, unset)         0.973     0.973    fft_clk
    SLICE_X32Y7          FDRE                                         r  registered_scheduling.state_reg[2]/C
  -------------------------------------------------------------------    -------------------
    SLICE_X32Y7          FDRE (Prop_fdre_C_Q)         0.518     1.491 r  registered_scheduling.state_reg[2]/Q
                         net (fo=16, routed)          0.859     2.350    result_guard/registered_scheduling.engine_metadata_reg[69]_0
    SLICE_X33Y5          LUT6 (Prop_lut6_I2_O)        0.124     2.474 r  result_guard/registered_scheduling.engine_metadata[69]_i_1/O
                         net (fo=133, routed)         1.038     3.513    product_bank/selected_phase
    SLICE_X30Y3          LUT2 (Prop_lut2_I1_O)        0.124     3.637 r  product_bank/registered_scheduling.engine_metadata[2]_i_2/O
                         net (fo=4, routed)           0.572     4.209    product_bank/metadata_out_hold_reg[68]_0[2]
    SLICE_X29Y5          LUT6 (Prop_lut6_I5_O)        0.124     4.333 r  product_bank/metadata_valid0_carry_i_4/O
                         net (fo=1, routed)           0.000     4.333    input_guard/S[0]
    SLICE_X29Y5          CARRY4 (Prop_carry4_S[0]_CO[3])
                                                      0.532     4.865 r  input_guard/metadata_valid0_carry/CO[3]
                         net (fo=1, routed)           0.000     4.865    input_guard/metadata_valid0_carry_n_0
    SLICE_X29Y6          CARRY4 (Prop_carry4_CI_CO[3])
                                                      0.114     4.979 r  input_guard/metadata_valid0_carry__0/CO[3]
                         net (fo=1, routed)           0.000     4.979    input_guard/metadata_valid0_carry__0_n_0
    SLICE_X29Y7          CARRY4 (Prop_carry4_CI_CO[3])
                                                      0.114     5.093 r  input_guard/metadata_valid0_carry__1/CO[3]
                         net (fo=1, routed)           0.000     5.093    input_guard/metadata_valid0_carry__1_n_0
    SLICE_X29Y8          CARRY4 (Prop_carry4_CI_CO[3])
                                                      0.114     5.207 r  input_guard/metadata_valid0_carry__2/CO[3]
                         net (fo=1, routed)           0.000     5.207    input_guard/metadata_valid0_carry__2_n_0
    SLICE_X29Y9          CARRY4 (Prop_carry4_CI_CO[3])
                                                      0.114     5.321 r  input_guard/metadata_valid0_carry__3/CO[3]
                         net (fo=1, routed)           0.000     5.321    input_guard/metadata_valid0_carry__3_n_0
    SLICE_X29Y10         CARRY4 (Prop_carry4_CI_CO[3])
                                                      0.114     5.435 f  input_guard/metadata_valid0_carry__4/CO[3]
                         net (fo=1, routed)           0.865     6.300    product_bank/CO[0]
    SLICE_X24Y11         LUT4 (Prop_lut4_I0_O)        0.124     6.424 f  product_bank/fault_reasons[1]_i_3/O
                         net (fo=9, routed)           0.629     7.053    input_guard/metadata_valid__1
    SLICE_X25Y9          LUT4 (Prop_lut4_I1_O)        0.124     7.177 f  input_guard/input_count[9]_i_4/O
                         net (fo=19, routed)          0.532     7.710    result_guard/certified_input_beat
    SLICE_X22Y11         LUT4 (Prop_lut4_I3_O)        0.124     7.834 r  result_guard/fault_reasons[3]_i_2/O
                         net (fo=1, routed)           0.436     8.270    result_guard/fault_reasons[3]_i_2_n_0
    SLICE_X23Y10         LUT5 (Prop_lut5_I4_O)        0.124     8.394 r  result_guard/fault_reasons[3]_i_1/O
                         net (fo=1, routed)           0.480     8.874    result_guard/fault_reasons[3]_i_1_n_0
    SLICE_X21Y10         FDCE                                         r  result_guard/fault_reasons_reg[3]/D
  -------------------------------------------------------------------    -------------------

                         (clock island_175 rise edge)
                                                      5.714     5.714 r  
                                                      0.000     5.714 r  fft_clk (IN)
                         net (fo=4712, unset)         0.924     6.638    result_guard/fft_clk
    SLICE_X21Y10         FDCE                                         r  result_guard/fault_reasons_reg[3]/C
                         clock pessimism              0.000     6.638    
                         clock uncertainty           -0.035     6.603    
    SLICE_X21Y10         FDCE (Setup_fdce_C_D)       -0.040     6.563    result_guard/fault_reasons_reg[3]
  -------------------------------------------------------------------
                         required time                          6.563    
                         arrival time                          -8.874    
  -------------------------------------------------------------------
                         slack                                 -2.311    

Slack (VIOLATED) :        -2.264ns  (required time - arrival time)
  Source:                 registered_scheduling.state_reg[2]/C
                            (rising edge-triggered cell FDRE clocked by island_175  {rise@0.000ns fall@2.857ns period=5.714ns})
  Destination:            input_guard/descriptor_reg[0]/CE
                            (rising edge-triggered cell FDCE clocked by island_175  {rise@0.000ns fall@2.857ns period=5.714ns})
  Path Group:             island_175
  Path Type:              Setup (Max at Slow Process Corner)
  Requirement:            5.714ns  (island_175 rise@5.714ns - island_175 rise@0.000ns)
  Data Path Delay:        7.689ns  (logic 2.488ns (32.359%)  route 5.201ns (67.641%))
  Logic Levels:           13  (CARRY4=6 LUT2=2 LUT3=1 LUT4=1 LUT6=3)
  Clock Path Skew:        -0.049ns (DCD - SCD + CPR)
    Destination Clock Delay (DCD):    0.924ns = ( 6.638 - 5.714 ) 
    Source Clock Delay      (SCD):    0.973ns
    Clock Pessimism Removal (CPR):    0.000ns
  Clock Uncertainty:      0.035ns  ((TSJ^2 + TIJ^2)^1/2 + DJ) / 2 + PE
    Total System Jitter     (TSJ):    0.071ns
    Total Input Jitter      (TIJ):    0.000ns
    Discrete Jitter          (DJ):    0.000ns
    Phase Error              (PE):    0.000ns

    Location             Delay type                Incr(ns)  Path(ns)    Netlist Resource(s)
  -------------------------------------------------------------------    -------------------
                         (clock island_175 rise edge)
                                                      0.000     0.000 r  
                                                      0.000     0.000 r  fft_clk (IN)
                         net (fo=4712, unset)         0.973     0.973    fft_clk
    SLICE_X32Y7          FDRE                                         r  registered_scheduling.state_reg[2]/C
  -------------------------------------------------------------------    -------------------
    SLICE_X32Y7          FDRE (Prop_fdre_C_Q)         0.518     1.491 r  registered_scheduling.state_reg[2]/Q
                         net (fo=16, routed)          0.859     2.350    result_guard/registered_scheduling.engine_metadata_reg[69]_0
    SLICE_X33Y5          LUT6 (Prop_lut6_I2_O)        0.124     2.474 r  result_guard/registered_scheduling.engine_metadata[69]_i_1/O
                         net (fo=133, routed)         1.038     3.513    product_bank/selected_phase
    SLICE_X30Y3          LUT2 (Prop_lut2_I1_O)        0.124     3.637 r  product_bank/registered_scheduling.engine_metadata[2]_i_2/O
                         net (fo=4, routed)           0.572     4.209    product_bank/metadata_out_hold_reg[68]_0[2]
    SLICE_X29Y5          LUT6 (Prop_lut6_I5_O)        0.124     4.333 r  product_bank/metadata_valid0_carry_i_4/O
                         net (fo=1, routed)           0.000     4.333    input_guard/S[0]
    SLICE_X29Y5          CARRY4 (Prop_carry4_S[0]_CO[3])
                                                      0.532     4.865 r  input_guard/metadata_valid0_carry/CO[3]
                         net (fo=1, routed)           0.000     4.865    input_guard/metadata_valid0_carry_n_0
    SLICE_X29Y6          CARRY4 (Prop_carry4_CI_CO[3])
                                                      0.114     4.979 r  input_guard/metadata_valid0_carry__0/CO[3]
                         net (fo=1, routed)           0.000     4.979    input_guard/metadata_valid0_carry__0_n_0
    SLICE_X29Y7          CARRY4 (Prop_carry4_CI_CO[3])
                                                      0.114     5.093 r  input_guard/metadata_valid0_carry__1/CO[3]
                         net (fo=1, routed)           0.000     5.093    input_guard/metadata_valid0_carry__1_n_0
    SLICE_X29Y8          CARRY4 (Prop_carry4_CI_CO[3])
                                                      0.114     5.207 r  input_guard/metadata_valid0_carry__2/CO[3]
                         net (fo=1, routed)           0.000     5.207    input_guard/metadata_valid0_carry__2_n_0
    SLICE_X29Y9          CARRY4 (Prop_carry4_CI_CO[3])
                                                      0.114     5.321 r  input_guard/metadata_valid0_carry__3/CO[3]
                         net (fo=1, routed)           0.000     5.321    input_guard/metadata_valid0_carry__3_n_0
    SLICE_X29Y10         CARRY4 (Prop_carry4_CI_CO[3])
                                                      0.114     5.435 r  input_guard/metadata_valid0_carry__4/CO[3]
                         net (fo=1, routed)           0.865     6.300    product_bank/CO[0]
    SLICE_X24Y11         LUT4 (Prop_lut4_I0_O)        0.124     6.424 r  product_bank/fault_reasons[1]_i_3/O
                         net (fo=9, routed)           0.201     6.625    input_guard/metadata_valid__1
    SLICE_X24Y11         LUT6 (Prop_lut6_I1_O)        0.124     6.749 f  input_guard/descriptor[69]_i_4/O
                         net (fo=1, routed)           0.303     7.053    input_guard/input_fault_now
    SLICE_X24Y10         LUT2 (Prop_lut2_I1_O)        0.124     7.177 f  input_guard/descriptor[69]_i_3/O
                         net (fo=4, routed)           0.557     7.734    result_guard/descriptor_reg[69]_2
    SLICE_X26Y9          LUT3 (Prop_lut3_I2_O)        0.124     7.858 r  result_guard/descriptor[69]_i_1__0/O
                         net (fo=71, routed)          0.804     8.662    input_guard/E[0]
    SLICE_X27Y4          FDCE                                         r  input_guard/descriptor_reg[0]/CE
  -------------------------------------------------------------------    -------------------

                         (clock island_175 rise edge)
                                                      5.714     5.714 r  
                                                      0.000     5.714 r  fft_clk (IN)
                         net (fo=4712, unset)         0.924     6.638    input_guard/fft_clk
    SLICE_X27Y4          FDCE                                         r  input_guard/descriptor_reg[0]/C
                         clock pessimism              0.000     6.638    
                         clock uncertainty           -0.035     6.603    
    SLICE_X27Y4          FDCE (Setup_fdce_C_CE)      -0.205     6.398    input_guard/descriptor_reg[0]
  -------------------------------------------------------------------
                         required time                          6.398    
                         arrival time                          -8.662    
  -------------------------------------------------------------------
                         slack                                 -2.264    

Slack (VIOLATED) :        -2.264ns  (required time - arrival time)
  Source:                 registered_scheduling.state_reg[2]/C
                            (rising edge-triggered cell FDRE clocked by island_175  {rise@0.000ns fall@2.857ns period=5.714ns})
  Destination:            input_guard/descriptor_reg[12]/CE
                            (rising edge-triggered cell FDCE clocked by island_175  {rise@0.000ns fall@2.857ns period=5.714ns})
  Path Group:             island_175
  Path Type:              Setup (Max at Slow Process Corner)
  Requirement:            5.714ns  (island_175 rise@5.714ns - island_175 rise@0.000ns)
  Data Path Delay:        7.689ns  (logic 2.488ns (32.359%)  route 5.201ns (67.641%))
  Logic Levels:           13  (CARRY4=6 LUT2=2 LUT3=1 LUT4=1 LUT6=3)
  Clock Path Skew:        -0.049ns (DCD - SCD + CPR)
    Destination Clock Delay (DCD):    0.924ns = ( 6.638 - 5.714 ) 
    Source Clock Delay      (SCD):    0.973ns
    Clock Pessimism Removal (CPR):    0.000ns
  Clock Uncertainty:      0.035ns  ((TSJ^2 + TIJ^2)^1/2 + DJ) / 2 + PE
    Total System Jitter     (TSJ):    0.071ns
    Total Input Jitter      (TIJ):    0.000ns
    Discrete Jitter          (DJ):    0.000ns
    Phase Error              (PE):    0.000ns

    Location             Delay type                Incr(ns)  Path(ns)    Netlist Resource(s)
  -------------------------------------------------------------------    -------------------
                         (clock island_175 rise edge)
                                                      0.000     0.000 r  
                                                      0.000     0.000 r  fft_clk (IN)
                         net (fo=4712, unset)         0.973     0.973    fft_clk
    SLICE_X32Y7          FDRE                                         r  registered_scheduling.state_reg[2]/C
  -------------------------------------------------------------------    -------------------
    SLICE_X32Y7          FDRE (Prop_fdre_C_Q)         0.518     1.491 r  registered_scheduling.state_reg[2]/Q
                         net (fo=16, routed)          0.859     2.350    result_guard/registered_scheduling.engine_metadata_reg[69]_0
    SLICE_X33Y5          LUT6 (Prop_lut6_I2_O)        0.124     2.474 r  result_guard/registered_scheduling.engine_metadata[69]_i_1/O
                         net (fo=133, routed)         1.038     3.513    product_bank/selected_phase
    SLICE_X30Y3          LUT2 (Prop_lut2_I1_O)        0.124     3.637 r  product_bank/registered_scheduling.engine_metadata[2]_i_2/O
                         net (fo=4, routed)           0.572     4.209    product_bank/metadata_out_hold_reg[68]_0[2]
    SLICE_X29Y5          LUT6 (Prop_lut6_I5_O)        0.124     4.333 r  product_bank/metadata_valid0_carry_i_4/O
                         net (fo=1, routed)           0.000     4.333    input_guard/S[0]
    SLICE_X29Y5          CARRY4 (Prop_carry4_S[0]_CO[3])
                                                      0.532     4.865 r  input_guard/metadata_valid0_carry/CO[3]
                         net (fo=1, routed)           0.000     4.865    input_guard/metadata_valid0_carry_n_0
    SLICE_X29Y6          CARRY4 (Prop_carry4_CI_CO[3])
                                                      0.114     4.979 r  input_guard/metadata_valid0_carry__0/CO[3]
                         net (fo=1, routed)           0.000     4.979    input_guard/metadata_valid0_carry__0_n_0
    SLICE_X29Y7          CARRY4 (Prop_carry4_CI_CO[3])
                                                      0.114     5.093 r  input_guard/metadata_valid0_carry__1/CO[3]
                         net (fo=1, routed)           0.000     5.093    input_guard/metadata_valid0_carry__1_n_0
    SLICE_X29Y8          CARRY4 (Prop_carry4_CI_CO[3])
                                                      0.114     5.207 r  input_guard/metadata_valid0_carry__2/CO[3]
                         net (fo=1, routed)           0.000     5.207    input_guard/metadata_valid0_carry__2_n_0
    SLICE_X29Y9          CARRY4 (Prop_carry4_CI_CO[3])
                                                      0.114     5.321 r  input_guard/metadata_valid0_carry__3/CO[3]
                         net (fo=1, routed)           0.000     5.321    input_guard/metadata_valid0_carry__3_n_0
    SLICE_X29Y10         CARRY4 (Prop_carry4_CI_CO[3])
                                                      0.114     5.435 r  input_guard/metadata_valid0_carry__4/CO[3]
                         net (fo=1, routed)           0.865     6.300    product_bank/CO[0]
    SLICE_X24Y11         LUT4 (Prop_lut4_I0_O)        0.124     6.424 r  product_bank/fault_reasons[1]_i_3/O
                         net (fo=9, routed)           0.201     6.625    input_guard/metadata_valid__1
    SLICE_X24Y11         LUT6 (Prop_lut6_I1_O)        0.124     6.749 f  input_guard/descriptor[69]_i_4/O
                         net (fo=1, routed)           0.303     7.053    input_guard/input_fault_now
    SLICE_X24Y10         LUT2 (Prop_lut2_I1_O)        0.124     7.177 f  input_guard/descriptor[69]_i_3/O
                         net (fo=4, routed)           0.557     7.734    result_guard/descriptor_reg[69]_2
    SLICE_X26Y9          LUT3 (Prop_lut3_I2_O)        0.124     7.858 r  result_guard/descriptor[69]_i_1__0/O
                         net (fo=71, routed)          0.804     8.662    input_guard/E[0]
    SLICE_X27Y4          FDCE                                         r  input_guard/descriptor_reg[12]/CE
  -------------------------------------------------------------------    -------------------

                         (clock island_175 rise edge)
                                                      5.714     5.714 r  
                                                      0.000     5.714 r  fft_clk (IN)
                         net (fo=4712, unset)         0.924     6.638    input_guard/fft_clk
    SLICE_X27Y4          FDCE                                         r  input_guard/descriptor_reg[12]/C
                         clock pessimism              0.000     6.638    
                         clock uncertainty           -0.035     6.603    
    SLICE_X27Y4          FDCE (Setup_fdce_C_CE)      -0.205     6.398    input_guard/descriptor_reg[12]
  -------------------------------------------------------------------
                         required time                          6.398    
                         arrival time                          -8.662    
  -------------------------------------------------------------------
                         slack                                 -2.264    

Slack (VIOLATED) :        -2.264ns  (required time - arrival time)
  Source:                 registered_scheduling.state_reg[2]/C
                            (rising edge-triggered cell FDRE clocked by island_175  {rise@0.000ns fall@2.857ns period=5.714ns})
  Destination:            input_guard/descriptor_reg[1]/CE
                            (rising edge-triggered cell FDCE clocked by island_175  {rise@0.000ns fall@2.857ns period=5.714ns})
  Path Group:             island_175
  Path Type:              Setup (Max at Slow Process Corner)
  Requirement:            5.714ns  (island_175 rise@5.714ns - island_175 rise@0.000ns)
  Data Path Delay:        7.689ns  (logic 2.488ns (32.359%)  route 5.201ns (67.641%))
  Logic Levels:           13  (CARRY4=6 LUT2=2 LUT3=1 LUT4=1 LUT6=3)
  Clock Path Skew:        -0.049ns (DCD - SCD + CPR)
    Destination Clock Delay (DCD):    0.924ns = ( 6.638 - 5.714 ) 
    Source Clock Delay      (SCD):    0.973ns
    Clock Pessimism Removal (CPR):    0.000ns
  Clock Uncertainty:      0.035ns  ((TSJ^2 + TIJ^2)^1/2 + DJ) / 2 + PE
    Total System Jitter     (TSJ):    0.071ns
    Total Input Jitter      (TIJ):    0.000ns
    Discrete Jitter          (DJ):    0.000ns
    Phase Error              (PE):    0.000ns

    Location             Delay type                Incr(ns)  Path(ns)    Netlist Resource(s)
  -------------------------------------------------------------------    -------------------
                         (clock island_175 rise edge)
                                                      0.000     0.000 r  
                                                      0.000     0.000 r  fft_clk (IN)
                         net (fo=4712, unset)         0.973     0.973    fft_clk
    SLICE_X32Y7          FDRE                                         r  registered_scheduling.state_reg[2]/C
  -------------------------------------------------------------------    -------------------
    SLICE_X32Y7          FDRE (Prop_fdre_C_Q)         0.518     1.491 r  registered_scheduling.state_reg[2]/Q
                         net (fo=16, routed)          0.859     2.350    result_guard/registered_scheduling.engine_metadata_reg[69]_0
    SLICE_X33Y5          LUT6 (Prop_lut6_I2_O)        0.124     2.474 r  result_guard/registered_scheduling.engine_metadata[69]_i_1/O
                         net (fo=133, routed)         1.038     3.513    product_bank/selected_phase
    SLICE_X30Y3          LUT2 (Prop_lut2_I1_O)        0.124     3.637 r  product_bank/registered_scheduling.engine_metadata[2]_i_2/O
                         net (fo=4, routed)           0.572     4.209    product_bank/metadata_out_hold_reg[68]_0[2]
    SLICE_X29Y5          LUT6 (Prop_lut6_I5_O)        0.124     4.333 r  product_bank/metadata_valid0_carry_i_4/O
                         net (fo=1, routed)           0.000     4.333    input_guard/S[0]
    SLICE_X29Y5          CARRY4 (Prop_carry4_S[0]_CO[3])
                                                      0.532     4.865 r  input_guard/metadata_valid0_carry/CO[3]
                         net (fo=1, routed)           0.000     4.865    input_guard/metadata_valid0_carry_n_0
    SLICE_X29Y6          CARRY4 (Prop_carry4_CI_CO[3])
                                                      0.114     4.979 r  input_guard/metadata_valid0_carry__0/CO[3]
                         net (fo=1, routed)           0.000     4.979    input_guard/metadata_valid0_carry__0_n_0
    SLICE_X29Y7          CARRY4 (Prop_carry4_CI_CO[3])
                                                      0.114     5.093 r  input_guard/metadata_valid0_carry__1/CO[3]
                         net (fo=1, routed)           0.000     5.093    input_guard/metadata_valid0_carry__1_n_0
    SLICE_X29Y8          CARRY4 (Prop_carry4_CI_CO[3])
                                                      0.114     5.207 r  input_guard/metadata_valid0_carry__2/CO[3]
                         net (fo=1, routed)           0.000     5.207    input_guard/metadata_valid0_carry__2_n_0
    SLICE_X29Y9          CARRY4 (Prop_carry4_CI_CO[3])
                                                      0.114     5.321 r  input_guard/metadata_valid0_carry__3/CO[3]
                         net (fo=1, routed)           0.000     5.321    input_guard/metadata_valid0_carry__3_n_0
    SLICE_X29Y10         CARRY4 (Prop_carry4_CI_CO[3])
                                                      0.114     5.435 r  input_guard/metadata_valid0_carry__4/CO[3]
                         net (fo=1, routed)           0.865     6.300    product_bank/CO[0]
    SLICE_X24Y11         LUT4 (Prop_lut4_I0_O)        0.124     6.424 r  product_bank/fault_reasons[1]_i_3/O
                         net (fo=9, routed)           0.201     6.625    input_guard/metadata_valid__1
    SLICE_X24Y11         LUT6 (Prop_lut6_I1_O)        0.124     6.749 f  input_guard/descriptor[69]_i_4/O
                         net (fo=1, routed)           0.303     7.053    input_guard/input_fault_now
    SLICE_X24Y10         LUT2 (Prop_lut2_I1_O)        0.124     7.177 f  input_guard/descriptor[69]_i_3/O
                         net (fo=4, routed)           0.557     7.734    result_guard/descriptor_reg[69]_2
    SLICE_X26Y9          LUT3 (Prop_lut3_I2_O)        0.124     7.858 r  result_guard/descriptor[69]_i_1__0/O
                         net (fo=71, routed)          0.804     8.662    input_guard/E[0]
    SLICE_X27Y4          FDCE                                         r  input_guard/descriptor_reg[1]/CE
  -------------------------------------------------------------------    -------------------

                         (clock island_175 rise edge)
                                                      5.714     5.714 r  
                                                      0.000     5.714 r  fft_clk (IN)
                         net (fo=4712, unset)         0.924     6.638    input_guard/fft_clk
    SLICE_X27Y4          FDCE                                         r  input_guard/descriptor_reg[1]/C
                         clock pessimism              0.000     6.638    
                         clock uncertainty           -0.035     6.603    
    SLICE_X27Y4          FDCE (Setup_fdce_C_CE)      -0.205     6.398    input_guard/descriptor_reg[1]
  -------------------------------------------------------------------
                         required time                          6.398    
                         arrival time                          -8.662    
  -------------------------------------------------------------------
                         slack                                 -2.264    

Slack (VIOLATED) :        -2.264ns  (required time - arrival time)
  Source:                 registered_scheduling.state_reg[2]/C
                            (rising edge-triggered cell FDRE clocked by island_175  {rise@0.000ns fall@2.857ns period=5.714ns})
  Destination:            input_guard/descriptor_reg[2]/CE
                            (rising edge-triggered cell FDCE clocked by island_175  {rise@0.000ns fall@2.857ns period=5.714ns})
  Path Group:             island_175
  Path Type:              Setup (Max at Slow Process Corner)
  Requirement:            5.714ns  (island_175 rise@5.714ns - island_175 rise@0.000ns)
  Data Path Delay:        7.689ns  (logic 2.488ns (32.359%)  route 5.201ns (67.641%))
  Logic Levels:           13  (CARRY4=6 LUT2=2 LUT3=1 LUT4=1 LUT6=3)
  Clock Path Skew:        -0.049ns (DCD - SCD + CPR)
    Destination Clock Delay (DCD):    0.924ns = ( 6.638 - 5.714 ) 
    Source Clock Delay      (SCD):    0.973ns
    Clock Pessimism Removal (CPR):    0.000ns
  Clock Uncertainty:      0.035ns  ((TSJ^2 + TIJ^2)^1/2 + DJ) / 2 + PE
    Total System Jitter     (TSJ):    0.071ns
    Total Input Jitter      (TIJ):    0.000ns
    Discrete Jitter          (DJ):    0.000ns
    Phase Error              (PE):    0.000ns

    Location             Delay type                Incr(ns)  Path(ns)    Netlist Resource(s)
  -------------------------------------------------------------------    -------------------
                         (clock island_175 rise edge)
                                                      0.000     0.000 r  
                                                      0.000     0.000 r  fft_clk (IN)
                         net (fo=4712, unset)         0.973     0.973    fft_clk
    SLICE_X32Y7          FDRE                                         r  registered_scheduling.state_reg[2]/C
  -------------------------------------------------------------------    -------------------
    SLICE_X32Y7          FDRE (Prop_fdre_C_Q)         0.518     1.491 r  registered_scheduling.state_reg[2]/Q
                         net (fo=16, routed)          0.859     2.350    result_guard/registered_scheduling.engine_metadata_reg[69]_0
    SLICE_X33Y5          LUT6 (Prop_lut6_I2_O)        0.124     2.474 r  result_guard/registered_scheduling.engine_metadata[69]_i_1/O
                         net (fo=133, routed)         1.038     3.513    product_bank/selected_phase
    SLICE_X30Y3          LUT2 (Prop_lut2_I1_O)        0.124     3.637 r  product_bank/registered_scheduling.engine_metadata[2]_i_2/O
                         net (fo=4, routed)           0.572     4.209    product_bank/metadata_out_hold_reg[68]_0[2]
    SLICE_X29Y5          LUT6 (Prop_lut6_I5_O)        0.124     4.333 r  product_bank/metadata_valid0_carry_i_4/O
                         net (fo=1, routed)           0.000     4.333    input_guard/S[0]
    SLICE_X29Y5          CARRY4 (Prop_carry4_S[0]_CO[3])
                                                      0.532     4.865 r  input_guard/metadata_valid0_carry/CO[3]
                         net (fo=1, routed)           0.000     4.865    input_guard/metadata_valid0_carry_n_0
    SLICE_X29Y6          CARRY4 (Prop_carry4_CI_CO[3])
                                                      0.114     4.979 r  input_guard/metadata_valid0_carry__0/CO[3]
                         net (fo=1, routed)           0.000     4.979    input_guard/metadata_valid0_carry__0_n_0
    SLICE_X29Y7          CARRY4 (Prop_carry4_CI_CO[3])
                                                      0.114     5.093 r  input_guard/metadata_valid0_carry__1/CO[3]
                         net (fo=1, routed)           0.000     5.093    input_guard/metadata_valid0_carry__1_n_0
    SLICE_X29Y8          CARRY4 (Prop_carry4_CI_CO[3])
                                                      0.114     5.207 r  input_guard/metadata_valid0_carry__2/CO[3]
                         net (fo=1, routed)           0.000     5.207    input_guard/metadata_valid0_carry__2_n_0
    SLICE_X29Y9          CARRY4 (Prop_carry4_CI_CO[3])
                                                      0.114     5.321 r  input_guard/metadata_valid0_carry__3/CO[3]
                         net (fo=1, routed)           0.000     5.321    input_guard/metadata_valid0_carry__3_n_0
    SLICE_X29Y10         CARRY4 (Prop_carry4_CI_CO[3])
                                                      0.114     5.435 r  input_guard/metadata_valid0_carry__4/CO[3]
                         net (fo=1, routed)           0.865     6.300    product_bank/CO[0]
    SLICE_X24Y11         LUT4 (Prop_lut4_I0_O)        0.124     6.424 r  product_bank/fault_reasons[1]_i_3/O
                         net (fo=9, routed)           0.201     6.625    input_guard/metadata_valid__1
    SLICE_X24Y11         LUT6 (Prop_lut6_I1_O)        0.124     6.749 f  input_guard/descriptor[69]_i_4/O
                         net (fo=1, routed)           0.303     7.053    input_guard/input_fault_now
    SLICE_X24Y10         LUT2 (Prop_lut2_I1_O)        0.124     7.177 f  input_guard/descriptor[69]_i_3/O
                         net (fo=4, routed)           0.557     7.734    result_guard/descriptor_reg[69]_2
    SLICE_X26Y9          LUT3 (Prop_lut3_I2_O)        0.124     7.858 r  result_guard/descriptor[69]_i_1__0/O
                         net (fo=71, routed)          0.804     8.662    input_guard/E[0]
    SLICE_X27Y4          FDCE                                         r  input_guard/descriptor_reg[2]/CE
  -------------------------------------------------------------------    -------------------

                         (clock island_175 rise edge)
                                                      5.714     5.714 r  
                                                      0.000     5.714 r  fft_clk (IN)
                         net (fo=4712, unset)         0.924     6.638    input_guard/fft_clk
    SLICE_X27Y4          FDCE                                         r  input_guard/descriptor_reg[2]/C
                         clock pessimism              0.000     6.638    
                         clock uncertainty           -0.035     6.603    
    SLICE_X27Y4          FDCE (Setup_fdce_C_CE)      -0.205     6.398    input_guard/descriptor_reg[2]
  -------------------------------------------------------------------
                         required time                          6.398    
                         arrival time                          -8.662    
  -------------------------------------------------------------------
                         slack                                 -2.264    

Slack (VIOLATED) :        -2.264ns  (required time - arrival time)
  Source:                 registered_scheduling.state_reg[2]/C
                            (rising edge-triggered cell FDRE clocked by island_175  {rise@0.000ns fall@2.857ns period=5.714ns})
  Destination:            input_guard/descriptor_reg[5]/CE
                            (rising edge-triggered cell FDCE clocked by island_175  {rise@0.000ns fall@2.857ns period=5.714ns})
  Path Group:             island_175
  Path Type:              Setup (Max at Slow Process Corner)
  Requirement:            5.714ns  (island_175 rise@5.714ns - island_175 rise@0.000ns)
  Data Path Delay:        7.689ns  (logic 2.488ns (32.359%)  route 5.201ns (67.641%))
  Logic Levels:           13  (CARRY4=6 LUT2=2 LUT3=1 LUT4=1 LUT6=3)
  Clock Path Skew:        -0.049ns (DCD - SCD + CPR)
    Destination Clock Delay (DCD):    0.924ns = ( 6.638 - 5.714 ) 
    Source Clock Delay      (SCD):    0.973ns
    Clock Pessimism Removal (CPR):    0.000ns
  Clock Uncertainty:      0.035ns  ((TSJ^2 + TIJ^2)^1/2 + DJ) / 2 + PE
    Total System Jitter     (TSJ):    0.071ns
    Total Input Jitter      (TIJ):    0.000ns
    Discrete Jitter          (DJ):    0.000ns
    Phase Error              (PE):    0.000ns

    Location             Delay type                Incr(ns)  Path(ns)    Netlist Resource(s)
  -------------------------------------------------------------------    -------------------
                         (clock island_175 rise edge)
                                                      0.000     0.000 r  
                                                      0.000     0.000 r  fft_clk (IN)
                         net (fo=4712, unset)         0.973     0.973    fft_clk
    SLICE_X32Y7          FDRE                                         r  registered_scheduling.state_reg[2]/C
  -------------------------------------------------------------------    -------------------
    SLICE_X32Y7          FDRE (Prop_fdre_C_Q)         0.518     1.491 r  registered_scheduling.state_reg[2]/Q
                         net (fo=16, routed)          0.859     2.350    result_guard/registered_scheduling.engine_metadata_reg[69]_0
    SLICE_X33Y5          LUT6 (Prop_lut6_I2_O)        0.124     2.474 r  result_guard/registered_scheduling.engine_metadata[69]_i_1/O
                         net (fo=133, routed)         1.038     3.513    product_bank/selected_phase
    SLICE_X30Y3          LUT2 (Prop_lut2_I1_O)        0.124     3.637 r  product_bank/registered_scheduling.engine_metadata[2]_i_2/O
                         net (fo=4, routed)           0.572     4.209    product_bank/metadata_out_hold_reg[68]_0[2]
    SLICE_X29Y5          LUT6 (Prop_lut6_I5_O)        0.124     4.333 r  product_bank/metadata_valid0_carry_i_4/O
                         net (fo=1, routed)           0.000     4.333    input_guard/S[0]
    SLICE_X29Y5          CARRY4 (Prop_carry4_S[0]_CO[3])
                                                      0.532     4.865 r  input_guard/metadata_valid0_carry/CO[3]
                         net (fo=1, routed)           0.000     4.865    input_guard/metadata_valid0_carry_n_0
    SLICE_X29Y6          CARRY4 (Prop_carry4_CI_CO[3])
                                                      0.114     4.979 r  input_guard/metadata_valid0_carry__0/CO[3]
                         net (fo=1, routed)           0.000     4.979    input_guard/metadata_valid0_carry__0_n_0
    SLICE_X29Y7          CARRY4 (Prop_carry4_CI_CO[3])
                                                      0.114     5.093 r  input_guard/metadata_valid0_carry__1/CO[3]
                         net (fo=1, routed)           0.000     5.093    input_guard/metadata_valid0_carry__1_n_0
    SLICE_X29Y8          CARRY4 (Prop_carry4_CI_CO[3])
                                                      0.114     5.207 r  input_guard/metadata_valid0_carry__2/CO[3]
                         net (fo=1, routed)           0.000     5.207    input_guard/metadata_valid0_carry__2_n_0
    SLICE_X29Y9          CARRY4 (Prop_carry4_CI_CO[3])
                                                      0.114     5.321 r  input_guard/metadata_valid0_carry__3/CO[3]
                         net (fo=1, routed)           0.000     5.321    input_guard/metadata_valid0_carry__3_n_0
    SLICE_X29Y10         CARRY4 (Prop_carry4_CI_CO[3])
                                                      0.114     5.435 r  input_guard/metadata_valid0_carry__4/CO[3]
                         net (fo=1, routed)           0.865     6.300    product_bank/CO[0]
    SLICE_X24Y11         LUT4 (Prop_lut4_I0_O)        0.124     6.424 r  product_bank/fault_reasons[1]_i_3/O
                         net (fo=9, routed)           0.201     6.625    input_guard/metadata_valid__1
    SLICE_X24Y11         LUT6 (Prop_lut6_I1_O)        0.124     6.749 f  input_guard/descriptor[69]_i_4/O
                         net (fo=1, routed)           0.303     7.053    input_guard/input_fault_now
    SLICE_X24Y10         LUT2 (Prop_lut2_I1_O)        0.124     7.177 f  input_guard/descriptor[69]_i_3/O
                         net (fo=4, routed)           0.557     7.734    result_guard/descriptor_reg[69]_2
    SLICE_X26Y9          LUT3 (Prop_lut3_I2_O)        0.124     7.858 r  result_guard/descriptor[69]_i_1__0/O
                         net (fo=71, routed)          0.804     8.662    input_guard/E[0]
    SLICE_X27Y4          FDCE                                         r  input_guard/descriptor_reg[5]/CE
  -------------------------------------------------------------------    -------------------

                         (clock island_175 rise edge)
                                                      5.714     5.714 r  
                                                      0.000     5.714 r  fft_clk (IN)
                         net (fo=4712, unset)         0.924     6.638    input_guard/fft_clk
    SLICE_X27Y4          FDCE                                         r  input_guard/descriptor_reg[5]/C
                         clock pessimism              0.000     6.638    
                         clock uncertainty           -0.035     6.603    
    SLICE_X27Y4          FDCE (Setup_fdce_C_CE)      -0.205     6.398    input_guard/descriptor_reg[5]
  -------------------------------------------------------------------
                         required time                          6.398    
                         arrival time                          -8.662    
  -------------------------------------------------------------------
                         slack                                 -2.264    

Slack (VIOLATED) :        -2.264ns  (required time - arrival time)
  Source:                 registered_scheduling.state_reg[2]/C
                            (rising edge-triggered cell FDRE clocked by island_175  {rise@0.000ns fall@2.857ns period=5.714ns})
  Destination:            input_guard/descriptor_reg[7]/CE
                            (rising edge-triggered cell FDCE clocked by island_175  {rise@0.000ns fall@2.857ns period=5.714ns})
  Path Group:             island_175
  Path Type:              Setup (Max at Slow Process Corner)
  Requirement:            5.714ns  (island_175 rise@5.714ns - island_175 rise@0.000ns)
  Data Path Delay:        7.689ns  (logic 2.488ns (32.359%)  route 5.201ns (67.641%))
  Logic Levels:           13  (CARRY4=6 LUT2=2 LUT3=1 LUT4=1 LUT6=3)
  Clock Path Skew:        -0.049ns (DCD - SCD + CPR)
    Destination Clock Delay (DCD):    0.924ns = ( 6.638 - 5.714 ) 
    Source Clock Delay      (SCD):    0.973ns
    Clock Pessimism Removal (CPR):    0.000ns
  Clock Uncertainty:      0.035ns  ((TSJ^2 + TIJ^2)^1/2 + DJ) / 2 + PE
    Total System Jitter     (TSJ):    0.071ns
    Total Input Jitter      (TIJ):    0.000ns
    Discrete Jitter          (DJ):    0.000ns
    Phase Error              (PE):    0.000ns

    Location             Delay type                Incr(ns)  Path(ns)    Netlist Resource(s)
  -------------------------------------------------------------------    -------------------
                         (clock island_175 rise edge)
                                                      0.000     0.000 r  
                                                      0.000     0.000 r  fft_clk (IN)
                         net (fo=4712, unset)         0.973     0.973    fft_clk
    SLICE_X32Y7          FDRE                                         r  registered_scheduling.state_reg[2]/C
  -------------------------------------------------------------------    -------------------
    SLICE_X32Y7          FDRE (Prop_fdre_C_Q)         0.518     1.491 r  registered_scheduling.state_reg[2]/Q
                         net (fo=16, routed)          0.859     2.350    result_guard/registered_scheduling.engine_metadata_reg[69]_0
    SLICE_X33Y5          LUT6 (Prop_lut6_I2_O)        0.124     2.474 r  result_guard/registered_scheduling.engine_metadata[69]_i_1/O
                         net (fo=133, routed)         1.038     3.513    product_bank/selected_phase
    SLICE_X30Y3          LUT2 (Prop_lut2_I1_O)        0.124     3.637 r  product_bank/registered_scheduling.engine_metadata[2]_i_2/O
                         net (fo=4, routed)           0.572     4.209    product_bank/metadata_out_hold_reg[68]_0[2]
    SLICE_X29Y5          LUT6 (Prop_lut6_I5_O)        0.124     4.333 r  product_bank/metadata_valid0_carry_i_4/O
                         net (fo=1, routed)           0.000     4.333    input_guard/S[0]
    SLICE_X29Y5          CARRY4 (Prop_carry4_S[0]_CO[3])
                                                      0.532     4.865 r  input_guard/metadata_valid0_carry/CO[3]
                         net (fo=1, routed)           0.000     4.865    input_guard/metadata_valid0_carry_n_0
    SLICE_X29Y6          CARRY4 (Prop_carry4_CI_CO[3])
                                                      0.114     4.979 r  input_guard/metadata_valid0_carry__0/CO[3]
                         net (fo=1, routed)           0.000     4.979    input_guard/metadata_valid0_carry__0_n_0
    SLICE_X29Y7          CARRY4 (Prop_carry4_CI_CO[3])
                                                      0.114     5.093 r  input_guard/metadata_valid0_carry__1/CO[3]
                         net (fo=1, routed)           0.000     5.093    input_guard/metadata_valid0_carry__1_n_0
    SLICE_X29Y8          CARRY4 (Prop_carry4_CI_CO[3])
                                                      0.114     5.207 r  input_guard/metadata_valid0_carry__2/CO[3]
                         net (fo=1, routed)           0.000     5.207    input_guard/metadata_valid0_carry__2_n_0
    SLICE_X29Y9          CARRY4 (Prop_carry4_CI_CO[3])
                                                      0.114     5.321 r  input_guard/metadata_valid0_carry__3/CO[3]
                         net (fo=1, routed)           0.000     5.321    input_guard/metadata_valid0_carry__3_n_0
    SLICE_X29Y10         CARRY4 (Prop_carry4_CI_CO[3])
                                                      0.114     5.435 r  input_guard/metadata_valid0_carry__4/CO[3]
                         net (fo=1, routed)           0.865     6.300    product_bank/CO[0]
    SLICE_X24Y11         LUT4 (Prop_lut4_I0_O)        0.124     6.424 r  product_bank/fault_reasons[1]_i_3/O
                         net (fo=9, routed)           0.201     6.625    input_guard/metadata_valid__1
    SLICE_X24Y11         LUT6 (Prop_lut6_I1_O)        0.124     6.749 f  input_guard/descriptor[69]_i_4/O
                         net (fo=1, routed)           0.303     7.053    input_guard/input_fault_now
    SLICE_X24Y10         LUT2 (Prop_lut2_I1_O)        0.124     7.177 f  input_guard/descriptor[69]_i_3/O
                         net (fo=4, routed)           0.557     7.734    result_guard/descriptor_reg[69]_2
    SLICE_X26Y9          LUT3 (Prop_lut3_I2_O)        0.124     7.858 r  result_guard/descriptor[69]_i_1__0/O
                         net (fo=71, routed)          0.804     8.662    input_guard/E[0]
    SLICE_X27Y4          FDCE                                         r  input_guard/descriptor_reg[7]/CE
  -------------------------------------------------------------------    -------------------

                         (clock island_175 rise edge)
                                                      5.714     5.714 r  
                                                      0.000     5.714 r  fft_clk (IN)
                         net (fo=4712, unset)         0.924     6.638    input_guard/fft_clk
    SLICE_X27Y4          FDCE                                         r  input_guard/descriptor_reg[7]/C
                         clock pessimism              0.000     6.638    
                         clock uncertainty           -0.035     6.603    
    SLICE_X27Y4          FDCE (Setup_fdce_C_CE)      -0.205     6.398    input_guard/descriptor_reg[7]
  -------------------------------------------------------------------
                         required time                          6.398    
                         arrival time                          -8.662    
  -------------------------------------------------------------------
                         slack                                 -2.264    

Slack (VIOLATED) :        -2.264ns  (required time - arrival time)
  Source:                 registered_scheduling.state_reg[2]/C
                            (rising edge-triggered cell FDRE clocked by island_175  {rise@0.000ns fall@2.857ns period=5.714ns})
  Destination:            input_guard/descriptor_reg[8]/CE
                            (rising edge-triggered cell FDCE clocked by island_175  {rise@0.000ns fall@2.857ns period=5.714ns})
  Path Group:             island_175
  Path Type:              Setup (Max at Slow Process Corner)
  Requirement:            5.714ns  (island_175 rise@5.714ns - island_175 rise@0.000ns)
  Data Path Delay:        7.689ns  (logic 2.488ns (32.359%)  route 5.201ns (67.641%))
  Logic Levels:           13  (CARRY4=6 LUT2=2 LUT3=1 LUT4=1 LUT6=3)
  Clock Path Skew:        -0.049ns (DCD - SCD + CPR)
    Destination Clock Delay (DCD):    0.924ns = ( 6.638 - 5.714 ) 
    Source Clock Delay      (SCD):    0.973ns
    Clock Pessimism Removal (CPR):    0.000ns
  Clock Uncertainty:      0.035ns  ((TSJ^2 + TIJ^2)^1/2 + DJ) / 2 + PE
    Total System Jitter     (TSJ):    0.071ns
    Total Input Jitter      (TIJ):    0.000ns
    Discrete Jitter          (DJ):    0.000ns
    Phase Error              (PE):    0.000ns

    Location             Delay type                Incr(ns)  Path(ns)    Netlist Resource(s)
  -------------------------------------------------------------------    -------------------
                         (clock island_175 rise edge)
                                                      0.000     0.000 r  
                                                      0.000     0.000 r  fft_clk (IN)
                         net (fo=4712, unset)         0.973     0.973    fft_clk
    SLICE_X32Y7          FDRE                                         r  registered_scheduling.state_reg[2]/C
  -------------------------------------------------------------------    -------------------
    SLICE_X32Y7          FDRE (Prop_fdre_C_Q)         0.518     1.491 r  registered_scheduling.state_reg[2]/Q
                         net (fo=16, routed)          0.859     2.350    result_guard/registered_scheduling.engine_metadata_reg[69]_0
    SLICE_X33Y5          LUT6 (Prop_lut6_I2_O)        0.124     2.474 r  result_guard/registered_scheduling.engine_metadata[69]_i_1/O
                         net (fo=133, routed)         1.038     3.513    product_bank/selected_phase
    SLICE_X30Y3          LUT2 (Prop_lut2_I1_O)        0.124     3.637 r  product_bank/registered_scheduling.engine_metadata[2]_i_2/O
                         net (fo=4, routed)           0.572     4.209    product_bank/metadata_out_hold_reg[68]_0[2]
    SLICE_X29Y5          LUT6 (Prop_lut6_I5_O)        0.124     4.333 r  product_bank/metadata_valid0_carry_i_4/O
                         net (fo=1, routed)           0.000     4.333    input_guard/S[0]
    SLICE_X29Y5          CARRY4 (Prop_carry4_S[0]_CO[3])
                                                      0.532     4.865 r  input_guard/metadata_valid0_carry/CO[3]
                         net (fo=1, routed)           0.000     4.865    input_guard/metadata_valid0_carry_n_0
    SLICE_X29Y6          CARRY4 (Prop_carry4_CI_CO[3])
                                                      0.114     4.979 r  input_guard/metadata_valid0_carry__0/CO[3]
                         net (fo=1, routed)           0.000     4.979    input_guard/metadata_valid0_carry__0_n_0
    SLICE_X29Y7          CARRY4 (Prop_carry4_CI_CO[3])
                                                      0.114     5.093 r  input_guard/metadata_valid0_carry__1/CO[3]
                         net (fo=1, routed)           0.000     5.093    input_guard/metadata_valid0_carry__1_n_0
    SLICE_X29Y8          CARRY4 (Prop_carry4_CI_CO[3])
                                                      0.114     5.207 r  input_guard/metadata_valid0_carry__2/CO[3]
                         net (fo=1, routed)           0.000     5.207    input_guard/metadata_valid0_carry__2_n_0
    SLICE_X29Y9          CARRY4 (Prop_carry4_CI_CO[3])
                                                      0.114     5.321 r  input_guard/metadata_valid0_carry__3/CO[3]
                         net (fo=1, routed)           0.000     5.321    input_guard/metadata_valid0_carry__3_n_0
    SLICE_X29Y10         CARRY4 (Prop_carry4_CI_CO[3])
                                                      0.114     5.435 r  input_guard/metadata_valid0_carry__4/CO[3]
                         net (fo=1, routed)           0.865     6.300    product_bank/CO[0]
    SLICE_X24Y11         LUT4 (Prop_lut4_I0_O)        0.124     6.424 r  product_bank/fault_reasons[1]_i_3/O
                         net (fo=9, routed)           0.201     6.625    input_guard/metadata_valid__1
    SLICE_X24Y11         LUT6 (Prop_lut6_I1_O)        0.124     6.749 f  input_guard/descriptor[69]_i_4/O
                         net (fo=1, routed)           0.303     7.053    input_guard/input_fault_now
    SLICE_X24Y10         LUT2 (Prop_lut2_I1_O)        0.124     7.177 f  input_guard/descriptor[69]_i_3/O
                         net (fo=4, routed)           0.557     7.734    result_guard/descriptor_reg[69]_2
    SLICE_X26Y9          LUT3 (Prop_lut3_I2_O)        0.124     7.858 r  result_guard/descriptor[69]_i_1__0/O
                         net (fo=71, routed)          0.804     8.662    input_guard/E[0]
    SLICE_X27Y4          FDCE                                         r  input_guard/descriptor_reg[8]/CE
  -------------------------------------------------------------------    -------------------

                         (clock island_175 rise edge)
                                                      5.714     5.714 r  
                                                      0.000     5.714 r  fft_clk (IN)
                         net (fo=4712, unset)         0.924     6.638    input_guard/fft_clk
    SLICE_X27Y4          FDCE                                         r  input_guard/descriptor_reg[8]/C
                         clock pessimism              0.000     6.638    
                         clock uncertainty           -0.035     6.603    
    SLICE_X27Y4          FDCE (Setup_fdce_C_CE)      -0.205     6.398    input_guard/descriptor_reg[8]
  -------------------------------------------------------------------
                         required time                          6.398    
                         arrival time                          -8.662    
  -------------------------------------------------------------------
                         slack                                 -2.264    

Slack (VIOLATED) :        -2.264ns  (required time - arrival time)
  Source:                 registered_scheduling.state_reg[2]/C
                            (rising edge-triggered cell FDRE clocked by island_175  {rise@0.000ns fall@2.857ns period=5.714ns})
  Destination:            input_guard/descriptor_reg[9]/CE
                            (rising edge-triggered cell FDCE clocked by island_175  {rise@0.000ns fall@2.857ns period=5.714ns})
  Path Group:             island_175
  Path Type:              Setup (Max at Slow Process Corner)
  Requirement:            5.714ns  (island_175 rise@5.714ns - island_175 rise@0.000ns)
  Data Path Delay:        7.689ns  (logic 2.488ns (32.359%)  route 5.201ns (67.641%))
  Logic Levels:           13  (CARRY4=6 LUT2=2 LUT3=1 LUT4=1 LUT6=3)
  Clock Path Skew:        -0.049ns (DCD - SCD + CPR)
    Destination Clock Delay (DCD):    0.924ns = ( 6.638 - 5.714 ) 
    Source Clock Delay      (SCD):    0.973ns
    Clock Pessimism Removal (CPR):    0.000ns
  Clock Uncertainty:      0.035ns  ((TSJ^2 + TIJ^2)^1/2 + DJ) / 2 + PE
    Total System Jitter     (TSJ):    0.071ns
    Total Input Jitter      (TIJ):    0.000ns
    Discrete Jitter          (DJ):    0.000ns
    Phase Error              (PE):    0.000ns

    Location             Delay type                Incr(ns)  Path(ns)    Netlist Resource(s)
  -------------------------------------------------------------------    -------------------
                         (clock island_175 rise edge)
                                                      0.000     0.000 r  
                                                      0.000     0.000 r  fft_clk (IN)
                         net (fo=4712, unset)         0.973     0.973    fft_clk
    SLICE_X32Y7          FDRE                                         r  registered_scheduling.state_reg[2]/C
  -------------------------------------------------------------------    -------------------
    SLICE_X32Y7          FDRE (Prop_fdre_C_Q)         0.518     1.491 r  registered_scheduling.state_reg[2]/Q
                         net (fo=16, routed)          0.859     2.350    result_guard/registered_scheduling.engine_metadata_reg[69]_0
    SLICE_X33Y5          LUT6 (Prop_lut6_I2_O)        0.124     2.474 r  result_guard/registered_scheduling.engine_metadata[69]_i_1/O
                         net (fo=133, routed)         1.038     3.513    product_bank/selected_phase
    SLICE_X30Y3          LUT2 (Prop_lut2_I1_O)        0.124     3.637 r  product_bank/registered_scheduling.engine_metadata[2]_i_2/O
                         net (fo=4, routed)           0.572     4.209    product_bank/metadata_out_hold_reg[68]_0[2]
    SLICE_X29Y5          LUT6 (Prop_lut6_I5_O)        0.124     4.333 r  product_bank/metadata_valid0_carry_i_4/O
                         net (fo=1, routed)           0.000     4.333    input_guard/S[0]
    SLICE_X29Y5          CARRY4 (Prop_carry4_S[0]_CO[3])
                                                      0.532     4.865 r  input_guard/metadata_valid0_carry/CO[3]
                         net (fo=1, routed)           0.000     4.865    input_guard/metadata_valid0_carry_n_0
    SLICE_X29Y6          CARRY4 (Prop_carry4_CI_CO[3])
                                                      0.114     4.979 r  input_guard/metadata_valid0_carry__0/CO[3]
                         net (fo=1, routed)           0.000     4.979    input_guard/metadata_valid0_carry__0_n_0
    SLICE_X29Y7          CARRY4 (Prop_carry4_CI_CO[3])
                                                      0.114     5.093 r  input_guard/metadata_valid0_carry__1/CO[3]
                         net (fo=1, routed)           0.000     5.093    input_guard/metadata_valid0_carry__1_n_0
    SLICE_X29Y8          CARRY4 (Prop_carry4_CI_CO[3])
                                                      0.114     5.207 r  input_guard/metadata_valid0_carry__2/CO[3]
                         net (fo=1, routed)           0.000     5.207    input_guard/metadata_valid0_carry__2_n_0
    SLICE_X29Y9          CARRY4 (Prop_carry4_CI_CO[3])
                                                      0.114     5.321 r  input_guard/metadata_valid0_carry__3/CO[3]
                         net (fo=1, routed)           0.000     5.321    input_guard/metadata_valid0_carry__3_n_0
    SLICE_X29Y10         CARRY4 (Prop_carry4_CI_CO[3])
                                                      0.114     5.435 r  input_guard/metadata_valid0_carry__4/CO[3]
                         net (fo=1, routed)           0.865     6.300    product_bank/CO[0]
    SLICE_X24Y11         LUT4 (Prop_lut4_I0_O)        0.124     6.424 r  product_bank/fault_reasons[1]_i_3/O
                         net (fo=9, routed)           0.201     6.625    input_guard/metadata_valid__1
    SLICE_X24Y11         LUT6 (Prop_lut6_I1_O)        0.124     6.749 f  input_guard/descriptor[69]_i_4/O
                         net (fo=1, routed)           0.303     7.053    input_guard/input_fault_now
    SLICE_X24Y10         LUT2 (Prop_lut2_I1_O)        0.124     7.177 f  input_guard/descriptor[69]_i_3/O
                         net (fo=4, routed)           0.557     7.734    result_guard/descriptor_reg[69]_2
    SLICE_X26Y9          LUT3 (Prop_lut3_I2_O)        0.124     7.858 r  result_guard/descriptor[69]_i_1__0/O
                         net (fo=71, routed)          0.804     8.662    input_guard/E[0]
    SLICE_X27Y4          FDCE                                         r  input_guard/descriptor_reg[9]/CE
  -------------------------------------------------------------------    -------------------

                         (clock island_175 rise edge)
                                                      5.714     5.714 r  
                                                      0.000     5.714 r  fft_clk (IN)
                         net (fo=4712, unset)         0.924     6.638    input_guard/fft_clk
    SLICE_X27Y4          FDCE                                         r  input_guard/descriptor_reg[9]/C
                         clock pessimism              0.000     6.638    
                         clock uncertainty           -0.035     6.603    
    SLICE_X27Y4          FDCE (Setup_fdce_C_CE)      -0.205     6.398    input_guard/descriptor_reg[9]
  -------------------------------------------------------------------
                         required time                          6.398    
                         arrival time                          -8.662    
  -------------------------------------------------------------------
                         slack                                 -2.264    

Slack (VIOLATED) :        -2.202ns  (required time - arrival time)
  Source:                 registered_scheduling.state_reg[2]/C
                            (rising edge-triggered cell FDRE clocked by island_175  {rise@0.000ns fall@2.857ns period=5.714ns})
  Destination:            input_guard/descriptor_reg[15]/CE
                            (rising edge-triggered cell FDCE clocked by island_175  {rise@0.000ns fall@2.857ns period=5.714ns})
  Path Group:             island_175
  Path Type:              Setup (Max at Slow Process Corner)
  Requirement:            5.714ns  (island_175 rise@5.714ns - island_175 rise@0.000ns)
  Data Path Delay:        7.627ns  (logic 2.488ns (32.623%)  route 5.139ns (67.377%))
  Logic Levels:           13  (CARRY4=6 LUT2=2 LUT3=1 LUT4=1 LUT6=3)
  Clock Path Skew:        -0.049ns (DCD - SCD + CPR)
    Destination Clock Delay (DCD):    0.924ns = ( 6.638 - 5.714 ) 
    Source Clock Delay      (SCD):    0.973ns
    Clock Pessimism Removal (CPR):    0.000ns
  Clock Uncertainty:      0.035ns  ((TSJ^2 + TIJ^2)^1/2 + DJ) / 2 + PE
    Total System Jitter     (TSJ):    0.071ns
    Total Input Jitter      (TIJ):    0.000ns
    Discrete Jitter          (DJ):    0.000ns
    Phase Error              (PE):    0.000ns

    Location             Delay type                Incr(ns)  Path(ns)    Netlist Resource(s)
  -------------------------------------------------------------------    -------------------
                         (clock island_175 rise edge)
                                                      0.000     0.000 r  
                                                      0.000     0.000 r  fft_clk (IN)
                         net (fo=4712, unset)         0.973     0.973    fft_clk
    SLICE_X32Y7          FDRE                                         r  registered_scheduling.state_reg[2]/C
  -------------------------------------------------------------------    -------------------
    SLICE_X32Y7          FDRE (Prop_fdre_C_Q)         0.518     1.491 r  registered_scheduling.state_reg[2]/Q
                         net (fo=16, routed)          0.859     2.350    result_guard/registered_scheduling.engine_metadata_reg[69]_0
    SLICE_X33Y5          LUT6 (Prop_lut6_I2_O)        0.124     2.474 r  result_guard/registered_scheduling.engine_metadata[69]_i_1/O
                         net (fo=133, routed)         1.038     3.513    product_bank/selected_phase
    SLICE_X30Y3          LUT2 (Prop_lut2_I1_O)        0.124     3.637 r  product_bank/registered_scheduling.engine_metadata[2]_i_2/O
                         net (fo=4, routed)           0.572     4.209    product_bank/metadata_out_hold_reg[68]_0[2]
    SLICE_X29Y5          LUT6 (Prop_lut6_I5_O)        0.124     4.333 r  product_bank/metadata_valid0_carry_i_4/O
                         net (fo=1, routed)           0.000     4.333    input_guard/S[0]
    SLICE_X29Y5          CARRY4 (Prop_carry4_S[0]_CO[3])
                                                      0.532     4.865 r  input_guard/metadata_valid0_carry/CO[3]
                         net (fo=1, routed)           0.000     4.865    input_guard/metadata_valid0_carry_n_0
    SLICE_X29Y6          CARRY4 (Prop_carry4_CI_CO[3])
                                                      0.114     4.979 r  input_guard/metadata_valid0_carry__0/CO[3]
                         net (fo=1, routed)           0.000     4.979    input_guard/metadata_valid0_carry__0_n_0
    SLICE_X29Y7          CARRY4 (Prop_carry4_CI_CO[3])
                                                      0.114     5.093 r  input_guard/metadata_valid0_carry__1/CO[3]
                         net (fo=1, routed)           0.000     5.093    input_guard/metadata_valid0_carry__1_n_0
    SLICE_X29Y8          CARRY4 (Prop_carry4_CI_CO[3])
                                                      0.114     5.207 r  input_guard/metadata_valid0_carry__2/CO[3]
                         net (fo=1, routed)           0.000     5.207    input_guard/metadata_valid0_carry__2_n_0
    SLICE_X29Y9          CARRY4 (Prop_carry4_CI_CO[3])
                                                      0.114     5.321 r  input_guard/metadata_valid0_carry__3/CO[3]
                         net (fo=1, routed)           0.000     5.321    input_guard/metadata_valid0_carry__3_n_0
    SLICE_X29Y10         CARRY4 (Prop_carry4_CI_CO[3])
                                                      0.114     5.435 r  input_guard/metadata_valid0_carry__4/CO[3]
                         net (fo=1, routed)           0.865     6.300    product_bank/CO[0]
    SLICE_X24Y11         LUT4 (Prop_lut4_I0_O)        0.124     6.424 r  product_bank/fault_reasons[1]_i_3/O
                         net (fo=9, routed)           0.201     6.625    input_guard/metadata_valid__1
    SLICE_X24Y11         LUT6 (Prop_lut6_I1_O)        0.124     6.749 f  input_guard/descriptor[69]_i_4/O
                         net (fo=1, routed)           0.303     7.053    input_guard/input_fault_now
    SLICE_X24Y10         LUT2 (Prop_lut2_I1_O)        0.124     7.177 f  input_guard/descriptor[69]_i_3/O
                         net (fo=4, routed)           0.557     7.734    result_guard/descriptor_reg[69]_2
    SLICE_X26Y9          LUT3 (Prop_lut3_I2_O)        0.124     7.858 r  result_guard/descriptor[69]_i_1__0/O
                         net (fo=71, routed)          0.742     8.600    input_guard/E[0]
    SLICE_X29Y3          FDCE                                         r  input_guard/descriptor_reg[15]/CE
  -------------------------------------------------------------------    -------------------

                         (clock island_175 rise edge)
                                                      5.714     5.714 r  
                                                      0.000     5.714 r  fft_clk (IN)
                         net (fo=4712, unset)         0.924     6.638    input_guard/fft_clk
    SLICE_X29Y3          FDCE                                         r  input_guard/descriptor_reg[15]/C
                         clock pessimism              0.000     6.638    
                         clock uncertainty           -0.035     6.603    
    SLICE_X29Y3          FDCE (Setup_fdce_C_CE)      -0.205     6.398    input_guard/descriptor_reg[15]
  -------------------------------------------------------------------
                         required time                          6.398    
                         arrival time                          -8.600    
  -------------------------------------------------------------------
                         slack                                 -2.202    

Slack (VIOLATED) :        -2.202ns  (required time - arrival time)
  Source:                 registered_scheduling.state_reg[2]/C
                            (rising edge-triggered cell FDRE clocked by island_175  {rise@0.000ns fall@2.857ns period=5.714ns})
  Destination:            input_guard/descriptor_reg[3]/CE
                            (rising edge-triggered cell FDCE clocked by island_175  {rise@0.000ns fall@2.857ns period=5.714ns})
  Path Group:             island_175
  Path Type:              Setup (Max at Slow Process Corner)
  Requirement:            5.714ns  (island_175 rise@5.714ns - island_175 rise@0.000ns)
  Data Path Delay:        7.627ns  (logic 2.488ns (32.623%)  route 5.139ns (67.377%))
  Logic Levels:           13  (CARRY4=6 LUT2=2 LUT3=1 LUT4=1 LUT6=3)
  Clock Path Skew:        -0.049ns (DCD - SCD + CPR)
    Destination Clock Delay (DCD):    0.924ns = ( 6.638 - 5.714 ) 
    Source Clock Delay      (SCD):    0.973ns
    Clock Pessimism Removal (CPR):    0.000ns
  Clock Uncertainty:      0.035ns  ((TSJ^2 + TIJ^2)^1/2 + DJ) / 2 + PE
    Total System Jitter     (TSJ):    0.071ns
    Total Input Jitter      (TIJ):    0.000ns
    Discrete Jitter          (DJ):    0.000ns
    Phase Error              (PE):    0.000ns

    Location             Delay type                Incr(ns)  Path(ns)    Netlist Resource(s)
  -------------------------------------------------------------------    -------------------
                         (clock island_175 rise edge)
                                                      0.000     0.000 r  
                                                      0.000     0.000 r  fft_clk (IN)
                         net (fo=4712, unset)         0.973     0.973    fft_clk
    SLICE_X32Y7          FDRE                                         r  registered_scheduling.state_reg[2]/C
  -------------------------------------------------------------------    -------------------
    SLICE_X32Y7          FDRE (Prop_fdre_C_Q)         0.518     1.491 r  registered_scheduling.state_reg[2]/Q
                         net (fo=16, routed)          0.859     2.350    result_guard/registered_scheduling.engine_metadata_reg[69]_0
    SLICE_X33Y5          LUT6 (Prop_lut6_I2_O)        0.124     2.474 r  result_guard/registered_scheduling.engine_metadata[69]_i_1/O
                         net (fo=133, routed)         1.038     3.513    product_bank/selected_phase
    SLICE_X30Y3          LUT2 (Prop_lut2_I1_O)        0.124     3.637 r  product_bank/registered_scheduling.engine_metadata[2]_i_2/O
                         net (fo=4, routed)           0.572     4.209    product_bank/metadata_out_hold_reg[68]_0[2]
    SLICE_X29Y5          LUT6 (Prop_lut6_I5_O)        0.124     4.333 r  product_bank/metadata_valid0_carry_i_4/O
                         net (fo=1, routed)           0.000     4.333    input_guard/S[0]
    SLICE_X29Y5          CARRY4 (Prop_carry4_S[0]_CO[3])
                                                      0.532     4.865 r  input_guard/metadata_valid0_carry/CO[3]
                         net (fo=1, routed)           0.000     4.865    input_guard/metadata_valid0_carry_n_0
    SLICE_X29Y6          CARRY4 (Prop_carry4_CI_CO[3])
                                                      0.114     4.979 r  input_guard/metadata_valid0_carry__0/CO[3]
                         net (fo=1, routed)           0.000     4.979    input_guard/metadata_valid0_carry__0_n_0
    SLICE_X29Y7          CARRY4 (Prop_carry4_CI_CO[3])
                                                      0.114     5.093 r  input_guard/metadata_valid0_carry__1/CO[3]
                         net (fo=1, routed)           0.000     5.093    input_guard/metadata_valid0_carry__1_n_0
    SLICE_X29Y8          CARRY4 (Prop_carry4_CI_CO[3])
                                                      0.114     5.207 r  input_guard/metadata_valid0_carry__2/CO[3]
                         net (fo=1, routed)           0.000     5.207    input_guard/metadata_valid0_carry__2_n_0
    SLICE_X29Y9          CARRY4 (Prop_carry4_CI_CO[3])
                                                      0.114     5.321 r  input_guard/metadata_valid0_carry__3/CO[3]
                         net (fo=1, routed)           0.000     5.321    input_guard/metadata_valid0_carry__3_n_0
    SLICE_X29Y10         CARRY4 (Prop_carry4_CI_CO[3])
                                                      0.114     5.435 r  input_guard/metadata_valid0_carry__4/CO[3]
                         net (fo=1, routed)           0.865     6.300    product_bank/CO[0]
    SLICE_X24Y11         LUT4 (Prop_lut4_I0_O)        0.124     6.424 r  product_bank/fault_reasons[1]_i_3/O
                         net (fo=9, routed)           0.201     6.625    input_guard/metadata_valid__1
    SLICE_X24Y11         LUT6 (Prop_lut6_I1_O)        0.124     6.749 f  input_guard/descriptor[69]_i_4/O
                         net (fo=1, routed)           0.303     7.053    input_guard/input_fault_now
    SLICE_X24Y10         LUT2 (Prop_lut2_I1_O)        0.124     7.177 f  input_guard/descriptor[69]_i_3/O
                         net (fo=4, routed)           0.557     7.734    result_guard/descriptor_reg[69]_2
    SLICE_X26Y9          LUT3 (Prop_lut3_I2_O)        0.124     7.858 r  result_guard/descriptor[69]_i_1__0/O
                         net (fo=71, routed)          0.742     8.600    input_guard/E[0]
    SLICE_X29Y3          FDCE                                         r  input_guard/descriptor_reg[3]/CE
  -------------------------------------------------------------------    -------------------

                         (clock island_175 rise edge)
                                                      5.714     5.714 r  
                                                      0.000     5.714 r  fft_clk (IN)
                         net (fo=4712, unset)         0.924     6.638    input_guard/fft_clk
    SLICE_X29Y3          FDCE                                         r  input_guard/descriptor_reg[3]/C
                         clock pessimism              0.000     6.638    
                         clock uncertainty           -0.035     6.603    
    SLICE_X29Y3          FDCE (Setup_fdce_C_CE)      -0.205     6.398    input_guard/descriptor_reg[3]
  -------------------------------------------------------------------
                         required time                          6.398    
                         arrival time                          -8.600    
  -------------------------------------------------------------------
                         slack                                 -2.202    

Slack (VIOLATED) :        -2.202ns  (required time - arrival time)
  Source:                 registered_scheduling.state_reg[2]/C
                            (rising edge-triggered cell FDRE clocked by island_175  {rise@0.000ns fall@2.857ns period=5.714ns})
  Destination:            input_guard/descriptor_reg[4]/CE
                            (rising edge-triggered cell FDCE clocked by island_175  {rise@0.000ns fall@2.857ns period=5.714ns})
  Path Group:             island_175
  Path Type:              Setup (Max at Slow Process Corner)
  Requirement:            5.714ns  (island_175 rise@5.714ns - island_175 rise@0.000ns)
  Data Path Delay:        7.627ns  (logic 2.488ns (32.623%)  route 5.139ns (67.377%))
  Logic Levels:           13  (CARRY4=6 LUT2=2 LUT3=1 LUT4=1 LUT6=3)
  Clock Path Skew:        -0.049ns (DCD - SCD + CPR)
    Destination Clock Delay (DCD):    0.924ns = ( 6.638 - 5.714 ) 
    Source Clock Delay      (SCD):    0.973ns
    Clock Pessimism Removal (CPR):    0.000ns
  Clock Uncertainty:      0.035ns  ((TSJ^2 + TIJ^2)^1/2 + DJ) / 2 + PE
    Total System Jitter     (TSJ):    0.071ns
    Total Input Jitter      (TIJ):    0.000ns
    Discrete Jitter          (DJ):    0.000ns
    Phase Error              (PE):    0.000ns

    Location             Delay type                Incr(ns)  Path(ns)    Netlist Resource(s)
  -------------------------------------------------------------------    -------------------
                         (clock island_175 rise edge)
                                                      0.000     0.000 r  
                                                      0.000     0.000 r  fft_clk (IN)
                         net (fo=4712, unset)         0.973     0.973    fft_clk
    SLICE_X32Y7          FDRE                                         r  registered_scheduling.state_reg[2]/C
  -------------------------------------------------------------------    -------------------
    SLICE_X32Y7          FDRE (Prop_fdre_C_Q)         0.518     1.491 r  registered_scheduling.state_reg[2]/Q
                         net (fo=16, routed)          0.859     2.350    result_guard/registered_scheduling.engine_metadata_reg[69]_0
    SLICE_X33Y5          LUT6 (Prop_lut6_I2_O)        0.124     2.474 r  result_guard/registered_scheduling.engine_metadata[69]_i_1/O
                         net (fo=133, routed)         1.038     3.513    product_bank/selected_phase
    SLICE_X30Y3          LUT2 (Prop_lut2_I1_O)        0.124     3.637 r  product_bank/registered_scheduling.engine_metadata[2]_i_2/O
                         net (fo=4, routed)           0.572     4.209    product_bank/metadata_out_hold_reg[68]_0[2]
    SLICE_X29Y5          LUT6 (Prop_lut6_I5_O)        0.124     4.333 r  product_bank/metadata_valid0_carry_i_4/O
                         net (fo=1, routed)           0.000     4.333    input_guard/S[0]
    SLICE_X29Y5          CARRY4 (Prop_carry4_S[0]_CO[3])
                                                      0.532     4.865 r  input_guard/metadata_valid0_carry/CO[3]
                         net (fo=1, routed)           0.000     4.865    input_guard/metadata_valid0_carry_n_0
    SLICE_X29Y6          CARRY4 (Prop_carry4_CI_CO[3])
                                                      0.114     4.979 r  input_guard/metadata_valid0_carry__0/CO[3]
                         net (fo=1, routed)           0.000     4.979    input_guard/metadata_valid0_carry__0_n_0
    SLICE_X29Y7          CARRY4 (Prop_carry4_CI_CO[3])
                                                      0.114     5.093 r  input_guard/metadata_valid0_carry__1/CO[3]
                         net (fo=1, routed)           0.000     5.093    input_guard/metadata_valid0_carry__1_n_0
    SLICE_X29Y8          CARRY4 (Prop_carry4_CI_CO[3])
                                                      0.114     5.207 r  input_guard/metadata_valid0_carry__2/CO[3]
                         net (fo=1, routed)           0.000     5.207    input_guard/metadata_valid0_carry__2_n_0
    SLICE_X29Y9          CARRY4 (Prop_carry4_CI_CO[3])
                                                      0.114     5.321 r  input_guard/metadata_valid0_carry__3/CO[3]
                         net (fo=1, routed)           0.000     5.321    input_guard/metadata_valid0_carry__3_n_0
    SLICE_X29Y10         CARRY4 (Prop_carry4_CI_CO[3])
                                                      0.114     5.435 r  input_guard/metadata_valid0_carry__4/CO[3]
                         net (fo=1, routed)           0.865     6.300    product_bank/CO[0]
    SLICE_X24Y11         LUT4 (Prop_lut4_I0_O)        0.124     6.424 r  product_bank/fault_reasons[1]_i_3/O
                         net (fo=9, routed)           0.201     6.625    input_guard/metadata_valid__1
    SLICE_X24Y11         LUT6 (Prop_lut6_I1_O)        0.124     6.749 f  input_guard/descriptor[69]_i_4/O
                         net (fo=1, routed)           0.303     7.053    input_guard/input_fault_now
    SLICE_X24Y10         LUT2 (Prop_lut2_I1_O)        0.124     7.177 f  input_guard/descriptor[69]_i_3/O
                         net (fo=4, routed)           0.557     7.734    result_guard/descriptor_reg[69]_2
    SLICE_X26Y9          LUT3 (Prop_lut3_I2_O)        0.124     7.858 r  result_guard/descriptor[69]_i_1__0/O
                         net (fo=71, routed)          0.742     8.600    input_guard/E[0]
    SLICE_X29Y3          FDCE                                         r  input_guard/descriptor_reg[4]/CE
  -------------------------------------------------------------------    -------------------

                         (clock island_175 rise edge)
                                                      5.714     5.714 r  
                                                      0.000     5.714 r  fft_clk (IN)
                         net (fo=4712, unset)         0.924     6.638    input_guard/fft_clk
    SLICE_X29Y3          FDCE                                         r  input_guard/descriptor_reg[4]/C
                         clock pessimism              0.000     6.638    
                         clock uncertainty           -0.035     6.603    
    SLICE_X29Y3          FDCE (Setup_fdce_C_CE)      -0.205     6.398    input_guard/descriptor_reg[4]
  -------------------------------------------------------------------
                         required time                          6.398    
                         arrival time                          -8.600    
  -------------------------------------------------------------------
                         slack                                 -2.202    

Slack (VIOLATED) :        -2.202ns  (required time - arrival time)
  Source:                 registered_scheduling.state_reg[2]/C
                            (rising edge-triggered cell FDRE clocked by island_175  {rise@0.000ns fall@2.857ns period=5.714ns})
  Destination:            input_guard/descriptor_reg[6]/CE
                            (rising edge-triggered cell FDCE clocked by island_175  {rise@0.000ns fall@2.857ns period=5.714ns})
  Path Group:             island_175
  Path Type:              Setup (Max at Slow Process Corner)
  Requirement:            5.714ns  (island_175 rise@5.714ns - island_175 rise@0.000ns)
  Data Path Delay:        7.627ns  (logic 2.488ns (32.623%)  route 5.139ns (67.377%))
  Logic Levels:           13  (CARRY4=6 LUT2=2 LUT3=1 LUT4=1 LUT6=3)
  Clock Path Skew:        -0.049ns (DCD - SCD + CPR)
    Destination Clock Delay (DCD):    0.924ns = ( 6.638 - 5.714 ) 
    Source Clock Delay      (SCD):    0.973ns
    Clock Pessimism Removal (CPR):    0.000ns
  Clock Uncertainty:      0.035ns  ((TSJ^2 + TIJ^2)^1/2 + DJ) / 2 + PE
    Total System Jitter     (TSJ):    0.071ns
    Total Input Jitter      (TIJ):    0.000ns
    Discrete Jitter          (DJ):    0.000ns
    Phase Error              (PE):    0.000ns

    Location             Delay type                Incr(ns)  Path(ns)    Netlist Resource(s)
  -------------------------------------------------------------------    -------------------
                         (clock island_175 rise edge)
                                                      0.000     0.000 r  
                                                      0.000     0.000 r  fft_clk (IN)
                         net (fo=4712, unset)         0.973     0.973    fft_clk
    SLICE_X32Y7          FDRE                                         r  registered_scheduling.state_reg[2]/C
  -------------------------------------------------------------------    -------------------
    SLICE_X32Y7          FDRE (Prop_fdre_C_Q)         0.518     1.491 r  registered_scheduling.state_reg[2]/Q
                         net (fo=16, routed)          0.859     2.350    result_guard/registered_scheduling.engine_metadata_reg[69]_0
    SLICE_X33Y5          LUT6 (Prop_lut6_I2_O)        0.124     2.474 r  result_guard/registered_scheduling.engine_metadata[69]_i_1/O
                         net (fo=133, routed)         1.038     3.513    product_bank/selected_phase
    SLICE_X30Y3          LUT2 (Prop_lut2_I1_O)        0.124     3.637 r  product_bank/registered_scheduling.engine_metadata[2]_i_2/O
                         net (fo=4, routed)           0.572     4.209    product_bank/metadata_out_hold_reg[68]_0[2]
    SLICE_X29Y5          LUT6 (Prop_lut6_I5_O)        0.124     4.333 r  product_bank/metadata_valid0_carry_i_4/O
                         net (fo=1, routed)           0.000     4.333    input_guard/S[0]
    SLICE_X29Y5          CARRY4 (Prop_carry4_S[0]_CO[3])
                                                      0.532     4.865 r  input_guard/metadata_valid0_carry/CO[3]
                         net (fo=1, routed)           0.000     4.865    input_guard/metadata_valid0_carry_n_0
    SLICE_X29Y6          CARRY4 (Prop_carry4_CI_CO[3])
                                                      0.114     4.979 r  input_guard/metadata_valid0_carry__0/CO[3]
                         net (fo=1, routed)           0.000     4.979    input_guard/metadata_valid0_carry__0_n_0
    SLICE_X29Y7          CARRY4 (Prop_carry4_CI_CO[3])
                                                      0.114     5.093 r  input_guard/metadata_valid0_carry__1/CO[3]
                         net (fo=1, routed)           0.000     5.093    input_guard/metadata_valid0_carry__1_n_0
    SLICE_X29Y8          CARRY4 (Prop_carry4_CI_CO[3])
                                                      0.114     5.207 r  input_guard/metadata_valid0_carry__2/CO[3]
                         net (fo=1, routed)           0.000     5.207    input_guard/metadata_valid0_carry__2_n_0
    SLICE_X29Y9          CARRY4 (Prop_carry4_CI_CO[3])
                                                      0.114     5.321 r  input_guard/metadata_valid0_carry__3/CO[3]
                         net (fo=1, routed)           0.000     5.321    input_guard/metadata_valid0_carry__3_n_0
    SLICE_X29Y10         CARRY4 (Prop_carry4_CI_CO[3])
                                                      0.114     5.435 r  input_guard/metadata_valid0_carry__4/CO[3]
                         net (fo=1, routed)           0.865     6.300    product_bank/CO[0]
    SLICE_X24Y11         LUT4 (Prop_lut4_I0_O)        0.124     6.424 r  product_bank/fault_reasons[1]_i_3/O
                         net (fo=9, routed)           0.201     6.625    input_guard/metadata_valid__1
    SLICE_X24Y11         LUT6 (Prop_lut6_I1_O)        0.124     6.749 f  input_guard/descriptor[69]_i_4/O
                         net (fo=1, routed)           0.303     7.053    input_guard/input_fault_now
    SLICE_X24Y10         LUT2 (Prop_lut2_I1_O)        0.124     7.177 f  input_guard/descriptor[69]_i_3/O
                         net (fo=4, routed)           0.557     7.734    result_guard/descriptor_reg[69]_2
    SLICE_X26Y9          LUT3 (Prop_lut3_I2_O)        0.124     7.858 r  result_guard/descriptor[69]_i_1__0/O
                         net (fo=71, routed)          0.742     8.600    input_guard/E[0]
    SLICE_X29Y3          FDCE                                         r  input_guard/descriptor_reg[6]/CE
  -------------------------------------------------------------------    -------------------

                         (clock island_175 rise edge)
                                                      5.714     5.714 r  
                                                      0.000     5.714 r  fft_clk (IN)
                         net (fo=4712, unset)         0.924     6.638    input_guard/fft_clk
    SLICE_X29Y3          FDCE                                         r  input_guard/descriptor_reg[6]/C
                         clock pessimism              0.000     6.638    
                         clock uncertainty           -0.035     6.603    
    SLICE_X29Y3          FDCE (Setup_fdce_C_CE)      -0.205     6.398    input_guard/descriptor_reg[6]
  -------------------------------------------------------------------
                         required time                          6.398    
                         arrival time                          -8.600    
  -------------------------------------------------------------------
                         slack                                 -2.202    

Slack (VIOLATED) :        -2.153ns  (required time - arrival time)
  Source:                 product/output_block_start_index_reg[43]/C
                            (rising edge-triggered cell FDRE clocked by island_175  {rise@0.000ns fall@2.857ns period=5.714ns})
  Destination:            joiner/kernel_rom/output_kernel_word_reg/ENARDEN
                            (rising edge-triggered cell RAMB18E1 clocked by island_175  {rise@0.000ns fall@2.857ns period=5.714ns})
  Path Group:             island_175
  Path Type:              Setup (Max at Slow Process Corner)
  Requirement:            5.714ns  (island_175 rise@5.714ns - island_175 rise@0.000ns)
  Data Path Delay:        7.340ns  (logic 1.710ns (23.299%)  route 5.630ns (76.701%))
  Logic Levels:           9  (LUT4=1 LUT5=3 LUT6=5)
  Clock Path Skew:        -0.049ns (DCD - SCD + CPR)
    Destination Clock Delay (DCD):    0.924ns = ( 6.638 - 5.714 ) 
    Source Clock Delay      (SCD):    0.973ns
    Clock Pessimism Removal (CPR):    0.000ns
  Clock Uncertainty:      0.035ns  ((TSJ^2 + TIJ^2)^1/2 + DJ) / 2 + PE
    Total System Jitter     (TSJ):    0.071ns
    Total Input Jitter      (TIJ):    0.000ns
    Discrete Jitter          (DJ):    0.000ns
    Phase Error              (PE):    0.000ns

    Location             Delay type                Incr(ns)  Path(ns)    Netlist Resource(s)
  -------------------------------------------------------------------    -------------------
                         (clock island_175 rise edge)
                                                      0.000     0.000 r  
                                                      0.000     0.000 r  fft_clk (IN)
                         net (fo=4712, unset)         0.973     0.973    product/fft_clk
    SLICE_X26Y2          FDRE                                         r  product/output_block_start_index_reg[43]/C
  -------------------------------------------------------------------    -------------------
    SLICE_X26Y2          FDRE (Prop_fdre_C_Q)         0.419     1.392 r  product/output_block_start_index_reg[43]/Q
                         net (fo=2, routed)           1.111     2.503    product_bank/D[48]
    SLICE_X27Y2          LUT6 (Prop_lut6_I0_O)        0.299     2.802 r  product_bank/balanced_metadata.leaf_equal_orig0_inferred__15/i_/O
                         net (fo=1, routed)           0.813     3.615    product_bank/balanced_metadata.leaf_equal[16]
    SLICE_X24Y2          LUT6 (Prop_lut6_I2_O)        0.124     3.739 r  product_bank/balanced_metadata.group_equal_orig0_inferred__1/i_/O
                         net (fo=1, routed)           0.715     4.453    product_bank/balanced_metadata.group_equal[2]
    SLICE_X25Y4          LUT4 (Prop_lut4_I3_O)        0.124     4.577 r  product_bank/request_toggle_i_4/O
                         net (fo=1, routed)           0.455     5.033    product_bank/request_toggle_i_4_n_0
    SLICE_X21Y5          LUT5 (Prop_lut5_I1_O)        0.124     5.157 r  product_bank/request_toggle_i_3/O
                         net (fo=4, routed)           0.175     5.332    product_bank/input_framing_valid__2
    SLICE_X21Y5          LUT6 (Prop_lut6_I1_O)        0.124     5.456 f  product_bank/commit_pulse_i_10/O
                         net (fo=1, routed)           0.707     6.163    input_guard/output_kernel_word_reg_i_11_0
    SLICE_X19Y6          LUT5 (Prop_lut5_I4_O)        0.124     6.287 f  input_guard/commit_pulse_i_5/O
                         net (fo=6, routed)           0.348     6.635    result_guard/p_7_in
    SLICE_X19Y6          LUT5 (Prop_lut5_I2_O)        0.124     6.759 r  result_guard/output_kernel_word_reg_i_11/O
                         net (fo=4, routed)           0.384     7.143    result_guard/output_kernel_word_reg_i_11_n_0
    SLICE_X18Y6          LUT6 (Prop_lut6_I5_O)        0.124     7.267 r  result_guard/output_kernel_word_reg_i_5/O
                         net (fo=3, routed)           0.480     7.747    joiner/kernel_rom/output_kernel_word_reg_i_5_n_0_alias
    SLICE_X23Y7          LUT6 (Prop_lut6_I4_O)        0.124     7.871 r  joiner/kernel_rom/output_kernel_word_reg_i_1_comp/O
                         net (fo=2, routed)           0.442     8.313    joiner/kernel_rom/output_kernel_word_reg_i_1_n_0
    RAMB18_X1Y2          RAMB18E1                                     r  joiner/kernel_rom/output_kernel_word_reg/ENARDEN
  -------------------------------------------------------------------    -------------------

                         (clock island_175 rise edge)
                                                      5.714     5.714 r  
                                                      0.000     5.714 r  fft_clk (IN)
                         net (fo=4712, unset)         0.924     6.638    joiner/kernel_rom/fft_clk
    RAMB18_X1Y2          RAMB18E1                                     r  joiner/kernel_rom/output_kernel_word_reg/CLKARDCLK
                         clock pessimism              0.000     6.638    
                         clock uncertainty           -0.035     6.603    
    RAMB18_X1Y2          RAMB18E1 (Setup_ramb18e1_CLKARDCLK_ENARDEN)
                                                     -0.443     6.160    joiner/kernel_rom/output_kernel_word_reg
  -------------------------------------------------------------------
                         required time                          6.160    
                         arrival time                          -8.313    
  -------------------------------------------------------------------
                         slack                                 -2.153    

Slack (VIOLATED) :        -2.153ns  (required time - arrival time)
  Source:                 product/output_block_start_index_reg[43]/C
                            (rising edge-triggered cell FDRE clocked by island_175  {rise@0.000ns fall@2.857ns period=5.714ns})
  Destination:            joiner/kernel_rom/output_kernel_word_reg/ENBWREN
                            (rising edge-triggered cell RAMB18E1 clocked by island_175  {rise@0.000ns fall@2.857ns period=5.714ns})
  Path Group:             island_175
  Path Type:              Setup (Max at Slow Process Corner)
  Requirement:            5.714ns  (island_175 rise@5.714ns - island_175 rise@0.000ns)
  Data Path Delay:        7.340ns  (logic 1.710ns (23.299%)  route 5.630ns (76.701%))
  Logic Levels:           9  (LUT4=1 LUT5=3 LUT6=5)
  Clock Path Skew:        -0.049ns (DCD - SCD + CPR)
    Destination Clock Delay (DCD):    0.924ns = ( 6.638 - 5.714 ) 
    Source Clock Delay      (SCD):    0.973ns
    Clock Pessimism Removal (CPR):    0.000ns
  Clock Uncertainty:      0.035ns  ((TSJ^2 + TIJ^2)^1/2 + DJ) / 2 + PE
    Total System Jitter     (TSJ):    0.071ns
    Total Input Jitter      (TIJ):    0.000ns
    Discrete Jitter          (DJ):    0.000ns
    Phase Error              (PE):    0.000ns

    Location             Delay type                Incr(ns)  Path(ns)    Netlist Resource(s)
  -------------------------------------------------------------------    -------------------
                         (clock island_175 rise edge)
                                                      0.000     0.000 r  
                                                      0.000     0.000 r  fft_clk (IN)
                         net (fo=4712, unset)         0.973     0.973    product/fft_clk
    SLICE_X26Y2          FDRE                                         r  product/output_block_start_index_reg[43]/C
  -------------------------------------------------------------------    -------------------
    SLICE_X26Y2          FDRE (Prop_fdre_C_Q)         0.419     1.392 r  product/output_block_start_index_reg[43]/Q
                         net (fo=2, routed)           1.111     2.503    product_bank/D[48]
    SLICE_X27Y2          LUT6 (Prop_lut6_I0_O)        0.299     2.802 r  product_bank/balanced_metadata.leaf_equal_orig0_inferred__15/i_/O
                         net (fo=1, routed)           0.813     3.615    product_bank/balanced_metadata.leaf_equal[16]
    SLICE_X24Y2          LUT6 (Prop_lut6_I2_O)        0.124     3.739 r  product_bank/balanced_metadata.group_equal_orig0_inferred__1/i_/O
                         net (fo=1, routed)           0.715     4.453    product_bank/balanced_metadata.group_equal[2]
    SLICE_X25Y4          LUT4 (Prop_lut4_I3_O)        0.124     4.577 r  product_bank/request_toggle_i_4/O
                         net (fo=1, routed)           0.455     5.033    product_bank/request_toggle_i_4_n_0
    SLICE_X21Y5          LUT5 (Prop_lut5_I1_O)        0.124     5.157 r  product_bank/request_toggle_i_3/O
                         net (fo=4, routed)           0.175     5.332    product_bank/input_framing_valid__2
    SLICE_X21Y5          LUT6 (Prop_lut6_I1_O)        0.124     5.456 f  product_bank/commit_pulse_i_10/O
                         net (fo=1, routed)           0.707     6.163    input_guard/output_kernel_word_reg_i_11_0
    SLICE_X19Y6          LUT5 (Prop_lut5_I4_O)        0.124     6.287 f  input_guard/commit_pulse_i_5/O
                         net (fo=6, routed)           0.348     6.635    result_guard/p_7_in
    SLICE_X19Y6          LUT5 (Prop_lut5_I2_O)        0.124     6.759 r  result_guard/output_kernel_word_reg_i_11/O
                         net (fo=4, routed)           0.384     7.143    result_guard/output_kernel_word_reg_i_11_n_0
    SLICE_X18Y6          LUT6 (Prop_lut6_I5_O)        0.124     7.267 r  result_guard/output_kernel_word_reg_i_5/O
                         net (fo=3, routed)           0.480     7.747    joiner/kernel_rom/output_kernel_word_reg_i_5_n_0_alias
    SLICE_X23Y7          LUT6 (Prop_lut6_I4_O)        0.124     7.871 r  joiner/kernel_rom/output_kernel_word_reg_i_1_comp/O
                         net (fo=2, routed)           0.442     8.313    joiner/kernel_rom/output_kernel_word_reg_i_1_n_0
    RAMB18_X1Y2          RAMB18E1                                     r  joiner/kernel_rom/output_kernel_word_reg/ENBWREN
  -------------------------------------------------------------------    -------------------

                         (clock island_175 rise edge)
                                                      5.714     5.714 r  
                                                      0.000     5.714 r  fft_clk (IN)
                         net (fo=4712, unset)         0.924     6.638    joiner/kernel_rom/fft_clk
    RAMB18_X1Y2          RAMB18E1                                     r  joiner/kernel_rom/output_kernel_word_reg/CLKBWRCLK
                         clock pessimism              0.000     6.638    
                         clock uncertainty           -0.035     6.603    
    RAMB18_X1Y2          RAMB18E1 (Setup_ramb18e1_CLKBWRCLK_ENBWREN)
                                                     -0.443     6.160    joiner/kernel_rom/output_kernel_word_reg
  -------------------------------------------------------------------
                         required time                          6.160    
                         arrival time                          -8.313    
  -------------------------------------------------------------------
                         slack                                 -2.153    

Slack (VIOLATED) :        -2.150ns  (required time - arrival time)
  Source:                 registered_scheduling.state_reg[2]/C
                            (rising edge-triggered cell FDRE clocked by island_175  {rise@0.000ns fall@2.857ns period=5.714ns})
  Destination:            shared_xfft/U0/i_synth/axi_wrapper/data_in_channel_fifo/gen_real_time.data_out_reg[34]/CE
                            (rising edge-triggered cell FDRE clocked by island_175  {rise@0.000ns fall@2.857ns period=5.714ns})
  Path Group:             island_175
  Path Type:              Setup (Max at Slow Process Corner)
  Requirement:            5.714ns  (island_175 rise@5.714ns - island_175 rise@0.000ns)
  Data Path Delay:        7.575ns  (logic 2.364ns (31.207%)  route 5.211ns (68.793%))
  Logic Levels:           12  (CARRY4=6 LUT2=2 LUT4=1 LUT6=3)
  Clock Path Skew:        -0.049ns (DCD - SCD + CPR)
    Destination Clock Delay (DCD):    0.924ns = ( 6.638 - 5.714 ) 
    Source Clock Delay      (SCD):    0.973ns
    Clock Pessimism Removal (CPR):    0.000ns
  Clock Uncertainty:      0.035ns  ((TSJ^2 + TIJ^2)^1/2 + DJ) / 2 + PE
    Total System Jitter     (TSJ):    0.071ns
    Total Input Jitter      (TIJ):    0.000ns
    Discrete Jitter          (DJ):    0.000ns
    Phase Error              (PE):    0.000ns

    Location             Delay type                Incr(ns)  Path(ns)    Netlist Resource(s)
  -------------------------------------------------------------------    -------------------
                         (clock island_175 rise edge)
                                                      0.000     0.000 r  
                                                      0.000     0.000 r  fft_clk (IN)
                         net (fo=4712, unset)         0.973     0.973    fft_clk
    SLICE_X32Y7          FDRE                                         r  registered_scheduling.state_reg[2]/C
  -------------------------------------------------------------------    -------------------
    SLICE_X32Y7          FDRE (Prop_fdre_C_Q)         0.518     1.491 r  registered_scheduling.state_reg[2]/Q
                         net (fo=16, routed)          0.859     2.350    result_guard/registered_scheduling.engine_metadata_reg[69]_0
    SLICE_X33Y5          LUT6 (Prop_lut6_I2_O)        0.124     2.474 r  result_guard/registered_scheduling.engine_metadata[69]_i_1/O
                         net (fo=133, routed)         1.038     3.513    product_bank/selected_phase
    SLICE_X30Y3          LUT2 (Prop_lut2_I1_O)        0.124     3.637 r  product_bank/registered_scheduling.engine_metadata[2]_i_2/O
                         net (fo=4, routed)           0.572     4.209    product_bank/metadata_out_hold_reg[68]_0[2]
    SLICE_X29Y5          LUT6 (Prop_lut6_I5_O)        0.124     4.333 r  product_bank/metadata_valid0_carry_i_4/O
                         net (fo=1, routed)           0.000     4.333    input_guard/S[0]
    SLICE_X29Y5          CARRY4 (Prop_carry4_S[0]_CO[3])
                                                      0.532     4.865 r  input_guard/metadata_valid0_carry/CO[3]
                         net (fo=1, routed)           0.000     4.865    input_guard/metadata_valid0_carry_n_0
    SLICE_X29Y6          CARRY4 (Prop_carry4_CI_CO[3])
                                                      0.114     4.979 r  input_guard/metadata_valid0_carry__0/CO[3]
                         net (fo=1, routed)           0.000     4.979    input_guard/metadata_valid0_carry__0_n_0
    SLICE_X29Y7          CARRY4 (Prop_carry4_CI_CO[3])
                                                      0.114     5.093 r  input_guard/metadata_valid0_carry__1/CO[3]
                         net (fo=1, routed)           0.000     5.093    input_guard/metadata_valid0_carry__1_n_0
    SLICE_X29Y8          CARRY4 (Prop_carry4_CI_CO[3])
                                                      0.114     5.207 r  input_guard/metadata_valid0_carry__2/CO[3]
                         net (fo=1, routed)           0.000     5.207    input_guard/metadata_valid0_carry__2_n_0
    SLICE_X29Y9          CARRY4 (Prop_carry4_CI_CO[3])
                                                      0.114     5.321 r  input_guard/metadata_valid0_carry__3/CO[3]
                         net (fo=1, routed)           0.000     5.321    input_guard/metadata_valid0_carry__3_n_0
    SLICE_X29Y10         CARRY4 (Prop_carry4_CI_CO[3])
                                                      0.114     5.435 r  input_guard/metadata_valid0_carry__4/CO[3]
                         net (fo=1, routed)           0.865     6.300    product_bank/CO[0]
    SLICE_X24Y11         LUT4 (Prop_lut4_I0_O)        0.124     6.424 r  product_bank/fault_reasons[1]_i_3/O
                         net (fo=9, routed)           0.571     6.995    input_guard/metadata_valid__1
    SLICE_X23Y12         LUT2 (Prop_lut2_I1_O)        0.124     7.119 r  input_guard/shared_xfft_i_40/O
                         net (fo=2, routed)           0.275     7.394    shared_xfft/U0/i_synth/axi_wrapper/data_in_channel_fifo/s_axis_data_tvalid
    SLICE_X23Y12         LUT6 (Prop_lut6_I5_O)        0.124     7.518 r  shared_xfft/U0/i_synth/axi_wrapper/data_in_channel_fifo/gen_real_time.data_out[36]_i_1__0/O
                         net (fo=37, routed)          1.030     8.548    shared_xfft/U0/i_synth/axi_wrapper/data_in_channel_fifo/gen_real_time.data_out[36]_i_1__0_n_513
    SLICE_X7Y13          FDRE                                         r  shared_xfft/U0/i_synth/axi_wrapper/data_in_channel_fifo/gen_real_time.data_out_reg[34]/CE
  -------------------------------------------------------------------    -------------------

                         (clock island_175 rise edge)
                                                      5.714     5.714 r  
                                                      0.000     5.714 r  fft_clk (IN)
                         net (fo=4712, unset)         0.924     6.638    shared_xfft/U0/i_synth/axi_wrapper/data_in_channel_fifo/aclk
    SLICE_X7Y13          FDRE                                         r  shared_xfft/U0/i_synth/axi_wrapper/data_in_channel_fifo/gen_real_time.data_out_reg[34]/C
                         clock pessimism              0.000     6.638    
                         clock uncertainty           -0.035     6.603    
    SLICE_X7Y13          FDRE (Setup_fdre_C_CE)      -0.205     6.398    shared_xfft/U0/i_synth/axi_wrapper/data_in_channel_fifo/gen_real_time.data_out_reg[34]
  -------------------------------------------------------------------
                         required time                          6.398    
                         arrival time                          -8.548    
  -------------------------------------------------------------------
                         slack                                 -2.150    

Slack (VIOLATED) :        -2.150ns  (required time - arrival time)
  Source:                 registered_scheduling.state_reg[2]/C
                            (rising edge-triggered cell FDRE clocked by island_175  {rise@0.000ns fall@2.857ns period=5.714ns})
  Destination:            shared_xfft/U0/i_synth/axi_wrapper/data_in_channel_fifo/gen_real_time.data_out_reg[5]/CE
                            (rising edge-triggered cell FDRE clocked by island_175  {rise@0.000ns fall@2.857ns period=5.714ns})
  Path Group:             island_175
  Path Type:              Setup (Max at Slow Process Corner)
  Requirement:            5.714ns  (island_175 rise@5.714ns - island_175 rise@0.000ns)
  Data Path Delay:        7.575ns  (logic 2.364ns (31.207%)  route 5.211ns (68.793%))
  Logic Levels:           12  (CARRY4=6 LUT2=2 LUT4=1 LUT6=3)
  Clock Path Skew:        -0.049ns (DCD - SCD + CPR)
    Destination Clock Delay (DCD):    0.924ns = ( 6.638 - 5.714 ) 
    Source Clock Delay      (SCD):    0.973ns
    Clock Pessimism Removal (CPR):    0.000ns
  Clock Uncertainty:      0.035ns  ((TSJ^2 + TIJ^2)^1/2 + DJ) / 2 + PE
    Total System Jitter     (TSJ):    0.071ns
    Total Input Jitter      (TIJ):    0.000ns
    Discrete Jitter          (DJ):    0.000ns
    Phase Error              (PE):    0.000ns

    Location             Delay type                Incr(ns)  Path(ns)    Netlist Resource(s)
  -------------------------------------------------------------------    -------------------
                         (clock island_175 rise edge)
                                                      0.000     0.000 r  
                                                      0.000     0.000 r  fft_clk (IN)
                         net (fo=4712, unset)         0.973     0.973    fft_clk
    SLICE_X32Y7          FDRE                                         r  registered_scheduling.state_reg[2]/C
  -------------------------------------------------------------------    -------------------
    SLICE_X32Y7          FDRE (Prop_fdre_C_Q)         0.518     1.491 r  registered_scheduling.state_reg[2]/Q
                         net (fo=16, routed)          0.859     2.350    result_guard/registered_scheduling.engine_metadata_reg[69]_0
    SLICE_X33Y5          LUT6 (Prop_lut6_I2_O)        0.124     2.474 r  result_guard/registered_scheduling.engine_metadata[69]_i_1/O
                         net (fo=133, routed)         1.038     3.513    product_bank/selected_phase
    SLICE_X30Y3          LUT2 (Prop_lut2_I1_O)        0.124     3.637 r  product_bank/registered_scheduling.engine_metadata[2]_i_2/O
                         net (fo=4, routed)           0.572     4.209    product_bank/metadata_out_hold_reg[68]_0[2]
    SLICE_X29Y5          LUT6 (Prop_lut6_I5_O)        0.124     4.333 r  product_bank/metadata_valid0_carry_i_4/O
                         net (fo=1, routed)           0.000     4.333    input_guard/S[0]
    SLICE_X29Y5          CARRY4 (Prop_carry4_S[0]_CO[3])
                                                      0.532     4.865 r  input_guard/metadata_valid0_carry/CO[3]
                         net (fo=1, routed)           0.000     4.865    input_guard/metadata_valid0_carry_n_0
    SLICE_X29Y6          CARRY4 (Prop_carry4_CI_CO[3])
                                                      0.114     4.979 r  input_guard/metadata_valid0_carry__0/CO[3]
                         net (fo=1, routed)           0.000     4.979    input_guard/metadata_valid0_carry__0_n_0
    SLICE_X29Y7          CARRY4 (Prop_carry4_CI_CO[3])
                                                      0.114     5.093 r  input_guard/metadata_valid0_carry__1/CO[3]
                         net (fo=1, routed)           0.000     5.093    input_guard/metadata_valid0_carry__1_n_0
    SLICE_X29Y8          CARRY4 (Prop_carry4_CI_CO[3])
                                                      0.114     5.207 r  input_guard/metadata_valid0_carry__2/CO[3]
                         net (fo=1, routed)           0.000     5.207    input_guard/metadata_valid0_carry__2_n_0
    SLICE_X29Y9          CARRY4 (Prop_carry4_CI_CO[3])
                                                      0.114     5.321 r  input_guard/metadata_valid0_carry__3/CO[3]
                         net (fo=1, routed)           0.000     5.321    input_guard/metadata_valid0_carry__3_n_0
    SLICE_X29Y10         CARRY4 (Prop_carry4_CI_CO[3])
                                                      0.114     5.435 r  input_guard/metadata_valid0_carry__4/CO[3]
                         net (fo=1, routed)           0.865     6.300    product_bank/CO[0]
    SLICE_X24Y11         LUT4 (Prop_lut4_I0_O)        0.124     6.424 r  product_bank/fault_reasons[1]_i_3/O
                         net (fo=9, routed)           0.571     6.995    input_guard/metadata_valid__1
    SLICE_X23Y12         LUT2 (Prop_lut2_I1_O)        0.124     7.119 r  input_guard/shared_xfft_i_40/O
                         net (fo=2, routed)           0.275     7.394    shared_xfft/U0/i_synth/axi_wrapper/data_in_channel_fifo/s_axis_data_tvalid
    SLICE_X23Y12         LUT6 (Prop_lut6_I5_O)        0.124     7.518 r  shared_xfft/U0/i_synth/axi_wrapper/data_in_channel_fifo/gen_real_time.data_out[36]_i_1__0/O
                         net (fo=37, routed)          1.030     8.548    shared_xfft/U0/i_synth/axi_wrapper/data_in_channel_fifo/gen_real_time.data_out[36]_i_1__0_n_513
    SLICE_X7Y13          FDRE                                         r  shared_xfft/U0/i_synth/axi_wrapper/data_in_channel_fifo/gen_real_time.data_out_reg[5]/CE
  -------------------------------------------------------------------    -------------------

                         (clock island_175 rise edge)
                                                      5.714     5.714 r  
                                                      0.000     5.714 r  fft_clk (IN)
                         net (fo=4712, unset)         0.924     6.638    shared_xfft/U0/i_synth/axi_wrapper/data_in_channel_fifo/aclk
    SLICE_X7Y13          FDRE                                         r  shared_xfft/U0/i_synth/axi_wrapper/data_in_channel_fifo/gen_real_time.data_out_reg[5]/C
                         clock pessimism              0.000     6.638    
                         clock uncertainty           -0.035     6.603    
    SLICE_X7Y13          FDRE (Setup_fdre_C_CE)      -0.205     6.398    shared_xfft/U0/i_synth/axi_wrapper/data_in_channel_fifo/gen_real_time.data_out_reg[5]
  -------------------------------------------------------------------
                         required time                          6.398    
                         arrival time                          -8.548    
  -------------------------------------------------------------------
                         slack                                 -2.150    




