#-----------------------------------------------------------
# Vivado v2022.2 (64-bit)
# SW Build 3671981 on Fri Oct 14 04:59:54 MDT 2022
# IP Build 3669848 on Fri Oct 14 08:30:02 MDT 2022
# Start of session at: Thu Sep 10 02:35:10 2026
# Process ID: 3008226
# Current directory: /tmp/starlink-coarse-alternatives.Y3JzOI/completed-input-fence/hdl
# Command line: vivado -mode batch -nojournal -log /tmp/starlink-completed-input.5EaJuD/preflight-route-v1.log -source library/starlink_pss_acquisition/route_completed_input_fence.tcl -tclargs /tmp/starlink-completed-input.5EaJuD/preflight-synth-v1/fft_bank_owned_synth.dcp 6258aaa95f804a652a4fd3aef6fa5ec1f2afd1477d7adbf266198517535e6a74 /tmp/starlink-completed-input.5EaJuD/preflight-route-v1
# Log file: /tmp/starlink-completed-input.5EaJuD/preflight-route-v1.log
# Journal file: 
# Running On: gauss, OS: Linux, CPU Frequency: 5163.581 MHz, CPU Physical cores: 24, Host memory: 132067 MB
#-----------------------------------------------------------
source library/starlink_pss_acquisition/route_completed_input_fence.tcl
# if {$argc != 3 || [version -short] ne "2022.2"} {
#   error "expected Vivado2022.2 SOURCE_DCP EXPECTED_SHA256 NEW_OUTPUT"
# }
# set source_dcp [file normalize [lindex $argv 0]]
# set expected [lindex $argv 1]
# set output_dir [file normalize [lindex $argv 2]]
# if {[file exists $output_dir]} { error "refusing to overwrite evidence" }
# if {![regexp {^[0-9a-f]{64}$} $expected] ||
#     [lindex [exec sha256sum $source_dcp] 0] ne $expected} {
#   error "unexpected synthesized input"
# }
# file mkdir $output_dir
# file copy [info script] [file join $output_dir probe.tcl]
# set_param general.maxThreads 2
# open_checkpoint $source_dcp
Command: open_checkpoint /tmp/starlink-completed-input.5EaJuD/preflight-synth-v1/fft_bank_owned_synth.dcp

Starting open_checkpoint Task

Time (s): cpu = 00:00:00.03 ; elapsed = 00:00:00.03 . Memory (MB): peak = 1321.371 ; gain = 0.000 ; free physical = 30749 ; free virtual = 155774
INFO: [Device 21-403] Loading part xc7z010clg400-1
Netlist sorting complete. Time (s): cpu = 00:00:00.04 ; elapsed = 00:00:00.04 . Memory (MB): peak = 1557.742 ; gain = 0.000 ; free physical = 30569 ; free virtual = 155638
INFO: [Netlist 29-17] Analyzing 227 Unisim elements for replacement
INFO: [Netlist 29-28] Unisim Transformation completed in 0 CPU seconds
INFO: [Project 1-479] Netlist was created with Vivado 2022.2
INFO: [Project 1-570] Preparing netlist for logic optimization
INFO: [Timing 38-478] Restoring timing data from binary archive.
INFO: [Timing 38-479] Binary timing data restore complete.
INFO: [Project 1-856] Restoring constraints from binary archive.
INFO: [Project 1-853] Binary constraint restore complete.
Netlist sorting complete. Time (s): cpu = 00:00:00 ; elapsed = 00:00:00.01 . Memory (MB): peak = 2139.047 ; gain = 0.000 ; free physical = 29853 ; free virtual = 154994
INFO: [Project 1-111] Unisim Transformation Summary:
No Unisim elements were transformed.

INFO: [Project 1-604] Checkpoint was created with Vivado v2022.2 (64-bit) build 3671981
OpenCheckpoint Checksum | Checksum: 889ceb7a
----- Checksum: PlaceDB: 00000000 ShapeSum: 889ceb7a RouteDB: 00000000 
open_checkpoint: Time (s): cpu = 00:00:07 ; elapsed = 00:00:08 . Memory (MB): peak = 2139.047 ; gain = 817.676 ; free physical = 29853 ; free virtual = 154994
# if {[llength [get_cells -quiet -hier -filter {IS_BLACKBOX == 1}]]} {
#   error "black box in supposedly complete slice"
# }
# foreach {name period} {source_100 10.0 island_175 5.714} {
#   set clock [get_clocks -quiet $name]
#   if {[llength $clock] != 1 || abs([get_property PERIOD $clock]-$period) > 0.00001} {
#     error "unexpected diagnostic clock $name"
#   }
# }
# report_clocks -file [file join $output_dir clocks_before.rpt]
# write_xdc [file join $output_dir inherited_constraints.xdc]
# opt_design
Command: opt_design
Attempting to get a license for feature 'Implementation' and/or device 'xc7z010'
INFO: [Common 17-349] Got license for feature 'Implementation' and/or device 'xc7z010'
Running DRC as a precondition to command opt_design

Starting DRC Task
INFO: [DRC 23-27] Running DRC with 2 threads
INFO: [Project 1-461] DRC finished with 0 Errors
INFO: [Project 1-462] Please refer to the DRC report (report_drc) for more information.

Time (s): cpu = 00:00:00.69 ; elapsed = 00:00:00.47 . Memory (MB): peak = 2185.773 ; gain = 40.789 ; free physical = 29806 ; free virtual = 154946

Starting Cache Timing Information Task
Ending Cache Timing Information Task | Checksum: 1574010a4

Time (s): cpu = 00:00:00 ; elapsed = 00:00:00.01 . Memory (MB): peak = 2185.773 ; gain = 0.000 ; free physical = 29806 ; free virtual = 154946

Starting Logic Optimization Task

Phase 1 Retarget
INFO: [Opt 31-1287] Pulled Inverter i_844 into driver instance product_bank/payload_memory_reg_i_5, which resulted in an inversion of 30 pins
INFO: [Opt 31-1287] Pulled Inverter product_bank/registered_scheduling.engine_metadata[0]_i_1 into driver instance product_bank/registered_scheduling.engine_metadata[0]_i_2, which resulted in an inversion of 4 pins
INFO: [Opt 31-1287] Pulled Inverter product_bank/registered_scheduling.engine_metadata[1]_i_1 into driver instance product_bank/registered_scheduling.engine_metadata[1]_i_2, which resulted in an inversion of 4 pins
INFO: [Opt 31-1287] Pulled Inverter product_bank/registered_scheduling.engine_metadata[2]_i_1 into driver instance product_bank/registered_scheduling.engine_metadata[2]_i_2, which resulted in an inversion of 4 pins
INFO: [Opt 31-1287] Pulled Inverter product_bank/registered_scheduling.engine_metadata[3]_i_1 into driver instance product_bank/registered_scheduling.engine_metadata[3]_i_2, which resulted in an inversion of 4 pins
INFO: [Opt 31-1287] Pulled Inverter product_bank/registered_scheduling.engine_metadata[4]_i_1 into driver instance product_bank/registered_scheduling.engine_metadata[4]_i_2, which resulted in an inversion of 4 pins
INFO: [Opt 31-1287] Pulled Inverter shared_xfft/U0/i_synth/axi_wrapper/data_out_channel/gen_real_time.data_out[36]_i_1 into driver instance shared_xfft_i_1, which resulted in an inversion of 3 pins
INFO: [Opt 31-1287] Pulled Inverter shared_xfft/U0/i_synth/xfft_inst/non_floating_point.arch_b.xfft_inst/control/control/xn_index_counter/cnt_async/i_baseblox.i_baseblox_addsub/no_pipelining.the_addsub/i_lut6.i_lut6_addsub/i_simple_model.carryxor0_i_1 into driver instance shared_xfft/U0/i_synth/xfft_inst/non_floating_point.arch_b.xfft_inst/control/control/xn_index_counter/cnt_async_i_9, which resulted in an inversion of 1 pins
INFO: [Opt 31-1287] Pulled Inverter shared_xfft/U0/i_synth/xfft_inst/non_floating_point.arch_b.xfft_inst/control/control/nat_out_xk_index.no_cyclic_prefix.xk_index_counter/cnt_async/i_baseblox.i_baseblox_addsub/no_pipelining.the_addsub/i_lut6.i_lut6_addsub/i_simple_model.carryxor0_i_1 into driver instance shared_xfft/U0/i_synth/xfft_inst/non_floating_point.arch_b.xfft_inst/control/control/nat_out_xk_index.no_cyclic_prefix.xk_index_counter/cnt_async_i_9__0, which resulted in an inversion of 1 pins
INFO: [Opt 31-1287] Pulled Inverter shared_xfft/U0/i_synth/xfft_inst/non_floating_point.arch_b.xfft_inst/control/control/pe_cnt/cnt_async/i_baseblox.i_baseblox_addsub/no_pipelining.the_addsub/i_lut6.i_lut6_addsub/i_simple_model.carryxor0_i_1 into driver instance shared_xfft/U0/i_synth/xfft_inst/non_floating_point.arch_b.xfft_inst/control/control/pe_cnt/cnt_async_i_5__2, which resulted in an inversion of 1 pins
INFO: [Opt 31-1287] Pulled Inverter shared_xfft/U0/i_synth/xfft_inst/non_floating_point.arch_b.xfft_inst/control/control/rank_0_cnt/cnt_async/i_baseblox.i_baseblox_addsub/no_pipelining.the_addsub/i_lut6.i_lut6_addsub/i_simple_model.carryxor0_i_1 into driver instance shared_xfft/U0/i_synth/xfft_inst/non_floating_point.arch_b.xfft_inst/control/control/rank_0_cnt/cnt_async_i_3__3, which resulted in an inversion of 1 pins
INFO: [Opt 31-1287] Pulled Inverter shared_xfft/U0/i_synth/xfft_inst/non_floating_point.arch_b.xfft_inst/control/control/rn_0_cnt/cnt_async/i_baseblox.i_baseblox_addsub/no_pipelining.the_addsub/i_lut6.i_lut6_addsub/i_simple_model.carryxor0_i_1 into driver instance shared_xfft/U0/i_synth/xfft_inst/non_floating_point.arch_b.xfft_inst/control/control/rn_0_cnt/cnt_async_i_7__1, which resulted in an inversion of 1 pins
INFO: [Opt 31-1287] Pulled Inverter shared_xfft/U0/i_synth/xfft_inst/non_floating_point.arch_b.xfft_inst/control/processing_address_generator/u2_bypass/use_lut6_2.gen_full_lut6_2s[0].mlut1_i_2 into driver instance shared_xfft/U0/i_synth/xfft_inst/non_floating_point.arch_b.xfft_inst/control/processing_address_generator/u2_bypass/use_lut6_2.gen_full_lut6_2s[0].mlut1_i_1, which resulted in an inversion of 3 pins
INFO: [Opt 31-138] Pushed 10 inverter(s) to 13 load pin(s).
INFO: [Opt 31-49] Retargeted 0 cell(s).
Phase 1 Retarget | Checksum: 735f0362

Time (s): cpu = 00:00:00.19 ; elapsed = 00:00:00.19 . Memory (MB): peak = 2439.727 ; gain = 0.000 ; free physical = 29481 ; free virtual = 154622
INFO: [Opt 31-389] Phase Retarget created 81 cells and removed 129 cells

Phase 2 Constant propagation
INFO: [Opt 31-138] Pushed 0 inverter(s) to 0 load pin(s).
Phase 2 Constant propagation | Checksum: fbd2f2ef

Time (s): cpu = 00:00:00.2 ; elapsed = 00:00:00.21 . Memory (MB): peak = 2439.727 ; gain = 0.000 ; free physical = 29481 ; free virtual = 154622
INFO: [Opt 31-389] Phase Constant propagation created 4 cells and removed 9 cells

Phase 3 Sweep
Phase 3 Sweep | Checksum: 121270c7f

Time (s): cpu = 00:00:00.25 ; elapsed = 00:00:00.25 . Memory (MB): peak = 2439.727 ; gain = 0.000 ; free physical = 29481 ; free virtual = 154622
INFO: [Opt 31-389] Phase Sweep created 0 cells and removed 1 cells

Phase 4 BUFG optimization
Phase 4 BUFG optimization | Checksum: 121270c7f

Time (s): cpu = 00:00:00.27 ; elapsed = 00:00:00.27 . Memory (MB): peak = 2463.738 ; gain = 24.012 ; free physical = 29481 ; free virtual = 154622
INFO: [Opt 31-662] Phase BUFG optimization created 0 cells of which 0 are BUFGs and removed 0 cells.

Phase 5 Shift Register Optimization
INFO: [Opt 31-1064] SRL Remap converted 0 SRLs to 0 registers and converted 0 registers of register chains to 0 SRLs
Phase 5 Shift Register Optimization | Checksum: 2bce457b

Time (s): cpu = 00:00:00.27 ; elapsed = 00:00:00.28 . Memory (MB): peak = 2463.738 ; gain = 24.012 ; free physical = 29481 ; free virtual = 154622
INFO: [Opt 31-389] Phase Shift Register Optimization created 1 cells and removed 0 cells

Phase 6 Post Processing Netlist
Phase 6 Post Processing Netlist | Checksum: 2bce457b

Time (s): cpu = 00:00:00.28 ; elapsed = 00:00:00.29 . Memory (MB): peak = 2463.738 ; gain = 24.012 ; free physical = 29481 ; free virtual = 154622
INFO: [Opt 31-389] Phase Post Processing Netlist created 0 cells and removed 0 cells
Opt_design Change Summary
=========================


-------------------------------------------------------------------------------------------------------------------------
|  Phase                        |  #Cells created  |  #Cells Removed  |  #Constrained objects preventing optimizations  |
-------------------------------------------------------------------------------------------------------------------------
|  Retarget                     |              81  |             129  |                                              0  |
|  Constant propagation         |               4  |               9  |                                              0  |
|  Sweep                        |               0  |               1  |                                              0  |
|  BUFG optimization            |               0  |               0  |                                              0  |
|  Shift Register Optimization  |               1  |               0  |                                              0  |
|  Post Processing Netlist      |               0  |               0  |                                              0  |
-------------------------------------------------------------------------------------------------------------------------



Starting Connectivity Check Task

Time (s): cpu = 00:00:00 ; elapsed = 00:00:00.01 . Memory (MB): peak = 2463.738 ; gain = 0.000 ; free physical = 29481 ; free virtual = 154622
Ending Logic Optimization Task | Checksum: 17d8fd4b9

Time (s): cpu = 00:00:00.33 ; elapsed = 00:00:00.33 . Memory (MB): peak = 2463.738 ; gain = 24.012 ; free physical = 29481 ; free virtual = 154622

Starting Power Optimization Task
INFO: [Pwropt 34-132] Skipping clock gating for clocks with a period < 2.00 ns.
INFO: [Pwropt 34-9] Applying IDT optimizations ...
INFO: [Pwropt 34-10] Applying ODC optimizations ...
INFO: [Timing 38-35] Done setting XDC timing constraints.
Running Vector-less Activity Propagation...

Finished Running Vector-less Activity Propagation


Starting PowerOpt Patch Enables Task
INFO: [Pwropt 34-162] WRITE_MODE attribute of 0 BRAM(s) out of a total of 15 has been updated to save power. Run report_power_opt to get a complete listing of the BRAMs updated.
INFO: [Pwropt 34-201] Structural ODC has moved 0 WE to EN ports
Number of BRAM Ports augmented: 4 newly gated: 12 Total Ports: 30
Ending PowerOpt Patch Enables Task | Checksum: 145ac8362

Time (s): cpu = 00:00:00.03 ; elapsed = 00:00:00.03 . Memory (MB): peak = 2618.625 ; gain = 0.000 ; free physical = 29448 ; free virtual = 154595
Ending Power Optimization Task | Checksum: 145ac8362

Time (s): cpu = 00:00:01 ; elapsed = 00:00:01 . Memory (MB): peak = 2618.625 ; gain = 154.887 ; free physical = 29448 ; free virtual = 154595

Starting Final Cleanup Task

Starting Logic Optimization Task
INFO: [Timing 38-35] Done setting XDC timing constraints.
Ending Logic Optimization Task | Checksum: 13fa7ff82

Time (s): cpu = 00:00:00.41 ; elapsed = 00:00:00.3 . Memory (MB): peak = 2618.625 ; gain = 0.000 ; free physical = 29639 ; free virtual = 154786
Ending Final Cleanup Task | Checksum: 13fa7ff82

Time (s): cpu = 00:00:02 ; elapsed = 00:00:02 . Memory (MB): peak = 2618.625 ; gain = 0.000 ; free physical = 29639 ; free virtual = 154786

Starting Netlist Obfuscation Task
Netlist sorting complete. Time (s): cpu = 00:00:00 ; elapsed = 00:00:00 . Memory (MB): peak = 2618.625 ; gain = 0.000 ; free physical = 29639 ; free virtual = 154786
Ending Netlist Obfuscation Task | Checksum: 13fa7ff82

Time (s): cpu = 00:00:00 ; elapsed = 00:00:00 . Memory (MB): peak = 2618.625 ; gain = 0.000 ; free physical = 29639 ; free virtual = 154786
INFO: [Common 17-83] Releasing license: Implementation
35 Infos, 0 Warnings, 0 Critical Warnings and 0 Errors encountered.
opt_design completed successfully
INFO: [Common 17-600] The following parameters have non-default value.
general.maxThreads
# place_design
Command: place_design
Attempting to get a license for feature 'Implementation' and/or device 'xc7z010'
INFO: [Common 17-349] Got license for feature 'Implementation' and/or device 'xc7z010'
INFO: [DRC 23-27] Running DRC with 2 threads
INFO: [Vivado_Tcl 4-198] DRC finished with 0 Errors
INFO: [Vivado_Tcl 4-199] Please refer to the DRC report (report_drc) for more information.
Running DRC as a precondition to command place_design
INFO: [DRC 23-27] Running DRC with 2 threads
INFO: [Vivado_Tcl 4-198] DRC finished with 0 Errors, 21 Warnings
INFO: [Vivado_Tcl 4-199] Please refer to the DRC report (report_drc) for more information.

Starting Placer Task
INFO: [Place 30-611] Multithreading enabled for place_design using a maximum of 2 CPUs

Phase 1 Placer Initialization

Phase 1.1 Placer Initialization Netlist Sorting
Netlist sorting complete. Time (s): cpu = 00:00:00 ; elapsed = 00:00:00 . Memory (MB): peak = 2618.625 ; gain = 0.000 ; free physical = 29574 ; free virtual = 154722
Phase 1.1 Placer Initialization Netlist Sorting | Checksum: 6b00a107

Time (s): cpu = 00:00:00 ; elapsed = 00:00:00.01 . Memory (MB): peak = 2618.625 ; gain = 0.000 ; free physical = 29574 ; free virtual = 154722
Netlist sorting complete. Time (s): cpu = 00:00:00 ; elapsed = 00:00:00 . Memory (MB): peak = 2618.625 ; gain = 0.000 ; free physical = 29574 ; free virtual = 154722

Phase 1.2 IO Placement/ Clock Placement/ Build Placer Device
INFO: [Timing 38-35] Done setting XDC timing constraints.
Phase 1.2 IO Placement/ Clock Placement/ Build Placer Device | Checksum: 1ba946f0

Time (s): cpu = 00:00:00.46 ; elapsed = 00:00:00.46 . Memory (MB): peak = 2618.625 ; gain = 0.000 ; free physical = 29654 ; free virtual = 154807

Phase 1.3 Build Placer Netlist Model
Phase 1.3 Build Placer Netlist Model | Checksum: b74dc647

Time (s): cpu = 00:00:01 ; elapsed = 00:00:00.95 . Memory (MB): peak = 2618.625 ; gain = 0.000 ; free physical = 29647 ; free virtual = 154801

Phase 1.4 Constrain Clocks/Macros
Phase 1.4 Constrain Clocks/Macros | Checksum: b74dc647

Time (s): cpu = 00:00:01 ; elapsed = 00:00:00.95 . Memory (MB): peak = 2618.625 ; gain = 0.000 ; free physical = 29639 ; free virtual = 154793
Phase 1 Placer Initialization | Checksum: b74dc647

Time (s): cpu = 00:00:01 ; elapsed = 00:00:00.96 . Memory (MB): peak = 2618.625 ; gain = 0.000 ; free physical = 29624 ; free virtual = 154777

Phase 2 Global Placement

Phase 2.1 Floorplanning
Phase 2.1 Floorplanning | Checksum: ab43630b

Time (s): cpu = 00:00:01 ; elapsed = 00:00:01 . Memory (MB): peak = 2618.625 ; gain = 0.000 ; free physical = 29436 ; free virtual = 154590

Phase 2.2 Update Timing before SLR Path Opt
Phase 2.2 Update Timing before SLR Path Opt | Checksum: e156d33e

Time (s): cpu = 00:00:02 ; elapsed = 00:00:01 . Memory (MB): peak = 2618.625 ; gain = 0.000 ; free physical = 29678 ; free virtual = 154832

Phase 2.3 Post-Processing in Floorplanning
Phase 2.3 Post-Processing in Floorplanning | Checksum: e156d33e

Time (s): cpu = 00:00:02 ; elapsed = 00:00:01 . Memory (MB): peak = 2618.625 ; gain = 0.000 ; free physical = 29678 ; free virtual = 154832

Phase 2.4 Global Placement Core

Phase 2.4.1 UpdateTiming Before Physical Synthesis
Phase 2.4.1 UpdateTiming Before Physical Synthesis | Checksum: 1112ef82e

Time (s): cpu = 00:00:05 ; elapsed = 00:00:04 . Memory (MB): peak = 2618.625 ; gain = 0.000 ; free physical = 29865 ; free virtual = 155025

Phase 2.4.2 Physical Synthesis In Placer
INFO: [Physopt 32-1035] Found 64 LUTNM shape to break, 43 LUT instances to create LUTNM shape
INFO: [Physopt 32-1044] Break lutnm for timing: one critical 16, two critical 48, total 64, new lutff created 1
INFO: [Physopt 32-1138] End 1 Pass. Optimized 80 nets or LUTs. Breaked 64 LUTs, combined 16 existing LUTs and moved 0 existing LUT
INFO: [Physopt 32-65] No nets found for high-fanout optimization.
INFO: [Physopt 32-232] Optimized 0 net. Created 0 new instance.
INFO: [Physopt 32-775] End 1 Pass. Optimized 0 net or cell. Created 0 new cell, deleted 0 existing cell and moved 0 existing cell
INFO: [Physopt 32-457] Pass 1. Identified 2 candidate cells for DSP register optimization.
INFO: [Physopt 32-665] Processed cell product/sum_imag_reg. 37 registers were pushed out.
INFO: [Physopt 32-665] Processed cell product/sum_real_reg. 37 registers were pushed out.
INFO: [Physopt 32-775] End 2 Pass. Optimized 2 nets or cells. Created 74 new cells, deleted 0 existing cell and moved 0 existing cell
Netlist sorting complete. Time (s): cpu = 00:00:00 ; elapsed = 00:00:00 . Memory (MB): peak = 2618.625 ; gain = 0.000 ; free physical = 29875 ; free virtual = 155035
INFO: [Physopt 32-1123] No candidate cells found for Shift Register to Pipeline optimization
INFO: [Physopt 32-775] End 2 Pass. Optimized 0 net or cell. Created 0 new cell, deleted 0 existing cell and moved 0 existing cell
INFO: [Physopt 32-677] No candidate cells for Shift Register optimization found in the design
INFO: [Physopt 32-775] End 1 Pass. Optimized 0 net or cell. Created 0 new cell, deleted 0 existing cell and moved 0 existing cell
INFO: [Physopt 32-526] No candidate cells for BRAM register optimization found in the design
INFO: [Physopt 32-775] End 1 Pass. Optimized 0 net or cell. Created 0 new cell, deleted 0 existing cell and moved 0 existing cell
INFO: [Physopt 32-846] No candidate cells for URAM register optimization found in the design
INFO: [Physopt 32-775] End 2 Pass. Optimized 0 net or cell. Created 0 new cell, deleted 0 existing cell and moved 0 existing cell
INFO: [Physopt 32-949] No candidate nets found for dynamic/static region interface net replication
INFO: [Physopt 32-775] End 1 Pass. Optimized 0 net or cell. Created 0 new cell, deleted 0 existing cell and moved 0 existing cell
Netlist sorting complete. Time (s): cpu = 00:00:00 ; elapsed = 00:00:00 . Memory (MB): peak = 2618.625 ; gain = 0.000 ; free physical = 29871 ; free virtual = 155032

Summary of Physical Synthesis Optimizations
============================================


-----------------------------------------------------------------------------------------------------------------------------------------------------------
|  Optimization                                     |  Added Cells  |  Removed Cells  |  Optimized Cells/Nets  |  Dont Touch  |  Iterations  |  Elapsed   |
-----------------------------------------------------------------------------------------------------------------------------------------------------------
|  LUT Combining                                    |           64  |             16  |                    80  |           0  |           1  |  00:00:00  |
|  Retime                                           |            0  |              0  |                     0  |           0  |           1  |  00:00:00  |
|  Very High Fanout                                 |            0  |              0  |                     0  |           0  |           1  |  00:00:00  |
|  DSP Register                                     |           74  |              0  |                     2  |           0  |           1  |  00:00:00  |
|  Shift Register to Pipeline                       |            0  |              0  |                     0  |           0  |           1  |  00:00:00  |
|  Shift Register                                   |            0  |              0  |                     0  |           0  |           1  |  00:00:00  |
|  BRAM Register                                    |            0  |              0  |                     0  |           0  |           1  |  00:00:00  |
|  URAM Register                                    |            0  |              0  |                     0  |           0  |           1  |  00:00:00  |
|  Dynamic/Static Region Interface Net Replication  |            0  |              0  |                     0  |           0  |           1  |  00:00:00  |
|  Total                                            |          138  |             16  |                    82  |           0  |           9  |  00:00:00  |
-----------------------------------------------------------------------------------------------------------------------------------------------------------


Phase 2.4.2 Physical Synthesis In Placer | Checksum: c6762a75

Time (s): cpu = 00:00:06 ; elapsed = 00:00:04 . Memory (MB): peak = 2618.625 ; gain = 0.000 ; free physical = 29894 ; free virtual = 155055
Phase 2.4 Global Placement Core | Checksum: 153d8762a

Time (s): cpu = 00:00:06 ; elapsed = 00:00:04 . Memory (MB): peak = 2618.625 ; gain = 0.000 ; free physical = 29894 ; free virtual = 155055
Phase 2 Global Placement | Checksum: 153d8762a

Time (s): cpu = 00:00:06 ; elapsed = 00:00:04 . Memory (MB): peak = 2618.625 ; gain = 0.000 ; free physical = 29896 ; free virtual = 155056

Phase 3 Detail Placement

Phase 3.1 Commit Multi Column Macros
Phase 3.1 Commit Multi Column Macros | Checksum: 1368b4645

Time (s): cpu = 00:00:06 ; elapsed = 00:00:04 . Memory (MB): peak = 2618.625 ; gain = 0.000 ; free physical = 29921 ; free virtual = 155082

Phase 3.2 Commit Most Macros & LUTRAMs
Phase 3.2 Commit Most Macros & LUTRAMs | Checksum: 15fd1b567

Time (s): cpu = 00:00:06 ; elapsed = 00:00:05 . Memory (MB): peak = 2618.625 ; gain = 0.000 ; free physical = 29889 ; free virtual = 155049

Phase 3.3 Area Swap Optimization
Phase 3.3 Area Swap Optimization | Checksum: 236314804

Time (s): cpu = 00:00:06 ; elapsed = 00:00:05 . Memory (MB): peak = 2618.625 ; gain = 0.000 ; free physical = 29886 ; free virtual = 155046

Phase 3.4 Pipeline Register Optimization
Phase 3.4 Pipeline Register Optimization | Checksum: 1b17e47fb

Time (s): cpu = 00:00:06 ; elapsed = 00:00:05 . Memory (MB): peak = 2618.625 ; gain = 0.000 ; free physical = 29882 ; free virtual = 155042

Phase 3.5 Fast Optimization
Phase 3.5 Fast Optimization | Checksum: 1f5c849fb

Time (s): cpu = 00:00:07 ; elapsed = 00:00:05 . Memory (MB): peak = 2618.625 ; gain = 0.000 ; free physical = 29860 ; free virtual = 155020

Phase 3.6 Small Shape Detail Placement
Phase 3.6 Small Shape Detail Placement | Checksum: 13870c0ce

Time (s): cpu = 00:00:08 ; elapsed = 00:00:06 . Memory (MB): peak = 2618.625 ; gain = 0.000 ; free physical = 29779 ; free virtual = 154946

Phase 3.7 Re-assign LUT pins
Phase 3.7 Re-assign LUT pins | Checksum: 1eab27c41

Time (s): cpu = 00:00:08 ; elapsed = 00:00:06 . Memory (MB): peak = 2618.625 ; gain = 0.000 ; free physical = 29802 ; free virtual = 154969

Phase 3.8 Pipeline Register Optimization
Phase 3.8 Pipeline Register Optimization | Checksum: 1c1401652

Time (s): cpu = 00:00:08 ; elapsed = 00:00:06 . Memory (MB): peak = 2618.625 ; gain = 0.000 ; free physical = 29802 ; free virtual = 154969

Phase 3.9 Fast Optimization
Phase 3.9 Fast Optimization | Checksum: 181a5ec7d

Time (s): cpu = 00:00:11 ; elapsed = 00:00:09 . Memory (MB): peak = 2618.625 ; gain = 0.000 ; free physical = 29605 ; free virtual = 154802
Phase 3 Detail Placement | Checksum: 181a5ec7d

Time (s): cpu = 00:00:11 ; elapsed = 00:00:09 . Memory (MB): peak = 2618.625 ; gain = 0.000 ; free physical = 29605 ; free virtual = 154802

Phase 4 Post Placement Optimization and Clean-Up

Phase 4.1 Post Commit Optimization
INFO: [Timing 38-35] Done setting XDC timing constraints.

Phase 4.1.1 Post Placement Optimization
Post Placement Optimization Initialization | Checksum: 5ff450bb

Phase 4.1.1.1 BUFG Insertion

Starting Physical Synthesis Task

Phase 1 Physical Synthesis Initialization
INFO: [Physopt 32-721] Multithreading enabled for phys_opt_design using a maximum of 2 CPUs
INFO: [Physopt 32-619] Estimated Timing Summary | WNS=-3.463 | TNS=-1308.491 |
Phase 1 Physical Synthesis Initialization | Checksum: 87bbb26c

Time (s): cpu = 00:00:00.18 ; elapsed = 00:00:00.12 . Memory (MB): peak = 2618.625 ; gain = 0.000 ; free physical = 30483 ; free virtual = 155713
INFO: [Place 46-56] BUFG insertion identified 0 candidate nets. Inserted BUFG: 0, Replicated BUFG Driver: 0, Skipped due to Placement/Routing Conflicts: 0, Skipped due to Timing Degradation: 0, Skipped due to Illegal Netlist: 0.
Ending Physical Synthesis Task | Checksum: a199b009

Time (s): cpu = 00:00:00.21 ; elapsed = 00:00:00.15 . Memory (MB): peak = 2618.625 ; gain = 0.000 ; free physical = 30797 ; free virtual = 156030
Phase 4.1.1.1 BUFG Insertion | Checksum: 5ff450bb

Time (s): cpu = 00:00:12 ; elapsed = 00:00:10 . Memory (MB): peak = 2618.625 ; gain = 0.000 ; free physical = 30750 ; free virtual = 155983

Phase 4.1.1.2 Post Placement Timing Optimization
INFO: [Place 30-746] Post Placement Timing Summary WNS=-2.503. For the most accurate timing information please run report_timing.
Phase 4.1.1.2 Post Placement Timing Optimization | Checksum: 101f03020

Time (s): cpu = 00:00:23 ; elapsed = 00:00:20 . Memory (MB): peak = 2618.625 ; gain = 0.000 ; free physical = 30348 ; free virtual = 155615

Time (s): cpu = 00:00:23 ; elapsed = 00:00:20 . Memory (MB): peak = 2618.625 ; gain = 0.000 ; free physical = 30348 ; free virtual = 155615
Phase 4.1 Post Commit Optimization | Checksum: 101f03020

Time (s): cpu = 00:00:23 ; elapsed = 00:00:20 . Memory (MB): peak = 2618.625 ; gain = 0.000 ; free physical = 30348 ; free virtual = 155615

Phase 4.2 Post Placement Cleanup
Phase 4.2 Post Placement Cleanup | Checksum: 101f03020

Time (s): cpu = 00:00:23 ; elapsed = 00:00:20 . Memory (MB): peak = 2618.625 ; gain = 0.000 ; free physical = 30347 ; free virtual = 155615

Phase 4.3 Placer Reporting

Phase 4.3.1 Print Estimated Congestion
INFO: [Place 30-612] Post-Placement Estimated Congestion 
 ____________________________________________________
|           | Global Congestion | Short Congestion  |
| Direction | Region Size       | Region Size       |
|___________|___________________|___________________|
|      North|                1x1|                4x4|
|___________|___________________|___________________|
|      South|                1x1|                2x2|
|___________|___________________|___________________|
|       East|                1x1|                2x2|
|___________|___________________|___________________|
|       West|                1x1|                1x1|
|___________|___________________|___________________|

Phase 4.3.1 Print Estimated Congestion | Checksum: 101f03020

Time (s): cpu = 00:00:23 ; elapsed = 00:00:20 . Memory (MB): peak = 2618.625 ; gain = 0.000 ; free physical = 30347 ; free virtual = 155615
Phase 4.3 Placer Reporting | Checksum: 101f03020

Time (s): cpu = 00:00:23 ; elapsed = 00:00:20 . Memory (MB): peak = 2618.625 ; gain = 0.000 ; free physical = 30347 ; free virtual = 155615

Phase 4.4 Final Placement Cleanup
Netlist sorting complete. Time (s): cpu = 00:00:00 ; elapsed = 00:00:00 . Memory (MB): peak = 2618.625 ; gain = 0.000 ; free physical = 30347 ; free virtual = 155615

Time (s): cpu = 00:00:23 ; elapsed = 00:00:20 . Memory (MB): peak = 2618.625 ; gain = 0.000 ; free physical = 30347 ; free virtual = 155615
Phase 4 Post Placement Optimization and Clean-Up | Checksum: 176dffa1a

Time (s): cpu = 00:00:23 ; elapsed = 00:00:20 . Memory (MB): peak = 2618.625 ; gain = 0.000 ; free physical = 30347 ; free virtual = 155615
Ending Placer Task | Checksum: 97781628

Time (s): cpu = 00:00:23 ; elapsed = 00:00:21 . Memory (MB): peak = 2618.625 ; gain = 0.000 ; free physical = 30347 ; free virtual = 155615
INFO: [Common 17-83] Releasing license: Implementation
36 Infos, 0 Warnings, 0 Critical Warnings and 0 Errors encountered.
place_design completed successfully
place_design: Time (s): cpu = 00:00:24 ; elapsed = 00:00:21 . Memory (MB): peak = 2618.625 ; gain = 0.000 ; free physical = 30347 ; free virtual = 155619
INFO: [Common 17-600] The following parameters have non-default value.
general.maxThreads
# phys_opt_design
Command: phys_opt_design
Attempting to get a license for feature 'Implementation' and/or device 'xc7z010'
INFO: [Common 17-349] Got license for feature 'Implementation' and/or device 'xc7z010'

Starting Initial Update Timing Task
WARNING: [Timing 38-242] The property HD.CLK_SRC of clock port "clk" is not set. In out-of-context mode, this prevents timing estimation for clock delay/skew
Resolution: Set the HD.CLK_SRC property of the out-of-context port to the location of the clock buffer instance in the top-level design
WARNING: [Timing 38-242] The property HD.CLK_SRC of clock port "fft_clk" is not set. In out-of-context mode, this prevents timing estimation for clock delay/skew
Resolution: Set the HD.CLK_SRC property of the out-of-context port to the location of the clock buffer instance in the top-level design

Time (s): cpu = 00:00:00.62 ; elapsed = 00:00:00.42 . Memory (MB): peak = 2618.625 ; gain = 0.000 ; free physical = 30243 ; free virtual = 155521
INFO: [Vivado_Tcl 4-1435] PhysOpt_Tcl_Interface Runtime Before Starting Physical Synthesis Task | CPU: 0.65s |  WALL: 0.42s
Netlist sorting complete. Time (s): cpu = 00:00:00 ; elapsed = 00:00:00 . Memory (MB): peak = 2618.625 ; gain = 0.000 ; free physical = 30240 ; free virtual = 155517

Starting Physical Synthesis Task

Phase 1 Physical Synthesis Initialization
INFO: [Physopt 32-721] Multithreading enabled for phys_opt_design using a maximum of 2 CPUs
INFO: [Physopt 32-619] Estimated Timing Summary | WNS=-2.503 | TNS=-1113.430 |
Phase 1 Physical Synthesis Initialization | Checksum: 195a032b0

Time (s): cpu = 00:00:00.49 ; elapsed = 00:00:00.28 . Memory (MB): peak = 2618.625 ; gain = 0.000 ; free physical = 30131 ; free virtual = 155409
INFO: [Physopt 32-619] Estimated Timing Summary | WNS=-2.503 | TNS=-1113.430 |

Phase 2 DSP Register Optimization
INFO: [Physopt 32-456] No candidate cells for DSP register optimization found in the design.
INFO: [Physopt 32-775] End 2 Pass. Optimized 0 net or cell. Created 0 new cell, deleted 0 existing cell and moved 0 existing cell
Phase 2 DSP Register Optimization | Checksum: 195a032b0

Time (s): cpu = 00:00:00.54 ; elapsed = 00:00:00.32 . Memory (MB): peak = 2618.625 ; gain = 0.000 ; free physical = 30126 ; free virtual = 155404

Phase 3 Critical Path Optimization
INFO: [Physopt 32-619] Estimated Timing Summary | WNS=-2.503 | TNS=-1113.430 |
INFO: [Physopt 32-702] Processed net product/product_iq_reg_n_153. Optimizations did not improve timing on the net.
INFO: [Physopt 32-81] Processed net result_guard/descriptor_reg[69]_0[3]. Replicated 1 times.
INFO: [Physopt 32-735] Processed net result_guard/descriptor_reg[69]_0[3]. Optimization improves timing on the net.
INFO: [Physopt 32-619] Estimated Timing Summary | WNS=-2.502 | TNS=-1113.197 |
INFO: [Physopt 32-702] Processed net output_bank/p_0_in_0[0]. Optimizations did not improve timing on the net.
INFO: [Physopt 32-710] Processed net joiner/kernel_rom/input_accept. Critical path length was reduced through logic transformation on cell joiner/kernel_rom/product_ii_reg_i_1_comp.
INFO: [Physopt 32-735] Processed net result_guard/input_valid026_out. Optimization improves timing on the net.
INFO: [Physopt 32-619] Estimated Timing Summary | WNS=-2.472 | TNS=-1114.553 |
INFO: [Physopt 32-663] Processed net joiner/kernel_rom/expected_next_block_start_reg[62]_0[61].  Re-placed instance joiner/kernel_rom/expected_next_block_start_reg[61]
INFO: [Physopt 32-735] Processed net joiner/kernel_rom/expected_next_block_start_reg[62]_0[61]. Optimization improves timing on the net.
INFO: [Physopt 32-619] Estimated Timing Summary | WNS=-2.472 | TNS=-1114.210 |
INFO: [Physopt 32-663] Processed net joiner/kernel_rom/expected_next_block_start_reg[62]_0[62].  Re-placed instance joiner/kernel_rom/expected_next_block_start_reg[62]
INFO: [Physopt 32-735] Processed net joiner/kernel_rom/expected_next_block_start_reg[62]_0[62]. Optimization improves timing on the net.
INFO: [Physopt 32-619] Estimated Timing Summary | WNS=-2.472 | TNS=-1113.867 |
INFO: [Physopt 32-663] Processed net joiner/kernel_rom/expected_next_block_start[63].  Re-placed instance joiner/kernel_rom/expected_next_block_start_reg[63]
INFO: [Physopt 32-735] Processed net joiner/kernel_rom/expected_next_block_start[63]. Optimization improves timing on the net.
INFO: [Physopt 32-619] Estimated Timing Summary | WNS=-2.469 | TNS=-1113.524 |
INFO: [Physopt 32-663] Processed net joiner/kernel_rom/block_start_index_reg[62]_0[21].  Re-placed instance joiner/kernel_rom/block_start_index_reg[21]
INFO: [Physopt 32-735] Processed net joiner/kernel_rom/block_start_index_reg[62]_0[21]. Optimization improves timing on the net.
INFO: [Physopt 32-619] Estimated Timing Summary | WNS=-2.469 | TNS=-1113.286 |
INFO: [Physopt 32-663] Processed net joiner/kernel_rom/block_start_index_reg[62]_0[9].  Re-placed instance joiner/kernel_rom/block_start_index_reg[9]
INFO: [Physopt 32-735] Processed net joiner/kernel_rom/block_start_index_reg[62]_0[9]. Optimization improves timing on the net.
INFO: [Physopt 32-619] Estimated Timing Summary | WNS=-2.465 | TNS=-1113.048 |
INFO: [Physopt 32-663] Processed net joiner/kernel_rom/block_exponent[1].  Re-placed instance joiner/kernel_rom/block_exponent_reg[1]
INFO: [Physopt 32-735] Processed net joiner/kernel_rom/block_exponent[1]. Optimization improves timing on the net.
INFO: [Physopt 32-619] Estimated Timing Summary | WNS=-2.465 | TNS=-1112.828 |
INFO: [Physopt 32-663] Processed net joiner/kernel_rom/block_exponent[2].  Re-placed instance joiner/kernel_rom/block_exponent_reg[2]
INFO: [Physopt 32-735] Processed net joiner/kernel_rom/block_exponent[2]. Optimization improves timing on the net.
INFO: [Physopt 32-619] Estimated Timing Summary | WNS=-2.465 | TNS=-1112.609 |
INFO: [Physopt 32-663] Processed net joiner/kernel_rom/block_start_index_reg[62]_0[42].  Re-placed instance joiner/kernel_rom/block_start_index_reg[42]
INFO: [Physopt 32-735] Processed net joiner/kernel_rom/block_start_index_reg[62]_0[42]. Optimization improves timing on the net.
INFO: [Physopt 32-619] Estimated Timing Summary | WNS=-2.446 | TNS=-1112.732 |
INFO: [Physopt 32-702] Processed net joiner/kernel_rom/output_kernel_word_reg_0[16]. Optimizations did not improve timing on the net.
INFO: [Physopt 32-710] Processed net joiner/kernel_rom/output_kernel_word_reg_i_1_n_0. Critical path length was reduced through logic transformation on cell joiner/kernel_rom/output_kernel_word_reg_i_1_comp.
INFO: [Physopt 32-735] Processed net result_guard/input_valid026_out. Optimization improves timing on the net.
INFO: [Physopt 32-619] Estimated Timing Summary | WNS=-2.435 | TNS=-1112.963 |
INFO: [Physopt 32-702] Processed net joiner/kernel_rom/block_exponent[0]. Optimizations did not improve timing on the net.
INFO: [Physopt 32-710] Processed net joiner/kernel_rom/block_exponent_0. Critical path length was reduced through logic transformation on cell joiner/kernel_rom/block_start_index[63]_i_1_comp.
INFO: [Physopt 32-735] Processed net result_guard/input_valid026_out. Optimization improves timing on the net.
INFO: [Physopt 32-619] Estimated Timing Summary | WNS=-2.407 | TNS=-1092.417 |
INFO: [Physopt 32-663] Processed net joiner/kernel_rom/output_block_start_index_reg[63]_0[16].  Re-placed instance joiner/kernel_rom/output_block_start_index_reg[16]
INFO: [Physopt 32-735] Processed net joiner/kernel_rom/output_block_start_index_reg[63]_0[16]. Optimization improves timing on the net.
INFO: [Physopt 32-619] Estimated Timing Summary | WNS=-2.407 | TNS=-1092.372 |
INFO: [Physopt 32-663] Processed net joiner/kernel_rom/output_block_start_index_reg[63]_0[17].  Re-placed instance joiner/kernel_rom/output_block_start_index_reg[17]
INFO: [Physopt 32-735] Processed net joiner/kernel_rom/output_block_start_index_reg[63]_0[17]. Optimization improves timing on the net.
INFO: [Physopt 32-619] Estimated Timing Summary | WNS=-2.407 | TNS=-1092.327 |
INFO: [Physopt 32-663] Processed net joiner/kernel_rom/output_block_start_index_reg[63]_0[19].  Re-placed instance joiner/kernel_rom/output_block_start_index_reg[19]
INFO: [Physopt 32-735] Processed net joiner/kernel_rom/output_block_start_index_reg[63]_0[19]. Optimization improves timing on the net.
INFO: [Physopt 32-619] Estimated Timing Summary | WNS=-2.407 | TNS=-1092.282 |
INFO: [Physopt 32-663] Processed net joiner/kernel_rom/output_block_start_index_reg[63]_0[27].  Re-placed instance joiner/kernel_rom/output_block_start_index_reg[27]
INFO: [Physopt 32-735] Processed net joiner/kernel_rom/output_block_start_index_reg[63]_0[27]. Optimization improves timing on the net.
INFO: [Physopt 32-619] Estimated Timing Summary | WNS=-2.407 | TNS=-1092.237 |
INFO: [Physopt 32-663] Processed net joiner/kernel_rom/output_block_start_index_reg[63]_0[33].  Re-placed instance joiner/kernel_rom/output_block_start_index_reg[33]
INFO: [Physopt 32-735] Processed net joiner/kernel_rom/output_block_start_index_reg[63]_0[33]. Optimization improves timing on the net.
INFO: [Physopt 32-619] Estimated Timing Summary | WNS=-2.407 | TNS=-1092.192 |
INFO: [Physopt 32-663] Processed net joiner/kernel_rom/output_block_start_index_reg[63]_0[34].  Re-placed instance joiner/kernel_rom/output_block_start_index_reg[34]
INFO: [Physopt 32-735] Processed net joiner/kernel_rom/output_block_start_index_reg[63]_0[34]. Optimization improves timing on the net.
INFO: [Physopt 32-619] Estimated Timing Summary | WNS=-2.407 | TNS=-1092.147 |
INFO: [Physopt 32-663] Processed net joiner/kernel_rom/output_block_start_index_reg[63]_0[36].  Re-placed instance joiner/kernel_rom/output_block_start_index_reg[36]
INFO: [Physopt 32-735] Processed net joiner/kernel_rom/output_block_start_index_reg[63]_0[36]. Optimization improves timing on the net.
INFO: [Physopt 32-619] Estimated Timing Summary | WNS=-2.407 | TNS=-1092.102 |
INFO: [Physopt 32-663] Processed net joiner/kernel_rom/output_block_start_index_reg[63]_0[48].  Re-placed instance joiner/kernel_rom/output_block_start_index_reg[48]
INFO: [Physopt 32-735] Processed net joiner/kernel_rom/output_block_start_index_reg[63]_0[48]. Optimization improves timing on the net.
INFO: [Physopt 32-619] Estimated Timing Summary | WNS=-2.391 | TNS=-1092.057 |
INFO: [Physopt 32-702] Processed net joiner/kernel_rom/output_bin_index_reg[8]_0[0]. Optimizations did not improve timing on the net.
INFO: [Physopt 32-710] Processed net joiner/kernel_rom/expected_bin_index[8]_i_1_n_0. Critical path length was reduced through logic transformation on cell joiner/kernel_rom/expected_bin_index[8]_i_1_comp.
INFO: [Physopt 32-735] Processed net result_guard/input_valid026_out. Optimization improves timing on the net.
INFO: [Physopt 32-619] Estimated Timing Summary | WNS=-2.381 | TNS=-1040.055 |
INFO: [Physopt 32-663] Processed net joiner/kernel_rom/expected_next_block_start_reg[62]_0[53].  Re-placed instance joiner/kernel_rom/expected_next_block_start_reg[53]
INFO: [Physopt 32-735] Processed net joiner/kernel_rom/expected_next_block_start_reg[62]_0[53]. Optimization improves timing on the net.
INFO: [Physopt 32-619] Estimated Timing Summary | WNS=-2.381 | TNS=-1039.711 |
INFO: [Physopt 32-663] Processed net joiner/kernel_rom/expected_next_block_start_reg[62]_0[54].  Re-placed instance joiner/kernel_rom/expected_next_block_start_reg[54]
INFO: [Physopt 32-735] Processed net joiner/kernel_rom/expected_next_block_start_reg[62]_0[54]. Optimization improves timing on the net.
INFO: [Physopt 32-619] Estimated Timing Summary | WNS=-2.381 | TNS=-1039.367 |
INFO: [Physopt 32-663] Processed net joiner/kernel_rom/expected_next_block_start_reg[62]_0[55].  Re-placed instance joiner/kernel_rom/expected_next_block_start_reg[55]
INFO: [Physopt 32-735] Processed net joiner/kernel_rom/expected_next_block_start_reg[62]_0[55]. Optimization improves timing on the net.
INFO: [Physopt 32-619] Estimated Timing Summary | WNS=-2.381 | TNS=-1039.023 |
INFO: [Physopt 32-663] Processed net joiner/kernel_rom/expected_next_block_start_reg[62]_0[56].  Re-placed instance joiner/kernel_rom/expected_next_block_start_reg[56]
INFO: [Physopt 32-735] Processed net joiner/kernel_rom/expected_next_block_start_reg[62]_0[56]. Optimization improves timing on the net.
INFO: [Physopt 32-619] Estimated Timing Summary | WNS=-2.371 | TNS=-1038.679 |
INFO: [Physopt 32-702] Processed net product/product_overflow. Optimizations did not improve timing on the net.
INFO: [Physopt 32-663] Processed net product/sum_real_reg__0[12].  Re-placed instance product/round_and_saturate2_carry_i_5_psdsp_3
INFO: [Physopt 32-735] Processed net product/sum_real_reg__0[12]. Optimization improves timing on the net.
INFO: [Physopt 32-619] Estimated Timing Summary | WNS=-2.367 | TNS=-1037.415 |
INFO: [Physopt 32-663] Processed net product/sum_imag_reg__0[13].  Re-placed instance product/i__carry_i_5__2_psdsp_2
INFO: [Physopt 32-735] Processed net product/sum_imag_reg__0[13]. Optimization improves timing on the net.
INFO: [Physopt 32-619] Estimated Timing Summary | WNS=-2.355 | TNS=-1037.111 |
INFO: [Physopt 32-663] Processed net joiner/kernel_rom/expected_next_block_start_reg[62]_0[1].  Re-placed instance joiner/kernel_rom/expected_next_block_start_reg[1]
INFO: [Physopt 32-735] Processed net joiner/kernel_rom/expected_next_block_start_reg[62]_0[1]. Optimization improves timing on the net.
INFO: [Physopt 32-619] Estimated Timing Summary | WNS=-2.355 | TNS=-1036.793 |
INFO: [Physopt 32-663] Processed net joiner/kernel_rom/expected_next_block_start_reg[62]_0[2].  Re-placed instance joiner/kernel_rom/expected_next_block_start_reg[2]
INFO: [Physopt 32-735] Processed net joiner/kernel_rom/expected_next_block_start_reg[62]_0[2]. Optimization improves timing on the net.
INFO: [Physopt 32-619] Estimated Timing Summary | WNS=-2.355 | TNS=-1036.475 |
INFO: [Physopt 32-663] Processed net joiner/kernel_rom/expected_next_block_start_reg[62]_0[3].  Re-placed instance joiner/kernel_rom/expected_next_block_start_reg[3]
INFO: [Physopt 32-735] Processed net joiner/kernel_rom/expected_next_block_start_reg[62]_0[3]. Optimization improves timing on the net.
INFO: [Physopt 32-619] Estimated Timing Summary | WNS=-2.355 | TNS=-1036.157 |
INFO: [Physopt 32-663] Processed net joiner/kernel_rom/expected_next_block_start_reg[62]_0[4].  Re-placed instance joiner/kernel_rom/expected_next_block_start_reg[4]
INFO: [Physopt 32-735] Processed net joiner/kernel_rom/expected_next_block_start_reg[62]_0[4]. Optimization improves timing on the net.
INFO: [Physopt 32-619] Estimated Timing Summary | WNS=-2.351 | TNS=-1035.937 |
INFO: [Physopt 32-663] Processed net product/sum_imag_reg__0[0].  Re-placed instance product/i__carry_i_3__5_psdsp_4
INFO: [Physopt 32-735] Processed net product/sum_imag_reg__0[0]. Optimization improves timing on the net.
INFO: [Physopt 32-619] Estimated Timing Summary | WNS=-2.349 | TNS=-1034.411 |
INFO: [Physopt 32-663] Processed net joiner/kernel_rom/expected_next_block_start_reg[62]_0[57].  Re-placed instance joiner/kernel_rom/expected_next_block_start_reg[57]
INFO: [Physopt 32-735] Processed net joiner/kernel_rom/expected_next_block_start_reg[62]_0[57]. Optimization improves timing on the net.
INFO: [Physopt 32-619] Estimated Timing Summary | WNS=-2.349 | TNS=-1034.213 |
INFO: [Physopt 32-663] Processed net joiner/kernel_rom/expected_next_block_start_reg[62]_0[58].  Re-placed instance joiner/kernel_rom/expected_next_block_start_reg[58]
INFO: [Physopt 32-735] Processed net joiner/kernel_rom/expected_next_block_start_reg[62]_0[58]. Optimization improves timing on the net.
INFO: [Physopt 32-619] Estimated Timing Summary | WNS=-2.349 | TNS=-1034.015 |
INFO: [Physopt 32-663] Processed net joiner/kernel_rom/expected_next_block_start_reg[62]_0[59].  Re-placed instance joiner/kernel_rom/expected_next_block_start_reg[59]
INFO: [Physopt 32-735] Processed net joiner/kernel_rom/expected_next_block_start_reg[62]_0[59]. Optimization improves timing on the net.
INFO: [Physopt 32-619] Estimated Timing Summary | WNS=-2.349 | TNS=-1033.817 |
INFO: [Physopt 32-663] Processed net joiner/kernel_rom/expected_next_block_start_reg[62]_0[60].  Re-placed instance joiner/kernel_rom/expected_next_block_start_reg[60]
INFO: [Physopt 32-735] Processed net joiner/kernel_rom/expected_next_block_start_reg[62]_0[60]. Optimization improves timing on the net.
INFO: [Physopt 32-619] Estimated Timing Summary | WNS=-2.340 | TNS=-1033.619 |
INFO: [Physopt 32-663] Processed net joiner/kernel_rom/expected_next_block_start_reg[62]_0[10].  Re-placed instance joiner/kernel_rom/expected_next_block_start_reg[10]
INFO: [Physopt 32-735] Processed net joiner/kernel_rom/expected_next_block_start_reg[62]_0[10]. Optimization improves timing on the net.
INFO: [Physopt 32-619] Estimated Timing Summary | WNS=-2.340 | TNS=-1033.459 |
INFO: [Physopt 32-702] Processed net output_bank/output_metadata[20]. Optimizations did not improve timing on the net.
INFO: [Physopt 32-663] Processed net output_bank/p_0_in13_in[2].  Re-placed instance output_bank/metadata_in_hold_reg[20]
INFO: [Physopt 32-735] Processed net output_bank/p_0_in13_in[2]. Optimization improves timing on the net.
INFO: [Physopt 32-619] Estimated Timing Summary | WNS=-2.340 | TNS=-1033.622 |
INFO: [Physopt 32-81] Processed net output_bank/p_0_in13_in[2]. Replicated 1 times.
INFO: [Physopt 32-735] Processed net output_bank/p_0_in13_in[2]. Optimization improves timing on the net.
INFO: [Physopt 32-619] Estimated Timing Summary | WNS=-2.340 | TNS=-1021.395 |
INFO: [Physopt 32-702] Processed net fast_fault_slow[0]. Optimizations did not improve timing on the net.
INFO: [Physopt 32-663] Processed net fast_fault.  Re-placed instance fast_fault_reg
INFO: [Physopt 32-735] Processed net fast_fault. Optimization improves timing on the net.
INFO: [Physopt 32-619] Estimated Timing Summary | WNS=-2.340 | TNS=-1021.674 |
INFO: [Physopt 32-702] Processed net output_bank/p_0_in13_in[2]_repN. Optimizations did not improve timing on the net.
INFO: [Physopt 32-663] Processed net joiner/kernel_rom/expected_next_block_start_reg[62]_0[11].  Re-placed instance joiner/kernel_rom/expected_next_block_start_reg[11]
INFO: [Physopt 32-735] Processed net joiner/kernel_rom/expected_next_block_start_reg[62]_0[11]. Optimization improves timing on the net.
INFO: [Physopt 32-619] Estimated Timing Summary | WNS=-2.340 | TNS=-1021.514 |
INFO: [Physopt 32-663] Processed net joiner/kernel_rom/expected_next_block_start_reg[62]_0[12].  Re-placed instance joiner/kernel_rom/expected_next_block_start_reg[12]
INFO: [Physopt 32-735] Processed net joiner/kernel_rom/expected_next_block_start_reg[62]_0[12]. Optimization improves timing on the net.
INFO: [Physopt 32-619] Estimated Timing Summary | WNS=-2.340 | TNS=-1021.354 |
INFO: [Physopt 32-663] Processed net joiner/kernel_rom/expected_next_block_start_reg[62]_0[9].  Re-placed instance joiner/kernel_rom/expected_next_block_start_reg[9]
INFO: [Physopt 32-735] Processed net joiner/kernel_rom/expected_next_block_start_reg[62]_0[9]. Optimization improves timing on the net.
INFO: [Physopt 32-619] Estimated Timing Summary | WNS=-2.339 | TNS=-1021.194 |
INFO: [Physopt 32-702] Processed net joiner/kernel_rom/expected_next_block_start_reg[62]_0[49]. Optimizations did not improve timing on the net.
INFO: [Physopt 32-702] Processed net output_bank/p_0_in_0[0]. Optimizations did not improve timing on the net.
INFO: [Physopt 32-702] Processed net result_guard/input_valid026_out. Optimizations did not improve timing on the net.
INFO: [Physopt 32-702] Processed net result_guard/output_kernel_word_reg_i_5_n_0. Optimizations did not improve timing on the net.
INFO: [Physopt 32-702] Processed net result_guard/output_kernel_word_reg_i_11_n_0. Optimizations did not improve timing on the net.
INFO: [Physopt 32-608] Optimized 1 net.  Swapped 15 pins.
INFO: [Physopt 32-735] Processed net input_guard/p_7_in. Optimization improves timing on the net.
INFO: [Physopt 32-619] Estimated Timing Summary | WNS=-2.301 | TNS=-985.698 |
INFO: [Physopt 32-702] Processed net product/product_overflow. Optimizations did not improve timing on the net.
INFO: [Physopt 32-663] Processed net product/sum_real_reg__0[14].  Re-placed instance product/round_and_saturate2_carry_i_5_psdsp_1
INFO: [Physopt 32-735] Processed net product/sum_real_reg__0[14]. Optimization improves timing on the net.
INFO: [Physopt 32-619] Estimated Timing Summary | WNS=-2.269 | TNS=-984.424 |
INFO: [Physopt 32-663] Processed net product/sum_imag_reg__0[2].  Re-placed instance product/i__carry_i_3__5_psdsp_2
INFO: [Physopt 32-735] Processed net product/sum_imag_reg__0[2]. Optimization improves timing on the net.
INFO: [Physopt 32-619] Estimated Timing Summary | WNS=-2.232 | TNS=-983.217 |
INFO: [Physopt 32-702] Processed net product/sum_real_reg__0[12]. Optimizations did not improve timing on the net.
INFO: [Physopt 32-702] Processed net product/output_overflow_i_2_n_0. Optimizations did not improve timing on the net.
INFO: [Physopt 32-702] Processed net product/round_and_saturate1. Optimizations did not improve timing on the net.
INFO: [Physopt 32-608] Optimized 1 net.  Swapped 12 pins.
INFO: [Physopt 32-735] Processed net product/round_and_saturate1_carry_i_5_n_0. Optimization improves timing on the net.
INFO: [Physopt 32-619] Estimated Timing Summary | WNS=-2.206 | TNS=-982.723 |
INFO: [Physopt 32-702] Processed net product/round_and_saturate1_carry_i_6_n_0. Optimizations did not improve timing on the net.
INFO: [Physopt 32-702] Processed net product/round_and_saturate2_carry__3_n_6. Optimizations did not improve timing on the net.
INFO: [Physopt 32-702] Processed net product/round_and_saturate2_carry_i_1_n_0. Optimizations did not improve timing on the net.
INFO: [Physopt 32-702] Processed net product/round_and_saturate2_carry_i_2_n_0. Optimizations did not improve timing on the net.
INFO: [Physopt 32-663] Processed net product/round_and_saturate2_carry_i_4_n_0.  Re-placed instance product/round_and_saturate2_carry_i_4
INFO: [Physopt 32-735] Processed net product/round_and_saturate2_carry_i_4_n_0. Optimization improves timing on the net.
INFO: [Physopt 32-619] Estimated Timing Summary | WNS=-2.204 | TNS=-981.875 |
INFO: [Physopt 32-663] Processed net product/sum_imag_reg__0[14].  Re-placed instance product/i__carry_i_5__2_psdsp_1
INFO: [Physopt 32-735] Processed net product/sum_imag_reg__0[14]. Optimization improves timing on the net.
INFO: [Physopt 32-619] Estimated Timing Summary | WNS=-2.187 | TNS=-980.984 |
INFO: [Physopt 32-663] Processed net result_guard/fault_reasons_reg_n_0_[3].  Re-placed instance result_guard/fault_reasons_reg[3]
INFO: [Physopt 32-735] Processed net result_guard/fault_reasons_reg_n_0_[3]. Optimization improves timing on the net.
INFO: [Physopt 32-619] Estimated Timing Summary | WNS=-2.175 | TNS=-977.859 |
INFO: [Physopt 32-702] Processed net result_guard/fault_reasons_reg_n_0_[3]. Optimizations did not improve timing on the net.
INFO: [Physopt 32-702] Processed net input_guard/p_7_in. Optimizations did not improve timing on the net.
INFO: [Physopt 32-702] Processed net result_guard/registered_scheduling.engine_output_reserved_reg. Optimizations did not improve timing on the net.
INFO: [Physopt 32-608] Optimized 1 net.  Swapped 17 pins.
INFO: [Physopt 32-735] Processed net result_guard/input_fault_events_now[0]. Optimization improves timing on the net.
INFO: [Physopt 32-619] Estimated Timing Summary | WNS=-2.159 | TNS=-974.071 |
INFO: [Physopt 32-663] Processed net result_guard/output_count[3].  Re-placed instance result_guard/output_count_reg[3]
INFO: [Physopt 32-735] Processed net result_guard/output_count[3]. Optimization improves timing on the net.
INFO: [Physopt 32-619] Estimated Timing Summary | WNS=-2.159 | TNS=-969.471 |
INFO: [Physopt 32-702] Processed net product/round_and_saturate2_carry_i_4_n_0. Optimizations did not improve timing on the net.
INFO: [Physopt 32-663] Processed net product/round_and_saturate2_carry_i_5_n_0.  Re-placed instance product/round_and_saturate2_carry_i_5
INFO: [Physopt 32-735] Processed net product/round_and_saturate2_carry_i_5_n_0. Optimization improves timing on the net.
INFO: [Physopt 32-619] Estimated Timing Summary | WNS=-2.157 | TNS=-969.343 |
INFO: [Physopt 32-663] Processed net product/sum_imag_reg__0[3].  Re-placed instance product/i__carry_i_3__5_psdsp_1
INFO: [Physopt 32-735] Processed net product/sum_imag_reg__0[3]. Optimization improves timing on the net.
INFO: [Physopt 32-619] Estimated Timing Summary | WNS=-2.154 | TNS=-969.286 |
INFO: [Physopt 32-702] Processed net product/sum_imag_reg__0[12]. Optimizations did not improve timing on the net.
INFO: [Physopt 32-702] Processed net product/round_and_saturate1_inferred__1/i__carry__1_n_1. Optimizations did not improve timing on the net.
INFO: [Physopt 32-608] Optimized 1 net.  Swapped 11 pins.
INFO: [Physopt 32-735] Processed net product/i__carry_i_6__0_n_0. Optimization improves timing on the net.
INFO: [Physopt 32-619] Estimated Timing Summary | WNS=-2.152 | TNS=-966.998 |
INFO: [Physopt 32-702] Processed net product/round_and_saturate2_carry_i_5_n_0. Optimizations did not improve timing on the net.
INFO: [Physopt 32-702] Processed net product/output_overflow_i_1_n_0. Optimizations did not improve timing on the net.
INFO: [Physopt 32-702] Processed net output_bank/output_metadata[20]. Optimizations did not improve timing on the net.
INFO: [Physopt 32-702] Processed net output_bank/p_0_in13_in[2]_repN. Optimizations did not improve timing on the net.
INFO: [Physopt 32-619] Estimated Timing Summary | WNS=-2.152 | TNS=-966.998 |
Phase 3 Critical Path Optimization | Checksum: 174c55686

Time (s): cpu = 00:00:04 ; elapsed = 00:00:03 . Memory (MB): peak = 2618.625 ; gain = 0.000 ; free physical = 30296 ; free virtual = 155574

Phase 4 Critical Path Optimization
INFO: [Physopt 32-619] Estimated Timing Summary | WNS=-2.152 | TNS=-966.998 |
INFO: [Physopt 32-702] Processed net product/product_overflow. Optimizations did not improve timing on the net.
INFO: [Physopt 32-702] Processed net product/sum_real_reg__0[12]. Optimizations did not improve timing on the net.
INFO: [Physopt 32-710] Processed net product/output_overflow_i_1_n_0. Critical path length was reduced through logic transformation on cell product/output_overflow_i_1_comp.
INFO: [Physopt 32-735] Processed net product/output_overflow_i_2_n_0. Optimization improves timing on the net.
INFO: [Physopt 32-619] Estimated Timing Summary | WNS=-2.139 | TNS=-966.720 |
INFO: [Physopt 32-702] Processed net joiner/kernel_rom/expected_next_block_start_reg[62]_0[49]. Optimizations did not improve timing on the net.
INFO: [Physopt 32-663] Processed net product/output_block_start_index_reg[63]_0[30].  Re-placed instance product/output_block_start_index_reg[25]
INFO: [Physopt 32-735] Processed net product/output_block_start_index_reg[63]_0[30]. Optimization improves timing on the net.
INFO: [Physopt 32-619] Estimated Timing Summary | WNS=-2.099 | TNS=-952.274 |
INFO: [Physopt 32-702] Processed net registered_scheduling.descriptor_certified_reg_n_0. Optimizations did not improve timing on the net.
INFO: [Physopt 32-81] Processed net registered_scheduling.next_inverse_reg_n_0. Replicated 1 times.
INFO: [Physopt 32-735] Processed net registered_scheduling.next_inverse_reg_n_0. Optimization improves timing on the net.
INFO: [Physopt 32-619] Estimated Timing Summary | WNS=-2.093 | TNS=-951.556 |
INFO: [Physopt 32-702] Processed net registered_scheduling.next_inverse_reg_n_0. Optimizations did not improve timing on the net.
INFO: [Physopt 32-710] Processed net product_bank/registered_scheduling.descriptor_certified_reg. Critical path length was reduced through logic transformation on cell product_bank/registered_scheduling.descriptor_certified_i_1_comp.
INFO: [Physopt 32-735] Processed net product_bank/descriptor_certified. Optimization improves timing on the net.
INFO: [Physopt 32-619] Estimated Timing Summary | WNS=-2.077 | TNS=-951.415 |
INFO: [Physopt 32-663] Processed net product/output_block_start_index_reg[63]_0[5].  Re-placed instance product/output_block_start_index_reg[0]
INFO: [Physopt 32-735] Processed net product/output_block_start_index_reg[63]_0[5]. Optimization improves timing on the net.
INFO: [Physopt 32-619] Estimated Timing Summary | WNS=-2.059 | TNS=-947.221 |
INFO: [Physopt 32-702] Processed net output_bank/p_0_in_0[0]. Optimizations did not improve timing on the net.
INFO: [Physopt 32-710] Processed net joiner/kernel_rom/expected_next_block_start[63]_i_1_n_0. Critical path length was reduced through logic transformation on cell joiner/kernel_rom/expected_next_block_start[63]_i_1_comp.
INFO: [Physopt 32-735] Processed net result_guard/input_valid026_out. Optimization improves timing on the net.
INFO: [Physopt 32-619] Estimated Timing Summary | WNS=-2.057 | TNS=-934.144 |
INFO: [Physopt 32-702] Processed net product/product_iq_reg_n_153. Optimizations did not improve timing on the net.
INFO: [Physopt 32-710] Processed net joiner/kernel_rom/input_accept. Critical path length was reduced through logic transformation on cell joiner/kernel_rom/product_ii_reg_i_1_comp_1.
INFO: [Physopt 32-735] Processed net result_guard/output_kernel_word_reg_i_5_n_0. Optimization improves timing on the net.
INFO: [Physopt 32-619] Estimated Timing Summary | WNS=-2.020 | TNS=-935.144 |
INFO: [Physopt 32-702] Processed net completion_receipt. Optimizations did not improve timing on the net.
INFO: [Physopt 32-710] Processed net product_bank/completion_accept. Critical path length was reduced through logic transformation on cell product_bank/registered_scheduling.completion_receipt_i_1_comp.
INFO: [Physopt 32-735] Processed net product_bank/completion_accept6. Optimization improves timing on the net.
INFO: [Physopt 32-619] Estimated Timing Summary | WNS=-1.982 | TNS=-934.627 |
INFO: [Physopt 32-702] Processed net result_guard/active_private_reg_n_0. Optimizations did not improve timing on the net.
INFO: [Physopt 32-710] Processed net result_guard/active_private_i_1_n_0. Critical path length was reduced through logic transformation on cell result_guard/active_private_i_1_comp.
INFO: [Physopt 32-735] Processed net result_guard/active_private. Optimization improves timing on the net.
INFO: [Physopt 32-619] Estimated Timing Summary | WNS=-1.971 | TNS=-934.346 |
INFO: [Physopt 32-663] Processed net admission_receipt.  Re-placed instance registered_scheduling.admission_receipt_reg
INFO: [Physopt 32-735] Processed net admission_receipt. Optimization improves timing on the net.
INFO: [Physopt 32-619] Estimated Timing Summary | WNS=-1.954 | TNS=-934.209 |
INFO: [Physopt 32-710] Processed net product_bank/registered_scheduling.descriptor_certified_reg. Critical path length was reduced through logic transformation on cell product_bank/registered_scheduling.descriptor_certified_i_1_comp_1.
INFO: [Physopt 32-735] Processed net product_bank/descriptor_certified0. Optimization improves timing on the net.
INFO: [Physopt 32-619] Estimated Timing Summary | WNS=-1.905 | TNS=-933.728 |
INFO: [Physopt 32-663] Processed net shared_xfft/U0/i_synth/axi_wrapper/data_in_channel_fifo/gen_real_time.data_out_reg[36]_0[19].  Re-placed instance shared_xfft/U0/i_synth/axi_wrapper/data_in_channel_fifo/gen_real_time.data_out_reg[19]
INFO: [Physopt 32-735] Processed net shared_xfft/U0/i_synth/axi_wrapper/data_in_channel_fifo/gen_real_time.data_out_reg[36]_0[19]. Optimization improves timing on the net.
INFO: [Physopt 32-619] Estimated Timing Summary | WNS=-1.905 | TNS=-933.141 |
INFO: [Physopt 32-663] Processed net shared_xfft/U0/i_synth/axi_wrapper/data_in_channel_fifo/gen_real_time.data_out_reg[36]_0[20].  Re-placed instance shared_xfft/U0/i_synth/axi_wrapper/data_in_channel_fifo/gen_real_time.data_out_reg[20]
INFO: [Physopt 32-735] Processed net shared_xfft/U0/i_synth/axi_wrapper/data_in_channel_fifo/gen_real_time.data_out_reg[36]_0[20]. Optimization improves timing on the net.
INFO: [Physopt 32-619] Estimated Timing Summary | WNS=-1.905 | TNS=-932.554 |
INFO: [Physopt 32-663] Processed net shared_xfft/U0/i_synth/axi_wrapper/data_in_channel_fifo/gen_real_time.data_out_reg[36]_0[23].  Re-placed instance shared_xfft/U0/i_synth/axi_wrapper/data_in_channel_fifo/gen_real_time.data_out_reg[23]
INFO: [Physopt 32-735] Processed net shared_xfft/U0/i_synth/axi_wrapper/data_in_channel_fifo/gen_real_time.data_out_reg[36]_0[23]. Optimization improves timing on the net.
INFO: [Physopt 32-619] Estimated Timing Summary | WNS=-1.905 | TNS=-931.967 |
INFO: [Physopt 32-663] Processed net shared_xfft/U0/i_synth/axi_wrapper/data_in_channel_fifo/gen_real_time.data_out_reg[36]_0[24].  Re-placed instance shared_xfft/U0/i_synth/axi_wrapper/data_in_channel_fifo/gen_real_time.data_out_reg[24]
INFO: [Physopt 32-735] Processed net shared_xfft/U0/i_synth/axi_wrapper/data_in_channel_fifo/gen_real_time.data_out_reg[36]_0[24]. Optimization improves timing on the net.
INFO: [Physopt 32-619] Estimated Timing Summary | WNS=-1.905 | TNS=-931.380 |
INFO: [Physopt 32-663] Processed net shared_xfft/U0/i_synth/axi_wrapper/data_in_channel_fifo/gen_real_time.data_out_reg[36]_0[33].  Re-placed instance shared_xfft/U0/i_synth/axi_wrapper/data_in_channel_fifo/gen_real_time.data_out_reg[33]
INFO: [Physopt 32-735] Processed net shared_xfft/U0/i_synth/axi_wrapper/data_in_channel_fifo/gen_real_time.data_out_reg[36]_0[33]. Optimization improves timing on the net.
INFO: [Physopt 32-619] Estimated Timing Summary | WNS=-1.905 | TNS=-931.098 |
INFO: [Physopt 32-702] Processed net shared_xfft/U0/i_synth/axi_wrapper/data_in_channel_fifo/gen_real_time.data_out_reg[36]_0[34]. Optimizations did not improve timing on the net.
INFO: [Physopt 32-663] Processed net input_guard/s_axis_data_tvalid.  Re-placed instance input_guard/shared_xfft_i_40
INFO: [Physopt 32-735] Processed net input_guard/s_axis_data_tvalid. Optimization improves timing on the net.
INFO: [Physopt 32-619] Estimated Timing Summary | WNS=-1.873 | TNS=-917.784 |
INFO: [Physopt 32-702] Processed net product/round_and_saturate10_in. Optimizations did not improve timing on the net.
INFO: [Physopt 32-702] Processed net product/round_and_saturate1_inferred__0/i__carry__0_n_0. Optimizations did not improve timing on the net.
INFO: [Physopt 32-702] Processed net product/round_and_saturate1_inferred__0/i__carry_n_0. Optimizations did not improve timing on the net.
INFO: [Physopt 32-608] Optimized 1 net.  Swapped 12 pins.
INFO: [Physopt 32-735] Processed net product/i__carry_i_5__0_n_0. Optimization improves timing on the net.
INFO: [Physopt 32-619] Estimated Timing Summary | WNS=-1.869 | TNS=-917.775 |
INFO: [Physopt 32-663] Processed net joiner/kernel_rom/block_exponent[0].  Re-placed instance joiner/kernel_rom/block_exponent_reg[0]
INFO: [Physopt 32-735] Processed net joiner/kernel_rom/block_exponent[0]. Optimization improves timing on the net.
INFO: [Physopt 32-619] Estimated Timing Summary | WNS=-1.869 | TNS=-917.728 |
INFO: [Physopt 32-663] Processed net joiner/kernel_rom/block_exponent[4].  Re-placed instance joiner/kernel_rom/block_exponent_reg[4]
INFO: [Physopt 32-735] Processed net joiner/kernel_rom/block_exponent[4]. Optimization improves timing on the net.
INFO: [Physopt 32-619] Estimated Timing Summary | WNS=-1.869 | TNS=-917.681 |
INFO: [Physopt 32-663] Processed net joiner/kernel_rom/block_start_index_reg[62]_0[43].  Re-placed instance joiner/kernel_rom/block_start_index_reg[43]
INFO: [Physopt 32-735] Processed net joiner/kernel_rom/block_start_index_reg[62]_0[43]. Optimization improves timing on the net.
INFO: [Physopt 32-619] Estimated Timing Summary | WNS=-1.869 | TNS=-917.634 |
INFO: [Physopt 32-663] Processed net joiner/kernel_rom/block_start_index_reg[62]_0[47].  Re-placed instance joiner/kernel_rom/block_start_index_reg[47]
INFO: [Physopt 32-735] Processed net joiner/kernel_rom/block_start_index_reg[62]_0[47]. Optimization improves timing on the net.
INFO: [Physopt 32-619] Estimated Timing Summary | WNS=-1.869 | TNS=-917.587 |
INFO: [Physopt 32-702] Processed net joiner/kernel_rom/block_start_index_reg[62]_0[49]. Optimizations did not improve timing on the net.
INFO: [Physopt 32-710] Processed net joiner/kernel_rom/block_exponent_0. Critical path length was reduced through logic transformation on cell joiner/kernel_rom/block_start_index[63]_i_1_comp_1.
INFO: [Physopt 32-735] Processed net result_guard/output_kernel_word_reg_i_5_n_0. Optimization improves timing on the net.
INFO: [Physopt 32-619] Estimated Timing Summary | WNS=-1.864 | TNS=-893.557 |
INFO: [Physopt 32-702] Processed net product/i__carry_i_5__0_n_0. Optimizations did not improve timing on the net.
INFO: [Physopt 32-702] Processed net product/round_and_saturate2_carry__3_n_6. Optimizations did not improve timing on the net.
INFO: [Physopt 32-702] Processed net product/round_and_saturate2_carry__2_n_0. Optimizations did not improve timing on the net.
INFO: [Physopt 32-702] Processed net product/round_and_saturate2_carry__1_n_0. Optimizations did not improve timing on the net.
INFO: [Physopt 32-702] Processed net product/round_and_saturate2_carry__0_n_0. Optimizations did not improve timing on the net.
INFO: [Physopt 32-702] Processed net product/round_and_saturate2_carry_n_0. Optimizations did not improve timing on the net.
INFO: [Physopt 32-702] Processed net product/round_and_saturate2_carry_i_1_n_0. Optimizations did not improve timing on the net.
INFO: [Physopt 32-710] Processed net product/round_and_saturate2_carry_i_1_n_0. Critical path length was reduced through logic transformation on cell product/round_and_saturate2_carry_i_1_comp.
INFO: [Physopt 32-735] Processed net product/round_and_saturate2_carry_i_2_n_0. Optimization improves timing on the net.
INFO: [Physopt 32-619] Estimated Timing Summary | WNS=-1.860 | TNS=-889.129 |
INFO: [Physopt 32-710] Processed net joiner/kernel_rom/expected_next_block_start[63]_i_1_n_0. Critical path length was reduced through logic transformation on cell joiner/kernel_rom/expected_next_block_start[63]_i_1_comp_1.
INFO: [Physopt 32-735] Processed net result_guard/output_kernel_word_reg_i_5_n_0. Optimization improves timing on the net.
INFO: [Physopt 32-619] Estimated Timing Summary | WNS=-1.858 | TNS=-867.345 |
INFO: [Physopt 32-702] Processed net product/product_ii_reg_n_153. Optimizations did not improve timing on the net.
INFO: [Physopt 32-702] Processed net joiner/kernel_rom/B[8]. Optimizations did not improve timing on the net.
INFO: [Physopt 32-663] Processed net output_bank/output_metadata[20].  Re-placed instance output_bank/metadata_out_hold_reg[20]
INFO: [Physopt 32-735] Processed net output_bank/output_metadata[20]. Optimization improves timing on the net.
INFO: [Physopt 32-619] Estimated Timing Summary | WNS=-1.858 | TNS=-867.374 |
INFO: [Physopt 32-663] Processed net output_bank/output_metadata[57].  Re-placed instance output_bank/metadata_out_hold_reg[57]
INFO: [Physopt 32-735] Processed net output_bank/output_metadata[57]. Optimization improves timing on the net.
INFO: [Physopt 32-619] Estimated Timing Summary | WNS=-1.858 | TNS=-867.327 |
INFO: [Physopt 32-702] Processed net output_bank/output_metadata[57]. Optimizations did not improve timing on the net.
INFO: [Physopt 32-663] Processed net output_bank/p_0_in52_in[0].  Re-placed instance output_bank/metadata_in_hold_reg[57]
INFO: [Physopt 32-735] Processed net output_bank/p_0_in52_in[0]. Optimization improves timing on the net.
INFO: [Physopt 32-619] Estimated Timing Summary | WNS=-1.858 | TNS=-867.322 |
INFO: [Physopt 32-702] Processed net output_bank/p_0_in52_in[0]. Optimizations did not improve timing on the net.
INFO: [Physopt 32-702] Processed net joiner/kernel_rom/B[8]. Optimizations did not improve timing on the net.
INFO: [Physopt 32-663] Processed net output_bank/output_metadata[57].  Re-placed instance output_bank/metadata_out_hold_reg[57]
INFO: [Physopt 32-735] Processed net output_bank/output_metadata[57]. Optimization improves timing on the net.
INFO: [Physopt 32-619] Estimated Timing Summary | WNS=-1.858 | TNS=-866.609 |
INFO: [Physopt 32-702] Processed net fast_fault_slow[0]. Optimizations did not improve timing on the net.
INFO: [Physopt 32-702] Processed net fast_fault. Optimizations did not improve timing on the net.
INFO: [Physopt 32-619] Estimated Timing Summary | WNS=-1.858 | TNS=-866.609 |
Phase 4 Critical Path Optimization | Checksum: 161df377f

Time (s): cpu = 00:00:06 ; elapsed = 00:00:05 . Memory (MB): peak = 2618.625 ; gain = 0.000 ; free physical = 30289 ; free virtual = 155575
Netlist sorting complete. Time (s): cpu = 00:00:00.01 ; elapsed = 00:00:00.01 . Memory (MB): peak = 2618.625 ; gain = 0.000 ; free physical = 30289 ; free virtual = 155575
INFO: [Physopt 32-603] Post Physical Optimization Timing Summary | WNS=-1.858 | TNS=-866.609 |

Summary of Physical Synthesis Optimizations
============================================


-------------------------------------------------------------------------------------------------------------------------------------------------------------
|  Optimization   |  WNS Gain (ns)  |  TNS Gain (ns)  |  Added Cells  |  Removed Cells  |  Optimized Cells/Nets  |  Dont Touch  |  Iterations  |  Elapsed   |
-------------------------------------------------------------------------------------------------------------------------------------------------------------
|  DSP Register   |          0.000  |          0.000  |            0  |              0  |                     0  |           0  |           1  |  00:00:00  |
|  Critical Path  |          0.645  |        246.820  |            3  |              0  |                    84  |           0  |           2  |  00:00:04  |
|  Total          |          0.645  |        246.820  |            3  |              0  |                    84  |           0  |           3  |  00:00:04  |
-------------------------------------------------------------------------------------------------------------------------------------------------------------


Netlist sorting complete. Time (s): cpu = 00:00:00 ; elapsed = 00:00:00 . Memory (MB): peak = 2618.625 ; gain = 0.000 ; free physical = 30289 ; free virtual = 155575
Ending Physical Synthesis Task | Checksum: 11f9bca7a

Time (s): cpu = 00:00:06 ; elapsed = 00:00:05 . Memory (MB): peak = 2618.625 ; gain = 0.000 ; free physical = 30289 ; free virtual = 155575
INFO: [Common 17-83] Releasing license: Implementation
325 Infos, 2 Warnings, 0 Critical Warnings and 0 Errors encountered.
phys_opt_design completed successfully
phys_opt_design: Time (s): cpu = 00:00:07 ; elapsed = 00:00:05 . Memory (MB): peak = 2618.625 ; gain = 0.000 ; free physical = 30289 ; free virtual = 155575
INFO: [Common 17-600] The following parameters have non-default value.
general.maxThreads
# route_design
Command: route_design
Attempting to get a license for feature 'Implementation' and/or device 'xc7z010'
INFO: [Common 17-349] Got license for feature 'Implementation' and/or device 'xc7z010'
INFO: [DRC 23-27] Running DRC with 2 threads
INFO: [Vivado_Tcl 4-198] DRC finished with 0 Errors
INFO: [Vivado_Tcl 4-199] Please refer to the DRC report (report_drc) for more information.
Running DRC as a precondition to command route_design
INFO: [DRC 23-27] Running DRC with 2 threads
INFO: [Vivado_Tcl 4-198] DRC finished with 0 Errors
INFO: [Vivado_Tcl 4-199] Please refer to the DRC report (report_drc) for more information.


Starting Routing Task
INFO: [Route 35-254] Multithreading enabled for route_design using a maximum of 2 CPUs

Phase 1 Build RT Design
Checksum: PlaceDB: 96609026 ConstDB: 0 ShapeSum: 14c8e74 RouteDB: 0
WARNING: [Route 35-197] Clock port "fft_clk" does not have an associated HD.CLK_SRC. Without this constraint, timing analysis may not be accurate and upstream checks cannot be done to ensure correct clock placement.
WARNING: [Route 35-197] Clock port "clk" does not have an associated HD.CLK_SRC. Without this constraint, timing analysis may not be accurate and upstream checks cannot be done to ensure correct clock placement.
WARNING: [Route 35-198] Port "input_data[15]" does not have an associated HD.PARTPIN_LOCS, which will prevent the partial routing of the signal "input_data[15]". Without this partial route, timing analysis to/from this port will not be accurate, and no routing information for this port can be exported.
WARNING: [Route 35-198] Port "input_data[14]" does not have an associated HD.PARTPIN_LOCS, which will prevent the partial routing of the signal "input_data[14]". Without this partial route, timing analysis to/from this port will not be accurate, and no routing information for this port can be exported.
WARNING: [Route 35-198] Port "input_data[13]" does not have an associated HD.PARTPIN_LOCS, which will prevent the partial routing of the signal "input_data[13]". Without this partial route, timing analysis to/from this port will not be accurate, and no routing information for this port can be exported.
WARNING: [Route 35-198] Port "input_data[12]" does not have an associated HD.PARTPIN_LOCS, which will prevent the partial routing of the signal "input_data[12]". Without this partial route, timing analysis to/from this port will not be accurate, and no routing information for this port can be exported.
WARNING: [Route 35-198] Port "input_data[11]" does not have an associated HD.PARTPIN_LOCS, which will prevent the partial routing of the signal "input_data[11]". Without this partial route, timing analysis to/from this port will not be accurate, and no routing information for this port can be exported.
WARNING: [Route 35-198] Port "input_data[10]" does not have an associated HD.PARTPIN_LOCS, which will prevent the partial routing of the signal "input_data[10]". Without this partial route, timing analysis to/from this port will not be accurate, and no routing information for this port can be exported.
WARNING: [Route 35-198] Port "input_data[9]" does not have an associated HD.PARTPIN_LOCS, which will prevent the partial routing of the signal "input_data[9]". Without this partial route, timing analysis to/from this port will not be accurate, and no routing information for this port can be exported.
WARNING: [Route 35-198] Port "input_data[8]" does not have an associated HD.PARTPIN_LOCS, which will prevent the partial routing of the signal "input_data[8]". Without this partial route, timing analysis to/from this port will not be accurate, and no routing information for this port can be exported.
WARNING: [Route 35-198] Port "input_data[7]" does not have an associated HD.PARTPIN_LOCS, which will prevent the partial routing of the signal "input_data[7]". Without this partial route, timing analysis to/from this port will not be accurate, and no routing information for this port can be exported.
WARNING: [Route 35-198] Port "input_data[6]" does not have an associated HD.PARTPIN_LOCS, which will prevent the partial routing of the signal "input_data[6]". Without this partial route, timing analysis to/from this port will not be accurate, and no routing information for this port can be exported.
WARNING: [Route 35-198] Port "input_data[5]" does not have an associated HD.PARTPIN_LOCS, which will prevent the partial routing of the signal "input_data[5]". Without this partial route, timing analysis to/from this port will not be accurate, and no routing information for this port can be exported.
WARNING: [Route 35-198] Port "input_data[4]" does not have an associated HD.PARTPIN_LOCS, which will prevent the partial routing of the signal "input_data[4]". Without this partial route, timing analysis to/from this port will not be accurate, and no routing information for this port can be exported.
WARNING: [Route 35-198] Port "input_data[3]" does not have an associated HD.PARTPIN_LOCS, which will prevent the partial routing of the signal "input_data[3]". Without this partial route, timing analysis to/from this port will not be accurate, and no routing information for this port can be exported.
WARNING: [Route 35-198] Port "input_data[2]" does not have an associated HD.PARTPIN_LOCS, which will prevent the partial routing of the signal "input_data[2]". Without this partial route, timing analysis to/from this port will not be accurate, and no routing information for this port can be exported.
WARNING: [Route 35-198] Port "input_data[1]" does not have an associated HD.PARTPIN_LOCS, which will prevent the partial routing of the signal "input_data[1]". Without this partial route, timing analysis to/from this port will not be accurate, and no routing information for this port can be exported.
WARNING: [Route 35-198] Port "input_data[0]" does not have an associated HD.PARTPIN_LOCS, which will prevent the partial routing of the signal "input_data[0]". Without this partial route, timing analysis to/from this port will not be accurate, and no routing information for this port can be exported.
WARNING: [Route 35-198] Port "input_data[31]" does not have an associated HD.PARTPIN_LOCS, which will prevent the partial routing of the signal "input_data[31]". Without this partial route, timing analysis to/from this port will not be accurate, and no routing information for this port can be exported.
WARNING: [Route 35-198] Port "input_data[30]" does not have an associated HD.PARTPIN_LOCS, which will prevent the partial routing of the signal "input_data[30]". Without this partial route, timing analysis to/from this port will not be accurate, and no routing information for this port can be exported.
WARNING: [Route 35-198] Port "input_data[29]" does not have an associated HD.PARTPIN_LOCS, which will prevent the partial routing of the signal "input_data[29]". Without this partial route, timing analysis to/from this port will not be accurate, and no routing information for this port can be exported.
WARNING: [Route 35-198] Port "input_data[28]" does not have an associated HD.PARTPIN_LOCS, which will prevent the partial routing of the signal "input_data[28]". Without this partial route, timing analysis to/from this port will not be accurate, and no routing information for this port can be exported.
WARNING: [Route 35-198] Port "input_data[27]" does not have an associated HD.PARTPIN_LOCS, which will prevent the partial routing of the signal "input_data[27]". Without this partial route, timing analysis to/from this port will not be accurate, and no routing information for this port can be exported.
WARNING: [Route 35-198] Port "input_data[26]" does not have an associated HD.PARTPIN_LOCS, which will prevent the partial routing of the signal "input_data[26]". Without this partial route, timing analysis to/from this port will not be accurate, and no routing information for this port can be exported.
WARNING: [Route 35-198] Port "input_data[25]" does not have an associated HD.PARTPIN_LOCS, which will prevent the partial routing of the signal "input_data[25]". Without this partial route, timing analysis to/from this port will not be accurate, and no routing information for this port can be exported.
WARNING: [Route 35-198] Port "input_data[24]" does not have an associated HD.PARTPIN_LOCS, which will prevent the partial routing of the signal "input_data[24]". Without this partial route, timing analysis to/from this port will not be accurate, and no routing information for this port can be exported.
WARNING: [Route 35-198] Port "input_data[23]" does not have an associated HD.PARTPIN_LOCS, which will prevent the partial routing of the signal "input_data[23]". Without this partial route, timing analysis to/from this port will not be accurate, and no routing information for this port can be exported.
WARNING: [Route 35-198] Port "input_data[22]" does not have an associated HD.PARTPIN_LOCS, which will prevent the partial routing of the signal "input_data[22]". Without this partial route, timing analysis to/from this port will not be accurate, and no routing information for this port can be exported.
WARNING: [Route 35-198] Port "input_data[21]" does not have an associated HD.PARTPIN_LOCS, which will prevent the partial routing of the signal "input_data[21]". Without this partial route, timing analysis to/from this port will not be accurate, and no routing information for this port can be exported.
WARNING: [Route 35-198] Port "input_data[20]" does not have an associated HD.PARTPIN_LOCS, which will prevent the partial routing of the signal "input_data[20]". Without this partial route, timing analysis to/from this port will not be accurate, and no routing information for this port can be exported.
WARNING: [Route 35-198] Port "input_data[19]" does not have an associated HD.PARTPIN_LOCS, which will prevent the partial routing of the signal "input_data[19]". Without this partial route, timing analysis to/from this port will not be accurate, and no routing information for this port can be exported.
WARNING: [Route 35-198] Port "input_data[18]" does not have an associated HD.PARTPIN_LOCS, which will prevent the partial routing of the signal "input_data[18]". Without this partial route, timing analysis to/from this port will not be accurate, and no routing information for this port can be exported.
WARNING: [Route 35-198] Port "input_data[17]" does not have an associated HD.PARTPIN_LOCS, which will prevent the partial routing of the signal "input_data[17]". Without this partial route, timing analysis to/from this port will not be accurate, and no routing information for this port can be exported.
WARNING: [Route 35-198] Port "input_data[16]" does not have an associated HD.PARTPIN_LOCS, which will prevent the partial routing of the signal "input_data[16]". Without this partial route, timing analysis to/from this port will not be accurate, and no routing information for this port can be exported.
WARNING: [Route 35-198] Port "input_data[33]" does not have an associated HD.PARTPIN_LOCS, which will prevent the partial routing of the signal "input_data[33]". Without this partial route, timing analysis to/from this port will not be accurate, and no routing information for this port can be exported.
WARNING: [Route 35-198] Port "input_data[32]" does not have an associated HD.PARTPIN_LOCS, which will prevent the partial routing of the signal "input_data[32]". Without this partial route, timing analysis to/from this port will not be accurate, and no routing information for this port can be exported.
WARNING: [Route 35-198] Port "input_data[35]" does not have an associated HD.PARTPIN_LOCS, which will prevent the partial routing of the signal "input_data[35]". Without this partial route, timing analysis to/from this port will not be accurate, and no routing information for this port can be exported.
WARNING: [Route 35-198] Port "input_data[34]" does not have an associated HD.PARTPIN_LOCS, which will prevent the partial routing of the signal "input_data[34]". Without this partial route, timing analysis to/from this port will not be accurate, and no routing information for this port can be exported.
WARNING: [Route 35-198] Port "input_valid" does not have an associated HD.PARTPIN_LOCS, which will prevent the partial routing of the signal "input_valid". Without this partial route, timing analysis to/from this port will not be accurate, and no routing information for this port can be exported.
WARNING: [Route 35-198] Port "resetn" does not have an associated HD.PARTPIN_LOCS, which will prevent the partial routing of the signal "resetn". Without this partial route, timing analysis to/from this port will not be accurate, and no routing information for this port can be exported.
WARNING: [Route 35-198] Port "fft_resetn" does not have an associated HD.PARTPIN_LOCS, which will prevent the partial routing of the signal "fft_resetn". Without this partial route, timing analysis to/from this port will not be accurate, and no routing information for this port can be exported.
WARNING: [Route 35-198] Port "output_ready" does not have an associated HD.PARTPIN_LOCS, which will prevent the partial routing of the signal "output_ready". Without this partial route, timing analysis to/from this port will not be accurate, and no routing information for this port can be exported.
WARNING: [Route 35-198] Port "input_block_start[58]" does not have an associated HD.PARTPIN_LOCS, which will prevent the partial routing of the signal "input_block_start[58]". Without this partial route, timing analysis to/from this port will not be accurate, and no routing information for this port can be exported.
WARNING: [Route 35-198] Port "input_block_start[15]" does not have an associated HD.PARTPIN_LOCS, which will prevent the partial routing of the signal "input_block_start[15]". Without this partial route, timing analysis to/from this port will not be accurate, and no routing information for this port can be exported.
WARNING: [Route 35-198] Port "input_block_start[21]" does not have an associated HD.PARTPIN_LOCS, which will prevent the partial routing of the signal "input_block_start[21]". Without this partial route, timing analysis to/from this port will not be accurate, and no routing information for this port can be exported.
WARNING: [Route 35-198] Port "input_block_start[30]" does not have an associated HD.PARTPIN_LOCS, which will prevent the partial routing of the signal "input_block_start[30]". Without this partial route, timing analysis to/from this port will not be accurate, and no routing information for this port can be exported.
WARNING: [Route 35-198] Port "input_block_start[42]" does not have an associated HD.PARTPIN_LOCS, which will prevent the partial routing of the signal "input_block_start[42]". Without this partial route, timing analysis to/from this port will not be accurate, and no routing information for this port can be exported.
WARNING: [Route 35-198] Port "input_block_start[9]" does not have an associated HD.PARTPIN_LOCS, which will prevent the partial routing of the signal "input_block_start[9]". Without this partial route, timing analysis to/from this port will not be accurate, and no routing information for this port can be exported.
WARNING: [Route 35-198] Port "input_block_start[25]" does not have an associated HD.PARTPIN_LOCS, which will prevent the partial routing of the signal "input_block_start[25]". Without this partial route, timing analysis to/from this port will not be accurate, and no routing information for this port can be exported.
WARNING: [Route 35-198] Port "input_block_start[33]" does not have an associated HD.PARTPIN_LOCS, which will prevent the partial routing of the signal "input_block_start[33]". Without this partial route, timing analysis to/from this port will not be accurate, and no routing information for this port can be exported.
WARNING: [Route 35-198] Port "input_block_start[0]" does not have an associated HD.PARTPIN_LOCS, which will prevent the partial routing of the signal "input_block_start[0]". Without this partial route, timing analysis to/from this port will not be accurate, and no routing information for this port can be exported.
WARNING: [Route 35-198] Port "input_block_start[1]" does not have an associated HD.PARTPIN_LOCS, which will prevent the partial routing of the signal "input_block_start[1]". Without this partial route, timing analysis to/from this port will not be accurate, and no routing information for this port can be exported.
WARNING: [Route 35-198] Port "input_block_start[2]" does not have an associated HD.PARTPIN_LOCS, which will prevent the partial routing of the signal "input_block_start[2]". Without this partial route, timing analysis to/from this port will not be accurate, and no routing information for this port can be exported.
WARNING: [Route 35-198] Port "input_block_start[3]" does not have an associated HD.PARTPIN_LOCS, which will prevent the partial routing of the signal "input_block_start[3]". Without this partial route, timing analysis to/from this port will not be accurate, and no routing information for this port can be exported.
WARNING: [Route 35-198] Port "input_block_start[40]" does not have an associated HD.PARTPIN_LOCS, which will prevent the partial routing of the signal "input_block_start[40]". Without this partial route, timing analysis to/from this port will not be accurate, and no routing information for this port can be exported.
WARNING: [Route 35-198] Port "input_block_start[43]" does not have an associated HD.PARTPIN_LOCS, which will prevent the partial routing of the signal "input_block_start[43]". Without this partial route, timing analysis to/from this port will not be accurate, and no routing information for this port can be exported.
WARNING: [Route 35-198] Port "input_block_start[49]" does not have an associated HD.PARTPIN_LOCS, which will prevent the partial routing of the signal "input_block_start[49]". Without this partial route, timing analysis to/from this port will not be accurate, and no routing information for this port can be exported.
WARNING: [Route 35-198] Port "input_block_start[55]" does not have an associated HD.PARTPIN_LOCS, which will prevent the partial routing of the signal "input_block_start[55]". Without this partial route, timing analysis to/from this port will not be accurate, and no routing information for this port can be exported.
WARNING: [Route 35-198] Port "input_block_start[6]" does not have an associated HD.PARTPIN_LOCS, which will prevent the partial routing of the signal "input_block_start[6]". Without this partial route, timing analysis to/from this port will not be accurate, and no routing information for this port can be exported.
WARNING: [Route 35-198] Port "input_block_start[8]" does not have an associated HD.PARTPIN_LOCS, which will prevent the partial routing of the signal "input_block_start[8]". Without this partial route, timing analysis to/from this port will not be accurate, and no routing information for this port can be exported.
WARNING: [Route 35-198] Port "input_block_start[34]" does not have an associated HD.PARTPIN_LOCS, which will prevent the partial routing of the signal "input_block_start[34]". Without this partial route, timing analysis to/from this port will not be accurate, and no routing information for this port can be exported.
WARNING: [Route 35-198] Port "input_block_start[4]" does not have an associated HD.PARTPIN_LOCS, which will prevent the partial routing of the signal "input_block_start[4]". Without this partial route, timing analysis to/from this port will not be accurate, and no routing information for this port can be exported.
WARNING: [Route 35-198] Port "input_block_start[18]" does not have an associated HD.PARTPIN_LOCS, which will prevent the partial routing of the signal "input_block_start[18]". Without this partial route, timing analysis to/from this port will not be accurate, and no routing information for this port can be exported.
WARNING: [Route 35-198] Port "input_block_start[22]" does not have an associated HD.PARTPIN_LOCS, which will prevent the partial routing of the signal "input_block_start[22]". Without this partial route, timing analysis to/from this port will not be accurate, and no routing information for this port can be exported.
WARNING: [Route 35-198] Port "input_block_start[24]" does not have an associated HD.PARTPIN_LOCS, which will prevent the partial routing of the signal "input_block_start[24]". Without this partial route, timing analysis to/from this port will not be accurate, and no routing information for this port can be exported.
WARNING: [Route 35-198] Port "input_block_start[11]" does not have an associated HD.PARTPIN_LOCS, which will prevent the partial routing of the signal "input_block_start[11]". Without this partial route, timing analysis to/from this port will not be accurate, and no routing information for this port can be exported.
WARNING: [Route 35-198] Port "input_block_start[10]" does not have an associated HD.PARTPIN_LOCS, which will prevent the partial routing of the signal "input_block_start[10]". Without this partial route, timing analysis to/from this port will not be accurate, and no routing information for this port can be exported.
WARNING: [Route 35-198] Port "input_block_start[12]" does not have an associated HD.PARTPIN_LOCS, which will prevent the partial routing of the signal "input_block_start[12]". Without this partial route, timing analysis to/from this port will not be accurate, and no routing information for this port can be exported.
WARNING: [Route 35-198] Port "input_block_start[13]" does not have an associated HD.PARTPIN_LOCS, which will prevent the partial routing of the signal "input_block_start[13]". Without this partial route, timing analysis to/from this port will not be accurate, and no routing information for this port can be exported.
WARNING: [Route 35-198] Port "input_block_start[14]" does not have an associated HD.PARTPIN_LOCS, which will prevent the partial routing of the signal "input_block_start[14]". Without this partial route, timing analysis to/from this port will not be accurate, and no routing information for this port can be exported.
WARNING: [Route 35-198] Port "input_block_start[17]" does not have an associated HD.PARTPIN_LOCS, which will prevent the partial routing of the signal "input_block_start[17]". Without this partial route, timing analysis to/from this port will not be accurate, and no routing information for this port can be exported.
WARNING: [Route 35-198] Port "input_block_start[27]" does not have an associated HD.PARTPIN_LOCS, which will prevent the partial routing of the signal "input_block_start[27]". Without this partial route, timing analysis to/from this port will not be accurate, and no routing information for this port can be exported.
WARNING: [Route 35-198] Port "input_block_start[29]" does not have an associated HD.PARTPIN_LOCS, which will prevent the partial routing of the signal "input_block_start[29]". Without this partial route, timing analysis to/from this port will not be accurate, and no routing information for this port can be exported.
WARNING: [Route 35-198] Port "input_block_start[35]" does not have an associated HD.PARTPIN_LOCS, which will prevent the partial routing of the signal "input_block_start[35]". Without this partial route, timing analysis to/from this port will not be accurate, and no routing information for this port can be exported.
WARNING: [Route 35-198] Port "input_block_start[36]" does not have an associated HD.PARTPIN_LOCS, which will prevent the partial routing of the signal "input_block_start[36]". Without this partial route, timing analysis to/from this port will not be accurate, and no routing information for this port can be exported.
WARNING: [Route 35-198] Port "input_block_start[38]" does not have an associated HD.PARTPIN_LOCS, which will prevent the partial routing of the signal "input_block_start[38]". Without this partial route, timing analysis to/from this port will not be accurate, and no routing information for this port can be exported.
WARNING: [Route 35-198] Port "input_block_start[41]" does not have an associated HD.PARTPIN_LOCS, which will prevent the partial routing of the signal "input_block_start[41]". Without this partial route, timing analysis to/from this port will not be accurate, and no routing information for this port can be exported.
WARNING: [Route 35-198] Port "input_block_start[39]" does not have an associated HD.PARTPIN_LOCS, which will prevent the partial routing of the signal "input_block_start[39]". Without this partial route, timing analysis to/from this port will not be accurate, and no routing information for this port can be exported.
WARNING: [Route 35-198] Port "input_block_start[44]" does not have an associated HD.PARTPIN_LOCS, which will prevent the partial routing of the signal "input_block_start[44]". Without this partial route, timing analysis to/from this port will not be accurate, and no routing information for this port can be exported.
WARNING: [Route 35-198] Port "input_block_start[48]" does not have an associated HD.PARTPIN_LOCS, which will prevent the partial routing of the signal "input_block_start[48]". Without this partial route, timing analysis to/from this port will not be accurate, and no routing information for this port can be exported.
WARNING: [Route 35-198] Port "input_block_start[53]" does not have an associated HD.PARTPIN_LOCS, which will prevent the partial routing of the signal "input_block_start[53]". Without this partial route, timing analysis to/from this port will not be accurate, and no routing information for this port can be exported.
WARNING: [Route 35-198] Port "input_block_start[7]" does not have an associated HD.PARTPIN_LOCS, which will prevent the partial routing of the signal "input_block_start[7]". Without this partial route, timing analysis to/from this port will not be accurate, and no routing information for this port can be exported.
WARNING: [Route 35-198] Port "input_block_start[16]" does not have an associated HD.PARTPIN_LOCS, which will prevent the partial routing of the signal "input_block_start[16]". Without this partial route, timing analysis to/from this port will not be accurate, and no routing information for this port can be exported.
WARNING: [Route 35-198] Port "input_block_start[19]" does not have an associated HD.PARTPIN_LOCS, which will prevent the partial routing of the signal "input_block_start[19]". Without this partial route, timing analysis to/from this port will not be accurate, and no routing information for this port can be exported.
WARNING: [Route 35-198] Port "input_block_start[5]" does not have an associated HD.PARTPIN_LOCS, which will prevent the partial routing of the signal "input_block_start[5]". Without this partial route, timing analysis to/from this port will not be accurate, and no routing information for this port can be exported.
WARNING: [Route 35-198] Port "input_block_start[20]" does not have an associated HD.PARTPIN_LOCS, which will prevent the partial routing of the signal "input_block_start[20]". Without this partial route, timing analysis to/from this port will not be accurate, and no routing information for this port can be exported.
WARNING: [Route 35-198] Port "input_block_start[23]" does not have an associated HD.PARTPIN_LOCS, which will prevent the partial routing of the signal "input_block_start[23]". Without this partial route, timing analysis to/from this port will not be accurate, and no routing information for this port can be exported.
WARNING: [Route 35-198] Port "input_block_start[26]" does not have an associated HD.PARTPIN_LOCS, which will prevent the partial routing of the signal "input_block_start[26]". Without this partial route, timing analysis to/from this port will not be accurate, and no routing information for this port can be exported.
WARNING: [Route 35-198] Port "input_block_start[31]" does not have an associated HD.PARTPIN_LOCS, which will prevent the partial routing of the signal "input_block_start[31]". Without this partial route, timing analysis to/from this port will not be accurate, and no routing information for this port can be exported.
WARNING: [Route 35-198] Port "input_block_start[47]" does not have an associated HD.PARTPIN_LOCS, which will prevent the partial routing of the signal "input_block_start[47]". Without this partial route, timing analysis to/from this port will not be accurate, and no routing information for this port can be exported.
WARNING: [Route 35-198] Port "input_block_start[37]" does not have an associated HD.PARTPIN_LOCS, which will prevent the partial routing of the signal "input_block_start[37]". Without this partial route, timing analysis to/from this port will not be accurate, and no routing information for this port can be exported.
WARNING: [Route 35-198] Port "input_block_start[54]" does not have an associated HD.PARTPIN_LOCS, which will prevent the partial routing of the signal "input_block_start[54]". Without this partial route, timing analysis to/from this port will not be accurate, and no routing information for this port can be exported.
WARNING: [Route 35-198] Port "input_block_start[57]" does not have an associated HD.PARTPIN_LOCS, which will prevent the partial routing of the signal "input_block_start[57]". Without this partial route, timing analysis to/from this port will not be accurate, and no routing information for this port can be exported.
WARNING: [Route 35-198] Port "input_block_start[59]" does not have an associated HD.PARTPIN_LOCS, which will prevent the partial routing of the signal "input_block_start[59]". Without this partial route, timing analysis to/from this port will not be accurate, and no routing information for this port can be exported.
WARNING: [Route 35-198] Port "input_block_start[60]" does not have an associated HD.PARTPIN_LOCS, which will prevent the partial routing of the signal "input_block_start[60]". Without this partial route, timing analysis to/from this port will not be accurate, and no routing information for this port can be exported.
WARNING: [Route 35-198] Port "input_block_start[61]" does not have an associated HD.PARTPIN_LOCS, which will prevent the partial routing of the signal "input_block_start[61]". Without this partial route, timing analysis to/from this port will not be accurate, and no routing information for this port can be exported.
WARNING: [Route 35-198] Port "input_block_start[62]" does not have an associated HD.PARTPIN_LOCS, which will prevent the partial routing of the signal "input_block_start[62]". Without this partial route, timing analysis to/from this port will not be accurate, and no routing information for this port can be exported.
WARNING: [Route 35-198] Port "input_block_start[28]" does not have an associated HD.PARTPIN_LOCS, which will prevent the partial routing of the signal "input_block_start[28]". Without this partial route, timing analysis to/from this port will not be accurate, and no routing information for this port can be exported.
WARNING: [Route 35-198] Port "input_block_start[32]" does not have an associated HD.PARTPIN_LOCS, which will prevent the partial routing of the signal "input_block_start[32]". Without this partial route, timing analysis to/from this port will not be accurate, and no routing information for this port can be exported.
WARNING: [Route 35-198] Port "input_block_start[45]" does not have an associated HD.PARTPIN_LOCS, which will prevent the partial routing of the signal "input_block_start[45]". Without this partial route, timing analysis to/from this port will not be accurate, and no routing information for this port can be exported.
WARNING: [Route 35-198] Port "input_block_start[46]" does not have an associated HD.PARTPIN_LOCS, which will prevent the partial routing of the signal "input_block_start[46]". Without this partial route, timing analysis to/from this port will not be accurate, and no routing information for this port can be exported.
WARNING: [Route 35-198] Port "input_block_start[56]" does not have an associated HD.PARTPIN_LOCS, which will prevent the partial routing of the signal "input_block_start[56]". Without this partial route, timing analysis to/from this port will not be accurate, and no routing information for this port can be exported.
INFO: [Common 17-14] Message 'Route 35-198' appears 100 times and further instances of the messages will be disabled. Use the Tcl command set_msg_config to change the current settings.
Post Restoration Checksum: NetGraph: 12bf614c NumContArr: 76a01022 Constraints: 0 Timing: 0
Phase 1 Build RT Design | Checksum: 895f716e

Time (s): cpu = 00:00:05 ; elapsed = 00:00:03 . Memory (MB): peak = 2618.625 ; gain = 0.000 ; free physical = 31111 ; free virtual = 156421

Phase 2 Router Initialization

Phase 2.1 Fix Topology Constraints
Phase 2.1 Fix Topology Constraints | Checksum: 895f716e

Time (s): cpu = 00:00:05 ; elapsed = 00:00:04 . Memory (MB): peak = 2618.625 ; gain = 0.000 ; free physical = 31100 ; free virtual = 156410

Phase 2.2 Pre Route Cleanup
Phase 2.2 Pre Route Cleanup | Checksum: 895f716e

Time (s): cpu = 00:00:05 ; elapsed = 00:00:04 . Memory (MB): peak = 2618.625 ; gain = 0.000 ; free physical = 31100 ; free virtual = 156410
 Number of Nodes with overlaps = 0

Phase 2.3 Update Timing
Phase 2.3 Update Timing | Checksum: f612002f

Time (s): cpu = 00:00:06 ; elapsed = 00:00:04 . Memory (MB): peak = 2618.625 ; gain = 0.000 ; free physical = 30968 ; free virtual = 156284
INFO: [Route 35-416] Intermediate Timing Summary | WNS=-1.847 | TNS=-729.288| WHS=-0.067 | THS=-0.148 |


Router Utilization Summary
  Global Vertical Routing Utilization    = 0 %
  Global Horizontal Routing Utilization  = 0 %
  Routable Net Status*
  *Does not include unroutable nets such as driverless and loadless.
  Run report_route_status for detailed report.
  Number of Failed Nets               = 6588
    (Failed Nets is the sum of unrouted and partially routed nets)
  Number of Unrouted Nets             = 6588
  Number of Partially Routed Nets     = 0
  Number of Node Overlaps             = 0

Phase 2 Router Initialization | Checksum: 120f600ca

Time (s): cpu = 00:00:07 ; elapsed = 00:00:05 . Memory (MB): peak = 2618.625 ; gain = 0.000 ; free physical = 30914 ; free virtual = 156268

Phase 3 Initial Routing

Phase 3.1 Global Routing
Phase 3.1 Global Routing | Checksum: 120f600ca

Time (s): cpu = 00:00:07 ; elapsed = 00:00:05 . Memory (MB): peak = 2618.625 ; gain = 0.000 ; free physical = 30914 ; free virtual = 156268
Phase 3 Initial Routing | Checksum: 1491b9eab

Time (s): cpu = 00:00:07 ; elapsed = 00:00:05 . Memory (MB): peak = 2618.625 ; gain = 0.000 ; free physical = 30914 ; free virtual = 156267

Phase 4 Rip-up And Reroute

Phase 4.1 Global Iteration 0
 Number of Nodes with overlaps = 982
 Number of Nodes with overlaps = 401
 Number of Nodes with overlaps = 240
 Number of Nodes with overlaps = 135
 Number of Nodes with overlaps = 77
 Number of Nodes with overlaps = 43
 Number of Nodes with overlaps = 10
 Number of Nodes with overlaps = 8
 Number of Nodes with overlaps = 3
 Number of Nodes with overlaps = 0
INFO: [Route 35-416] Intermediate Timing Summary | WNS=-2.449 | TNS=-1021.332| WHS=N/A    | THS=N/A    |

Phase 4.1 Global Iteration 0 | Checksum: 231f36609

Time (s): cpu = 00:00:17 ; elapsed = 00:00:12 . Memory (MB): peak = 2618.625 ; gain = 0.000 ; free physical = 29537 ; free virtual = 154905

Phase 4.2 Global Iteration 1
 Number of Nodes with overlaps = 141
 Number of Nodes with overlaps = 65
 Number of Nodes with overlaps = 30
 Number of Nodes with overlaps = 12
 Number of Nodes with overlaps = 7
 Number of Nodes with overlaps = 10
 Number of Nodes with overlaps = 5
 Number of Nodes with overlaps = 3
 Number of Nodes with overlaps = 8
 Number of Nodes with overlaps = 1
 Number of Nodes with overlaps = 0
INFO: [Route 35-416] Intermediate Timing Summary | WNS=-2.660 | TNS=-1101.140| WHS=N/A    | THS=N/A    |

Phase 4.2 Global Iteration 1 | Checksum: 13f576648

Time (s): cpu = 00:00:20 ; elapsed = 00:00:15 . Memory (MB): peak = 2618.625 ; gain = 0.000 ; free physical = 28980 ; free virtual = 154355
Phase 4 Rip-up And Reroute | Checksum: 13f576648

Time (s): cpu = 00:00:20 ; elapsed = 00:00:15 . Memory (MB): peak = 2618.625 ; gain = 0.000 ; free physical = 28980 ; free virtual = 154355

Phase 5 Delay and Skew Optimization

Phase 5.1 Delay CleanUp

Phase 5.1.1 Update Timing
Phase 5.1.1 Update Timing | Checksum: 13f576648

Time (s): cpu = 00:00:21 ; elapsed = 00:00:15 . Memory (MB): peak = 2618.625 ; gain = 0.000 ; free physical = 28982 ; free virtual = 154357
INFO: [Route 35-416] Intermediate Timing Summary | WNS=-2.449 | TNS=-1021.332| WHS=N/A    | THS=N/A    |

 Number of Nodes with overlaps = 0
Phase 5.1 Delay CleanUp | Checksum: 10733e71d

Time (s): cpu = 00:00:21 ; elapsed = 00:00:15 . Memory (MB): peak = 2618.625 ; gain = 0.000 ; free physical = 28989 ; free virtual = 154364

Phase 5.2 Clock Skew Optimization
Phase 5.2 Clock Skew Optimization | Checksum: 10733e71d

Time (s): cpu = 00:00:21 ; elapsed = 00:00:15 . Memory (MB): peak = 2618.625 ; gain = 0.000 ; free physical = 28989 ; free virtual = 154364
Phase 5 Delay and Skew Optimization | Checksum: 10733e71d

Time (s): cpu = 00:00:21 ; elapsed = 00:00:15 . Memory (MB): peak = 2618.625 ; gain = 0.000 ; free physical = 28989 ; free virtual = 154364

Phase 6 Post Hold Fix

Phase 6.1 Hold Fix Iter

Phase 6.1.1 Update Timing
Phase 6.1.1 Update Timing | Checksum: 13901f02f

Time (s): cpu = 00:00:21 ; elapsed = 00:00:16 . Memory (MB): peak = 2618.625 ; gain = 0.000 ; free physical = 28966 ; free virtual = 154341
INFO: [Route 35-416] Intermediate Timing Summary | WNS=-2.436 | TNS=-1019.187| WHS=0.071  | THS=0.000  |

Phase 6.1 Hold Fix Iter | Checksum: 13901f02f

Time (s): cpu = 00:00:21 ; elapsed = 00:00:16 . Memory (MB): peak = 2618.625 ; gain = 0.000 ; free physical = 28958 ; free virtual = 154333
Phase 6 Post Hold Fix | Checksum: 13901f02f

Time (s): cpu = 00:00:21 ; elapsed = 00:00:16 . Memory (MB): peak = 2618.625 ; gain = 0.000 ; free physical = 28953 ; free virtual = 154329

Phase 7 Route finalize

Router Utilization Summary
  Global Vertical Routing Utilization    = 3.52548 %
  Global Horizontal Routing Utilization  = 5.5903 %
  Routable Net Status*
  *Does not include unroutable nets such as driverless and loadless.
  Run report_route_status for detailed report.
  Number of Failed Nets               = 0
    (Failed Nets is the sum of unrouted and partially routed nets)
  Number of Unrouted Nets             = 0
  Number of Partially Routed Nets     = 0
  Number of Node Overlaps             = 0

Congestion Report
North Dir 1x1 Area, Max Cong = 50.4505%, No Congested Regions.
South Dir 1x1 Area, Max Cong = 62.1622%, No Congested Regions.
East Dir 1x1 Area, Max Cong = 72.0588%, No Congested Regions.
West Dir 1x1 Area, Max Cong = 86.7647%, Congestion bounded by tiles (Lower Left Tile -> Upper Right Tile):
   INT_R_X23Y8 -> INT_R_X23Y8
   INT_L_X18Y5 -> INT_L_X18Y5

------------------------------
Reporting congestion hotspots
------------------------------
Direction: North
----------------
Congested clusters found at Level 0
Effective congestion level: 0 Aspect Ratio: 1 Sparse Ratio: 0
Direction: South
----------------
Congested clusters found at Level 0
Effective congestion level: 0 Aspect Ratio: 1 Sparse Ratio: 0
Direction: East
----------------
Congested clusters found at Level 0
Effective congestion level: 0 Aspect Ratio: 1 Sparse Ratio: 0
Direction: West
----------------
Congested clusters found at Level 0
Effective congestion level: 0 Aspect Ratio: 1 Sparse Ratio: 1

Phase 7 Route finalize | Checksum: 115051941

Time (s): cpu = 00:00:21 ; elapsed = 00:00:16 . Memory (MB): peak = 2618.625 ; gain = 0.000 ; free physical = 28910 ; free virtual = 154285

Phase 8 Verifying routed nets

 Verification completed successfully
Phase 8 Verifying routed nets | Checksum: 115051941

Time (s): cpu = 00:00:21 ; elapsed = 00:00:16 . Memory (MB): peak = 2618.625 ; gain = 0.000 ; free physical = 28981 ; free virtual = 154356

Phase 9 Depositing Routes
Phase 9 Depositing Routes | Checksum: f5515bea

Time (s): cpu = 00:00:21 ; elapsed = 00:00:16 . Memory (MB): peak = 2618.625 ; gain = 0.000 ; free physical = 28913 ; free virtual = 154288

Phase 10 Post Router Timing
INFO: [Route 35-57] Estimated Timing Summary | WNS=-2.436 | TNS=-1019.187| WHS=0.071  | THS=0.000  |

WARNING: [Route 35-328] Router estimated timing not met.
Resolution: For a complete and accurate timing signoff, report_timing_summary must be run after route_design. Alternatively, route_design can be run with the -timing_summary option to enable a complete timing signoff at the end of route_design.
Phase 10 Post Router Timing | Checksum: f5515bea

Time (s): cpu = 00:00:22 ; elapsed = 00:00:16 . Memory (MB): peak = 2618.625 ; gain = 0.000 ; free physical = 28902 ; free virtual = 154277
INFO: [Route 35-16] Router Completed Successfully

Time (s): cpu = 00:00:22 ; elapsed = 00:00:16 . Memory (MB): peak = 2618.625 ; gain = 0.000 ; free physical = 28902 ; free virtual = 154277

Routing Is Done.
INFO: [Common 17-83] Releasing license: Implementation
17 Infos, 103 Warnings, 0 Critical Warnings and 0 Errors encountered.
route_design completed successfully
route_design: Time (s): cpu = 00:00:23 ; elapsed = 00:00:17 . Memory (MB): peak = 2618.625 ; gain = 0.000 ; free physical = 28902 ; free virtual = 154277
INFO: [Common 17-600] The following parameters have non-default value.
general.maxThreads
# report_route_status -file [file join $output_dir route_status.rpt]
# report_utilization -file [file join $output_dir utilization.rpt]
# report_utilization -hierarchical -hierarchical_depth 6 -file [file join $output_dir hierarchy.rpt]
# report_timing_summary -delay_type min_max -report_unconstrained -max_paths 20 \
#   -file [file join $output_dir timing_unqualified.rpt]
INFO: [Timing 38-91] UpdateTimingParams: Speed grade: -1, Delay Type: min_max.
INFO: [Timing 38-191] Multithreading enabled for timing update using a maximum of 2 CPUs
WARNING: [Timing 38-242] The property HD.CLK_SRC of clock port "clk" is not set. In out-of-context mode, this prevents timing estimation for clock delay/skew
Resolution: Set the HD.CLK_SRC property of the out-of-context port to the location of the clock buffer instance in the top-level design
WARNING: [Timing 38-242] The property HD.CLK_SRC of clock port "fft_clk" is not set. In out-of-context mode, this prevents timing estimation for clock delay/skew
Resolution: Set the HD.CLK_SRC property of the out-of-context port to the location of the clock buffer instance in the top-level design
# check_timing -verbose -file [file join $output_dir check_timing_unqualified.rpt]
# report_cdc -details -file [file join $output_dir cdc_unqualified.rpt]
INFO: [Timing 38-91] UpdateTimingParams: No interconnect No Cell Dly, Speed grade: -1, Delay Type: min_max.
INFO: [Timing 38-191] Multithreading enabled for timing update using a maximum of 2 CPUs
INFO: [Timing 38-314] The report_cdc command only analyzes and reports clock domain crossing paths where clocks have been defined on both source and destination sides. Ports with no input delay constraint are skipped. Please run check_timing to verify there are no missing clock definitions in your design, nor any unconstrained input port.
# set receipt [open [file join $output_dir receipt.txt] w]
# puts $receipt "source_dcp_sha256=$expected"
# puts $receipt "scope=isolated_completed_input_bank_owned_100_175_diagnostic_not_receiver"
# foreach name {source_100 island_175} {
#   foreach kind {max min} {
#     set paths [get_timing_paths -quiet -from [get_clocks $name] \
#       -to [get_clocks $name] -delay_type $kind -max_paths 1]
#     if {[llength $paths] != 1} { error "missing internal timing path $name $kind" }
#     set path [lindex $paths 0]
#     puts $receipt "$name.$kind.slack=[get_property SLACK $path]"
#     puts $receipt "$name.$kind.start=[get_property STARTPOINT_PIN $path]"
#     puts $receipt "$name.$kind.end=[get_property ENDPOINT_PIN $path]"
#     report_timing -from [get_clocks $name] -to [get_clocks $name] \
#       -delay_type $kind -max_paths 20 -file [file join $output_dir ${name}_${kind}.rpt]
#   }
# }
INFO: [Timing 38-78] ReportTimingParams: -from_pins  -to_pins  -max_paths 20 -nworst 1 -delay_type max -sort_by slack.
INFO: [Timing 38-78] ReportTimingParams: -from_pins  -to_pins  -max_paths 20 -nworst 1 -delay_type min -sort_by slack.
INFO: [Timing 38-78] ReportTimingParams: -from_pins  -to_pins  -max_paths 20 -nworst 1 -delay_type max -sort_by slack.
INFO: [Timing 38-78] ReportTimingParams: -from_pins  -to_pins  -max_paths 20 -nworst 1 -delay_type min -sort_by slack.
# puts $receipt "external_IO_CDC_and_full_receiver_unqualified=true"
# puts $receipt "deployment_eligible=false"
# close $receipt
# write_checkpoint [file join $output_dir completed_input_diagnostic_routed.dcp]
INFO: [Timing 38-480] Writing timing data to binary archive.
Writing XDEF routing.
Writing XDEF routing logical nets.
Writing XDEF routing special nets.
Write XDEF Complete: Time (s): cpu = 00:00:00.73 ; elapsed = 00:00:00.27 . Memory (MB): peak = 2653.609 ; gain = 34.984 ; free physical = 28949 ; free virtual = 154343
INFO: [Common 17-1381] The checkpoint '/tmp/starlink-completed-input.5EaJuD/preflight-route-v1/completed_input_diagnostic_routed.dcp' has been generated.
# close_design
# if {[lindex [exec sha256sum $source_dcp] 0] ne $expected} {
#   error "source checkpoint changed during observation"
# }
# puts "COMPLETED_INPUT_DIAGNOSTIC_RECORDED_NOT_A_PHYSICAL_RELEASE_PASS"
COMPLETED_INPUT_DIAGNOSTIC_RECORDED_NOT_A_PHYSICAL_RELEASE_PASS
INFO: [Common 17-206] Exiting Vivado at Thu Sep 10 02:36:10 2026...
