Copyright 1986-2022 Xilinx, Inc. All Rights Reserved.
--------------------------------------------------------------------------------------------------------------------------------------------------------------------------------------------------------------
| Tool Version : Vivado v.2022.2 (lin64) Build 3671981 Fri Oct 14 04:59:54 MDT 2022
| Date         : Thu Sep 10 04:34:35 2026
| Host         : gauss running 64-bit Ubuntu 26.04 LTS
| Command      : report_timing -from [get_clocks island_175] -to [get_clocks island_175] -delay_type max -max_paths 20 -file /tmp/starlink-completed-input.5EaJuD/payload-bubbles-route-v1/island_175_max.rpt
| Design       : starlink_pss_fft_bank_owned_slice
| Device       : 7z010-clg400
| Speed File   : -1  PRODUCTION 1.12 2019-11-22
--------------------------------------------------------------------------------------------------------------------------------------------------------------------------------------------------------------

Timing Report

Slack (VIOLATED) :        -1.559ns  (required time - arrival time)
  Source:                 result_guard/descriptor_reg[51]/C
                            (rising edge-triggered cell FDCE clocked by island_175  {rise@0.000ns fall@2.857ns period=5.714ns})
  Destination:            joiner/kernel_rom/expected_next_block_start_reg[17]/CE
                            (rising edge-triggered cell FDRE clocked by island_175  {rise@0.000ns fall@2.857ns period=5.714ns})
  Path Group:             island_175
  Path Type:              Setup (Max at Slow Process Corner)
  Requirement:            5.714ns  (island_175 rise@5.714ns - island_175 rise@0.000ns)
  Data Path Delay:        6.984ns  (logic 1.634ns (23.396%)  route 5.350ns (76.604%))
  Logic Levels:           9  (LUT4=1 LUT5=2 LUT6=6)
  Clock Path Skew:        -0.049ns (DCD - SCD + CPR)
    Destination Clock Delay (DCD):    0.924ns = ( 6.638 - 5.714 ) 
    Source Clock Delay      (SCD):    0.973ns
    Clock Pessimism Removal (CPR):    0.000ns
  Clock Uncertainty:      0.035ns  ((TSJ^2 + TIJ^2)^1/2 + DJ) / 2 + PE
    Total System Jitter     (TSJ):    0.071ns
    Total Input Jitter      (TIJ):    0.000ns
    Discrete Jitter          (DJ):    0.000ns
    Phase Error              (PE):    0.000ns

    Location             Delay type                Incr(ns)  Path(ns)    Netlist Resource(s)
  -------------------------------------------------------------------    -------------------
                         (clock island_175 rise edge)
                                                      0.000     0.000 r  
                                                      0.000     0.000 r  fft_clk (IN)
                         net (fo=4714, unset)         0.973     0.973    result_guard/fft_clk
    SLICE_X28Y7          FDCE                                         r  result_guard/descriptor_reg[51]/C
  -------------------------------------------------------------------    -------------------
    SLICE_X28Y7          FDCE (Prop_fdce_C_Q)         0.518     1.491 r  result_guard/descriptor_reg[51]/Q
                         net (fo=7, routed)           0.878     2.369    output_bank/D[56]
    SLICE_X29Y6          LUT6 (Prop_lut6_I3_O)        0.124     2.493 r  output_bank/balanced_metadata.leaf_equal_orig0_inferred__17/i_/O
                         net (fo=1, routed)           0.814     3.307    output_bank/balanced_metadata.leaf_equal[18]
    SLICE_X27Y5          LUT6 (Prop_lut6_I1_O)        0.124     3.431 r  output_bank/balanced_metadata.group_equal_orig0_inferred__2/i_/O
                         net (fo=1, routed)           0.579     4.010    output_bank/balanced_metadata.group_equal[3]
    SLICE_X26Y3          LUT5 (Prop_lut5_I2_O)        0.124     4.134 r  output_bank/request_toggle_i_3/O
                         net (fo=1, routed)           0.289     4.424    output_bank/request_toggle_i_3_n_0
    SLICE_X27Y4          LUT5 (Prop_lut5_I2_O)        0.124     4.548 f  output_bank/request_toggle_i_2__0/O
                         net (fo=3, routed)           0.400     4.948    output_bank/request_toggle_i_2__0_n_0
    SLICE_X25Y4          LUT6 (Prop_lut6_I4_O)        0.124     5.072 f  output_bank/fault_reasons[0]_i_5/O
                         net (fo=4, routed)           0.581     5.653    output_bank/return_last_reg_0
    SLICE_X24Y6          LUT4 (Prop_lut4_I0_O)        0.124     5.777 f  output_bank/expected_bin_index[8]_i_7/O
                         net (fo=2, routed)           0.298     6.075    result_guard/output_block_exponent_reg[0]_0
    SLICE_X23Y6          LUT6 (Prop_lut6_I0_O)        0.124     6.199 f  result_guard/expected_bin_index[8]_i_3/O
                         net (fo=4, routed)           0.441     6.639    result_guard/expected_bin_index[8]_i_3_n_0
    SLICE_X23Y6          LUT6 (Prop_lut6_I0_O)        0.124     6.763 r  result_guard/expected_bin_index[8]_i_1/O
                         net (fo=89, routed)          0.403     7.166    joiner/kernel_rom/output_block_exponent_reg[0]_0
    SLICE_X23Y7          LUT6 (Prop_lut6_I0_O)        0.124     7.290 r  joiner/kernel_rom/expected_next_block_start[63]_i_1/O
                         net (fo=65, routed)          0.667     7.957    joiner/kernel_rom/have_previous_block
    SLICE_X22Y4          FDRE                                         r  joiner/kernel_rom/expected_next_block_start_reg[17]/CE
  -------------------------------------------------------------------    -------------------

                         (clock island_175 rise edge)
                                                      5.714     5.714 r  
                                                      0.000     5.714 r  fft_clk (IN)
                         net (fo=4714, unset)         0.924     6.638    joiner/kernel_rom/fft_clk
    SLICE_X22Y4          FDRE                                         r  joiner/kernel_rom/expected_next_block_start_reg[17]/C
                         clock pessimism              0.000     6.638    
                         clock uncertainty           -0.035     6.603    
    SLICE_X22Y4          FDRE (Setup_fdre_C_CE)      -0.205     6.398    joiner/kernel_rom/expected_next_block_start_reg[17]
  -------------------------------------------------------------------
                         required time                          6.398    
                         arrival time                          -7.957    
  -------------------------------------------------------------------
                         slack                                 -1.559    

Slack (VIOLATED) :        -1.559ns  (required time - arrival time)
  Source:                 result_guard/descriptor_reg[51]/C
                            (rising edge-triggered cell FDCE clocked by island_175  {rise@0.000ns fall@2.857ns period=5.714ns})
  Destination:            joiner/kernel_rom/expected_next_block_start_reg[18]/CE
                            (rising edge-triggered cell FDRE clocked by island_175  {rise@0.000ns fall@2.857ns period=5.714ns})
  Path Group:             island_175
  Path Type:              Setup (Max at Slow Process Corner)
  Requirement:            5.714ns  (island_175 rise@5.714ns - island_175 rise@0.000ns)
  Data Path Delay:        6.984ns  (logic 1.634ns (23.396%)  route 5.350ns (76.604%))
  Logic Levels:           9  (LUT4=1 LUT5=2 LUT6=6)
  Clock Path Skew:        -0.049ns (DCD - SCD + CPR)
    Destination Clock Delay (DCD):    0.924ns = ( 6.638 - 5.714 ) 
    Source Clock Delay      (SCD):    0.973ns
    Clock Pessimism Removal (CPR):    0.000ns
  Clock Uncertainty:      0.035ns  ((TSJ^2 + TIJ^2)^1/2 + DJ) / 2 + PE
    Total System Jitter     (TSJ):    0.071ns
    Total Input Jitter      (TIJ):    0.000ns
    Discrete Jitter          (DJ):    0.000ns
    Phase Error              (PE):    0.000ns

    Location             Delay type                Incr(ns)  Path(ns)    Netlist Resource(s)
  -------------------------------------------------------------------    -------------------
                         (clock island_175 rise edge)
                                                      0.000     0.000 r  
                                                      0.000     0.000 r  fft_clk (IN)
                         net (fo=4714, unset)         0.973     0.973    result_guard/fft_clk
    SLICE_X28Y7          FDCE                                         r  result_guard/descriptor_reg[51]/C
  -------------------------------------------------------------------    -------------------
    SLICE_X28Y7          FDCE (Prop_fdce_C_Q)         0.518     1.491 r  result_guard/descriptor_reg[51]/Q
                         net (fo=7, routed)           0.878     2.369    output_bank/D[56]
    SLICE_X29Y6          LUT6 (Prop_lut6_I3_O)        0.124     2.493 r  output_bank/balanced_metadata.leaf_equal_orig0_inferred__17/i_/O
                         net (fo=1, routed)           0.814     3.307    output_bank/balanced_metadata.leaf_equal[18]
    SLICE_X27Y5          LUT6 (Prop_lut6_I1_O)        0.124     3.431 r  output_bank/balanced_metadata.group_equal_orig0_inferred__2/i_/O
                         net (fo=1, routed)           0.579     4.010    output_bank/balanced_metadata.group_equal[3]
    SLICE_X26Y3          LUT5 (Prop_lut5_I2_O)        0.124     4.134 r  output_bank/request_toggle_i_3/O
                         net (fo=1, routed)           0.289     4.424    output_bank/request_toggle_i_3_n_0
    SLICE_X27Y4          LUT5 (Prop_lut5_I2_O)        0.124     4.548 f  output_bank/request_toggle_i_2__0/O
                         net (fo=3, routed)           0.400     4.948    output_bank/request_toggle_i_2__0_n_0
    SLICE_X25Y4          LUT6 (Prop_lut6_I4_O)        0.124     5.072 f  output_bank/fault_reasons[0]_i_5/O
                         net (fo=4, routed)           0.581     5.653    output_bank/return_last_reg_0
    SLICE_X24Y6          LUT4 (Prop_lut4_I0_O)        0.124     5.777 f  output_bank/expected_bin_index[8]_i_7/O
                         net (fo=2, routed)           0.298     6.075    result_guard/output_block_exponent_reg[0]_0
    SLICE_X23Y6          LUT6 (Prop_lut6_I0_O)        0.124     6.199 f  result_guard/expected_bin_index[8]_i_3/O
                         net (fo=4, routed)           0.441     6.639    result_guard/expected_bin_index[8]_i_3_n_0
    SLICE_X23Y6          LUT6 (Prop_lut6_I0_O)        0.124     6.763 r  result_guard/expected_bin_index[8]_i_1/O
                         net (fo=89, routed)          0.403     7.166    joiner/kernel_rom/output_block_exponent_reg[0]_0
    SLICE_X23Y7          LUT6 (Prop_lut6_I0_O)        0.124     7.290 r  joiner/kernel_rom/expected_next_block_start[63]_i_1/O
                         net (fo=65, routed)          0.667     7.957    joiner/kernel_rom/have_previous_block
    SLICE_X22Y4          FDRE                                         r  joiner/kernel_rom/expected_next_block_start_reg[18]/CE
  -------------------------------------------------------------------    -------------------

                         (clock island_175 rise edge)
                                                      5.714     5.714 r  
                                                      0.000     5.714 r  fft_clk (IN)
                         net (fo=4714, unset)         0.924     6.638    joiner/kernel_rom/fft_clk
    SLICE_X22Y4          FDRE                                         r  joiner/kernel_rom/expected_next_block_start_reg[18]/C
                         clock pessimism              0.000     6.638    
                         clock uncertainty           -0.035     6.603    
    SLICE_X22Y4          FDRE (Setup_fdre_C_CE)      -0.205     6.398    joiner/kernel_rom/expected_next_block_start_reg[18]
  -------------------------------------------------------------------
                         required time                          6.398    
                         arrival time                          -7.957    
  -------------------------------------------------------------------
                         slack                                 -1.559    

Slack (VIOLATED) :        -1.559ns  (required time - arrival time)
  Source:                 result_guard/descriptor_reg[51]/C
                            (rising edge-triggered cell FDCE clocked by island_175  {rise@0.000ns fall@2.857ns period=5.714ns})
  Destination:            joiner/kernel_rom/expected_next_block_start_reg[19]/CE
                            (rising edge-triggered cell FDRE clocked by island_175  {rise@0.000ns fall@2.857ns period=5.714ns})
  Path Group:             island_175
  Path Type:              Setup (Max at Slow Process Corner)
  Requirement:            5.714ns  (island_175 rise@5.714ns - island_175 rise@0.000ns)
  Data Path Delay:        6.984ns  (logic 1.634ns (23.396%)  route 5.350ns (76.604%))
  Logic Levels:           9  (LUT4=1 LUT5=2 LUT6=6)
  Clock Path Skew:        -0.049ns (DCD - SCD + CPR)
    Destination Clock Delay (DCD):    0.924ns = ( 6.638 - 5.714 ) 
    Source Clock Delay      (SCD):    0.973ns
    Clock Pessimism Removal (CPR):    0.000ns
  Clock Uncertainty:      0.035ns  ((TSJ^2 + TIJ^2)^1/2 + DJ) / 2 + PE
    Total System Jitter     (TSJ):    0.071ns
    Total Input Jitter      (TIJ):    0.000ns
    Discrete Jitter          (DJ):    0.000ns
    Phase Error              (PE):    0.000ns

    Location             Delay type                Incr(ns)  Path(ns)    Netlist Resource(s)
  -------------------------------------------------------------------    -------------------
                         (clock island_175 rise edge)
                                                      0.000     0.000 r  
                                                      0.000     0.000 r  fft_clk (IN)
                         net (fo=4714, unset)         0.973     0.973    result_guard/fft_clk
    SLICE_X28Y7          FDCE                                         r  result_guard/descriptor_reg[51]/C
  -------------------------------------------------------------------    -------------------
    SLICE_X28Y7          FDCE (Prop_fdce_C_Q)         0.518     1.491 r  result_guard/descriptor_reg[51]/Q
                         net (fo=7, routed)           0.878     2.369    output_bank/D[56]
    SLICE_X29Y6          LUT6 (Prop_lut6_I3_O)        0.124     2.493 r  output_bank/balanced_metadata.leaf_equal_orig0_inferred__17/i_/O
                         net (fo=1, routed)           0.814     3.307    output_bank/balanced_metadata.leaf_equal[18]
    SLICE_X27Y5          LUT6 (Prop_lut6_I1_O)        0.124     3.431 r  output_bank/balanced_metadata.group_equal_orig0_inferred__2/i_/O
                         net (fo=1, routed)           0.579     4.010    output_bank/balanced_metadata.group_equal[3]
    SLICE_X26Y3          LUT5 (Prop_lut5_I2_O)        0.124     4.134 r  output_bank/request_toggle_i_3/O
                         net (fo=1, routed)           0.289     4.424    output_bank/request_toggle_i_3_n_0
    SLICE_X27Y4          LUT5 (Prop_lut5_I2_O)        0.124     4.548 f  output_bank/request_toggle_i_2__0/O
                         net (fo=3, routed)           0.400     4.948    output_bank/request_toggle_i_2__0_n_0
    SLICE_X25Y4          LUT6 (Prop_lut6_I4_O)        0.124     5.072 f  output_bank/fault_reasons[0]_i_5/O
                         net (fo=4, routed)           0.581     5.653    output_bank/return_last_reg_0
    SLICE_X24Y6          LUT4 (Prop_lut4_I0_O)        0.124     5.777 f  output_bank/expected_bin_index[8]_i_7/O
                         net (fo=2, routed)           0.298     6.075    result_guard/output_block_exponent_reg[0]_0
    SLICE_X23Y6          LUT6 (Prop_lut6_I0_O)        0.124     6.199 f  result_guard/expected_bin_index[8]_i_3/O
                         net (fo=4, routed)           0.441     6.639    result_guard/expected_bin_index[8]_i_3_n_0
    SLICE_X23Y6          LUT6 (Prop_lut6_I0_O)        0.124     6.763 r  result_guard/expected_bin_index[8]_i_1/O
                         net (fo=89, routed)          0.403     7.166    joiner/kernel_rom/output_block_exponent_reg[0]_0
    SLICE_X23Y7          LUT6 (Prop_lut6_I0_O)        0.124     7.290 r  joiner/kernel_rom/expected_next_block_start[63]_i_1/O
                         net (fo=65, routed)          0.667     7.957    joiner/kernel_rom/have_previous_block
    SLICE_X22Y4          FDRE                                         r  joiner/kernel_rom/expected_next_block_start_reg[19]/CE
  -------------------------------------------------------------------    -------------------

                         (clock island_175 rise edge)
                                                      5.714     5.714 r  
                                                      0.000     5.714 r  fft_clk (IN)
                         net (fo=4714, unset)         0.924     6.638    joiner/kernel_rom/fft_clk
    SLICE_X22Y4          FDRE                                         r  joiner/kernel_rom/expected_next_block_start_reg[19]/C
                         clock pessimism              0.000     6.638    
                         clock uncertainty           -0.035     6.603    
    SLICE_X22Y4          FDRE (Setup_fdre_C_CE)      -0.205     6.398    joiner/kernel_rom/expected_next_block_start_reg[19]
  -------------------------------------------------------------------
                         required time                          6.398    
                         arrival time                          -7.957    
  -------------------------------------------------------------------
                         slack                                 -1.559    

Slack (VIOLATED) :        -1.559ns  (required time - arrival time)
  Source:                 result_guard/descriptor_reg[51]/C
                            (rising edge-triggered cell FDCE clocked by island_175  {rise@0.000ns fall@2.857ns period=5.714ns})
  Destination:            joiner/kernel_rom/expected_next_block_start_reg[20]/CE
                            (rising edge-triggered cell FDRE clocked by island_175  {rise@0.000ns fall@2.857ns period=5.714ns})
  Path Group:             island_175
  Path Type:              Setup (Max at Slow Process Corner)
  Requirement:            5.714ns  (island_175 rise@5.714ns - island_175 rise@0.000ns)
  Data Path Delay:        6.984ns  (logic 1.634ns (23.396%)  route 5.350ns (76.604%))
  Logic Levels:           9  (LUT4=1 LUT5=2 LUT6=6)
  Clock Path Skew:        -0.049ns (DCD - SCD + CPR)
    Destination Clock Delay (DCD):    0.924ns = ( 6.638 - 5.714 ) 
    Source Clock Delay      (SCD):    0.973ns
    Clock Pessimism Removal (CPR):    0.000ns
  Clock Uncertainty:      0.035ns  ((TSJ^2 + TIJ^2)^1/2 + DJ) / 2 + PE
    Total System Jitter     (TSJ):    0.071ns
    Total Input Jitter      (TIJ):    0.000ns
    Discrete Jitter          (DJ):    0.000ns
    Phase Error              (PE):    0.000ns

    Location             Delay type                Incr(ns)  Path(ns)    Netlist Resource(s)
  -------------------------------------------------------------------    -------------------
                         (clock island_175 rise edge)
                                                      0.000     0.000 r  
                                                      0.000     0.000 r  fft_clk (IN)
                         net (fo=4714, unset)         0.973     0.973    result_guard/fft_clk
    SLICE_X28Y7          FDCE                                         r  result_guard/descriptor_reg[51]/C
  -------------------------------------------------------------------    -------------------
    SLICE_X28Y7          FDCE (Prop_fdce_C_Q)         0.518     1.491 r  result_guard/descriptor_reg[51]/Q
                         net (fo=7, routed)           0.878     2.369    output_bank/D[56]
    SLICE_X29Y6          LUT6 (Prop_lut6_I3_O)        0.124     2.493 r  output_bank/balanced_metadata.leaf_equal_orig0_inferred__17/i_/O
                         net (fo=1, routed)           0.814     3.307    output_bank/balanced_metadata.leaf_equal[18]
    SLICE_X27Y5          LUT6 (Prop_lut6_I1_O)        0.124     3.431 r  output_bank/balanced_metadata.group_equal_orig0_inferred__2/i_/O
                         net (fo=1, routed)           0.579     4.010    output_bank/balanced_metadata.group_equal[3]
    SLICE_X26Y3          LUT5 (Prop_lut5_I2_O)        0.124     4.134 r  output_bank/request_toggle_i_3/O
                         net (fo=1, routed)           0.289     4.424    output_bank/request_toggle_i_3_n_0
    SLICE_X27Y4          LUT5 (Prop_lut5_I2_O)        0.124     4.548 f  output_bank/request_toggle_i_2__0/O
                         net (fo=3, routed)           0.400     4.948    output_bank/request_toggle_i_2__0_n_0
    SLICE_X25Y4          LUT6 (Prop_lut6_I4_O)        0.124     5.072 f  output_bank/fault_reasons[0]_i_5/O
                         net (fo=4, routed)           0.581     5.653    output_bank/return_last_reg_0
    SLICE_X24Y6          LUT4 (Prop_lut4_I0_O)        0.124     5.777 f  output_bank/expected_bin_index[8]_i_7/O
                         net (fo=2, routed)           0.298     6.075    result_guard/output_block_exponent_reg[0]_0
    SLICE_X23Y6          LUT6 (Prop_lut6_I0_O)        0.124     6.199 f  result_guard/expected_bin_index[8]_i_3/O
                         net (fo=4, routed)           0.441     6.639    result_guard/expected_bin_index[8]_i_3_n_0
    SLICE_X23Y6          LUT6 (Prop_lut6_I0_O)        0.124     6.763 r  result_guard/expected_bin_index[8]_i_1/O
                         net (fo=89, routed)          0.403     7.166    joiner/kernel_rom/output_block_exponent_reg[0]_0
    SLICE_X23Y7          LUT6 (Prop_lut6_I0_O)        0.124     7.290 r  joiner/kernel_rom/expected_next_block_start[63]_i_1/O
                         net (fo=65, routed)          0.667     7.957    joiner/kernel_rom/have_previous_block
    SLICE_X22Y4          FDRE                                         r  joiner/kernel_rom/expected_next_block_start_reg[20]/CE
  -------------------------------------------------------------------    -------------------

                         (clock island_175 rise edge)
                                                      5.714     5.714 r  
                                                      0.000     5.714 r  fft_clk (IN)
                         net (fo=4714, unset)         0.924     6.638    joiner/kernel_rom/fft_clk
    SLICE_X22Y4          FDRE                                         r  joiner/kernel_rom/expected_next_block_start_reg[20]/C
                         clock pessimism              0.000     6.638    
                         clock uncertainty           -0.035     6.603    
    SLICE_X22Y4          FDRE (Setup_fdre_C_CE)      -0.205     6.398    joiner/kernel_rom/expected_next_block_start_reg[20]
  -------------------------------------------------------------------
                         required time                          6.398    
                         arrival time                          -7.957    
  -------------------------------------------------------------------
                         slack                                 -1.559    

Slack (VIOLATED) :        -1.559ns  (required time - arrival time)
  Source:                 result_guard/descriptor_reg[51]/C
                            (rising edge-triggered cell FDCE clocked by island_175  {rise@0.000ns fall@2.857ns period=5.714ns})
  Destination:            joiner/kernel_rom/expected_next_block_start_reg[3]/CE
                            (rising edge-triggered cell FDRE clocked by island_175  {rise@0.000ns fall@2.857ns period=5.714ns})
  Path Group:             island_175
  Path Type:              Setup (Max at Slow Process Corner)
  Requirement:            5.714ns  (island_175 rise@5.714ns - island_175 rise@0.000ns)
  Data Path Delay:        6.984ns  (logic 1.634ns (23.396%)  route 5.350ns (76.604%))
  Logic Levels:           9  (LUT4=1 LUT5=2 LUT6=6)
  Clock Path Skew:        -0.049ns (DCD - SCD + CPR)
    Destination Clock Delay (DCD):    0.924ns = ( 6.638 - 5.714 ) 
    Source Clock Delay      (SCD):    0.973ns
    Clock Pessimism Removal (CPR):    0.000ns
  Clock Uncertainty:      0.035ns  ((TSJ^2 + TIJ^2)^1/2 + DJ) / 2 + PE
    Total System Jitter     (TSJ):    0.071ns
    Total Input Jitter      (TIJ):    0.000ns
    Discrete Jitter          (DJ):    0.000ns
    Phase Error              (PE):    0.000ns

    Location             Delay type                Incr(ns)  Path(ns)    Netlist Resource(s)
  -------------------------------------------------------------------    -------------------
                         (clock island_175 rise edge)
                                                      0.000     0.000 r  
                                                      0.000     0.000 r  fft_clk (IN)
                         net (fo=4714, unset)         0.973     0.973    result_guard/fft_clk
    SLICE_X28Y7          FDCE                                         r  result_guard/descriptor_reg[51]/C
  -------------------------------------------------------------------    -------------------
    SLICE_X28Y7          FDCE (Prop_fdce_C_Q)         0.518     1.491 r  result_guard/descriptor_reg[51]/Q
                         net (fo=7, routed)           0.878     2.369    output_bank/D[56]
    SLICE_X29Y6          LUT6 (Prop_lut6_I3_O)        0.124     2.493 r  output_bank/balanced_metadata.leaf_equal_orig0_inferred__17/i_/O
                         net (fo=1, routed)           0.814     3.307    output_bank/balanced_metadata.leaf_equal[18]
    SLICE_X27Y5          LUT6 (Prop_lut6_I1_O)        0.124     3.431 r  output_bank/balanced_metadata.group_equal_orig0_inferred__2/i_/O
                         net (fo=1, routed)           0.579     4.010    output_bank/balanced_metadata.group_equal[3]
    SLICE_X26Y3          LUT5 (Prop_lut5_I2_O)        0.124     4.134 r  output_bank/request_toggle_i_3/O
                         net (fo=1, routed)           0.289     4.424    output_bank/request_toggle_i_3_n_0
    SLICE_X27Y4          LUT5 (Prop_lut5_I2_O)        0.124     4.548 f  output_bank/request_toggle_i_2__0/O
                         net (fo=3, routed)           0.400     4.948    output_bank/request_toggle_i_2__0_n_0
    SLICE_X25Y4          LUT6 (Prop_lut6_I4_O)        0.124     5.072 f  output_bank/fault_reasons[0]_i_5/O
                         net (fo=4, routed)           0.581     5.653    output_bank/return_last_reg_0
    SLICE_X24Y6          LUT4 (Prop_lut4_I0_O)        0.124     5.777 f  output_bank/expected_bin_index[8]_i_7/O
                         net (fo=2, routed)           0.298     6.075    result_guard/output_block_exponent_reg[0]_0
    SLICE_X23Y6          LUT6 (Prop_lut6_I0_O)        0.124     6.199 f  result_guard/expected_bin_index[8]_i_3/O
                         net (fo=4, routed)           0.441     6.639    result_guard/expected_bin_index[8]_i_3_n_0
    SLICE_X23Y6          LUT6 (Prop_lut6_I0_O)        0.124     6.763 r  result_guard/expected_bin_index[8]_i_1/O
                         net (fo=89, routed)          0.403     7.166    joiner/kernel_rom/output_block_exponent_reg[0]_0
    SLICE_X23Y7          LUT6 (Prop_lut6_I0_O)        0.124     7.290 r  joiner/kernel_rom/expected_next_block_start[63]_i_1/O
                         net (fo=65, routed)          0.667     7.957    joiner/kernel_rom/have_previous_block
    SLICE_X22Y4          FDRE                                         r  joiner/kernel_rom/expected_next_block_start_reg[3]/CE
  -------------------------------------------------------------------    -------------------

                         (clock island_175 rise edge)
                                                      5.714     5.714 r  
                                                      0.000     5.714 r  fft_clk (IN)
                         net (fo=4714, unset)         0.924     6.638    joiner/kernel_rom/fft_clk
    SLICE_X22Y4          FDRE                                         r  joiner/kernel_rom/expected_next_block_start_reg[3]/C
                         clock pessimism              0.000     6.638    
                         clock uncertainty           -0.035     6.603    
    SLICE_X22Y4          FDRE (Setup_fdre_C_CE)      -0.205     6.398    joiner/kernel_rom/expected_next_block_start_reg[3]
  -------------------------------------------------------------------
                         required time                          6.398    
                         arrival time                          -7.957    
  -------------------------------------------------------------------
                         slack                                 -1.559    

Slack (VIOLATED) :        -1.559ns  (required time - arrival time)
  Source:                 result_guard/descriptor_reg[51]/C
                            (rising edge-triggered cell FDCE clocked by island_175  {rise@0.000ns fall@2.857ns period=5.714ns})
  Destination:            joiner/kernel_rom/expected_next_block_start_reg[4]/CE
                            (rising edge-triggered cell FDRE clocked by island_175  {rise@0.000ns fall@2.857ns period=5.714ns})
  Path Group:             island_175
  Path Type:              Setup (Max at Slow Process Corner)
  Requirement:            5.714ns  (island_175 rise@5.714ns - island_175 rise@0.000ns)
  Data Path Delay:        6.984ns  (logic 1.634ns (23.396%)  route 5.350ns (76.604%))
  Logic Levels:           9  (LUT4=1 LUT5=2 LUT6=6)
  Clock Path Skew:        -0.049ns (DCD - SCD + CPR)
    Destination Clock Delay (DCD):    0.924ns = ( 6.638 - 5.714 ) 
    Source Clock Delay      (SCD):    0.973ns
    Clock Pessimism Removal (CPR):    0.000ns
  Clock Uncertainty:      0.035ns  ((TSJ^2 + TIJ^2)^1/2 + DJ) / 2 + PE
    Total System Jitter     (TSJ):    0.071ns
    Total Input Jitter      (TIJ):    0.000ns
    Discrete Jitter          (DJ):    0.000ns
    Phase Error              (PE):    0.000ns

    Location             Delay type                Incr(ns)  Path(ns)    Netlist Resource(s)
  -------------------------------------------------------------------    -------------------
                         (clock island_175 rise edge)
                                                      0.000     0.000 r  
                                                      0.000     0.000 r  fft_clk (IN)
                         net (fo=4714, unset)         0.973     0.973    result_guard/fft_clk
    SLICE_X28Y7          FDCE                                         r  result_guard/descriptor_reg[51]/C
  -------------------------------------------------------------------    -------------------
    SLICE_X28Y7          FDCE (Prop_fdce_C_Q)         0.518     1.491 r  result_guard/descriptor_reg[51]/Q
                         net (fo=7, routed)           0.878     2.369    output_bank/D[56]
    SLICE_X29Y6          LUT6 (Prop_lut6_I3_O)        0.124     2.493 r  output_bank/balanced_metadata.leaf_equal_orig0_inferred__17/i_/O
                         net (fo=1, routed)           0.814     3.307    output_bank/balanced_metadata.leaf_equal[18]
    SLICE_X27Y5          LUT6 (Prop_lut6_I1_O)        0.124     3.431 r  output_bank/balanced_metadata.group_equal_orig0_inferred__2/i_/O
                         net (fo=1, routed)           0.579     4.010    output_bank/balanced_metadata.group_equal[3]
    SLICE_X26Y3          LUT5 (Prop_lut5_I2_O)        0.124     4.134 r  output_bank/request_toggle_i_3/O
                         net (fo=1, routed)           0.289     4.424    output_bank/request_toggle_i_3_n_0
    SLICE_X27Y4          LUT5 (Prop_lut5_I2_O)        0.124     4.548 f  output_bank/request_toggle_i_2__0/O
                         net (fo=3, routed)           0.400     4.948    output_bank/request_toggle_i_2__0_n_0
    SLICE_X25Y4          LUT6 (Prop_lut6_I4_O)        0.124     5.072 f  output_bank/fault_reasons[0]_i_5/O
                         net (fo=4, routed)           0.581     5.653    output_bank/return_last_reg_0
    SLICE_X24Y6          LUT4 (Prop_lut4_I0_O)        0.124     5.777 f  output_bank/expected_bin_index[8]_i_7/O
                         net (fo=2, routed)           0.298     6.075    result_guard/output_block_exponent_reg[0]_0
    SLICE_X23Y6          LUT6 (Prop_lut6_I0_O)        0.124     6.199 f  result_guard/expected_bin_index[8]_i_3/O
                         net (fo=4, routed)           0.441     6.639    result_guard/expected_bin_index[8]_i_3_n_0
    SLICE_X23Y6          LUT6 (Prop_lut6_I0_O)        0.124     6.763 r  result_guard/expected_bin_index[8]_i_1/O
                         net (fo=89, routed)          0.403     7.166    joiner/kernel_rom/output_block_exponent_reg[0]_0
    SLICE_X23Y7          LUT6 (Prop_lut6_I0_O)        0.124     7.290 r  joiner/kernel_rom/expected_next_block_start[63]_i_1/O
                         net (fo=65, routed)          0.667     7.957    joiner/kernel_rom/have_previous_block
    SLICE_X22Y4          FDRE                                         r  joiner/kernel_rom/expected_next_block_start_reg[4]/CE
  -------------------------------------------------------------------    -------------------

                         (clock island_175 rise edge)
                                                      5.714     5.714 r  
                                                      0.000     5.714 r  fft_clk (IN)
                         net (fo=4714, unset)         0.924     6.638    joiner/kernel_rom/fft_clk
    SLICE_X22Y4          FDRE                                         r  joiner/kernel_rom/expected_next_block_start_reg[4]/C
                         clock pessimism              0.000     6.638    
                         clock uncertainty           -0.035     6.603    
    SLICE_X22Y4          FDRE (Setup_fdre_C_CE)      -0.205     6.398    joiner/kernel_rom/expected_next_block_start_reg[4]
  -------------------------------------------------------------------
                         required time                          6.398    
                         arrival time                          -7.957    
  -------------------------------------------------------------------
                         slack                                 -1.559    

Slack (VIOLATED) :        -1.559ns  (required time - arrival time)
  Source:                 result_guard/descriptor_reg[51]/C
                            (rising edge-triggered cell FDCE clocked by island_175  {rise@0.000ns fall@2.857ns period=5.714ns})
  Destination:            joiner/kernel_rom/expected_next_block_start_reg[58]/CE
                            (rising edge-triggered cell FDRE clocked by island_175  {rise@0.000ns fall@2.857ns period=5.714ns})
  Path Group:             island_175
  Path Type:              Setup (Max at Slow Process Corner)
  Requirement:            5.714ns  (island_175 rise@5.714ns - island_175 rise@0.000ns)
  Data Path Delay:        6.984ns  (logic 1.634ns (23.396%)  route 5.350ns (76.604%))
  Logic Levels:           9  (LUT4=1 LUT5=2 LUT6=6)
  Clock Path Skew:        -0.049ns (DCD - SCD + CPR)
    Destination Clock Delay (DCD):    0.924ns = ( 6.638 - 5.714 ) 
    Source Clock Delay      (SCD):    0.973ns
    Clock Pessimism Removal (CPR):    0.000ns
  Clock Uncertainty:      0.035ns  ((TSJ^2 + TIJ^2)^1/2 + DJ) / 2 + PE
    Total System Jitter     (TSJ):    0.071ns
    Total Input Jitter      (TIJ):    0.000ns
    Discrete Jitter          (DJ):    0.000ns
    Phase Error              (PE):    0.000ns

    Location             Delay type                Incr(ns)  Path(ns)    Netlist Resource(s)
  -------------------------------------------------------------------    -------------------
                         (clock island_175 rise edge)
                                                      0.000     0.000 r  
                                                      0.000     0.000 r  fft_clk (IN)
                         net (fo=4714, unset)         0.973     0.973    result_guard/fft_clk
    SLICE_X28Y7          FDCE                                         r  result_guard/descriptor_reg[51]/C
  -------------------------------------------------------------------    -------------------
    SLICE_X28Y7          FDCE (Prop_fdce_C_Q)         0.518     1.491 r  result_guard/descriptor_reg[51]/Q
                         net (fo=7, routed)           0.878     2.369    output_bank/D[56]
    SLICE_X29Y6          LUT6 (Prop_lut6_I3_O)        0.124     2.493 r  output_bank/balanced_metadata.leaf_equal_orig0_inferred__17/i_/O
                         net (fo=1, routed)           0.814     3.307    output_bank/balanced_metadata.leaf_equal[18]
    SLICE_X27Y5          LUT6 (Prop_lut6_I1_O)        0.124     3.431 r  output_bank/balanced_metadata.group_equal_orig0_inferred__2/i_/O
                         net (fo=1, routed)           0.579     4.010    output_bank/balanced_metadata.group_equal[3]
    SLICE_X26Y3          LUT5 (Prop_lut5_I2_O)        0.124     4.134 r  output_bank/request_toggle_i_3/O
                         net (fo=1, routed)           0.289     4.424    output_bank/request_toggle_i_3_n_0
    SLICE_X27Y4          LUT5 (Prop_lut5_I2_O)        0.124     4.548 f  output_bank/request_toggle_i_2__0/O
                         net (fo=3, routed)           0.400     4.948    output_bank/request_toggle_i_2__0_n_0
    SLICE_X25Y4          LUT6 (Prop_lut6_I4_O)        0.124     5.072 f  output_bank/fault_reasons[0]_i_5/O
                         net (fo=4, routed)           0.581     5.653    output_bank/return_last_reg_0
    SLICE_X24Y6          LUT4 (Prop_lut4_I0_O)        0.124     5.777 f  output_bank/expected_bin_index[8]_i_7/O
                         net (fo=2, routed)           0.298     6.075    result_guard/output_block_exponent_reg[0]_0
    SLICE_X23Y6          LUT6 (Prop_lut6_I0_O)        0.124     6.199 f  result_guard/expected_bin_index[8]_i_3/O
                         net (fo=4, routed)           0.441     6.639    result_guard/expected_bin_index[8]_i_3_n_0
    SLICE_X23Y6          LUT6 (Prop_lut6_I0_O)        0.124     6.763 r  result_guard/expected_bin_index[8]_i_1/O
                         net (fo=89, routed)          0.403     7.166    joiner/kernel_rom/output_block_exponent_reg[0]_0
    SLICE_X23Y7          LUT6 (Prop_lut6_I0_O)        0.124     7.290 r  joiner/kernel_rom/expected_next_block_start[63]_i_1/O
                         net (fo=65, routed)          0.667     7.957    joiner/kernel_rom/have_previous_block
    SLICE_X22Y4          FDRE                                         r  joiner/kernel_rom/expected_next_block_start_reg[58]/CE
  -------------------------------------------------------------------    -------------------

                         (clock island_175 rise edge)
                                                      5.714     5.714 r  
                                                      0.000     5.714 r  fft_clk (IN)
                         net (fo=4714, unset)         0.924     6.638    joiner/kernel_rom/fft_clk
    SLICE_X22Y4          FDRE                                         r  joiner/kernel_rom/expected_next_block_start_reg[58]/C
                         clock pessimism              0.000     6.638    
                         clock uncertainty           -0.035     6.603    
    SLICE_X22Y4          FDRE (Setup_fdre_C_CE)      -0.205     6.398    joiner/kernel_rom/expected_next_block_start_reg[58]
  -------------------------------------------------------------------
                         required time                          6.398    
                         arrival time                          -7.957    
  -------------------------------------------------------------------
                         slack                                 -1.559    

Slack (VIOLATED) :        -1.559ns  (required time - arrival time)
  Source:                 result_guard/descriptor_reg[51]/C
                            (rising edge-triggered cell FDCE clocked by island_175  {rise@0.000ns fall@2.857ns period=5.714ns})
  Destination:            joiner/kernel_rom/expected_next_block_start_reg[9]/CE
                            (rising edge-triggered cell FDRE clocked by island_175  {rise@0.000ns fall@2.857ns period=5.714ns})
  Path Group:             island_175
  Path Type:              Setup (Max at Slow Process Corner)
  Requirement:            5.714ns  (island_175 rise@5.714ns - island_175 rise@0.000ns)
  Data Path Delay:        6.984ns  (logic 1.634ns (23.396%)  route 5.350ns (76.604%))
  Logic Levels:           9  (LUT4=1 LUT5=2 LUT6=6)
  Clock Path Skew:        -0.049ns (DCD - SCD + CPR)
    Destination Clock Delay (DCD):    0.924ns = ( 6.638 - 5.714 ) 
    Source Clock Delay      (SCD):    0.973ns
    Clock Pessimism Removal (CPR):    0.000ns
  Clock Uncertainty:      0.035ns  ((TSJ^2 + TIJ^2)^1/2 + DJ) / 2 + PE
    Total System Jitter     (TSJ):    0.071ns
    Total Input Jitter      (TIJ):    0.000ns
    Discrete Jitter          (DJ):    0.000ns
    Phase Error              (PE):    0.000ns

    Location             Delay type                Incr(ns)  Path(ns)    Netlist Resource(s)
  -------------------------------------------------------------------    -------------------
                         (clock island_175 rise edge)
                                                      0.000     0.000 r  
                                                      0.000     0.000 r  fft_clk (IN)
                         net (fo=4714, unset)         0.973     0.973    result_guard/fft_clk
    SLICE_X28Y7          FDCE                                         r  result_guard/descriptor_reg[51]/C
  -------------------------------------------------------------------    -------------------
    SLICE_X28Y7          FDCE (Prop_fdce_C_Q)         0.518     1.491 r  result_guard/descriptor_reg[51]/Q
                         net (fo=7, routed)           0.878     2.369    output_bank/D[56]
    SLICE_X29Y6          LUT6 (Prop_lut6_I3_O)        0.124     2.493 r  output_bank/balanced_metadata.leaf_equal_orig0_inferred__17/i_/O
                         net (fo=1, routed)           0.814     3.307    output_bank/balanced_metadata.leaf_equal[18]
    SLICE_X27Y5          LUT6 (Prop_lut6_I1_O)        0.124     3.431 r  output_bank/balanced_metadata.group_equal_orig0_inferred__2/i_/O
                         net (fo=1, routed)           0.579     4.010    output_bank/balanced_metadata.group_equal[3]
    SLICE_X26Y3          LUT5 (Prop_lut5_I2_O)        0.124     4.134 r  output_bank/request_toggle_i_3/O
                         net (fo=1, routed)           0.289     4.424    output_bank/request_toggle_i_3_n_0
    SLICE_X27Y4          LUT5 (Prop_lut5_I2_O)        0.124     4.548 f  output_bank/request_toggle_i_2__0/O
                         net (fo=3, routed)           0.400     4.948    output_bank/request_toggle_i_2__0_n_0
    SLICE_X25Y4          LUT6 (Prop_lut6_I4_O)        0.124     5.072 f  output_bank/fault_reasons[0]_i_5/O
                         net (fo=4, routed)           0.581     5.653    output_bank/return_last_reg_0
    SLICE_X24Y6          LUT4 (Prop_lut4_I0_O)        0.124     5.777 f  output_bank/expected_bin_index[8]_i_7/O
                         net (fo=2, routed)           0.298     6.075    result_guard/output_block_exponent_reg[0]_0
    SLICE_X23Y6          LUT6 (Prop_lut6_I0_O)        0.124     6.199 f  result_guard/expected_bin_index[8]_i_3/O
                         net (fo=4, routed)           0.441     6.639    result_guard/expected_bin_index[8]_i_3_n_0
    SLICE_X23Y6          LUT6 (Prop_lut6_I0_O)        0.124     6.763 r  result_guard/expected_bin_index[8]_i_1/O
                         net (fo=89, routed)          0.403     7.166    joiner/kernel_rom/output_block_exponent_reg[0]_0
    SLICE_X23Y7          LUT6 (Prop_lut6_I0_O)        0.124     7.290 r  joiner/kernel_rom/expected_next_block_start[63]_i_1/O
                         net (fo=65, routed)          0.667     7.957    joiner/kernel_rom/have_previous_block
    SLICE_X22Y4          FDRE                                         r  joiner/kernel_rom/expected_next_block_start_reg[9]/CE
  -------------------------------------------------------------------    -------------------

                         (clock island_175 rise edge)
                                                      5.714     5.714 r  
                                                      0.000     5.714 r  fft_clk (IN)
                         net (fo=4714, unset)         0.924     6.638    joiner/kernel_rom/fft_clk
    SLICE_X22Y4          FDRE                                         r  joiner/kernel_rom/expected_next_block_start_reg[9]/C
                         clock pessimism              0.000     6.638    
                         clock uncertainty           -0.035     6.603    
    SLICE_X22Y4          FDRE (Setup_fdre_C_CE)      -0.205     6.398    joiner/kernel_rom/expected_next_block_start_reg[9]
  -------------------------------------------------------------------
                         required time                          6.398    
                         arrival time                          -7.957    
  -------------------------------------------------------------------
                         slack                                 -1.559    

Slack (VIOLATED) :        -1.547ns  (required time - arrival time)
  Source:                 product_bank/metadata_out_hold_reg[8]/C
                            (rising edge-triggered cell FDRE clocked by island_175  {rise@0.000ns fall@2.857ns period=5.714ns})
  Destination:            result_guard/fault_reasons_reg[5]/D
                            (rising edge-triggered cell FDCE clocked by island_175  {rise@0.000ns fall@2.857ns period=5.714ns})
  Path Group:             island_175
  Path Type:              Setup (Max at Slow Process Corner)
  Requirement:            5.714ns  (island_175 rise@5.714ns - island_175 rise@0.000ns)
  Data Path Delay:        7.208ns  (logic 1.765ns (24.486%)  route 5.443ns (75.514%))
  Logic Levels:           9  (LUT2=1 LUT3=1 LUT6=7)
  Clock Path Skew:        -0.049ns (DCD - SCD + CPR)
    Destination Clock Delay (DCD):    0.924ns = ( 6.638 - 5.714 ) 
    Source Clock Delay      (SCD):    0.973ns
    Clock Pessimism Removal (CPR):    0.000ns
  Clock Uncertainty:      0.035ns  ((TSJ^2 + TIJ^2)^1/2 + DJ) / 2 + PE
    Total System Jitter     (TSJ):    0.071ns
    Total Input Jitter      (TIJ):    0.000ns
    Discrete Jitter          (DJ):    0.000ns
    Phase Error              (PE):    0.000ns

    Location             Delay type                Incr(ns)  Path(ns)    Netlist Resource(s)
  -------------------------------------------------------------------    -------------------
                         (clock island_175 rise edge)
                                                      0.000     0.000 r  
                                                      0.000     0.000 r  fft_clk (IN)
                         net (fo=4714, unset)         0.973     0.973    product_bank/fft_clk
    SLICE_X32Y4          FDRE                                         r  product_bank/metadata_out_hold_reg[8]/C
  -------------------------------------------------------------------    -------------------
    SLICE_X32Y4          FDRE (Prop_fdre_C_Q)         0.478     1.451 r  product_bank/metadata_out_hold_reg[8]/Q
                         net (fo=3, routed)           0.708     2.159    product_bank/metadata_out_hold_reg[68]_0[6]
    SLICE_X34Y4          LUT3 (Prop_lut3_I0_O)        0.295     2.454 r  product_bank/balanced_identity.leaf_equal_inferred_i_85/O
                         net (fo=2, routed)           0.819     3.272    input_guard/balanced_identity.group_equal_orig0_9
    SLICE_X33Y4          LUT6 (Prop_lut6_I1_O)        0.124     3.396 f  input_guard/balanced_identity.leaf_equal_inferred_i_22/O
                         net (fo=1, routed)           0.791     4.187    input_guard/balanced_identity.leaf_equal[2]
    SLICE_X31Y7          LUT6 (Prop_lut6_I4_O)        0.124     4.311 f  input_guard/balanced_identity.group_equal_orig0/O
                         net (fo=1, routed)           0.822     5.133    input_guard/balanced_identity.group_equal[0]
    SLICE_X26Y8          LUT6 (Prop_lut6_I1_O)        0.124     5.257 r  input_guard/fault_reasons[1]_i_4/O
                         net (fo=6, routed)           0.336     5.593    input_guard/fault_reasons[1]_i_4_n_0
    SLICE_X27Y9          LUT6 (Prop_lut6_I3_O)        0.124     5.717 r  input_guard/fault_reasons[0]_i_2__0/O
                         net (fo=3, routed)           0.164     5.880    input_guard/fault_reasons[0]_i_2__0_n_0
    SLICE_X27Y9          LUT6 (Prop_lut6_I3_O)        0.124     6.004 r  input_guard/descriptor[69]_i_3/O
                         net (fo=4, routed)           0.319     6.323    input_guard/fast_fault_reg
    SLICE_X27Y8          LUT6 (Prop_lut6_I5_O)        0.124     6.447 f  input_guard/input_count[9]_i_3/O
                         net (fo=9, routed)           0.628     7.076    input_guard/certified_input_beat
    SLICE_X19Y8          LUT2 (Prop_lut2_I1_O)        0.124     7.200 f  input_guard/fault_reasons[5]_i_2/O
                         net (fo=3, routed)           0.857     8.057    result_guard/certified_input_complete
    SLICE_X29Y8          LUT6 (Prop_lut6_I1_O)        0.124     8.181 r  result_guard/fault_reasons[5]_i_1/O
                         net (fo=1, routed)           0.000     8.181    result_guard/fault_reasons[5]_i_1_n_0
    SLICE_X29Y8          FDCE                                         r  result_guard/fault_reasons_reg[5]/D
  -------------------------------------------------------------------    -------------------

                         (clock island_175 rise edge)
                                                      5.714     5.714 r  
                                                      0.000     5.714 r  fft_clk (IN)
                         net (fo=4714, unset)         0.924     6.638    result_guard/fft_clk
    SLICE_X29Y8          FDCE                                         r  result_guard/fault_reasons_reg[5]/C
                         clock pessimism              0.000     6.638    
                         clock uncertainty           -0.035     6.603    
    SLICE_X29Y8          FDCE (Setup_fdce_C_D)        0.031     6.634    result_guard/fault_reasons_reg[5]
  -------------------------------------------------------------------
                         required time                          6.634    
                         arrival time                          -8.181    
  -------------------------------------------------------------------
                         slack                                 -1.547    

Slack (VIOLATED) :        -1.461ns  (required time - arrival time)
  Source:                 product_bank/metadata_out_hold_reg[8]/C
                            (rising edge-triggered cell FDRE clocked by island_175  {rise@0.000ns fall@2.857ns period=5.714ns})
  Destination:            input_guard/input_complete_reg/D
                            (rising edge-triggered cell FDCE clocked by island_175  {rise@0.000ns fall@2.857ns period=5.714ns})
  Path Group:             island_175
  Path Type:              Setup (Max at Slow Process Corner)
  Requirement:            5.714ns  (island_175 rise@5.714ns - island_175 rise@0.000ns)
  Data Path Delay:        7.044ns  (logic 1.765ns (25.057%)  route 5.279ns (74.943%))
  Logic Levels:           9  (LUT2=2 LUT3=1 LUT6=6)
  Clock Path Skew:        -0.049ns (DCD - SCD + CPR)
    Destination Clock Delay (DCD):    0.924ns = ( 6.638 - 5.714 ) 
    Source Clock Delay      (SCD):    0.973ns
    Clock Pessimism Removal (CPR):    0.000ns
  Clock Uncertainty:      0.035ns  ((TSJ^2 + TIJ^2)^1/2 + DJ) / 2 + PE
    Total System Jitter     (TSJ):    0.071ns
    Total Input Jitter      (TIJ):    0.000ns
    Discrete Jitter          (DJ):    0.000ns
    Phase Error              (PE):    0.000ns

    Location             Delay type                Incr(ns)  Path(ns)    Netlist Resource(s)
  -------------------------------------------------------------------    -------------------
                         (clock island_175 rise edge)
                                                      0.000     0.000 r  
                                                      0.000     0.000 r  fft_clk (IN)
                         net (fo=4714, unset)         0.973     0.973    product_bank/fft_clk
    SLICE_X32Y4          FDRE                                         r  product_bank/metadata_out_hold_reg[8]/C
  -------------------------------------------------------------------    -------------------
    SLICE_X32Y4          FDRE (Prop_fdre_C_Q)         0.478     1.451 r  product_bank/metadata_out_hold_reg[8]/Q
                         net (fo=3, routed)           0.708     2.159    product_bank/metadata_out_hold_reg[68]_0[6]
    SLICE_X34Y4          LUT3 (Prop_lut3_I0_O)        0.295     2.454 r  product_bank/balanced_identity.leaf_equal_inferred_i_85/O
                         net (fo=2, routed)           0.819     3.272    input_guard/balanced_identity.group_equal_orig0_9
    SLICE_X33Y4          LUT6 (Prop_lut6_I1_O)        0.124     3.396 r  input_guard/balanced_identity.leaf_equal_inferred_i_22/O
                         net (fo=1, routed)           0.791     4.187    input_guard/balanced_identity.leaf_equal[2]
    SLICE_X31Y7          LUT6 (Prop_lut6_I4_O)        0.124     4.311 r  input_guard/balanced_identity.group_equal_orig0/O
                         net (fo=1, routed)           0.822     5.133    input_guard/balanced_identity.group_equal[0]
    SLICE_X26Y8          LUT6 (Prop_lut6_I1_O)        0.124     5.257 f  input_guard/fault_reasons[1]_i_4/O
                         net (fo=6, routed)           0.336     5.593    input_guard/fault_reasons[1]_i_4_n_0
    SLICE_X27Y9          LUT6 (Prop_lut6_I3_O)        0.124     5.717 f  input_guard/fault_reasons[0]_i_2__0/O
                         net (fo=3, routed)           0.164     5.880    input_guard/fault_reasons[0]_i_2__0_n_0
    SLICE_X27Y9          LUT6 (Prop_lut6_I3_O)        0.124     6.004 f  input_guard/descriptor[69]_i_3/O
                         net (fo=4, routed)           0.319     6.323    input_guard/fast_fault_reg
    SLICE_X27Y8          LUT6 (Prop_lut6_I5_O)        0.124     6.447 r  input_guard/input_count[9]_i_3/O
                         net (fo=9, routed)           0.628     7.076    input_guard/certified_input_beat
    SLICE_X19Y8          LUT2 (Prop_lut2_I1_O)        0.124     7.200 r  input_guard/fault_reasons[5]_i_2/O
                         net (fo=3, routed)           0.364     7.563    input_guard/certified_input_complete
    SLICE_X19Y7          LUT2 (Prop_lut2_I0_O)        0.124     7.687 r  input_guard/input_complete_i_1/O
                         net (fo=1, routed)           0.330     8.017    input_guard/input_complete_i_1_n_0
    SLICE_X19Y8          FDCE                                         r  input_guard/input_complete_reg/D
  -------------------------------------------------------------------    -------------------

                         (clock island_175 rise edge)
                                                      5.714     5.714 r  
                                                      0.000     5.714 r  fft_clk (IN)
                         net (fo=4714, unset)         0.924     6.638    input_guard/fft_clk
    SLICE_X19Y8          FDCE                                         r  input_guard/input_complete_reg/C
                         clock pessimism              0.000     6.638    
                         clock uncertainty           -0.035     6.603    
    SLICE_X19Y8          FDCE (Setup_fdce_C_D)       -0.047     6.556    input_guard/input_complete_reg
  -------------------------------------------------------------------
                         required time                          6.556    
                         arrival time                          -8.017    
  -------------------------------------------------------------------
                         slack                                 -1.461    

Slack (VIOLATED) :        -1.443ns  (required time - arrival time)
  Source:                 result_guard/descriptor_reg[51]/C
                            (rising edge-triggered cell FDCE clocked by island_175  {rise@0.000ns fall@2.857ns period=5.714ns})
  Destination:            joiner/kernel_rom/expected_next_block_start_reg[46]/CE
                            (rising edge-triggered cell FDRE clocked by island_175  {rise@0.000ns fall@2.857ns period=5.714ns})
  Path Group:             island_175
  Path Type:              Setup (Max at Slow Process Corner)
  Requirement:            5.714ns  (island_175 rise@5.714ns - island_175 rise@0.000ns)
  Data Path Delay:        6.868ns  (logic 1.634ns (23.791%)  route 5.234ns (76.209%))
  Logic Levels:           9  (LUT4=1 LUT5=2 LUT6=6)
  Clock Path Skew:        -0.049ns (DCD - SCD + CPR)
    Destination Clock Delay (DCD):    0.924ns = ( 6.638 - 5.714 ) 
    Source Clock Delay      (SCD):    0.973ns
    Clock Pessimism Removal (CPR):    0.000ns
  Clock Uncertainty:      0.035ns  ((TSJ^2 + TIJ^2)^1/2 + DJ) / 2 + PE
    Total System Jitter     (TSJ):    0.071ns
    Total Input Jitter      (TIJ):    0.000ns
    Discrete Jitter          (DJ):    0.000ns
    Phase Error              (PE):    0.000ns

    Location             Delay type                Incr(ns)  Path(ns)    Netlist Resource(s)
  -------------------------------------------------------------------    -------------------
                         (clock island_175 rise edge)
                                                      0.000     0.000 r  
                                                      0.000     0.000 r  fft_clk (IN)
                         net (fo=4714, unset)         0.973     0.973    result_guard/fft_clk
    SLICE_X28Y7          FDCE                                         r  result_guard/descriptor_reg[51]/C
  -------------------------------------------------------------------    -------------------
    SLICE_X28Y7          FDCE (Prop_fdce_C_Q)         0.518     1.491 r  result_guard/descriptor_reg[51]/Q
                         net (fo=7, routed)           0.878     2.369    output_bank/D[56]
    SLICE_X29Y6          LUT6 (Prop_lut6_I3_O)        0.124     2.493 r  output_bank/balanced_metadata.leaf_equal_orig0_inferred__17/i_/O
                         net (fo=1, routed)           0.814     3.307    output_bank/balanced_metadata.leaf_equal[18]
    SLICE_X27Y5          LUT6 (Prop_lut6_I1_O)        0.124     3.431 r  output_bank/balanced_metadata.group_equal_orig0_inferred__2/i_/O
                         net (fo=1, routed)           0.579     4.010    output_bank/balanced_metadata.group_equal[3]
    SLICE_X26Y3          LUT5 (Prop_lut5_I2_O)        0.124     4.134 r  output_bank/request_toggle_i_3/O
                         net (fo=1, routed)           0.289     4.424    output_bank/request_toggle_i_3_n_0
    SLICE_X27Y4          LUT5 (Prop_lut5_I2_O)        0.124     4.548 f  output_bank/request_toggle_i_2__0/O
                         net (fo=3, routed)           0.400     4.948    output_bank/request_toggle_i_2__0_n_0
    SLICE_X25Y4          LUT6 (Prop_lut6_I4_O)        0.124     5.072 f  output_bank/fault_reasons[0]_i_5/O
                         net (fo=4, routed)           0.581     5.653    output_bank/return_last_reg_0
    SLICE_X24Y6          LUT4 (Prop_lut4_I0_O)        0.124     5.777 f  output_bank/expected_bin_index[8]_i_7/O
                         net (fo=2, routed)           0.298     6.075    result_guard/output_block_exponent_reg[0]_0
    SLICE_X23Y6          LUT6 (Prop_lut6_I0_O)        0.124     6.199 f  result_guard/expected_bin_index[8]_i_3/O
                         net (fo=4, routed)           0.441     6.639    result_guard/expected_bin_index[8]_i_3_n_0
    SLICE_X23Y6          LUT6 (Prop_lut6_I0_O)        0.124     6.763 r  result_guard/expected_bin_index[8]_i_1/O
                         net (fo=89, routed)          0.403     7.166    joiner/kernel_rom/output_block_exponent_reg[0]_0
    SLICE_X23Y7          LUT6 (Prop_lut6_I0_O)        0.124     7.290 r  joiner/kernel_rom/expected_next_block_start[63]_i_1/O
                         net (fo=65, routed)          0.551     7.841    joiner/kernel_rom/have_previous_block
    SLICE_X22Y11         FDRE                                         r  joiner/kernel_rom/expected_next_block_start_reg[46]/CE
  -------------------------------------------------------------------    -------------------

                         (clock island_175 rise edge)
                                                      5.714     5.714 r  
                                                      0.000     5.714 r  fft_clk (IN)
                         net (fo=4714, unset)         0.924     6.638    joiner/kernel_rom/fft_clk
    SLICE_X22Y11         FDRE                                         r  joiner/kernel_rom/expected_next_block_start_reg[46]/C
                         clock pessimism              0.000     6.638    
                         clock uncertainty           -0.035     6.603    
    SLICE_X22Y11         FDRE (Setup_fdre_C_CE)      -0.205     6.398    joiner/kernel_rom/expected_next_block_start_reg[46]
  -------------------------------------------------------------------
                         required time                          6.398    
                         arrival time                          -7.841    
  -------------------------------------------------------------------
                         slack                                 -1.443    

Slack (VIOLATED) :        -1.443ns  (required time - arrival time)
  Source:                 result_guard/descriptor_reg[51]/C
                            (rising edge-triggered cell FDCE clocked by island_175  {rise@0.000ns fall@2.857ns period=5.714ns})
  Destination:            joiner/kernel_rom/expected_next_block_start_reg[47]/CE
                            (rising edge-triggered cell FDRE clocked by island_175  {rise@0.000ns fall@2.857ns period=5.714ns})
  Path Group:             island_175
  Path Type:              Setup (Max at Slow Process Corner)
  Requirement:            5.714ns  (island_175 rise@5.714ns - island_175 rise@0.000ns)
  Data Path Delay:        6.868ns  (logic 1.634ns (23.791%)  route 5.234ns (76.209%))
  Logic Levels:           9  (LUT4=1 LUT5=2 LUT6=6)
  Clock Path Skew:        -0.049ns (DCD - SCD + CPR)
    Destination Clock Delay (DCD):    0.924ns = ( 6.638 - 5.714 ) 
    Source Clock Delay      (SCD):    0.973ns
    Clock Pessimism Removal (CPR):    0.000ns
  Clock Uncertainty:      0.035ns  ((TSJ^2 + TIJ^2)^1/2 + DJ) / 2 + PE
    Total System Jitter     (TSJ):    0.071ns
    Total Input Jitter      (TIJ):    0.000ns
    Discrete Jitter          (DJ):    0.000ns
    Phase Error              (PE):    0.000ns

    Location             Delay type                Incr(ns)  Path(ns)    Netlist Resource(s)
  -------------------------------------------------------------------    -------------------
                         (clock island_175 rise edge)
                                                      0.000     0.000 r  
                                                      0.000     0.000 r  fft_clk (IN)
                         net (fo=4714, unset)         0.973     0.973    result_guard/fft_clk
    SLICE_X28Y7          FDCE                                         r  result_guard/descriptor_reg[51]/C
  -------------------------------------------------------------------    -------------------
    SLICE_X28Y7          FDCE (Prop_fdce_C_Q)         0.518     1.491 r  result_guard/descriptor_reg[51]/Q
                         net (fo=7, routed)           0.878     2.369    output_bank/D[56]
    SLICE_X29Y6          LUT6 (Prop_lut6_I3_O)        0.124     2.493 r  output_bank/balanced_metadata.leaf_equal_orig0_inferred__17/i_/O
                         net (fo=1, routed)           0.814     3.307    output_bank/balanced_metadata.leaf_equal[18]
    SLICE_X27Y5          LUT6 (Prop_lut6_I1_O)        0.124     3.431 r  output_bank/balanced_metadata.group_equal_orig0_inferred__2/i_/O
                         net (fo=1, routed)           0.579     4.010    output_bank/balanced_metadata.group_equal[3]
    SLICE_X26Y3          LUT5 (Prop_lut5_I2_O)        0.124     4.134 r  output_bank/request_toggle_i_3/O
                         net (fo=1, routed)           0.289     4.424    output_bank/request_toggle_i_3_n_0
    SLICE_X27Y4          LUT5 (Prop_lut5_I2_O)        0.124     4.548 f  output_bank/request_toggle_i_2__0/O
                         net (fo=3, routed)           0.400     4.948    output_bank/request_toggle_i_2__0_n_0
    SLICE_X25Y4          LUT6 (Prop_lut6_I4_O)        0.124     5.072 f  output_bank/fault_reasons[0]_i_5/O
                         net (fo=4, routed)           0.581     5.653    output_bank/return_last_reg_0
    SLICE_X24Y6          LUT4 (Prop_lut4_I0_O)        0.124     5.777 f  output_bank/expected_bin_index[8]_i_7/O
                         net (fo=2, routed)           0.298     6.075    result_guard/output_block_exponent_reg[0]_0
    SLICE_X23Y6          LUT6 (Prop_lut6_I0_O)        0.124     6.199 f  result_guard/expected_bin_index[8]_i_3/O
                         net (fo=4, routed)           0.441     6.639    result_guard/expected_bin_index[8]_i_3_n_0
    SLICE_X23Y6          LUT6 (Prop_lut6_I0_O)        0.124     6.763 r  result_guard/expected_bin_index[8]_i_1/O
                         net (fo=89, routed)          0.403     7.166    joiner/kernel_rom/output_block_exponent_reg[0]_0
    SLICE_X23Y7          LUT6 (Prop_lut6_I0_O)        0.124     7.290 r  joiner/kernel_rom/expected_next_block_start[63]_i_1/O
                         net (fo=65, routed)          0.551     7.841    joiner/kernel_rom/have_previous_block
    SLICE_X22Y11         FDRE                                         r  joiner/kernel_rom/expected_next_block_start_reg[47]/CE
  -------------------------------------------------------------------    -------------------

                         (clock island_175 rise edge)
                                                      5.714     5.714 r  
                                                      0.000     5.714 r  fft_clk (IN)
                         net (fo=4714, unset)         0.924     6.638    joiner/kernel_rom/fft_clk
    SLICE_X22Y11         FDRE                                         r  joiner/kernel_rom/expected_next_block_start_reg[47]/C
                         clock pessimism              0.000     6.638    
                         clock uncertainty           -0.035     6.603    
    SLICE_X22Y11         FDRE (Setup_fdre_C_CE)      -0.205     6.398    joiner/kernel_rom/expected_next_block_start_reg[47]
  -------------------------------------------------------------------
                         required time                          6.398    
                         arrival time                          -7.841    
  -------------------------------------------------------------------
                         slack                                 -1.443    

Slack (VIOLATED) :        -1.443ns  (required time - arrival time)
  Source:                 result_guard/descriptor_reg[51]/C
                            (rising edge-triggered cell FDCE clocked by island_175  {rise@0.000ns fall@2.857ns period=5.714ns})
  Destination:            joiner/kernel_rom/expected_next_block_start_reg[48]/CE
                            (rising edge-triggered cell FDRE clocked by island_175  {rise@0.000ns fall@2.857ns period=5.714ns})
  Path Group:             island_175
  Path Type:              Setup (Max at Slow Process Corner)
  Requirement:            5.714ns  (island_175 rise@5.714ns - island_175 rise@0.000ns)
  Data Path Delay:        6.868ns  (logic 1.634ns (23.791%)  route 5.234ns (76.209%))
  Logic Levels:           9  (LUT4=1 LUT5=2 LUT6=6)
  Clock Path Skew:        -0.049ns (DCD - SCD + CPR)
    Destination Clock Delay (DCD):    0.924ns = ( 6.638 - 5.714 ) 
    Source Clock Delay      (SCD):    0.973ns
    Clock Pessimism Removal (CPR):    0.000ns
  Clock Uncertainty:      0.035ns  ((TSJ^2 + TIJ^2)^1/2 + DJ) / 2 + PE
    Total System Jitter     (TSJ):    0.071ns
    Total Input Jitter      (TIJ):    0.000ns
    Discrete Jitter          (DJ):    0.000ns
    Phase Error              (PE):    0.000ns

    Location             Delay type                Incr(ns)  Path(ns)    Netlist Resource(s)
  -------------------------------------------------------------------    -------------------
                         (clock island_175 rise edge)
                                                      0.000     0.000 r  
                                                      0.000     0.000 r  fft_clk (IN)
                         net (fo=4714, unset)         0.973     0.973    result_guard/fft_clk
    SLICE_X28Y7          FDCE                                         r  result_guard/descriptor_reg[51]/C
  -------------------------------------------------------------------    -------------------
    SLICE_X28Y7          FDCE (Prop_fdce_C_Q)         0.518     1.491 r  result_guard/descriptor_reg[51]/Q
                         net (fo=7, routed)           0.878     2.369    output_bank/D[56]
    SLICE_X29Y6          LUT6 (Prop_lut6_I3_O)        0.124     2.493 r  output_bank/balanced_metadata.leaf_equal_orig0_inferred__17/i_/O
                         net (fo=1, routed)           0.814     3.307    output_bank/balanced_metadata.leaf_equal[18]
    SLICE_X27Y5          LUT6 (Prop_lut6_I1_O)        0.124     3.431 r  output_bank/balanced_metadata.group_equal_orig0_inferred__2/i_/O
                         net (fo=1, routed)           0.579     4.010    output_bank/balanced_metadata.group_equal[3]
    SLICE_X26Y3          LUT5 (Prop_lut5_I2_O)        0.124     4.134 r  output_bank/request_toggle_i_3/O
                         net (fo=1, routed)           0.289     4.424    output_bank/request_toggle_i_3_n_0
    SLICE_X27Y4          LUT5 (Prop_lut5_I2_O)        0.124     4.548 f  output_bank/request_toggle_i_2__0/O
                         net (fo=3, routed)           0.400     4.948    output_bank/request_toggle_i_2__0_n_0
    SLICE_X25Y4          LUT6 (Prop_lut6_I4_O)        0.124     5.072 f  output_bank/fault_reasons[0]_i_5/O
                         net (fo=4, routed)           0.581     5.653    output_bank/return_last_reg_0
    SLICE_X24Y6          LUT4 (Prop_lut4_I0_O)        0.124     5.777 f  output_bank/expected_bin_index[8]_i_7/O
                         net (fo=2, routed)           0.298     6.075    result_guard/output_block_exponent_reg[0]_0
    SLICE_X23Y6          LUT6 (Prop_lut6_I0_O)        0.124     6.199 f  result_guard/expected_bin_index[8]_i_3/O
                         net (fo=4, routed)           0.441     6.639    result_guard/expected_bin_index[8]_i_3_n_0
    SLICE_X23Y6          LUT6 (Prop_lut6_I0_O)        0.124     6.763 r  result_guard/expected_bin_index[8]_i_1/O
                         net (fo=89, routed)          0.403     7.166    joiner/kernel_rom/output_block_exponent_reg[0]_0
    SLICE_X23Y7          LUT6 (Prop_lut6_I0_O)        0.124     7.290 r  joiner/kernel_rom/expected_next_block_start[63]_i_1/O
                         net (fo=65, routed)          0.551     7.841    joiner/kernel_rom/have_previous_block
    SLICE_X22Y11         FDRE                                         r  joiner/kernel_rom/expected_next_block_start_reg[48]/CE
  -------------------------------------------------------------------    -------------------

                         (clock island_175 rise edge)
                                                      5.714     5.714 r  
                                                      0.000     5.714 r  fft_clk (IN)
                         net (fo=4714, unset)         0.924     6.638    joiner/kernel_rom/fft_clk
    SLICE_X22Y11         FDRE                                         r  joiner/kernel_rom/expected_next_block_start_reg[48]/C
                         clock pessimism              0.000     6.638    
                         clock uncertainty           -0.035     6.603    
    SLICE_X22Y11         FDRE (Setup_fdre_C_CE)      -0.205     6.398    joiner/kernel_rom/expected_next_block_start_reg[48]
  -------------------------------------------------------------------
                         required time                          6.398    
                         arrival time                          -7.841    
  -------------------------------------------------------------------
                         slack                                 -1.443    

Slack (VIOLATED) :        -1.432ns  (required time - arrival time)
  Source:                 result_guard/descriptor_reg[51]/C
                            (rising edge-triggered cell FDCE clocked by island_175  {rise@0.000ns fall@2.857ns period=5.714ns})
  Destination:            joiner/kernel_rom/expected_next_block_start_reg[41]/CE
                            (rising edge-triggered cell FDRE clocked by island_175  {rise@0.000ns fall@2.857ns period=5.714ns})
  Path Group:             island_175
  Path Type:              Setup (Max at Slow Process Corner)
  Requirement:            5.714ns  (island_175 rise@5.714ns - island_175 rise@0.000ns)
  Data Path Delay:        6.857ns  (logic 1.634ns (23.830%)  route 5.223ns (76.170%))
  Logic Levels:           9  (LUT4=1 LUT5=2 LUT6=6)
  Clock Path Skew:        -0.049ns (DCD - SCD + CPR)
    Destination Clock Delay (DCD):    0.924ns = ( 6.638 - 5.714 ) 
    Source Clock Delay      (SCD):    0.973ns
    Clock Pessimism Removal (CPR):    0.000ns
  Clock Uncertainty:      0.035ns  ((TSJ^2 + TIJ^2)^1/2 + DJ) / 2 + PE
    Total System Jitter     (TSJ):    0.071ns
    Total Input Jitter      (TIJ):    0.000ns
    Discrete Jitter          (DJ):    0.000ns
    Phase Error              (PE):    0.000ns

    Location             Delay type                Incr(ns)  Path(ns)    Netlist Resource(s)
  -------------------------------------------------------------------    -------------------
                         (clock island_175 rise edge)
                                                      0.000     0.000 r  
                                                      0.000     0.000 r  fft_clk (IN)
                         net (fo=4714, unset)         0.973     0.973    result_guard/fft_clk
    SLICE_X28Y7          FDCE                                         r  result_guard/descriptor_reg[51]/C
  -------------------------------------------------------------------    -------------------
    SLICE_X28Y7          FDCE (Prop_fdce_C_Q)         0.518     1.491 r  result_guard/descriptor_reg[51]/Q
                         net (fo=7, routed)           0.878     2.369    output_bank/D[56]
    SLICE_X29Y6          LUT6 (Prop_lut6_I3_O)        0.124     2.493 r  output_bank/balanced_metadata.leaf_equal_orig0_inferred__17/i_/O
                         net (fo=1, routed)           0.814     3.307    output_bank/balanced_metadata.leaf_equal[18]
    SLICE_X27Y5          LUT6 (Prop_lut6_I1_O)        0.124     3.431 r  output_bank/balanced_metadata.group_equal_orig0_inferred__2/i_/O
                         net (fo=1, routed)           0.579     4.010    output_bank/balanced_metadata.group_equal[3]
    SLICE_X26Y3          LUT5 (Prop_lut5_I2_O)        0.124     4.134 r  output_bank/request_toggle_i_3/O
                         net (fo=1, routed)           0.289     4.424    output_bank/request_toggle_i_3_n_0
    SLICE_X27Y4          LUT5 (Prop_lut5_I2_O)        0.124     4.548 f  output_bank/request_toggle_i_2__0/O
                         net (fo=3, routed)           0.400     4.948    output_bank/request_toggle_i_2__0_n_0
    SLICE_X25Y4          LUT6 (Prop_lut6_I4_O)        0.124     5.072 f  output_bank/fault_reasons[0]_i_5/O
                         net (fo=4, routed)           0.581     5.653    output_bank/return_last_reg_0
    SLICE_X24Y6          LUT4 (Prop_lut4_I0_O)        0.124     5.777 f  output_bank/expected_bin_index[8]_i_7/O
                         net (fo=2, routed)           0.298     6.075    result_guard/output_block_exponent_reg[0]_0
    SLICE_X23Y6          LUT6 (Prop_lut6_I0_O)        0.124     6.199 f  result_guard/expected_bin_index[8]_i_3/O
                         net (fo=4, routed)           0.441     6.639    result_guard/expected_bin_index[8]_i_3_n_0
    SLICE_X23Y6          LUT6 (Prop_lut6_I0_O)        0.124     6.763 r  result_guard/expected_bin_index[8]_i_1/O
                         net (fo=89, routed)          0.403     7.166    joiner/kernel_rom/output_block_exponent_reg[0]_0
    SLICE_X23Y7          LUT6 (Prop_lut6_I0_O)        0.124     7.290 r  joiner/kernel_rom/expected_next_block_start[63]_i_1/O
                         net (fo=65, routed)          0.539     7.830    joiner/kernel_rom/have_previous_block
    SLICE_X22Y10         FDRE                                         r  joiner/kernel_rom/expected_next_block_start_reg[41]/CE
  -------------------------------------------------------------------    -------------------

                         (clock island_175 rise edge)
                                                      5.714     5.714 r  
                                                      0.000     5.714 r  fft_clk (IN)
                         net (fo=4714, unset)         0.924     6.638    joiner/kernel_rom/fft_clk
    SLICE_X22Y10         FDRE                                         r  joiner/kernel_rom/expected_next_block_start_reg[41]/C
                         clock pessimism              0.000     6.638    
                         clock uncertainty           -0.035     6.603    
    SLICE_X22Y10         FDRE (Setup_fdre_C_CE)      -0.205     6.398    joiner/kernel_rom/expected_next_block_start_reg[41]
  -------------------------------------------------------------------
                         required time                          6.398    
                         arrival time                          -7.830    
  -------------------------------------------------------------------
                         slack                                 -1.432    

Slack (VIOLATED) :        -1.432ns  (required time - arrival time)
  Source:                 result_guard/descriptor_reg[51]/C
                            (rising edge-triggered cell FDCE clocked by island_175  {rise@0.000ns fall@2.857ns period=5.714ns})
  Destination:            joiner/kernel_rom/expected_next_block_start_reg[42]/CE
                            (rising edge-triggered cell FDRE clocked by island_175  {rise@0.000ns fall@2.857ns period=5.714ns})
  Path Group:             island_175
  Path Type:              Setup (Max at Slow Process Corner)
  Requirement:            5.714ns  (island_175 rise@5.714ns - island_175 rise@0.000ns)
  Data Path Delay:        6.857ns  (logic 1.634ns (23.830%)  route 5.223ns (76.170%))
  Logic Levels:           9  (LUT4=1 LUT5=2 LUT6=6)
  Clock Path Skew:        -0.049ns (DCD - SCD + CPR)
    Destination Clock Delay (DCD):    0.924ns = ( 6.638 - 5.714 ) 
    Source Clock Delay      (SCD):    0.973ns
    Clock Pessimism Removal (CPR):    0.000ns
  Clock Uncertainty:      0.035ns  ((TSJ^2 + TIJ^2)^1/2 + DJ) / 2 + PE
    Total System Jitter     (TSJ):    0.071ns
    Total Input Jitter      (TIJ):    0.000ns
    Discrete Jitter          (DJ):    0.000ns
    Phase Error              (PE):    0.000ns

    Location             Delay type                Incr(ns)  Path(ns)    Netlist Resource(s)
  -------------------------------------------------------------------    -------------------
                         (clock island_175 rise edge)
                                                      0.000     0.000 r  
                                                      0.000     0.000 r  fft_clk (IN)
                         net (fo=4714, unset)         0.973     0.973    result_guard/fft_clk
    SLICE_X28Y7          FDCE                                         r  result_guard/descriptor_reg[51]/C
  -------------------------------------------------------------------    -------------------
    SLICE_X28Y7          FDCE (Prop_fdce_C_Q)         0.518     1.491 r  result_guard/descriptor_reg[51]/Q
                         net (fo=7, routed)           0.878     2.369    output_bank/D[56]
    SLICE_X29Y6          LUT6 (Prop_lut6_I3_O)        0.124     2.493 r  output_bank/balanced_metadata.leaf_equal_orig0_inferred__17/i_/O
                         net (fo=1, routed)           0.814     3.307    output_bank/balanced_metadata.leaf_equal[18]
    SLICE_X27Y5          LUT6 (Prop_lut6_I1_O)        0.124     3.431 r  output_bank/balanced_metadata.group_equal_orig0_inferred__2/i_/O
                         net (fo=1, routed)           0.579     4.010    output_bank/balanced_metadata.group_equal[3]
    SLICE_X26Y3          LUT5 (Prop_lut5_I2_O)        0.124     4.134 r  output_bank/request_toggle_i_3/O
                         net (fo=1, routed)           0.289     4.424    output_bank/request_toggle_i_3_n_0
    SLICE_X27Y4          LUT5 (Prop_lut5_I2_O)        0.124     4.548 f  output_bank/request_toggle_i_2__0/O
                         net (fo=3, routed)           0.400     4.948    output_bank/request_toggle_i_2__0_n_0
    SLICE_X25Y4          LUT6 (Prop_lut6_I4_O)        0.124     5.072 f  output_bank/fault_reasons[0]_i_5/O
                         net (fo=4, routed)           0.581     5.653    output_bank/return_last_reg_0
    SLICE_X24Y6          LUT4 (Prop_lut4_I0_O)        0.124     5.777 f  output_bank/expected_bin_index[8]_i_7/O
                         net (fo=2, routed)           0.298     6.075    result_guard/output_block_exponent_reg[0]_0
    SLICE_X23Y6          LUT6 (Prop_lut6_I0_O)        0.124     6.199 f  result_guard/expected_bin_index[8]_i_3/O
                         net (fo=4, routed)           0.441     6.639    result_guard/expected_bin_index[8]_i_3_n_0
    SLICE_X23Y6          LUT6 (Prop_lut6_I0_O)        0.124     6.763 r  result_guard/expected_bin_index[8]_i_1/O
                         net (fo=89, routed)          0.403     7.166    joiner/kernel_rom/output_block_exponent_reg[0]_0
    SLICE_X23Y7          LUT6 (Prop_lut6_I0_O)        0.124     7.290 r  joiner/kernel_rom/expected_next_block_start[63]_i_1/O
                         net (fo=65, routed)          0.539     7.830    joiner/kernel_rom/have_previous_block
    SLICE_X22Y10         FDRE                                         r  joiner/kernel_rom/expected_next_block_start_reg[42]/CE
  -------------------------------------------------------------------    -------------------

                         (clock island_175 rise edge)
                                                      5.714     5.714 r  
                                                      0.000     5.714 r  fft_clk (IN)
                         net (fo=4714, unset)         0.924     6.638    joiner/kernel_rom/fft_clk
    SLICE_X22Y10         FDRE                                         r  joiner/kernel_rom/expected_next_block_start_reg[42]/C
                         clock pessimism              0.000     6.638    
                         clock uncertainty           -0.035     6.603    
    SLICE_X22Y10         FDRE (Setup_fdre_C_CE)      -0.205     6.398    joiner/kernel_rom/expected_next_block_start_reg[42]
  -------------------------------------------------------------------
                         required time                          6.398    
                         arrival time                          -7.830    
  -------------------------------------------------------------------
                         slack                                 -1.432    

Slack (VIOLATED) :        -1.432ns  (required time - arrival time)
  Source:                 result_guard/descriptor_reg[51]/C
                            (rising edge-triggered cell FDCE clocked by island_175  {rise@0.000ns fall@2.857ns period=5.714ns})
  Destination:            joiner/kernel_rom/expected_next_block_start_reg[43]/CE
                            (rising edge-triggered cell FDRE clocked by island_175  {rise@0.000ns fall@2.857ns period=5.714ns})
  Path Group:             island_175
  Path Type:              Setup (Max at Slow Process Corner)
  Requirement:            5.714ns  (island_175 rise@5.714ns - island_175 rise@0.000ns)
  Data Path Delay:        6.857ns  (logic 1.634ns (23.830%)  route 5.223ns (76.170%))
  Logic Levels:           9  (LUT4=1 LUT5=2 LUT6=6)
  Clock Path Skew:        -0.049ns (DCD - SCD + CPR)
    Destination Clock Delay (DCD):    0.924ns = ( 6.638 - 5.714 ) 
    Source Clock Delay      (SCD):    0.973ns
    Clock Pessimism Removal (CPR):    0.000ns
  Clock Uncertainty:      0.035ns  ((TSJ^2 + TIJ^2)^1/2 + DJ) / 2 + PE
    Total System Jitter     (TSJ):    0.071ns
    Total Input Jitter      (TIJ):    0.000ns
    Discrete Jitter          (DJ):    0.000ns
    Phase Error              (PE):    0.000ns

    Location             Delay type                Incr(ns)  Path(ns)    Netlist Resource(s)
  -------------------------------------------------------------------    -------------------
                         (clock island_175 rise edge)
                                                      0.000     0.000 r  
                                                      0.000     0.000 r  fft_clk (IN)
                         net (fo=4714, unset)         0.973     0.973    result_guard/fft_clk
    SLICE_X28Y7          FDCE                                         r  result_guard/descriptor_reg[51]/C
  -------------------------------------------------------------------    -------------------
    SLICE_X28Y7          FDCE (Prop_fdce_C_Q)         0.518     1.491 r  result_guard/descriptor_reg[51]/Q
                         net (fo=7, routed)           0.878     2.369    output_bank/D[56]
    SLICE_X29Y6          LUT6 (Prop_lut6_I3_O)        0.124     2.493 r  output_bank/balanced_metadata.leaf_equal_orig0_inferred__17/i_/O
                         net (fo=1, routed)           0.814     3.307    output_bank/balanced_metadata.leaf_equal[18]
    SLICE_X27Y5          LUT6 (Prop_lut6_I1_O)        0.124     3.431 r  output_bank/balanced_metadata.group_equal_orig0_inferred__2/i_/O
                         net (fo=1, routed)           0.579     4.010    output_bank/balanced_metadata.group_equal[3]
    SLICE_X26Y3          LUT5 (Prop_lut5_I2_O)        0.124     4.134 r  output_bank/request_toggle_i_3/O
                         net (fo=1, routed)           0.289     4.424    output_bank/request_toggle_i_3_n_0
    SLICE_X27Y4          LUT5 (Prop_lut5_I2_O)        0.124     4.548 f  output_bank/request_toggle_i_2__0/O
                         net (fo=3, routed)           0.400     4.948    output_bank/request_toggle_i_2__0_n_0
    SLICE_X25Y4          LUT6 (Prop_lut6_I4_O)        0.124     5.072 f  output_bank/fault_reasons[0]_i_5/O
                         net (fo=4, routed)           0.581     5.653    output_bank/return_last_reg_0
    SLICE_X24Y6          LUT4 (Prop_lut4_I0_O)        0.124     5.777 f  output_bank/expected_bin_index[8]_i_7/O
                         net (fo=2, routed)           0.298     6.075    result_guard/output_block_exponent_reg[0]_0
    SLICE_X23Y6          LUT6 (Prop_lut6_I0_O)        0.124     6.199 f  result_guard/expected_bin_index[8]_i_3/O
                         net (fo=4, routed)           0.441     6.639    result_guard/expected_bin_index[8]_i_3_n_0
    SLICE_X23Y6          LUT6 (Prop_lut6_I0_O)        0.124     6.763 r  result_guard/expected_bin_index[8]_i_1/O
                         net (fo=89, routed)          0.403     7.166    joiner/kernel_rom/output_block_exponent_reg[0]_0
    SLICE_X23Y7          LUT6 (Prop_lut6_I0_O)        0.124     7.290 r  joiner/kernel_rom/expected_next_block_start[63]_i_1/O
                         net (fo=65, routed)          0.539     7.830    joiner/kernel_rom/have_previous_block
    SLICE_X22Y10         FDRE                                         r  joiner/kernel_rom/expected_next_block_start_reg[43]/CE
  -------------------------------------------------------------------    -------------------

                         (clock island_175 rise edge)
                                                      5.714     5.714 r  
                                                      0.000     5.714 r  fft_clk (IN)
                         net (fo=4714, unset)         0.924     6.638    joiner/kernel_rom/fft_clk
    SLICE_X22Y10         FDRE                                         r  joiner/kernel_rom/expected_next_block_start_reg[43]/C
                         clock pessimism              0.000     6.638    
                         clock uncertainty           -0.035     6.603    
    SLICE_X22Y10         FDRE (Setup_fdre_C_CE)      -0.205     6.398    joiner/kernel_rom/expected_next_block_start_reg[43]
  -------------------------------------------------------------------
                         required time                          6.398    
                         arrival time                          -7.830    
  -------------------------------------------------------------------
                         slack                                 -1.432    

Slack (VIOLATED) :        -1.432ns  (required time - arrival time)
  Source:                 result_guard/descriptor_reg[51]/C
                            (rising edge-triggered cell FDCE clocked by island_175  {rise@0.000ns fall@2.857ns period=5.714ns})
  Destination:            joiner/kernel_rom/expected_next_block_start_reg[44]/CE
                            (rising edge-triggered cell FDRE clocked by island_175  {rise@0.000ns fall@2.857ns period=5.714ns})
  Path Group:             island_175
  Path Type:              Setup (Max at Slow Process Corner)
  Requirement:            5.714ns  (island_175 rise@5.714ns - island_175 rise@0.000ns)
  Data Path Delay:        6.857ns  (logic 1.634ns (23.830%)  route 5.223ns (76.170%))
  Logic Levels:           9  (LUT4=1 LUT5=2 LUT6=6)
  Clock Path Skew:        -0.049ns (DCD - SCD + CPR)
    Destination Clock Delay (DCD):    0.924ns = ( 6.638 - 5.714 ) 
    Source Clock Delay      (SCD):    0.973ns
    Clock Pessimism Removal (CPR):    0.000ns
  Clock Uncertainty:      0.035ns  ((TSJ^2 + TIJ^2)^1/2 + DJ) / 2 + PE
    Total System Jitter     (TSJ):    0.071ns
    Total Input Jitter      (TIJ):    0.000ns
    Discrete Jitter          (DJ):    0.000ns
    Phase Error              (PE):    0.000ns

    Location             Delay type                Incr(ns)  Path(ns)    Netlist Resource(s)
  -------------------------------------------------------------------    -------------------
                         (clock island_175 rise edge)
                                                      0.000     0.000 r  
                                                      0.000     0.000 r  fft_clk (IN)
                         net (fo=4714, unset)         0.973     0.973    result_guard/fft_clk
    SLICE_X28Y7          FDCE                                         r  result_guard/descriptor_reg[51]/C
  -------------------------------------------------------------------    -------------------
    SLICE_X28Y7          FDCE (Prop_fdce_C_Q)         0.518     1.491 r  result_guard/descriptor_reg[51]/Q
                         net (fo=7, routed)           0.878     2.369    output_bank/D[56]
    SLICE_X29Y6          LUT6 (Prop_lut6_I3_O)        0.124     2.493 r  output_bank/balanced_metadata.leaf_equal_orig0_inferred__17/i_/O
                         net (fo=1, routed)           0.814     3.307    output_bank/balanced_metadata.leaf_equal[18]
    SLICE_X27Y5          LUT6 (Prop_lut6_I1_O)        0.124     3.431 r  output_bank/balanced_metadata.group_equal_orig0_inferred__2/i_/O
                         net (fo=1, routed)           0.579     4.010    output_bank/balanced_metadata.group_equal[3]
    SLICE_X26Y3          LUT5 (Prop_lut5_I2_O)        0.124     4.134 r  output_bank/request_toggle_i_3/O
                         net (fo=1, routed)           0.289     4.424    output_bank/request_toggle_i_3_n_0
    SLICE_X27Y4          LUT5 (Prop_lut5_I2_O)        0.124     4.548 f  output_bank/request_toggle_i_2__0/O
                         net (fo=3, routed)           0.400     4.948    output_bank/request_toggle_i_2__0_n_0
    SLICE_X25Y4          LUT6 (Prop_lut6_I4_O)        0.124     5.072 f  output_bank/fault_reasons[0]_i_5/O
                         net (fo=4, routed)           0.581     5.653    output_bank/return_last_reg_0
    SLICE_X24Y6          LUT4 (Prop_lut4_I0_O)        0.124     5.777 f  output_bank/expected_bin_index[8]_i_7/O
                         net (fo=2, routed)           0.298     6.075    result_guard/output_block_exponent_reg[0]_0
    SLICE_X23Y6          LUT6 (Prop_lut6_I0_O)        0.124     6.199 f  result_guard/expected_bin_index[8]_i_3/O
                         net (fo=4, routed)           0.441     6.639    result_guard/expected_bin_index[8]_i_3_n_0
    SLICE_X23Y6          LUT6 (Prop_lut6_I0_O)        0.124     6.763 r  result_guard/expected_bin_index[8]_i_1/O
                         net (fo=89, routed)          0.403     7.166    joiner/kernel_rom/output_block_exponent_reg[0]_0
    SLICE_X23Y7          LUT6 (Prop_lut6_I0_O)        0.124     7.290 r  joiner/kernel_rom/expected_next_block_start[63]_i_1/O
                         net (fo=65, routed)          0.539     7.830    joiner/kernel_rom/have_previous_block
    SLICE_X22Y10         FDRE                                         r  joiner/kernel_rom/expected_next_block_start_reg[44]/CE
  -------------------------------------------------------------------    -------------------

                         (clock island_175 rise edge)
                                                      5.714     5.714 r  
                                                      0.000     5.714 r  fft_clk (IN)
                         net (fo=4714, unset)         0.924     6.638    joiner/kernel_rom/fft_clk
    SLICE_X22Y10         FDRE                                         r  joiner/kernel_rom/expected_next_block_start_reg[44]/C
                         clock pessimism              0.000     6.638    
                         clock uncertainty           -0.035     6.603    
    SLICE_X22Y10         FDRE (Setup_fdre_C_CE)      -0.205     6.398    joiner/kernel_rom/expected_next_block_start_reg[44]
  -------------------------------------------------------------------
                         required time                          6.398    
                         arrival time                          -7.830    
  -------------------------------------------------------------------
                         slack                                 -1.432    

Slack (VIOLATED) :        -1.432ns  (required time - arrival time)
  Source:                 result_guard/descriptor_reg[51]/C
                            (rising edge-triggered cell FDCE clocked by island_175  {rise@0.000ns fall@2.857ns period=5.714ns})
  Destination:            joiner/kernel_rom/expected_next_block_start_reg[45]/CE
                            (rising edge-triggered cell FDRE clocked by island_175  {rise@0.000ns fall@2.857ns period=5.714ns})
  Path Group:             island_175
  Path Type:              Setup (Max at Slow Process Corner)
  Requirement:            5.714ns  (island_175 rise@5.714ns - island_175 rise@0.000ns)
  Data Path Delay:        6.857ns  (logic 1.634ns (23.830%)  route 5.223ns (76.170%))
  Logic Levels:           9  (LUT4=1 LUT5=2 LUT6=6)
  Clock Path Skew:        -0.049ns (DCD - SCD + CPR)
    Destination Clock Delay (DCD):    0.924ns = ( 6.638 - 5.714 ) 
    Source Clock Delay      (SCD):    0.973ns
    Clock Pessimism Removal (CPR):    0.000ns
  Clock Uncertainty:      0.035ns  ((TSJ^2 + TIJ^2)^1/2 + DJ) / 2 + PE
    Total System Jitter     (TSJ):    0.071ns
    Total Input Jitter      (TIJ):    0.000ns
    Discrete Jitter          (DJ):    0.000ns
    Phase Error              (PE):    0.000ns

    Location             Delay type                Incr(ns)  Path(ns)    Netlist Resource(s)
  -------------------------------------------------------------------    -------------------
                         (clock island_175 rise edge)
                                                      0.000     0.000 r  
                                                      0.000     0.000 r  fft_clk (IN)
                         net (fo=4714, unset)         0.973     0.973    result_guard/fft_clk
    SLICE_X28Y7          FDCE                                         r  result_guard/descriptor_reg[51]/C
  -------------------------------------------------------------------    -------------------
    SLICE_X28Y7          FDCE (Prop_fdce_C_Q)         0.518     1.491 r  result_guard/descriptor_reg[51]/Q
                         net (fo=7, routed)           0.878     2.369    output_bank/D[56]
    SLICE_X29Y6          LUT6 (Prop_lut6_I3_O)        0.124     2.493 r  output_bank/balanced_metadata.leaf_equal_orig0_inferred__17/i_/O
                         net (fo=1, routed)           0.814     3.307    output_bank/balanced_metadata.leaf_equal[18]
    SLICE_X27Y5          LUT6 (Prop_lut6_I1_O)        0.124     3.431 r  output_bank/balanced_metadata.group_equal_orig0_inferred__2/i_/O
                         net (fo=1, routed)           0.579     4.010    output_bank/balanced_metadata.group_equal[3]
    SLICE_X26Y3          LUT5 (Prop_lut5_I2_O)        0.124     4.134 r  output_bank/request_toggle_i_3/O
                         net (fo=1, routed)           0.289     4.424    output_bank/request_toggle_i_3_n_0
    SLICE_X27Y4          LUT5 (Prop_lut5_I2_O)        0.124     4.548 f  output_bank/request_toggle_i_2__0/O
                         net (fo=3, routed)           0.400     4.948    output_bank/request_toggle_i_2__0_n_0
    SLICE_X25Y4          LUT6 (Prop_lut6_I4_O)        0.124     5.072 f  output_bank/fault_reasons[0]_i_5/O
                         net (fo=4, routed)           0.581     5.653    output_bank/return_last_reg_0
    SLICE_X24Y6          LUT4 (Prop_lut4_I0_O)        0.124     5.777 f  output_bank/expected_bin_index[8]_i_7/O
                         net (fo=2, routed)           0.298     6.075    result_guard/output_block_exponent_reg[0]_0
    SLICE_X23Y6          LUT6 (Prop_lut6_I0_O)        0.124     6.199 f  result_guard/expected_bin_index[8]_i_3/O
                         net (fo=4, routed)           0.441     6.639    result_guard/expected_bin_index[8]_i_3_n_0
    SLICE_X23Y6          LUT6 (Prop_lut6_I0_O)        0.124     6.763 r  result_guard/expected_bin_index[8]_i_1/O
                         net (fo=89, routed)          0.403     7.166    joiner/kernel_rom/output_block_exponent_reg[0]_0
    SLICE_X23Y7          LUT6 (Prop_lut6_I0_O)        0.124     7.290 r  joiner/kernel_rom/expected_next_block_start[63]_i_1/O
                         net (fo=65, routed)          0.539     7.830    joiner/kernel_rom/have_previous_block
    SLICE_X22Y10         FDRE                                         r  joiner/kernel_rom/expected_next_block_start_reg[45]/CE
  -------------------------------------------------------------------    -------------------

                         (clock island_175 rise edge)
                                                      5.714     5.714 r  
                                                      0.000     5.714 r  fft_clk (IN)
                         net (fo=4714, unset)         0.924     6.638    joiner/kernel_rom/fft_clk
    SLICE_X22Y10         FDRE                                         r  joiner/kernel_rom/expected_next_block_start_reg[45]/C
                         clock pessimism              0.000     6.638    
                         clock uncertainty           -0.035     6.603    
    SLICE_X22Y10         FDRE (Setup_fdre_C_CE)      -0.205     6.398    joiner/kernel_rom/expected_next_block_start_reg[45]
  -------------------------------------------------------------------
                         required time                          6.398    
                         arrival time                          -7.830    
  -------------------------------------------------------------------
                         slack                                 -1.432    

Slack (VIOLATED) :        -1.432ns  (required time - arrival time)
  Source:                 result_guard/descriptor_reg[51]/C
                            (rising edge-triggered cell FDCE clocked by island_175  {rise@0.000ns fall@2.857ns period=5.714ns})
  Destination:            joiner/kernel_rom/expected_next_block_start_reg[57]/CE
                            (rising edge-triggered cell FDRE clocked by island_175  {rise@0.000ns fall@2.857ns period=5.714ns})
  Path Group:             island_175
  Path Type:              Setup (Max at Slow Process Corner)
  Requirement:            5.714ns  (island_175 rise@5.714ns - island_175 rise@0.000ns)
  Data Path Delay:        6.857ns  (logic 1.634ns (23.830%)  route 5.223ns (76.170%))
  Logic Levels:           9  (LUT4=1 LUT5=2 LUT6=6)
  Clock Path Skew:        -0.049ns (DCD - SCD + CPR)
    Destination Clock Delay (DCD):    0.924ns = ( 6.638 - 5.714 ) 
    Source Clock Delay      (SCD):    0.973ns
    Clock Pessimism Removal (CPR):    0.000ns
  Clock Uncertainty:      0.035ns  ((TSJ^2 + TIJ^2)^1/2 + DJ) / 2 + PE
    Total System Jitter     (TSJ):    0.071ns
    Total Input Jitter      (TIJ):    0.000ns
    Discrete Jitter          (DJ):    0.000ns
    Phase Error              (PE):    0.000ns

    Location             Delay type                Incr(ns)  Path(ns)    Netlist Resource(s)
  -------------------------------------------------------------------    -------------------
                         (clock island_175 rise edge)
                                                      0.000     0.000 r  
                                                      0.000     0.000 r  fft_clk (IN)
                         net (fo=4714, unset)         0.973     0.973    result_guard/fft_clk
    SLICE_X28Y7          FDCE                                         r  result_guard/descriptor_reg[51]/C
  -------------------------------------------------------------------    -------------------
    SLICE_X28Y7          FDCE (Prop_fdce_C_Q)         0.518     1.491 r  result_guard/descriptor_reg[51]/Q
                         net (fo=7, routed)           0.878     2.369    output_bank/D[56]
    SLICE_X29Y6          LUT6 (Prop_lut6_I3_O)        0.124     2.493 r  output_bank/balanced_metadata.leaf_equal_orig0_inferred__17/i_/O
                         net (fo=1, routed)           0.814     3.307    output_bank/balanced_metadata.leaf_equal[18]
    SLICE_X27Y5          LUT6 (Prop_lut6_I1_O)        0.124     3.431 r  output_bank/balanced_metadata.group_equal_orig0_inferred__2/i_/O
                         net (fo=1, routed)           0.579     4.010    output_bank/balanced_metadata.group_equal[3]
    SLICE_X26Y3          LUT5 (Prop_lut5_I2_O)        0.124     4.134 r  output_bank/request_toggle_i_3/O
                         net (fo=1, routed)           0.289     4.424    output_bank/request_toggle_i_3_n_0
    SLICE_X27Y4          LUT5 (Prop_lut5_I2_O)        0.124     4.548 f  output_bank/request_toggle_i_2__0/O
                         net (fo=3, routed)           0.400     4.948    output_bank/request_toggle_i_2__0_n_0
    SLICE_X25Y4          LUT6 (Prop_lut6_I4_O)        0.124     5.072 f  output_bank/fault_reasons[0]_i_5/O
                         net (fo=4, routed)           0.581     5.653    output_bank/return_last_reg_0
    SLICE_X24Y6          LUT4 (Prop_lut4_I0_O)        0.124     5.777 f  output_bank/expected_bin_index[8]_i_7/O
                         net (fo=2, routed)           0.298     6.075    result_guard/output_block_exponent_reg[0]_0
    SLICE_X23Y6          LUT6 (Prop_lut6_I0_O)        0.124     6.199 f  result_guard/expected_bin_index[8]_i_3/O
                         net (fo=4, routed)           0.441     6.639    result_guard/expected_bin_index[8]_i_3_n_0
    SLICE_X23Y6          LUT6 (Prop_lut6_I0_O)        0.124     6.763 r  result_guard/expected_bin_index[8]_i_1/O
                         net (fo=89, routed)          0.403     7.166    joiner/kernel_rom/output_block_exponent_reg[0]_0
    SLICE_X23Y7          LUT6 (Prop_lut6_I0_O)        0.124     7.290 r  joiner/kernel_rom/expected_next_block_start[63]_i_1/O
                         net (fo=65, routed)          0.539     7.830    joiner/kernel_rom/have_previous_block
    SLICE_X22Y10         FDRE                                         r  joiner/kernel_rom/expected_next_block_start_reg[57]/CE
  -------------------------------------------------------------------    -------------------

                         (clock island_175 rise edge)
                                                      5.714     5.714 r  
                                                      0.000     5.714 r  fft_clk (IN)
                         net (fo=4714, unset)         0.924     6.638    joiner/kernel_rom/fft_clk
    SLICE_X22Y10         FDRE                                         r  joiner/kernel_rom/expected_next_block_start_reg[57]/C
                         clock pessimism              0.000     6.638    
                         clock uncertainty           -0.035     6.603    
    SLICE_X22Y10         FDRE (Setup_fdre_C_CE)      -0.205     6.398    joiner/kernel_rom/expected_next_block_start_reg[57]
  -------------------------------------------------------------------
                         required time                          6.398    
                         arrival time                          -7.830    
  -------------------------------------------------------------------
                         slack                                 -1.432    

Slack (VIOLATED) :        -1.432ns  (required time - arrival time)
  Source:                 result_guard/descriptor_reg[51]/C
                            (rising edge-triggered cell FDCE clocked by island_175  {rise@0.000ns fall@2.857ns period=5.714ns})
  Destination:            joiner/kernel_rom/expected_next_block_start_reg[59]/CE
                            (rising edge-triggered cell FDRE clocked by island_175  {rise@0.000ns fall@2.857ns period=5.714ns})
  Path Group:             island_175
  Path Type:              Setup (Max at Slow Process Corner)
  Requirement:            5.714ns  (island_175 rise@5.714ns - island_175 rise@0.000ns)
  Data Path Delay:        6.857ns  (logic 1.634ns (23.830%)  route 5.223ns (76.170%))
  Logic Levels:           9  (LUT4=1 LUT5=2 LUT6=6)
  Clock Path Skew:        -0.049ns (DCD - SCD + CPR)
    Destination Clock Delay (DCD):    0.924ns = ( 6.638 - 5.714 ) 
    Source Clock Delay      (SCD):    0.973ns
    Clock Pessimism Removal (CPR):    0.000ns
  Clock Uncertainty:      0.035ns  ((TSJ^2 + TIJ^2)^1/2 + DJ) / 2 + PE
    Total System Jitter     (TSJ):    0.071ns
    Total Input Jitter      (TIJ):    0.000ns
    Discrete Jitter          (DJ):    0.000ns
    Phase Error              (PE):    0.000ns

    Location             Delay type                Incr(ns)  Path(ns)    Netlist Resource(s)
  -------------------------------------------------------------------    -------------------
                         (clock island_175 rise edge)
                                                      0.000     0.000 r  
                                                      0.000     0.000 r  fft_clk (IN)
                         net (fo=4714, unset)         0.973     0.973    result_guard/fft_clk
    SLICE_X28Y7          FDCE                                         r  result_guard/descriptor_reg[51]/C
  -------------------------------------------------------------------    -------------------
    SLICE_X28Y7          FDCE (Prop_fdce_C_Q)         0.518     1.491 r  result_guard/descriptor_reg[51]/Q
                         net (fo=7, routed)           0.878     2.369    output_bank/D[56]
    SLICE_X29Y6          LUT6 (Prop_lut6_I3_O)        0.124     2.493 r  output_bank/balanced_metadata.leaf_equal_orig0_inferred__17/i_/O
                         net (fo=1, routed)           0.814     3.307    output_bank/balanced_metadata.leaf_equal[18]
    SLICE_X27Y5          LUT6 (Prop_lut6_I1_O)        0.124     3.431 r  output_bank/balanced_metadata.group_equal_orig0_inferred__2/i_/O
                         net (fo=1, routed)           0.579     4.010    output_bank/balanced_metadata.group_equal[3]
    SLICE_X26Y3          LUT5 (Prop_lut5_I2_O)        0.124     4.134 r  output_bank/request_toggle_i_3/O
                         net (fo=1, routed)           0.289     4.424    output_bank/request_toggle_i_3_n_0
    SLICE_X27Y4          LUT5 (Prop_lut5_I2_O)        0.124     4.548 f  output_bank/request_toggle_i_2__0/O
                         net (fo=3, routed)           0.400     4.948    output_bank/request_toggle_i_2__0_n_0
    SLICE_X25Y4          LUT6 (Prop_lut6_I4_O)        0.124     5.072 f  output_bank/fault_reasons[0]_i_5/O
                         net (fo=4, routed)           0.581     5.653    output_bank/return_last_reg_0
    SLICE_X24Y6          LUT4 (Prop_lut4_I0_O)        0.124     5.777 f  output_bank/expected_bin_index[8]_i_7/O
                         net (fo=2, routed)           0.298     6.075    result_guard/output_block_exponent_reg[0]_0
    SLICE_X23Y6          LUT6 (Prop_lut6_I0_O)        0.124     6.199 f  result_guard/expected_bin_index[8]_i_3/O
                         net (fo=4, routed)           0.441     6.639    result_guard/expected_bin_index[8]_i_3_n_0
    SLICE_X23Y6          LUT6 (Prop_lut6_I0_O)        0.124     6.763 r  result_guard/expected_bin_index[8]_i_1/O
                         net (fo=89, routed)          0.403     7.166    joiner/kernel_rom/output_block_exponent_reg[0]_0
    SLICE_X23Y7          LUT6 (Prop_lut6_I0_O)        0.124     7.290 r  joiner/kernel_rom/expected_next_block_start[63]_i_1/O
                         net (fo=65, routed)          0.539     7.830    joiner/kernel_rom/have_previous_block
    SLICE_X22Y10         FDRE                                         r  joiner/kernel_rom/expected_next_block_start_reg[59]/CE
  -------------------------------------------------------------------    -------------------

                         (clock island_175 rise edge)
                                                      5.714     5.714 r  
                                                      0.000     5.714 r  fft_clk (IN)
                         net (fo=4714, unset)         0.924     6.638    joiner/kernel_rom/fft_clk
    SLICE_X22Y10         FDRE                                         r  joiner/kernel_rom/expected_next_block_start_reg[59]/C
                         clock pessimism              0.000     6.638    
                         clock uncertainty           -0.035     6.603    
    SLICE_X22Y10         FDRE (Setup_fdre_C_CE)      -0.205     6.398    joiner/kernel_rom/expected_next_block_start_reg[59]
  -------------------------------------------------------------------
                         required time                          6.398    
                         arrival time                          -7.830    
  -------------------------------------------------------------------
                         slack                                 -1.432    




