Copyright 1986-2022 Xilinx, Inc. All Rights Reserved.
-------------------------------------------------------------------------------------------------------------------------------------------------------------------------------------------------------------------
| Tool Version : Vivado v.2022.2 (lin64) Build 3671981 Fri Oct 14 04:59:54 MDT 2022
| Date         : Thu Sep 10 13:46:57 2026
| Host         : gauss running 64-bit Ubuntu 26.04 LTS
| Command      : report_timing_summary -delay_type min_max -report_unconstrained -max_paths 20 -file /home/mouse9911/gits/starlink-build-recovery-20260910.vHzUVnBz/rom-k1m1-route-v1/route/timing_unqualified.rpt
| Design       : starlink_pss_fft_bank_owned_rom_read_ahead
| Device       : 7z010-clg400
| Speed File   : -1  PRODUCTION 1.12 2019-11-22
-------------------------------------------------------------------------------------------------------------------------------------------------------------------------------------------------------------------

Timing Summary Report

------------------------------------------------------------------------------------------------
| Timer Settings
| --------------
------------------------------------------------------------------------------------------------

  Enable Multi Corner Analysis               :  Yes
  Enable Pessimism Removal                   :  Yes
  Pessimism Removal Resolution               :  Nearest Common Node
  Enable Input Delay Default Clock           :  No
  Enable Preset / Clear Arcs                 :  No
  Disable Flight Delays                      :  No
  Ignore I/O Paths                           :  No
  Timing Early Launch at Borrowing Latches   :  No
  Borrow Time for Max Delay Exceptions       :  Yes
  Merge Timing Exceptions                    :  Yes

  Corner  Analyze    Analyze    
  Name    Max Paths  Min Paths  
  ------  ---------  ---------  
  Slow    Yes        Yes        
  Fast    Yes        Yes        


------------------------------------------------------------------------------------------------
| Report Methodology
| ------------------
------------------------------------------------------------------------------------------------

No report available as report_methodology has not been run prior. Run report_methodology on the current design for the summary of methodology violations.



check_timing report

Table of Contents
-----------------
1. checking no_clock (0)
2. checking constant_clock (0)
3. checking pulse_width_clock (0)
4. checking unconstrained_internal_endpoints (0)
5. checking no_input_delay (114)
6. checking no_output_delay (124)
7. checking multiple_clock (0)
8. checking generated_clocks (0)
9. checking loops (0)
10. checking partial_input_delay (0)
11. checking partial_output_delay (0)
12. checking latch_loops (0)

1. checking no_clock (0)
------------------------
 There are 0 register/latch pins with no clock.


2. checking constant_clock (0)
------------------------------
 There are 0 register/latch pins with constant_clock.


3. checking pulse_width_clock (0)
---------------------------------
 There are 0 register/latch pins which need pulse_width check


4. checking unconstrained_internal_endpoints (0)
------------------------------------------------
 There are 0 pins that are not constrained for maximum delay.

 There are 0 pins that are not constrained for maximum delay due to constant clock.


5. checking no_input_delay (114)
--------------------------------
 There are 114 input ports with no input delay specified. (HIGH)

 There are 0 input ports with no input delay but user has a false path constraint.


6. checking no_output_delay (124)
---------------------------------
 There are 124 ports with no output delay specified. (HIGH)

 There are 0 ports with no output delay but user has a false path constraint

 There are 0 ports with no output delay but with a timing clock defined on it or propagating through it


7. checking multiple_clock (0)
------------------------------
 There are 0 register/latch pins with multiple clocks.


8. checking generated_clocks (0)
--------------------------------
 There are 0 generated clocks that are not connected to a clock source.


9. checking loops (0)
---------------------
 There are 0 combinational loops in the design.


10. checking partial_input_delay (0)
------------------------------------
 There are 0 input ports with partial input delay specified.


11. checking partial_output_delay (0)
-------------------------------------
 There are 0 ports with partial output delay specified.


12. checking latch_loops (0)
----------------------------
 There are 0 combinational latch loops in the design through latch input



------------------------------------------------------------------------------------------------
| Design Timing Summary
| ---------------------
------------------------------------------------------------------------------------------------

    WNS(ns)      TNS(ns)  TNS Failing Endpoints  TNS Total Endpoints      WHS(ns)      THS(ns)  THS Failing Endpoints  THS Total Endpoints     WPWS(ns)     TPWS(ns)  TPWS Failing Endpoints  TPWS Total Endpoints  
    -------      -------  ---------------------  -------------------      -------      -------  ---------------------  -------------------     --------     --------  ----------------------  --------------------  
     -1.360     -412.105                    575                10603        0.058        0.000                      0                10603        1.877        0.000                       0                  5043  


Timing constraints are not met.


------------------------------------------------------------------------------------------------
| Clock Summary
| -------------
------------------------------------------------------------------------------------------------

Clock       Waveform(ns)         Period(ns)      Frequency(MHz)
-----       ------------         ----------      --------------
island_175  {0.000 2.857}        5.714           175.009         
source_100  {0.000 5.000}        10.000          100.000         


------------------------------------------------------------------------------------------------
| Intra Clock Table
| -----------------
------------------------------------------------------------------------------------------------

Clock             WNS(ns)      TNS(ns)  TNS Failing Endpoints  TNS Total Endpoints      WHS(ns)      THS(ns)  THS Failing Endpoints  THS Total Endpoints     WPWS(ns)     TPWS(ns)  TPWS Failing Endpoints  TPWS Total Endpoints  
-----             -------      -------  ---------------------  -------------------      -------      -------  ---------------------  -------------------     --------     --------  ----------------------  --------------------  
island_175         -1.360     -316.134                    441                 9890        0.058        0.000                      0                 9890        1.877        0.000                       0                  4837  
source_100          2.391        0.000                      0                  290        0.100        0.000                      0                  290        4.500        0.000                       0                   206  


------------------------------------------------------------------------------------------------
| Inter Clock Table
| -----------------
------------------------------------------------------------------------------------------------

From Clock    To Clock          WNS(ns)      TNS(ns)  TNS Failing Endpoints  TNS Total Endpoints      WHS(ns)      THS(ns)  THS Failing Endpoints  THS Total Endpoints  
----------    --------          -------      -------  ---------------------  -------------------      -------      -------  ---------------------  -------------------  
source_100    island_175         -0.507       -7.995                     45                   67        0.146        0.000                      0                   67  
island_175    source_100         -1.280      -87.976                     89                   89        0.074        0.000                      0                   89  


------------------------------------------------------------------------------------------------
| Other Path Groups Table
| -----------------------
------------------------------------------------------------------------------------------------

Path Group         From Clock         To Clock               WNS(ns)      TNS(ns)  TNS Failing Endpoints  TNS Total Endpoints      WHS(ns)      THS(ns)  THS Failing Endpoints  THS Total Endpoints  
----------         ----------         --------               -------      -------  ---------------------  -------------------      -------      -------  ---------------------  -------------------  
**async_default**  island_175         island_175               0.958        0.000                      0                  267        0.877        0.000                      0                  267  


------------------------------------------------------------------------------------------------
| User Ignored Path Table
| -----------------------
------------------------------------------------------------------------------------------------

Path Group    From Clock    To Clock    
----------    ----------    --------    


------------------------------------------------------------------------------------------------
| Unconstrained Path Table
| ------------------------
------------------------------------------------------------------------------------------------

Path Group    From Clock    To Clock    
----------    ----------    --------    
(none)        source_100                  
(none)                      island_175    
(none)                      source_100    


------------------------------------------------------------------------------------------------
| Timing Details
| --------------
------------------------------------------------------------------------------------------------


---------------------------------------------------------------------------------------------------
From Clock:  island_175
  To Clock:  island_175

Setup :          441  Failing Endpoints,  Worst Slack       -1.360ns,  Total Violation     -316.134ns
Hold  :            0  Failing Endpoints,  Worst Slack        0.058ns,  Total Violation        0.000ns
PW    :            0  Failing Endpoints,  Worst Slack        1.877ns,  Total Violation        0.000ns
---------------------------------------------------------------------------------------------------


Max Delay Paths
--------------------------------------------------------------------------------------
Slack (VIOLATED) :        -1.360ns  (required time - arrival time)
  Source:                 product_bank/metadata_out_hold_reg[57]/C
                            (rising edge-triggered cell FDRE clocked by island_175  {rise@0.000ns fall@2.857ns period=5.714ns})
  Destination:            product_bank/request_toggle_reg/D
                            (rising edge-triggered cell FDRE clocked by island_175  {rise@0.000ns fall@2.857ns period=5.714ns})
  Path Group:             island_175
  Path Type:              Setup (Max at Slow Process Corner)
  Requirement:            5.714ns  (island_175 rise@5.714ns - island_175 rise@0.000ns)
  Data Path Delay:        7.021ns  (logic 1.586ns (22.590%)  route 5.435ns (77.410%))
  Logic Levels:           8  (LUT3=2 LUT5=2 LUT6=4)
  Clock Path Skew:        -0.049ns (DCD - SCD + CPR)
    Destination Clock Delay (DCD):    0.924ns = ( 6.638 - 5.714 ) 
    Source Clock Delay      (SCD):    0.973ns
    Clock Pessimism Removal (CPR):    0.000ns
  Clock Uncertainty:      0.035ns  ((TSJ^2 + TIJ^2)^1/2 + DJ) / 2 + PE
    Total System Jitter     (TSJ):    0.071ns
    Total Input Jitter      (TIJ):    0.000ns
    Discrete Jitter          (DJ):    0.000ns
    Phase Error              (PE):    0.000ns

    Location             Delay type                Incr(ns)  Path(ns)    Netlist Resource(s)
  -------------------------------------------------------------------    -------------------
                         (clock island_175 rise edge)
                                                      0.000     0.000 r  
                                                      0.000     0.000 r  fft_clk (IN)
                         net (fo=4836, unset)         0.973     0.973    product_bank/fft_clk
    SLICE_X21Y12         FDRE                                         r  product_bank/metadata_out_hold_reg[57]/C
  -------------------------------------------------------------------    -------------------
    SLICE_X21Y12         FDRE (Prop_fdre_C_Q)         0.419     1.392 r  product_bank/metadata_out_hold_reg[57]/Q
                         net (fo=3, routed)           0.894     2.286    product_bank/metadata_out_hold_reg[68]_0[52]
    SLICE_X21Y12         LUT3 (Prop_lut3_I0_O)        0.299     2.585 r  product_bank/balanced_identity.leaf_equal_inferred_i_34/O
                         net (fo=2, routed)           0.692     3.276    input_guard/balanced_identity.group_equal_orig0_inferred__2/i__9
    SLICE_X21Y11         LUT6 (Prop_lut6_I1_O)        0.124     3.400 r  input_guard/balanced_identity.leaf_equal_inferred_i_5/O
                         net (fo=1, routed)           1.014     4.414    input_guard/balanced_identity.leaf_equal[19]
    SLICE_X18Y5          LUT6 (Prop_lut6_I0_O)        0.124     4.538 r  input_guard/balanced_identity.group_equal_orig0_inferred__2/i_/O
                         net (fo=1, routed)           0.636     5.175    input_guard/balanced_identity.group_equal[3]
    SLICE_X18Y3          LUT5 (Prop_lut5_I4_O)        0.124     5.299 f  input_guard/shared_xfft_i_48/O
                         net (fo=2, routed)           0.403     5.702    input_guard/shared_xfft_i_48_n_0
    SLICE_X19Y2          LUT5 (Prop_lut5_I3_O)        0.124     5.826 f  input_guard/shared_xfft_i_45/O
                         net (fo=8, routed)           0.873     6.699    input_guard/shared_xfft_i_45_n_0
    SLICE_X20Y3          LUT6 (Prop_lut6_I3_O)        0.124     6.823 r  input_guard/fault_reasons[0]_i_3_comp/O
                         net (fo=6, routed)           0.475     7.298    input_guard/registered_scheduling.core_release_reg
    SLICE_X20Y4          LUT3 (Prop_lut3_I0_O)        0.124     7.422 r  input_guard/registered_scheduling.completion_receipt_i_2/O
                         net (fo=2, routed)           0.448     7.870    product_bank/registered_scheduling.completion_receipt_reg
    SLICE_X22Y5          LUT6 (Prop_lut6_I4_O)        0.124     7.994 r  product_bank/request_toggle_i_1__1/O
                         net (fo=1, routed)           0.000     7.994    product_bank/request_toggle_i_1__1_n_0
    SLICE_X22Y5          FDRE                                         r  product_bank/request_toggle_reg/D
  -------------------------------------------------------------------    -------------------

                         (clock island_175 rise edge)
                                                      5.714     5.714 r  
                                                      0.000     5.714 r  fft_clk (IN)
                         net (fo=4836, unset)         0.924     6.638    product_bank/fft_clk
    SLICE_X22Y5          FDRE                                         r  product_bank/request_toggle_reg/C
                         clock pessimism              0.000     6.638    
                         clock uncertainty           -0.035     6.603    
    SLICE_X22Y5          FDRE (Setup_fdre_C_D)        0.031     6.634    product_bank/request_toggle_reg
  -------------------------------------------------------------------
                         required time                          6.634    
                         arrival time                          -7.994    
  -------------------------------------------------------------------
                         slack                                 -1.360    

Slack (VIOLATED) :        -1.338ns  (required time - arrival time)
  Source:                 product_bank/metadata_out_hold_reg[57]/C
                            (rising edge-triggered cell FDRE clocked by island_175  {rise@0.000ns fall@2.857ns period=5.714ns})
  Destination:            result_guard/active_private_reg/D
                            (rising edge-triggered cell FDCE clocked by island_175  {rise@0.000ns fall@2.857ns period=5.714ns})
  Path Group:             island_175
  Path Type:              Setup (Max at Slow Process Corner)
  Requirement:            5.714ns  (island_175 rise@5.714ns - island_175 rise@0.000ns)
  Data Path Delay:        7.047ns  (logic 1.586ns (22.505%)  route 5.461ns (77.495%))
  Logic Levels:           8  (LUT3=1 LUT5=3 LUT6=4)
  Clock Path Skew:        -0.049ns (DCD - SCD + CPR)
    Destination Clock Delay (DCD):    0.924ns = ( 6.638 - 5.714 ) 
    Source Clock Delay      (SCD):    0.973ns
    Clock Pessimism Removal (CPR):    0.000ns
  Clock Uncertainty:      0.035ns  ((TSJ^2 + TIJ^2)^1/2 + DJ) / 2 + PE
    Total System Jitter     (TSJ):    0.071ns
    Total Input Jitter      (TIJ):    0.000ns
    Discrete Jitter          (DJ):    0.000ns
    Phase Error              (PE):    0.000ns

    Location             Delay type                Incr(ns)  Path(ns)    Netlist Resource(s)
  -------------------------------------------------------------------    -------------------
                         (clock island_175 rise edge)
                                                      0.000     0.000 r  
                                                      0.000     0.000 r  fft_clk (IN)
                         net (fo=4836, unset)         0.973     0.973    product_bank/fft_clk
    SLICE_X21Y12         FDRE                                         r  product_bank/metadata_out_hold_reg[57]/C
  -------------------------------------------------------------------    -------------------
    SLICE_X21Y12         FDRE (Prop_fdre_C_Q)         0.419     1.392 r  product_bank/metadata_out_hold_reg[57]/Q
                         net (fo=3, routed)           0.894     2.286    product_bank/metadata_out_hold_reg[68]_0[52]
    SLICE_X21Y12         LUT3 (Prop_lut3_I0_O)        0.299     2.585 r  product_bank/balanced_identity.leaf_equal_inferred_i_34/O
                         net (fo=2, routed)           0.692     3.276    input_guard/balanced_identity.group_equal_orig0_inferred__2/i__9
    SLICE_X21Y11         LUT6 (Prop_lut6_I1_O)        0.124     3.400 r  input_guard/balanced_identity.leaf_equal_inferred_i_5/O
                         net (fo=1, routed)           1.014     4.414    input_guard/balanced_identity.leaf_equal[19]
    SLICE_X18Y5          LUT6 (Prop_lut6_I0_O)        0.124     4.538 r  input_guard/balanced_identity.group_equal_orig0_inferred__2/i_/O
                         net (fo=1, routed)           0.636     5.175    input_guard/balanced_identity.group_equal[3]
    SLICE_X18Y3          LUT5 (Prop_lut5_I4_O)        0.124     5.299 f  input_guard/shared_xfft_i_48/O
                         net (fo=2, routed)           0.403     5.702    input_guard/shared_xfft_i_48_n_0
    SLICE_X19Y2          LUT5 (Prop_lut5_I3_O)        0.124     5.826 f  input_guard/shared_xfft_i_45/O
                         net (fo=8, routed)           0.873     6.699    input_guard/shared_xfft_i_45_n_0
    SLICE_X20Y3          LUT6 (Prop_lut6_I3_O)        0.124     6.823 r  input_guard/fault_reasons[0]_i_3_comp/O
                         net (fo=6, routed)           0.501     7.324    input_guard/registered_scheduling.core_release_reg
    SLICE_X20Y1          LUT6 (Prop_lut6_I1_O)        0.124     7.448 r  input_guard/registered_scheduling.admission_receipt_i_1_comp_1/O
                         net (fo=2, routed)           0.448     7.896    result_guard/active_private
    SLICE_X16Y1          LUT5 (Prop_lut5_I2_O)        0.124     8.020 r  result_guard/active_private_i_1/O
                         net (fo=1, routed)           0.000     8.020    result_guard/active_private_i_1_n_0
    SLICE_X16Y1          FDCE                                         r  result_guard/active_private_reg/D
  -------------------------------------------------------------------    -------------------

                         (clock island_175 rise edge)
                                                      5.714     5.714 r  
                                                      0.000     5.714 r  fft_clk (IN)
                         net (fo=4836, unset)         0.924     6.638    result_guard/fft_clk
    SLICE_X16Y1          FDCE                                         r  result_guard/active_private_reg/C
                         clock pessimism              0.000     6.638    
                         clock uncertainty           -0.035     6.603    
    SLICE_X16Y1          FDCE (Setup_fdce_C_D)        0.079     6.682    result_guard/active_private_reg
  -------------------------------------------------------------------
                         required time                          6.682    
                         arrival time                          -8.020    
  -------------------------------------------------------------------
                         slack                                 -1.338    

Slack (VIOLATED) :        -1.331ns  (required time - arrival time)
  Source:                 product_bank/metadata_out_hold_reg[57]/C
                            (rising edge-triggered cell FDRE clocked by island_175  {rise@0.000ns fall@2.857ns period=5.714ns})
  Destination:            registered_scheduling.completion_receipt_reg/D
                            (rising edge-triggered cell FDRE clocked by island_175  {rise@0.000ns fall@2.857ns period=5.714ns})
  Path Group:             island_175
  Path Type:              Setup (Max at Slow Process Corner)
  Requirement:            5.714ns  (island_175 rise@5.714ns - island_175 rise@0.000ns)
  Data Path Delay:        6.992ns  (logic 1.586ns (22.682%)  route 5.406ns (77.318%))
  Logic Levels:           8  (LUT3=2 LUT5=2 LUT6=4)
  Clock Path Skew:        -0.049ns (DCD - SCD + CPR)
    Destination Clock Delay (DCD):    0.924ns = ( 6.638 - 5.714 ) 
    Source Clock Delay      (SCD):    0.973ns
    Clock Pessimism Removal (CPR):    0.000ns
  Clock Uncertainty:      0.035ns  ((TSJ^2 + TIJ^2)^1/2 + DJ) / 2 + PE
    Total System Jitter     (TSJ):    0.071ns
    Total Input Jitter      (TIJ):    0.000ns
    Discrete Jitter          (DJ):    0.000ns
    Phase Error              (PE):    0.000ns

    Location             Delay type                Incr(ns)  Path(ns)    Netlist Resource(s)
  -------------------------------------------------------------------    -------------------
                         (clock island_175 rise edge)
                                                      0.000     0.000 r  
                                                      0.000     0.000 r  fft_clk (IN)
                         net (fo=4836, unset)         0.973     0.973    product_bank/fft_clk
    SLICE_X21Y12         FDRE                                         r  product_bank/metadata_out_hold_reg[57]/C
  -------------------------------------------------------------------    -------------------
    SLICE_X21Y12         FDRE (Prop_fdre_C_Q)         0.419     1.392 r  product_bank/metadata_out_hold_reg[57]/Q
                         net (fo=3, routed)           0.894     2.286    product_bank/metadata_out_hold_reg[68]_0[52]
    SLICE_X21Y12         LUT3 (Prop_lut3_I0_O)        0.299     2.585 r  product_bank/balanced_identity.leaf_equal_inferred_i_34/O
                         net (fo=2, routed)           0.692     3.276    input_guard/balanced_identity.group_equal_orig0_inferred__2/i__9
    SLICE_X21Y11         LUT6 (Prop_lut6_I1_O)        0.124     3.400 r  input_guard/balanced_identity.leaf_equal_inferred_i_5/O
                         net (fo=1, routed)           1.014     4.414    input_guard/balanced_identity.leaf_equal[19]
    SLICE_X18Y5          LUT6 (Prop_lut6_I0_O)        0.124     4.538 r  input_guard/balanced_identity.group_equal_orig0_inferred__2/i_/O
                         net (fo=1, routed)           0.636     5.175    input_guard/balanced_identity.group_equal[3]
    SLICE_X18Y3          LUT5 (Prop_lut5_I4_O)        0.124     5.299 f  input_guard/shared_xfft_i_48/O
                         net (fo=2, routed)           0.403     5.702    input_guard/shared_xfft_i_48_n_0
    SLICE_X19Y2          LUT5 (Prop_lut5_I3_O)        0.124     5.826 f  input_guard/shared_xfft_i_45/O
                         net (fo=8, routed)           0.873     6.699    input_guard/shared_xfft_i_45_n_0
    SLICE_X20Y3          LUT6 (Prop_lut6_I3_O)        0.124     6.823 r  input_guard/fault_reasons[0]_i_3_comp/O
                         net (fo=6, routed)           0.475     7.298    input_guard/registered_scheduling.core_release_reg
    SLICE_X20Y4          LUT3 (Prop_lut3_I0_O)        0.124     7.422 r  input_guard/registered_scheduling.completion_receipt_i_2/O
                         net (fo=2, routed)           0.419     7.841    product_bank/registered_scheduling.completion_receipt_reg
    SLICE_X21Y4          LUT6 (Prop_lut6_I0_O)        0.124     7.965 r  product_bank/registered_scheduling.completion_receipt_i_1/O
                         net (fo=1, routed)           0.000     7.965    completion_accept
    SLICE_X21Y4          FDRE                                         r  registered_scheduling.completion_receipt_reg/D
  -------------------------------------------------------------------    -------------------

                         (clock island_175 rise edge)
                                                      5.714     5.714 r  
                                                      0.000     5.714 r  fft_clk (IN)
                         net (fo=4836, unset)         0.924     6.638    fft_clk
    SLICE_X21Y4          FDRE                                         r  registered_scheduling.completion_receipt_reg/C
                         clock pessimism              0.000     6.638    
                         clock uncertainty           -0.035     6.603    
    SLICE_X21Y4          FDRE (Setup_fdre_C_D)        0.031     6.634    registered_scheduling.completion_receipt_reg
  -------------------------------------------------------------------
                         required time                          6.634    
                         arrival time                          -7.965    
  -------------------------------------------------------------------
                         slack                                 -1.331    

Slack (VIOLATED) :        -1.241ns  (required time - arrival time)
  Source:                 product_bank/metadata_out_hold_reg[57]/C
                            (rising edge-triggered cell FDRE clocked by island_175  {rise@0.000ns fall@2.857ns period=5.714ns})
  Destination:            registered_scheduling.admission_receipt_reg/D
                            (rising edge-triggered cell FDRE clocked by island_175  {rise@0.000ns fall@2.857ns period=5.714ns})
  Path Group:             island_175
  Path Type:              Setup (Max at Slow Process Corner)
  Requirement:            5.714ns  (island_175 rise@5.714ns - island_175 rise@0.000ns)
  Data Path Delay:        6.828ns  (logic 1.462ns (21.411%)  route 5.366ns (78.589%))
  Logic Levels:           7  (LUT3=1 LUT5=2 LUT6=4)
  Clock Path Skew:        -0.049ns (DCD - SCD + CPR)
    Destination Clock Delay (DCD):    0.924ns = ( 6.638 - 5.714 ) 
    Source Clock Delay      (SCD):    0.973ns
    Clock Pessimism Removal (CPR):    0.000ns
  Clock Uncertainty:      0.035ns  ((TSJ^2 + TIJ^2)^1/2 + DJ) / 2 + PE
    Total System Jitter     (TSJ):    0.071ns
    Total Input Jitter      (TIJ):    0.000ns
    Discrete Jitter          (DJ):    0.000ns
    Phase Error              (PE):    0.000ns

    Location             Delay type                Incr(ns)  Path(ns)    Netlist Resource(s)
  -------------------------------------------------------------------    -------------------
                         (clock island_175 rise edge)
                                                      0.000     0.000 r  
                                                      0.000     0.000 r  fft_clk (IN)
                         net (fo=4836, unset)         0.973     0.973    product_bank/fft_clk
    SLICE_X21Y12         FDRE                                         r  product_bank/metadata_out_hold_reg[57]/C
  -------------------------------------------------------------------    -------------------
    SLICE_X21Y12         FDRE (Prop_fdre_C_Q)         0.419     1.392 r  product_bank/metadata_out_hold_reg[57]/Q
                         net (fo=3, routed)           0.894     2.286    product_bank/metadata_out_hold_reg[68]_0[52]
    SLICE_X21Y12         LUT3 (Prop_lut3_I0_O)        0.299     2.585 r  product_bank/balanced_identity.leaf_equal_inferred_i_34/O
                         net (fo=2, routed)           0.692     3.276    input_guard/balanced_identity.group_equal_orig0_inferred__2/i__9
    SLICE_X21Y11         LUT6 (Prop_lut6_I1_O)        0.124     3.400 r  input_guard/balanced_identity.leaf_equal_inferred_i_5/O
                         net (fo=1, routed)           1.014     4.414    input_guard/balanced_identity.leaf_equal[19]
    SLICE_X18Y5          LUT6 (Prop_lut6_I0_O)        0.124     4.538 r  input_guard/balanced_identity.group_equal_orig0_inferred__2/i_/O
                         net (fo=1, routed)           0.636     5.175    input_guard/balanced_identity.group_equal[3]
    SLICE_X18Y3          LUT5 (Prop_lut5_I4_O)        0.124     5.299 f  input_guard/shared_xfft_i_48/O
                         net (fo=2, routed)           0.403     5.702    input_guard/shared_xfft_i_48_n_0
    SLICE_X19Y2          LUT5 (Prop_lut5_I3_O)        0.124     5.826 f  input_guard/shared_xfft_i_45/O
                         net (fo=8, routed)           0.873     6.699    input_guard/shared_xfft_i_45_n_0
    SLICE_X20Y3          LUT6 (Prop_lut6_I3_O)        0.124     6.823 r  input_guard/fault_reasons[0]_i_3_comp/O
                         net (fo=6, routed)           0.501     7.324    input_guard/registered_scheduling.core_release_reg
    SLICE_X20Y1          LUT6 (Prop_lut6_I1_O)        0.124     7.448 r  input_guard/registered_scheduling.admission_receipt_i_1_comp_1/O
                         net (fo=2, routed)           0.354     7.801    active_private
    SLICE_X19Y1          FDRE                                         r  registered_scheduling.admission_receipt_reg/D
  -------------------------------------------------------------------    -------------------

                         (clock island_175 rise edge)
                                                      5.714     5.714 r  
                                                      0.000     5.714 r  fft_clk (IN)
                         net (fo=4836, unset)         0.924     6.638    fft_clk
    SLICE_X19Y1          FDRE                                         r  registered_scheduling.admission_receipt_reg/C
                         clock pessimism              0.000     6.638    
                         clock uncertainty           -0.035     6.603    
    SLICE_X19Y1          FDRE (Setup_fdre_C_D)       -0.043     6.560    registered_scheduling.admission_receipt_reg
  -------------------------------------------------------------------
                         required time                          6.560    
                         arrival time                          -7.801    
  -------------------------------------------------------------------
                         slack                                 -1.241    

Slack (VIOLATED) :        -1.205ns  (required time - arrival time)
  Source:                 product_bank/metadata_out_hold_reg[57]/C
                            (rising edge-triggered cell FDRE clocked by island_175  {rise@0.000ns fall@2.857ns period=5.714ns})
  Destination:            result_guard/fault_reasons_reg[0]/D
                            (rising edge-triggered cell FDCE clocked by island_175  {rise@0.000ns fall@2.857ns period=5.714ns})
  Path Group:             island_175
  Path Type:              Setup (Max at Slow Process Corner)
  Requirement:            5.714ns  (island_175 rise@5.714ns - island_175 rise@0.000ns)
  Data Path Delay:        6.795ns  (logic 1.462ns (21.517%)  route 5.333ns (78.483%))
  Logic Levels:           7  (LUT3=1 LUT5=3 LUT6=3)
  Clock Path Skew:        -0.049ns (DCD - SCD + CPR)
    Destination Clock Delay (DCD):    0.924ns = ( 6.638 - 5.714 ) 
    Source Clock Delay      (SCD):    0.973ns
    Clock Pessimism Removal (CPR):    0.000ns
  Clock Uncertainty:      0.035ns  ((TSJ^2 + TIJ^2)^1/2 + DJ) / 2 + PE
    Total System Jitter     (TSJ):    0.071ns
    Total Input Jitter      (TIJ):    0.000ns
    Discrete Jitter          (DJ):    0.000ns
    Phase Error              (PE):    0.000ns

    Location             Delay type                Incr(ns)  Path(ns)    Netlist Resource(s)
  -------------------------------------------------------------------    -------------------
                         (clock island_175 rise edge)
                                                      0.000     0.000 r  
                                                      0.000     0.000 r  fft_clk (IN)
                         net (fo=4836, unset)         0.973     0.973    product_bank/fft_clk
    SLICE_X21Y12         FDRE                                         r  product_bank/metadata_out_hold_reg[57]/C
  -------------------------------------------------------------------    -------------------
    SLICE_X21Y12         FDRE (Prop_fdre_C_Q)         0.419     1.392 r  product_bank/metadata_out_hold_reg[57]/Q
                         net (fo=3, routed)           0.894     2.286    product_bank/metadata_out_hold_reg[68]_0[52]
    SLICE_X21Y12         LUT3 (Prop_lut3_I0_O)        0.299     2.585 r  product_bank/balanced_identity.leaf_equal_inferred_i_34/O
                         net (fo=2, routed)           0.692     3.276    input_guard/balanced_identity.group_equal_orig0_inferred__2/i__9
    SLICE_X21Y11         LUT6 (Prop_lut6_I1_O)        0.124     3.400 f  input_guard/balanced_identity.leaf_equal_inferred_i_5/O
                         net (fo=1, routed)           1.014     4.414    input_guard/balanced_identity.leaf_equal[19]
    SLICE_X18Y5          LUT6 (Prop_lut6_I0_O)        0.124     4.538 f  input_guard/balanced_identity.group_equal_orig0_inferred__2/i_/O
                         net (fo=1, routed)           0.636     5.175    input_guard/balanced_identity.group_equal[3]
    SLICE_X18Y3          LUT5 (Prop_lut5_I4_O)        0.124     5.299 r  input_guard/shared_xfft_i_48/O
                         net (fo=2, routed)           0.403     5.702    input_guard/shared_xfft_i_48_n_0
    SLICE_X19Y2          LUT5 (Prop_lut5_I3_O)        0.124     5.826 r  input_guard/shared_xfft_i_45/O
                         net (fo=8, routed)           0.873     6.699    input_guard/shared_xfft_i_45_n_0
    SLICE_X20Y3          LUT6 (Prop_lut6_I3_O)        0.124     6.823 f  input_guard/fault_reasons[0]_i_3_comp/O
                         net (fo=6, routed)           0.483     7.306    result_guard/fault_reasons_reg[0]_0
    SLICE_X18Y2          LUT5 (Prop_lut5_I1_O)        0.124     7.430 r  result_guard/fault_reasons[0]_i_1__0/O
                         net (fo=1, routed)           0.338     7.768    result_guard/fault_reasons[0]_i_1__0_n_0
    SLICE_X21Y1          FDCE                                         r  result_guard/fault_reasons_reg[0]/D
  -------------------------------------------------------------------    -------------------

                         (clock island_175 rise edge)
                                                      5.714     5.714 r  
                                                      0.000     5.714 r  fft_clk (IN)
                         net (fo=4836, unset)         0.924     6.638    result_guard/fft_clk
    SLICE_X21Y1          FDCE                                         r  result_guard/fault_reasons_reg[0]/C
                         clock pessimism              0.000     6.638    
                         clock uncertainty           -0.035     6.603    
    SLICE_X21Y1          FDCE (Setup_fdce_C_D)       -0.040     6.563    result_guard/fault_reasons_reg[0]
  -------------------------------------------------------------------
                         required time                          6.563    
                         arrival time                          -7.768    
  -------------------------------------------------------------------
                         slack                                 -1.205    

Slack (VIOLATED) :        -1.195ns  (required time - arrival time)
  Source:                 product_bank/metadata_out_hold_reg[57]/C
                            (rising edge-triggered cell FDRE clocked by island_175  {rise@0.000ns fall@2.857ns period=5.714ns})
  Destination:            result_guard/awaiting_ack_reg/D
                            (rising edge-triggered cell FDCE clocked by island_175  {rise@0.000ns fall@2.857ns period=5.714ns})
  Path Group:             island_175
  Path Type:              Setup (Max at Slow Process Corner)
  Requirement:            5.714ns  (island_175 rise@5.714ns - island_175 rise@0.000ns)
  Data Path Delay:        6.902ns  (logic 1.586ns (22.980%)  route 5.316ns (77.020%))
  Logic Levels:           8  (LUT3=1 LUT5=3 LUT6=4)
  Clock Path Skew:        -0.049ns (DCD - SCD + CPR)
    Destination Clock Delay (DCD):    0.924ns = ( 6.638 - 5.714 ) 
    Source Clock Delay      (SCD):    0.973ns
    Clock Pessimism Removal (CPR):    0.000ns
  Clock Uncertainty:      0.035ns  ((TSJ^2 + TIJ^2)^1/2 + DJ) / 2 + PE
    Total System Jitter     (TSJ):    0.071ns
    Total Input Jitter      (TIJ):    0.000ns
    Discrete Jitter          (DJ):    0.000ns
    Phase Error              (PE):    0.000ns

    Location             Delay type                Incr(ns)  Path(ns)    Netlist Resource(s)
  -------------------------------------------------------------------    -------------------
                         (clock island_175 rise edge)
                                                      0.000     0.000 r  
                                                      0.000     0.000 r  fft_clk (IN)
                         net (fo=4836, unset)         0.973     0.973    product_bank/fft_clk
    SLICE_X21Y12         FDRE                                         r  product_bank/metadata_out_hold_reg[57]/C
  -------------------------------------------------------------------    -------------------
    SLICE_X21Y12         FDRE (Prop_fdre_C_Q)         0.419     1.392 r  product_bank/metadata_out_hold_reg[57]/Q
                         net (fo=3, routed)           0.894     2.286    product_bank/metadata_out_hold_reg[68]_0[52]
    SLICE_X21Y12         LUT3 (Prop_lut3_I0_O)        0.299     2.585 r  product_bank/balanced_identity.leaf_equal_inferred_i_34/O
                         net (fo=2, routed)           0.692     3.276    input_guard/balanced_identity.group_equal_orig0_inferred__2/i__9
    SLICE_X21Y11         LUT6 (Prop_lut6_I1_O)        0.124     3.400 f  input_guard/balanced_identity.leaf_equal_inferred_i_5/O
                         net (fo=1, routed)           1.014     4.414    input_guard/balanced_identity.leaf_equal[19]
    SLICE_X18Y5          LUT6 (Prop_lut6_I0_O)        0.124     4.538 f  input_guard/balanced_identity.group_equal_orig0_inferred__2/i_/O
                         net (fo=1, routed)           0.636     5.175    input_guard/balanced_identity.group_equal[3]
    SLICE_X18Y3          LUT5 (Prop_lut5_I4_O)        0.124     5.299 r  input_guard/shared_xfft_i_48/O
                         net (fo=2, routed)           0.403     5.702    input_guard/shared_xfft_i_48_n_0
    SLICE_X19Y2          LUT5 (Prop_lut5_I3_O)        0.124     5.826 r  input_guard/shared_xfft_i_45/O
                         net (fo=8, routed)           0.873     6.699    input_guard/shared_xfft_i_45_n_0
    SLICE_X20Y3          LUT6 (Prop_lut6_I3_O)        0.124     6.823 f  input_guard/fault_reasons[0]_i_3_comp/O
                         net (fo=6, routed)           0.352     7.175    input_guard/registered_scheduling.core_release_reg
    SLICE_X20Y2          LUT6 (Prop_lut6_I0_O)        0.124     7.299 f  input_guard/registered_scheduling.admission_receipt_i_2/O
                         net (fo=1, routed)           0.452     7.751    result_guard/awaiting_ack_reg_1
    SLICE_X20Y2          LUT5 (Prop_lut5_I4_O)        0.124     7.875 r  result_guard/awaiting_ack_i_1/O
                         net (fo=1, routed)           0.000     7.875    result_guard/awaiting_ack_i_1_n_0
    SLICE_X20Y2          FDCE                                         r  result_guard/awaiting_ack_reg/D
  -------------------------------------------------------------------    -------------------

                         (clock island_175 rise edge)
                                                      5.714     5.714 r  
                                                      0.000     5.714 r  fft_clk (IN)
                         net (fo=4836, unset)         0.924     6.638    result_guard/fft_clk
    SLICE_X20Y2          FDCE                                         r  result_guard/awaiting_ack_reg/C
                         clock pessimism              0.000     6.638    
                         clock uncertainty           -0.035     6.603    
    SLICE_X20Y2          FDCE (Setup_fdce_C_D)        0.077     6.680    result_guard/awaiting_ack_reg
  -------------------------------------------------------------------
                         required time                          6.680    
                         arrival time                          -7.875    
  -------------------------------------------------------------------
                         slack                                 -1.195    

Slack (VIOLATED) :        -1.190ns  (required time - arrival time)
  Source:                 product_bank/metadata_out_hold_reg[57]/C
                            (rising edge-triggered cell FDRE clocked by island_175  {rise@0.000ns fall@2.857ns period=5.714ns})
  Destination:            result_guard/input_count_reg[0]/CE
                            (rising edge-triggered cell FDCE clocked by island_175  {rise@0.000ns fall@2.857ns period=5.714ns})
  Path Group:             island_175
  Path Type:              Setup (Max at Slow Process Corner)
  Requirement:            5.714ns  (island_175 rise@5.714ns - island_175 rise@0.000ns)
  Data Path Delay:        6.615ns  (logic 1.462ns (22.102%)  route 5.153ns (77.898%))
  Logic Levels:           7  (LUT3=2 LUT4=1 LUT5=2 LUT6=2)
  Clock Path Skew:        -0.049ns (DCD - SCD + CPR)
    Destination Clock Delay (DCD):    0.924ns = ( 6.638 - 5.714 ) 
    Source Clock Delay      (SCD):    0.973ns
    Clock Pessimism Removal (CPR):    0.000ns
  Clock Uncertainty:      0.035ns  ((TSJ^2 + TIJ^2)^1/2 + DJ) / 2 + PE
    Total System Jitter     (TSJ):    0.071ns
    Total Input Jitter      (TIJ):    0.000ns
    Discrete Jitter          (DJ):    0.000ns
    Phase Error              (PE):    0.000ns

    Location             Delay type                Incr(ns)  Path(ns)    Netlist Resource(s)
  -------------------------------------------------------------------    -------------------
                         (clock island_175 rise edge)
                                                      0.000     0.000 r  
                                                      0.000     0.000 r  fft_clk (IN)
                         net (fo=4836, unset)         0.973     0.973    product_bank/fft_clk
    SLICE_X21Y12         FDRE                                         r  product_bank/metadata_out_hold_reg[57]/C
  -------------------------------------------------------------------    -------------------
    SLICE_X21Y12         FDRE (Prop_fdre_C_Q)         0.419     1.392 r  product_bank/metadata_out_hold_reg[57]/Q
                         net (fo=3, routed)           0.894     2.286    product_bank/metadata_out_hold_reg[68]_0[52]
    SLICE_X21Y12         LUT3 (Prop_lut3_I0_O)        0.299     2.585 r  product_bank/balanced_identity.leaf_equal_inferred_i_34/O
                         net (fo=2, routed)           0.692     3.276    input_guard/balanced_identity.group_equal_orig0_inferred__2/i__9
    SLICE_X21Y11         LUT6 (Prop_lut6_I1_O)        0.124     3.400 r  input_guard/balanced_identity.leaf_equal_inferred_i_5/O
                         net (fo=1, routed)           1.014     4.414    input_guard/balanced_identity.leaf_equal[19]
    SLICE_X18Y5          LUT6 (Prop_lut6_I0_O)        0.124     4.538 r  input_guard/balanced_identity.group_equal_orig0_inferred__2/i_/O
                         net (fo=1, routed)           0.636     5.175    input_guard/balanced_identity.group_equal[3]
    SLICE_X18Y3          LUT5 (Prop_lut5_I4_O)        0.124     5.299 f  input_guard/shared_xfft_i_48/O
                         net (fo=2, routed)           0.403     5.702    input_guard/shared_xfft_i_48_n_0
    SLICE_X19Y2          LUT5 (Prop_lut5_I3_O)        0.124     5.826 f  input_guard/shared_xfft_i_45/O
                         net (fo=8, routed)           0.546     6.372    input_guard/shared_xfft_i_45_n_0
    SLICE_X18Y2          LUT4 (Prop_lut4_I0_O)        0.124     6.496 r  input_guard/fault_reasons[2]_i_4/O
                         net (fo=8, routed)           0.599     7.095    result_guard/input_started
    SLICE_X17Y0          LUT3 (Prop_lut3_I2_O)        0.124     7.219 r  result_guard/input_count[9]_i_1_comp/O
                         net (fo=10, routed)          0.369     7.588    result_guard/input_count[9]_i_1_n_0
    SLICE_X15Y1          FDCE                                         r  result_guard/input_count_reg[0]/CE
  -------------------------------------------------------------------    -------------------

                         (clock island_175 rise edge)
                                                      5.714     5.714 r  
                                                      0.000     5.714 r  fft_clk (IN)
                         net (fo=4836, unset)         0.924     6.638    result_guard/fft_clk
    SLICE_X15Y1          FDCE                                         r  result_guard/input_count_reg[0]/C
                         clock pessimism              0.000     6.638    
                         clock uncertainty           -0.035     6.603    
    SLICE_X15Y1          FDCE (Setup_fdce_C_CE)      -0.205     6.398    result_guard/input_count_reg[0]
  -------------------------------------------------------------------
                         required time                          6.398    
                         arrival time                          -7.588    
  -------------------------------------------------------------------
                         slack                                 -1.190    

Slack (VIOLATED) :        -1.190ns  (required time - arrival time)
  Source:                 product_bank/metadata_out_hold_reg[57]/C
                            (rising edge-triggered cell FDRE clocked by island_175  {rise@0.000ns fall@2.857ns period=5.714ns})
  Destination:            result_guard/input_count_reg[5]/CE
                            (rising edge-triggered cell FDCE clocked by island_175  {rise@0.000ns fall@2.857ns period=5.714ns})
  Path Group:             island_175
  Path Type:              Setup (Max at Slow Process Corner)
  Requirement:            5.714ns  (island_175 rise@5.714ns - island_175 rise@0.000ns)
  Data Path Delay:        6.615ns  (logic 1.462ns (22.102%)  route 5.153ns (77.898%))
  Logic Levels:           7  (LUT3=2 LUT4=1 LUT5=2 LUT6=2)
  Clock Path Skew:        -0.049ns (DCD - SCD + CPR)
    Destination Clock Delay (DCD):    0.924ns = ( 6.638 - 5.714 ) 
    Source Clock Delay      (SCD):    0.973ns
    Clock Pessimism Removal (CPR):    0.000ns
  Clock Uncertainty:      0.035ns  ((TSJ^2 + TIJ^2)^1/2 + DJ) / 2 + PE
    Total System Jitter     (TSJ):    0.071ns
    Total Input Jitter      (TIJ):    0.000ns
    Discrete Jitter          (DJ):    0.000ns
    Phase Error              (PE):    0.000ns

    Location             Delay type                Incr(ns)  Path(ns)    Netlist Resource(s)
  -------------------------------------------------------------------    -------------------
                         (clock island_175 rise edge)
                                                      0.000     0.000 r  
                                                      0.000     0.000 r  fft_clk (IN)
                         net (fo=4836, unset)         0.973     0.973    product_bank/fft_clk
    SLICE_X21Y12         FDRE                                         r  product_bank/metadata_out_hold_reg[57]/C
  -------------------------------------------------------------------    -------------------
    SLICE_X21Y12         FDRE (Prop_fdre_C_Q)         0.419     1.392 r  product_bank/metadata_out_hold_reg[57]/Q
                         net (fo=3, routed)           0.894     2.286    product_bank/metadata_out_hold_reg[68]_0[52]
    SLICE_X21Y12         LUT3 (Prop_lut3_I0_O)        0.299     2.585 r  product_bank/balanced_identity.leaf_equal_inferred_i_34/O
                         net (fo=2, routed)           0.692     3.276    input_guard/balanced_identity.group_equal_orig0_inferred__2/i__9
    SLICE_X21Y11         LUT6 (Prop_lut6_I1_O)        0.124     3.400 r  input_guard/balanced_identity.leaf_equal_inferred_i_5/O
                         net (fo=1, routed)           1.014     4.414    input_guard/balanced_identity.leaf_equal[19]
    SLICE_X18Y5          LUT6 (Prop_lut6_I0_O)        0.124     4.538 r  input_guard/balanced_identity.group_equal_orig0_inferred__2/i_/O
                         net (fo=1, routed)           0.636     5.175    input_guard/balanced_identity.group_equal[3]
    SLICE_X18Y3          LUT5 (Prop_lut5_I4_O)        0.124     5.299 f  input_guard/shared_xfft_i_48/O
                         net (fo=2, routed)           0.403     5.702    input_guard/shared_xfft_i_48_n_0
    SLICE_X19Y2          LUT5 (Prop_lut5_I3_O)        0.124     5.826 f  input_guard/shared_xfft_i_45/O
                         net (fo=8, routed)           0.546     6.372    input_guard/shared_xfft_i_45_n_0
    SLICE_X18Y2          LUT4 (Prop_lut4_I0_O)        0.124     6.496 r  input_guard/fault_reasons[2]_i_4/O
                         net (fo=8, routed)           0.599     7.095    result_guard/input_started
    SLICE_X17Y0          LUT3 (Prop_lut3_I2_O)        0.124     7.219 r  result_guard/input_count[9]_i_1_comp/O
                         net (fo=10, routed)          0.369     7.588    result_guard/input_count[9]_i_1_n_0
    SLICE_X15Y1          FDCE                                         r  result_guard/input_count_reg[5]/CE
  -------------------------------------------------------------------    -------------------

                         (clock island_175 rise edge)
                                                      5.714     5.714 r  
                                                      0.000     5.714 r  fft_clk (IN)
                         net (fo=4836, unset)         0.924     6.638    result_guard/fft_clk
    SLICE_X15Y1          FDCE                                         r  result_guard/input_count_reg[5]/C
                         clock pessimism              0.000     6.638    
                         clock uncertainty           -0.035     6.603    
    SLICE_X15Y1          FDCE (Setup_fdce_C_CE)      -0.205     6.398    result_guard/input_count_reg[5]
  -------------------------------------------------------------------
                         required time                          6.398    
                         arrival time                          -7.588    
  -------------------------------------------------------------------
                         slack                                 -1.190    

Slack (VIOLATED) :        -1.190ns  (required time - arrival time)
  Source:                 product_bank/metadata_out_hold_reg[57]/C
                            (rising edge-triggered cell FDRE clocked by island_175  {rise@0.000ns fall@2.857ns period=5.714ns})
  Destination:            result_guard/input_count_reg[6]/CE
                            (rising edge-triggered cell FDCE clocked by island_175  {rise@0.000ns fall@2.857ns period=5.714ns})
  Path Group:             island_175
  Path Type:              Setup (Max at Slow Process Corner)
  Requirement:            5.714ns  (island_175 rise@5.714ns - island_175 rise@0.000ns)
  Data Path Delay:        6.615ns  (logic 1.462ns (22.102%)  route 5.153ns (77.898%))
  Logic Levels:           7  (LUT3=2 LUT4=1 LUT5=2 LUT6=2)
  Clock Path Skew:        -0.049ns (DCD - SCD + CPR)
    Destination Clock Delay (DCD):    0.924ns = ( 6.638 - 5.714 ) 
    Source Clock Delay      (SCD):    0.973ns
    Clock Pessimism Removal (CPR):    0.000ns
  Clock Uncertainty:      0.035ns  ((TSJ^2 + TIJ^2)^1/2 + DJ) / 2 + PE
    Total System Jitter     (TSJ):    0.071ns
    Total Input Jitter      (TIJ):    0.000ns
    Discrete Jitter          (DJ):    0.000ns
    Phase Error              (PE):    0.000ns

    Location             Delay type                Incr(ns)  Path(ns)    Netlist Resource(s)
  -------------------------------------------------------------------    -------------------
                         (clock island_175 rise edge)
                                                      0.000     0.000 r  
                                                      0.000     0.000 r  fft_clk (IN)
                         net (fo=4836, unset)         0.973     0.973    product_bank/fft_clk
    SLICE_X21Y12         FDRE                                         r  product_bank/metadata_out_hold_reg[57]/C
  -------------------------------------------------------------------    -------------------
    SLICE_X21Y12         FDRE (Prop_fdre_C_Q)         0.419     1.392 r  product_bank/metadata_out_hold_reg[57]/Q
                         net (fo=3, routed)           0.894     2.286    product_bank/metadata_out_hold_reg[68]_0[52]
    SLICE_X21Y12         LUT3 (Prop_lut3_I0_O)        0.299     2.585 r  product_bank/balanced_identity.leaf_equal_inferred_i_34/O
                         net (fo=2, routed)           0.692     3.276    input_guard/balanced_identity.group_equal_orig0_inferred__2/i__9
    SLICE_X21Y11         LUT6 (Prop_lut6_I1_O)        0.124     3.400 r  input_guard/balanced_identity.leaf_equal_inferred_i_5/O
                         net (fo=1, routed)           1.014     4.414    input_guard/balanced_identity.leaf_equal[19]
    SLICE_X18Y5          LUT6 (Prop_lut6_I0_O)        0.124     4.538 r  input_guard/balanced_identity.group_equal_orig0_inferred__2/i_/O
                         net (fo=1, routed)           0.636     5.175    input_guard/balanced_identity.group_equal[3]
    SLICE_X18Y3          LUT5 (Prop_lut5_I4_O)        0.124     5.299 f  input_guard/shared_xfft_i_48/O
                         net (fo=2, routed)           0.403     5.702    input_guard/shared_xfft_i_48_n_0
    SLICE_X19Y2          LUT5 (Prop_lut5_I3_O)        0.124     5.826 f  input_guard/shared_xfft_i_45/O
                         net (fo=8, routed)           0.546     6.372    input_guard/shared_xfft_i_45_n_0
    SLICE_X18Y2          LUT4 (Prop_lut4_I0_O)        0.124     6.496 r  input_guard/fault_reasons[2]_i_4/O
                         net (fo=8, routed)           0.599     7.095    result_guard/input_started
    SLICE_X17Y0          LUT3 (Prop_lut3_I2_O)        0.124     7.219 r  result_guard/input_count[9]_i_1_comp/O
                         net (fo=10, routed)          0.369     7.588    result_guard/input_count[9]_i_1_n_0
    SLICE_X15Y1          FDCE                                         r  result_guard/input_count_reg[6]/CE
  -------------------------------------------------------------------    -------------------

                         (clock island_175 rise edge)
                                                      5.714     5.714 r  
                                                      0.000     5.714 r  fft_clk (IN)
                         net (fo=4836, unset)         0.924     6.638    result_guard/fft_clk
    SLICE_X15Y1          FDCE                                         r  result_guard/input_count_reg[6]/C
                         clock pessimism              0.000     6.638    
                         clock uncertainty           -0.035     6.603    
    SLICE_X15Y1          FDCE (Setup_fdce_C_CE)      -0.205     6.398    result_guard/input_count_reg[6]
  -------------------------------------------------------------------
                         required time                          6.398    
                         arrival time                          -7.588    
  -------------------------------------------------------------------
                         slack                                 -1.190    

Slack (VIOLATED) :        -1.190ns  (required time - arrival time)
  Source:                 product_bank/metadata_out_hold_reg[57]/C
                            (rising edge-triggered cell FDRE clocked by island_175  {rise@0.000ns fall@2.857ns period=5.714ns})
  Destination:            result_guard/input_count_reg[7]/CE
                            (rising edge-triggered cell FDCE clocked by island_175  {rise@0.000ns fall@2.857ns period=5.714ns})
  Path Group:             island_175
  Path Type:              Setup (Max at Slow Process Corner)
  Requirement:            5.714ns  (island_175 rise@5.714ns - island_175 rise@0.000ns)
  Data Path Delay:        6.615ns  (logic 1.462ns (22.102%)  route 5.153ns (77.898%))
  Logic Levels:           7  (LUT3=2 LUT4=1 LUT5=2 LUT6=2)
  Clock Path Skew:        -0.049ns (DCD - SCD + CPR)
    Destination Clock Delay (DCD):    0.924ns = ( 6.638 - 5.714 ) 
    Source Clock Delay      (SCD):    0.973ns
    Clock Pessimism Removal (CPR):    0.000ns
  Clock Uncertainty:      0.035ns  ((TSJ^2 + TIJ^2)^1/2 + DJ) / 2 + PE
    Total System Jitter     (TSJ):    0.071ns
    Total Input Jitter      (TIJ):    0.000ns
    Discrete Jitter          (DJ):    0.000ns
    Phase Error              (PE):    0.000ns

    Location             Delay type                Incr(ns)  Path(ns)    Netlist Resource(s)
  -------------------------------------------------------------------    -------------------
                         (clock island_175 rise edge)
                                                      0.000     0.000 r  
                                                      0.000     0.000 r  fft_clk (IN)
                         net (fo=4836, unset)         0.973     0.973    product_bank/fft_clk
    SLICE_X21Y12         FDRE                                         r  product_bank/metadata_out_hold_reg[57]/C
  -------------------------------------------------------------------    -------------------
    SLICE_X21Y12         FDRE (Prop_fdre_C_Q)         0.419     1.392 r  product_bank/metadata_out_hold_reg[57]/Q
                         net (fo=3, routed)           0.894     2.286    product_bank/metadata_out_hold_reg[68]_0[52]
    SLICE_X21Y12         LUT3 (Prop_lut3_I0_O)        0.299     2.585 r  product_bank/balanced_identity.leaf_equal_inferred_i_34/O
                         net (fo=2, routed)           0.692     3.276    input_guard/balanced_identity.group_equal_orig0_inferred__2/i__9
    SLICE_X21Y11         LUT6 (Prop_lut6_I1_O)        0.124     3.400 r  input_guard/balanced_identity.leaf_equal_inferred_i_5/O
                         net (fo=1, routed)           1.014     4.414    input_guard/balanced_identity.leaf_equal[19]
    SLICE_X18Y5          LUT6 (Prop_lut6_I0_O)        0.124     4.538 r  input_guard/balanced_identity.group_equal_orig0_inferred__2/i_/O
                         net (fo=1, routed)           0.636     5.175    input_guard/balanced_identity.group_equal[3]
    SLICE_X18Y3          LUT5 (Prop_lut5_I4_O)        0.124     5.299 f  input_guard/shared_xfft_i_48/O
                         net (fo=2, routed)           0.403     5.702    input_guard/shared_xfft_i_48_n_0
    SLICE_X19Y2          LUT5 (Prop_lut5_I3_O)        0.124     5.826 f  input_guard/shared_xfft_i_45/O
                         net (fo=8, routed)           0.546     6.372    input_guard/shared_xfft_i_45_n_0
    SLICE_X18Y2          LUT4 (Prop_lut4_I0_O)        0.124     6.496 r  input_guard/fault_reasons[2]_i_4/O
                         net (fo=8, routed)           0.599     7.095    result_guard/input_started
    SLICE_X17Y0          LUT3 (Prop_lut3_I2_O)        0.124     7.219 r  result_guard/input_count[9]_i_1_comp/O
                         net (fo=10, routed)          0.369     7.588    result_guard/input_count[9]_i_1_n_0
    SLICE_X15Y1          FDCE                                         r  result_guard/input_count_reg[7]/CE
  -------------------------------------------------------------------    -------------------

                         (clock island_175 rise edge)
                                                      5.714     5.714 r  
                                                      0.000     5.714 r  fft_clk (IN)
                         net (fo=4836, unset)         0.924     6.638    result_guard/fft_clk
    SLICE_X15Y1          FDCE                                         r  result_guard/input_count_reg[7]/C
                         clock pessimism              0.000     6.638    
                         clock uncertainty           -0.035     6.603    
    SLICE_X15Y1          FDCE (Setup_fdce_C_CE)      -0.205     6.398    result_guard/input_count_reg[7]
  -------------------------------------------------------------------
                         required time                          6.398    
                         arrival time                          -7.588    
  -------------------------------------------------------------------
                         slack                                 -1.190    

Slack (VIOLATED) :        -1.190ns  (required time - arrival time)
  Source:                 product_bank/metadata_out_hold_reg[57]/C
                            (rising edge-triggered cell FDRE clocked by island_175  {rise@0.000ns fall@2.857ns period=5.714ns})
  Destination:            result_guard/input_count_reg[1]/D
                            (rising edge-triggered cell FDCE clocked by island_175  {rise@0.000ns fall@2.857ns period=5.714ns})
  Path Group:             island_175
  Path Type:              Setup (Max at Slow Process Corner)
  Requirement:            5.714ns  (island_175 rise@5.714ns - island_175 rise@0.000ns)
  Data Path Delay:        6.849ns  (logic 1.586ns (23.158%)  route 5.263ns (76.842%))
  Logic Levels:           8  (LUT2=1 LUT3=2 LUT4=1 LUT5=2 LUT6=2)
  Clock Path Skew:        -0.049ns (DCD - SCD + CPR)
    Destination Clock Delay (DCD):    0.924ns = ( 6.638 - 5.714 ) 
    Source Clock Delay      (SCD):    0.973ns
    Clock Pessimism Removal (CPR):    0.000ns
  Clock Uncertainty:      0.035ns  ((TSJ^2 + TIJ^2)^1/2 + DJ) / 2 + PE
    Total System Jitter     (TSJ):    0.071ns
    Total Input Jitter      (TIJ):    0.000ns
    Discrete Jitter          (DJ):    0.000ns
    Phase Error              (PE):    0.000ns

    Location             Delay type                Incr(ns)  Path(ns)    Netlist Resource(s)
  -------------------------------------------------------------------    -------------------
                         (clock island_175 rise edge)
                                                      0.000     0.000 r  
                                                      0.000     0.000 r  fft_clk (IN)
                         net (fo=4836, unset)         0.973     0.973    product_bank/fft_clk
    SLICE_X21Y12         FDRE                                         r  product_bank/metadata_out_hold_reg[57]/C
  -------------------------------------------------------------------    -------------------
    SLICE_X21Y12         FDRE (Prop_fdre_C_Q)         0.419     1.392 r  product_bank/metadata_out_hold_reg[57]/Q
                         net (fo=3, routed)           0.894     2.286    product_bank/metadata_out_hold_reg[68]_0[52]
    SLICE_X21Y12         LUT3 (Prop_lut3_I0_O)        0.299     2.585 r  product_bank/balanced_identity.leaf_equal_inferred_i_34/O
                         net (fo=2, routed)           0.692     3.276    input_guard/balanced_identity.group_equal_orig0_inferred__2/i__9
    SLICE_X21Y11         LUT6 (Prop_lut6_I1_O)        0.124     3.400 r  input_guard/balanced_identity.leaf_equal_inferred_i_5/O
                         net (fo=1, routed)           1.014     4.414    input_guard/balanced_identity.leaf_equal[19]
    SLICE_X18Y5          LUT6 (Prop_lut6_I0_O)        0.124     4.538 r  input_guard/balanced_identity.group_equal_orig0_inferred__2/i_/O
                         net (fo=1, routed)           0.636     5.175    input_guard/balanced_identity.group_equal[3]
    SLICE_X18Y3          LUT5 (Prop_lut5_I4_O)        0.124     5.299 f  input_guard/shared_xfft_i_48/O
                         net (fo=2, routed)           0.403     5.702    input_guard/shared_xfft_i_48_n_0
    SLICE_X19Y2          LUT5 (Prop_lut5_I3_O)        0.124     5.826 f  input_guard/shared_xfft_i_45/O
                         net (fo=8, routed)           0.546     6.372    input_guard/shared_xfft_i_45_n_0
    SLICE_X18Y2          LUT4 (Prop_lut4_I0_O)        0.124     6.496 r  input_guard/fault_reasons[2]_i_4/O
                         net (fo=8, routed)           0.466     6.962    input_guard/input_started
    SLICE_X17Y1          LUT2 (Prop_lut2_I0_O)        0.124     7.086 r  input_guard/input_count[9]_i_3/O
                         net (fo=10, routed)          0.611     7.698    result_guard/input_count_reg[0]_0
    SLICE_X15Y0          LUT3 (Prop_lut3_I0_O)        0.124     7.822 r  result_guard/input_count[1]_i_1/O
                         net (fo=1, routed)           0.000     7.822    result_guard/input_count[1]_i_1_n_0
    SLICE_X15Y0          FDCE                                         r  result_guard/input_count_reg[1]/D
  -------------------------------------------------------------------    -------------------

                         (clock island_175 rise edge)
                                                      5.714     5.714 r  
                                                      0.000     5.714 r  fft_clk (IN)
                         net (fo=4836, unset)         0.924     6.638    result_guard/fft_clk
    SLICE_X15Y0          FDCE                                         r  result_guard/input_count_reg[1]/C
                         clock pessimism              0.000     6.638    
                         clock uncertainty           -0.035     6.603    
    SLICE_X15Y0          FDCE (Setup_fdce_C_D)        0.029     6.632    result_guard/input_count_reg[1]
  -------------------------------------------------------------------
                         required time                          6.632    
                         arrival time                          -7.822    
  -------------------------------------------------------------------
                         slack                                 -1.190    

Slack (VIOLATED) :        -1.176ns  (required time - arrival time)
  Source:                 product_bank/metadata_out_hold_reg[57]/C
                            (rising edge-triggered cell FDRE clocked by island_175  {rise@0.000ns fall@2.857ns period=5.714ns})
  Destination:            result_guard/input_count_reg[6]/D
                            (rising edge-triggered cell FDCE clocked by island_175  {rise@0.000ns fall@2.857ns period=5.714ns})
  Path Group:             island_175
  Path Type:              Setup (Max at Slow Process Corner)
  Requirement:            5.714ns  (island_175 rise@5.714ns - island_175 rise@0.000ns)
  Data Path Delay:        6.835ns  (logic 1.586ns (23.204%)  route 5.249ns (76.796%))
  Logic Levels:           8  (LUT2=1 LUT3=2 LUT4=1 LUT5=2 LUT6=2)
  Clock Path Skew:        -0.049ns (DCD - SCD + CPR)
    Destination Clock Delay (DCD):    0.924ns = ( 6.638 - 5.714 ) 
    Source Clock Delay      (SCD):    0.973ns
    Clock Pessimism Removal (CPR):    0.000ns
  Clock Uncertainty:      0.035ns  ((TSJ^2 + TIJ^2)^1/2 + DJ) / 2 + PE
    Total System Jitter     (TSJ):    0.071ns
    Total Input Jitter      (TIJ):    0.000ns
    Discrete Jitter          (DJ):    0.000ns
    Phase Error              (PE):    0.000ns

    Location             Delay type                Incr(ns)  Path(ns)    Netlist Resource(s)
  -------------------------------------------------------------------    -------------------
                         (clock island_175 rise edge)
                                                      0.000     0.000 r  
                                                      0.000     0.000 r  fft_clk (IN)
                         net (fo=4836, unset)         0.973     0.973    product_bank/fft_clk
    SLICE_X21Y12         FDRE                                         r  product_bank/metadata_out_hold_reg[57]/C
  -------------------------------------------------------------------    -------------------
    SLICE_X21Y12         FDRE (Prop_fdre_C_Q)         0.419     1.392 r  product_bank/metadata_out_hold_reg[57]/Q
                         net (fo=3, routed)           0.894     2.286    product_bank/metadata_out_hold_reg[68]_0[52]
    SLICE_X21Y12         LUT3 (Prop_lut3_I0_O)        0.299     2.585 r  product_bank/balanced_identity.leaf_equal_inferred_i_34/O
                         net (fo=2, routed)           0.692     3.276    input_guard/balanced_identity.group_equal_orig0_inferred__2/i__9
    SLICE_X21Y11         LUT6 (Prop_lut6_I1_O)        0.124     3.400 r  input_guard/balanced_identity.leaf_equal_inferred_i_5/O
                         net (fo=1, routed)           1.014     4.414    input_guard/balanced_identity.leaf_equal[19]
    SLICE_X18Y5          LUT6 (Prop_lut6_I0_O)        0.124     4.538 r  input_guard/balanced_identity.group_equal_orig0_inferred__2/i_/O
                         net (fo=1, routed)           0.636     5.175    input_guard/balanced_identity.group_equal[3]
    SLICE_X18Y3          LUT5 (Prop_lut5_I4_O)        0.124     5.299 f  input_guard/shared_xfft_i_48/O
                         net (fo=2, routed)           0.403     5.702    input_guard/shared_xfft_i_48_n_0
    SLICE_X19Y2          LUT5 (Prop_lut5_I3_O)        0.124     5.826 f  input_guard/shared_xfft_i_45/O
                         net (fo=8, routed)           0.546     6.372    input_guard/shared_xfft_i_45_n_0
    SLICE_X18Y2          LUT4 (Prop_lut4_I0_O)        0.124     6.496 r  input_guard/fault_reasons[2]_i_4/O
                         net (fo=8, routed)           0.466     6.962    input_guard/input_started
    SLICE_X17Y1          LUT2 (Prop_lut2_I0_O)        0.124     7.086 r  input_guard/input_count[9]_i_3/O
                         net (fo=10, routed)          0.597     7.684    result_guard/input_count_reg[0]_0
    SLICE_X15Y1          LUT3 (Prop_lut3_I0_O)        0.124     7.808 r  result_guard/input_count[6]_i_1/O
                         net (fo=1, routed)           0.000     7.808    result_guard/input_count[6]_i_1_n_0
    SLICE_X15Y1          FDCE                                         r  result_guard/input_count_reg[6]/D
  -------------------------------------------------------------------    -------------------

                         (clock island_175 rise edge)
                                                      5.714     5.714 r  
                                                      0.000     5.714 r  fft_clk (IN)
                         net (fo=4836, unset)         0.924     6.638    result_guard/fft_clk
    SLICE_X15Y1          FDCE                                         r  result_guard/input_count_reg[6]/C
                         clock pessimism              0.000     6.638    
                         clock uncertainty           -0.035     6.603    
    SLICE_X15Y1          FDCE (Setup_fdce_C_D)        0.029     6.632    result_guard/input_count_reg[6]
  -------------------------------------------------------------------
                         required time                          6.632    
                         arrival time                          -7.808    
  -------------------------------------------------------------------
                         slack                                 -1.176    

Slack (VIOLATED) :        -1.172ns  (required time - arrival time)
  Source:                 product_bank/metadata_out_hold_reg[57]/C
                            (rising edge-triggered cell FDRE clocked by island_175  {rise@0.000ns fall@2.857ns period=5.714ns})
  Destination:            result_guard/input_count_reg[1]/CE
                            (rising edge-triggered cell FDCE clocked by island_175  {rise@0.000ns fall@2.857ns period=5.714ns})
  Path Group:             island_175
  Path Type:              Setup (Max at Slow Process Corner)
  Requirement:            5.714ns  (island_175 rise@5.714ns - island_175 rise@0.000ns)
  Data Path Delay:        6.597ns  (logic 1.462ns (22.161%)  route 5.135ns (77.839%))
  Logic Levels:           7  (LUT3=2 LUT4=1 LUT5=2 LUT6=2)
  Clock Path Skew:        -0.049ns (DCD - SCD + CPR)
    Destination Clock Delay (DCD):    0.924ns = ( 6.638 - 5.714 ) 
    Source Clock Delay      (SCD):    0.973ns
    Clock Pessimism Removal (CPR):    0.000ns
  Clock Uncertainty:      0.035ns  ((TSJ^2 + TIJ^2)^1/2 + DJ) / 2 + PE
    Total System Jitter     (TSJ):    0.071ns
    Total Input Jitter      (TIJ):    0.000ns
    Discrete Jitter          (DJ):    0.000ns
    Phase Error              (PE):    0.000ns

    Location             Delay type                Incr(ns)  Path(ns)    Netlist Resource(s)
  -------------------------------------------------------------------    -------------------
                         (clock island_175 rise edge)
                                                      0.000     0.000 r  
                                                      0.000     0.000 r  fft_clk (IN)
                         net (fo=4836, unset)         0.973     0.973    product_bank/fft_clk
    SLICE_X21Y12         FDRE                                         r  product_bank/metadata_out_hold_reg[57]/C
  -------------------------------------------------------------------    -------------------
    SLICE_X21Y12         FDRE (Prop_fdre_C_Q)         0.419     1.392 r  product_bank/metadata_out_hold_reg[57]/Q
                         net (fo=3, routed)           0.894     2.286    product_bank/metadata_out_hold_reg[68]_0[52]
    SLICE_X21Y12         LUT3 (Prop_lut3_I0_O)        0.299     2.585 r  product_bank/balanced_identity.leaf_equal_inferred_i_34/O
                         net (fo=2, routed)           0.692     3.276    input_guard/balanced_identity.group_equal_orig0_inferred__2/i__9
    SLICE_X21Y11         LUT6 (Prop_lut6_I1_O)        0.124     3.400 r  input_guard/balanced_identity.leaf_equal_inferred_i_5/O
                         net (fo=1, routed)           1.014     4.414    input_guard/balanced_identity.leaf_equal[19]
    SLICE_X18Y5          LUT6 (Prop_lut6_I0_O)        0.124     4.538 r  input_guard/balanced_identity.group_equal_orig0_inferred__2/i_/O
                         net (fo=1, routed)           0.636     5.175    input_guard/balanced_identity.group_equal[3]
    SLICE_X18Y3          LUT5 (Prop_lut5_I4_O)        0.124     5.299 f  input_guard/shared_xfft_i_48/O
                         net (fo=2, routed)           0.403     5.702    input_guard/shared_xfft_i_48_n_0
    SLICE_X19Y2          LUT5 (Prop_lut5_I3_O)        0.124     5.826 f  input_guard/shared_xfft_i_45/O
                         net (fo=8, routed)           0.546     6.372    input_guard/shared_xfft_i_45_n_0
    SLICE_X18Y2          LUT4 (Prop_lut4_I0_O)        0.124     6.496 r  input_guard/fault_reasons[2]_i_4/O
                         net (fo=8, routed)           0.599     7.095    result_guard/input_started
    SLICE_X17Y0          LUT3 (Prop_lut3_I2_O)        0.124     7.219 r  result_guard/input_count[9]_i_1_comp/O
                         net (fo=10, routed)          0.351     7.570    result_guard/input_count[9]_i_1_n_0
    SLICE_X15Y0          FDCE                                         r  result_guard/input_count_reg[1]/CE
  -------------------------------------------------------------------    -------------------

                         (clock island_175 rise edge)
                                                      5.714     5.714 r  
                                                      0.000     5.714 r  fft_clk (IN)
                         net (fo=4836, unset)         0.924     6.638    result_guard/fft_clk
    SLICE_X15Y0          FDCE                                         r  result_guard/input_count_reg[1]/C
                         clock pessimism              0.000     6.638    
                         clock uncertainty           -0.035     6.603    
    SLICE_X15Y0          FDCE (Setup_fdce_C_CE)      -0.205     6.398    result_guard/input_count_reg[1]
  -------------------------------------------------------------------
                         required time                          6.398    
                         arrival time                          -7.570    
  -------------------------------------------------------------------
                         slack                                 -1.172    

Slack (VIOLATED) :        -1.172ns  (required time - arrival time)
  Source:                 product_bank/metadata_out_hold_reg[57]/C
                            (rising edge-triggered cell FDRE clocked by island_175  {rise@0.000ns fall@2.857ns period=5.714ns})
  Destination:            result_guard/input_count_reg[2]/CE
                            (rising edge-triggered cell FDCE clocked by island_175  {rise@0.000ns fall@2.857ns period=5.714ns})
  Path Group:             island_175
  Path Type:              Setup (Max at Slow Process Corner)
  Requirement:            5.714ns  (island_175 rise@5.714ns - island_175 rise@0.000ns)
  Data Path Delay:        6.597ns  (logic 1.462ns (22.161%)  route 5.135ns (77.839%))
  Logic Levels:           7  (LUT3=2 LUT4=1 LUT5=2 LUT6=2)
  Clock Path Skew:        -0.049ns (DCD - SCD + CPR)
    Destination Clock Delay (DCD):    0.924ns = ( 6.638 - 5.714 ) 
    Source Clock Delay      (SCD):    0.973ns
    Clock Pessimism Removal (CPR):    0.000ns
  Clock Uncertainty:      0.035ns  ((TSJ^2 + TIJ^2)^1/2 + DJ) / 2 + PE
    Total System Jitter     (TSJ):    0.071ns
    Total Input Jitter      (TIJ):    0.000ns
    Discrete Jitter          (DJ):    0.000ns
    Phase Error              (PE):    0.000ns

    Location             Delay type                Incr(ns)  Path(ns)    Netlist Resource(s)
  -------------------------------------------------------------------    -------------------
                         (clock island_175 rise edge)
                                                      0.000     0.000 r  
                                                      0.000     0.000 r  fft_clk (IN)
                         net (fo=4836, unset)         0.973     0.973    product_bank/fft_clk
    SLICE_X21Y12         FDRE                                         r  product_bank/metadata_out_hold_reg[57]/C
  -------------------------------------------------------------------    -------------------
    SLICE_X21Y12         FDRE (Prop_fdre_C_Q)         0.419     1.392 r  product_bank/metadata_out_hold_reg[57]/Q
                         net (fo=3, routed)           0.894     2.286    product_bank/metadata_out_hold_reg[68]_0[52]
    SLICE_X21Y12         LUT3 (Prop_lut3_I0_O)        0.299     2.585 r  product_bank/balanced_identity.leaf_equal_inferred_i_34/O
                         net (fo=2, routed)           0.692     3.276    input_guard/balanced_identity.group_equal_orig0_inferred__2/i__9
    SLICE_X21Y11         LUT6 (Prop_lut6_I1_O)        0.124     3.400 r  input_guard/balanced_identity.leaf_equal_inferred_i_5/O
                         net (fo=1, routed)           1.014     4.414    input_guard/balanced_identity.leaf_equal[19]
    SLICE_X18Y5          LUT6 (Prop_lut6_I0_O)        0.124     4.538 r  input_guard/balanced_identity.group_equal_orig0_inferred__2/i_/O
                         net (fo=1, routed)           0.636     5.175    input_guard/balanced_identity.group_equal[3]
    SLICE_X18Y3          LUT5 (Prop_lut5_I4_O)        0.124     5.299 f  input_guard/shared_xfft_i_48/O
                         net (fo=2, routed)           0.403     5.702    input_guard/shared_xfft_i_48_n_0
    SLICE_X19Y2          LUT5 (Prop_lut5_I3_O)        0.124     5.826 f  input_guard/shared_xfft_i_45/O
                         net (fo=8, routed)           0.546     6.372    input_guard/shared_xfft_i_45_n_0
    SLICE_X18Y2          LUT4 (Prop_lut4_I0_O)        0.124     6.496 r  input_guard/fault_reasons[2]_i_4/O
                         net (fo=8, routed)           0.599     7.095    result_guard/input_started
    SLICE_X17Y0          LUT3 (Prop_lut3_I2_O)        0.124     7.219 r  result_guard/input_count[9]_i_1_comp/O
                         net (fo=10, routed)          0.351     7.570    result_guard/input_count[9]_i_1_n_0
    SLICE_X15Y0          FDCE                                         r  result_guard/input_count_reg[2]/CE
  -------------------------------------------------------------------    -------------------

                         (clock island_175 rise edge)
                                                      5.714     5.714 r  
                                                      0.000     5.714 r  fft_clk (IN)
                         net (fo=4836, unset)         0.924     6.638    result_guard/fft_clk
    SLICE_X15Y0          FDCE                                         r  result_guard/input_count_reg[2]/C
                         clock pessimism              0.000     6.638    
                         clock uncertainty           -0.035     6.603    
    SLICE_X15Y0          FDCE (Setup_fdce_C_CE)      -0.205     6.398    result_guard/input_count_reg[2]
  -------------------------------------------------------------------
                         required time                          6.398    
                         arrival time                          -7.570    
  -------------------------------------------------------------------
                         slack                                 -1.172    

Slack (VIOLATED) :        -1.172ns  (required time - arrival time)
  Source:                 product_bank/metadata_out_hold_reg[57]/C
                            (rising edge-triggered cell FDRE clocked by island_175  {rise@0.000ns fall@2.857ns period=5.714ns})
  Destination:            result_guard/input_count_reg[3]/CE
                            (rising edge-triggered cell FDCE clocked by island_175  {rise@0.000ns fall@2.857ns period=5.714ns})
  Path Group:             island_175
  Path Type:              Setup (Max at Slow Process Corner)
  Requirement:            5.714ns  (island_175 rise@5.714ns - island_175 rise@0.000ns)
  Data Path Delay:        6.597ns  (logic 1.462ns (22.161%)  route 5.135ns (77.839%))
  Logic Levels:           7  (LUT3=2 LUT4=1 LUT5=2 LUT6=2)
  Clock Path Skew:        -0.049ns (DCD - SCD + CPR)
    Destination Clock Delay (DCD):    0.924ns = ( 6.638 - 5.714 ) 
    Source Clock Delay      (SCD):    0.973ns
    Clock Pessimism Removal (CPR):    0.000ns
  Clock Uncertainty:      0.035ns  ((TSJ^2 + TIJ^2)^1/2 + DJ) / 2 + PE
    Total System Jitter     (TSJ):    0.071ns
    Total Input Jitter      (TIJ):    0.000ns
    Discrete Jitter          (DJ):    0.000ns
    Phase Error              (PE):    0.000ns

    Location             Delay type                Incr(ns)  Path(ns)    Netlist Resource(s)
  -------------------------------------------------------------------    -------------------
                         (clock island_175 rise edge)
                                                      0.000     0.000 r  
                                                      0.000     0.000 r  fft_clk (IN)
                         net (fo=4836, unset)         0.973     0.973    product_bank/fft_clk
    SLICE_X21Y12         FDRE                                         r  product_bank/metadata_out_hold_reg[57]/C
  -------------------------------------------------------------------    -------------------
    SLICE_X21Y12         FDRE (Prop_fdre_C_Q)         0.419     1.392 r  product_bank/metadata_out_hold_reg[57]/Q
                         net (fo=3, routed)           0.894     2.286    product_bank/metadata_out_hold_reg[68]_0[52]
    SLICE_X21Y12         LUT3 (Prop_lut3_I0_O)        0.299     2.585 r  product_bank/balanced_identity.leaf_equal_inferred_i_34/O
                         net (fo=2, routed)           0.692     3.276    input_guard/balanced_identity.group_equal_orig0_inferred__2/i__9
    SLICE_X21Y11         LUT6 (Prop_lut6_I1_O)        0.124     3.400 r  input_guard/balanced_identity.leaf_equal_inferred_i_5/O
                         net (fo=1, routed)           1.014     4.414    input_guard/balanced_identity.leaf_equal[19]
    SLICE_X18Y5          LUT6 (Prop_lut6_I0_O)        0.124     4.538 r  input_guard/balanced_identity.group_equal_orig0_inferred__2/i_/O
                         net (fo=1, routed)           0.636     5.175    input_guard/balanced_identity.group_equal[3]
    SLICE_X18Y3          LUT5 (Prop_lut5_I4_O)        0.124     5.299 f  input_guard/shared_xfft_i_48/O
                         net (fo=2, routed)           0.403     5.702    input_guard/shared_xfft_i_48_n_0
    SLICE_X19Y2          LUT5 (Prop_lut5_I3_O)        0.124     5.826 f  input_guard/shared_xfft_i_45/O
                         net (fo=8, routed)           0.546     6.372    input_guard/shared_xfft_i_45_n_0
    SLICE_X18Y2          LUT4 (Prop_lut4_I0_O)        0.124     6.496 r  input_guard/fault_reasons[2]_i_4/O
                         net (fo=8, routed)           0.599     7.095    result_guard/input_started
    SLICE_X17Y0          LUT3 (Prop_lut3_I2_O)        0.124     7.219 r  result_guard/input_count[9]_i_1_comp/O
                         net (fo=10, routed)          0.351     7.570    result_guard/input_count[9]_i_1_n_0
    SLICE_X15Y0          FDCE                                         r  result_guard/input_count_reg[3]/CE
  -------------------------------------------------------------------    -------------------

                         (clock island_175 rise edge)
                                                      5.714     5.714 r  
                                                      0.000     5.714 r  fft_clk (IN)
                         net (fo=4836, unset)         0.924     6.638    result_guard/fft_clk
    SLICE_X15Y0          FDCE                                         r  result_guard/input_count_reg[3]/C
                         clock pessimism              0.000     6.638    
                         clock uncertainty           -0.035     6.603    
    SLICE_X15Y0          FDCE (Setup_fdce_C_CE)      -0.205     6.398    result_guard/input_count_reg[3]
  -------------------------------------------------------------------
                         required time                          6.398    
                         arrival time                          -7.570    
  -------------------------------------------------------------------
                         slack                                 -1.172    

Slack (VIOLATED) :        -1.172ns  (required time - arrival time)
  Source:                 product_bank/metadata_out_hold_reg[57]/C
                            (rising edge-triggered cell FDRE clocked by island_175  {rise@0.000ns fall@2.857ns period=5.714ns})
  Destination:            result_guard/input_count_reg[4]/CE
                            (rising edge-triggered cell FDCE clocked by island_175  {rise@0.000ns fall@2.857ns period=5.714ns})
  Path Group:             island_175
  Path Type:              Setup (Max at Slow Process Corner)
  Requirement:            5.714ns  (island_175 rise@5.714ns - island_175 rise@0.000ns)
  Data Path Delay:        6.597ns  (logic 1.462ns (22.161%)  route 5.135ns (77.839%))
  Logic Levels:           7  (LUT3=2 LUT4=1 LUT5=2 LUT6=2)
  Clock Path Skew:        -0.049ns (DCD - SCD + CPR)
    Destination Clock Delay (DCD):    0.924ns = ( 6.638 - 5.714 ) 
    Source Clock Delay      (SCD):    0.973ns
    Clock Pessimism Removal (CPR):    0.000ns
  Clock Uncertainty:      0.035ns  ((TSJ^2 + TIJ^2)^1/2 + DJ) / 2 + PE
    Total System Jitter     (TSJ):    0.071ns
    Total Input Jitter      (TIJ):    0.000ns
    Discrete Jitter          (DJ):    0.000ns
    Phase Error              (PE):    0.000ns

    Location             Delay type                Incr(ns)  Path(ns)    Netlist Resource(s)
  -------------------------------------------------------------------    -------------------
                         (clock island_175 rise edge)
                                                      0.000     0.000 r  
                                                      0.000     0.000 r  fft_clk (IN)
                         net (fo=4836, unset)         0.973     0.973    product_bank/fft_clk
    SLICE_X21Y12         FDRE                                         r  product_bank/metadata_out_hold_reg[57]/C
  -------------------------------------------------------------------    -------------------
    SLICE_X21Y12         FDRE (Prop_fdre_C_Q)         0.419     1.392 r  product_bank/metadata_out_hold_reg[57]/Q
                         net (fo=3, routed)           0.894     2.286    product_bank/metadata_out_hold_reg[68]_0[52]
    SLICE_X21Y12         LUT3 (Prop_lut3_I0_O)        0.299     2.585 r  product_bank/balanced_identity.leaf_equal_inferred_i_34/O
                         net (fo=2, routed)           0.692     3.276    input_guard/balanced_identity.group_equal_orig0_inferred__2/i__9
    SLICE_X21Y11         LUT6 (Prop_lut6_I1_O)        0.124     3.400 r  input_guard/balanced_identity.leaf_equal_inferred_i_5/O
                         net (fo=1, routed)           1.014     4.414    input_guard/balanced_identity.leaf_equal[19]
    SLICE_X18Y5          LUT6 (Prop_lut6_I0_O)        0.124     4.538 r  input_guard/balanced_identity.group_equal_orig0_inferred__2/i_/O
                         net (fo=1, routed)           0.636     5.175    input_guard/balanced_identity.group_equal[3]
    SLICE_X18Y3          LUT5 (Prop_lut5_I4_O)        0.124     5.299 f  input_guard/shared_xfft_i_48/O
                         net (fo=2, routed)           0.403     5.702    input_guard/shared_xfft_i_48_n_0
    SLICE_X19Y2          LUT5 (Prop_lut5_I3_O)        0.124     5.826 f  input_guard/shared_xfft_i_45/O
                         net (fo=8, routed)           0.546     6.372    input_guard/shared_xfft_i_45_n_0
    SLICE_X18Y2          LUT4 (Prop_lut4_I0_O)        0.124     6.496 r  input_guard/fault_reasons[2]_i_4/O
                         net (fo=8, routed)           0.599     7.095    result_guard/input_started
    SLICE_X17Y0          LUT3 (Prop_lut3_I2_O)        0.124     7.219 r  result_guard/input_count[9]_i_1_comp/O
                         net (fo=10, routed)          0.351     7.570    result_guard/input_count[9]_i_1_n_0
    SLICE_X15Y0          FDCE                                         r  result_guard/input_count_reg[4]/CE
  -------------------------------------------------------------------    -------------------

                         (clock island_175 rise edge)
                                                      5.714     5.714 r  
                                                      0.000     5.714 r  fft_clk (IN)
                         net (fo=4836, unset)         0.924     6.638    result_guard/fft_clk
    SLICE_X15Y0          FDCE                                         r  result_guard/input_count_reg[4]/C
                         clock pessimism              0.000     6.638    
                         clock uncertainty           -0.035     6.603    
    SLICE_X15Y0          FDCE (Setup_fdce_C_CE)      -0.205     6.398    result_guard/input_count_reg[4]
  -------------------------------------------------------------------
                         required time                          6.398    
                         arrival time                          -7.570    
  -------------------------------------------------------------------
                         slack                                 -1.172    

Slack (VIOLATED) :        -1.172ns  (required time - arrival time)
  Source:                 product_bank/metadata_out_hold_reg[57]/C
                            (rising edge-triggered cell FDRE clocked by island_175  {rise@0.000ns fall@2.857ns period=5.714ns})
  Destination:            result_guard/input_count_reg[8]/CE
                            (rising edge-triggered cell FDCE clocked by island_175  {rise@0.000ns fall@2.857ns period=5.714ns})
  Path Group:             island_175
  Path Type:              Setup (Max at Slow Process Corner)
  Requirement:            5.714ns  (island_175 rise@5.714ns - island_175 rise@0.000ns)
  Data Path Delay:        6.597ns  (logic 1.462ns (22.161%)  route 5.135ns (77.839%))
  Logic Levels:           7  (LUT3=2 LUT4=1 LUT5=2 LUT6=2)
  Clock Path Skew:        -0.049ns (DCD - SCD + CPR)
    Destination Clock Delay (DCD):    0.924ns = ( 6.638 - 5.714 ) 
    Source Clock Delay      (SCD):    0.973ns
    Clock Pessimism Removal (CPR):    0.000ns
  Clock Uncertainty:      0.035ns  ((TSJ^2 + TIJ^2)^1/2 + DJ) / 2 + PE
    Total System Jitter     (TSJ):    0.071ns
    Total Input Jitter      (TIJ):    0.000ns
    Discrete Jitter          (DJ):    0.000ns
    Phase Error              (PE):    0.000ns

    Location             Delay type                Incr(ns)  Path(ns)    Netlist Resource(s)
  -------------------------------------------------------------------    -------------------
                         (clock island_175 rise edge)
                                                      0.000     0.000 r  
                                                      0.000     0.000 r  fft_clk (IN)
                         net (fo=4836, unset)         0.973     0.973    product_bank/fft_clk
    SLICE_X21Y12         FDRE                                         r  product_bank/metadata_out_hold_reg[57]/C
  -------------------------------------------------------------------    -------------------
    SLICE_X21Y12         FDRE (Prop_fdre_C_Q)         0.419     1.392 r  product_bank/metadata_out_hold_reg[57]/Q
                         net (fo=3, routed)           0.894     2.286    product_bank/metadata_out_hold_reg[68]_0[52]
    SLICE_X21Y12         LUT3 (Prop_lut3_I0_O)        0.299     2.585 r  product_bank/balanced_identity.leaf_equal_inferred_i_34/O
                         net (fo=2, routed)           0.692     3.276    input_guard/balanced_identity.group_equal_orig0_inferred__2/i__9
    SLICE_X21Y11         LUT6 (Prop_lut6_I1_O)        0.124     3.400 r  input_guard/balanced_identity.leaf_equal_inferred_i_5/O
                         net (fo=1, routed)           1.014     4.414    input_guard/balanced_identity.leaf_equal[19]
    SLICE_X18Y5          LUT6 (Prop_lut6_I0_O)        0.124     4.538 r  input_guard/balanced_identity.group_equal_orig0_inferred__2/i_/O
                         net (fo=1, routed)           0.636     5.175    input_guard/balanced_identity.group_equal[3]
    SLICE_X18Y3          LUT5 (Prop_lut5_I4_O)        0.124     5.299 f  input_guard/shared_xfft_i_48/O
                         net (fo=2, routed)           0.403     5.702    input_guard/shared_xfft_i_48_n_0
    SLICE_X19Y2          LUT5 (Prop_lut5_I3_O)        0.124     5.826 f  input_guard/shared_xfft_i_45/O
                         net (fo=8, routed)           0.546     6.372    input_guard/shared_xfft_i_45_n_0
    SLICE_X18Y2          LUT4 (Prop_lut4_I0_O)        0.124     6.496 r  input_guard/fault_reasons[2]_i_4/O
                         net (fo=8, routed)           0.599     7.095    result_guard/input_started
    SLICE_X17Y0          LUT3 (Prop_lut3_I2_O)        0.124     7.219 r  result_guard/input_count[9]_i_1_comp/O
                         net (fo=10, routed)          0.351     7.570    result_guard/input_count[9]_i_1_n_0
    SLICE_X15Y0          FDCE                                         r  result_guard/input_count_reg[8]/CE
  -------------------------------------------------------------------    -------------------

                         (clock island_175 rise edge)
                                                      5.714     5.714 r  
                                                      0.000     5.714 r  fft_clk (IN)
                         net (fo=4836, unset)         0.924     6.638    result_guard/fft_clk
    SLICE_X15Y0          FDCE                                         r  result_guard/input_count_reg[8]/C
                         clock pessimism              0.000     6.638    
                         clock uncertainty           -0.035     6.603    
    SLICE_X15Y0          FDCE (Setup_fdce_C_CE)      -0.205     6.398    result_guard/input_count_reg[8]
  -------------------------------------------------------------------
                         required time                          6.398    
                         arrival time                          -7.570    
  -------------------------------------------------------------------
                         slack                                 -1.172    

Slack (VIOLATED) :        -1.172ns  (required time - arrival time)
  Source:                 product_bank/metadata_out_hold_reg[57]/C
                            (rising edge-triggered cell FDRE clocked by island_175  {rise@0.000ns fall@2.857ns period=5.714ns})
  Destination:            result_guard/input_count_reg[9]/CE
                            (rising edge-triggered cell FDCE clocked by island_175  {rise@0.000ns fall@2.857ns period=5.714ns})
  Path Group:             island_175
  Path Type:              Setup (Max at Slow Process Corner)
  Requirement:            5.714ns  (island_175 rise@5.714ns - island_175 rise@0.000ns)
  Data Path Delay:        6.597ns  (logic 1.462ns (22.161%)  route 5.135ns (77.839%))
  Logic Levels:           7  (LUT3=2 LUT4=1 LUT5=2 LUT6=2)
  Clock Path Skew:        -0.049ns (DCD - SCD + CPR)
    Destination Clock Delay (DCD):    0.924ns = ( 6.638 - 5.714 ) 
    Source Clock Delay      (SCD):    0.973ns
    Clock Pessimism Removal (CPR):    0.000ns
  Clock Uncertainty:      0.035ns  ((TSJ^2 + TIJ^2)^1/2 + DJ) / 2 + PE
    Total System Jitter     (TSJ):    0.071ns
    Total Input Jitter      (TIJ):    0.000ns
    Discrete Jitter          (DJ):    0.000ns
    Phase Error              (PE):    0.000ns

    Location             Delay type                Incr(ns)  Path(ns)    Netlist Resource(s)
  -------------------------------------------------------------------    -------------------
                         (clock island_175 rise edge)
                                                      0.000     0.000 r  
                                                      0.000     0.000 r  fft_clk (IN)
                         net (fo=4836, unset)         0.973     0.973    product_bank/fft_clk
    SLICE_X21Y12         FDRE                                         r  product_bank/metadata_out_hold_reg[57]/C
  -------------------------------------------------------------------    -------------------
    SLICE_X21Y12         FDRE (Prop_fdre_C_Q)         0.419     1.392 r  product_bank/metadata_out_hold_reg[57]/Q
                         net (fo=3, routed)           0.894     2.286    product_bank/metadata_out_hold_reg[68]_0[52]
    SLICE_X21Y12         LUT3 (Prop_lut3_I0_O)        0.299     2.585 r  product_bank/balanced_identity.leaf_equal_inferred_i_34/O
                         net (fo=2, routed)           0.692     3.276    input_guard/balanced_identity.group_equal_orig0_inferred__2/i__9
    SLICE_X21Y11         LUT6 (Prop_lut6_I1_O)        0.124     3.400 r  input_guard/balanced_identity.leaf_equal_inferred_i_5/O
                         net (fo=1, routed)           1.014     4.414    input_guard/balanced_identity.leaf_equal[19]
    SLICE_X18Y5          LUT6 (Prop_lut6_I0_O)        0.124     4.538 r  input_guard/balanced_identity.group_equal_orig0_inferred__2/i_/O
                         net (fo=1, routed)           0.636     5.175    input_guard/balanced_identity.group_equal[3]
    SLICE_X18Y3          LUT5 (Prop_lut5_I4_O)        0.124     5.299 f  input_guard/shared_xfft_i_48/O
                         net (fo=2, routed)           0.403     5.702    input_guard/shared_xfft_i_48_n_0
    SLICE_X19Y2          LUT5 (Prop_lut5_I3_O)        0.124     5.826 f  input_guard/shared_xfft_i_45/O
                         net (fo=8, routed)           0.546     6.372    input_guard/shared_xfft_i_45_n_0
    SLICE_X18Y2          LUT4 (Prop_lut4_I0_O)        0.124     6.496 r  input_guard/fault_reasons[2]_i_4/O
                         net (fo=8, routed)           0.599     7.095    result_guard/input_started
    SLICE_X17Y0          LUT3 (Prop_lut3_I2_O)        0.124     7.219 r  result_guard/input_count[9]_i_1_comp/O
                         net (fo=10, routed)          0.351     7.570    result_guard/input_count[9]_i_1_n_0
    SLICE_X15Y0          FDCE                                         r  result_guard/input_count_reg[9]/CE
  -------------------------------------------------------------------    -------------------

                         (clock island_175 rise edge)
                                                      5.714     5.714 r  
                                                      0.000     5.714 r  fft_clk (IN)
                         net (fo=4836, unset)         0.924     6.638    result_guard/fft_clk
    SLICE_X15Y0          FDCE                                         r  result_guard/input_count_reg[9]/C
                         clock pessimism              0.000     6.638    
                         clock uncertainty           -0.035     6.603    
    SLICE_X15Y0          FDCE (Setup_fdce_C_CE)      -0.205     6.398    result_guard/input_count_reg[9]
  -------------------------------------------------------------------
                         required time                          6.398    
                         arrival time                          -7.570    
  -------------------------------------------------------------------
                         slack                                 -1.172    

Slack (VIOLATED) :        -1.170ns  (required time - arrival time)
  Source:                 product_bank/metadata_out_hold_reg[57]/C
                            (rising edge-triggered cell FDRE clocked by island_175  {rise@0.000ns fall@2.857ns period=5.714ns})
  Destination:            input_guard/descriptor_reg[32]/CE
                            (rising edge-triggered cell FDCE clocked by island_175  {rise@0.000ns fall@2.857ns period=5.714ns})
  Path Group:             island_175
  Path Type:              Setup (Max at Slow Process Corner)
  Requirement:            5.714ns  (island_175 rise@5.714ns - island_175 rise@0.000ns)
  Data Path Delay:        6.595ns  (logic 1.338ns (20.287%)  route 5.257ns (79.713%))
  Logic Levels:           6  (LUT3=1 LUT5=2 LUT6=3)
  Clock Path Skew:        -0.049ns (DCD - SCD + CPR)
    Destination Clock Delay (DCD):    0.924ns = ( 6.638 - 5.714 ) 
    Source Clock Delay      (SCD):    0.973ns
    Clock Pessimism Removal (CPR):    0.000ns
  Clock Uncertainty:      0.035ns  ((TSJ^2 + TIJ^2)^1/2 + DJ) / 2 + PE
    Total System Jitter     (TSJ):    0.071ns
    Total Input Jitter      (TIJ):    0.000ns
    Discrete Jitter          (DJ):    0.000ns
    Phase Error              (PE):    0.000ns

    Location             Delay type                Incr(ns)  Path(ns)    Netlist Resource(s)
  -------------------------------------------------------------------    -------------------
                         (clock island_175 rise edge)
                                                      0.000     0.000 r  
                                                      0.000     0.000 r  fft_clk (IN)
                         net (fo=4836, unset)         0.973     0.973    product_bank/fft_clk
    SLICE_X21Y12         FDRE                                         r  product_bank/metadata_out_hold_reg[57]/C
  -------------------------------------------------------------------    -------------------
    SLICE_X21Y12         FDRE (Prop_fdre_C_Q)         0.419     1.392 r  product_bank/metadata_out_hold_reg[57]/Q
                         net (fo=3, routed)           0.894     2.286    product_bank/metadata_out_hold_reg[68]_0[52]
    SLICE_X21Y12         LUT3 (Prop_lut3_I0_O)        0.299     2.585 r  product_bank/balanced_identity.leaf_equal_inferred_i_34/O
                         net (fo=2, routed)           0.692     3.276    input_guard/balanced_identity.group_equal_orig0_inferred__2/i__9
    SLICE_X21Y11         LUT6 (Prop_lut6_I1_O)        0.124     3.400 r  input_guard/balanced_identity.leaf_equal_inferred_i_5/O
                         net (fo=1, routed)           1.014     4.414    input_guard/balanced_identity.leaf_equal[19]
    SLICE_X18Y5          LUT6 (Prop_lut6_I0_O)        0.124     4.538 r  input_guard/balanced_identity.group_equal_orig0_inferred__2/i_/O
                         net (fo=1, routed)           0.636     5.175    input_guard/balanced_identity.group_equal[3]
    SLICE_X18Y3          LUT5 (Prop_lut5_I4_O)        0.124     5.299 f  input_guard/shared_xfft_i_48/O
                         net (fo=2, routed)           0.673     5.971    input_guard/shared_xfft_i_48_n_0
    SLICE_X18Y3          LUT5 (Prop_lut5_I3_O)        0.124     6.095 f  input_guard/fault_reasons[1]_i_2_comp/O
                         net (fo=3, routed)           0.429     6.524    input_guard/fault_reasons[1]_i_2_n_0
    SLICE_X19Y4          LUT6 (Prop_lut6_I2_O)        0.124     6.648 r  input_guard/descriptor[69]_i_1__0_comp/O
                         net (fo=71, routed)          0.920     7.568    input_guard/job_started
    SLICE_X21Y10         FDCE                                         r  input_guard/descriptor_reg[32]/CE
  -------------------------------------------------------------------    -------------------

                         (clock island_175 rise edge)
                                                      5.714     5.714 r  
                                                      0.000     5.714 r  fft_clk (IN)
                         net (fo=4836, unset)         0.924     6.638    input_guard/fft_clk
    SLICE_X21Y10         FDCE                                         r  input_guard/descriptor_reg[32]/C
                         clock pessimism              0.000     6.638    
                         clock uncertainty           -0.035     6.603    
    SLICE_X21Y10         FDCE (Setup_fdce_C_CE)      -0.205     6.398    input_guard/descriptor_reg[32]
  -------------------------------------------------------------------
                         required time                          6.398    
                         arrival time                          -7.568    
  -------------------------------------------------------------------
                         slack                                 -1.170    

Slack (VIOLATED) :        -1.170ns  (required time - arrival time)
  Source:                 product_bank/metadata_out_hold_reg[57]/C
                            (rising edge-triggered cell FDRE clocked by island_175  {rise@0.000ns fall@2.857ns period=5.714ns})
  Destination:            input_guard/descriptor_reg[33]/CE
                            (rising edge-triggered cell FDCE clocked by island_175  {rise@0.000ns fall@2.857ns period=5.714ns})
  Path Group:             island_175
  Path Type:              Setup (Max at Slow Process Corner)
  Requirement:            5.714ns  (island_175 rise@5.714ns - island_175 rise@0.000ns)
  Data Path Delay:        6.595ns  (logic 1.338ns (20.287%)  route 5.257ns (79.713%))
  Logic Levels:           6  (LUT3=1 LUT5=2 LUT6=3)
  Clock Path Skew:        -0.049ns (DCD - SCD + CPR)
    Destination Clock Delay (DCD):    0.924ns = ( 6.638 - 5.714 ) 
    Source Clock Delay      (SCD):    0.973ns
    Clock Pessimism Removal (CPR):    0.000ns
  Clock Uncertainty:      0.035ns  ((TSJ^2 + TIJ^2)^1/2 + DJ) / 2 + PE
    Total System Jitter     (TSJ):    0.071ns
    Total Input Jitter      (TIJ):    0.000ns
    Discrete Jitter          (DJ):    0.000ns
    Phase Error              (PE):    0.000ns

    Location             Delay type                Incr(ns)  Path(ns)    Netlist Resource(s)
  -------------------------------------------------------------------    -------------------
                         (clock island_175 rise edge)
                                                      0.000     0.000 r  
                                                      0.000     0.000 r  fft_clk (IN)
                         net (fo=4836, unset)         0.973     0.973    product_bank/fft_clk
    SLICE_X21Y12         FDRE                                         r  product_bank/metadata_out_hold_reg[57]/C
  -------------------------------------------------------------------    -------------------
    SLICE_X21Y12         FDRE (Prop_fdre_C_Q)         0.419     1.392 r  product_bank/metadata_out_hold_reg[57]/Q
                         net (fo=3, routed)           0.894     2.286    product_bank/metadata_out_hold_reg[68]_0[52]
    SLICE_X21Y12         LUT3 (Prop_lut3_I0_O)        0.299     2.585 r  product_bank/balanced_identity.leaf_equal_inferred_i_34/O
                         net (fo=2, routed)           0.692     3.276    input_guard/balanced_identity.group_equal_orig0_inferred__2/i__9
    SLICE_X21Y11         LUT6 (Prop_lut6_I1_O)        0.124     3.400 r  input_guard/balanced_identity.leaf_equal_inferred_i_5/O
                         net (fo=1, routed)           1.014     4.414    input_guard/balanced_identity.leaf_equal[19]
    SLICE_X18Y5          LUT6 (Prop_lut6_I0_O)        0.124     4.538 r  input_guard/balanced_identity.group_equal_orig0_inferred__2/i_/O
                         net (fo=1, routed)           0.636     5.175    input_guard/balanced_identity.group_equal[3]
    SLICE_X18Y3          LUT5 (Prop_lut5_I4_O)        0.124     5.299 f  input_guard/shared_xfft_i_48/O
                         net (fo=2, routed)           0.673     5.971    input_guard/shared_xfft_i_48_n_0
    SLICE_X18Y3          LUT5 (Prop_lut5_I3_O)        0.124     6.095 f  input_guard/fault_reasons[1]_i_2_comp/O
                         net (fo=3, routed)           0.429     6.524    input_guard/fault_reasons[1]_i_2_n_0
    SLICE_X19Y4          LUT6 (Prop_lut6_I2_O)        0.124     6.648 r  input_guard/descriptor[69]_i_1__0_comp/O
                         net (fo=71, routed)          0.920     7.568    input_guard/job_started
    SLICE_X21Y10         FDCE                                         r  input_guard/descriptor_reg[33]/CE
  -------------------------------------------------------------------    -------------------

                         (clock island_175 rise edge)
                                                      5.714     5.714 r  
                                                      0.000     5.714 r  fft_clk (IN)
                         net (fo=4836, unset)         0.924     6.638    input_guard/fft_clk
    SLICE_X21Y10         FDCE                                         r  input_guard/descriptor_reg[33]/C
                         clock pessimism              0.000     6.638    
                         clock uncertainty           -0.035     6.603    
    SLICE_X21Y10         FDCE (Setup_fdce_C_CE)      -0.205     6.398    input_guard/descriptor_reg[33]
  -------------------------------------------------------------------
                         required time                          6.398    
                         arrival time                          -7.568    
  -------------------------------------------------------------------
                         slack                                 -1.170    





Min Delay Paths
--------------------------------------------------------------------------------------
Slack (MET) :             0.058ns  (arrival time - required time)
  Source:                 shared_xfft/U0/i_synth/xfft_inst/non_floating_point.arch_b.xfft_inst/control/processing_address_generator/mux_addr1/use_lut6_2.latency1.Q_reg[6]/C
                            (rising edge-triggered cell FDRE clocked by island_175  {rise@0.000ns fall@2.857ns period=5.714ns})
  Destination:            shared_xfft/U0/i_synth/xfft_inst/non_floating_point.arch_b.xfft_inst/control/memory_control[1].delay_line_for_wr_addr/no_sclr_lut.real_shift_ram.use_baseblock.not_use_hlutnm_srls.i_shift_ram/i_bb_inst/f0.srl_sig_reg[22][6]_srl23/D
                            (rising edge-triggered cell SRLC32E clocked by island_175  {rise@0.000ns fall@2.857ns period=5.714ns})
  Path Group:             island_175
  Path Type:              Hold (Min at Fast Process Corner)
  Requirement:            0.000ns  (island_175 rise@0.000ns - island_175 rise@0.000ns)
  Data Path Delay:        0.262ns  (logic 0.141ns (53.794%)  route 0.121ns (46.206%))
  Logic Levels:           0  
  Clock Path Skew:        0.022ns (DCD - SCD - CPR)
    Destination Clock Delay (DCD):    0.432ns
    Source Clock Delay      (SCD):    0.410ns
    Clock Pessimism Removal (CPR):    -0.000ns

    Location             Delay type                Incr(ns)  Path(ns)    Netlist Resource(s)
  -------------------------------------------------------------------    -------------------
                         (clock island_175 rise edge)
                                                      0.000     0.000 r  
                                                      0.000     0.000 r  fft_clk (IN)
                         net (fo=4836, unset)         0.410     0.410    shared_xfft/U0/i_synth/xfft_inst/non_floating_point.arch_b.xfft_inst/control/processing_address_generator/mux_addr1/aclk
    SLICE_X5Y14          FDRE                                         r  shared_xfft/U0/i_synth/xfft_inst/non_floating_point.arch_b.xfft_inst/control/processing_address_generator/mux_addr1/use_lut6_2.latency1.Q_reg[6]/C
  -------------------------------------------------------------------    -------------------
    SLICE_X5Y14          FDRE (Prop_fdre_C_Q)         0.141     0.551 r  shared_xfft/U0/i_synth/xfft_inst/non_floating_point.arch_b.xfft_inst/control/processing_address_generator/mux_addr1/use_lut6_2.latency1.Q_reg[6]/Q
                         net (fo=2, routed)           0.121     0.672    shared_xfft/U0/i_synth/xfft_inst/non_floating_point.arch_b.xfft_inst/control/memory_control[1].delay_line_for_wr_addr/no_sclr_lut.real_shift_ram.use_baseblock.not_use_hlutnm_srls.i_shift_ram/i_bb_inst/d[6]
    SLICE_X4Y13          SRLC32E                                      r  shared_xfft/U0/i_synth/xfft_inst/non_floating_point.arch_b.xfft_inst/control/memory_control[1].delay_line_for_wr_addr/no_sclr_lut.real_shift_ram.use_baseblock.not_use_hlutnm_srls.i_shift_ram/i_bb_inst/f0.srl_sig_reg[22][6]_srl23/D
  -------------------------------------------------------------------    -------------------

                         (clock island_175 rise edge)
                                                      0.000     0.000 r  
                                                      0.000     0.000 r  fft_clk (IN)
                         net (fo=4836, unset)         0.432     0.432    shared_xfft/U0/i_synth/xfft_inst/non_floating_point.arch_b.xfft_inst/control/memory_control[1].delay_line_for_wr_addr/no_sclr_lut.real_shift_ram.use_baseblock.not_use_hlutnm_srls.i_shift_ram/i_bb_inst/clk
    SLICE_X4Y13          SRLC32E                                      r  shared_xfft/U0/i_synth/xfft_inst/non_floating_point.arch_b.xfft_inst/control/memory_control[1].delay_line_for_wr_addr/no_sclr_lut.real_shift_ram.use_baseblock.not_use_hlutnm_srls.i_shift_ram/i_bb_inst/f0.srl_sig_reg[22][6]_srl23/CLK
                         clock pessimism              0.000     0.432    
    SLICE_X4Y13          SRLC32E (Hold_srlc32e_CLK_D)
                                                      0.183     0.615    shared_xfft/U0/i_synth/xfft_inst/non_floating_point.arch_b.xfft_inst/control/memory_control[1].delay_line_for_wr_addr/no_sclr_lut.real_shift_ram.use_baseblock.not_use_hlutnm_srls.i_shift_ram/i_bb_inst/f0.srl_sig_reg[22][6]_srl23
  -------------------------------------------------------------------
                         required time                         -0.615    
                         arrival time                           0.672    
  -------------------------------------------------------------------
                         slack                                  0.058    

Slack (MET) :             0.058ns  (arrival time - required time)
  Source:                 shared_xfft/U0/i_synth/xfft_inst/non_floating_point.arch_b.xfft_inst/control/control/IN_WR_ADDR_reg[2]/C
                            (rising edge-triggered cell FDRE clocked by island_175  {rise@0.000ns fall@2.857ns period=5.714ns})
  Destination:            shared_xfft/U0/i_synth/xfft_inst/non_floating_point.arch_b.xfft_inst/control/delay_line_4_in_wr_addr/no_sclr_lut.real_shift_ram.use_baseblock.use_hlutnm_srls.srl_loop[1].i_srl16e0/D
                            (rising edge-triggered cell SRL16E clocked by island_175  {rise@0.000ns fall@2.857ns period=5.714ns})
  Path Group:             island_175
  Path Type:              Hold (Min at Fast Process Corner)
  Requirement:            0.000ns  (island_175 rise@0.000ns - island_175 rise@0.000ns)
  Data Path Delay:        0.197ns  (logic 0.141ns (71.611%)  route 0.056ns (28.389%))
  Logic Levels:           0  
  Clock Path Skew:        0.022ns (DCD - SCD - CPR)
    Destination Clock Delay (DCD):    0.432ns
    Source Clock Delay      (SCD):    0.410ns
    Clock Pessimism Removal (CPR):    -0.000ns

    Location             Delay type                Incr(ns)  Path(ns)    Netlist Resource(s)
  -------------------------------------------------------------------    -------------------
                         (clock island_175 rise edge)
                                                      0.000     0.000 r  
                                                      0.000     0.000 r  fft_clk (IN)
                         net (fo=4836, unset)         0.410     0.410    shared_xfft/U0/i_synth/xfft_inst/non_floating_point.arch_b.xfft_inst/control/control/aclk
    SLICE_X1Y13          FDRE                                         r  shared_xfft/U0/i_synth/xfft_inst/non_floating_point.arch_b.xfft_inst/control/control/IN_WR_ADDR_reg[2]/C
  -------------------------------------------------------------------    -------------------
    SLICE_X1Y13          FDRE (Prop_fdre_C_Q)         0.141     0.551 r  shared_xfft/U0/i_synth/xfft_inst/non_floating_point.arch_b.xfft_inst/control/control/IN_WR_ADDR_reg[2]/Q
                         net (fo=1, routed)           0.056     0.607    shared_xfft/U0/i_synth/xfft_inst/non_floating_point.arch_b.xfft_inst/control/delay_line_4_in_wr_addr/D[2]
    SLICE_X0Y13          SRL16E                                       r  shared_xfft/U0/i_synth/xfft_inst/non_floating_point.arch_b.xfft_inst/control/delay_line_4_in_wr_addr/no_sclr_lut.real_shift_ram.use_baseblock.use_hlutnm_srls.srl_loop[1].i_srl16e0/D
  -------------------------------------------------------------------    -------------------

                         (clock island_175 rise edge)
                                                      0.000     0.000 r  
                                                      0.000     0.000 r  fft_clk (IN)
                         net (fo=4836, unset)         0.432     0.432    shared_xfft/U0/i_synth/xfft_inst/non_floating_point.arch_b.xfft_inst/control/delay_line_4_in_wr_addr/aclk
    SLICE_X0Y13          SRL16E                                       r  shared_xfft/U0/i_synth/xfft_inst/non_floating_point.arch_b.xfft_inst/control/delay_line_4_in_wr_addr/no_sclr_lut.real_shift_ram.use_baseblock.use_hlutnm_srls.srl_loop[1].i_srl16e0/CLK
                         clock pessimism              0.000     0.432    
    SLICE_X0Y13          SRL16E (Hold_srl16e_CLK_D)
                                                      0.117     0.549    shared_xfft/U0/i_synth/xfft_inst/non_floating_point.arch_b.xfft_inst/control/delay_line_4_in_wr_addr/no_sclr_lut.real_shift_ram.use_baseblock.use_hlutnm_srls.srl_loop[1].i_srl16e0
  -------------------------------------------------------------------
                         required time                         -0.549    
                         arrival time                           0.607    
  -------------------------------------------------------------------
                         slack                                  0.058    

Slack (MET) :             0.070ns  (arrival time - required time)
  Source:                 product/output_i_reg[8]/C
                            (rising edge-triggered cell FDRE clocked by island_175  {rise@0.000ns fall@2.857ns period=5.714ns})
  Destination:            product_bank/payload_memory_reg/DIADI[8]
                            (rising edge-triggered cell RAMB18E1 clocked by island_175  {rise@0.000ns fall@2.857ns period=5.714ns})
  Path Group:             island_175
  Path Type:              Hold (Min at Fast Process Corner)
  Requirement:            0.000ns  (island_175 rise@0.000ns - island_175 rise@0.000ns)
  Data Path Delay:        0.247ns  (logic 0.141ns (57.072%)  route 0.106ns (42.928%))
  Logic Levels:           0  
  Clock Path Skew:        0.022ns (DCD - SCD - CPR)
    Destination Clock Delay (DCD):    0.432ns
    Source Clock Delay      (SCD):    0.410ns
    Clock Pessimism Removal (CPR):    -0.000ns

    Location             Delay type                Incr(ns)  Path(ns)    Netlist Resource(s)
  -------------------------------------------------------------------    -------------------
                         (clock island_175 rise edge)
                                                      0.000     0.000 r  
                                                      0.000     0.000 r  fft_clk (IN)
                         net (fo=4836, unset)         0.410     0.410    product/fft_clk
    SLICE_X7Y6           FDRE                                         r  product/output_i_reg[8]/C
  -------------------------------------------------------------------    -------------------
    SLICE_X7Y6           FDRE (Prop_fdre_C_Q)         0.141     0.551 r  product/output_i_reg[8]/Q
                         net (fo=1, routed)           0.106     0.657    product_bank/payload_memory_reg_0[8]
    RAMB18_X0Y2          RAMB18E1                                     r  product_bank/payload_memory_reg/DIADI[8]
  -------------------------------------------------------------------    -------------------

                         (clock island_175 rise edge)
                                                      0.000     0.000 r  
                                                      0.000     0.000 r  fft_clk (IN)
                         net (fo=4836, unset)         0.432     0.432    product_bank/fft_clk
    RAMB18_X0Y2          RAMB18E1                                     r  product_bank/payload_memory_reg/CLKBWRCLK
                         clock pessimism              0.000     0.432    
    RAMB18_X0Y2          RAMB18E1 (Hold_ramb18e1_CLKBWRCLK_DIADI[8])
                                                      0.155     0.587    product_bank/payload_memory_reg
  -------------------------------------------------------------------
                         required time                         -0.587    
                         arrival time                           0.657    
  -------------------------------------------------------------------
                         slack                                  0.070    

Slack (MET) :             0.071ns  (arrival time - required time)
  Source:                 product/output_q_reg[4]/C
                            (rising edge-triggered cell FDRE clocked by island_175  {rise@0.000ns fall@2.857ns period=5.714ns})
  Destination:            product_bank/payload_memory_reg/DIBDI[6]
                            (rising edge-triggered cell RAMB18E1 clocked by island_175  {rise@0.000ns fall@2.857ns period=5.714ns})
  Path Group:             island_175
  Path Type:              Hold (Min at Fast Process Corner)
  Requirement:            0.000ns  (island_175 rise@0.000ns - island_175 rise@0.000ns)
  Data Path Delay:        0.248ns  (logic 0.141ns (56.898%)  route 0.107ns (43.102%))
  Logic Levels:           0  
  Clock Path Skew:        0.022ns (DCD - SCD - CPR)
    Destination Clock Delay (DCD):    0.432ns
    Source Clock Delay      (SCD):    0.410ns
    Clock Pessimism Removal (CPR):    -0.000ns

    Location             Delay type                Incr(ns)  Path(ns)    Netlist Resource(s)
  -------------------------------------------------------------------    -------------------
                         (clock island_175 rise edge)
                                                      0.000     0.000 r  
                                                      0.000     0.000 r  fft_clk (IN)
                         net (fo=4836, unset)         0.410     0.410    product/fft_clk
    SLICE_X7Y6           FDRE                                         r  product/output_q_reg[4]/C
  -------------------------------------------------------------------    -------------------
    SLICE_X7Y6           FDRE (Prop_fdre_C_Q)         0.141     0.551 r  product/output_q_reg[4]/Q
                         net (fo=1, routed)           0.107     0.658    product_bank/payload_memory_reg_1[4]
    RAMB18_X0Y2          RAMB18E1                                     r  product_bank/payload_memory_reg/DIBDI[6]
  -------------------------------------------------------------------    -------------------

                         (clock island_175 rise edge)
                                                      0.000     0.000 r  
                                                      0.000     0.000 r  fft_clk (IN)
                         net (fo=4836, unset)         0.432     0.432    product_bank/fft_clk
    RAMB18_X0Y2          RAMB18E1                                     r  product_bank/payload_memory_reg/CLKBWRCLK
                         clock pessimism              0.000     0.432    
    RAMB18_X0Y2          RAMB18E1 (Hold_ramb18e1_CLKBWRCLK_DIBDI[6])
                                                      0.155     0.587    product_bank/payload_memory_reg
  -------------------------------------------------------------------
                         required time                         -0.587    
                         arrival time                           0.658    
  -------------------------------------------------------------------
                         slack                                  0.071    

Slack (MET) :             0.071ns  (arrival time - required time)
  Source:                 shared_xfft/U0/i_synth/xfft_inst/non_floating_point.arch_b.xfft_inst/single_channel.datapath/input_muxes[0].write_data_re_mux/use_lut6_2.latency1.Q_reg[10]/C
                            (rising edge-triggered cell FDRE clocked by island_175  {rise@0.000ns fall@2.857ns period=5.714ns})
  Destination:            shared_xfft/U0/i_synth/xfft_inst/non_floating_point.arch_b.xfft_inst/single_channel.datapath/memories[0].blkmem_gen.use_bram_only.dpms/depths_3to9.ram_loop[0].use_RAMB18.SDP_RAMB18E1_36x512/DIADI[9]
                            (rising edge-triggered cell RAMB18E1 clocked by island_175  {rise@0.000ns fall@2.857ns period=5.714ns})
  Path Group:             island_175
  Path Type:              Hold (Min at Fast Process Corner)
  Requirement:            0.000ns  (island_175 rise@0.000ns - island_175 rise@0.000ns)
  Data Path Delay:        0.248ns  (logic 0.141ns (56.898%)  route 0.107ns (43.102%))
  Logic Levels:           0  
  Clock Path Skew:        0.022ns (DCD - SCD - CPR)
    Destination Clock Delay (DCD):    0.432ns
    Source Clock Delay      (SCD):    0.410ns
    Clock Pessimism Removal (CPR):    -0.000ns

    Location             Delay type                Incr(ns)  Path(ns)    Netlist Resource(s)
  -------------------------------------------------------------------    -------------------
                         (clock island_175 rise edge)
                                                      0.000     0.000 r  
                                                      0.000     0.000 r  fft_clk (IN)
                         net (fo=4836, unset)         0.410     0.410    shared_xfft/U0/i_synth/xfft_inst/non_floating_point.arch_b.xfft_inst/single_channel.datapath/input_muxes[0].write_data_re_mux/aclk
    SLICE_X7Y18          FDRE                                         r  shared_xfft/U0/i_synth/xfft_inst/non_floating_point.arch_b.xfft_inst/single_channel.datapath/input_muxes[0].write_data_re_mux/use_lut6_2.latency1.Q_reg[10]/C
  -------------------------------------------------------------------    -------------------
    SLICE_X7Y18          FDRE (Prop_fdre_C_Q)         0.141     0.551 r  shared_xfft/U0/i_synth/xfft_inst/non_floating_point.arch_b.xfft_inst/single_channel.datapath/input_muxes[0].write_data_re_mux/use_lut6_2.latency1.Q_reg[10]/Q
                         net (fo=1, routed)           0.107     0.658    shared_xfft/U0/i_synth/xfft_inst/non_floating_point.arch_b.xfft_inst/single_channel.datapath/memories[0].blkmem_gen.use_bram_only.dpms/dina[28]
    RAMB18_X0Y7          RAMB18E1                                     r  shared_xfft/U0/i_synth/xfft_inst/non_floating_point.arch_b.xfft_inst/single_channel.datapath/memories[0].blkmem_gen.use_bram_only.dpms/depths_3to9.ram_loop[0].use_RAMB18.SDP_RAMB18E1_36x512/DIADI[9]
  -------------------------------------------------------------------    -------------------

                         (clock island_175 rise edge)
                                                      0.000     0.000 r  
                                                      0.000     0.000 r  fft_clk (IN)
                         net (fo=4836, unset)         0.432     0.432    shared_xfft/U0/i_synth/xfft_inst/non_floating_point.arch_b.xfft_inst/single_channel.datapath/memories[0].blkmem_gen.use_bram_only.dpms/clk
    RAMB18_X0Y7          RAMB18E1                                     r  shared_xfft/U0/i_synth/xfft_inst/non_floating_point.arch_b.xfft_inst/single_channel.datapath/memories[0].blkmem_gen.use_bram_only.dpms/depths_3to9.ram_loop[0].use_RAMB18.SDP_RAMB18E1_36x512/CLKBWRCLK
                         clock pessimism              0.000     0.432    
    RAMB18_X0Y7          RAMB18E1 (Hold_ramb18e1_CLKBWRCLK_DIADI[9])
                                                      0.155     0.587    shared_xfft/U0/i_synth/xfft_inst/non_floating_point.arch_b.xfft_inst/single_channel.datapath/memories[0].blkmem_gen.use_bram_only.dpms/depths_3to9.ram_loop[0].use_RAMB18.SDP_RAMB18E1_36x512
  -------------------------------------------------------------------
                         required time                         -0.587    
                         arrival time                           0.658    
  -------------------------------------------------------------------
                         slack                                  0.071    

Slack (MET) :             0.072ns  (arrival time - required time)
  Source:                 shared_xfft/U0/i_synth/xfft_inst/non_floating_point.arch_b.xfft_inst/single_channel.datapath/input_muxes[0].write_data_re_mux/use_lut6_2.latency1.Q_reg[6]/C
                            (rising edge-triggered cell FDRE clocked by island_175  {rise@0.000ns fall@2.857ns period=5.714ns})
  Destination:            shared_xfft/U0/i_synth/xfft_inst/non_floating_point.arch_b.xfft_inst/single_channel.datapath/memories[0].blkmem_gen.use_bram_only.dpms/depths_3to9.ram_loop[0].use_RAMB18.SDP_RAMB18E1_36x512/DIADI[6]
                            (rising edge-triggered cell RAMB18E1 clocked by island_175  {rise@0.000ns fall@2.857ns period=5.714ns})
  Path Group:             island_175
  Path Type:              Hold (Min at Fast Process Corner)
  Requirement:            0.000ns  (island_175 rise@0.000ns - island_175 rise@0.000ns)
  Data Path Delay:        0.249ns  (logic 0.141ns (56.669%)  route 0.108ns (43.331%))
  Logic Levels:           0  
  Clock Path Skew:        0.022ns (DCD - SCD - CPR)
    Destination Clock Delay (DCD):    0.432ns
    Source Clock Delay      (SCD):    0.410ns
    Clock Pessimism Removal (CPR):    -0.000ns

    Location             Delay type                Incr(ns)  Path(ns)    Netlist Resource(s)
  -------------------------------------------------------------------    -------------------
                         (clock island_175 rise edge)
                                                      0.000     0.000 r  
                                                      0.000     0.000 r  fft_clk (IN)
                         net (fo=4836, unset)         0.410     0.410    shared_xfft/U0/i_synth/xfft_inst/non_floating_point.arch_b.xfft_inst/single_channel.datapath/input_muxes[0].write_data_re_mux/aclk
    SLICE_X7Y19          FDRE                                         r  shared_xfft/U0/i_synth/xfft_inst/non_floating_point.arch_b.xfft_inst/single_channel.datapath/input_muxes[0].write_data_re_mux/use_lut6_2.latency1.Q_reg[6]/C
  -------------------------------------------------------------------    -------------------
    SLICE_X7Y19          FDRE (Prop_fdre_C_Q)         0.141     0.551 r  shared_xfft/U0/i_synth/xfft_inst/non_floating_point.arch_b.xfft_inst/single_channel.datapath/input_muxes[0].write_data_re_mux/use_lut6_2.latency1.Q_reg[6]/Q
                         net (fo=1, routed)           0.108     0.659    shared_xfft/U0/i_synth/xfft_inst/non_floating_point.arch_b.xfft_inst/single_channel.datapath/memories[0].blkmem_gen.use_bram_only.dpms/dina[24]
    RAMB18_X0Y7          RAMB18E1                                     r  shared_xfft/U0/i_synth/xfft_inst/non_floating_point.arch_b.xfft_inst/single_channel.datapath/memories[0].blkmem_gen.use_bram_only.dpms/depths_3to9.ram_loop[0].use_RAMB18.SDP_RAMB18E1_36x512/DIADI[6]
  -------------------------------------------------------------------    -------------------

                         (clock island_175 rise edge)
                                                      0.000     0.000 r  
                                                      0.000     0.000 r  fft_clk (IN)
                         net (fo=4836, unset)         0.432     0.432    shared_xfft/U0/i_synth/xfft_inst/non_floating_point.arch_b.xfft_inst/single_channel.datapath/memories[0].blkmem_gen.use_bram_only.dpms/clk
    RAMB18_X0Y7          RAMB18E1                                     r  shared_xfft/U0/i_synth/xfft_inst/non_floating_point.arch_b.xfft_inst/single_channel.datapath/memories[0].blkmem_gen.use_bram_only.dpms/depths_3to9.ram_loop[0].use_RAMB18.SDP_RAMB18E1_36x512/CLKBWRCLK
                         clock pessimism              0.000     0.432    
    RAMB18_X0Y7          RAMB18E1 (Hold_ramb18e1_CLKBWRCLK_DIADI[6])
                                                      0.155     0.587    shared_xfft/U0/i_synth/xfft_inst/non_floating_point.arch_b.xfft_inst/single_channel.datapath/memories[0].blkmem_gen.use_bram_only.dpms/depths_3to9.ram_loop[0].use_RAMB18.SDP_RAMB18E1_36x512
  -------------------------------------------------------------------
                         required time                         -0.587    
                         arrival time                           0.659    
  -------------------------------------------------------------------
                         slack                                  0.072    

Slack (MET) :             0.072ns  (arrival time - required time)
  Source:                 shared_xfft/U0/i_synth/xfft_inst/non_floating_point.arch_b.xfft_inst/single_channel.datapath/input_muxes[0].write_data_im_mux/use_lut6_2.latency1.Q_reg[10]/C
                            (rising edge-triggered cell FDRE clocked by island_175  {rise@0.000ns fall@2.857ns period=5.714ns})
  Destination:            shared_xfft/U0/i_synth/xfft_inst/non_floating_point.arch_b.xfft_inst/single_channel.datapath/memories[0].blkmem_gen.use_bram_only.dpms/depths_3to9.ram_loop[0].use_RAMB18.SDP_RAMB18E1_36x512/DIBDI[9]
                            (rising edge-triggered cell RAMB18E1 clocked by island_175  {rise@0.000ns fall@2.857ns period=5.714ns})
  Path Group:             island_175
  Path Type:              Hold (Min at Fast Process Corner)
  Requirement:            0.000ns  (island_175 rise@0.000ns - island_175 rise@0.000ns)
  Data Path Delay:        0.249ns  (logic 0.141ns (56.669%)  route 0.108ns (43.331%))
  Logic Levels:           0  
  Clock Path Skew:        0.022ns (DCD - SCD - CPR)
    Destination Clock Delay (DCD):    0.432ns
    Source Clock Delay      (SCD):    0.410ns
    Clock Pessimism Removal (CPR):    -0.000ns

    Location             Delay type                Incr(ns)  Path(ns)    Netlist Resource(s)
  -------------------------------------------------------------------    -------------------
                         (clock island_175 rise edge)
                                                      0.000     0.000 r  
                                                      0.000     0.000 r  fft_clk (IN)
                         net (fo=4836, unset)         0.410     0.410    shared_xfft/U0/i_synth/xfft_inst/non_floating_point.arch_b.xfft_inst/single_channel.datapath/input_muxes[0].write_data_im_mux/aclk
    SLICE_X7Y18          FDRE                                         r  shared_xfft/U0/i_synth/xfft_inst/non_floating_point.arch_b.xfft_inst/single_channel.datapath/input_muxes[0].write_data_im_mux/use_lut6_2.latency1.Q_reg[10]/C
  -------------------------------------------------------------------    -------------------
    SLICE_X7Y18          FDRE (Prop_fdre_C_Q)         0.141     0.551 r  shared_xfft/U0/i_synth/xfft_inst/non_floating_point.arch_b.xfft_inst/single_channel.datapath/input_muxes[0].write_data_im_mux/use_lut6_2.latency1.Q_reg[10]/Q
                         net (fo=1, routed)           0.108     0.659    shared_xfft/U0/i_synth/xfft_inst/non_floating_point.arch_b.xfft_inst/single_channel.datapath/memories[0].blkmem_gen.use_bram_only.dpms/dina[10]
    RAMB18_X0Y7          RAMB18E1                                     r  shared_xfft/U0/i_synth/xfft_inst/non_floating_point.arch_b.xfft_inst/single_channel.datapath/memories[0].blkmem_gen.use_bram_only.dpms/depths_3to9.ram_loop[0].use_RAMB18.SDP_RAMB18E1_36x512/DIBDI[9]
  -------------------------------------------------------------------    -------------------

                         (clock island_175 rise edge)
                                                      0.000     0.000 r  
                                                      0.000     0.000 r  fft_clk (IN)
                         net (fo=4836, unset)         0.432     0.432    shared_xfft/U0/i_synth/xfft_inst/non_floating_point.arch_b.xfft_inst/single_channel.datapath/memories[0].blkmem_gen.use_bram_only.dpms/clk
    RAMB18_X0Y7          RAMB18E1                                     r  shared_xfft/U0/i_synth/xfft_inst/non_floating_point.arch_b.xfft_inst/single_channel.datapath/memories[0].blkmem_gen.use_bram_only.dpms/depths_3to9.ram_loop[0].use_RAMB18.SDP_RAMB18E1_36x512/CLKBWRCLK
                         clock pessimism              0.000     0.432    
    RAMB18_X0Y7          RAMB18E1 (Hold_ramb18e1_CLKBWRCLK_DIBDI[9])
                                                      0.155     0.587    shared_xfft/U0/i_synth/xfft_inst/non_floating_point.arch_b.xfft_inst/single_channel.datapath/memories[0].blkmem_gen.use_bram_only.dpms/depths_3to9.ram_loop[0].use_RAMB18.SDP_RAMB18E1_36x512
  -------------------------------------------------------------------
                         required time                         -0.587    
                         arrival time                           0.659    
  -------------------------------------------------------------------
                         slack                                  0.072    

Slack (MET) :             0.084ns  (arrival time - required time)
  Source:                 result_guard/return_data_reg[25]/C
                            (rising edge-triggered cell FDCE clocked by island_175  {rise@0.000ns fall@2.857ns period=5.714ns})
  Destination:            output_bank/payload_memory_reg/DIBDI[9]
                            (rising edge-triggered cell RAMB18E1 clocked by island_175  {rise@0.000ns fall@2.857ns period=5.714ns})
  Path Group:             island_175
  Path Type:              Hold (Min at Fast Process Corner)
  Requirement:            0.000ns  (island_175 rise@0.000ns - island_175 rise@0.000ns)
  Data Path Delay:        0.402ns  (logic 0.141ns (35.070%)  route 0.261ns (64.930%))
  Logic Levels:           0  
  Clock Path Skew:        0.022ns (DCD - SCD - CPR)
    Destination Clock Delay (DCD):    0.432ns
    Source Clock Delay      (SCD):    0.410ns
    Clock Pessimism Removal (CPR):    -0.000ns

    Location             Delay type                Incr(ns)  Path(ns)    Netlist Resource(s)
  -------------------------------------------------------------------    -------------------
                         (clock island_175 rise edge)
                                                      0.000     0.000 r  
                                                      0.000     0.000 r  fft_clk (IN)
                         net (fo=4836, unset)         0.410     0.410    result_guard/fft_clk
    SLICE_X9Y6           FDCE                                         r  result_guard/return_data_reg[25]/C
  -------------------------------------------------------------------    -------------------
    SLICE_X9Y6           FDCE (Prop_fdce_C_Q)         0.141     0.551 r  result_guard/return_data_reg[25]/Q
                         net (fo=3, routed)           0.261     0.812    output_bank/payload_memory_reg_0[25]
    RAMB18_X0Y1          RAMB18E1                                     r  output_bank/payload_memory_reg/DIBDI[9]
  -------------------------------------------------------------------    -------------------

                         (clock island_175 rise edge)
                                                      0.000     0.000 r  
                                                      0.000     0.000 r  fft_clk (IN)
                         net (fo=4836, unset)         0.432     0.432    output_bank/fft_clk
    RAMB18_X0Y1          RAMB18E1                                     r  output_bank/payload_memory_reg/CLKBWRCLK
                         clock pessimism              0.000     0.432    
    RAMB18_X0Y1          RAMB18E1 (Hold_ramb18e1_CLKBWRCLK_DIBDI[9])
                                                      0.296     0.728    output_bank/payload_memory_reg
  -------------------------------------------------------------------
                         required time                         -0.728    
                         arrival time                           0.812    
  -------------------------------------------------------------------
                         slack                                  0.084    

Slack (MET) :             0.085ns  (arrival time - required time)
  Source:                 result_guard/return_data_reg[31]/C
                            (rising edge-triggered cell FDCE clocked by island_175  {rise@0.000ns fall@2.857ns period=5.714ns})
  Destination:            output_bank/payload_memory_reg/DIBDI[15]
                            (rising edge-triggered cell RAMB18E1 clocked by island_175  {rise@0.000ns fall@2.857ns period=5.714ns})
  Path Group:             island_175
  Path Type:              Hold (Min at Fast Process Corner)
  Requirement:            0.000ns  (island_175 rise@0.000ns - island_175 rise@0.000ns)
  Data Path Delay:        0.349ns  (logic 0.128ns (36.717%)  route 0.221ns (63.283%))
  Logic Levels:           0  
  Clock Path Skew:        0.022ns (DCD - SCD - CPR)
    Destination Clock Delay (DCD):    0.432ns
    Source Clock Delay      (SCD):    0.410ns
    Clock Pessimism Removal (CPR):    -0.000ns

    Location             Delay type                Incr(ns)  Path(ns)    Netlist Resource(s)
  -------------------------------------------------------------------    -------------------
                         (clock island_175 rise edge)
                                                      0.000     0.000 r  
                                                      0.000     0.000 r  fft_clk (IN)
                         net (fo=4836, unset)         0.410     0.410    result_guard/fft_clk
    SLICE_X9Y9           FDCE                                         r  result_guard/return_data_reg[31]/C
  -------------------------------------------------------------------    -------------------
    SLICE_X9Y9           FDCE (Prop_fdce_C_Q)         0.128     0.538 r  result_guard/return_data_reg[31]/Q
                         net (fo=3, routed)           0.221     0.759    output_bank/payload_memory_reg_0[31]
    RAMB18_X0Y1          RAMB18E1                                     r  output_bank/payload_memory_reg/DIBDI[15]
  -------------------------------------------------------------------    -------------------

                         (clock island_175 rise edge)
                                                      0.000     0.000 r  
                                                      0.000     0.000 r  fft_clk (IN)
                         net (fo=4836, unset)         0.432     0.432    output_bank/fft_clk
    RAMB18_X0Y1          RAMB18E1                                     r  output_bank/payload_memory_reg/CLKBWRCLK
                         clock pessimism              0.000     0.432    
    RAMB18_X0Y1          RAMB18E1 (Hold_ramb18e1_CLKBWRCLK_DIBDI[15])
                                                      0.242     0.674    output_bank/payload_memory_reg
  -------------------------------------------------------------------
                         required time                         -0.674    
                         arrival time                           0.759    
  -------------------------------------------------------------------
                         slack                                  0.085    

Slack (MET) :             0.085ns  (arrival time - required time)
  Source:                 shared_xfft/U0/i_synth/xfft_inst/non_floating_point.arch_b.xfft_inst/control/memory_control[1].write_addr_mux/use_lut6_2.latency1.Q_reg[4]/C
                            (rising edge-triggered cell FDRE clocked by island_175  {rise@0.000ns fall@2.857ns period=5.714ns})
  Destination:            shared_xfft/U0/i_synth/xfft_inst/non_floating_point.arch_b.xfft_inst/single_channel.datapath/memories[1].blkmem_gen.use_bram_only.dpms/depths_3to9.ram_loop[0].use_RAMB18.SDP_RAMB18E1_36x512/ADDRBWRADDR[11]
                            (rising edge-triggered cell RAMB18E1 clocked by island_175  {rise@0.000ns fall@2.857ns period=5.714ns})
  Path Group:             island_175
  Path Type:              Hold (Min at Fast Process Corner)
  Requirement:            0.000ns  (island_175 rise@0.000ns - island_175 rise@0.000ns)
  Data Path Delay:        0.290ns  (logic 0.141ns (48.675%)  route 0.149ns (51.325%))
  Logic Levels:           0  
  Clock Path Skew:        0.022ns (DCD - SCD - CPR)
    Destination Clock Delay (DCD):    0.432ns
    Source Clock Delay      (SCD):    0.410ns
    Clock Pessimism Removal (CPR):    -0.000ns

    Location             Delay type                Incr(ns)  Path(ns)    Netlist Resource(s)
  -------------------------------------------------------------------    -------------------
                         (clock island_175 rise edge)
                                                      0.000     0.000 r  
                                                      0.000     0.000 r  fft_clk (IN)
                         net (fo=4836, unset)         0.410     0.410    shared_xfft/U0/i_synth/xfft_inst/non_floating_point.arch_b.xfft_inst/control/memory_control[1].write_addr_mux/aclk
    SLICE_X7Y13          FDRE                                         r  shared_xfft/U0/i_synth/xfft_inst/non_floating_point.arch_b.xfft_inst/control/memory_control[1].write_addr_mux/use_lut6_2.latency1.Q_reg[4]/C
  -------------------------------------------------------------------    -------------------
    SLICE_X7Y13          FDRE (Prop_fdre_C_Q)         0.141     0.551 r  shared_xfft/U0/i_synth/xfft_inst/non_floating_point.arch_b.xfft_inst/control/memory_control[1].write_addr_mux/use_lut6_2.latency1.Q_reg[4]/Q
                         net (fo=1, routed)           0.149     0.700    shared_xfft/U0/i_synth/xfft_inst/non_floating_point.arch_b.xfft_inst/single_channel.datapath/memories[1].blkmem_gen.use_bram_only.dpms/addra[4]
    RAMB18_X0Y5          RAMB18E1                                     r  shared_xfft/U0/i_synth/xfft_inst/non_floating_point.arch_b.xfft_inst/single_channel.datapath/memories[1].blkmem_gen.use_bram_only.dpms/depths_3to9.ram_loop[0].use_RAMB18.SDP_RAMB18E1_36x512/ADDRBWRADDR[11]
  -------------------------------------------------------------------    -------------------

                         (clock island_175 rise edge)
                                                      0.000     0.000 r  
                                                      0.000     0.000 r  fft_clk (IN)
                         net (fo=4836, unset)         0.432     0.432    shared_xfft/U0/i_synth/xfft_inst/non_floating_point.arch_b.xfft_inst/single_channel.datapath/memories[1].blkmem_gen.use_bram_only.dpms/clk
    RAMB18_X0Y5          RAMB18E1                                     r  shared_xfft/U0/i_synth/xfft_inst/non_floating_point.arch_b.xfft_inst/single_channel.datapath/memories[1].blkmem_gen.use_bram_only.dpms/depths_3to9.ram_loop[0].use_RAMB18.SDP_RAMB18E1_36x512/CLKBWRCLK
                         clock pessimism              0.000     0.432    
    RAMB18_X0Y5          RAMB18E1 (Hold_ramb18e1_CLKBWRCLK_ADDRBWRADDR[11])
                                                      0.183     0.615    shared_xfft/U0/i_synth/xfft_inst/non_floating_point.arch_b.xfft_inst/single_channel.datapath/memories[1].blkmem_gen.use_bram_only.dpms/depths_3to9.ram_loop[0].use_RAMB18.SDP_RAMB18E1_36x512
  -------------------------------------------------------------------
                         required time                         -0.615    
                         arrival time                           0.700    
  -------------------------------------------------------------------
                         slack                                  0.085    

Slack (MET) :             0.089ns  (arrival time - required time)
  Source:                 result_guard/return_data_reg[3]/C
                            (rising edge-triggered cell FDCE clocked by island_175  {rise@0.000ns fall@2.857ns period=5.714ns})
  Destination:            output_bank/payload_memory_reg/DIADI[3]
                            (rising edge-triggered cell RAMB18E1 clocked by island_175  {rise@0.000ns fall@2.857ns period=5.714ns})
  Path Group:             island_175
  Path Type:              Hold (Min at Fast Process Corner)
  Requirement:            0.000ns  (island_175 rise@0.000ns - island_175 rise@0.000ns)
  Data Path Delay:        0.406ns  (logic 0.141ns (34.719%)  route 0.265ns (65.281%))
  Logic Levels:           0  
  Clock Path Skew:        0.022ns (DCD - SCD - CPR)
    Destination Clock Delay (DCD):    0.432ns
    Source Clock Delay      (SCD):    0.410ns
    Clock Pessimism Removal (CPR):    -0.000ns

    Location             Delay type                Incr(ns)  Path(ns)    Netlist Resource(s)
  -------------------------------------------------------------------    -------------------
                         (clock island_175 rise edge)
                                                      0.000     0.000 r  
                                                      0.000     0.000 r  fft_clk (IN)
                         net (fo=4836, unset)         0.410     0.410    result_guard/fft_clk
    SLICE_X9Y6           FDCE                                         r  result_guard/return_data_reg[3]/C
  -------------------------------------------------------------------    -------------------
    SLICE_X9Y6           FDCE (Prop_fdce_C_Q)         0.141     0.551 r  result_guard/return_data_reg[3]/Q
                         net (fo=3, routed)           0.265     0.816    output_bank/payload_memory_reg_0[3]
    RAMB18_X0Y1          RAMB18E1                                     r  output_bank/payload_memory_reg/DIADI[3]
  -------------------------------------------------------------------    -------------------

                         (clock island_175 rise edge)
                                                      0.000     0.000 r  
                                                      0.000     0.000 r  fft_clk (IN)
                         net (fo=4836, unset)         0.432     0.432    output_bank/fft_clk
    RAMB18_X0Y1          RAMB18E1                                     r  output_bank/payload_memory_reg/CLKBWRCLK
                         clock pessimism              0.000     0.432    
    RAMB18_X0Y1          RAMB18E1 (Hold_ramb18e1_CLKBWRCLK_DIADI[3])
                                                      0.296     0.728    output_bank/payload_memory_reg
  -------------------------------------------------------------------
                         required time                         -0.728    
                         arrival time                           0.816    
  -------------------------------------------------------------------
                         slack                                  0.089    

Slack (MET) :             0.093ns  (arrival time - required time)
  Source:                 result_guard/return_data_reg[24]/C
                            (rising edge-triggered cell FDCE clocked by island_175  {rise@0.000ns fall@2.857ns period=5.714ns})
  Destination:            output_bank/payload_memory_reg/DIBDI[8]
                            (rising edge-triggered cell RAMB18E1 clocked by island_175  {rise@0.000ns fall@2.857ns period=5.714ns})
  Path Group:             island_175
  Path Type:              Hold (Min at Fast Process Corner)
  Requirement:            0.000ns  (island_175 rise@0.000ns - island_175 rise@0.000ns)
  Data Path Delay:        0.410ns  (logic 0.141ns (34.358%)  route 0.269ns (65.642%))
  Logic Levels:           0  
  Clock Path Skew:        0.022ns (DCD - SCD - CPR)
    Destination Clock Delay (DCD):    0.432ns
    Source Clock Delay      (SCD):    0.410ns
    Clock Pessimism Removal (CPR):    -0.000ns

    Location             Delay type                Incr(ns)  Path(ns)    Netlist Resource(s)
  -------------------------------------------------------------------    -------------------
                         (clock island_175 rise edge)
                                                      0.000     0.000 r  
                                                      0.000     0.000 r  fft_clk (IN)
                         net (fo=4836, unset)         0.410     0.410    result_guard/fft_clk
    SLICE_X9Y9           FDCE                                         r  result_guard/return_data_reg[24]/C
  -------------------------------------------------------------------    -------------------
    SLICE_X9Y9           FDCE (Prop_fdce_C_Q)         0.141     0.551 r  result_guard/return_data_reg[24]/Q
                         net (fo=3, routed)           0.269     0.821    output_bank/payload_memory_reg_0[24]
    RAMB18_X0Y1          RAMB18E1                                     r  output_bank/payload_memory_reg/DIBDI[8]
  -------------------------------------------------------------------    -------------------

                         (clock island_175 rise edge)
                                                      0.000     0.000 r  
                                                      0.000     0.000 r  fft_clk (IN)
                         net (fo=4836, unset)         0.432     0.432    output_bank/fft_clk
    RAMB18_X0Y1          RAMB18E1                                     r  output_bank/payload_memory_reg/CLKBWRCLK
                         clock pessimism              0.000     0.432    
    RAMB18_X0Y1          RAMB18E1 (Hold_ramb18e1_CLKBWRCLK_DIBDI[8])
                                                      0.296     0.728    output_bank/payload_memory_reg
  -------------------------------------------------------------------
                         required time                         -0.728    
                         arrival time                           0.821    
  -------------------------------------------------------------------
                         slack                                  0.093    

Slack (MET) :             0.094ns  (arrival time - required time)
  Source:                 product/output_q_reg[8]/C
                            (rising edge-triggered cell FDRE clocked by island_175  {rise@0.000ns fall@2.857ns period=5.714ns})
  Destination:            product_bank/payload_memory_reg/DIBDI[10]
                            (rising edge-triggered cell RAMB18E1 clocked by island_175  {rise@0.000ns fall@2.857ns period=5.714ns})
  Path Group:             island_175
  Path Type:              Hold (Min at Fast Process Corner)
  Requirement:            0.000ns  (island_175 rise@0.000ns - island_175 rise@0.000ns)
  Data Path Delay:        0.271ns  (logic 0.164ns (60.558%)  route 0.107ns (39.442%))
  Logic Levels:           0  
  Clock Path Skew:        0.022ns (DCD - SCD - CPR)
    Destination Clock Delay (DCD):    0.432ns
    Source Clock Delay      (SCD):    0.410ns
    Clock Pessimism Removal (CPR):    -0.000ns

    Location             Delay type                Incr(ns)  Path(ns)    Netlist Resource(s)
  -------------------------------------------------------------------    -------------------
                         (clock island_175 rise edge)
                                                      0.000     0.000 r  
                                                      0.000     0.000 r  fft_clk (IN)
                         net (fo=4836, unset)         0.410     0.410    product/fft_clk
    SLICE_X6Y5           FDRE                                         r  product/output_q_reg[8]/C
  -------------------------------------------------------------------    -------------------
    SLICE_X6Y5           FDRE (Prop_fdre_C_Q)         0.164     0.574 r  product/output_q_reg[8]/Q
                         net (fo=1, routed)           0.107     0.681    product_bank/payload_memory_reg_1[8]
    RAMB18_X0Y2          RAMB18E1                                     r  product_bank/payload_memory_reg/DIBDI[10]
  -------------------------------------------------------------------    -------------------

                         (clock island_175 rise edge)
                                                      0.000     0.000 r  
                                                      0.000     0.000 r  fft_clk (IN)
                         net (fo=4836, unset)         0.432     0.432    product_bank/fft_clk
    RAMB18_X0Y2          RAMB18E1                                     r  product_bank/payload_memory_reg/CLKBWRCLK
                         clock pessimism              0.000     0.432    
    RAMB18_X0Y2          RAMB18E1 (Hold_ramb18e1_CLKBWRCLK_DIBDI[10])
                                                      0.155     0.587    product_bank/payload_memory_reg
  -------------------------------------------------------------------
                         required time                         -0.587    
                         arrival time                           0.681    
  -------------------------------------------------------------------
                         slack                                  0.094    

Slack (MET) :             0.094ns  (arrival time - required time)
  Source:                 shared_xfft/U0/i_synth/xfft_inst/non_floating_point.arch_b.xfft_inst/single_channel.datapath/input_muxes[0].write_data_im_mux/use_lut6_2.latency1.Q_reg[16]/C
                            (rising edge-triggered cell FDRE clocked by island_175  {rise@0.000ns fall@2.857ns period=5.714ns})
  Destination:            shared_xfft/U0/i_synth/xfft_inst/non_floating_point.arch_b.xfft_inst/single_channel.datapath/memories[0].blkmem_gen.use_bram_only.dpms/depths_3to9.ram_loop[0].use_RAMB18.SDP_RAMB18E1_36x512/DIBDI[15]
                            (rising edge-triggered cell RAMB18E1 clocked by island_175  {rise@0.000ns fall@2.857ns period=5.714ns})
  Path Group:             island_175
  Path Type:              Hold (Min at Fast Process Corner)
  Requirement:            0.000ns  (island_175 rise@0.000ns - island_175 rise@0.000ns)
  Data Path Delay:        0.271ns  (logic 0.164ns (60.558%)  route 0.107ns (39.442%))
  Logic Levels:           0  
  Clock Path Skew:        0.022ns (DCD - SCD - CPR)
    Destination Clock Delay (DCD):    0.432ns
    Source Clock Delay      (SCD):    0.410ns
    Clock Pessimism Removal (CPR):    -0.000ns

    Location             Delay type                Incr(ns)  Path(ns)    Netlist Resource(s)
  -------------------------------------------------------------------    -------------------
                         (clock island_175 rise edge)
                                                      0.000     0.000 r  
                                                      0.000     0.000 r  fft_clk (IN)
                         net (fo=4836, unset)         0.410     0.410    shared_xfft/U0/i_synth/xfft_inst/non_floating_point.arch_b.xfft_inst/single_channel.datapath/input_muxes[0].write_data_im_mux/aclk
    SLICE_X6Y20          FDRE                                         r  shared_xfft/U0/i_synth/xfft_inst/non_floating_point.arch_b.xfft_inst/single_channel.datapath/input_muxes[0].write_data_im_mux/use_lut6_2.latency1.Q_reg[16]/C
  -------------------------------------------------------------------    -------------------
    SLICE_X6Y20          FDRE (Prop_fdre_C_Q)         0.164     0.574 r  shared_xfft/U0/i_synth/xfft_inst/non_floating_point.arch_b.xfft_inst/single_channel.datapath/input_muxes[0].write_data_im_mux/use_lut6_2.latency1.Q_reg[16]/Q
                         net (fo=1, routed)           0.107     0.681    shared_xfft/U0/i_synth/xfft_inst/non_floating_point.arch_b.xfft_inst/single_channel.datapath/memories[0].blkmem_gen.use_bram_only.dpms/dina[16]
    RAMB18_X0Y7          RAMB18E1                                     r  shared_xfft/U0/i_synth/xfft_inst/non_floating_point.arch_b.xfft_inst/single_channel.datapath/memories[0].blkmem_gen.use_bram_only.dpms/depths_3to9.ram_loop[0].use_RAMB18.SDP_RAMB18E1_36x512/DIBDI[15]
  -------------------------------------------------------------------    -------------------

                         (clock island_175 rise edge)
                                                      0.000     0.000 r  
                                                      0.000     0.000 r  fft_clk (IN)
                         net (fo=4836, unset)         0.432     0.432    shared_xfft/U0/i_synth/xfft_inst/non_floating_point.arch_b.xfft_inst/single_channel.datapath/memories[0].blkmem_gen.use_bram_only.dpms/clk
    RAMB18_X0Y7          RAMB18E1                                     r  shared_xfft/U0/i_synth/xfft_inst/non_floating_point.arch_b.xfft_inst/single_channel.datapath/memories[0].blkmem_gen.use_bram_only.dpms/depths_3to9.ram_loop[0].use_RAMB18.SDP_RAMB18E1_36x512/CLKBWRCLK
                         clock pessimism              0.000     0.432    
    RAMB18_X0Y7          RAMB18E1 (Hold_ramb18e1_CLKBWRCLK_DIBDI[15])
                                                      0.155     0.587    shared_xfft/U0/i_synth/xfft_inst/non_floating_point.arch_b.xfft_inst/single_channel.datapath/memories[0].blkmem_gen.use_bram_only.dpms/depths_3to9.ram_loop[0].use_RAMB18.SDP_RAMB18E1_36x512
  -------------------------------------------------------------------
                         required time                         -0.587    
                         arrival time                           0.681    
  -------------------------------------------------------------------
                         slack                                  0.094    

Slack (MET) :             0.094ns  (arrival time - required time)
  Source:                 shared_xfft/U0/i_synth/xfft_inst/non_floating_point.arch_b.xfft_inst/single_channel.datapath/input_muxes[2].write_data_re_mux/use_lut6_2.latency1.Q_reg[10]/C
                            (rising edge-triggered cell FDRE clocked by island_175  {rise@0.000ns fall@2.857ns period=5.714ns})
  Destination:            shared_xfft/U0/i_synth/xfft_inst/non_floating_point.arch_b.xfft_inst/single_channel.datapath/memories[2].blkmem_gen.use_bram_only.dpms/depths_3to9.ram_loop[0].use_RAMB18.SDP_RAMB18E1_36x512/DIADI[9]
                            (rising edge-triggered cell RAMB18E1 clocked by island_175  {rise@0.000ns fall@2.857ns period=5.714ns})
  Path Group:             island_175
  Path Type:              Hold (Min at Fast Process Corner)
  Requirement:            0.000ns  (island_175 rise@0.000ns - island_175 rise@0.000ns)
  Data Path Delay:        0.271ns  (logic 0.164ns (60.558%)  route 0.107ns (39.442%))
  Logic Levels:           0  
  Clock Path Skew:        0.022ns (DCD - SCD - CPR)
    Destination Clock Delay (DCD):    0.432ns
    Source Clock Delay      (SCD):    0.410ns
    Clock Pessimism Removal (CPR):    -0.000ns

    Location             Delay type                Incr(ns)  Path(ns)    Netlist Resource(s)
  -------------------------------------------------------------------    -------------------
                         (clock island_175 rise edge)
                                                      0.000     0.000 r  
                                                      0.000     0.000 r  fft_clk (IN)
                         net (fo=4836, unset)         0.410     0.410    shared_xfft/U0/i_synth/xfft_inst/non_floating_point.arch_b.xfft_inst/single_channel.datapath/input_muxes[2].write_data_re_mux/aclk
    SLICE_X6Y20          FDRE                                         r  shared_xfft/U0/i_synth/xfft_inst/non_floating_point.arch_b.xfft_inst/single_channel.datapath/input_muxes[2].write_data_re_mux/use_lut6_2.latency1.Q_reg[10]/C
  -------------------------------------------------------------------    -------------------
    SLICE_X6Y20          FDRE (Prop_fdre_C_Q)         0.164     0.574 r  shared_xfft/U0/i_synth/xfft_inst/non_floating_point.arch_b.xfft_inst/single_channel.datapath/input_muxes[2].write_data_re_mux/use_lut6_2.latency1.Q_reg[10]/Q
                         net (fo=1, routed)           0.107     0.681    shared_xfft/U0/i_synth/xfft_inst/non_floating_point.arch_b.xfft_inst/single_channel.datapath/memories[2].blkmem_gen.use_bram_only.dpms/dina[28]
    RAMB18_X0Y8          RAMB18E1                                     r  shared_xfft/U0/i_synth/xfft_inst/non_floating_point.arch_b.xfft_inst/single_channel.datapath/memories[2].blkmem_gen.use_bram_only.dpms/depths_3to9.ram_loop[0].use_RAMB18.SDP_RAMB18E1_36x512/DIADI[9]
  -------------------------------------------------------------------    -------------------

                         (clock island_175 rise edge)
                                                      0.000     0.000 r  
                                                      0.000     0.000 r  fft_clk (IN)
                         net (fo=4836, unset)         0.432     0.432    shared_xfft/U0/i_synth/xfft_inst/non_floating_point.arch_b.xfft_inst/single_channel.datapath/memories[2].blkmem_gen.use_bram_only.dpms/clk
    RAMB18_X0Y8          RAMB18E1                                     r  shared_xfft/U0/i_synth/xfft_inst/non_floating_point.arch_b.xfft_inst/single_channel.datapath/memories[2].blkmem_gen.use_bram_only.dpms/depths_3to9.ram_loop[0].use_RAMB18.SDP_RAMB18E1_36x512/CLKBWRCLK
                         clock pessimism              0.000     0.432    
    RAMB18_X0Y8          RAMB18E1 (Hold_ramb18e1_CLKBWRCLK_DIADI[9])
                                                      0.155     0.587    shared_xfft/U0/i_synth/xfft_inst/non_floating_point.arch_b.xfft_inst/single_channel.datapath/memories[2].blkmem_gen.use_bram_only.dpms/depths_3to9.ram_loop[0].use_RAMB18.SDP_RAMB18E1_36x512
  -------------------------------------------------------------------
                         required time                         -0.587    
                         arrival time                           0.681    
  -------------------------------------------------------------------
                         slack                                  0.094    

Slack (MET) :             0.095ns  (arrival time - required time)
  Source:                 product/output_i_reg[0]/C
                            (rising edge-triggered cell FDRE clocked by island_175  {rise@0.000ns fall@2.857ns period=5.714ns})
  Destination:            product_bank/payload_memory_reg/DIADI[0]
                            (rising edge-triggered cell RAMB18E1 clocked by island_175  {rise@0.000ns fall@2.857ns period=5.714ns})
  Path Group:             island_175
  Path Type:              Hold (Min at Fast Process Corner)
  Requirement:            0.000ns  (island_175 rise@0.000ns - island_175 rise@0.000ns)
  Data Path Delay:        0.272ns  (logic 0.141ns (51.888%)  route 0.131ns (48.112%))
  Logic Levels:           0  
  Clock Path Skew:        0.022ns (DCD - SCD - CPR)
    Destination Clock Delay (DCD):    0.432ns
    Source Clock Delay      (SCD):    0.410ns
    Clock Pessimism Removal (CPR):    -0.000ns

    Location             Delay type                Incr(ns)  Path(ns)    Netlist Resource(s)
  -------------------------------------------------------------------    -------------------
                         (clock island_175 rise edge)
                                                      0.000     0.000 r  
                                                      0.000     0.000 r  fft_clk (IN)
                         net (fo=4836, unset)         0.410     0.410    product/fft_clk
    SLICE_X7Y5           FDRE                                         r  product/output_i_reg[0]/C
  -------------------------------------------------------------------    -------------------
    SLICE_X7Y5           FDRE (Prop_fdre_C_Q)         0.141     0.551 r  product/output_i_reg[0]/Q
                         net (fo=1, routed)           0.131     0.682    product_bank/payload_memory_reg_0[0]
    RAMB18_X0Y2          RAMB18E1                                     r  product_bank/payload_memory_reg/DIADI[0]
  -------------------------------------------------------------------    -------------------

                         (clock island_175 rise edge)
                                                      0.000     0.000 r  
                                                      0.000     0.000 r  fft_clk (IN)
                         net (fo=4836, unset)         0.432     0.432    product_bank/fft_clk
    RAMB18_X0Y2          RAMB18E1                                     r  product_bank/payload_memory_reg/CLKBWRCLK
                         clock pessimism              0.000     0.432    
    RAMB18_X0Y2          RAMB18E1 (Hold_ramb18e1_CLKBWRCLK_DIADI[0])
                                                      0.155     0.587    product_bank/payload_memory_reg
  -------------------------------------------------------------------
                         required time                         -0.587    
                         arrival time                           0.682    
  -------------------------------------------------------------------
                         slack                                  0.095    

Slack (MET) :             0.095ns  (arrival time - required time)
  Source:                 shared_xfft/U0/i_synth/xfft_inst/non_floating_point.arch_b.xfft_inst/single_channel.datapath/input_muxes[2].write_data_re_mux/use_lut6_2.latency1.Q_reg[0]/C
                            (rising edge-triggered cell FDRE clocked by island_175  {rise@0.000ns fall@2.857ns period=5.714ns})
  Destination:            shared_xfft/U0/i_synth/xfft_inst/non_floating_point.arch_b.xfft_inst/single_channel.datapath/memories[2].blkmem_gen.use_bram_only.dpms/depths_3to9.ram_loop[0].use_RAMB18.SDP_RAMB18E1_36x512/DIADI[0]
                            (rising edge-triggered cell RAMB18E1 clocked by island_175  {rise@0.000ns fall@2.857ns period=5.714ns})
  Path Group:             island_175
  Path Type:              Hold (Min at Fast Process Corner)
  Requirement:            0.000ns  (island_175 rise@0.000ns - island_175 rise@0.000ns)
  Data Path Delay:        0.272ns  (logic 0.141ns (51.888%)  route 0.131ns (48.112%))
  Logic Levels:           0  
  Clock Path Skew:        0.022ns (DCD - SCD - CPR)
    Destination Clock Delay (DCD):    0.432ns
    Source Clock Delay      (SCD):    0.410ns
    Clock Pessimism Removal (CPR):    -0.000ns

    Location             Delay type                Incr(ns)  Path(ns)    Netlist Resource(s)
  -------------------------------------------------------------------    -------------------
                         (clock island_175 rise edge)
                                                      0.000     0.000 r  
                                                      0.000     0.000 r  fft_clk (IN)
                         net (fo=4836, unset)         0.410     0.410    shared_xfft/U0/i_synth/xfft_inst/non_floating_point.arch_b.xfft_inst/single_channel.datapath/input_muxes[2].write_data_re_mux/aclk
    SLICE_X7Y21          FDRE                                         r  shared_xfft/U0/i_synth/xfft_inst/non_floating_point.arch_b.xfft_inst/single_channel.datapath/input_muxes[2].write_data_re_mux/use_lut6_2.latency1.Q_reg[0]/C
  -------------------------------------------------------------------    -------------------
    SLICE_X7Y21          FDRE (Prop_fdre_C_Q)         0.141     0.551 r  shared_xfft/U0/i_synth/xfft_inst/non_floating_point.arch_b.xfft_inst/single_channel.datapath/input_muxes[2].write_data_re_mux/use_lut6_2.latency1.Q_reg[0]/Q
                         net (fo=1, routed)           0.131     0.682    shared_xfft/U0/i_synth/xfft_inst/non_floating_point.arch_b.xfft_inst/single_channel.datapath/memories[2].blkmem_gen.use_bram_only.dpms/dina[18]
    RAMB18_X0Y8          RAMB18E1                                     r  shared_xfft/U0/i_synth/xfft_inst/non_floating_point.arch_b.xfft_inst/single_channel.datapath/memories[2].blkmem_gen.use_bram_only.dpms/depths_3to9.ram_loop[0].use_RAMB18.SDP_RAMB18E1_36x512/DIADI[0]
  -------------------------------------------------------------------    -------------------

                         (clock island_175 rise edge)
                                                      0.000     0.000 r  
                                                      0.000     0.000 r  fft_clk (IN)
                         net (fo=4836, unset)         0.432     0.432    shared_xfft/U0/i_synth/xfft_inst/non_floating_point.arch_b.xfft_inst/single_channel.datapath/memories[2].blkmem_gen.use_bram_only.dpms/clk
    RAMB18_X0Y8          RAMB18E1                                     r  shared_xfft/U0/i_synth/xfft_inst/non_floating_point.arch_b.xfft_inst/single_channel.datapath/memories[2].blkmem_gen.use_bram_only.dpms/depths_3to9.ram_loop[0].use_RAMB18.SDP_RAMB18E1_36x512/CLKBWRCLK
                         clock pessimism              0.000     0.432    
    RAMB18_X0Y8          RAMB18E1 (Hold_ramb18e1_CLKBWRCLK_DIADI[0])
                                                      0.155     0.587    shared_xfft/U0/i_synth/xfft_inst/non_floating_point.arch_b.xfft_inst/single_channel.datapath/memories[2].blkmem_gen.use_bram_only.dpms/depths_3to9.ram_loop[0].use_RAMB18.SDP_RAMB18E1_36x512
  -------------------------------------------------------------------
                         required time                         -0.587    
                         arrival time                           0.682    
  -------------------------------------------------------------------
                         slack                                  0.095    

Slack (MET) :             0.095ns  (arrival time - required time)
  Source:                 shared_xfft/U0/i_synth/xfft_inst/non_floating_point.arch_b.xfft_inst/single_channel.datapath/input_muxes[2].write_data_re_mux/use_lut6_2.latency1.Q_reg[12]/C
                            (rising edge-triggered cell FDRE clocked by island_175  {rise@0.000ns fall@2.857ns period=5.714ns})
  Destination:            shared_xfft/U0/i_synth/xfft_inst/non_floating_point.arch_b.xfft_inst/single_channel.datapath/memories[2].blkmem_gen.use_bram_only.dpms/depths_3to9.ram_loop[0].use_RAMB18.SDP_RAMB18E1_36x512/DIADI[11]
                            (rising edge-triggered cell RAMB18E1 clocked by island_175  {rise@0.000ns fall@2.857ns period=5.714ns})
  Path Group:             island_175
  Path Type:              Hold (Min at Fast Process Corner)
  Requirement:            0.000ns  (island_175 rise@0.000ns - island_175 rise@0.000ns)
  Data Path Delay:        0.272ns  (logic 0.164ns (60.336%)  route 0.108ns (39.664%))
  Logic Levels:           0  
  Clock Path Skew:        0.022ns (DCD - SCD - CPR)
    Destination Clock Delay (DCD):    0.432ns
    Source Clock Delay      (SCD):    0.410ns
    Clock Pessimism Removal (CPR):    -0.000ns

    Location             Delay type                Incr(ns)  Path(ns)    Netlist Resource(s)
  -------------------------------------------------------------------    -------------------
                         (clock island_175 rise edge)
                                                      0.000     0.000 r  
                                                      0.000     0.000 r  fft_clk (IN)
                         net (fo=4836, unset)         0.410     0.410    shared_xfft/U0/i_synth/xfft_inst/non_floating_point.arch_b.xfft_inst/single_channel.datapath/input_muxes[2].write_data_re_mux/aclk
    SLICE_X6Y20          FDRE                                         r  shared_xfft/U0/i_synth/xfft_inst/non_floating_point.arch_b.xfft_inst/single_channel.datapath/input_muxes[2].write_data_re_mux/use_lut6_2.latency1.Q_reg[12]/C
  -------------------------------------------------------------------    -------------------
    SLICE_X6Y20          FDRE (Prop_fdre_C_Q)         0.164     0.574 r  shared_xfft/U0/i_synth/xfft_inst/non_floating_point.arch_b.xfft_inst/single_channel.datapath/input_muxes[2].write_data_re_mux/use_lut6_2.latency1.Q_reg[12]/Q
                         net (fo=1, routed)           0.108     0.682    shared_xfft/U0/i_synth/xfft_inst/non_floating_point.arch_b.xfft_inst/single_channel.datapath/memories[2].blkmem_gen.use_bram_only.dpms/dina[30]
    RAMB18_X0Y8          RAMB18E1                                     r  shared_xfft/U0/i_synth/xfft_inst/non_floating_point.arch_b.xfft_inst/single_channel.datapath/memories[2].blkmem_gen.use_bram_only.dpms/depths_3to9.ram_loop[0].use_RAMB18.SDP_RAMB18E1_36x512/DIADI[11]
  -------------------------------------------------------------------    -------------------

                         (clock island_175 rise edge)
                                                      0.000     0.000 r  
                                                      0.000     0.000 r  fft_clk (IN)
                         net (fo=4836, unset)         0.432     0.432    shared_xfft/U0/i_synth/xfft_inst/non_floating_point.arch_b.xfft_inst/single_channel.datapath/memories[2].blkmem_gen.use_bram_only.dpms/clk
    RAMB18_X0Y8          RAMB18E1                                     r  shared_xfft/U0/i_synth/xfft_inst/non_floating_point.arch_b.xfft_inst/single_channel.datapath/memories[2].blkmem_gen.use_bram_only.dpms/depths_3to9.ram_loop[0].use_RAMB18.SDP_RAMB18E1_36x512/CLKBWRCLK
                         clock pessimism              0.000     0.432    
    RAMB18_X0Y8          RAMB18E1 (Hold_ramb18e1_CLKBWRCLK_DIADI[11])
                                                      0.155     0.587    shared_xfft/U0/i_synth/xfft_inst/non_floating_point.arch_b.xfft_inst/single_channel.datapath/memories[2].blkmem_gen.use_bram_only.dpms/depths_3to9.ram_loop[0].use_RAMB18.SDP_RAMB18E1_36x512
  -------------------------------------------------------------------
                         required time                         -0.587    
                         arrival time                           0.682    
  -------------------------------------------------------------------
                         slack                                  0.095    

Slack (MET) :             0.095ns  (arrival time - required time)
  Source:                 shared_xfft/U0/i_synth/xfft_inst/non_floating_point.arch_b.xfft_inst/single_channel.datapath/input_muxes[2].write_data_im_mux/use_lut6_2.latency1.Q_reg[10]/C
                            (rising edge-triggered cell FDRE clocked by island_175  {rise@0.000ns fall@2.857ns period=5.714ns})
  Destination:            shared_xfft/U0/i_synth/xfft_inst/non_floating_point.arch_b.xfft_inst/single_channel.datapath/memories[2].blkmem_gen.use_bram_only.dpms/depths_3to9.ram_loop[0].use_RAMB18.SDP_RAMB18E1_36x512/DIBDI[9]
                            (rising edge-triggered cell RAMB18E1 clocked by island_175  {rise@0.000ns fall@2.857ns period=5.714ns})
  Path Group:             island_175
  Path Type:              Hold (Min at Fast Process Corner)
  Requirement:            0.000ns  (island_175 rise@0.000ns - island_175 rise@0.000ns)
  Data Path Delay:        0.272ns  (logic 0.164ns (60.336%)  route 0.108ns (39.664%))
  Logic Levels:           0  
  Clock Path Skew:        0.022ns (DCD - SCD - CPR)
    Destination Clock Delay (DCD):    0.432ns
    Source Clock Delay      (SCD):    0.410ns
    Clock Pessimism Removal (CPR):    -0.000ns

    Location             Delay type                Incr(ns)  Path(ns)    Netlist Resource(s)
  -------------------------------------------------------------------    -------------------
                         (clock island_175 rise edge)
                                                      0.000     0.000 r  
                                                      0.000     0.000 r  fft_clk (IN)
                         net (fo=4836, unset)         0.410     0.410    shared_xfft/U0/i_synth/xfft_inst/non_floating_point.arch_b.xfft_inst/single_channel.datapath/input_muxes[2].write_data_im_mux/aclk
    SLICE_X6Y20          FDRE                                         r  shared_xfft/U0/i_synth/xfft_inst/non_floating_point.arch_b.xfft_inst/single_channel.datapath/input_muxes[2].write_data_im_mux/use_lut6_2.latency1.Q_reg[10]/C
  -------------------------------------------------------------------    -------------------
    SLICE_X6Y20          FDRE (Prop_fdre_C_Q)         0.164     0.574 r  shared_xfft/U0/i_synth/xfft_inst/non_floating_point.arch_b.xfft_inst/single_channel.datapath/input_muxes[2].write_data_im_mux/use_lut6_2.latency1.Q_reg[10]/Q
                         net (fo=1, routed)           0.108     0.682    shared_xfft/U0/i_synth/xfft_inst/non_floating_point.arch_b.xfft_inst/single_channel.datapath/memories[2].blkmem_gen.use_bram_only.dpms/dina[10]
    RAMB18_X0Y8          RAMB18E1                                     r  shared_xfft/U0/i_synth/xfft_inst/non_floating_point.arch_b.xfft_inst/single_channel.datapath/memories[2].blkmem_gen.use_bram_only.dpms/depths_3to9.ram_loop[0].use_RAMB18.SDP_RAMB18E1_36x512/DIBDI[9]
  -------------------------------------------------------------------    -------------------

                         (clock island_175 rise edge)
                                                      0.000     0.000 r  
                                                      0.000     0.000 r  fft_clk (IN)
                         net (fo=4836, unset)         0.432     0.432    shared_xfft/U0/i_synth/xfft_inst/non_floating_point.arch_b.xfft_inst/single_channel.datapath/memories[2].blkmem_gen.use_bram_only.dpms/clk
    RAMB18_X0Y8          RAMB18E1                                     r  shared_xfft/U0/i_synth/xfft_inst/non_floating_point.arch_b.xfft_inst/single_channel.datapath/memories[2].blkmem_gen.use_bram_only.dpms/depths_3to9.ram_loop[0].use_RAMB18.SDP_RAMB18E1_36x512/CLKBWRCLK
                         clock pessimism              0.000     0.432    
    RAMB18_X0Y8          RAMB18E1 (Hold_ramb18e1_CLKBWRCLK_DIBDI[9])
                                                      0.155     0.587    shared_xfft/U0/i_synth/xfft_inst/non_floating_point.arch_b.xfft_inst/single_channel.datapath/memories[2].blkmem_gen.use_bram_only.dpms/depths_3to9.ram_loop[0].use_RAMB18.SDP_RAMB18E1_36x512
  -------------------------------------------------------------------
                         required time                         -0.587    
                         arrival time                           0.682    
  -------------------------------------------------------------------
                         slack                                  0.095    

Slack (MET) :             0.097ns  (arrival time - required time)
  Source:                 shared_xfft/U0/i_synth/xfft_inst/non_floating_point.arch_b.xfft_inst/single_channel.datapath/pe/mult_gen.Mult2/i_cmpy/three_mult_structure.use_dsp.i_dsp48/dsp_preadder_1.reg_mult1_preadd_d/dN.std_srl.shift_reg_reg[0][7]/C
                            (rising edge-triggered cell FDRE clocked by island_175  {rise@0.000ns fall@2.857ns period=5.714ns})
  Destination:            shared_xfft/U0/i_synth/xfft_inst/non_floating_point.arch_b.xfft_inst/single_channel.datapath/pe/mult_gen.Mult2/i_cmpy/three_mult_structure.use_dsp.i_dsp48/dsp_preadder_3.reg_mult3_preadd_d/dN.std_srl.shift_reg_reg[1][7]/D
                            (rising edge-triggered cell FDRE clocked by island_175  {rise@0.000ns fall@2.857ns period=5.714ns})
  Path Group:             island_175
  Path Type:              Hold (Min at Fast Process Corner)
  Requirement:            0.000ns  (island_175 rise@0.000ns - island_175 rise@0.000ns)
  Data Path Delay:        0.197ns  (logic 0.141ns (71.611%)  route 0.056ns (28.389%))
  Logic Levels:           0  
  Clock Path Skew:        0.022ns (DCD - SCD - CPR)
    Destination Clock Delay (DCD):    0.432ns
    Source Clock Delay      (SCD):    0.410ns
    Clock Pessimism Removal (CPR):    -0.000ns

    Location             Delay type                Incr(ns)  Path(ns)    Netlist Resource(s)
  -------------------------------------------------------------------    -------------------
                         (clock island_175 rise edge)
                                                      0.000     0.000 r  
                                                      0.000     0.000 r  fft_clk (IN)
                         net (fo=4836, unset)         0.410     0.410    shared_xfft/U0/i_synth/xfft_inst/non_floating_point.arch_b.xfft_inst/single_channel.datapath/pe/mult_gen.Mult2/i_cmpy/three_mult_structure.use_dsp.i_dsp48/dsp_preadder_1.reg_mult1_preadd_d/aclk
    SLICE_X35Y11         FDRE                                         r  shared_xfft/U0/i_synth/xfft_inst/non_floating_point.arch_b.xfft_inst/single_channel.datapath/pe/mult_gen.Mult2/i_cmpy/three_mult_structure.use_dsp.i_dsp48/dsp_preadder_1.reg_mult1_preadd_d/dN.std_srl.shift_reg_reg[0][7]/C
  -------------------------------------------------------------------    -------------------
    SLICE_X35Y11         FDRE (Prop_fdre_C_Q)         0.141     0.551 r  shared_xfft/U0/i_synth/xfft_inst/non_floating_point.arch_b.xfft_inst/single_channel.datapath/pe/mult_gen.Mult2/i_cmpy/three_mult_structure.use_dsp.i_dsp48/dsp_preadder_1.reg_mult1_preadd_d/dN.std_srl.shift_reg_reg[0][7]/Q
                         net (fo=1, routed)           0.056     0.607    shared_xfft/U0/i_synth/xfft_inst/non_floating_point.arch_b.xfft_inst/single_channel.datapath/pe/mult_gen.Mult2/i_cmpy/three_mult_structure.use_dsp.i_dsp48/dsp_preadder_3.reg_mult3_preadd_d/Q[7]
    SLICE_X35Y11         FDRE                                         r  shared_xfft/U0/i_synth/xfft_inst/non_floating_point.arch_b.xfft_inst/single_channel.datapath/pe/mult_gen.Mult2/i_cmpy/three_mult_structure.use_dsp.i_dsp48/dsp_preadder_3.reg_mult3_preadd_d/dN.std_srl.shift_reg_reg[1][7]/D
  -------------------------------------------------------------------    -------------------

                         (clock island_175 rise edge)
                                                      0.000     0.000 r  
                                                      0.000     0.000 r  fft_clk (IN)
                         net (fo=4836, unset)         0.432     0.432    shared_xfft/U0/i_synth/xfft_inst/non_floating_point.arch_b.xfft_inst/single_channel.datapath/pe/mult_gen.Mult2/i_cmpy/three_mult_structure.use_dsp.i_dsp48/dsp_preadder_3.reg_mult3_preadd_d/aclk
    SLICE_X35Y11         FDRE                                         r  shared_xfft/U0/i_synth/xfft_inst/non_floating_point.arch_b.xfft_inst/single_channel.datapath/pe/mult_gen.Mult2/i_cmpy/three_mult_structure.use_dsp.i_dsp48/dsp_preadder_3.reg_mult3_preadd_d/dN.std_srl.shift_reg_reg[1][7]/C
                         clock pessimism              0.000     0.432    
    SLICE_X35Y11         FDRE (Hold_fdre_C_D)         0.078     0.510    shared_xfft/U0/i_synth/xfft_inst/non_floating_point.arch_b.xfft_inst/single_channel.datapath/pe/mult_gen.Mult2/i_cmpy/three_mult_structure.use_dsp.i_dsp48/dsp_preadder_3.reg_mult3_preadd_d/dN.std_srl.shift_reg_reg[1][7]
  -------------------------------------------------------------------
                         required time                         -0.510    
                         arrival time                           0.607    
  -------------------------------------------------------------------
                         slack                                  0.097    





Pulse Width Checks
--------------------------------------------------------------------------------------
Clock Name:         island_175
Waveform(ns):       { 0.000 2.857 }
Period(ns):         5.714
Sources:            { fft_clk }

Check Type        Corner  Lib Pin             Reference Pin  Required(ns)  Actual(ns)  Slack(ns)  Location      Pin
Min Period        n/a     RAMB18E1/CLKARDCLK  n/a            2.944         5.714       2.770      RAMB18_X0Y2   product_bank/payload_memory_reg/CLKARDCLK
Min Period        n/a     RAMB18E1/CLKBWRCLK  n/a            2.944         5.714       2.770      RAMB18_X0Y2   product_bank/payload_memory_reg/CLKBWRCLK
Min Period        n/a     RAMB18E1/CLKARDCLK  n/a            2.944         5.714       2.770      RAMB18_X0Y7   shared_xfft/U0/i_synth/xfft_inst/non_floating_point.arch_b.xfft_inst/single_channel.datapath/memories[0].blkmem_gen.use_bram_only.dpms/depths_3to9.ram_loop[0].use_RAMB18.SDP_RAMB18E1_36x512/CLKARDCLK
Min Period        n/a     RAMB18E1/CLKBWRCLK  n/a            2.944         5.714       2.770      RAMB18_X0Y7   shared_xfft/U0/i_synth/xfft_inst/non_floating_point.arch_b.xfft_inst/single_channel.datapath/memories[0].blkmem_gen.use_bram_only.dpms/depths_3to9.ram_loop[0].use_RAMB18.SDP_RAMB18E1_36x512/CLKBWRCLK
Min Period        n/a     RAMB18E1/CLKARDCLK  n/a            2.944         5.714       2.770      RAMB18_X0Y5   shared_xfft/U0/i_synth/xfft_inst/non_floating_point.arch_b.xfft_inst/single_channel.datapath/memories[1].blkmem_gen.use_bram_only.dpms/depths_3to9.ram_loop[0].use_RAMB18.SDP_RAMB18E1_36x512/CLKARDCLK
Min Period        n/a     RAMB18E1/CLKBWRCLK  n/a            2.944         5.714       2.770      RAMB18_X0Y5   shared_xfft/U0/i_synth/xfft_inst/non_floating_point.arch_b.xfft_inst/single_channel.datapath/memories[1].blkmem_gen.use_bram_only.dpms/depths_3to9.ram_loop[0].use_RAMB18.SDP_RAMB18E1_36x512/CLKBWRCLK
Min Period        n/a     RAMB18E1/CLKARDCLK  n/a            2.944         5.714       2.770      RAMB18_X0Y8   shared_xfft/U0/i_synth/xfft_inst/non_floating_point.arch_b.xfft_inst/single_channel.datapath/memories[2].blkmem_gen.use_bram_only.dpms/depths_3to9.ram_loop[0].use_RAMB18.SDP_RAMB18E1_36x512/CLKARDCLK
Min Period        n/a     RAMB18E1/CLKBWRCLK  n/a            2.944         5.714       2.770      RAMB18_X0Y8   shared_xfft/U0/i_synth/xfft_inst/non_floating_point.arch_b.xfft_inst/single_channel.datapath/memories[2].blkmem_gen.use_bram_only.dpms/depths_3to9.ram_loop[0].use_RAMB18.SDP_RAMB18E1_36x512/CLKBWRCLK
Min Period        n/a     RAMB18E1/CLKARDCLK  n/a            2.944         5.714       2.770      RAMB18_X0Y6   shared_xfft/U0/i_synth/xfft_inst/non_floating_point.arch_b.xfft_inst/single_channel.datapath/memories[3].blkmem_gen.use_bram_only.dpms/depths_3to9.ram_loop[0].use_RAMB18.SDP_RAMB18E1_36x512/CLKARDCLK
Min Period        n/a     RAMB18E1/CLKBWRCLK  n/a            2.944         5.714       2.770      RAMB18_X0Y6   shared_xfft/U0/i_synth/xfft_inst/non_floating_point.arch_b.xfft_inst/single_channel.datapath/memories[3].blkmem_gen.use_bram_only.dpms/depths_3to9.ram_loop[0].use_RAMB18.SDP_RAMB18E1_36x512/CLKBWRCLK
Min Period        n/a     RAMB18E1/CLKARDCLK  n/a            2.576         5.714       3.138      RAMB18_X0Y0   joiner/kernel_rom/private_rom_read_ahead.speculative_word_reg/CLKARDCLK
Min Period        n/a     RAMB18E1/CLKBWRCLK  n/a            2.576         5.714       3.138      RAMB18_X0Y0   joiner/kernel_rom/private_rom_read_ahead.speculative_word_reg/CLKBWRCLK
Min Period        n/a     RAMB18E1/CLKBWRCLK  n/a            2.576         5.714       3.138      RAMB18_X0Y1   output_bank/payload_memory_reg/CLKBWRCLK
Min Period        n/a     RAMB18E1/CLKARDCLK  n/a            2.576         5.714       3.138      RAMB18_X2Y6   shared_xfft/U0/i_synth/xfft_inst/non_floating_point.arch_b.xfft_inst/control/twiddle_generator1/tw0.twgen0/sin_pre_read_reg/CLKARDCLK
Min Period        n/a     RAMB18E1/CLKBWRCLK  n/a            2.576         5.714       3.138      RAMB18_X2Y6   shared_xfft/U0/i_synth/xfft_inst/non_floating_point.arch_b.xfft_inst/control/twiddle_generator1/tw0.twgen0/sin_pre_read_reg/CLKBWRCLK
Min Period        n/a     RAMB18E1/CLKARDCLK  n/a            2.576         5.714       3.138      RAMB18_X2Y5   shared_xfft/U0/i_synth/xfft_inst/non_floating_point.arch_b.xfft_inst/control/twiddle_generator2/tw0.twgen0/sin_pre_read_reg/CLKARDCLK
Min Period        n/a     RAMB18E1/CLKBWRCLK  n/a            2.576         5.714       3.138      RAMB18_X2Y5   shared_xfft/U0/i_synth/xfft_inst/non_floating_point.arch_b.xfft_inst/control/twiddle_generator2/tw0.twgen0/sin_pre_read_reg/CLKBWRCLK
Min Period        n/a     RAMB18E1/CLKARDCLK  n/a            2.576         5.714       3.138      RAMB18_X2Y8   shared_xfft/U0/i_synth/xfft_inst/non_floating_point.arch_b.xfft_inst/control/twiddle_generator3/tw0.twgen0/sin_pre_read_reg/CLKARDCLK
Min Period        n/a     RAMB18E1/CLKBWRCLK  n/a            2.576         5.714       3.138      RAMB18_X2Y8   shared_xfft/U0/i_synth/xfft_inst/non_floating_point.arch_b.xfft_inst/control/twiddle_generator3/tw0.twgen0/sin_pre_read_reg/CLKBWRCLK
Min Period        n/a     RAMB18E1/CLKARDCLK  n/a            2.576         5.714       3.138      RAMB18_X0Y10  shared_xfft/U0/i_synth/xfft_inst/non_floating_point.arch_b.xfft_inst/single_channel.datapath/bfp_scaling.pe_ranger_inst/ranger_ar/scale_reg/CLKARDCLK
Low Pulse Width   Slow    SRLC32E/CLK         n/a            0.980         2.857       1.877      SLICE_X12Y13  shared_xfft/U0/i_synth/xfft_inst/non_floating_point.arch_b.xfft_inst/control/control/bfp_sclr_gen.delay_line_bfp[26].cy_bfp_reg[27]_srl26/CLK
Low Pulse Width   Fast    SRLC32E/CLK         n/a            0.980         2.857       1.877      SLICE_X12Y13  shared_xfft/U0/i_synth/xfft_inst/non_floating_point.arch_b.xfft_inst/control/control/bfp_sclr_gen.delay_line_bfp[26].cy_bfp_reg[27]_srl26/CLK
Low Pulse Width   Slow    SRLC32E/CLK         n/a            0.980         2.857       1.877      SLICE_X4Y6    shared_xfft/U0/i_synth/xfft_inst/non_floating_point.arch_b.xfft_inst/control/control/need_output_sclr.delay_line[23].cy_reg[24]_srl23/CLK
Low Pulse Width   Fast    SRLC32E/CLK         n/a            0.980         2.857       1.877      SLICE_X4Y6    shared_xfft/U0/i_synth/xfft_inst/non_floating_point.arch_b.xfft_inst/control/control/need_output_sclr.delay_line[23].cy_reg[24]_srl23/CLK
Low Pulse Width   Slow    SRLC32E/CLK         n/a            0.980         2.857       1.877      SLICE_X16Y15  shared_xfft/U0/i_synth/xfft_inst/non_floating_point.arch_b.xfft_inst/control/control/need_we_process_sclr.delay_i_we/no_sclr_lut.real_shift_ram.use_baseblock.not_use_hlutnm_srls.i_shift_ram/i_bb_inst/f0.srl_sig_reg[26][0]_srl27/CLK
Low Pulse Width   Fast    SRLC32E/CLK         n/a            0.980         2.857       1.877      SLICE_X16Y15  shared_xfft/U0/i_synth/xfft_inst/non_floating_point.arch_b.xfft_inst/control/control/need_we_process_sclr.delay_i_we/no_sclr_lut.real_shift_ram.use_baseblock.not_use_hlutnm_srls.i_shift_ram/i_bb_inst/f0.srl_sig_reg[26][0]_srl27/CLK
Low Pulse Width   Slow    SRL16E/CLK          n/a            0.980         2.857       1.877      SLICE_X4Y12   shared_xfft/U0/i_synth/xfft_inst/non_floating_point.arch_b.xfft_inst/control/delay_line2_for_rfd/no_sclr_lut.real_shift_ram.use_baseblock.not_use_hlutnm_srls.i_shift_ram/i_bb_inst/f0.srl_sig_reg[1][0]_srl2/CLK
Low Pulse Width   Fast    SRL16E/CLK          n/a            0.980         2.857       1.877      SLICE_X4Y12   shared_xfft/U0/i_synth/xfft_inst/non_floating_point.arch_b.xfft_inst/control/delay_line2_for_rfd/no_sclr_lut.real_shift_ram.use_baseblock.not_use_hlutnm_srls.i_shift_ram/i_bb_inst/f0.srl_sig_reg[1][0]_srl2/CLK
Low Pulse Width   Slow    SRL16E/CLK          n/a            0.980         2.857       1.877      SLICE_X6Y13   shared_xfft/U0/i_synth/xfft_inst/non_floating_point.arch_b.xfft_inst/control/delay_line4_for_rfd/no_sclr_lut.real_shift_ram.use_baseblock.not_use_hlutnm_srls.i_shift_ram/i_bb_inst/f0.srl_sig_reg[1][0]_srl2/CLK
Low Pulse Width   Fast    SRL16E/CLK          n/a            0.980         2.857       1.877      SLICE_X6Y13   shared_xfft/U0/i_synth/xfft_inst/non_floating_point.arch_b.xfft_inst/control/delay_line4_for_rfd/no_sclr_lut.real_shift_ram.use_baseblock.not_use_hlutnm_srls.i_shift_ram/i_bb_inst/f0.srl_sig_reg[1][0]_srl2/CLK
Low Pulse Width   Slow    SRL16E/CLK          n/a            0.980         2.857       1.877      SLICE_X4Y16   shared_xfft/U0/i_synth/xfft_inst/non_floating_point.arch_b.xfft_inst/control/delay_line_4_in_wr_addr/no_sclr_lut.real_shift_ram.use_baseblock.use_hlutnm_srls.runt_srl_loop.i_srl16e/CLK
Low Pulse Width   Fast    SRL16E/CLK          n/a            0.980         2.857       1.877      SLICE_X4Y16   shared_xfft/U0/i_synth/xfft_inst/non_floating_point.arch_b.xfft_inst/control/delay_line_4_in_wr_addr/no_sclr_lut.real_shift_ram.use_baseblock.use_hlutnm_srls.runt_srl_loop.i_srl16e/CLK
Low Pulse Width   Slow    SRL16E/CLK          n/a            0.980         2.857       1.877      SLICE_X4Y16   shared_xfft/U0/i_synth/xfft_inst/non_floating_point.arch_b.xfft_inst/control/delay_line_4_in_wr_addr/no_sclr_lut.real_shift_ram.use_baseblock.use_hlutnm_srls.srl_loop[0].i_srl16e0/CLK
Low Pulse Width   Fast    SRL16E/CLK          n/a            0.980         2.857       1.877      SLICE_X4Y16   shared_xfft/U0/i_synth/xfft_inst/non_floating_point.arch_b.xfft_inst/control/delay_line_4_in_wr_addr/no_sclr_lut.real_shift_ram.use_baseblock.use_hlutnm_srls.srl_loop[0].i_srl16e0/CLK
Low Pulse Width   Slow    SRL16E/CLK          n/a            0.980         2.857       1.877      SLICE_X4Y16   shared_xfft/U0/i_synth/xfft_inst/non_floating_point.arch_b.xfft_inst/control/delay_line_4_in_wr_addr/no_sclr_lut.real_shift_ram.use_baseblock.use_hlutnm_srls.srl_loop[0].i_srl16e1/CLK
Low Pulse Width   Fast    SRL16E/CLK          n/a            0.980         2.857       1.877      SLICE_X4Y16   shared_xfft/U0/i_synth/xfft_inst/non_floating_point.arch_b.xfft_inst/control/delay_line_4_in_wr_addr/no_sclr_lut.real_shift_ram.use_baseblock.use_hlutnm_srls.srl_loop[0].i_srl16e1/CLK
Low Pulse Width   Slow    SRL16E/CLK          n/a            0.980         2.857       1.877      SLICE_X0Y13   shared_xfft/U0/i_synth/xfft_inst/non_floating_point.arch_b.xfft_inst/control/delay_line_4_in_wr_addr/no_sclr_lut.real_shift_ram.use_baseblock.use_hlutnm_srls.srl_loop[1].i_srl16e0/CLK
Low Pulse Width   Fast    SRL16E/CLK          n/a            0.980         2.857       1.877      SLICE_X0Y13   shared_xfft/U0/i_synth/xfft_inst/non_floating_point.arch_b.xfft_inst/control/delay_line_4_in_wr_addr/no_sclr_lut.real_shift_ram.use_baseblock.use_hlutnm_srls.srl_loop[1].i_srl16e0/CLK
Low Pulse Width   Slow    SRL16E/CLK          n/a            0.980         2.857       1.877      SLICE_X0Y13   shared_xfft/U0/i_synth/xfft_inst/non_floating_point.arch_b.xfft_inst/control/delay_line_4_in_wr_addr/no_sclr_lut.real_shift_ram.use_baseblock.use_hlutnm_srls.srl_loop[1].i_srl16e1/CLK
Low Pulse Width   Fast    SRL16E/CLK          n/a            0.980         2.857       1.877      SLICE_X0Y13   shared_xfft/U0/i_synth/xfft_inst/non_floating_point.arch_b.xfft_inst/control/delay_line_4_in_wr_addr/no_sclr_lut.real_shift_ram.use_baseblock.use_hlutnm_srls.srl_loop[1].i_srl16e1/CLK
High Pulse Width  Slow    SRLC32E/CLK         n/a            0.980         2.857       1.877      SLICE_X12Y13  shared_xfft/U0/i_synth/xfft_inst/non_floating_point.arch_b.xfft_inst/control/control/bfp_sclr_gen.delay_line_bfp[26].cy_bfp_reg[27]_srl26/CLK
High Pulse Width  Fast    SRLC32E/CLK         n/a            0.980         2.857       1.877      SLICE_X12Y13  shared_xfft/U0/i_synth/xfft_inst/non_floating_point.arch_b.xfft_inst/control/control/bfp_sclr_gen.delay_line_bfp[26].cy_bfp_reg[27]_srl26/CLK
High Pulse Width  Slow    SRLC32E/CLK         n/a            0.980         2.857       1.877      SLICE_X4Y6    shared_xfft/U0/i_synth/xfft_inst/non_floating_point.arch_b.xfft_inst/control/control/need_output_sclr.delay_line[23].cy_reg[24]_srl23/CLK
High Pulse Width  Fast    SRLC32E/CLK         n/a            0.980         2.857       1.877      SLICE_X4Y6    shared_xfft/U0/i_synth/xfft_inst/non_floating_point.arch_b.xfft_inst/control/control/need_output_sclr.delay_line[23].cy_reg[24]_srl23/CLK
High Pulse Width  Slow    SRLC32E/CLK         n/a            0.980         2.857       1.877      SLICE_X16Y15  shared_xfft/U0/i_synth/xfft_inst/non_floating_point.arch_b.xfft_inst/control/control/need_we_process_sclr.delay_i_we/no_sclr_lut.real_shift_ram.use_baseblock.not_use_hlutnm_srls.i_shift_ram/i_bb_inst/f0.srl_sig_reg[26][0]_srl27/CLK
High Pulse Width  Fast    SRLC32E/CLK         n/a            0.980         2.857       1.877      SLICE_X16Y15  shared_xfft/U0/i_synth/xfft_inst/non_floating_point.arch_b.xfft_inst/control/control/need_we_process_sclr.delay_i_we/no_sclr_lut.real_shift_ram.use_baseblock.not_use_hlutnm_srls.i_shift_ram/i_bb_inst/f0.srl_sig_reg[26][0]_srl27/CLK
High Pulse Width  Slow    SRL16E/CLK          n/a            0.980         2.857       1.877      SLICE_X4Y12   shared_xfft/U0/i_synth/xfft_inst/non_floating_point.arch_b.xfft_inst/control/delay_line2_for_rfd/no_sclr_lut.real_shift_ram.use_baseblock.not_use_hlutnm_srls.i_shift_ram/i_bb_inst/f0.srl_sig_reg[1][0]_srl2/CLK
High Pulse Width  Fast    SRL16E/CLK          n/a            0.980         2.857       1.877      SLICE_X4Y12   shared_xfft/U0/i_synth/xfft_inst/non_floating_point.arch_b.xfft_inst/control/delay_line2_for_rfd/no_sclr_lut.real_shift_ram.use_baseblock.not_use_hlutnm_srls.i_shift_ram/i_bb_inst/f0.srl_sig_reg[1][0]_srl2/CLK
High Pulse Width  Slow    SRL16E/CLK          n/a            0.980         2.857       1.877      SLICE_X6Y13   shared_xfft/U0/i_synth/xfft_inst/non_floating_point.arch_b.xfft_inst/control/delay_line4_for_rfd/no_sclr_lut.real_shift_ram.use_baseblock.not_use_hlutnm_srls.i_shift_ram/i_bb_inst/f0.srl_sig_reg[1][0]_srl2/CLK
High Pulse Width  Fast    SRL16E/CLK          n/a            0.980         2.857       1.877      SLICE_X6Y13   shared_xfft/U0/i_synth/xfft_inst/non_floating_point.arch_b.xfft_inst/control/delay_line4_for_rfd/no_sclr_lut.real_shift_ram.use_baseblock.not_use_hlutnm_srls.i_shift_ram/i_bb_inst/f0.srl_sig_reg[1][0]_srl2/CLK
High Pulse Width  Slow    SRL16E/CLK          n/a            0.980         2.857       1.877      SLICE_X4Y16   shared_xfft/U0/i_synth/xfft_inst/non_floating_point.arch_b.xfft_inst/control/delay_line_4_in_wr_addr/no_sclr_lut.real_shift_ram.use_baseblock.use_hlutnm_srls.runt_srl_loop.i_srl16e/CLK
High Pulse Width  Fast    SRL16E/CLK          n/a            0.980         2.857       1.877      SLICE_X4Y16   shared_xfft/U0/i_synth/xfft_inst/non_floating_point.arch_b.xfft_inst/control/delay_line_4_in_wr_addr/no_sclr_lut.real_shift_ram.use_baseblock.use_hlutnm_srls.runt_srl_loop.i_srl16e/CLK
High Pulse Width  Slow    SRL16E/CLK          n/a            0.980         2.857       1.877      SLICE_X4Y16   shared_xfft/U0/i_synth/xfft_inst/non_floating_point.arch_b.xfft_inst/control/delay_line_4_in_wr_addr/no_sclr_lut.real_shift_ram.use_baseblock.use_hlutnm_srls.srl_loop[0].i_srl16e0/CLK
High Pulse Width  Fast    SRL16E/CLK          n/a            0.980         2.857       1.877      SLICE_X4Y16   shared_xfft/U0/i_synth/xfft_inst/non_floating_point.arch_b.xfft_inst/control/delay_line_4_in_wr_addr/no_sclr_lut.real_shift_ram.use_baseblock.use_hlutnm_srls.srl_loop[0].i_srl16e0/CLK
High Pulse Width  Slow    SRL16E/CLK          n/a            0.980         2.857       1.877      SLICE_X4Y16   shared_xfft/U0/i_synth/xfft_inst/non_floating_point.arch_b.xfft_inst/control/delay_line_4_in_wr_addr/no_sclr_lut.real_shift_ram.use_baseblock.use_hlutnm_srls.srl_loop[0].i_srl16e1/CLK
High Pulse Width  Fast    SRL16E/CLK          n/a            0.980         2.857       1.877      SLICE_X4Y16   shared_xfft/U0/i_synth/xfft_inst/non_floating_point.arch_b.xfft_inst/control/delay_line_4_in_wr_addr/no_sclr_lut.real_shift_ram.use_baseblock.use_hlutnm_srls.srl_loop[0].i_srl16e1/CLK
High Pulse Width  Slow    SRL16E/CLK          n/a            0.980         2.857       1.877      SLICE_X0Y13   shared_xfft/U0/i_synth/xfft_inst/non_floating_point.arch_b.xfft_inst/control/delay_line_4_in_wr_addr/no_sclr_lut.real_shift_ram.use_baseblock.use_hlutnm_srls.srl_loop[1].i_srl16e0/CLK
High Pulse Width  Fast    SRL16E/CLK          n/a            0.980         2.857       1.877      SLICE_X0Y13   shared_xfft/U0/i_synth/xfft_inst/non_floating_point.arch_b.xfft_inst/control/delay_line_4_in_wr_addr/no_sclr_lut.real_shift_ram.use_baseblock.use_hlutnm_srls.srl_loop[1].i_srl16e0/CLK
High Pulse Width  Slow    SRL16E/CLK          n/a            0.980         2.857       1.877      SLICE_X0Y13   shared_xfft/U0/i_synth/xfft_inst/non_floating_point.arch_b.xfft_inst/control/delay_line_4_in_wr_addr/no_sclr_lut.real_shift_ram.use_baseblock.use_hlutnm_srls.srl_loop[1].i_srl16e1/CLK
High Pulse Width  Fast    SRL16E/CLK          n/a            0.980         2.857       1.877      SLICE_X0Y13   shared_xfft/U0/i_synth/xfft_inst/non_floating_point.arch_b.xfft_inst/control/delay_line_4_in_wr_addr/no_sclr_lut.real_shift_ram.use_baseblock.use_hlutnm_srls.srl_loop[1].i_srl16e1/CLK



---------------------------------------------------------------------------------------------------
From Clock:  source_100
  To Clock:  source_100

Setup :            0  Failing Endpoints,  Worst Slack        2.391ns,  Total Violation        0.000ns
Hold  :            0  Failing Endpoints,  Worst Slack        0.100ns,  Total Violation        0.000ns
PW    :            0  Failing Endpoints,  Worst Slack        4.500ns,  Total Violation        0.000ns
---------------------------------------------------------------------------------------------------


Max Delay Paths
--------------------------------------------------------------------------------------
Slack (MET) :             2.391ns  (required time - arrival time)
  Source:                 per_cause_fault_cdc.causes[7].cause_sync_reg[1]/C
                            (rising edge-triggered cell FDRE clocked by source_100  {rise@0.000ns fall@5.000ns period=10.000ns})
  Destination:            source_bank/metadata_in_hold_reg[57]/CE
                            (rising edge-triggered cell FDRE clocked by source_100  {rise@0.000ns fall@5.000ns period=10.000ns})
  Path Group:             source_100
  Path Type:              Setup (Max at Slow Process Corner)
  Requirement:            10.000ns  (source_100 rise@10.000ns - source_100 rise@0.000ns)
  Data Path Delay:        7.112ns  (logic 1.241ns (17.450%)  route 5.871ns (82.550%))
  Logic Levels:           4  (LUT2=1 LUT4=1 LUT5=1 LUT6=1)
  Clock Path Skew:        -0.049ns (DCD - SCD + CPR)
    Destination Clock Delay (DCD):    0.924ns = ( 10.924 - 10.000 ) 
    Source Clock Delay      (SCD):    0.973ns
    Clock Pessimism Removal (CPR):    0.000ns
  Clock Uncertainty:      0.035ns  ((TSJ^2 + TIJ^2)^1/2 + DJ) / 2 + PE
    Total System Jitter     (TSJ):    0.071ns
    Total Input Jitter      (TIJ):    0.000ns
    Discrete Jitter          (DJ):    0.000ns
    Phase Error              (PE):    0.000ns

    Location             Delay type                Incr(ns)  Path(ns)    Netlist Resource(s)
  -------------------------------------------------------------------    -------------------
                         (clock source_100 rise edge)
                                                      0.000     0.000 r  
                                                      0.000     0.000 r  clk (IN)
                         net (fo=205, unset)          0.973     0.973    clk
    SLICE_X24Y15         FDRE                                         r  per_cause_fault_cdc.causes[7].cause_sync_reg[1]/C
  -------------------------------------------------------------------    -------------------
    SLICE_X24Y15         FDRE (Prop_fdre_C_Q)         0.518     1.491 f  per_cause_fault_cdc.causes[7].cause_sync_reg[1]/Q
                         net (fo=1, routed)           1.231     2.722    per_cause_fault_cdc.causes[7].cause_sync[1]
    SLICE_X24Y4          LUT4 (Prop_lut4_I2_O)        0.124     2.846 f  fast_fault_slow_inferred_i_4/O
                         net (fo=1, routed)           0.561     3.406    fast_fault_slow_inferred_i_4_n_0
    SLICE_X24Y1          LUT6 (Prop_lut6_I5_O)        0.124     3.530 f  fast_fault_slow_inferred_i_1/O
                         net (fo=1, routed)           1.249     4.779    source_bank/out[0]
    SLICE_X9Y2           LUT2 (Prop_lut2_I0_O)        0.153     4.932 f  source_bank/fault_INST_0/O
                         net (fo=10, routed)          1.008     5.940    source_bank/input_fault_reg_0
    SLICE_X5Y5           LUT5 (Prop_lut5_I0_O)        0.322     6.262 r  source_bank/metadata_in_hold[68]_i_1/O
                         net (fo=64, routed)          1.823     8.085    source_bank/metadata_load
    SLICE_X21Y15         FDRE                                         r  source_bank/metadata_in_hold_reg[57]/CE
  -------------------------------------------------------------------    -------------------

                         (clock source_100 rise edge)
                                                     10.000    10.000 r  
                                                      0.000    10.000 r  clk (IN)
                         net (fo=205, unset)          0.924    10.924    source_bank/clk
    SLICE_X21Y15         FDRE                                         r  source_bank/metadata_in_hold_reg[57]/C
                         clock pessimism              0.000    10.924    
                         clock uncertainty           -0.035    10.889    
    SLICE_X21Y15         FDRE (Setup_fdre_C_CE)      -0.413    10.476    source_bank/metadata_in_hold_reg[57]
  -------------------------------------------------------------------
                         required time                         10.476    
                         arrival time                          -8.085    
  -------------------------------------------------------------------
                         slack                                  2.391    

Slack (MET) :             2.460ns  (required time - arrival time)
  Source:                 per_cause_fault_cdc.causes[7].cause_sync_reg[1]/C
                            (rising edge-triggered cell FDRE clocked by source_100  {rise@0.000ns fall@5.000ns period=10.000ns})
  Destination:            source_bank/metadata_in_hold_reg[59]/CE
                            (rising edge-triggered cell FDRE clocked by source_100  {rise@0.000ns fall@5.000ns period=10.000ns})
  Path Group:             source_100
  Path Type:              Setup (Max at Slow Process Corner)
  Requirement:            10.000ns  (source_100 rise@10.000ns - source_100 rise@0.000ns)
  Data Path Delay:        7.079ns  (logic 1.241ns (17.531%)  route 5.838ns (82.469%))
  Logic Levels:           4  (LUT2=1 LUT4=1 LUT5=1 LUT6=1)
  Clock Path Skew:        -0.049ns (DCD - SCD + CPR)
    Destination Clock Delay (DCD):    0.924ns = ( 10.924 - 10.000 ) 
    Source Clock Delay      (SCD):    0.973ns
    Clock Pessimism Removal (CPR):    0.000ns
  Clock Uncertainty:      0.035ns  ((TSJ^2 + TIJ^2)^1/2 + DJ) / 2 + PE
    Total System Jitter     (TSJ):    0.071ns
    Total Input Jitter      (TIJ):    0.000ns
    Discrete Jitter          (DJ):    0.000ns
    Phase Error              (PE):    0.000ns

    Location             Delay type                Incr(ns)  Path(ns)    Netlist Resource(s)
  -------------------------------------------------------------------    -------------------
                         (clock source_100 rise edge)
                                                      0.000     0.000 r  
                                                      0.000     0.000 r  clk (IN)
                         net (fo=205, unset)          0.973     0.973    clk
    SLICE_X24Y15         FDRE                                         r  per_cause_fault_cdc.causes[7].cause_sync_reg[1]/C
  -------------------------------------------------------------------    -------------------
    SLICE_X24Y15         FDRE (Prop_fdre_C_Q)         0.518     1.491 f  per_cause_fault_cdc.causes[7].cause_sync_reg[1]/Q
                         net (fo=1, routed)           1.231     2.722    per_cause_fault_cdc.causes[7].cause_sync[1]
    SLICE_X24Y4          LUT4 (Prop_lut4_I2_O)        0.124     2.846 f  fast_fault_slow_inferred_i_4/O
                         net (fo=1, routed)           0.561     3.406    fast_fault_slow_inferred_i_4_n_0
    SLICE_X24Y1          LUT6 (Prop_lut6_I5_O)        0.124     3.530 f  fast_fault_slow_inferred_i_1/O
                         net (fo=1, routed)           1.249     4.779    source_bank/out[0]
    SLICE_X9Y2           LUT2 (Prop_lut2_I0_O)        0.153     4.932 f  source_bank/fault_INST_0/O
                         net (fo=10, routed)          1.008     5.940    source_bank/input_fault_reg_0
    SLICE_X5Y5           LUT5 (Prop_lut5_I0_O)        0.322     6.262 r  source_bank/metadata_in_hold[68]_i_1/O
                         net (fo=64, routed)          1.790     8.052    source_bank/metadata_load
    SLICE_X24Y13         FDRE                                         r  source_bank/metadata_in_hold_reg[59]/CE
  -------------------------------------------------------------------    -------------------

                         (clock source_100 rise edge)
                                                     10.000    10.000 r  
                                                      0.000    10.000 r  clk (IN)
                         net (fo=205, unset)          0.924    10.924    source_bank/clk
    SLICE_X24Y13         FDRE                                         r  source_bank/metadata_in_hold_reg[59]/C
                         clock pessimism              0.000    10.924    
                         clock uncertainty           -0.035    10.889    
    SLICE_X24Y13         FDRE (Setup_fdre_C_CE)      -0.377    10.512    source_bank/metadata_in_hold_reg[59]
  -------------------------------------------------------------------
                         required time                         10.512    
                         arrival time                          -8.052    
  -------------------------------------------------------------------
                         slack                                  2.460    

Slack (MET) :             2.551ns  (required time - arrival time)
  Source:                 per_cause_fault_cdc.causes[7].cause_sync_reg[1]/C
                            (rising edge-triggered cell FDRE clocked by source_100  {rise@0.000ns fall@5.000ns period=10.000ns})
  Destination:            output_bank/read_address_reg[2]/CE
                            (rising edge-triggered cell FDRE clocked by source_100  {rise@0.000ns fall@5.000ns period=10.000ns})
  Path Group:             source_100
  Path Type:              Setup (Max at Slow Process Corner)
  Requirement:            10.000ns  (source_100 rise@10.000ns - source_100 rise@0.000ns)
  Data Path Delay:        6.952ns  (logic 1.522ns (21.893%)  route 5.430ns (78.107%))
  Logic Levels:           6  (LUT2=1 LUT4=2 LUT6=3)
  Clock Path Skew:        -0.049ns (DCD - SCD + CPR)
    Destination Clock Delay (DCD):    0.924ns = ( 10.924 - 10.000 ) 
    Source Clock Delay      (SCD):    0.973ns
    Clock Pessimism Removal (CPR):    0.000ns
  Clock Uncertainty:      0.035ns  ((TSJ^2 + TIJ^2)^1/2 + DJ) / 2 + PE
    Total System Jitter     (TSJ):    0.071ns
    Total Input Jitter      (TIJ):    0.000ns
    Discrete Jitter          (DJ):    0.000ns
    Phase Error              (PE):    0.000ns

    Location             Delay type                Incr(ns)  Path(ns)    Netlist Resource(s)
  -------------------------------------------------------------------    -------------------
                         (clock source_100 rise edge)
                                                      0.000     0.000 r  
                                                      0.000     0.000 r  clk (IN)
                         net (fo=205, unset)          0.973     0.973    clk
    SLICE_X24Y15         FDRE                                         r  per_cause_fault_cdc.causes[7].cause_sync_reg[1]/C
  -------------------------------------------------------------------    -------------------
    SLICE_X24Y15         FDRE (Prop_fdre_C_Q)         0.518     1.491 f  per_cause_fault_cdc.causes[7].cause_sync_reg[1]/Q
                         net (fo=1, routed)           1.231     2.722    per_cause_fault_cdc.causes[7].cause_sync[1]
    SLICE_X24Y4          LUT4 (Prop_lut4_I2_O)        0.124     2.846 f  fast_fault_slow_inferred_i_4/O
                         net (fo=1, routed)           0.561     3.406    fast_fault_slow_inferred_i_4_n_0
    SLICE_X24Y1          LUT6 (Prop_lut6_I5_O)        0.124     3.530 f  fast_fault_slow_inferred_i_1/O
                         net (fo=1, routed)           1.249     4.779    source_bank/out[0]
    SLICE_X9Y2           LUT2 (Prop_lut2_I0_O)        0.153     4.932 f  source_bank/fault_INST_0/O
                         net (fo=10, routed)          0.742     5.674    output_bank/payload_memory_reg_1
    SLICE_X3Y3           LUT6 (Prop_lut6_I1_O)        0.327     6.001 r  output_bank/payload_memory_reg_i_1/O
                         net (fo=13, routed)          0.458     6.459    output_bank/payload_memory_reg_i_1_n_0
    SLICE_X3Y3           LUT6 (Prop_lut6_I2_O)        0.124     6.583 r  output_bank/read_address[0]_i_3/O
                         net (fo=10, routed)          0.703     7.286    output_bank/read_address[0]_i_3_n_0
    SLICE_X3Y3           LUT4 (Prop_lut4_I3_O)        0.152     7.438 r  output_bank/read_address[0]_i_1/O
                         net (fo=9, routed)           0.488     7.925    output_bank/read_address[0]_i_1_n_0
    SLICE_X3Y2           FDRE                                         r  output_bank/read_address_reg[2]/CE
  -------------------------------------------------------------------    -------------------

                         (clock source_100 rise edge)
                                                     10.000    10.000 r  
                                                      0.000    10.000 r  clk (IN)
                         net (fo=205, unset)          0.924    10.924    output_bank/clk
    SLICE_X3Y2           FDRE                                         r  output_bank/read_address_reg[2]/C
                         clock pessimism              0.000    10.924    
                         clock uncertainty           -0.035    10.889    
    SLICE_X3Y2           FDRE (Setup_fdre_C_CE)      -0.413    10.476    output_bank/read_address_reg[2]
  -------------------------------------------------------------------
                         required time                         10.476    
                         arrival time                          -7.925    
  -------------------------------------------------------------------
                         slack                                  2.551    

Slack (MET) :             2.551ns  (required time - arrival time)
  Source:                 per_cause_fault_cdc.causes[7].cause_sync_reg[1]/C
                            (rising edge-triggered cell FDRE clocked by source_100  {rise@0.000ns fall@5.000ns period=10.000ns})
  Destination:            output_bank/read_address_reg[3]/CE
                            (rising edge-triggered cell FDRE clocked by source_100  {rise@0.000ns fall@5.000ns period=10.000ns})
  Path Group:             source_100
  Path Type:              Setup (Max at Slow Process Corner)
  Requirement:            10.000ns  (source_100 rise@10.000ns - source_100 rise@0.000ns)
  Data Path Delay:        6.952ns  (logic 1.522ns (21.893%)  route 5.430ns (78.107%))
  Logic Levels:           6  (LUT2=1 LUT4=2 LUT6=3)
  Clock Path Skew:        -0.049ns (DCD - SCD + CPR)
    Destination Clock Delay (DCD):    0.924ns = ( 10.924 - 10.000 ) 
    Source Clock Delay      (SCD):    0.973ns
    Clock Pessimism Removal (CPR):    0.000ns
  Clock Uncertainty:      0.035ns  ((TSJ^2 + TIJ^2)^1/2 + DJ) / 2 + PE
    Total System Jitter     (TSJ):    0.071ns
    Total Input Jitter      (TIJ):    0.000ns
    Discrete Jitter          (DJ):    0.000ns
    Phase Error              (PE):    0.000ns

    Location             Delay type                Incr(ns)  Path(ns)    Netlist Resource(s)
  -------------------------------------------------------------------    -------------------
                         (clock source_100 rise edge)
                                                      0.000     0.000 r  
                                                      0.000     0.000 r  clk (IN)
                         net (fo=205, unset)          0.973     0.973    clk
    SLICE_X24Y15         FDRE                                         r  per_cause_fault_cdc.causes[7].cause_sync_reg[1]/C
  -------------------------------------------------------------------    -------------------
    SLICE_X24Y15         FDRE (Prop_fdre_C_Q)         0.518     1.491 f  per_cause_fault_cdc.causes[7].cause_sync_reg[1]/Q
                         net (fo=1, routed)           1.231     2.722    per_cause_fault_cdc.causes[7].cause_sync[1]
    SLICE_X24Y4          LUT4 (Prop_lut4_I2_O)        0.124     2.846 f  fast_fault_slow_inferred_i_4/O
                         net (fo=1, routed)           0.561     3.406    fast_fault_slow_inferred_i_4_n_0
    SLICE_X24Y1          LUT6 (Prop_lut6_I5_O)        0.124     3.530 f  fast_fault_slow_inferred_i_1/O
                         net (fo=1, routed)           1.249     4.779    source_bank/out[0]
    SLICE_X9Y2           LUT2 (Prop_lut2_I0_O)        0.153     4.932 f  source_bank/fault_INST_0/O
                         net (fo=10, routed)          0.742     5.674    output_bank/payload_memory_reg_1
    SLICE_X3Y3           LUT6 (Prop_lut6_I1_O)        0.327     6.001 r  output_bank/payload_memory_reg_i_1/O
                         net (fo=13, routed)          0.458     6.459    output_bank/payload_memory_reg_i_1_n_0
    SLICE_X3Y3           LUT6 (Prop_lut6_I2_O)        0.124     6.583 r  output_bank/read_address[0]_i_3/O
                         net (fo=10, routed)          0.703     7.286    output_bank/read_address[0]_i_3_n_0
    SLICE_X3Y3           LUT4 (Prop_lut4_I3_O)        0.152     7.438 r  output_bank/read_address[0]_i_1/O
                         net (fo=9, routed)           0.488     7.925    output_bank/read_address[0]_i_1_n_0
    SLICE_X3Y2           FDRE                                         r  output_bank/read_address_reg[3]/CE
  -------------------------------------------------------------------    -------------------

                         (clock source_100 rise edge)
                                                     10.000    10.000 r  
                                                      0.000    10.000 r  clk (IN)
                         net (fo=205, unset)          0.924    10.924    output_bank/clk
    SLICE_X3Y2           FDRE                                         r  output_bank/read_address_reg[3]/C
                         clock pessimism              0.000    10.924    
                         clock uncertainty           -0.035    10.889    
    SLICE_X3Y2           FDRE (Setup_fdre_C_CE)      -0.413    10.476    output_bank/read_address_reg[3]
  -------------------------------------------------------------------
                         required time                         10.476    
                         arrival time                          -7.925    
  -------------------------------------------------------------------
                         slack                                  2.551    

Slack (MET) :             2.551ns  (required time - arrival time)
  Source:                 per_cause_fault_cdc.causes[7].cause_sync_reg[1]/C
                            (rising edge-triggered cell FDRE clocked by source_100  {rise@0.000ns fall@5.000ns period=10.000ns})
  Destination:            output_bank/read_address_reg[4]/CE
                            (rising edge-triggered cell FDRE clocked by source_100  {rise@0.000ns fall@5.000ns period=10.000ns})
  Path Group:             source_100
  Path Type:              Setup (Max at Slow Process Corner)
  Requirement:            10.000ns  (source_100 rise@10.000ns - source_100 rise@0.000ns)
  Data Path Delay:        6.952ns  (logic 1.522ns (21.893%)  route 5.430ns (78.107%))
  Logic Levels:           6  (LUT2=1 LUT4=2 LUT6=3)
  Clock Path Skew:        -0.049ns (DCD - SCD + CPR)
    Destination Clock Delay (DCD):    0.924ns = ( 10.924 - 10.000 ) 
    Source Clock Delay      (SCD):    0.973ns
    Clock Pessimism Removal (CPR):    0.000ns
  Clock Uncertainty:      0.035ns  ((TSJ^2 + TIJ^2)^1/2 + DJ) / 2 + PE
    Total System Jitter     (TSJ):    0.071ns
    Total Input Jitter      (TIJ):    0.000ns
    Discrete Jitter          (DJ):    0.000ns
    Phase Error              (PE):    0.000ns

    Location             Delay type                Incr(ns)  Path(ns)    Netlist Resource(s)
  -------------------------------------------------------------------    -------------------
                         (clock source_100 rise edge)
                                                      0.000     0.000 r  
                                                      0.000     0.000 r  clk (IN)
                         net (fo=205, unset)          0.973     0.973    clk
    SLICE_X24Y15         FDRE                                         r  per_cause_fault_cdc.causes[7].cause_sync_reg[1]/C
  -------------------------------------------------------------------    -------------------
    SLICE_X24Y15         FDRE (Prop_fdre_C_Q)         0.518     1.491 f  per_cause_fault_cdc.causes[7].cause_sync_reg[1]/Q
                         net (fo=1, routed)           1.231     2.722    per_cause_fault_cdc.causes[7].cause_sync[1]
    SLICE_X24Y4          LUT4 (Prop_lut4_I2_O)        0.124     2.846 f  fast_fault_slow_inferred_i_4/O
                         net (fo=1, routed)           0.561     3.406    fast_fault_slow_inferred_i_4_n_0
    SLICE_X24Y1          LUT6 (Prop_lut6_I5_O)        0.124     3.530 f  fast_fault_slow_inferred_i_1/O
                         net (fo=1, routed)           1.249     4.779    source_bank/out[0]
    SLICE_X9Y2           LUT2 (Prop_lut2_I0_O)        0.153     4.932 f  source_bank/fault_INST_0/O
                         net (fo=10, routed)          0.742     5.674    output_bank/payload_memory_reg_1
    SLICE_X3Y3           LUT6 (Prop_lut6_I1_O)        0.327     6.001 r  output_bank/payload_memory_reg_i_1/O
                         net (fo=13, routed)          0.458     6.459    output_bank/payload_memory_reg_i_1_n_0
    SLICE_X3Y3           LUT6 (Prop_lut6_I2_O)        0.124     6.583 r  output_bank/read_address[0]_i_3/O
                         net (fo=10, routed)          0.703     7.286    output_bank/read_address[0]_i_3_n_0
    SLICE_X3Y3           LUT4 (Prop_lut4_I3_O)        0.152     7.438 r  output_bank/read_address[0]_i_1/O
                         net (fo=9, routed)           0.488     7.925    output_bank/read_address[0]_i_1_n_0
    SLICE_X3Y2           FDRE                                         r  output_bank/read_address_reg[4]/CE
  -------------------------------------------------------------------    -------------------

                         (clock source_100 rise edge)
                                                     10.000    10.000 r  
                                                      0.000    10.000 r  clk (IN)
                         net (fo=205, unset)          0.924    10.924    output_bank/clk
    SLICE_X3Y2           FDRE                                         r  output_bank/read_address_reg[4]/C
                         clock pessimism              0.000    10.924    
                         clock uncertainty           -0.035    10.889    
    SLICE_X3Y2           FDRE (Setup_fdre_C_CE)      -0.413    10.476    output_bank/read_address_reg[4]
  -------------------------------------------------------------------
                         required time                         10.476    
                         arrival time                          -7.925    
  -------------------------------------------------------------------
                         slack                                  2.551    

Slack (MET) :             2.595ns  (required time - arrival time)
  Source:                 per_cause_fault_cdc.causes[7].cause_sync_reg[1]/C
                            (rising edge-triggered cell FDRE clocked by source_100  {rise@0.000ns fall@5.000ns period=10.000ns})
  Destination:            output_bank/read_address_reg[0]/CE
                            (rising edge-triggered cell FDRE clocked by source_100  {rise@0.000ns fall@5.000ns period=10.000ns})
  Path Group:             source_100
  Path Type:              Setup (Max at Slow Process Corner)
  Requirement:            10.000ns  (source_100 rise@10.000ns - source_100 rise@0.000ns)
  Data Path Delay:        6.944ns  (logic 1.522ns (21.918%)  route 5.422ns (78.082%))
  Logic Levels:           6  (LUT2=1 LUT4=2 LUT6=3)
  Clock Path Skew:        -0.049ns (DCD - SCD + CPR)
    Destination Clock Delay (DCD):    0.924ns = ( 10.924 - 10.000 ) 
    Source Clock Delay      (SCD):    0.973ns
    Clock Pessimism Removal (CPR):    0.000ns
  Clock Uncertainty:      0.035ns  ((TSJ^2 + TIJ^2)^1/2 + DJ) / 2 + PE
    Total System Jitter     (TSJ):    0.071ns
    Total Input Jitter      (TIJ):    0.000ns
    Discrete Jitter          (DJ):    0.000ns
    Phase Error              (PE):    0.000ns

    Location             Delay type                Incr(ns)  Path(ns)    Netlist Resource(s)
  -------------------------------------------------------------------    -------------------
                         (clock source_100 rise edge)
                                                      0.000     0.000 r  
                                                      0.000     0.000 r  clk (IN)
                         net (fo=205, unset)          0.973     0.973    clk
    SLICE_X24Y15         FDRE                                         r  per_cause_fault_cdc.causes[7].cause_sync_reg[1]/C
  -------------------------------------------------------------------    -------------------
    SLICE_X24Y15         FDRE (Prop_fdre_C_Q)         0.518     1.491 f  per_cause_fault_cdc.causes[7].cause_sync_reg[1]/Q
                         net (fo=1, routed)           1.231     2.722    per_cause_fault_cdc.causes[7].cause_sync[1]
    SLICE_X24Y4          LUT4 (Prop_lut4_I2_O)        0.124     2.846 f  fast_fault_slow_inferred_i_4/O
                         net (fo=1, routed)           0.561     3.406    fast_fault_slow_inferred_i_4_n_0
    SLICE_X24Y1          LUT6 (Prop_lut6_I5_O)        0.124     3.530 f  fast_fault_slow_inferred_i_1/O
                         net (fo=1, routed)           1.249     4.779    source_bank/out[0]
    SLICE_X9Y2           LUT2 (Prop_lut2_I0_O)        0.153     4.932 f  source_bank/fault_INST_0/O
                         net (fo=10, routed)          0.742     5.674    output_bank/payload_memory_reg_1
    SLICE_X3Y3           LUT6 (Prop_lut6_I1_O)        0.327     6.001 r  output_bank/payload_memory_reg_i_1/O
                         net (fo=13, routed)          0.458     6.459    output_bank/payload_memory_reg_i_1_n_0
    SLICE_X3Y3           LUT6 (Prop_lut6_I2_O)        0.124     6.583 r  output_bank/read_address[0]_i_3/O
                         net (fo=10, routed)          0.703     7.286    output_bank/read_address[0]_i_3_n_0
    SLICE_X3Y3           LUT4 (Prop_lut4_I3_O)        0.152     7.438 r  output_bank/read_address[0]_i_1/O
                         net (fo=9, routed)           0.480     7.917    output_bank/read_address[0]_i_1_n_0
    SLICE_X4Y3           FDRE                                         r  output_bank/read_address_reg[0]/CE
  -------------------------------------------------------------------    -------------------

                         (clock source_100 rise edge)
                                                     10.000    10.000 r  
                                                      0.000    10.000 r  clk (IN)
                         net (fo=205, unset)          0.924    10.924    output_bank/clk
    SLICE_X4Y3           FDRE                                         r  output_bank/read_address_reg[0]/C
                         clock pessimism              0.000    10.924    
                         clock uncertainty           -0.035    10.889    
    SLICE_X4Y3           FDRE (Setup_fdre_C_CE)      -0.377    10.512    output_bank/read_address_reg[0]
  -------------------------------------------------------------------
                         required time                         10.512    
                         arrival time                          -7.917    
  -------------------------------------------------------------------
                         slack                                  2.595    

Slack (MET) :             2.595ns  (required time - arrival time)
  Source:                 per_cause_fault_cdc.causes[7].cause_sync_reg[1]/C
                            (rising edge-triggered cell FDRE clocked by source_100  {rise@0.000ns fall@5.000ns period=10.000ns})
  Destination:            output_bank/read_address_reg[1]/CE
                            (rising edge-triggered cell FDRE clocked by source_100  {rise@0.000ns fall@5.000ns period=10.000ns})
  Path Group:             source_100
  Path Type:              Setup (Max at Slow Process Corner)
  Requirement:            10.000ns  (source_100 rise@10.000ns - source_100 rise@0.000ns)
  Data Path Delay:        6.944ns  (logic 1.522ns (21.918%)  route 5.422ns (78.082%))
  Logic Levels:           6  (LUT2=1 LUT4=2 LUT6=3)
  Clock Path Skew:        -0.049ns (DCD - SCD + CPR)
    Destination Clock Delay (DCD):    0.924ns = ( 10.924 - 10.000 ) 
    Source Clock Delay      (SCD):    0.973ns
    Clock Pessimism Removal (CPR):    0.000ns
  Clock Uncertainty:      0.035ns  ((TSJ^2 + TIJ^2)^1/2 + DJ) / 2 + PE
    Total System Jitter     (TSJ):    0.071ns
    Total Input Jitter      (TIJ):    0.000ns
    Discrete Jitter          (DJ):    0.000ns
    Phase Error              (PE):    0.000ns

    Location             Delay type                Incr(ns)  Path(ns)    Netlist Resource(s)
  -------------------------------------------------------------------    -------------------
                         (clock source_100 rise edge)
                                                      0.000     0.000 r  
                                                      0.000     0.000 r  clk (IN)
                         net (fo=205, unset)          0.973     0.973    clk
    SLICE_X24Y15         FDRE                                         r  per_cause_fault_cdc.causes[7].cause_sync_reg[1]/C
  -------------------------------------------------------------------    -------------------
    SLICE_X24Y15         FDRE (Prop_fdre_C_Q)         0.518     1.491 f  per_cause_fault_cdc.causes[7].cause_sync_reg[1]/Q
                         net (fo=1, routed)           1.231     2.722    per_cause_fault_cdc.causes[7].cause_sync[1]
    SLICE_X24Y4          LUT4 (Prop_lut4_I2_O)        0.124     2.846 f  fast_fault_slow_inferred_i_4/O
                         net (fo=1, routed)           0.561     3.406    fast_fault_slow_inferred_i_4_n_0
    SLICE_X24Y1          LUT6 (Prop_lut6_I5_O)        0.124     3.530 f  fast_fault_slow_inferred_i_1/O
                         net (fo=1, routed)           1.249     4.779    source_bank/out[0]
    SLICE_X9Y2           LUT2 (Prop_lut2_I0_O)        0.153     4.932 f  source_bank/fault_INST_0/O
                         net (fo=10, routed)          0.742     5.674    output_bank/payload_memory_reg_1
    SLICE_X3Y3           LUT6 (Prop_lut6_I1_O)        0.327     6.001 r  output_bank/payload_memory_reg_i_1/O
                         net (fo=13, routed)          0.458     6.459    output_bank/payload_memory_reg_i_1_n_0
    SLICE_X3Y3           LUT6 (Prop_lut6_I2_O)        0.124     6.583 r  output_bank/read_address[0]_i_3/O
                         net (fo=10, routed)          0.703     7.286    output_bank/read_address[0]_i_3_n_0
    SLICE_X3Y3           LUT4 (Prop_lut4_I3_O)        0.152     7.438 r  output_bank/read_address[0]_i_1/O
                         net (fo=9, routed)           0.480     7.917    output_bank/read_address[0]_i_1_n_0
    SLICE_X4Y3           FDRE                                         r  output_bank/read_address_reg[1]/CE
  -------------------------------------------------------------------    -------------------

                         (clock source_100 rise edge)
                                                     10.000    10.000 r  
                                                      0.000    10.000 r  clk (IN)
                         net (fo=205, unset)          0.924    10.924    output_bank/clk
    SLICE_X4Y3           FDRE                                         r  output_bank/read_address_reg[1]/C
                         clock pessimism              0.000    10.924    
                         clock uncertainty           -0.035    10.889    
    SLICE_X4Y3           FDRE (Setup_fdre_C_CE)      -0.377    10.512    output_bank/read_address_reg[1]
  -------------------------------------------------------------------
                         required time                         10.512    
                         arrival time                          -7.917    
  -------------------------------------------------------------------
                         slack                                  2.595    

Slack (MET) :             2.595ns  (required time - arrival time)
  Source:                 per_cause_fault_cdc.causes[7].cause_sync_reg[1]/C
                            (rising edge-triggered cell FDRE clocked by source_100  {rise@0.000ns fall@5.000ns period=10.000ns})
  Destination:            output_bank/read_address_reg[5]/CE
                            (rising edge-triggered cell FDRE clocked by source_100  {rise@0.000ns fall@5.000ns period=10.000ns})
  Path Group:             source_100
  Path Type:              Setup (Max at Slow Process Corner)
  Requirement:            10.000ns  (source_100 rise@10.000ns - source_100 rise@0.000ns)
  Data Path Delay:        6.944ns  (logic 1.522ns (21.918%)  route 5.422ns (78.082%))
  Logic Levels:           6  (LUT2=1 LUT4=2 LUT6=3)
  Clock Path Skew:        -0.049ns (DCD - SCD + CPR)
    Destination Clock Delay (DCD):    0.924ns = ( 10.924 - 10.000 ) 
    Source Clock Delay      (SCD):    0.973ns
    Clock Pessimism Removal (CPR):    0.000ns
  Clock Uncertainty:      0.035ns  ((TSJ^2 + TIJ^2)^1/2 + DJ) / 2 + PE
    Total System Jitter     (TSJ):    0.071ns
    Total Input Jitter      (TIJ):    0.000ns
    Discrete Jitter          (DJ):    0.000ns
    Phase Error              (PE):    0.000ns

    Location             Delay type                Incr(ns)  Path(ns)    Netlist Resource(s)
  -------------------------------------------------------------------    -------------------
                         (clock source_100 rise edge)
                                                      0.000     0.000 r  
                                                      0.000     0.000 r  clk (IN)
                         net (fo=205, unset)          0.973     0.973    clk
    SLICE_X24Y15         FDRE                                         r  per_cause_fault_cdc.causes[7].cause_sync_reg[1]/C
  -------------------------------------------------------------------    -------------------
    SLICE_X24Y15         FDRE (Prop_fdre_C_Q)         0.518     1.491 f  per_cause_fault_cdc.causes[7].cause_sync_reg[1]/Q
                         net (fo=1, routed)           1.231     2.722    per_cause_fault_cdc.causes[7].cause_sync[1]
    SLICE_X24Y4          LUT4 (Prop_lut4_I2_O)        0.124     2.846 f  fast_fault_slow_inferred_i_4/O
                         net (fo=1, routed)           0.561     3.406    fast_fault_slow_inferred_i_4_n_0
    SLICE_X24Y1          LUT6 (Prop_lut6_I5_O)        0.124     3.530 f  fast_fault_slow_inferred_i_1/O
                         net (fo=1, routed)           1.249     4.779    source_bank/out[0]
    SLICE_X9Y2           LUT2 (Prop_lut2_I0_O)        0.153     4.932 f  source_bank/fault_INST_0/O
                         net (fo=10, routed)          0.742     5.674    output_bank/payload_memory_reg_1
    SLICE_X3Y3           LUT6 (Prop_lut6_I1_O)        0.327     6.001 r  output_bank/payload_memory_reg_i_1/O
                         net (fo=13, routed)          0.458     6.459    output_bank/payload_memory_reg_i_1_n_0
    SLICE_X3Y3           LUT6 (Prop_lut6_I2_O)        0.124     6.583 r  output_bank/read_address[0]_i_3/O
                         net (fo=10, routed)          0.703     7.286    output_bank/read_address[0]_i_3_n_0
    SLICE_X3Y3           LUT4 (Prop_lut4_I3_O)        0.152     7.438 r  output_bank/read_address[0]_i_1/O
                         net (fo=9, routed)           0.480     7.917    output_bank/read_address[0]_i_1_n_0
    SLICE_X4Y3           FDRE                                         r  output_bank/read_address_reg[5]/CE
  -------------------------------------------------------------------    -------------------

                         (clock source_100 rise edge)
                                                     10.000    10.000 r  
                                                      0.000    10.000 r  clk (IN)
                         net (fo=205, unset)          0.924    10.924    output_bank/clk
    SLICE_X4Y3           FDRE                                         r  output_bank/read_address_reg[5]/C
                         clock pessimism              0.000    10.924    
                         clock uncertainty           -0.035    10.889    
    SLICE_X4Y3           FDRE (Setup_fdre_C_CE)      -0.377    10.512    output_bank/read_address_reg[5]
  -------------------------------------------------------------------
                         required time                         10.512    
                         arrival time                          -7.917    
  -------------------------------------------------------------------
                         slack                                  2.595    

Slack (MET) :             2.595ns  (required time - arrival time)
  Source:                 per_cause_fault_cdc.causes[7].cause_sync_reg[1]/C
                            (rising edge-triggered cell FDRE clocked by source_100  {rise@0.000ns fall@5.000ns period=10.000ns})
  Destination:            output_bank/read_address_reg[6]/CE
                            (rising edge-triggered cell FDRE clocked by source_100  {rise@0.000ns fall@5.000ns period=10.000ns})
  Path Group:             source_100
  Path Type:              Setup (Max at Slow Process Corner)
  Requirement:            10.000ns  (source_100 rise@10.000ns - source_100 rise@0.000ns)
  Data Path Delay:        6.944ns  (logic 1.522ns (21.918%)  route 5.422ns (78.082%))
  Logic Levels:           6  (LUT2=1 LUT4=2 LUT6=3)
  Clock Path Skew:        -0.049ns (DCD - SCD + CPR)
    Destination Clock Delay (DCD):    0.924ns = ( 10.924 - 10.000 ) 
    Source Clock Delay      (SCD):    0.973ns
    Clock Pessimism Removal (CPR):    0.000ns
  Clock Uncertainty:      0.035ns  ((TSJ^2 + TIJ^2)^1/2 + DJ) / 2 + PE
    Total System Jitter     (TSJ):    0.071ns
    Total Input Jitter      (TIJ):    0.000ns
    Discrete Jitter          (DJ):    0.000ns
    Phase Error              (PE):    0.000ns

    Location             Delay type                Incr(ns)  Path(ns)    Netlist Resource(s)
  -------------------------------------------------------------------    -------------------
                         (clock source_100 rise edge)
                                                      0.000     0.000 r  
                                                      0.000     0.000 r  clk (IN)
                         net (fo=205, unset)          0.973     0.973    clk
    SLICE_X24Y15         FDRE                                         r  per_cause_fault_cdc.causes[7].cause_sync_reg[1]/C
  -------------------------------------------------------------------    -------------------
    SLICE_X24Y15         FDRE (Prop_fdre_C_Q)         0.518     1.491 f  per_cause_fault_cdc.causes[7].cause_sync_reg[1]/Q
                         net (fo=1, routed)           1.231     2.722    per_cause_fault_cdc.causes[7].cause_sync[1]
    SLICE_X24Y4          LUT4 (Prop_lut4_I2_O)        0.124     2.846 f  fast_fault_slow_inferred_i_4/O
                         net (fo=1, routed)           0.561     3.406    fast_fault_slow_inferred_i_4_n_0
    SLICE_X24Y1          LUT6 (Prop_lut6_I5_O)        0.124     3.530 f  fast_fault_slow_inferred_i_1/O
                         net (fo=1, routed)           1.249     4.779    source_bank/out[0]
    SLICE_X9Y2           LUT2 (Prop_lut2_I0_O)        0.153     4.932 f  source_bank/fault_INST_0/O
                         net (fo=10, routed)          0.742     5.674    output_bank/payload_memory_reg_1
    SLICE_X3Y3           LUT6 (Prop_lut6_I1_O)        0.327     6.001 r  output_bank/payload_memory_reg_i_1/O
                         net (fo=13, routed)          0.458     6.459    output_bank/payload_memory_reg_i_1_n_0
    SLICE_X3Y3           LUT6 (Prop_lut6_I2_O)        0.124     6.583 r  output_bank/read_address[0]_i_3/O
                         net (fo=10, routed)          0.703     7.286    output_bank/read_address[0]_i_3_n_0
    SLICE_X3Y3           LUT4 (Prop_lut4_I3_O)        0.152     7.438 r  output_bank/read_address[0]_i_1/O
                         net (fo=9, routed)           0.480     7.917    output_bank/read_address[0]_i_1_n_0
    SLICE_X4Y3           FDRE                                         r  output_bank/read_address_reg[6]/CE
  -------------------------------------------------------------------    -------------------

                         (clock source_100 rise edge)
                                                     10.000    10.000 r  
                                                      0.000    10.000 r  clk (IN)
                         net (fo=205, unset)          0.924    10.924    output_bank/clk
    SLICE_X4Y3           FDRE                                         r  output_bank/read_address_reg[6]/C
                         clock pessimism              0.000    10.924    
                         clock uncertainty           -0.035    10.889    
    SLICE_X4Y3           FDRE (Setup_fdre_C_CE)      -0.377    10.512    output_bank/read_address_reg[6]
  -------------------------------------------------------------------
                         required time                         10.512    
                         arrival time                          -7.917    
  -------------------------------------------------------------------
                         slack                                  2.595    

Slack (MET) :             2.595ns  (required time - arrival time)
  Source:                 per_cause_fault_cdc.causes[7].cause_sync_reg[1]/C
                            (rising edge-triggered cell FDRE clocked by source_100  {rise@0.000ns fall@5.000ns period=10.000ns})
  Destination:            output_bank/read_address_reg[7]/CE
                            (rising edge-triggered cell FDRE clocked by source_100  {rise@0.000ns fall@5.000ns period=10.000ns})
  Path Group:             source_100
  Path Type:              Setup (Max at Slow Process Corner)
  Requirement:            10.000ns  (source_100 rise@10.000ns - source_100 rise@0.000ns)
  Data Path Delay:        6.944ns  (logic 1.522ns (21.918%)  route 5.422ns (78.082%))
  Logic Levels:           6  (LUT2=1 LUT4=2 LUT6=3)
  Clock Path Skew:        -0.049ns (DCD - SCD + CPR)
    Destination Clock Delay (DCD):    0.924ns = ( 10.924 - 10.000 ) 
    Source Clock Delay      (SCD):    0.973ns
    Clock Pessimism Removal (CPR):    0.000ns
  Clock Uncertainty:      0.035ns  ((TSJ^2 + TIJ^2)^1/2 + DJ) / 2 + PE
    Total System Jitter     (TSJ):    0.071ns
    Total Input Jitter      (TIJ):    0.000ns
    Discrete Jitter          (DJ):    0.000ns
    Phase Error              (PE):    0.000ns

    Location             Delay type                Incr(ns)  Path(ns)    Netlist Resource(s)
  -------------------------------------------------------------------    -------------------
                         (clock source_100 rise edge)
                                                      0.000     0.000 r  
                                                      0.000     0.000 r  clk (IN)
                         net (fo=205, unset)          0.973     0.973    clk
    SLICE_X24Y15         FDRE                                         r  per_cause_fault_cdc.causes[7].cause_sync_reg[1]/C
  -------------------------------------------------------------------    -------------------
    SLICE_X24Y15         FDRE (Prop_fdre_C_Q)         0.518     1.491 f  per_cause_fault_cdc.causes[7].cause_sync_reg[1]/Q
                         net (fo=1, routed)           1.231     2.722    per_cause_fault_cdc.causes[7].cause_sync[1]
    SLICE_X24Y4          LUT4 (Prop_lut4_I2_O)        0.124     2.846 f  fast_fault_slow_inferred_i_4/O
                         net (fo=1, routed)           0.561     3.406    fast_fault_slow_inferred_i_4_n_0
    SLICE_X24Y1          LUT6 (Prop_lut6_I5_O)        0.124     3.530 f  fast_fault_slow_inferred_i_1/O
                         net (fo=1, routed)           1.249     4.779    source_bank/out[0]
    SLICE_X9Y2           LUT2 (Prop_lut2_I0_O)        0.153     4.932 f  source_bank/fault_INST_0/O
                         net (fo=10, routed)          0.742     5.674    output_bank/payload_memory_reg_1
    SLICE_X3Y3           LUT6 (Prop_lut6_I1_O)        0.327     6.001 r  output_bank/payload_memory_reg_i_1/O
                         net (fo=13, routed)          0.458     6.459    output_bank/payload_memory_reg_i_1_n_0
    SLICE_X3Y3           LUT6 (Prop_lut6_I2_O)        0.124     6.583 r  output_bank/read_address[0]_i_3/O
                         net (fo=10, routed)          0.703     7.286    output_bank/read_address[0]_i_3_n_0
    SLICE_X3Y3           LUT4 (Prop_lut4_I3_O)        0.152     7.438 r  output_bank/read_address[0]_i_1/O
                         net (fo=9, routed)           0.480     7.917    output_bank/read_address[0]_i_1_n_0
    SLICE_X4Y3           FDRE                                         r  output_bank/read_address_reg[7]/CE
  -------------------------------------------------------------------    -------------------

                         (clock source_100 rise edge)
                                                     10.000    10.000 r  
                                                      0.000    10.000 r  clk (IN)
                         net (fo=205, unset)          0.924    10.924    output_bank/clk
    SLICE_X4Y3           FDRE                                         r  output_bank/read_address_reg[7]/C
                         clock pessimism              0.000    10.924    
                         clock uncertainty           -0.035    10.889    
    SLICE_X4Y3           FDRE (Setup_fdre_C_CE)      -0.377    10.512    output_bank/read_address_reg[7]
  -------------------------------------------------------------------
                         required time                         10.512    
                         arrival time                          -7.917    
  -------------------------------------------------------------------
                         slack                                  2.595    

Slack (MET) :             2.595ns  (required time - arrival time)
  Source:                 per_cause_fault_cdc.causes[7].cause_sync_reg[1]/C
                            (rising edge-triggered cell FDRE clocked by source_100  {rise@0.000ns fall@5.000ns period=10.000ns})
  Destination:            output_bank/read_address_reg[8]/CE
                            (rising edge-triggered cell FDRE clocked by source_100  {rise@0.000ns fall@5.000ns period=10.000ns})
  Path Group:             source_100
  Path Type:              Setup (Max at Slow Process Corner)
  Requirement:            10.000ns  (source_100 rise@10.000ns - source_100 rise@0.000ns)
  Data Path Delay:        6.944ns  (logic 1.522ns (21.918%)  route 5.422ns (78.082%))
  Logic Levels:           6  (LUT2=1 LUT4=2 LUT6=3)
  Clock Path Skew:        -0.049ns (DCD - SCD + CPR)
    Destination Clock Delay (DCD):    0.924ns = ( 10.924 - 10.000 ) 
    Source Clock Delay      (SCD):    0.973ns
    Clock Pessimism Removal (CPR):    0.000ns
  Clock Uncertainty:      0.035ns  ((TSJ^2 + TIJ^2)^1/2 + DJ) / 2 + PE
    Total System Jitter     (TSJ):    0.071ns
    Total Input Jitter      (TIJ):    0.000ns
    Discrete Jitter          (DJ):    0.000ns
    Phase Error              (PE):    0.000ns

    Location             Delay type                Incr(ns)  Path(ns)    Netlist Resource(s)
  -------------------------------------------------------------------    -------------------
                         (clock source_100 rise edge)
                                                      0.000     0.000 r  
                                                      0.000     0.000 r  clk (IN)
                         net (fo=205, unset)          0.973     0.973    clk
    SLICE_X24Y15         FDRE                                         r  per_cause_fault_cdc.causes[7].cause_sync_reg[1]/C
  -------------------------------------------------------------------    -------------------
    SLICE_X24Y15         FDRE (Prop_fdre_C_Q)         0.518     1.491 f  per_cause_fault_cdc.causes[7].cause_sync_reg[1]/Q
                         net (fo=1, routed)           1.231     2.722    per_cause_fault_cdc.causes[7].cause_sync[1]
    SLICE_X24Y4          LUT4 (Prop_lut4_I2_O)        0.124     2.846 f  fast_fault_slow_inferred_i_4/O
                         net (fo=1, routed)           0.561     3.406    fast_fault_slow_inferred_i_4_n_0
    SLICE_X24Y1          LUT6 (Prop_lut6_I5_O)        0.124     3.530 f  fast_fault_slow_inferred_i_1/O
                         net (fo=1, routed)           1.249     4.779    source_bank/out[0]
    SLICE_X9Y2           LUT2 (Prop_lut2_I0_O)        0.153     4.932 f  source_bank/fault_INST_0/O
                         net (fo=10, routed)          0.742     5.674    output_bank/payload_memory_reg_1
    SLICE_X3Y3           LUT6 (Prop_lut6_I1_O)        0.327     6.001 r  output_bank/payload_memory_reg_i_1/O
                         net (fo=13, routed)          0.458     6.459    output_bank/payload_memory_reg_i_1_n_0
    SLICE_X3Y3           LUT6 (Prop_lut6_I2_O)        0.124     6.583 r  output_bank/read_address[0]_i_3/O
                         net (fo=10, routed)          0.703     7.286    output_bank/read_address[0]_i_3_n_0
    SLICE_X3Y3           LUT4 (Prop_lut4_I3_O)        0.152     7.438 r  output_bank/read_address[0]_i_1/O
                         net (fo=9, routed)           0.480     7.917    output_bank/read_address[0]_i_1_n_0
    SLICE_X4Y3           FDRE                                         r  output_bank/read_address_reg[8]/CE
  -------------------------------------------------------------------    -------------------

                         (clock source_100 rise edge)
                                                     10.000    10.000 r  
                                                      0.000    10.000 r  clk (IN)
                         net (fo=205, unset)          0.924    10.924    output_bank/clk
    SLICE_X4Y3           FDRE                                         r  output_bank/read_address_reg[8]/C
                         clock pessimism              0.000    10.924    
                         clock uncertainty           -0.035    10.889    
    SLICE_X4Y3           FDRE (Setup_fdre_C_CE)      -0.377    10.512    output_bank/read_address_reg[8]
  -------------------------------------------------------------------
                         required time                         10.512    
                         arrival time                          -7.917    
  -------------------------------------------------------------------
                         slack                                  2.595    

Slack (MET) :             2.601ns  (required time - arrival time)
  Source:                 per_cause_fault_cdc.causes[7].cause_sync_reg[1]/C
                            (rising edge-triggered cell FDRE clocked by source_100  {rise@0.000ns fall@5.000ns period=10.000ns})
  Destination:            source_bank/metadata_in_hold_reg[18]/CE
                            (rising edge-triggered cell FDRE clocked by source_100  {rise@0.000ns fall@5.000ns period=10.000ns})
  Path Group:             source_100
  Path Type:              Setup (Max at Slow Process Corner)
  Requirement:            10.000ns  (source_100 rise@10.000ns - source_100 rise@0.000ns)
  Data Path Delay:        6.902ns  (logic 1.241ns (17.981%)  route 5.661ns (82.019%))
  Logic Levels:           4  (LUT2=1 LUT4=1 LUT5=1 LUT6=1)
  Clock Path Skew:        -0.049ns (DCD - SCD + CPR)
    Destination Clock Delay (DCD):    0.924ns = ( 10.924 - 10.000 ) 
    Source Clock Delay      (SCD):    0.973ns
    Clock Pessimism Removal (CPR):    0.000ns
  Clock Uncertainty:      0.035ns  ((TSJ^2 + TIJ^2)^1/2 + DJ) / 2 + PE
    Total System Jitter     (TSJ):    0.071ns
    Total Input Jitter      (TIJ):    0.000ns
    Discrete Jitter          (DJ):    0.000ns
    Phase Error              (PE):    0.000ns

    Location             Delay type                Incr(ns)  Path(ns)    Netlist Resource(s)
  -------------------------------------------------------------------    -------------------
                         (clock source_100 rise edge)
                                                      0.000     0.000 r  
                                                      0.000     0.000 r  clk (IN)
                         net (fo=205, unset)          0.973     0.973    clk
    SLICE_X24Y15         FDRE                                         r  per_cause_fault_cdc.causes[7].cause_sync_reg[1]/C
  -------------------------------------------------------------------    -------------------
    SLICE_X24Y15         FDRE (Prop_fdre_C_Q)         0.518     1.491 f  per_cause_fault_cdc.causes[7].cause_sync_reg[1]/Q
                         net (fo=1, routed)           1.231     2.722    per_cause_fault_cdc.causes[7].cause_sync[1]
    SLICE_X24Y4          LUT4 (Prop_lut4_I2_O)        0.124     2.846 f  fast_fault_slow_inferred_i_4/O
                         net (fo=1, routed)           0.561     3.406    fast_fault_slow_inferred_i_4_n_0
    SLICE_X24Y1          LUT6 (Prop_lut6_I5_O)        0.124     3.530 f  fast_fault_slow_inferred_i_1/O
                         net (fo=1, routed)           1.249     4.779    source_bank/out[0]
    SLICE_X9Y2           LUT2 (Prop_lut2_I0_O)        0.153     4.932 f  source_bank/fault_INST_0/O
                         net (fo=10, routed)          1.008     5.940    source_bank/input_fault_reg_0
    SLICE_X5Y5           LUT5 (Prop_lut5_I0_O)        0.322     6.262 r  source_bank/metadata_in_hold[68]_i_1/O
                         net (fo=64, routed)          1.613     7.875    source_bank/metadata_load
    SLICE_X15Y4          FDRE                                         r  source_bank/metadata_in_hold_reg[18]/CE
  -------------------------------------------------------------------    -------------------

                         (clock source_100 rise edge)
                                                     10.000    10.000 r  
                                                      0.000    10.000 r  clk (IN)
                         net (fo=205, unset)          0.924    10.924    source_bank/clk
    SLICE_X15Y4          FDRE                                         r  source_bank/metadata_in_hold_reg[18]/C
                         clock pessimism              0.000    10.924    
                         clock uncertainty           -0.035    10.889    
    SLICE_X15Y4          FDRE (Setup_fdre_C_CE)      -0.413    10.476    source_bank/metadata_in_hold_reg[18]
  -------------------------------------------------------------------
                         required time                         10.476    
                         arrival time                          -7.875    
  -------------------------------------------------------------------
                         slack                                  2.601    

Slack (MET) :             2.616ns  (required time - arrival time)
  Source:                 per_cause_fault_cdc.causes[7].cause_sync_reg[1]/C
                            (rising edge-triggered cell FDRE clocked by source_100  {rise@0.000ns fall@5.000ns period=10.000ns})
  Destination:            source_bank/metadata_in_hold_reg[56]/CE
                            (rising edge-triggered cell FDRE clocked by source_100  {rise@0.000ns fall@5.000ns period=10.000ns})
  Path Group:             source_100
  Path Type:              Setup (Max at Slow Process Corner)
  Requirement:            10.000ns  (source_100 rise@10.000ns - source_100 rise@0.000ns)
  Data Path Delay:        6.923ns  (logic 1.241ns (17.927%)  route 5.682ns (82.073%))
  Logic Levels:           4  (LUT2=1 LUT4=1 LUT5=1 LUT6=1)
  Clock Path Skew:        -0.049ns (DCD - SCD + CPR)
    Destination Clock Delay (DCD):    0.924ns = ( 10.924 - 10.000 ) 
    Source Clock Delay      (SCD):    0.973ns
    Clock Pessimism Removal (CPR):    0.000ns
  Clock Uncertainty:      0.035ns  ((TSJ^2 + TIJ^2)^1/2 + DJ) / 2 + PE
    Total System Jitter     (TSJ):    0.071ns
    Total Input Jitter      (TIJ):    0.000ns
    Discrete Jitter          (DJ):    0.000ns
    Phase Error              (PE):    0.000ns

    Location             Delay type                Incr(ns)  Path(ns)    Netlist Resource(s)
  -------------------------------------------------------------------    -------------------
                         (clock source_100 rise edge)
                                                      0.000     0.000 r  
                                                      0.000     0.000 r  clk (IN)
                         net (fo=205, unset)          0.973     0.973    clk
    SLICE_X24Y15         FDRE                                         r  per_cause_fault_cdc.causes[7].cause_sync_reg[1]/C
  -------------------------------------------------------------------    -------------------
    SLICE_X24Y15         FDRE (Prop_fdre_C_Q)         0.518     1.491 f  per_cause_fault_cdc.causes[7].cause_sync_reg[1]/Q
                         net (fo=1, routed)           1.231     2.722    per_cause_fault_cdc.causes[7].cause_sync[1]
    SLICE_X24Y4          LUT4 (Prop_lut4_I2_O)        0.124     2.846 f  fast_fault_slow_inferred_i_4/O
                         net (fo=1, routed)           0.561     3.406    fast_fault_slow_inferred_i_4_n_0
    SLICE_X24Y1          LUT6 (Prop_lut6_I5_O)        0.124     3.530 f  fast_fault_slow_inferred_i_1/O
                         net (fo=1, routed)           1.249     4.779    source_bank/out[0]
    SLICE_X9Y2           LUT2 (Prop_lut2_I0_O)        0.153     4.932 f  source_bank/fault_INST_0/O
                         net (fo=10, routed)          1.008     5.940    source_bank/input_fault_reg_0
    SLICE_X5Y5           LUT5 (Prop_lut5_I0_O)        0.322     6.262 r  source_bank/metadata_in_hold[68]_i_1/O
                         net (fo=64, routed)          1.634     7.896    source_bank/metadata_load
    SLICE_X20Y15         FDRE                                         r  source_bank/metadata_in_hold_reg[56]/CE
  -------------------------------------------------------------------    -------------------

                         (clock source_100 rise edge)
                                                     10.000    10.000 r  
                                                      0.000    10.000 r  clk (IN)
                         net (fo=205, unset)          0.924    10.924    source_bank/clk
    SLICE_X20Y15         FDRE                                         r  source_bank/metadata_in_hold_reg[56]/C
                         clock pessimism              0.000    10.924    
                         clock uncertainty           -0.035    10.889    
    SLICE_X20Y15         FDRE (Setup_fdre_C_CE)      -0.377    10.512    source_bank/metadata_in_hold_reg[56]
  -------------------------------------------------------------------
                         required time                         10.512    
                         arrival time                          -7.896    
  -------------------------------------------------------------------
                         slack                                  2.616    

Slack (MET) :             2.616ns  (required time - arrival time)
  Source:                 per_cause_fault_cdc.causes[7].cause_sync_reg[1]/C
                            (rising edge-triggered cell FDRE clocked by source_100  {rise@0.000ns fall@5.000ns period=10.000ns})
  Destination:            source_bank/metadata_in_hold_reg[63]/CE
                            (rising edge-triggered cell FDRE clocked by source_100  {rise@0.000ns fall@5.000ns period=10.000ns})
  Path Group:             source_100
  Path Type:              Setup (Max at Slow Process Corner)
  Requirement:            10.000ns  (source_100 rise@10.000ns - source_100 rise@0.000ns)
  Data Path Delay:        6.923ns  (logic 1.241ns (17.927%)  route 5.682ns (82.073%))
  Logic Levels:           4  (LUT2=1 LUT4=1 LUT5=1 LUT6=1)
  Clock Path Skew:        -0.049ns (DCD - SCD + CPR)
    Destination Clock Delay (DCD):    0.924ns = ( 10.924 - 10.000 ) 
    Source Clock Delay      (SCD):    0.973ns
    Clock Pessimism Removal (CPR):    0.000ns
  Clock Uncertainty:      0.035ns  ((TSJ^2 + TIJ^2)^1/2 + DJ) / 2 + PE
    Total System Jitter     (TSJ):    0.071ns
    Total Input Jitter      (TIJ):    0.000ns
    Discrete Jitter          (DJ):    0.000ns
    Phase Error              (PE):    0.000ns

    Location             Delay type                Incr(ns)  Path(ns)    Netlist Resource(s)
  -------------------------------------------------------------------    -------------------
                         (clock source_100 rise edge)
                                                      0.000     0.000 r  
                                                      0.000     0.000 r  clk (IN)
                         net (fo=205, unset)          0.973     0.973    clk
    SLICE_X24Y15         FDRE                                         r  per_cause_fault_cdc.causes[7].cause_sync_reg[1]/C
  -------------------------------------------------------------------    -------------------
    SLICE_X24Y15         FDRE (Prop_fdre_C_Q)         0.518     1.491 f  per_cause_fault_cdc.causes[7].cause_sync_reg[1]/Q
                         net (fo=1, routed)           1.231     2.722    per_cause_fault_cdc.causes[7].cause_sync[1]
    SLICE_X24Y4          LUT4 (Prop_lut4_I2_O)        0.124     2.846 f  fast_fault_slow_inferred_i_4/O
                         net (fo=1, routed)           0.561     3.406    fast_fault_slow_inferred_i_4_n_0
    SLICE_X24Y1          LUT6 (Prop_lut6_I5_O)        0.124     3.530 f  fast_fault_slow_inferred_i_1/O
                         net (fo=1, routed)           1.249     4.779    source_bank/out[0]
    SLICE_X9Y2           LUT2 (Prop_lut2_I0_O)        0.153     4.932 f  source_bank/fault_INST_0/O
                         net (fo=10, routed)          1.008     5.940    source_bank/input_fault_reg_0
    SLICE_X5Y5           LUT5 (Prop_lut5_I0_O)        0.322     6.262 r  source_bank/metadata_in_hold[68]_i_1/O
                         net (fo=64, routed)          1.634     7.896    source_bank/metadata_load
    SLICE_X20Y15         FDRE                                         r  source_bank/metadata_in_hold_reg[63]/CE
  -------------------------------------------------------------------    -------------------

                         (clock source_100 rise edge)
                                                     10.000    10.000 r  
                                                      0.000    10.000 r  clk (IN)
                         net (fo=205, unset)          0.924    10.924    source_bank/clk
    SLICE_X20Y15         FDRE                                         r  source_bank/metadata_in_hold_reg[63]/C
                         clock pessimism              0.000    10.924    
                         clock uncertainty           -0.035    10.889    
    SLICE_X20Y15         FDRE (Setup_fdre_C_CE)      -0.377    10.512    source_bank/metadata_in_hold_reg[63]
  -------------------------------------------------------------------
                         required time                         10.512    
                         arrival time                          -7.896    
  -------------------------------------------------------------------
                         slack                                  2.616    

Slack (MET) :             2.626ns  (required time - arrival time)
  Source:                 per_cause_fault_cdc.causes[7].cause_sync_reg[1]/C
                            (rising edge-triggered cell FDRE clocked by source_100  {rise@0.000ns fall@5.000ns period=10.000ns})
  Destination:            source_bank/metadata_in_hold_reg[10]/CE
                            (rising edge-triggered cell FDRE clocked by source_100  {rise@0.000ns fall@5.000ns period=10.000ns})
  Path Group:             source_100
  Path Type:              Setup (Max at Slow Process Corner)
  Requirement:            10.000ns  (source_100 rise@10.000ns - source_100 rise@0.000ns)
  Data Path Delay:        6.877ns  (logic 1.241ns (18.045%)  route 5.636ns (81.955%))
  Logic Levels:           4  (LUT2=1 LUT4=1 LUT5=1 LUT6=1)
  Clock Path Skew:        -0.049ns (DCD - SCD + CPR)
    Destination Clock Delay (DCD):    0.924ns = ( 10.924 - 10.000 ) 
    Source Clock Delay      (SCD):    0.973ns
    Clock Pessimism Removal (CPR):    0.000ns
  Clock Uncertainty:      0.035ns  ((TSJ^2 + TIJ^2)^1/2 + DJ) / 2 + PE
    Total System Jitter     (TSJ):    0.071ns
    Total Input Jitter      (TIJ):    0.000ns
    Discrete Jitter          (DJ):    0.000ns
    Phase Error              (PE):    0.000ns

    Location             Delay type                Incr(ns)  Path(ns)    Netlist Resource(s)
  -------------------------------------------------------------------    -------------------
                         (clock source_100 rise edge)
                                                      0.000     0.000 r  
                                                      0.000     0.000 r  clk (IN)
                         net (fo=205, unset)          0.973     0.973    clk
    SLICE_X24Y15         FDRE                                         r  per_cause_fault_cdc.causes[7].cause_sync_reg[1]/C
  -------------------------------------------------------------------    -------------------
    SLICE_X24Y15         FDRE (Prop_fdre_C_Q)         0.518     1.491 f  per_cause_fault_cdc.causes[7].cause_sync_reg[1]/Q
                         net (fo=1, routed)           1.231     2.722    per_cause_fault_cdc.causes[7].cause_sync[1]
    SLICE_X24Y4          LUT4 (Prop_lut4_I2_O)        0.124     2.846 f  fast_fault_slow_inferred_i_4/O
                         net (fo=1, routed)           0.561     3.406    fast_fault_slow_inferred_i_4_n_0
    SLICE_X24Y1          LUT6 (Prop_lut6_I5_O)        0.124     3.530 f  fast_fault_slow_inferred_i_1/O
                         net (fo=1, routed)           1.249     4.779    source_bank/out[0]
    SLICE_X9Y2           LUT2 (Prop_lut2_I0_O)        0.153     4.932 f  source_bank/fault_INST_0/O
                         net (fo=10, routed)          1.008     5.940    source_bank/input_fault_reg_0
    SLICE_X5Y5           LUT5 (Prop_lut5_I0_O)        0.322     6.262 r  source_bank/metadata_in_hold[68]_i_1/O
                         net (fo=64, routed)          1.589     7.850    source_bank/metadata_load
    SLICE_X17Y5          FDRE                                         r  source_bank/metadata_in_hold_reg[10]/CE
  -------------------------------------------------------------------    -------------------

                         (clock source_100 rise edge)
                                                     10.000    10.000 r  
                                                      0.000    10.000 r  clk (IN)
                         net (fo=205, unset)          0.924    10.924    source_bank/clk
    SLICE_X17Y5          FDRE                                         r  source_bank/metadata_in_hold_reg[10]/C
                         clock pessimism              0.000    10.924    
                         clock uncertainty           -0.035    10.889    
    SLICE_X17Y5          FDRE (Setup_fdre_C_CE)      -0.413    10.476    source_bank/metadata_in_hold_reg[10]
  -------------------------------------------------------------------
                         required time                         10.476    
                         arrival time                          -7.850    
  -------------------------------------------------------------------
                         slack                                  2.626    

Slack (MET) :             2.626ns  (required time - arrival time)
  Source:                 per_cause_fault_cdc.causes[7].cause_sync_reg[1]/C
                            (rising edge-triggered cell FDRE clocked by source_100  {rise@0.000ns fall@5.000ns period=10.000ns})
  Destination:            source_bank/metadata_in_hold_reg[11]/CE
                            (rising edge-triggered cell FDRE clocked by source_100  {rise@0.000ns fall@5.000ns period=10.000ns})
  Path Group:             source_100
  Path Type:              Setup (Max at Slow Process Corner)
  Requirement:            10.000ns  (source_100 rise@10.000ns - source_100 rise@0.000ns)
  Data Path Delay:        6.877ns  (logic 1.241ns (18.045%)  route 5.636ns (81.955%))
  Logic Levels:           4  (LUT2=1 LUT4=1 LUT5=1 LUT6=1)
  Clock Path Skew:        -0.049ns (DCD - SCD + CPR)
    Destination Clock Delay (DCD):    0.924ns = ( 10.924 - 10.000 ) 
    Source Clock Delay      (SCD):    0.973ns
    Clock Pessimism Removal (CPR):    0.000ns
  Clock Uncertainty:      0.035ns  ((TSJ^2 + TIJ^2)^1/2 + DJ) / 2 + PE
    Total System Jitter     (TSJ):    0.071ns
    Total Input Jitter      (TIJ):    0.000ns
    Discrete Jitter          (DJ):    0.000ns
    Phase Error              (PE):    0.000ns

    Location             Delay type                Incr(ns)  Path(ns)    Netlist Resource(s)
  -------------------------------------------------------------------    -------------------
                         (clock source_100 rise edge)
                                                      0.000     0.000 r  
                                                      0.000     0.000 r  clk (IN)
                         net (fo=205, unset)          0.973     0.973    clk
    SLICE_X24Y15         FDRE                                         r  per_cause_fault_cdc.causes[7].cause_sync_reg[1]/C
  -------------------------------------------------------------------    -------------------
    SLICE_X24Y15         FDRE (Prop_fdre_C_Q)         0.518     1.491 f  per_cause_fault_cdc.causes[7].cause_sync_reg[1]/Q
                         net (fo=1, routed)           1.231     2.722    per_cause_fault_cdc.causes[7].cause_sync[1]
    SLICE_X24Y4          LUT4 (Prop_lut4_I2_O)        0.124     2.846 f  fast_fault_slow_inferred_i_4/O
                         net (fo=1, routed)           0.561     3.406    fast_fault_slow_inferred_i_4_n_0
    SLICE_X24Y1          LUT6 (Prop_lut6_I5_O)        0.124     3.530 f  fast_fault_slow_inferred_i_1/O
                         net (fo=1, routed)           1.249     4.779    source_bank/out[0]
    SLICE_X9Y2           LUT2 (Prop_lut2_I0_O)        0.153     4.932 f  source_bank/fault_INST_0/O
                         net (fo=10, routed)          1.008     5.940    source_bank/input_fault_reg_0
    SLICE_X5Y5           LUT5 (Prop_lut5_I0_O)        0.322     6.262 r  source_bank/metadata_in_hold[68]_i_1/O
                         net (fo=64, routed)          1.589     7.850    source_bank/metadata_load
    SLICE_X17Y5          FDRE                                         r  source_bank/metadata_in_hold_reg[11]/CE
  -------------------------------------------------------------------    -------------------

                         (clock source_100 rise edge)
                                                     10.000    10.000 r  
                                                      0.000    10.000 r  clk (IN)
                         net (fo=205, unset)          0.924    10.924    source_bank/clk
    SLICE_X17Y5          FDRE                                         r  source_bank/metadata_in_hold_reg[11]/C
                         clock pessimism              0.000    10.924    
                         clock uncertainty           -0.035    10.889    
    SLICE_X17Y5          FDRE (Setup_fdre_C_CE)      -0.413    10.476    source_bank/metadata_in_hold_reg[11]
  -------------------------------------------------------------------
                         required time                         10.476    
                         arrival time                          -7.850    
  -------------------------------------------------------------------
                         slack                                  2.626    

Slack (MET) :             2.626ns  (required time - arrival time)
  Source:                 per_cause_fault_cdc.causes[7].cause_sync_reg[1]/C
                            (rising edge-triggered cell FDRE clocked by source_100  {rise@0.000ns fall@5.000ns period=10.000ns})
  Destination:            source_bank/metadata_in_hold_reg[12]/CE
                            (rising edge-triggered cell FDRE clocked by source_100  {rise@0.000ns fall@5.000ns period=10.000ns})
  Path Group:             source_100
  Path Type:              Setup (Max at Slow Process Corner)
  Requirement:            10.000ns  (source_100 rise@10.000ns - source_100 rise@0.000ns)
  Data Path Delay:        6.877ns  (logic 1.241ns (18.045%)  route 5.636ns (81.955%))
  Logic Levels:           4  (LUT2=1 LUT4=1 LUT5=1 LUT6=1)
  Clock Path Skew:        -0.049ns (DCD - SCD + CPR)
    Destination Clock Delay (DCD):    0.924ns = ( 10.924 - 10.000 ) 
    Source Clock Delay      (SCD):    0.973ns
    Clock Pessimism Removal (CPR):    0.000ns
  Clock Uncertainty:      0.035ns  ((TSJ^2 + TIJ^2)^1/2 + DJ) / 2 + PE
    Total System Jitter     (TSJ):    0.071ns
    Total Input Jitter      (TIJ):    0.000ns
    Discrete Jitter          (DJ):    0.000ns
    Phase Error              (PE):    0.000ns

    Location             Delay type                Incr(ns)  Path(ns)    Netlist Resource(s)
  -------------------------------------------------------------------    -------------------
                         (clock source_100 rise edge)
                                                      0.000     0.000 r  
                                                      0.000     0.000 r  clk (IN)
                         net (fo=205, unset)          0.973     0.973    clk
    SLICE_X24Y15         FDRE                                         r  per_cause_fault_cdc.causes[7].cause_sync_reg[1]/C
  -------------------------------------------------------------------    -------------------
    SLICE_X24Y15         FDRE (Prop_fdre_C_Q)         0.518     1.491 f  per_cause_fault_cdc.causes[7].cause_sync_reg[1]/Q
                         net (fo=1, routed)           1.231     2.722    per_cause_fault_cdc.causes[7].cause_sync[1]
    SLICE_X24Y4          LUT4 (Prop_lut4_I2_O)        0.124     2.846 f  fast_fault_slow_inferred_i_4/O
                         net (fo=1, routed)           0.561     3.406    fast_fault_slow_inferred_i_4_n_0
    SLICE_X24Y1          LUT6 (Prop_lut6_I5_O)        0.124     3.530 f  fast_fault_slow_inferred_i_1/O
                         net (fo=1, routed)           1.249     4.779    source_bank/out[0]
    SLICE_X9Y2           LUT2 (Prop_lut2_I0_O)        0.153     4.932 f  source_bank/fault_INST_0/O
                         net (fo=10, routed)          1.008     5.940    source_bank/input_fault_reg_0
    SLICE_X5Y5           LUT5 (Prop_lut5_I0_O)        0.322     6.262 r  source_bank/metadata_in_hold[68]_i_1/O
                         net (fo=64, routed)          1.589     7.850    source_bank/metadata_load
    SLICE_X17Y5          FDRE                                         r  source_bank/metadata_in_hold_reg[12]/CE
  -------------------------------------------------------------------    -------------------

                         (clock source_100 rise edge)
                                                     10.000    10.000 r  
                                                      0.000    10.000 r  clk (IN)
                         net (fo=205, unset)          0.924    10.924    source_bank/clk
    SLICE_X17Y5          FDRE                                         r  source_bank/metadata_in_hold_reg[12]/C
                         clock pessimism              0.000    10.924    
                         clock uncertainty           -0.035    10.889    
    SLICE_X17Y5          FDRE (Setup_fdre_C_CE)      -0.413    10.476    source_bank/metadata_in_hold_reg[12]
  -------------------------------------------------------------------
                         required time                         10.476    
                         arrival time                          -7.850    
  -------------------------------------------------------------------
                         slack                                  2.626    

Slack (MET) :             2.626ns  (required time - arrival time)
  Source:                 per_cause_fault_cdc.causes[7].cause_sync_reg[1]/C
                            (rising edge-triggered cell FDRE clocked by source_100  {rise@0.000ns fall@5.000ns period=10.000ns})
  Destination:            source_bank/metadata_in_hold_reg[14]/CE
                            (rising edge-triggered cell FDRE clocked by source_100  {rise@0.000ns fall@5.000ns period=10.000ns})
  Path Group:             source_100
  Path Type:              Setup (Max at Slow Process Corner)
  Requirement:            10.000ns  (source_100 rise@10.000ns - source_100 rise@0.000ns)
  Data Path Delay:        6.877ns  (logic 1.241ns (18.045%)  route 5.636ns (81.955%))
  Logic Levels:           4  (LUT2=1 LUT4=1 LUT5=1 LUT6=1)
  Clock Path Skew:        -0.049ns (DCD - SCD + CPR)
    Destination Clock Delay (DCD):    0.924ns = ( 10.924 - 10.000 ) 
    Source Clock Delay      (SCD):    0.973ns
    Clock Pessimism Removal (CPR):    0.000ns
  Clock Uncertainty:      0.035ns  ((TSJ^2 + TIJ^2)^1/2 + DJ) / 2 + PE
    Total System Jitter     (TSJ):    0.071ns
    Total Input Jitter      (TIJ):    0.000ns
    Discrete Jitter          (DJ):    0.000ns
    Phase Error              (PE):    0.000ns

    Location             Delay type                Incr(ns)  Path(ns)    Netlist Resource(s)
  -------------------------------------------------------------------    -------------------
                         (clock source_100 rise edge)
                                                      0.000     0.000 r  
                                                      0.000     0.000 r  clk (IN)
                         net (fo=205, unset)          0.973     0.973    clk
    SLICE_X24Y15         FDRE                                         r  per_cause_fault_cdc.causes[7].cause_sync_reg[1]/C
  -------------------------------------------------------------------    -------------------
    SLICE_X24Y15         FDRE (Prop_fdre_C_Q)         0.518     1.491 f  per_cause_fault_cdc.causes[7].cause_sync_reg[1]/Q
                         net (fo=1, routed)           1.231     2.722    per_cause_fault_cdc.causes[7].cause_sync[1]
    SLICE_X24Y4          LUT4 (Prop_lut4_I2_O)        0.124     2.846 f  fast_fault_slow_inferred_i_4/O
                         net (fo=1, routed)           0.561     3.406    fast_fault_slow_inferred_i_4_n_0
    SLICE_X24Y1          LUT6 (Prop_lut6_I5_O)        0.124     3.530 f  fast_fault_slow_inferred_i_1/O
                         net (fo=1, routed)           1.249     4.779    source_bank/out[0]
    SLICE_X9Y2           LUT2 (Prop_lut2_I0_O)        0.153     4.932 f  source_bank/fault_INST_0/O
                         net (fo=10, routed)          1.008     5.940    source_bank/input_fault_reg_0
    SLICE_X5Y5           LUT5 (Prop_lut5_I0_O)        0.322     6.262 r  source_bank/metadata_in_hold[68]_i_1/O
                         net (fo=64, routed)          1.589     7.850    source_bank/metadata_load
    SLICE_X17Y5          FDRE                                         r  source_bank/metadata_in_hold_reg[14]/CE
  -------------------------------------------------------------------    -------------------

                         (clock source_100 rise edge)
                                                     10.000    10.000 r  
                                                      0.000    10.000 r  clk (IN)
                         net (fo=205, unset)          0.924    10.924    source_bank/clk
    SLICE_X17Y5          FDRE                                         r  source_bank/metadata_in_hold_reg[14]/C
                         clock pessimism              0.000    10.924    
                         clock uncertainty           -0.035    10.889    
    SLICE_X17Y5          FDRE (Setup_fdre_C_CE)      -0.413    10.476    source_bank/metadata_in_hold_reg[14]
  -------------------------------------------------------------------
                         required time                         10.476    
                         arrival time                          -7.850    
  -------------------------------------------------------------------
                         slack                                  2.626    

Slack (MET) :             2.626ns  (required time - arrival time)
  Source:                 per_cause_fault_cdc.causes[7].cause_sync_reg[1]/C
                            (rising edge-triggered cell FDRE clocked by source_100  {rise@0.000ns fall@5.000ns period=10.000ns})
  Destination:            source_bank/metadata_in_hold_reg[16]/CE
                            (rising edge-triggered cell FDRE clocked by source_100  {rise@0.000ns fall@5.000ns period=10.000ns})
  Path Group:             source_100
  Path Type:              Setup (Max at Slow Process Corner)
  Requirement:            10.000ns  (source_100 rise@10.000ns - source_100 rise@0.000ns)
  Data Path Delay:        6.877ns  (logic 1.241ns (18.045%)  route 5.636ns (81.955%))
  Logic Levels:           4  (LUT2=1 LUT4=1 LUT5=1 LUT6=1)
  Clock Path Skew:        -0.049ns (DCD - SCD + CPR)
    Destination Clock Delay (DCD):    0.924ns = ( 10.924 - 10.000 ) 
    Source Clock Delay      (SCD):    0.973ns
    Clock Pessimism Removal (CPR):    0.000ns
  Clock Uncertainty:      0.035ns  ((TSJ^2 + TIJ^2)^1/2 + DJ) / 2 + PE
    Total System Jitter     (TSJ):    0.071ns
    Total Input Jitter      (TIJ):    0.000ns
    Discrete Jitter          (DJ):    0.000ns
    Phase Error              (PE):    0.000ns

    Location             Delay type                Incr(ns)  Path(ns)    Netlist Resource(s)
  -------------------------------------------------------------------    -------------------
                         (clock source_100 rise edge)
                                                      0.000     0.000 r  
                                                      0.000     0.000 r  clk (IN)
                         net (fo=205, unset)          0.973     0.973    clk
    SLICE_X24Y15         FDRE                                         r  per_cause_fault_cdc.causes[7].cause_sync_reg[1]/C
  -------------------------------------------------------------------    -------------------
    SLICE_X24Y15         FDRE (Prop_fdre_C_Q)         0.518     1.491 f  per_cause_fault_cdc.causes[7].cause_sync_reg[1]/Q
                         net (fo=1, routed)           1.231     2.722    per_cause_fault_cdc.causes[7].cause_sync[1]
    SLICE_X24Y4          LUT4 (Prop_lut4_I2_O)        0.124     2.846 f  fast_fault_slow_inferred_i_4/O
                         net (fo=1, routed)           0.561     3.406    fast_fault_slow_inferred_i_4_n_0
    SLICE_X24Y1          LUT6 (Prop_lut6_I5_O)        0.124     3.530 f  fast_fault_slow_inferred_i_1/O
                         net (fo=1, routed)           1.249     4.779    source_bank/out[0]
    SLICE_X9Y2           LUT2 (Prop_lut2_I0_O)        0.153     4.932 f  source_bank/fault_INST_0/O
                         net (fo=10, routed)          1.008     5.940    source_bank/input_fault_reg_0
    SLICE_X5Y5           LUT5 (Prop_lut5_I0_O)        0.322     6.262 r  source_bank/metadata_in_hold[68]_i_1/O
                         net (fo=64, routed)          1.589     7.850    source_bank/metadata_load
    SLICE_X17Y5          FDRE                                         r  source_bank/metadata_in_hold_reg[16]/CE
  -------------------------------------------------------------------    -------------------

                         (clock source_100 rise edge)
                                                     10.000    10.000 r  
                                                      0.000    10.000 r  clk (IN)
                         net (fo=205, unset)          0.924    10.924    source_bank/clk
    SLICE_X17Y5          FDRE                                         r  source_bank/metadata_in_hold_reg[16]/C
                         clock pessimism              0.000    10.924    
                         clock uncertainty           -0.035    10.889    
    SLICE_X17Y5          FDRE (Setup_fdre_C_CE)      -0.413    10.476    source_bank/metadata_in_hold_reg[16]
  -------------------------------------------------------------------
                         required time                         10.476    
                         arrival time                          -7.850    
  -------------------------------------------------------------------
                         slack                                  2.626    

Slack (MET) :             2.626ns  (required time - arrival time)
  Source:                 per_cause_fault_cdc.causes[7].cause_sync_reg[1]/C
                            (rising edge-triggered cell FDRE clocked by source_100  {rise@0.000ns fall@5.000ns period=10.000ns})
  Destination:            source_bank/metadata_in_hold_reg[5]/CE
                            (rising edge-triggered cell FDRE clocked by source_100  {rise@0.000ns fall@5.000ns period=10.000ns})
  Path Group:             source_100
  Path Type:              Setup (Max at Slow Process Corner)
  Requirement:            10.000ns  (source_100 rise@10.000ns - source_100 rise@0.000ns)
  Data Path Delay:        6.877ns  (logic 1.241ns (18.045%)  route 5.636ns (81.955%))
  Logic Levels:           4  (LUT2=1 LUT4=1 LUT5=1 LUT6=1)
  Clock Path Skew:        -0.049ns (DCD - SCD + CPR)
    Destination Clock Delay (DCD):    0.924ns = ( 10.924 - 10.000 ) 
    Source Clock Delay      (SCD):    0.973ns
    Clock Pessimism Removal (CPR):    0.000ns
  Clock Uncertainty:      0.035ns  ((TSJ^2 + TIJ^2)^1/2 + DJ) / 2 + PE
    Total System Jitter     (TSJ):    0.071ns
    Total Input Jitter      (TIJ):    0.000ns
    Discrete Jitter          (DJ):    0.000ns
    Phase Error              (PE):    0.000ns

    Location             Delay type                Incr(ns)  Path(ns)    Netlist Resource(s)
  -------------------------------------------------------------------    -------------------
                         (clock source_100 rise edge)
                                                      0.000     0.000 r  
                                                      0.000     0.000 r  clk (IN)
                         net (fo=205, unset)          0.973     0.973    clk
    SLICE_X24Y15         FDRE                                         r  per_cause_fault_cdc.causes[7].cause_sync_reg[1]/C
  -------------------------------------------------------------------    -------------------
    SLICE_X24Y15         FDRE (Prop_fdre_C_Q)         0.518     1.491 f  per_cause_fault_cdc.causes[7].cause_sync_reg[1]/Q
                         net (fo=1, routed)           1.231     2.722    per_cause_fault_cdc.causes[7].cause_sync[1]
    SLICE_X24Y4          LUT4 (Prop_lut4_I2_O)        0.124     2.846 f  fast_fault_slow_inferred_i_4/O
                         net (fo=1, routed)           0.561     3.406    fast_fault_slow_inferred_i_4_n_0
    SLICE_X24Y1          LUT6 (Prop_lut6_I5_O)        0.124     3.530 f  fast_fault_slow_inferred_i_1/O
                         net (fo=1, routed)           1.249     4.779    source_bank/out[0]
    SLICE_X9Y2           LUT2 (Prop_lut2_I0_O)        0.153     4.932 f  source_bank/fault_INST_0/O
                         net (fo=10, routed)          1.008     5.940    source_bank/input_fault_reg_0
    SLICE_X5Y5           LUT5 (Prop_lut5_I0_O)        0.322     6.262 r  source_bank/metadata_in_hold[68]_i_1/O
                         net (fo=64, routed)          1.589     7.850    source_bank/metadata_load
    SLICE_X17Y5          FDRE                                         r  source_bank/metadata_in_hold_reg[5]/CE
  -------------------------------------------------------------------    -------------------

                         (clock source_100 rise edge)
                                                     10.000    10.000 r  
                                                      0.000    10.000 r  clk (IN)
                         net (fo=205, unset)          0.924    10.924    source_bank/clk
    SLICE_X17Y5          FDRE                                         r  source_bank/metadata_in_hold_reg[5]/C
                         clock pessimism              0.000    10.924    
                         clock uncertainty           -0.035    10.889    
    SLICE_X17Y5          FDRE (Setup_fdre_C_CE)      -0.413    10.476    source_bank/metadata_in_hold_reg[5]
  -------------------------------------------------------------------
                         required time                         10.476    
                         arrival time                          -7.850    
  -------------------------------------------------------------------
                         slack                                  2.626    





Min Delay Paths
--------------------------------------------------------------------------------------
Slack (MET) :             0.100ns  (arrival time - required time)
  Source:                 slow_reset_slow_reg[0]/C
                            (rising edge-triggered cell FDCE clocked by source_100  {rise@0.000ns fall@5.000ns period=10.000ns})
  Destination:            slow_reset_slow_reg[1]/D
                            (rising edge-triggered cell FDCE clocked by source_100  {rise@0.000ns fall@5.000ns period=10.000ns})
  Path Group:             source_100
  Path Type:              Hold (Min at Fast Process Corner)
  Requirement:            0.000ns  (source_100 rise@0.000ns - source_100 rise@0.000ns)
  Data Path Delay:        0.197ns  (logic 0.141ns (71.611%)  route 0.056ns (28.389%))
  Logic Levels:           0  
  Clock Path Skew:        0.022ns (DCD - SCD - CPR)
    Destination Clock Delay (DCD):    0.432ns
    Source Clock Delay      (SCD):    0.410ns
    Clock Pessimism Removal (CPR):    -0.000ns

    Location             Delay type                Incr(ns)  Path(ns)    Netlist Resource(s)
  -------------------------------------------------------------------    -------------------
                         (clock source_100 rise edge)
                                                      0.000     0.000 r  
                                                      0.000     0.000 r  clk (IN)
                         net (fo=205, unset)          0.410     0.410    clk
    SLICE_X5Y3           FDCE                                         r  slow_reset_slow_reg[0]/C
  -------------------------------------------------------------------    -------------------
    SLICE_X5Y3           FDCE (Prop_fdce_C_Q)         0.141     0.551 r  slow_reset_slow_reg[0]/Q
                         net (fo=1, routed)           0.056     0.607    slow_reset_slow[0]
    SLICE_X5Y3           FDCE                                         r  slow_reset_slow_reg[1]/D
  -------------------------------------------------------------------    -------------------

                         (clock source_100 rise edge)
                                                      0.000     0.000 r  
                                                      0.000     0.000 r  clk (IN)
                         net (fo=205, unset)          0.432     0.432    clk
    SLICE_X5Y3           FDCE                                         r  slow_reset_slow_reg[1]/C
                         clock pessimism              0.000     0.432    
    SLICE_X5Y3           FDCE (Hold_fdce_C_D)         0.075     0.507    slow_reset_slow_reg[1]
  -------------------------------------------------------------------
                         required time                         -0.507    
                         arrival time                           0.607    
  -------------------------------------------------------------------
                         slack                                  0.100    

Slack (MET) :             0.106ns  (arrival time - required time)
  Source:                 per_cause_fault_cdc.causes[6].cause_sync_reg[0]/C
                            (rising edge-triggered cell FDRE clocked by source_100  {rise@0.000ns fall@5.000ns period=10.000ns})
  Destination:            per_cause_fault_cdc.causes[6].cause_sync_reg[1]/D
                            (rising edge-triggered cell FDRE clocked by source_100  {rise@0.000ns fall@5.000ns period=10.000ns})
  Path Group:             source_100
  Path Type:              Hold (Min at Fast Process Corner)
  Requirement:            0.000ns  (source_100 rise@0.000ns - source_100 rise@0.000ns)
  Data Path Delay:        0.199ns  (logic 0.141ns (70.953%)  route 0.058ns (29.047%))
  Logic Levels:           0  
  Clock Path Skew:        0.022ns (DCD - SCD - CPR)
    Destination Clock Delay (DCD):    0.432ns
    Source Clock Delay      (SCD):    0.410ns
    Clock Pessimism Removal (CPR):    -0.000ns

    Location             Delay type                Incr(ns)  Path(ns)    Netlist Resource(s)
  -------------------------------------------------------------------    -------------------
                         (clock source_100 rise edge)
                                                      0.000     0.000 r  
                                                      0.000     0.000 r  clk (IN)
                         net (fo=205, unset)          0.410     0.410    clk
    SLICE_X22Y4          FDRE                                         r  per_cause_fault_cdc.causes[6].cause_sync_reg[0]/C
  -------------------------------------------------------------------    -------------------
    SLICE_X22Y4          FDRE (Prop_fdre_C_Q)         0.141     0.551 r  per_cause_fault_cdc.causes[6].cause_sync_reg[0]/Q
                         net (fo=1, routed)           0.058     0.609    per_cause_fault_cdc.causes[6].cause_sync[0]
    SLICE_X22Y4          FDRE                                         r  per_cause_fault_cdc.causes[6].cause_sync_reg[1]/D
  -------------------------------------------------------------------    -------------------

                         (clock source_100 rise edge)
                                                      0.000     0.000 r  
                                                      0.000     0.000 r  clk (IN)
                         net (fo=205, unset)          0.432     0.432    clk
    SLICE_X22Y4          FDRE                                         r  per_cause_fault_cdc.causes[6].cause_sync_reg[1]/C
                         clock pessimism              0.000     0.432    
    SLICE_X22Y4          FDRE (Hold_fdre_C_D)         0.071     0.503    per_cause_fault_cdc.causes[6].cause_sync_reg[1]
  -------------------------------------------------------------------
                         required time                         -0.503    
                         arrival time                           0.609    
  -------------------------------------------------------------------
                         slack                                  0.106    

Slack (MET) :             0.138ns  (arrival time - required time)
  Source:                 fast_reset_slow_reg[0]/C
                            (rising edge-triggered cell FDCE clocked by source_100  {rise@0.000ns fall@5.000ns period=10.000ns})
  Destination:            fast_reset_slow_reg[1]/D
                            (rising edge-triggered cell FDCE clocked by source_100  {rise@0.000ns fall@5.000ns period=10.000ns})
  Path Group:             source_100
  Path Type:              Hold (Min at Fast Process Corner)
  Requirement:            0.000ns  (source_100 rise@0.000ns - source_100 rise@0.000ns)
  Data Path Delay:        0.220ns  (logic 0.164ns (74.580%)  route 0.056ns (25.420%))
  Logic Levels:           0  
  Clock Path Skew:        0.022ns (DCD - SCD - CPR)
    Destination Clock Delay (DCD):    0.432ns
    Source Clock Delay      (SCD):    0.410ns
    Clock Pessimism Removal (CPR):    -0.000ns

    Location             Delay type                Incr(ns)  Path(ns)    Netlist Resource(s)
  -------------------------------------------------------------------    -------------------
                         (clock source_100 rise edge)
                                                      0.000     0.000 r  
                                                      0.000     0.000 r  clk (IN)
                         net (fo=205, unset)          0.410     0.410    clk
    SLICE_X4Y1           FDCE                                         r  fast_reset_slow_reg[0]/C
  -------------------------------------------------------------------    -------------------
    SLICE_X4Y1           FDCE (Prop_fdce_C_Q)         0.164     0.574 r  fast_reset_slow_reg[0]/Q
                         net (fo=1, routed)           0.056     0.630    fast_reset_slow[0]
    SLICE_X4Y1           FDCE                                         r  fast_reset_slow_reg[1]/D
  -------------------------------------------------------------------    -------------------

                         (clock source_100 rise edge)
                                                      0.000     0.000 r  
                                                      0.000     0.000 r  clk (IN)
                         net (fo=205, unset)          0.432     0.432    clk
    SLICE_X4Y1           FDCE                                         r  fast_reset_slow_reg[1]/C
                         clock pessimism              0.000     0.432    
    SLICE_X4Y1           FDCE (Hold_fdce_C_D)         0.060     0.492    fast_reset_slow_reg[1]
  -------------------------------------------------------------------
                         required time                         -0.492    
                         arrival time                           0.630    
  -------------------------------------------------------------------
                         slack                                  0.138    

Slack (MET) :             0.145ns  (arrival time - required time)
  Source:                 per_cause_fault_cdc.causes[1].cause_sync_reg[0]/C
                            (rising edge-triggered cell FDRE clocked by source_100  {rise@0.000ns fall@5.000ns period=10.000ns})
  Destination:            per_cause_fault_cdc.causes[1].cause_sync_reg[1]/D
                            (rising edge-triggered cell FDRE clocked by source_100  {rise@0.000ns fall@5.000ns period=10.000ns})
  Path Group:             source_100
  Path Type:              Hold (Min at Fast Process Corner)
  Requirement:            0.000ns  (source_100 rise@0.000ns - source_100 rise@0.000ns)
  Data Path Delay:        0.220ns  (logic 0.164ns (74.580%)  route 0.056ns (25.420%))
  Logic Levels:           0  
  Clock Path Skew:        0.022ns (DCD - SCD - CPR)
    Destination Clock Delay (DCD):    0.432ns
    Source Clock Delay      (SCD):    0.410ns
    Clock Pessimism Removal (CPR):    -0.000ns

    Location             Delay type                Incr(ns)  Path(ns)    Netlist Resource(s)
  -------------------------------------------------------------------    -------------------
                         (clock source_100 rise edge)
                                                      0.000     0.000 r  
                                                      0.000     0.000 r  clk (IN)
                         net (fo=205, unset)          0.410     0.410    clk
    SLICE_X28Y2          FDRE                                         r  per_cause_fault_cdc.causes[1].cause_sync_reg[0]/C
  -------------------------------------------------------------------    -------------------
    SLICE_X28Y2          FDRE (Prop_fdre_C_Q)         0.164     0.574 r  per_cause_fault_cdc.causes[1].cause_sync_reg[0]/Q
                         net (fo=1, routed)           0.056     0.630    per_cause_fault_cdc.causes[1].cause_sync[0]
    SLICE_X28Y2          FDRE                                         r  per_cause_fault_cdc.causes[1].cause_sync_reg[1]/D
  -------------------------------------------------------------------    -------------------

                         (clock source_100 rise edge)
                                                      0.000     0.000 r  
                                                      0.000     0.000 r  clk (IN)
                         net (fo=205, unset)          0.432     0.432    clk
    SLICE_X28Y2          FDRE                                         r  per_cause_fault_cdc.causes[1].cause_sync_reg[1]/C
                         clock pessimism              0.000     0.432    
    SLICE_X28Y2          FDRE (Hold_fdre_C_D)         0.053     0.485    per_cause_fault_cdc.causes[1].cause_sync_reg[1]
  -------------------------------------------------------------------
                         required time                         -0.485    
                         arrival time                           0.630    
  -------------------------------------------------------------------
                         slack                                  0.145    

Slack (MET) :             0.193ns  (arrival time - required time)
  Source:                 output_bank/reading_reg/C
                            (rising edge-triggered cell FDRE clocked by source_100  {rise@0.000ns fall@5.000ns period=10.000ns})
  Destination:            output_bank/read_all_loaded_reg/D
                            (rising edge-triggered cell FDRE clocked by source_100  {rise@0.000ns fall@5.000ns period=10.000ns})
  Path Group:             source_100
  Path Type:              Hold (Min at Fast Process Corner)
  Requirement:            0.000ns  (source_100 rise@0.000ns - source_100 rise@0.000ns)
  Data Path Delay:        0.306ns  (logic 0.186ns (60.767%)  route 0.120ns (39.233%))
  Logic Levels:           1  (LUT5=1)
  Clock Path Skew:        0.022ns (DCD - SCD - CPR)
    Destination Clock Delay (DCD):    0.432ns
    Source Clock Delay      (SCD):    0.410ns
    Clock Pessimism Removal (CPR):    -0.000ns

    Location             Delay type                Incr(ns)  Path(ns)    Netlist Resource(s)
  -------------------------------------------------------------------    -------------------
                         (clock source_100 rise edge)
                                                      0.000     0.000 r  
                                                      0.000     0.000 r  clk (IN)
                         net (fo=205, unset)          0.410     0.410    output_bank/clk
    SLICE_X2Y3           FDRE                                         r  output_bank/reading_reg/C
  -------------------------------------------------------------------    -------------------
    SLICE_X2Y3           FDRE (Prop_fdre_C_Q)         0.141     0.551 r  output_bank/reading_reg/Q
                         net (fo=5, routed)           0.120     0.671    output_bank/reading
    SLICE_X3Y3           LUT5 (Prop_lut5_I0_O)        0.045     0.716 r  output_bank/read_all_loaded_i_1__1/O
                         net (fo=1, routed)           0.000     0.716    output_bank/read_all_loaded_i_1__1_n_0
    SLICE_X3Y3           FDRE                                         r  output_bank/read_all_loaded_reg/D
  -------------------------------------------------------------------    -------------------

                         (clock source_100 rise edge)
                                                      0.000     0.000 r  
                                                      0.000     0.000 r  clk (IN)
                         net (fo=205, unset)          0.432     0.432    output_bank/clk
    SLICE_X3Y3           FDRE                                         r  output_bank/read_all_loaded_reg/C
                         clock pessimism              0.000     0.432    
    SLICE_X3Y3           FDRE (Hold_fdre_C_D)         0.091     0.523    output_bank/read_all_loaded_reg
  -------------------------------------------------------------------
                         required time                         -0.523    
                         arrival time                           0.716    
  -------------------------------------------------------------------
                         slack                                  0.193    

Slack (MET) :             0.197ns  (arrival time - required time)
  Source:                 output_bank/read_address_reg[3]/C
                            (rising edge-triggered cell FDRE clocked by source_100  {rise@0.000ns fall@5.000ns period=10.000ns})
  Destination:            output_bank/read_address_reg[4]/D
                            (rising edge-triggered cell FDRE clocked by source_100  {rise@0.000ns fall@5.000ns period=10.000ns})
  Path Group:             source_100
  Path Type:              Hold (Min at Fast Process Corner)
  Requirement:            0.000ns  (source_100 rise@0.000ns - source_100 rise@0.000ns)
  Data Path Delay:        0.310ns  (logic 0.227ns (73.156%)  route 0.083ns (26.844%))
  Logic Levels:           1  (LUT6=1)
  Clock Path Skew:        0.022ns (DCD - SCD - CPR)
    Destination Clock Delay (DCD):    0.432ns
    Source Clock Delay      (SCD):    0.410ns
    Clock Pessimism Removal (CPR):    -0.000ns

    Location             Delay type                Incr(ns)  Path(ns)    Netlist Resource(s)
  -------------------------------------------------------------------    -------------------
                         (clock source_100 rise edge)
                                                      0.000     0.000 r  
                                                      0.000     0.000 r  clk (IN)
                         net (fo=205, unset)          0.410     0.410    output_bank/clk
    SLICE_X3Y2           FDRE                                         r  output_bank/read_address_reg[3]/C
  -------------------------------------------------------------------    -------------------
    SLICE_X3Y2           FDRE (Prop_fdre_C_Q)         0.128     0.538 r  output_bank/read_address_reg[3]/Q
                         net (fo=5, routed)           0.083     0.621    output_bank/read_address[3]
    SLICE_X3Y2           LUT6 (Prop_lut6_I4_O)        0.099     0.720 r  output_bank/read_address[4]_i_1/O
                         net (fo=1, routed)           0.000     0.720    output_bank/read_address[4]_i_1_n_0
    SLICE_X3Y2           FDRE                                         r  output_bank/read_address_reg[4]/D
  -------------------------------------------------------------------    -------------------

                         (clock source_100 rise edge)
                                                      0.000     0.000 r  
                                                      0.000     0.000 r  clk (IN)
                         net (fo=205, unset)          0.432     0.432    output_bank/clk
    SLICE_X3Y2           FDRE                                         r  output_bank/read_address_reg[4]/C
                         clock pessimism              0.000     0.432    
    SLICE_X3Y2           FDRE (Hold_fdre_C_D)         0.092     0.524    output_bank/read_address_reg[4]
  -------------------------------------------------------------------
                         required time                         -0.524    
                         arrival time                           0.720    
  -------------------------------------------------------------------
                         slack                                  0.197    

Slack (MET) :             0.201ns  (arrival time - required time)
  Source:                 output_bank/read_address_reg[4]/C
                            (rising edge-triggered cell FDRE clocked by source_100  {rise@0.000ns fall@5.000ns period=10.000ns})
  Destination:            output_bank/read_output_position_reg[4]/D
                            (rising edge-triggered cell FDRE clocked by source_100  {rise@0.000ns fall@5.000ns period=10.000ns})
  Path Group:             source_100
  Path Type:              Hold (Min at Fast Process Corner)
  Requirement:            0.000ns  (source_100 rise@0.000ns - source_100 rise@0.000ns)
  Data Path Delay:        0.295ns  (logic 0.141ns (47.859%)  route 0.154ns (52.141%))
  Logic Levels:           0  
  Clock Path Skew:        0.022ns (DCD - SCD - CPR)
    Destination Clock Delay (DCD):    0.432ns
    Source Clock Delay      (SCD):    0.410ns
    Clock Pessimism Removal (CPR):    -0.000ns

    Location             Delay type                Incr(ns)  Path(ns)    Netlist Resource(s)
  -------------------------------------------------------------------    -------------------
                         (clock source_100 rise edge)
                                                      0.000     0.000 r  
                                                      0.000     0.000 r  clk (IN)
                         net (fo=205, unset)          0.410     0.410    output_bank/clk
    SLICE_X3Y2           FDRE                                         r  output_bank/read_address_reg[4]/C
  -------------------------------------------------------------------    -------------------
    SLICE_X3Y2           FDRE (Prop_fdre_C_Q)         0.141     0.551 r  output_bank/read_address_reg[4]/Q
                         net (fo=4, routed)           0.154     0.705    output_bank/read_address[4]
    SLICE_X2Y1           FDRE                                         r  output_bank/read_output_position_reg[4]/D
  -------------------------------------------------------------------    -------------------

                         (clock source_100 rise edge)
                                                      0.000     0.000 r  
                                                      0.000     0.000 r  clk (IN)
                         net (fo=205, unset)          0.432     0.432    output_bank/clk
    SLICE_X2Y1           FDRE                                         r  output_bank/read_output_position_reg[4]/C
                         clock pessimism              0.000     0.432    
    SLICE_X2Y1           FDRE (Hold_fdre_C_D)         0.072     0.504    output_bank/read_output_position_reg[4]
  -------------------------------------------------------------------
                         required time                         -0.504    
                         arrival time                           0.705    
  -------------------------------------------------------------------
                         slack                                  0.201    

Slack (MET) :             0.204ns  (arrival time - required time)
  Source:                 output_bank/request_sync_reg[0]/C
                            (rising edge-triggered cell FDRE clocked by source_100  {rise@0.000ns fall@5.000ns period=10.000ns})
  Destination:            output_bank/request_sync_reg[1]/D
                            (rising edge-triggered cell FDRE clocked by source_100  {rise@0.000ns fall@5.000ns period=10.000ns})
  Path Group:             source_100
  Path Type:              Hold (Min at Fast Process Corner)
  Requirement:            0.000ns  (source_100 rise@0.000ns - source_100 rise@0.000ns)
  Data Path Delay:        0.247ns  (logic 0.128ns (51.778%)  route 0.119ns (48.222%))
  Logic Levels:           0  
  Clock Path Skew:        0.022ns (DCD - SCD - CPR)
    Destination Clock Delay (DCD):    0.432ns
    Source Clock Delay      (SCD):    0.410ns
    Clock Pessimism Removal (CPR):    -0.000ns

    Location             Delay type                Incr(ns)  Path(ns)    Netlist Resource(s)
  -------------------------------------------------------------------    -------------------
                         (clock source_100 rise edge)
                                                      0.000     0.000 r  
                                                      0.000     0.000 r  clk (IN)
                         net (fo=205, unset)          0.410     0.410    output_bank/clk
    SLICE_X23Y12         FDRE                                         r  output_bank/request_sync_reg[0]/C
  -------------------------------------------------------------------    -------------------
    SLICE_X23Y12         FDRE (Prop_fdre_C_Q)         0.128     0.538 r  output_bank/request_sync_reg[0]/Q
                         net (fo=1, routed)           0.119     0.657    output_bank/request_sync[0]
    SLICE_X23Y12         FDRE                                         r  output_bank/request_sync_reg[1]/D
  -------------------------------------------------------------------    -------------------

                         (clock source_100 rise edge)
                                                      0.000     0.000 r  
                                                      0.000     0.000 r  clk (IN)
                         net (fo=205, unset)          0.432     0.432    output_bank/clk
    SLICE_X23Y12         FDRE                                         r  output_bank/request_sync_reg[1]/C
                         clock pessimism              0.000     0.432    
    SLICE_X23Y12         FDRE (Hold_fdre_C_D)         0.022     0.454    output_bank/request_sync_reg[1]
  -------------------------------------------------------------------
                         required time                         -0.454    
                         arrival time                           0.657    
  -------------------------------------------------------------------
                         slack                                  0.204    

Slack (MET) :             0.220ns  (arrival time - required time)
  Source:                 per_cause_fault_cdc.causes[8].cause_sync_reg[0]/C
                            (rising edge-triggered cell FDRE clocked by source_100  {rise@0.000ns fall@5.000ns period=10.000ns})
  Destination:            per_cause_fault_cdc.causes[8].cause_sync_reg[1]/D
                            (rising edge-triggered cell FDRE clocked by source_100  {rise@0.000ns fall@5.000ns period=10.000ns})
  Path Group:             source_100
  Path Type:              Hold (Min at Fast Process Corner)
  Requirement:            0.000ns  (source_100 rise@0.000ns - source_100 rise@0.000ns)
  Data Path Delay:        0.312ns  (logic 0.141ns (45.172%)  route 0.171ns (54.828%))
  Logic Levels:           0  
  Clock Path Skew:        0.022ns (DCD - SCD - CPR)
    Destination Clock Delay (DCD):    0.432ns
    Source Clock Delay      (SCD):    0.410ns
    Clock Pessimism Removal (CPR):    -0.000ns

    Location             Delay type                Incr(ns)  Path(ns)    Netlist Resource(s)
  -------------------------------------------------------------------    -------------------
                         (clock source_100 rise edge)
                                                      0.000     0.000 r  
                                                      0.000     0.000 r  clk (IN)
                         net (fo=205, unset)          0.410     0.410    clk
    SLICE_X23Y1          FDRE                                         r  per_cause_fault_cdc.causes[8].cause_sync_reg[0]/C
  -------------------------------------------------------------------    -------------------
    SLICE_X23Y1          FDRE (Prop_fdre_C_Q)         0.141     0.551 r  per_cause_fault_cdc.causes[8].cause_sync_reg[0]/Q
                         net (fo=1, routed)           0.171     0.722    per_cause_fault_cdc.causes[8].cause_sync[0]
    SLICE_X23Y1          FDRE                                         r  per_cause_fault_cdc.causes[8].cause_sync_reg[1]/D
  -------------------------------------------------------------------    -------------------

                         (clock source_100 rise edge)
                                                      0.000     0.000 r  
                                                      0.000     0.000 r  clk (IN)
                         net (fo=205, unset)          0.432     0.432    clk
    SLICE_X23Y1          FDRE                                         r  per_cause_fault_cdc.causes[8].cause_sync_reg[1]/C
                         clock pessimism              0.000     0.432    
    SLICE_X23Y1          FDRE (Hold_fdre_C_D)         0.071     0.503    per_cause_fault_cdc.causes[8].cause_sync_reg[1]
  -------------------------------------------------------------------
                         required time                         -0.503    
                         arrival time                           0.722    
  -------------------------------------------------------------------
                         slack                                  0.220    

Slack (MET) :             0.227ns  (arrival time - required time)
  Source:                 per_cause_fault_cdc.causes[2].cause_sync_reg[0]/C
                            (rising edge-triggered cell FDRE clocked by source_100  {rise@0.000ns fall@5.000ns period=10.000ns})
  Destination:            per_cause_fault_cdc.causes[2].cause_sync_reg[1]/D
                            (rising edge-triggered cell FDRE clocked by source_100  {rise@0.000ns fall@5.000ns period=10.000ns})
  Path Group:             source_100
  Path Type:              Hold (Min at Fast Process Corner)
  Requirement:            0.000ns  (source_100 rise@0.000ns - source_100 rise@0.000ns)
  Data Path Delay:        0.308ns  (logic 0.164ns (53.223%)  route 0.144ns (46.777%))
  Logic Levels:           0  
  Clock Path Skew:        0.022ns (DCD - SCD - CPR)
    Destination Clock Delay (DCD):    0.432ns
    Source Clock Delay      (SCD):    0.410ns
    Clock Pessimism Removal (CPR):    -0.000ns

    Location             Delay type                Incr(ns)  Path(ns)    Netlist Resource(s)
  -------------------------------------------------------------------    -------------------
                         (clock source_100 rise edge)
                                                      0.000     0.000 r  
                                                      0.000     0.000 r  clk (IN)
                         net (fo=205, unset)          0.410     0.410    clk
    SLICE_X24Y0          FDRE                                         r  per_cause_fault_cdc.causes[2].cause_sync_reg[0]/C
  -------------------------------------------------------------------    -------------------
    SLICE_X24Y0          FDRE (Prop_fdre_C_Q)         0.164     0.574 r  per_cause_fault_cdc.causes[2].cause_sync_reg[0]/Q
                         net (fo=1, routed)           0.144     0.718    per_cause_fault_cdc.causes[2].cause_sync[0]
    SLICE_X24Y0          FDRE                                         r  per_cause_fault_cdc.causes[2].cause_sync_reg[1]/D
  -------------------------------------------------------------------    -------------------

                         (clock source_100 rise edge)
                                                      0.000     0.000 r  
                                                      0.000     0.000 r  clk (IN)
                         net (fo=205, unset)          0.432     0.432    clk
    SLICE_X24Y0          FDRE                                         r  per_cause_fault_cdc.causes[2].cause_sync_reg[1]/C
                         clock pessimism              0.000     0.432    
    SLICE_X24Y0          FDRE (Hold_fdre_C_D)         0.060     0.492    per_cause_fault_cdc.causes[2].cause_sync_reg[1]
  -------------------------------------------------------------------
                         required time                         -0.492    
                         arrival time                           0.718    
  -------------------------------------------------------------------
                         slack                                  0.227    

Slack (MET) :             0.227ns  (arrival time - required time)
  Source:                 output_bank/read_address_reg[5]/C
                            (rising edge-triggered cell FDRE clocked by source_100  {rise@0.000ns fall@5.000ns period=10.000ns})
  Destination:            output_bank/read_address_reg[5]/D
                            (rising edge-triggered cell FDRE clocked by source_100  {rise@0.000ns fall@5.000ns period=10.000ns})
  Path Group:             source_100
  Path Type:              Hold (Min at Fast Process Corner)
  Requirement:            0.000ns  (source_100 rise@0.000ns - source_100 rise@0.000ns)
  Data Path Delay:        0.369ns  (logic 0.209ns (56.577%)  route 0.160ns (43.423%))
  Logic Levels:           1  (LUT3=1)
  Clock Path Skew:        0.022ns (DCD - SCD - CPR)
    Destination Clock Delay (DCD):    0.432ns
    Source Clock Delay      (SCD):    0.410ns
    Clock Pessimism Removal (CPR):    -0.000ns

    Location             Delay type                Incr(ns)  Path(ns)    Netlist Resource(s)
  -------------------------------------------------------------------    -------------------
                         (clock source_100 rise edge)
                                                      0.000     0.000 r  
                                                      0.000     0.000 r  clk (IN)
                         net (fo=205, unset)          0.410     0.410    output_bank/clk
    SLICE_X4Y3           FDRE                                         r  output_bank/read_address_reg[5]/C
  -------------------------------------------------------------------    -------------------
    SLICE_X4Y3           FDRE (Prop_fdre_C_Q)         0.164     0.574 r  output_bank/read_address_reg[5]/Q
                         net (fo=8, routed)           0.160     0.735    output_bank/read_address[5]
    SLICE_X4Y3           LUT3 (Prop_lut3_I2_O)        0.045     0.780 r  output_bank/read_address[5]_i_1/O
                         net (fo=1, routed)           0.000     0.780    output_bank/read_address[5]_i_1_n_0
    SLICE_X4Y3           FDRE                                         r  output_bank/read_address_reg[5]/D
  -------------------------------------------------------------------    -------------------

                         (clock source_100 rise edge)
                                                      0.000     0.000 r  
                                                      0.000     0.000 r  clk (IN)
                         net (fo=205, unset)          0.432     0.432    output_bank/clk
    SLICE_X4Y3           FDRE                                         r  output_bank/read_address_reg[5]/C
                         clock pessimism              0.000     0.432    
    SLICE_X4Y3           FDRE (Hold_fdre_C_D)         0.121     0.553    output_bank/read_address_reg[5]
  -------------------------------------------------------------------
                         required time                         -0.553    
                         arrival time                           0.780    
  -------------------------------------------------------------------
                         slack                                  0.227    

Slack (MET) :             0.234ns  (arrival time - required time)
  Source:                 source_bank/write_position_reg[1]/C
                            (rising edge-triggered cell FDRE clocked by source_100  {rise@0.000ns fall@5.000ns period=10.000ns})
  Destination:            source_bank/write_position_reg[3]/D
                            (rising edge-triggered cell FDRE clocked by source_100  {rise@0.000ns fall@5.000ns period=10.000ns})
  Path Group:             source_100
  Path Type:              Hold (Min at Fast Process Corner)
  Requirement:            0.000ns  (source_100 rise@0.000ns - source_100 rise@0.000ns)
  Data Path Delay:        0.386ns  (logic 0.189ns (48.906%)  route 0.197ns (51.094%))
  Logic Levels:           1  (LUT5=1)
  Clock Path Skew:        0.022ns (DCD - SCD - CPR)
    Destination Clock Delay (DCD):    0.432ns
    Source Clock Delay      (SCD):    0.410ns
    Clock Pessimism Removal (CPR):    -0.000ns

    Location             Delay type                Incr(ns)  Path(ns)    Netlist Resource(s)
  -------------------------------------------------------------------    -------------------
                         (clock source_100 rise edge)
                                                      0.000     0.000 r  
                                                      0.000     0.000 r  clk (IN)
                         net (fo=205, unset)          0.410     0.410    source_bank/clk
    SLICE_X5Y6           FDRE                                         r  source_bank/write_position_reg[1]/C
  -------------------------------------------------------------------    -------------------
    SLICE_X5Y6           FDRE (Prop_fdre_C_Q)         0.141     0.551 r  source_bank/write_position_reg[1]/Q
                         net (fo=8, routed)           0.197     0.749    source_bank/write_position[1]
    SLICE_X4Y7           LUT5 (Prop_lut5_I2_O)        0.048     0.797 r  source_bank/write_position[3]_i_1/O
                         net (fo=1, routed)           0.000     0.797    source_bank/write_position__0[3]
    SLICE_X4Y7           FDRE                                         r  source_bank/write_position_reg[3]/D
  -------------------------------------------------------------------    -------------------

                         (clock source_100 rise edge)
                                                      0.000     0.000 r  
                                                      0.000     0.000 r  clk (IN)
                         net (fo=205, unset)          0.432     0.432    source_bank/clk
    SLICE_X4Y7           FDRE                                         r  source_bank/write_position_reg[3]/C
                         clock pessimism              0.000     0.432    
    SLICE_X4Y7           FDRE (Hold_fdre_C_D)         0.131     0.563    source_bank/write_position_reg[3]
  -------------------------------------------------------------------
                         required time                         -0.563    
                         arrival time                           0.797    
  -------------------------------------------------------------------
                         slack                                  0.234    

Slack (MET) :             0.239ns  (arrival time - required time)
  Source:                 per_cause_fault_cdc.causes[0].cause_sync_reg[0]/C
                            (rising edge-triggered cell FDRE clocked by source_100  {rise@0.000ns fall@5.000ns period=10.000ns})
  Destination:            per_cause_fault_cdc.causes[0].cause_sync_reg[1]/D
                            (rising edge-triggered cell FDRE clocked by source_100  {rise@0.000ns fall@5.000ns period=10.000ns})
  Path Group:             source_100
  Path Type:              Hold (Min at Fast Process Corner)
  Requirement:            0.000ns  (source_100 rise@0.000ns - source_100 rise@0.000ns)
  Data Path Delay:        0.267ns  (logic 0.148ns (55.377%)  route 0.119ns (44.623%))
  Logic Levels:           0  
  Clock Path Skew:        0.022ns (DCD - SCD - CPR)
    Destination Clock Delay (DCD):    0.432ns
    Source Clock Delay      (SCD):    0.410ns
    Clock Pessimism Removal (CPR):    -0.000ns

    Location             Delay type                Incr(ns)  Path(ns)    Netlist Resource(s)
  -------------------------------------------------------------------    -------------------
                         (clock source_100 rise edge)
                                                      0.000     0.000 r  
                                                      0.000     0.000 r  clk (IN)
                         net (fo=205, unset)          0.410     0.410    clk
    SLICE_X28Y2          FDRE                                         r  per_cause_fault_cdc.causes[0].cause_sync_reg[0]/C
  -------------------------------------------------------------------    -------------------
    SLICE_X28Y2          FDRE (Prop_fdre_C_Q)         0.148     0.558 r  per_cause_fault_cdc.causes[0].cause_sync_reg[0]/Q
                         net (fo=1, routed)           0.119     0.677    per_cause_fault_cdc.causes[0].cause_sync[0]
    SLICE_X28Y2          FDRE                                         r  per_cause_fault_cdc.causes[0].cause_sync_reg[1]/D
  -------------------------------------------------------------------    -------------------

                         (clock source_100 rise edge)
                                                      0.000     0.000 r  
                                                      0.000     0.000 r  clk (IN)
                         net (fo=205, unset)          0.432     0.432    clk
    SLICE_X28Y2          FDRE                                         r  per_cause_fault_cdc.causes[0].cause_sync_reg[1]/C
                         clock pessimism              0.000     0.432    
    SLICE_X28Y2          FDRE (Hold_fdre_C_D)         0.007     0.439    per_cause_fault_cdc.causes[0].cause_sync_reg[1]
  -------------------------------------------------------------------
                         required time                         -0.439    
                         arrival time                           0.677    
  -------------------------------------------------------------------
                         slack                                  0.239    

Slack (MET) :             0.241ns  (arrival time - required time)
  Source:                 source_bank/write_position_reg[1]/C
                            (rising edge-triggered cell FDRE clocked by source_100  {rise@0.000ns fall@5.000ns period=10.000ns})
  Destination:            source_bank/write_position_reg[2]/D
                            (rising edge-triggered cell FDRE clocked by source_100  {rise@0.000ns fall@5.000ns period=10.000ns})
  Path Group:             source_100
  Path Type:              Hold (Min at Fast Process Corner)
  Requirement:            0.000ns  (source_100 rise@0.000ns - source_100 rise@0.000ns)
  Data Path Delay:        0.383ns  (logic 0.186ns (48.506%)  route 0.197ns (51.494%))
  Logic Levels:           1  (LUT4=1)
  Clock Path Skew:        0.022ns (DCD - SCD - CPR)
    Destination Clock Delay (DCD):    0.432ns
    Source Clock Delay      (SCD):    0.410ns
    Clock Pessimism Removal (CPR):    -0.000ns

    Location             Delay type                Incr(ns)  Path(ns)    Netlist Resource(s)
  -------------------------------------------------------------------    -------------------
                         (clock source_100 rise edge)
                                                      0.000     0.000 r  
                                                      0.000     0.000 r  clk (IN)
                         net (fo=205, unset)          0.410     0.410    source_bank/clk
    SLICE_X5Y6           FDRE                                         r  source_bank/write_position_reg[1]/C
  -------------------------------------------------------------------    -------------------
    SLICE_X5Y6           FDRE (Prop_fdre_C_Q)         0.141     0.551 r  source_bank/write_position_reg[1]/Q
                         net (fo=8, routed)           0.197     0.749    source_bank/write_position[1]
    SLICE_X4Y7           LUT4 (Prop_lut4_I1_O)        0.045     0.794 r  source_bank/write_position[2]_i_1/O
                         net (fo=1, routed)           0.000     0.794    source_bank/write_position__0[2]
    SLICE_X4Y7           FDRE                                         r  source_bank/write_position_reg[2]/D
  -------------------------------------------------------------------    -------------------

                         (clock source_100 rise edge)
                                                      0.000     0.000 r  
                                                      0.000     0.000 r  clk (IN)
                         net (fo=205, unset)          0.432     0.432    source_bank/clk
    SLICE_X4Y7           FDRE                                         r  source_bank/write_position_reg[2]/C
                         clock pessimism              0.000     0.432    
    SLICE_X4Y7           FDRE (Hold_fdre_C_D)         0.121     0.553    source_bank/write_position_reg[2]
  -------------------------------------------------------------------
                         required time                         -0.553    
                         arrival time                           0.794    
  -------------------------------------------------------------------
                         slack                                  0.241    

Slack (MET) :             0.243ns  (arrival time - required time)
  Source:                 output_bank/read_address_reg[7]/C
                            (rising edge-triggered cell FDRE clocked by source_100  {rise@0.000ns fall@5.000ns period=10.000ns})
  Destination:            output_bank/read_address_reg[8]/D
                            (rising edge-triggered cell FDRE clocked by source_100  {rise@0.000ns fall@5.000ns period=10.000ns})
  Path Group:             source_100
  Path Type:              Hold (Min at Fast Process Corner)
  Requirement:            0.000ns  (source_100 rise@0.000ns - source_100 rise@0.000ns)
  Data Path Delay:        0.385ns  (logic 0.247ns (64.129%)  route 0.138ns (35.871%))
  Logic Levels:           1  (LUT6=1)
  Clock Path Skew:        0.022ns (DCD - SCD - CPR)
    Destination Clock Delay (DCD):    0.432ns
    Source Clock Delay      (SCD):    0.410ns
    Clock Pessimism Removal (CPR):    -0.000ns

    Location             Delay type                Incr(ns)  Path(ns)    Netlist Resource(s)
  -------------------------------------------------------------------    -------------------
                         (clock source_100 rise edge)
                                                      0.000     0.000 r  
                                                      0.000     0.000 r  clk (IN)
                         net (fo=205, unset)          0.410     0.410    output_bank/clk
    SLICE_X4Y3           FDRE                                         r  output_bank/read_address_reg[7]/C
  -------------------------------------------------------------------    -------------------
    SLICE_X4Y3           FDRE (Prop_fdre_C_Q)         0.148     0.558 r  output_bank/read_address_reg[7]/Q
                         net (fo=6, routed)           0.138     0.696    output_bank/read_address[7]
    SLICE_X4Y3           LUT6 (Prop_lut6_I4_O)        0.099     0.795 r  output_bank/read_address[8]_i_1/O
                         net (fo=1, routed)           0.000     0.795    output_bank/read_address[8]_i_1_n_0
    SLICE_X4Y3           FDRE                                         r  output_bank/read_address_reg[8]/D
  -------------------------------------------------------------------    -------------------

                         (clock source_100 rise edge)
                                                      0.000     0.000 r  
                                                      0.000     0.000 r  clk (IN)
                         net (fo=205, unset)          0.432     0.432    output_bank/clk
    SLICE_X4Y3           FDRE                                         r  output_bank/read_address_reg[8]/C
                         clock pessimism              0.000     0.432    
    SLICE_X4Y3           FDRE (Hold_fdre_C_D)         0.121     0.553    output_bank/read_address_reg[8]
  -------------------------------------------------------------------
                         required time                         -0.553    
                         arrival time                           0.795    
  -------------------------------------------------------------------
                         slack                                  0.243    

Slack (MET) :             0.243ns  (arrival time - required time)
  Source:                 per_cause_fault_cdc.causes[4].cause_sync_reg[0]/C
                            (rising edge-triggered cell FDRE clocked by source_100  {rise@0.000ns fall@5.000ns period=10.000ns})
  Destination:            per_cause_fault_cdc.causes[4].cause_sync_reg[1]/D
                            (rising edge-triggered cell FDRE clocked by source_100  {rise@0.000ns fall@5.000ns period=10.000ns})
  Path Group:             source_100
  Path Type:              Hold (Min at Fast Process Corner)
  Requirement:            0.000ns  (source_100 rise@0.000ns - source_100 rise@0.000ns)
  Data Path Delay:        0.265ns  (logic 0.148ns (55.918%)  route 0.117ns (44.082%))
  Logic Levels:           0  
  Clock Path Skew:        0.022ns (DCD - SCD - CPR)
    Destination Clock Delay (DCD):    0.432ns
    Source Clock Delay      (SCD):    0.410ns
    Clock Pessimism Removal (CPR):    -0.000ns

    Location             Delay type                Incr(ns)  Path(ns)    Netlist Resource(s)
  -------------------------------------------------------------------    -------------------
                         (clock source_100 rise edge)
                                                      0.000     0.000 r  
                                                      0.000     0.000 r  clk (IN)
                         net (fo=205, unset)          0.410     0.410    clk
    SLICE_X24Y0          FDRE                                         r  per_cause_fault_cdc.causes[4].cause_sync_reg[0]/C
  -------------------------------------------------------------------    -------------------
    SLICE_X24Y0          FDRE (Prop_fdre_C_Q)         0.148     0.558 r  per_cause_fault_cdc.causes[4].cause_sync_reg[0]/Q
                         net (fo=1, routed)           0.117     0.675    per_cause_fault_cdc.causes[4].cause_sync[0]
    SLICE_X24Y0          FDRE                                         r  per_cause_fault_cdc.causes[4].cause_sync_reg[1]/D
  -------------------------------------------------------------------    -------------------

                         (clock source_100 rise edge)
                                                      0.000     0.000 r  
                                                      0.000     0.000 r  clk (IN)
                         net (fo=205, unset)          0.432     0.432    clk
    SLICE_X24Y0          FDRE                                         r  per_cause_fault_cdc.causes[4].cause_sync_reg[1]/C
                         clock pessimism              0.000     0.432    
    SLICE_X24Y0          FDRE (Hold_fdre_C_D)         0.000     0.432    per_cause_fault_cdc.causes[4].cause_sync_reg[1]
  -------------------------------------------------------------------
                         required time                         -0.432    
                         arrival time                           0.675    
  -------------------------------------------------------------------
                         slack                                  0.243    

Slack (MET) :             0.246ns  (arrival time - required time)
  Source:                 source_bank/write_position_reg[6]/C
                            (rising edge-triggered cell FDRE clocked by source_100  {rise@0.000ns fall@5.000ns period=10.000ns})
  Destination:            source_bank/write_position_reg[7]/D
                            (rising edge-triggered cell FDRE clocked by source_100  {rise@0.000ns fall@5.000ns period=10.000ns})
  Path Group:             source_100
  Path Type:              Hold (Min at Fast Process Corner)
  Requirement:            0.000ns  (source_100 rise@0.000ns - source_100 rise@0.000ns)
  Data Path Delay:        0.374ns  (logic 0.183ns (48.895%)  route 0.191ns (51.105%))
  Logic Levels:           1  (LUT5=1)
  Clock Path Skew:        0.022ns (DCD - SCD - CPR)
    Destination Clock Delay (DCD):    0.432ns
    Source Clock Delay      (SCD):    0.410ns
    Clock Pessimism Removal (CPR):    -0.000ns

    Location             Delay type                Incr(ns)  Path(ns)    Netlist Resource(s)
  -------------------------------------------------------------------    -------------------
                         (clock source_100 rise edge)
                                                      0.000     0.000 r  
                                                      0.000     0.000 r  clk (IN)
                         net (fo=205, unset)          0.410     0.410    source_bank/clk
    SLICE_X5Y6           FDRE                                         r  source_bank/write_position_reg[6]/C
  -------------------------------------------------------------------    -------------------
    SLICE_X5Y6           FDRE (Prop_fdre_C_Q)         0.141     0.551 r  source_bank/write_position_reg[6]/Q
                         net (fo=7, routed)           0.191     0.742    source_bank/write_position[6]
    SLICE_X5Y6           LUT5 (Prop_lut5_I2_O)        0.042     0.784 r  source_bank/write_position[7]_i_1/O
                         net (fo=1, routed)           0.000     0.784    source_bank/write_position__0[7]
    SLICE_X5Y6           FDRE                                         r  source_bank/write_position_reg[7]/D
  -------------------------------------------------------------------    -------------------

                         (clock source_100 rise edge)
                                                      0.000     0.000 r  
                                                      0.000     0.000 r  clk (IN)
                         net (fo=205, unset)          0.432     0.432    source_bank/clk
    SLICE_X5Y6           FDRE                                         r  source_bank/write_position_reg[7]/C
                         clock pessimism              0.000     0.432    
    SLICE_X5Y6           FDRE (Hold_fdre_C_D)         0.107     0.539    source_bank/write_position_reg[7]
  -------------------------------------------------------------------
                         required time                         -0.539    
                         arrival time                           0.784    
  -------------------------------------------------------------------
                         slack                                  0.246    

Slack (MET) :             0.252ns  (arrival time - required time)
  Source:                 per_cause_fault_cdc.causes[9].cause_sync_reg[0]/C
                            (rising edge-triggered cell FDRE clocked by source_100  {rise@0.000ns fall@5.000ns period=10.000ns})
  Destination:            per_cause_fault_cdc.causes[9].cause_sync_reg[1]/D
                            (rising edge-triggered cell FDRE clocked by source_100  {rise@0.000ns fall@5.000ns period=10.000ns})
  Path Group:             source_100
  Path Type:              Hold (Min at Fast Process Corner)
  Requirement:            0.000ns  (source_100 rise@0.000ns - source_100 rise@0.000ns)
  Data Path Delay:        0.280ns  (logic 0.128ns (45.738%)  route 0.152ns (54.262%))
  Logic Levels:           0  
  Clock Path Skew:        0.022ns (DCD - SCD - CPR)
    Destination Clock Delay (DCD):    0.432ns
    Source Clock Delay      (SCD):    0.410ns
    Clock Pessimism Removal (CPR):    -0.000ns

    Location             Delay type                Incr(ns)  Path(ns)    Netlist Resource(s)
  -------------------------------------------------------------------    -------------------
                         (clock source_100 rise edge)
                                                      0.000     0.000 r  
                                                      0.000     0.000 r  clk (IN)
                         net (fo=205, unset)          0.410     0.410    clk
    SLICE_X22Y1          FDRE                                         r  per_cause_fault_cdc.causes[9].cause_sync_reg[0]/C
  -------------------------------------------------------------------    -------------------
    SLICE_X22Y1          FDRE (Prop_fdre_C_Q)         0.128     0.538 r  per_cause_fault_cdc.causes[9].cause_sync_reg[0]/Q
                         net (fo=1, routed)           0.152     0.690    per_cause_fault_cdc.causes[9].cause_sync[0]
    SLICE_X22Y1          FDRE                                         r  per_cause_fault_cdc.causes[9].cause_sync_reg[1]/D
  -------------------------------------------------------------------    -------------------

                         (clock source_100 rise edge)
                                                      0.000     0.000 r  
                                                      0.000     0.000 r  clk (IN)
                         net (fo=205, unset)          0.432     0.432    clk
    SLICE_X22Y1          FDRE                                         r  per_cause_fault_cdc.causes[9].cause_sync_reg[1]/C
                         clock pessimism              0.000     0.432    
    SLICE_X22Y1          FDRE (Hold_fdre_C_D)         0.006     0.438    per_cause_fault_cdc.causes[9].cause_sync_reg[1]
  -------------------------------------------------------------------
                         required time                         -0.438    
                         arrival time                           0.690    
  -------------------------------------------------------------------
                         slack                                  0.252    

Slack (MET) :             0.258ns  (arrival time - required time)
  Source:                 output_bank/read_valid_reg/C
                            (rising edge-triggered cell FDRE clocked by source_100  {rise@0.000ns fall@5.000ns period=10.000ns})
  Destination:            output_bank/read_valid_reg/D
                            (rising edge-triggered cell FDRE clocked by source_100  {rise@0.000ns fall@5.000ns period=10.000ns})
  Path Group:             source_100
  Path Type:              Hold (Min at Fast Process Corner)
  Requirement:            0.000ns  (source_100 rise@0.000ns - source_100 rise@0.000ns)
  Data Path Delay:        0.371ns  (logic 0.186ns (50.171%)  route 0.185ns (49.829%))
  Logic Levels:           1  (LUT4=1)
  Clock Path Skew:        0.022ns (DCD - SCD - CPR)
    Destination Clock Delay (DCD):    0.432ns
    Source Clock Delay      (SCD):    0.410ns
    Clock Pessimism Removal (CPR):    -0.000ns

    Location             Delay type                Incr(ns)  Path(ns)    Netlist Resource(s)
  -------------------------------------------------------------------    -------------------
                         (clock source_100 rise edge)
                                                      0.000     0.000 r  
                                                      0.000     0.000 r  clk (IN)
                         net (fo=205, unset)          0.410     0.410    output_bank/clk
    SLICE_X2Y2           FDRE                                         r  output_bank/read_valid_reg/C
  -------------------------------------------------------------------    -------------------
    SLICE_X2Y2           FDRE (Prop_fdre_C_Q)         0.141     0.551 r  output_bank/read_valid_reg/Q
                         net (fo=4, routed)           0.185     0.736    output_bank/read_valid
    SLICE_X2Y2           LUT4 (Prop_lut4_I1_O)        0.045     0.781 r  output_bank/read_valid_i_1__0/O
                         net (fo=1, routed)           0.000     0.781    output_bank/read_valid_i_1__0_n_0
    SLICE_X2Y2           FDRE                                         r  output_bank/read_valid_reg/D
  -------------------------------------------------------------------    -------------------

                         (clock source_100 rise edge)
                                                      0.000     0.000 r  
                                                      0.000     0.000 r  clk (IN)
                         net (fo=205, unset)          0.432     0.432    output_bank/clk
    SLICE_X2Y2           FDRE                                         r  output_bank/read_valid_reg/C
                         clock pessimism              0.000     0.432    
    SLICE_X2Y2           FDRE (Hold_fdre_C_D)         0.091     0.523    output_bank/read_valid_reg
  -------------------------------------------------------------------
                         required time                         -0.523    
                         arrival time                           0.781    
  -------------------------------------------------------------------
                         slack                                  0.258    

Slack (MET) :             0.258ns  (arrival time - required time)
  Source:                 output_bank/read_address_reg[2]/C
                            (rising edge-triggered cell FDRE clocked by source_100  {rise@0.000ns fall@5.000ns period=10.000ns})
  Destination:            output_bank/read_address_reg[3]/D
                            (rising edge-triggered cell FDRE clocked by source_100  {rise@0.000ns fall@5.000ns period=10.000ns})
  Path Group:             source_100
  Path Type:              Hold (Min at Fast Process Corner)
  Requirement:            0.000ns  (source_100 rise@0.000ns - source_100 rise@0.000ns)
  Data Path Delay:        0.387ns  (logic 0.183ns (47.319%)  route 0.204ns (52.681%))
  Logic Levels:           1  (LUT5=1)
  Clock Path Skew:        0.022ns (DCD - SCD - CPR)
    Destination Clock Delay (DCD):    0.432ns
    Source Clock Delay      (SCD):    0.410ns
    Clock Pessimism Removal (CPR):    -0.000ns

    Location             Delay type                Incr(ns)  Path(ns)    Netlist Resource(s)
  -------------------------------------------------------------------    -------------------
                         (clock source_100 rise edge)
                                                      0.000     0.000 r  
                                                      0.000     0.000 r  clk (IN)
                         net (fo=205, unset)          0.410     0.410    output_bank/clk
    SLICE_X3Y2           FDRE                                         r  output_bank/read_address_reg[2]/C
  -------------------------------------------------------------------    -------------------
    SLICE_X3Y2           FDRE (Prop_fdre_C_Q)         0.141     0.551 r  output_bank/read_address_reg[2]/Q
                         net (fo=6, routed)           0.204     0.755    output_bank/read_address[2]
    SLICE_X3Y2           LUT5 (Prop_lut5_I3_O)        0.042     0.797 r  output_bank/read_address[3]_i_1/O
                         net (fo=1, routed)           0.000     0.797    output_bank/read_address[3]_i_1_n_0
    SLICE_X3Y2           FDRE                                         r  output_bank/read_address_reg[3]/D
  -------------------------------------------------------------------    -------------------

                         (clock source_100 rise edge)
                                                      0.000     0.000 r  
                                                      0.000     0.000 r  clk (IN)
                         net (fo=205, unset)          0.432     0.432    output_bank/clk
    SLICE_X3Y2           FDRE                                         r  output_bank/read_address_reg[3]/C
                         clock pessimism              0.000     0.432    
    SLICE_X3Y2           FDRE (Hold_fdre_C_D)         0.107     0.539    output_bank/read_address_reg[3]
  -------------------------------------------------------------------
                         required time                         -0.539    
                         arrival time                           0.797    
  -------------------------------------------------------------------
                         slack                                  0.258    





Pulse Width Checks
--------------------------------------------------------------------------------------
Clock Name:         source_100
Waveform(ns):       { 0.000 5.000 }
Period(ns):         10.000
Sources:            { clk }

Check Type        Corner  Lib Pin             Reference Pin  Required(ns)  Actual(ns)  Slack(ns)  Location     Pin
Min Period        n/a     RAMB18E1/CLKARDCLK  n/a            2.576         10.000      7.424      RAMB18_X0Y1  output_bank/payload_memory_reg/CLKARDCLK
Min Period        n/a     RAMB18E1/CLKBWRCLK  n/a            2.576         10.000      7.424      RAMB18_X0Y3  source_bank/payload_memory_reg/CLKBWRCLK
Min Period        n/a     FDCE/C              n/a            1.000         10.000      9.000      SLICE_X4Y1   fast_reset_slow_reg[0]/C
Min Period        n/a     FDCE/C              n/a            1.000         10.000      9.000      SLICE_X4Y1   fast_reset_slow_reg[1]/C
Min Period        n/a     FDRE/C              n/a            1.000         10.000      9.000      SLICE_X28Y2  per_cause_fault_cdc.causes[0].cause_sync_reg[0]/C
Min Period        n/a     FDRE/C              n/a            1.000         10.000      9.000      SLICE_X28Y2  per_cause_fault_cdc.causes[0].cause_sync_reg[1]/C
Min Period        n/a     FDRE/C              n/a            1.000         10.000      9.000      SLICE_X23Y1  per_cause_fault_cdc.causes[10].cause_sync_reg[0]/C
Min Period        n/a     FDRE/C              n/a            1.000         10.000      9.000      SLICE_X23Y1  per_cause_fault_cdc.causes[10].cause_sync_reg[1]/C
Min Period        n/a     FDRE/C              n/a            1.000         10.000      9.000      SLICE_X22Y1  per_cause_fault_cdc.causes[11].cause_sync_reg[0]/C
Min Period        n/a     FDRE/C              n/a            1.000         10.000      9.000      SLICE_X22Y1  per_cause_fault_cdc.causes[11].cause_sync_reg[1]/C
Min Period        n/a     FDRE/C              n/a            1.000         10.000      9.000      SLICE_X28Y2  per_cause_fault_cdc.causes[1].cause_sync_reg[0]/C
Min Period        n/a     FDRE/C              n/a            1.000         10.000      9.000      SLICE_X28Y2  per_cause_fault_cdc.causes[1].cause_sync_reg[1]/C
Min Period        n/a     FDRE/C              n/a            1.000         10.000      9.000      SLICE_X24Y0  per_cause_fault_cdc.causes[2].cause_sync_reg[0]/C
Min Period        n/a     FDRE/C              n/a            1.000         10.000      9.000      SLICE_X24Y0  per_cause_fault_cdc.causes[2].cause_sync_reg[1]/C
Min Period        n/a     FDRE/C              n/a            1.000         10.000      9.000      SLICE_X23Y1  per_cause_fault_cdc.causes[3].cause_sync_reg[0]/C
Min Period        n/a     FDRE/C              n/a            1.000         10.000      9.000      SLICE_X23Y1  per_cause_fault_cdc.causes[3].cause_sync_reg[1]/C
Min Period        n/a     FDRE/C              n/a            1.000         10.000      9.000      SLICE_X24Y0  per_cause_fault_cdc.causes[4].cause_sync_reg[0]/C
Min Period        n/a     FDRE/C              n/a            1.000         10.000      9.000      SLICE_X24Y0  per_cause_fault_cdc.causes[4].cause_sync_reg[1]/C
Min Period        n/a     FDRE/C              n/a            1.000         10.000      9.000      SLICE_X22Y4  per_cause_fault_cdc.causes[5].cause_sync_reg[0]/C
Min Period        n/a     FDRE/C              n/a            1.000         10.000      9.000      SLICE_X22Y4  per_cause_fault_cdc.causes[5].cause_sync_reg[1]/C
Low Pulse Width   Slow    FDCE/C              n/a            0.500         5.000       4.500      SLICE_X4Y1   fast_reset_slow_reg[0]/C
Low Pulse Width   Fast    FDCE/C              n/a            0.500         5.000       4.500      SLICE_X4Y1   fast_reset_slow_reg[0]/C
Low Pulse Width   Slow    FDCE/C              n/a            0.500         5.000       4.500      SLICE_X4Y1   fast_reset_slow_reg[1]/C
Low Pulse Width   Fast    FDCE/C              n/a            0.500         5.000       4.500      SLICE_X4Y1   fast_reset_slow_reg[1]/C
Low Pulse Width   Slow    FDRE/C              n/a            0.500         5.000       4.500      SLICE_X28Y2  per_cause_fault_cdc.causes[0].cause_sync_reg[0]/C
Low Pulse Width   Fast    FDRE/C              n/a            0.500         5.000       4.500      SLICE_X28Y2  per_cause_fault_cdc.causes[0].cause_sync_reg[0]/C
Low Pulse Width   Slow    FDRE/C              n/a            0.500         5.000       4.500      SLICE_X28Y2  per_cause_fault_cdc.causes[0].cause_sync_reg[1]/C
Low Pulse Width   Fast    FDRE/C              n/a            0.500         5.000       4.500      SLICE_X28Y2  per_cause_fault_cdc.causes[0].cause_sync_reg[1]/C
Low Pulse Width   Slow    FDRE/C              n/a            0.500         5.000       4.500      SLICE_X23Y1  per_cause_fault_cdc.causes[10].cause_sync_reg[0]/C
Low Pulse Width   Fast    FDRE/C              n/a            0.500         5.000       4.500      SLICE_X23Y1  per_cause_fault_cdc.causes[10].cause_sync_reg[0]/C
Low Pulse Width   Slow    FDRE/C              n/a            0.500         5.000       4.500      SLICE_X23Y1  per_cause_fault_cdc.causes[10].cause_sync_reg[1]/C
Low Pulse Width   Fast    FDRE/C              n/a            0.500         5.000       4.500      SLICE_X23Y1  per_cause_fault_cdc.causes[10].cause_sync_reg[1]/C
Low Pulse Width   Slow    FDRE/C              n/a            0.500         5.000       4.500      SLICE_X22Y1  per_cause_fault_cdc.causes[11].cause_sync_reg[0]/C
Low Pulse Width   Fast    FDRE/C              n/a            0.500         5.000       4.500      SLICE_X22Y1  per_cause_fault_cdc.causes[11].cause_sync_reg[0]/C
Low Pulse Width   Slow    FDRE/C              n/a            0.500         5.000       4.500      SLICE_X22Y1  per_cause_fault_cdc.causes[11].cause_sync_reg[1]/C
Low Pulse Width   Fast    FDRE/C              n/a            0.500         5.000       4.500      SLICE_X22Y1  per_cause_fault_cdc.causes[11].cause_sync_reg[1]/C
Low Pulse Width   Slow    FDRE/C              n/a            0.500         5.000       4.500      SLICE_X28Y2  per_cause_fault_cdc.causes[1].cause_sync_reg[0]/C
Low Pulse Width   Fast    FDRE/C              n/a            0.500         5.000       4.500      SLICE_X28Y2  per_cause_fault_cdc.causes[1].cause_sync_reg[0]/C
Low Pulse Width   Slow    FDRE/C              n/a            0.500         5.000       4.500      SLICE_X28Y2  per_cause_fault_cdc.causes[1].cause_sync_reg[1]/C
Low Pulse Width   Fast    FDRE/C              n/a            0.500         5.000       4.500      SLICE_X28Y2  per_cause_fault_cdc.causes[1].cause_sync_reg[1]/C
High Pulse Width  Slow    FDCE/C              n/a            0.500         5.000       4.500      SLICE_X4Y1   fast_reset_slow_reg[0]/C
High Pulse Width  Fast    FDCE/C              n/a            0.500         5.000       4.500      SLICE_X4Y1   fast_reset_slow_reg[0]/C
High Pulse Width  Slow    FDCE/C              n/a            0.500         5.000       4.500      SLICE_X4Y1   fast_reset_slow_reg[1]/C
High Pulse Width  Fast    FDCE/C              n/a            0.500         5.000       4.500      SLICE_X4Y1   fast_reset_slow_reg[1]/C
High Pulse Width  Slow    FDRE/C              n/a            0.500         5.000       4.500      SLICE_X28Y2  per_cause_fault_cdc.causes[0].cause_sync_reg[0]/C
High Pulse Width  Fast    FDRE/C              n/a            0.500         5.000       4.500      SLICE_X28Y2  per_cause_fault_cdc.causes[0].cause_sync_reg[0]/C
High Pulse Width  Slow    FDRE/C              n/a            0.500         5.000       4.500      SLICE_X28Y2  per_cause_fault_cdc.causes[0].cause_sync_reg[1]/C
High Pulse Width  Fast    FDRE/C              n/a            0.500         5.000       4.500      SLICE_X28Y2  per_cause_fault_cdc.causes[0].cause_sync_reg[1]/C
High Pulse Width  Slow    FDRE/C              n/a            0.500         5.000       4.500      SLICE_X23Y1  per_cause_fault_cdc.causes[10].cause_sync_reg[0]/C
High Pulse Width  Fast    FDRE/C              n/a            0.500         5.000       4.500      SLICE_X23Y1  per_cause_fault_cdc.causes[10].cause_sync_reg[0]/C
High Pulse Width  Slow    FDRE/C              n/a            0.500         5.000       4.500      SLICE_X23Y1  per_cause_fault_cdc.causes[10].cause_sync_reg[1]/C
High Pulse Width  Fast    FDRE/C              n/a            0.500         5.000       4.500      SLICE_X23Y1  per_cause_fault_cdc.causes[10].cause_sync_reg[1]/C
High Pulse Width  Slow    FDRE/C              n/a            0.500         5.000       4.500      SLICE_X22Y1  per_cause_fault_cdc.causes[11].cause_sync_reg[0]/C
High Pulse Width  Fast    FDRE/C              n/a            0.500         5.000       4.500      SLICE_X22Y1  per_cause_fault_cdc.causes[11].cause_sync_reg[0]/C
High Pulse Width  Slow    FDRE/C              n/a            0.500         5.000       4.500      SLICE_X22Y1  per_cause_fault_cdc.causes[11].cause_sync_reg[1]/C
High Pulse Width  Fast    FDRE/C              n/a            0.500         5.000       4.500      SLICE_X22Y1  per_cause_fault_cdc.causes[11].cause_sync_reg[1]/C
High Pulse Width  Slow    FDRE/C              n/a            0.500         5.000       4.500      SLICE_X28Y2  per_cause_fault_cdc.causes[1].cause_sync_reg[0]/C
High Pulse Width  Fast    FDRE/C              n/a            0.500         5.000       4.500      SLICE_X28Y2  per_cause_fault_cdc.causes[1].cause_sync_reg[0]/C
High Pulse Width  Slow    FDRE/C              n/a            0.500         5.000       4.500      SLICE_X28Y2  per_cause_fault_cdc.causes[1].cause_sync_reg[1]/C
High Pulse Width  Fast    FDRE/C              n/a            0.500         5.000       4.500      SLICE_X28Y2  per_cause_fault_cdc.causes[1].cause_sync_reg[1]/C



---------------------------------------------------------------------------------------------------
From Clock:  source_100
  To Clock:  island_175

Setup :           45  Failing Endpoints,  Worst Slack       -0.507ns,  Total Violation       -7.995ns
Hold  :            0  Failing Endpoints,  Worst Slack        0.146ns,  Total Violation        0.000ns
---------------------------------------------------------------------------------------------------


Max Delay Paths
--------------------------------------------------------------------------------------
Slack (VIOLATED) :        -0.507ns  (required time - arrival time)
  Source:                 output_bank/acknowledge_toggle_reg/C
                            (rising edge-triggered cell FDRE clocked by source_100  {rise@0.000ns fall@5.000ns period=10.000ns})
  Destination:            output_bank/acknowledge_sync_reg[0]/D
                            (rising edge-triggered cell FDRE clocked by island_175  {rise@0.000ns fall@2.857ns period=5.714ns})
  Path Group:             island_175
  Path Type:              Setup (Max at Slow Process Corner)
  Requirement:            1.145ns  (island_175 rise@5691.145ns - source_100 rise@5690.000ns)
  Data Path Delay:        1.525ns  (logic 0.518ns (33.966%)  route 1.007ns (66.034%))
  Logic Levels:           0  
  Clock Path Skew:        -0.049ns (DCD - SCD + CPR)
    Destination Clock Delay (DCD):    0.924ns = ( 5692.069 - 5691.145 ) 
    Source Clock Delay      (SCD):    0.973ns = ( 5690.973 - 5690.000 ) 
    Clock Pessimism Removal (CPR):    0.000ns
  Clock Uncertainty:      0.035ns  ((TSJ^2 + TIJ^2)^1/2 + DJ) / 2 + PE
    Total System Jitter     (TSJ):    0.071ns
    Total Input Jitter      (TIJ):    0.000ns
    Discrete Jitter          (DJ):    0.000ns
    Phase Error              (PE):    0.000ns
  Clock Domain Crossing:  Inter clock paths are considered valid unless explicitly excluded by timing constraints such as set_clock_groups or set_false_path.

    Location             Delay type                Incr(ns)  Path(ns)    Netlist Resource(s)
  -------------------------------------------------------------------    -------------------
                         (clock source_100 rise edge)
                                                   5690.000  5690.000 r  
                                                      0.000  5690.000 r  clk (IN)
                         net (fo=205, unset)          0.973  5690.973    output_bank/clk
    SLICE_X6Y4           FDRE                                         r  output_bank/acknowledge_toggle_reg/C
  -------------------------------------------------------------------    -------------------
    SLICE_X6Y4           FDRE (Prop_fdre_C_Q)         0.518  5691.491 r  output_bank/acknowledge_toggle_reg/Q
                         net (fo=6, routed)           1.007  5692.498    output_bank/acknowledge_toggle
    SLICE_X22Y5          FDRE                                         r  output_bank/acknowledge_sync_reg[0]/D
  -------------------------------------------------------------------    -------------------

                         (clock island_175 rise edge)
                                                   5691.145  5691.145 r  
                                                      0.000  5691.145 r  fft_clk (IN)
                         net (fo=4836, unset)         0.924  5692.069    output_bank/fft_clk
    SLICE_X22Y5          FDRE                                         r  output_bank/acknowledge_sync_reg[0]/C
                         clock pessimism              0.000  5692.069    
                         clock uncertainty           -0.035  5692.034    
    SLICE_X22Y5          FDRE (Setup_fdre_C_D)       -0.043  5691.991    output_bank/acknowledge_sync_reg[0]
  -------------------------------------------------------------------
                         required time                       5691.990    
                         arrival time                       -5692.498    
  -------------------------------------------------------------------
                         slack                                 -0.507    

Slack (VIOLATED) :        -0.386ns  (required time - arrival time)
  Source:                 source_bank/metadata_in_hold_reg[24]/C
                            (rising edge-triggered cell FDRE clocked by source_100  {rise@0.000ns fall@5.000ns period=10.000ns})
  Destination:            source_bank/metadata_out_hold_reg[24]/D
                            (rising edge-triggered cell FDRE clocked by island_175  {rise@0.000ns fall@2.857ns period=5.714ns})
  Path Group:             island_175
  Path Type:              Setup (Max at Slow Process Corner)
  Requirement:            1.145ns  (island_175 rise@5691.145ns - source_100 rise@5690.000ns)
  Data Path Delay:        1.205ns  (logic 0.419ns (34.774%)  route 0.786ns (65.226%))
  Logic Levels:           0  
  Clock Path Skew:        -0.049ns (DCD - SCD + CPR)
    Destination Clock Delay (DCD):    0.924ns = ( 5692.069 - 5691.145 ) 
    Source Clock Delay      (SCD):    0.973ns = ( 5690.973 - 5690.000 ) 
    Clock Pessimism Removal (CPR):    0.000ns
  Clock Uncertainty:      0.035ns  ((TSJ^2 + TIJ^2)^1/2 + DJ) / 2 + PE
    Total System Jitter     (TSJ):    0.071ns
    Total Input Jitter      (TIJ):    0.000ns
    Discrete Jitter          (DJ):    0.000ns
    Phase Error              (PE):    0.000ns
  Clock Domain Crossing:  Inter clock paths are considered valid unless explicitly excluded by timing constraints such as set_clock_groups or set_false_path.

    Location             Delay type                Incr(ns)  Path(ns)    Netlist Resource(s)
  -------------------------------------------------------------------    -------------------
                         (clock source_100 rise edge)
                                                   5690.000  5690.000 r  
                                                      0.000  5690.000 r  clk (IN)
                         net (fo=205, unset)          0.973  5690.973    source_bank/clk
    SLICE_X13Y8          FDRE                                         r  source_bank/metadata_in_hold_reg[24]/C
  -------------------------------------------------------------------    -------------------
    SLICE_X13Y8          FDRE (Prop_fdre_C_Q)         0.419  5691.392 r  source_bank/metadata_in_hold_reg[24]/Q
                         net (fo=2, routed)           0.786  5692.178    source_bank/metadata_in_hold[24]
    SLICE_X22Y8          FDRE                                         r  source_bank/metadata_out_hold_reg[24]/D
  -------------------------------------------------------------------    -------------------

                         (clock island_175 rise edge)
                                                   5691.145  5691.145 r  
                                                      0.000  5691.145 r  fft_clk (IN)
                         net (fo=4836, unset)         0.924  5692.069    source_bank/fft_clk
    SLICE_X22Y8          FDRE                                         r  source_bank/metadata_out_hold_reg[24]/C
                         clock pessimism              0.000  5692.069    
                         clock uncertainty           -0.035  5692.034    
    SLICE_X22Y8          FDRE (Setup_fdre_C_D)       -0.242  5691.792    source_bank/metadata_out_hold_reg[24]
  -------------------------------------------------------------------
                         required time                       5691.792    
                         arrival time                       -5692.178    
  -------------------------------------------------------------------
                         slack                                 -0.386    

Slack (VIOLATED) :        -0.362ns  (required time - arrival time)
  Source:                 source_bank/metadata_in_hold_reg[61]/C
                            (rising edge-triggered cell FDRE clocked by source_100  {rise@0.000ns fall@5.000ns period=10.000ns})
  Destination:            source_bank/metadata_out_hold_reg[61]/D
                            (rising edge-triggered cell FDRE clocked by island_175  {rise@0.000ns fall@2.857ns period=5.714ns})
  Path Group:             island_175
  Path Type:              Setup (Max at Slow Process Corner)
  Requirement:            1.145ns  (island_175 rise@5691.145ns - source_100 rise@5690.000ns)
  Data Path Delay:        1.320ns  (logic 0.518ns (39.231%)  route 0.802ns (60.769%))
  Logic Levels:           0  
  Clock Path Skew:        -0.049ns (DCD - SCD + CPR)
    Destination Clock Delay (DCD):    0.924ns = ( 5692.069 - 5691.145 ) 
    Source Clock Delay      (SCD):    0.973ns = ( 5690.973 - 5690.000 ) 
    Clock Pessimism Removal (CPR):    0.000ns
  Clock Uncertainty:      0.035ns  ((TSJ^2 + TIJ^2)^1/2 + DJ) / 2 + PE
    Total System Jitter     (TSJ):    0.071ns
    Total Input Jitter      (TIJ):    0.000ns
    Discrete Jitter          (DJ):    0.000ns
    Phase Error              (PE):    0.000ns
  Clock Domain Crossing:  Inter clock paths are considered valid unless explicitly excluded by timing constraints such as set_clock_groups or set_false_path.

    Location             Delay type                Incr(ns)  Path(ns)    Netlist Resource(s)
  -------------------------------------------------------------------    -------------------
                         (clock source_100 rise edge)
                                                   5690.000  5690.000 r  
                                                      0.000  5690.000 r  clk (IN)
                         net (fo=205, unset)          0.973  5690.973    source_bank/clk
    SLICE_X16Y12         FDRE                                         r  source_bank/metadata_in_hold_reg[61]/C
  -------------------------------------------------------------------    -------------------
    SLICE_X16Y12         FDRE (Prop_fdre_C_Q)         0.518  5691.491 r  source_bank/metadata_in_hold_reg[61]/Q
                         net (fo=2, routed)           0.802  5692.293    source_bank/metadata_in_hold[61]
    SLICE_X19Y12         FDRE                                         r  source_bank/metadata_out_hold_reg[61]/D
  -------------------------------------------------------------------    -------------------

                         (clock island_175 rise edge)
                                                   5691.145  5691.145 r  
                                                      0.000  5691.145 r  fft_clk (IN)
                         net (fo=4836, unset)         0.924  5692.069    source_bank/fft_clk
    SLICE_X19Y12         FDRE                                         r  source_bank/metadata_out_hold_reg[61]/C
                         clock pessimism              0.000  5692.069    
                         clock uncertainty           -0.035  5692.034    
    SLICE_X19Y12         FDRE (Setup_fdre_C_D)       -0.102  5691.932    source_bank/metadata_out_hold_reg[61]
  -------------------------------------------------------------------
                         required time                       5691.932    
                         arrival time                       -5692.293    
  -------------------------------------------------------------------
                         slack                                 -0.362    

Slack (VIOLATED) :        -0.344ns  (required time - arrival time)
  Source:                 source_bank/metadata_in_hold_reg[31]/C
                            (rising edge-triggered cell FDRE clocked by source_100  {rise@0.000ns fall@5.000ns period=10.000ns})
  Destination:            source_bank/metadata_out_hold_reg[31]/D
                            (rising edge-triggered cell FDRE clocked by island_175  {rise@0.000ns fall@2.857ns period=5.714ns})
  Path Group:             island_175
  Path Type:              Setup (Max at Slow Process Corner)
  Requirement:            1.145ns  (island_175 rise@5691.145ns - source_100 rise@5690.000ns)
  Data Path Delay:        1.304ns  (logic 0.456ns (34.976%)  route 0.848ns (65.024%))
  Logic Levels:           0  
  Clock Path Skew:        -0.049ns (DCD - SCD + CPR)
    Destination Clock Delay (DCD):    0.924ns = ( 5692.069 - 5691.145 ) 
    Source Clock Delay      (SCD):    0.973ns = ( 5690.973 - 5690.000 ) 
    Clock Pessimism Removal (CPR):    0.000ns
  Clock Uncertainty:      0.035ns  ((TSJ^2 + TIJ^2)^1/2 + DJ) / 2 + PE
    Total System Jitter     (TSJ):    0.071ns
    Total Input Jitter      (TIJ):    0.000ns
    Discrete Jitter          (DJ):    0.000ns
    Phase Error              (PE):    0.000ns
  Clock Domain Crossing:  Inter clock paths are considered valid unless explicitly excluded by timing constraints such as set_clock_groups or set_false_path.

    Location             Delay type                Incr(ns)  Path(ns)    Netlist Resource(s)
  -------------------------------------------------------------------    -------------------
                         (clock source_100 rise edge)
                                                   5690.000  5690.000 r  
                                                      0.000  5690.000 r  clk (IN)
                         net (fo=205, unset)          0.973  5690.973    source_bank/clk
    SLICE_X14Y9          FDRE                                         r  source_bank/metadata_in_hold_reg[31]/C
  -------------------------------------------------------------------    -------------------
    SLICE_X14Y9          FDRE (Prop_fdre_C_Q)         0.456  5691.429 r  source_bank/metadata_in_hold_reg[31]/Q
                         net (fo=2, routed)           0.848  5692.277    source_bank/metadata_in_hold[31]
    SLICE_X17Y8          FDRE                                         r  source_bank/metadata_out_hold_reg[31]/D
  -------------------------------------------------------------------    -------------------

                         (clock island_175 rise edge)
                                                   5691.145  5691.145 r  
                                                      0.000  5691.145 r  fft_clk (IN)
                         net (fo=4836, unset)         0.924  5692.069    source_bank/fft_clk
    SLICE_X17Y8          FDRE                                         r  source_bank/metadata_out_hold_reg[31]/C
                         clock pessimism              0.000  5692.069    
                         clock uncertainty           -0.035  5692.034    
    SLICE_X17Y8          FDRE (Setup_fdre_C_D)       -0.101  5691.933    source_bank/metadata_out_hold_reg[31]
  -------------------------------------------------------------------
                         required time                       5691.933    
                         arrival time                       -5692.277    
  -------------------------------------------------------------------
                         slack                                 -0.344    

Slack (VIOLATED) :        -0.340ns  (required time - arrival time)
  Source:                 source_bank/metadata_in_hold_reg[53]/C
                            (rising edge-triggered cell FDRE clocked by source_100  {rise@0.000ns fall@5.000ns period=10.000ns})
  Destination:            source_bank/metadata_out_hold_reg[53]/D
                            (rising edge-triggered cell FDRE clocked by island_175  {rise@0.000ns fall@2.857ns period=5.714ns})
  Path Group:             island_175
  Path Type:              Setup (Max at Slow Process Corner)
  Requirement:            1.145ns  (island_175 rise@5691.145ns - source_100 rise@5690.000ns)
  Data Path Delay:        1.291ns  (logic 0.456ns (35.311%)  route 0.835ns (64.689%))
  Logic Levels:           0  
  Clock Path Skew:        -0.049ns (DCD - SCD + CPR)
    Destination Clock Delay (DCD):    0.924ns = ( 5692.069 - 5691.145 ) 
    Source Clock Delay      (SCD):    0.973ns = ( 5690.973 - 5690.000 ) 
    Clock Pessimism Removal (CPR):    0.000ns
  Clock Uncertainty:      0.035ns  ((TSJ^2 + TIJ^2)^1/2 + DJ) / 2 + PE
    Total System Jitter     (TSJ):    0.071ns
    Total Input Jitter      (TIJ):    0.000ns
    Discrete Jitter          (DJ):    0.000ns
    Phase Error              (PE):    0.000ns
  Clock Domain Crossing:  Inter clock paths are considered valid unless explicitly excluded by timing constraints such as set_clock_groups or set_false_path.

    Location             Delay type                Incr(ns)  Path(ns)    Netlist Resource(s)
  -------------------------------------------------------------------    -------------------
                         (clock source_100 rise edge)
                                                   5690.000  5690.000 r  
                                                      0.000  5690.000 r  clk (IN)
                         net (fo=205, unset)          0.973  5690.973    source_bank/clk
    SLICE_X14Y11         FDRE                                         r  source_bank/metadata_in_hold_reg[53]/C
  -------------------------------------------------------------------    -------------------
    SLICE_X14Y11         FDRE (Prop_fdre_C_Q)         0.456  5691.429 r  source_bank/metadata_in_hold_reg[53]/Q
                         net (fo=2, routed)           0.835  5692.265    source_bank/metadata_in_hold[53]
    SLICE_X17Y12         FDRE                                         r  source_bank/metadata_out_hold_reg[53]/D
  -------------------------------------------------------------------    -------------------

                         (clock island_175 rise edge)
                                                   5691.145  5691.145 r  
                                                      0.000  5691.145 r  fft_clk (IN)
                         net (fo=4836, unset)         0.924  5692.069    source_bank/fft_clk
    SLICE_X17Y12         FDRE                                         r  source_bank/metadata_out_hold_reg[53]/C
                         clock pessimism              0.000  5692.069    
                         clock uncertainty           -0.035  5692.034    
    SLICE_X17Y12         FDRE (Setup_fdre_C_D)       -0.109  5691.925    source_bank/metadata_out_hold_reg[53]
  -------------------------------------------------------------------
                         required time                       5691.924    
                         arrival time                       -5692.264    
  -------------------------------------------------------------------
                         slack                                 -0.340    

Slack (VIOLATED) :        -0.335ns  (required time - arrival time)
  Source:                 source_bank/metadata_in_hold_reg[15]/C
                            (rising edge-triggered cell FDRE clocked by source_100  {rise@0.000ns fall@5.000ns period=10.000ns})
  Destination:            source_bank/metadata_out_hold_reg[15]/D
                            (rising edge-triggered cell FDRE clocked by island_175  {rise@0.000ns fall@2.857ns period=5.714ns})
  Path Group:             island_175
  Path Type:              Setup (Max at Slow Process Corner)
  Requirement:            1.145ns  (island_175 rise@5691.145ns - source_100 rise@5690.000ns)
  Data Path Delay:        1.349ns  (logic 0.456ns (33.810%)  route 0.893ns (66.190%))
  Logic Levels:           0  
  Clock Path Skew:        -0.049ns (DCD - SCD + CPR)
    Destination Clock Delay (DCD):    0.924ns = ( 5692.069 - 5691.145 ) 
    Source Clock Delay      (SCD):    0.973ns = ( 5690.973 - 5690.000 ) 
    Clock Pessimism Removal (CPR):    0.000ns
  Clock Uncertainty:      0.035ns  ((TSJ^2 + TIJ^2)^1/2 + DJ) / 2 + PE
    Total System Jitter     (TSJ):    0.071ns
    Total Input Jitter      (TIJ):    0.000ns
    Discrete Jitter          (DJ):    0.000ns
    Phase Error              (PE):    0.000ns
  Clock Domain Crossing:  Inter clock paths are considered valid unless explicitly excluded by timing constraints such as set_clock_groups or set_false_path.

    Location             Delay type                Incr(ns)  Path(ns)    Netlist Resource(s)
  -------------------------------------------------------------------    -------------------
                         (clock source_100 rise edge)
                                                   5690.000  5690.000 r  
                                                      0.000  5690.000 r  clk (IN)
                         net (fo=205, unset)          0.973  5690.973    source_bank/clk
    SLICE_X13Y7          FDRE                                         r  source_bank/metadata_in_hold_reg[15]/C
  -------------------------------------------------------------------    -------------------
    SLICE_X13Y7          FDRE (Prop_fdre_C_Q)         0.456  5691.429 r  source_bank/metadata_in_hold_reg[15]/Q
                         net (fo=2, routed)           0.893  5692.322    source_bank/metadata_in_hold[15]
    SLICE_X16Y7          FDRE                                         r  source_bank/metadata_out_hold_reg[15]/D
  -------------------------------------------------------------------    -------------------

                         (clock island_175 rise edge)
                                                   5691.145  5691.145 r  
                                                      0.000  5691.145 r  fft_clk (IN)
                         net (fo=4836, unset)         0.924  5692.069    source_bank/fft_clk
    SLICE_X16Y7          FDRE                                         r  source_bank/metadata_out_hold_reg[15]/C
                         clock pessimism              0.000  5692.069    
                         clock uncertainty           -0.035  5692.034    
    SLICE_X16Y7          FDRE (Setup_fdre_C_D)       -0.047  5691.987    source_bank/metadata_out_hold_reg[15]
  -------------------------------------------------------------------
                         required time                       5691.987    
                         arrival time                       -5692.321    
  -------------------------------------------------------------------
                         slack                                 -0.335    

Slack (VIOLATED) :        -0.307ns  (required time - arrival time)
  Source:                 source_bank/metadata_in_hold_reg[20]/C
                            (rising edge-triggered cell FDRE clocked by source_100  {rise@0.000ns fall@5.000ns period=10.000ns})
  Destination:            source_bank/metadata_out_hold_reg[20]/D
                            (rising edge-triggered cell FDRE clocked by island_175  {rise@0.000ns fall@2.857ns period=5.714ns})
  Path Group:             island_175
  Path Type:              Setup (Max at Slow Process Corner)
  Requirement:            1.145ns  (island_175 rise@5691.145ns - source_100 rise@5690.000ns)
  Data Path Delay:        1.262ns  (logic 0.456ns (36.126%)  route 0.806ns (63.874%))
  Logic Levels:           0  
  Clock Path Skew:        -0.049ns (DCD - SCD + CPR)
    Destination Clock Delay (DCD):    0.924ns = ( 5692.069 - 5691.145 ) 
    Source Clock Delay      (SCD):    0.973ns = ( 5690.973 - 5690.000 ) 
    Clock Pessimism Removal (CPR):    0.000ns
  Clock Uncertainty:      0.035ns  ((TSJ^2 + TIJ^2)^1/2 + DJ) / 2 + PE
    Total System Jitter     (TSJ):    0.071ns
    Total Input Jitter      (TIJ):    0.000ns
    Discrete Jitter          (DJ):    0.000ns
    Phase Error              (PE):    0.000ns
  Clock Domain Crossing:  Inter clock paths are considered valid unless explicitly excluded by timing constraints such as set_clock_groups or set_false_path.

    Location             Delay type                Incr(ns)  Path(ns)    Netlist Resource(s)
  -------------------------------------------------------------------    -------------------
                         (clock source_100 rise edge)
                                                   5690.000  5690.000 r  
                                                      0.000  5690.000 r  clk (IN)
                         net (fo=205, unset)          0.973  5690.973    source_bank/clk
    SLICE_X14Y9          FDRE                                         r  source_bank/metadata_in_hold_reg[20]/C
  -------------------------------------------------------------------    -------------------
    SLICE_X14Y9          FDRE (Prop_fdre_C_Q)         0.456  5691.429 r  source_bank/metadata_in_hold_reg[20]/Q
                         net (fo=2, routed)           0.806  5692.235    source_bank/metadata_in_hold[20]
    SLICE_X18Y8          FDRE                                         r  source_bank/metadata_out_hold_reg[20]/D
  -------------------------------------------------------------------    -------------------

                         (clock island_175 rise edge)
                                                   5691.145  5691.145 r  
                                                      0.000  5691.145 r  fft_clk (IN)
                         net (fo=4836, unset)         0.924  5692.069    source_bank/fft_clk
    SLICE_X18Y8          FDRE                                         r  source_bank/metadata_out_hold_reg[20]/C
                         clock pessimism              0.000  5692.069    
                         clock uncertainty           -0.035  5692.034    
    SLICE_X18Y8          FDRE (Setup_fdre_C_D)       -0.105  5691.929    source_bank/metadata_out_hold_reg[20]
  -------------------------------------------------------------------
                         required time                       5691.928    
                         arrival time                       -5692.235    
  -------------------------------------------------------------------
                         slack                                 -0.307    

Slack (VIOLATED) :        -0.283ns  (required time - arrival time)
  Source:                 source_bank/metadata_in_hold_reg[46]/C
                            (rising edge-triggered cell FDRE clocked by source_100  {rise@0.000ns fall@5.000ns period=10.000ns})
  Destination:            source_bank/metadata_out_hold_reg[46]/D
                            (rising edge-triggered cell FDRE clocked by island_175  {rise@0.000ns fall@2.857ns period=5.714ns})
  Path Group:             island_175
  Path Type:              Setup (Max at Slow Process Corner)
  Requirement:            1.145ns  (island_175 rise@5691.145ns - source_100 rise@5690.000ns)
  Data Path Delay:        1.124ns  (logic 0.419ns (37.283%)  route 0.705ns (62.717%))
  Logic Levels:           0  
  Clock Path Skew:        -0.049ns (DCD - SCD + CPR)
    Destination Clock Delay (DCD):    0.924ns = ( 5692.069 - 5691.145 ) 
    Source Clock Delay      (SCD):    0.973ns = ( 5690.973 - 5690.000 ) 
    Clock Pessimism Removal (CPR):    0.000ns
  Clock Uncertainty:      0.035ns  ((TSJ^2 + TIJ^2)^1/2 + DJ) / 2 + PE
    Total System Jitter     (TSJ):    0.071ns
    Total Input Jitter      (TIJ):    0.000ns
    Discrete Jitter          (DJ):    0.000ns
    Phase Error              (PE):    0.000ns
  Clock Domain Crossing:  Inter clock paths are considered valid unless explicitly excluded by timing constraints such as set_clock_groups or set_false_path.

    Location             Delay type                Incr(ns)  Path(ns)    Netlist Resource(s)
  -------------------------------------------------------------------    -------------------
                         (clock source_100 rise edge)
                                                   5690.000  5690.000 r  
                                                      0.000  5690.000 r  clk (IN)
                         net (fo=205, unset)          0.973  5690.973    source_bank/clk
    SLICE_X14Y9          FDRE                                         r  source_bank/metadata_in_hold_reg[46]/C
  -------------------------------------------------------------------    -------------------
    SLICE_X14Y9          FDRE (Prop_fdre_C_Q)         0.419  5691.392 r  source_bank/metadata_in_hold_reg[46]/Q
                         net (fo=2, routed)           0.705  5692.097    source_bank/metadata_in_hold[46]
    SLICE_X20Y13         FDRE                                         r  source_bank/metadata_out_hold_reg[46]/D
  -------------------------------------------------------------------    -------------------

                         (clock island_175 rise edge)
                                                   5691.145  5691.145 r  
                                                      0.000  5691.145 r  fft_clk (IN)
                         net (fo=4836, unset)         0.924  5692.069    source_bank/fft_clk
    SLICE_X20Y13         FDRE                                         r  source_bank/metadata_out_hold_reg[46]/C
                         clock pessimism              0.000  5692.069    
                         clock uncertainty           -0.035  5692.034    
    SLICE_X20Y13         FDRE (Setup_fdre_C_D)       -0.220  5691.813    source_bank/metadata_out_hold_reg[46]
  -------------------------------------------------------------------
                         required time                       5691.813    
                         arrival time                       -5692.097    
  -------------------------------------------------------------------
                         slack                                 -0.283    

Slack (VIOLATED) :        -0.261ns  (required time - arrival time)
  Source:                 source_bank/metadata_in_hold_reg[37]/C
                            (rising edge-triggered cell FDRE clocked by source_100  {rise@0.000ns fall@5.000ns period=10.000ns})
  Destination:            source_bank/metadata_out_hold_reg[37]/D
                            (rising edge-triggered cell FDRE clocked by island_175  {rise@0.000ns fall@2.857ns period=5.714ns})
  Path Group:             island_175
  Path Type:              Setup (Max at Slow Process Corner)
  Requirement:            1.145ns  (island_175 rise@5691.145ns - source_100 rise@5690.000ns)
  Data Path Delay:        1.276ns  (logic 0.518ns (40.584%)  route 0.758ns (59.416%))
  Logic Levels:           0  
  Clock Path Skew:        -0.049ns (DCD - SCD + CPR)
    Destination Clock Delay (DCD):    0.924ns = ( 5692.069 - 5691.145 ) 
    Source Clock Delay      (SCD):    0.973ns = ( 5690.973 - 5690.000 ) 
    Clock Pessimism Removal (CPR):    0.000ns
  Clock Uncertainty:      0.035ns  ((TSJ^2 + TIJ^2)^1/2 + DJ) / 2 + PE
    Total System Jitter     (TSJ):    0.071ns
    Total Input Jitter      (TIJ):    0.000ns
    Discrete Jitter          (DJ):    0.000ns
    Phase Error              (PE):    0.000ns
  Clock Domain Crossing:  Inter clock paths are considered valid unless explicitly excluded by timing constraints such as set_clock_groups or set_false_path.

    Location             Delay type                Incr(ns)  Path(ns)    Netlist Resource(s)
  -------------------------------------------------------------------    -------------------
                         (clock source_100 rise edge)
                                                   5690.000  5690.000 r  
                                                      0.000  5690.000 r  clk (IN)
                         net (fo=205, unset)          0.973  5690.973    source_bank/clk
    SLICE_X12Y9          FDRE                                         r  source_bank/metadata_in_hold_reg[37]/C
  -------------------------------------------------------------------    -------------------
    SLICE_X12Y9          FDRE (Prop_fdre_C_Q)         0.518  5691.491 r  source_bank/metadata_in_hold_reg[37]/Q
                         net (fo=2, routed)           0.758  5692.250    source_bank/metadata_in_hold[37]
    SLICE_X16Y10         FDRE                                         r  source_bank/metadata_out_hold_reg[37]/D
  -------------------------------------------------------------------    -------------------

                         (clock island_175 rise edge)
                                                   5691.145  5691.145 r  
                                                      0.000  5691.145 r  fft_clk (IN)
                         net (fo=4836, unset)         0.924  5692.069    source_bank/fft_clk
    SLICE_X16Y10         FDRE                                         r  source_bank/metadata_out_hold_reg[37]/C
                         clock pessimism              0.000  5692.069    
                         clock uncertainty           -0.035  5692.034    
    SLICE_X16Y10         FDRE (Setup_fdre_C_D)       -0.045  5691.989    source_bank/metadata_out_hold_reg[37]
  -------------------------------------------------------------------
                         required time                       5691.988    
                         arrival time                       -5692.249    
  -------------------------------------------------------------------
                         slack                                 -0.261    

Slack (VIOLATED) :        -0.259ns  (required time - arrival time)
  Source:                 source_bank/metadata_in_hold_reg[62]/C
                            (rising edge-triggered cell FDRE clocked by source_100  {rise@0.000ns fall@5.000ns period=10.000ns})
  Destination:            source_bank/metadata_out_hold_reg[62]/D
                            (rising edge-triggered cell FDRE clocked by island_175  {rise@0.000ns fall@2.857ns period=5.714ns})
  Path Group:             island_175
  Path Type:              Setup (Max at Slow Process Corner)
  Requirement:            1.145ns  (island_175 rise@5691.145ns - source_100 rise@5690.000ns)
  Data Path Delay:        1.102ns  (logic 0.478ns (43.381%)  route 0.624ns (56.619%))
  Logic Levels:           0  
  Clock Path Skew:        -0.049ns (DCD - SCD + CPR)
    Destination Clock Delay (DCD):    0.924ns = ( 5692.069 - 5691.145 ) 
    Source Clock Delay      (SCD):    0.973ns = ( 5690.973 - 5690.000 ) 
    Clock Pessimism Removal (CPR):    0.000ns
  Clock Uncertainty:      0.035ns  ((TSJ^2 + TIJ^2)^1/2 + DJ) / 2 + PE
    Total System Jitter     (TSJ):    0.071ns
    Total Input Jitter      (TIJ):    0.000ns
    Discrete Jitter          (DJ):    0.000ns
    Phase Error              (PE):    0.000ns
  Clock Domain Crossing:  Inter clock paths are considered valid unless explicitly excluded by timing constraints such as set_clock_groups or set_false_path.

    Location             Delay type                Incr(ns)  Path(ns)    Netlist Resource(s)
  -------------------------------------------------------------------    -------------------
                         (clock source_100 rise edge)
                                                   5690.000  5690.000 r  
                                                      0.000  5690.000 r  clk (IN)
                         net (fo=205, unset)          0.973  5690.973    source_bank/clk
    SLICE_X16Y12         FDRE                                         r  source_bank/metadata_in_hold_reg[62]/C
  -------------------------------------------------------------------    -------------------
    SLICE_X16Y12         FDRE (Prop_fdre_C_Q)         0.478  5691.451 r  source_bank/metadata_in_hold_reg[62]/Q
                         net (fo=2, routed)           0.624  5692.075    source_bank/metadata_in_hold[62]
    SLICE_X19Y12         FDRE                                         r  source_bank/metadata_out_hold_reg[62]/D
  -------------------------------------------------------------------    -------------------

                         (clock island_175 rise edge)
                                                   5691.145  5691.145 r  
                                                      0.000  5691.145 r  fft_clk (IN)
                         net (fo=4836, unset)         0.924  5692.069    source_bank/fft_clk
    SLICE_X19Y12         FDRE                                         r  source_bank/metadata_out_hold_reg[62]/C
                         clock pessimism              0.000  5692.069    
                         clock uncertainty           -0.035  5692.034    
    SLICE_X19Y12         FDRE (Setup_fdre_C_D)       -0.218  5691.816    source_bank/metadata_out_hold_reg[62]
  -------------------------------------------------------------------
                         required time                       5691.815    
                         arrival time                       -5692.075    
  -------------------------------------------------------------------
                         slack                                 -0.259    

Slack (VIOLATED) :        -0.254ns  (required time - arrival time)
  Source:                 source_bank/metadata_in_hold_reg[26]/C
                            (rising edge-triggered cell FDRE clocked by source_100  {rise@0.000ns fall@5.000ns period=10.000ns})
  Destination:            source_bank/metadata_out_hold_reg[26]/D
                            (rising edge-triggered cell FDRE clocked by island_175  {rise@0.000ns fall@2.857ns period=5.714ns})
  Path Group:             island_175
  Path Type:              Setup (Max at Slow Process Corner)
  Requirement:            1.145ns  (island_175 rise@5691.145ns - source_100 rise@5690.000ns)
  Data Path Delay:        1.233ns  (logic 0.456ns (36.971%)  route 0.777ns (63.029%))
  Logic Levels:           0  
  Clock Path Skew:        -0.049ns (DCD - SCD + CPR)
    Destination Clock Delay (DCD):    0.924ns = ( 5692.069 - 5691.145 ) 
    Source Clock Delay      (SCD):    0.973ns = ( 5690.973 - 5690.000 ) 
    Clock Pessimism Removal (CPR):    0.000ns
  Clock Uncertainty:      0.035ns  ((TSJ^2 + TIJ^2)^1/2 + DJ) / 2 + PE
    Total System Jitter     (TSJ):    0.071ns
    Total Input Jitter      (TIJ):    0.000ns
    Discrete Jitter          (DJ):    0.000ns
    Phase Error              (PE):    0.000ns
  Clock Domain Crossing:  Inter clock paths are considered valid unless explicitly excluded by timing constraints such as set_clock_groups or set_false_path.

    Location             Delay type                Incr(ns)  Path(ns)    Netlist Resource(s)
  -------------------------------------------------------------------    -------------------
                         (clock source_100 rise edge)
                                                   5690.000  5690.000 r  
                                                      0.000  5690.000 r  clk (IN)
                         net (fo=205, unset)          0.973  5690.973    source_bank/clk
    SLICE_X13Y8          FDRE                                         r  source_bank/metadata_in_hold_reg[26]/C
  -------------------------------------------------------------------    -------------------
    SLICE_X13Y8          FDRE (Prop_fdre_C_Q)         0.456  5691.429 r  source_bank/metadata_in_hold_reg[26]/Q
                         net (fo=2, routed)           0.777  5692.207    source_bank/metadata_in_hold[26]
    SLICE_X17Y8          FDRE                                         r  source_bank/metadata_out_hold_reg[26]/D
  -------------------------------------------------------------------    -------------------

                         (clock island_175 rise edge)
                                                   5691.145  5691.145 r  
                                                      0.000  5691.145 r  fft_clk (IN)
                         net (fo=4836, unset)         0.924  5692.069    source_bank/fft_clk
    SLICE_X17Y8          FDRE                                         r  source_bank/metadata_out_hold_reg[26]/C
                         clock pessimism              0.000  5692.069    
                         clock uncertainty           -0.035  5692.034    
    SLICE_X17Y8          FDRE (Setup_fdre_C_D)       -0.081  5691.953    source_bank/metadata_out_hold_reg[26]
  -------------------------------------------------------------------
                         required time                       5691.953    
                         arrival time                       -5692.206    
  -------------------------------------------------------------------
                         slack                                 -0.254    

Slack (VIOLATED) :        -0.254ns  (required time - arrival time)
  Source:                 source_bank/metadata_in_hold_reg[13]/C
                            (rising edge-triggered cell FDRE clocked by source_100  {rise@0.000ns fall@5.000ns period=10.000ns})
  Destination:            source_bank/metadata_out_hold_reg[13]/D
                            (rising edge-triggered cell FDRE clocked by island_175  {rise@0.000ns fall@2.857ns period=5.714ns})
  Path Group:             island_175
  Path Type:              Setup (Max at Slow Process Corner)
  Requirement:            1.145ns  (island_175 rise@5691.145ns - source_100 rise@5690.000ns)
  Data Path Delay:        1.211ns  (logic 0.456ns (37.648%)  route 0.755ns (62.352%))
  Logic Levels:           0  
  Clock Path Skew:        -0.049ns (DCD - SCD + CPR)
    Destination Clock Delay (DCD):    0.924ns = ( 5692.069 - 5691.145 ) 
    Source Clock Delay      (SCD):    0.973ns = ( 5690.973 - 5690.000 ) 
    Clock Pessimism Removal (CPR):    0.000ns
  Clock Uncertainty:      0.035ns  ((TSJ^2 + TIJ^2)^1/2 + DJ) / 2 + PE
    Total System Jitter     (TSJ):    0.071ns
    Total Input Jitter      (TIJ):    0.000ns
    Discrete Jitter          (DJ):    0.000ns
    Phase Error              (PE):    0.000ns
  Clock Domain Crossing:  Inter clock paths are considered valid unless explicitly excluded by timing constraints such as set_clock_groups or set_false_path.

    Location             Delay type                Incr(ns)  Path(ns)    Netlist Resource(s)
  -------------------------------------------------------------------    -------------------
                         (clock source_100 rise edge)
                                                   5690.000  5690.000 r  
                                                      0.000  5690.000 r  clk (IN)
                         net (fo=205, unset)          0.973  5690.973    source_bank/clk
    SLICE_X14Y9          FDRE                                         r  source_bank/metadata_in_hold_reg[13]/C
  -------------------------------------------------------------------    -------------------
    SLICE_X14Y9          FDRE (Prop_fdre_C_Q)         0.456  5691.429 r  source_bank/metadata_in_hold_reg[13]/Q
                         net (fo=2, routed)           0.755  5692.185    source_bank/metadata_in_hold[13]
    SLICE_X18Y8          FDRE                                         r  source_bank/metadata_out_hold_reg[13]/D
  -------------------------------------------------------------------    -------------------

                         (clock island_175 rise edge)
                                                   5691.145  5691.145 r  
                                                      0.000  5691.145 r  fft_clk (IN)
                         net (fo=4836, unset)         0.924  5692.069    source_bank/fft_clk
    SLICE_X18Y8          FDRE                                         r  source_bank/metadata_out_hold_reg[13]/C
                         clock pessimism              0.000  5692.069    
                         clock uncertainty           -0.035  5692.034    
    SLICE_X18Y8          FDRE (Setup_fdre_C_D)       -0.103  5691.931    source_bank/metadata_out_hold_reg[13]
  -------------------------------------------------------------------
                         required time                       5691.930    
                         arrival time                       -5692.184    
  -------------------------------------------------------------------
                         slack                                 -0.254    

Slack (VIOLATED) :        -0.245ns  (required time - arrival time)
  Source:                 source_bank/input_fault_reg/C
                            (rising edge-triggered cell FDRE clocked by source_100  {rise@0.000ns fall@5.000ns period=10.000ns})
  Destination:            source_fault_fast_reg[0]/D
                            (rising edge-triggered cell FDRE clocked by island_175  {rise@0.000ns fall@2.857ns period=5.714ns})
  Path Group:             island_175
  Path Type:              Setup (Max at Slow Process Corner)
  Requirement:            1.145ns  (island_175 rise@5691.145ns - source_100 rise@5690.000ns)
  Data Path Delay:        1.237ns  (logic 0.456ns (36.874%)  route 0.781ns (63.126%))
  Logic Levels:           0  
  Clock Path Skew:        -0.049ns (DCD - SCD + CPR)
    Destination Clock Delay (DCD):    0.924ns = ( 5692.069 - 5691.145 ) 
    Source Clock Delay      (SCD):    0.973ns = ( 5690.973 - 5690.000 ) 
    Clock Pessimism Removal (CPR):    0.000ns
  Clock Uncertainty:      0.035ns  ((TSJ^2 + TIJ^2)^1/2 + DJ) / 2 + PE
    Total System Jitter     (TSJ):    0.071ns
    Total Input Jitter      (TIJ):    0.000ns
    Discrete Jitter          (DJ):    0.000ns
    Phase Error              (PE):    0.000ns
  Clock Domain Crossing:  Inter clock paths are considered valid unless explicitly excluded by timing constraints such as set_clock_groups or set_false_path.

    Location             Delay type                Incr(ns)  Path(ns)    Netlist Resource(s)
  -------------------------------------------------------------------    -------------------
                         (clock source_100 rise edge)
                                                   5690.000  5690.000 r  
                                                      0.000  5690.000 r  clk (IN)
                         net (fo=205, unset)          0.973  5690.973    source_bank/clk
    SLICE_X25Y1          FDRE                                         r  source_bank/input_fault_reg/C
  -------------------------------------------------------------------    -------------------
    SLICE_X25Y1          FDRE (Prop_fdre_C_Q)         0.456  5691.429 r  source_bank/input_fault_reg/Q
                         net (fo=4, routed)           0.781  5692.210    source_fault
    SLICE_X22Y5          FDRE                                         r  source_fault_fast_reg[0]/D
  -------------------------------------------------------------------    -------------------

                         (clock island_175 rise edge)
                                                   5691.145  5691.145 r  
                                                      0.000  5691.145 r  fft_clk (IN)
                         net (fo=4836, unset)         0.924  5692.069    fft_clk
    SLICE_X22Y5          FDRE                                         r  source_fault_fast_reg[0]/C
                         clock pessimism              0.000  5692.069    
                         clock uncertainty           -0.035  5692.034    
    SLICE_X22Y5          FDRE (Setup_fdre_C_D)       -0.069  5691.965    source_fault_fast_reg[0]
  -------------------------------------------------------------------
                         required time                       5691.964    
                         arrival time                       -5692.209    
  -------------------------------------------------------------------
                         slack                                 -0.245    

Slack (VIOLATED) :        -0.214ns  (required time - arrival time)
  Source:                 source_bank/metadata_in_hold_reg[30]/C
                            (rising edge-triggered cell FDRE clocked by source_100  {rise@0.000ns fall@5.000ns period=10.000ns})
  Destination:            source_bank/metadata_out_hold_reg[30]/D
                            (rising edge-triggered cell FDRE clocked by island_175  {rise@0.000ns fall@2.857ns period=5.714ns})
  Path Group:             island_175
  Path Type:              Setup (Max at Slow Process Corner)
  Requirement:            1.145ns  (island_175 rise@5691.145ns - source_100 rise@5690.000ns)
  Data Path Delay:        1.213ns  (logic 0.456ns (37.604%)  route 0.757ns (62.396%))
  Logic Levels:           0  
  Clock Path Skew:        -0.049ns (DCD - SCD + CPR)
    Destination Clock Delay (DCD):    0.924ns = ( 5692.069 - 5691.145 ) 
    Source Clock Delay      (SCD):    0.973ns = ( 5690.973 - 5690.000 ) 
    Clock Pessimism Removal (CPR):    0.000ns
  Clock Uncertainty:      0.035ns  ((TSJ^2 + TIJ^2)^1/2 + DJ) / 2 + PE
    Total System Jitter     (TSJ):    0.071ns
    Total Input Jitter      (TIJ):    0.000ns
    Discrete Jitter          (DJ):    0.000ns
    Phase Error              (PE):    0.000ns
  Clock Domain Crossing:  Inter clock paths are considered valid unless explicitly excluded by timing constraints such as set_clock_groups or set_false_path.

    Location             Delay type                Incr(ns)  Path(ns)    Netlist Resource(s)
  -------------------------------------------------------------------    -------------------
                         (clock source_100 rise edge)
                                                   5690.000  5690.000 r  
                                                      0.000  5690.000 r  clk (IN)
                         net (fo=205, unset)          0.973  5690.973    source_bank/clk
    SLICE_X11Y8          FDRE                                         r  source_bank/metadata_in_hold_reg[30]/C
  -------------------------------------------------------------------    -------------------
    SLICE_X11Y8          FDRE (Prop_fdre_C_Q)         0.456  5691.429 r  source_bank/metadata_in_hold_reg[30]/Q
                         net (fo=2, routed)           0.757  5692.186    source_bank/metadata_in_hold[30]
    SLICE_X18Y8          FDRE                                         r  source_bank/metadata_out_hold_reg[30]/D
  -------------------------------------------------------------------    -------------------

                         (clock island_175 rise edge)
                                                   5691.145  5691.145 r  
                                                      0.000  5691.145 r  fft_clk (IN)
                         net (fo=4836, unset)         0.924  5692.069    source_bank/fft_clk
    SLICE_X18Y8          FDRE                                         r  source_bank/metadata_out_hold_reg[30]/C
                         clock pessimism              0.000  5692.069    
                         clock uncertainty           -0.035  5692.034    
    SLICE_X18Y8          FDRE (Setup_fdre_C_D)       -0.062  5691.972    source_bank/metadata_out_hold_reg[30]
  -------------------------------------------------------------------
                         required time                       5691.972    
                         arrival time                       -5692.186    
  -------------------------------------------------------------------
                         slack                                 -0.214    

Slack (VIOLATED) :        -0.213ns  (required time - arrival time)
  Source:                 source_bank/metadata_in_hold_reg[21]/C
                            (rising edge-triggered cell FDRE clocked by source_100  {rise@0.000ns fall@5.000ns period=10.000ns})
  Destination:            source_bank/metadata_out_hold_reg[21]/D
                            (rising edge-triggered cell FDRE clocked by island_175  {rise@0.000ns fall@2.857ns period=5.714ns})
  Path Group:             island_175
  Path Type:              Setup (Max at Slow Process Corner)
  Requirement:            1.145ns  (island_175 rise@5691.145ns - source_100 rise@5690.000ns)
  Data Path Delay:        1.213ns  (logic 0.456ns (37.594%)  route 0.757ns (62.406%))
  Logic Levels:           0  
  Clock Path Skew:        -0.049ns (DCD - SCD + CPR)
    Destination Clock Delay (DCD):    0.924ns = ( 5692.069 - 5691.145 ) 
    Source Clock Delay      (SCD):    0.973ns = ( 5690.973 - 5690.000 ) 
    Clock Pessimism Removal (CPR):    0.000ns
  Clock Uncertainty:      0.035ns  ((TSJ^2 + TIJ^2)^1/2 + DJ) / 2 + PE
    Total System Jitter     (TSJ):    0.071ns
    Total Input Jitter      (TIJ):    0.000ns
    Discrete Jitter          (DJ):    0.000ns
    Phase Error              (PE):    0.000ns
  Clock Domain Crossing:  Inter clock paths are considered valid unless explicitly excluded by timing constraints such as set_clock_groups or set_false_path.

    Location             Delay type                Incr(ns)  Path(ns)    Netlist Resource(s)
  -------------------------------------------------------------------    -------------------
                         (clock source_100 rise edge)
                                                   5690.000  5690.000 r  
                                                      0.000  5690.000 r  clk (IN)
                         net (fo=205, unset)          0.973  5690.973    source_bank/clk
    SLICE_X13Y7          FDRE                                         r  source_bank/metadata_in_hold_reg[21]/C
  -------------------------------------------------------------------    -------------------
    SLICE_X13Y7          FDRE (Prop_fdre_C_Q)         0.456  5691.429 r  source_bank/metadata_in_hold_reg[21]/Q
                         net (fo=2, routed)           0.757  5692.186    source_bank/metadata_in_hold[21]
    SLICE_X18Y8          FDRE                                         r  source_bank/metadata_out_hold_reg[21]/D
  -------------------------------------------------------------------    -------------------

                         (clock island_175 rise edge)
                                                   5691.145  5691.145 r  
                                                      0.000  5691.145 r  fft_clk (IN)
                         net (fo=4836, unset)         0.924  5692.069    source_bank/fft_clk
    SLICE_X18Y8          FDRE                                         r  source_bank/metadata_out_hold_reg[21]/C
                         clock pessimism              0.000  5692.069    
                         clock uncertainty           -0.035  5692.034    
    SLICE_X18Y8          FDRE (Setup_fdre_C_D)       -0.061  5691.973    source_bank/metadata_out_hold_reg[21]
  -------------------------------------------------------------------
                         required time                       5691.973    
                         arrival time                       -5692.186    
  -------------------------------------------------------------------
                         slack                                 -0.213    

Slack (VIOLATED) :        -0.207ns  (required time - arrival time)
  Source:                 source_bank/metadata_in_hold_reg[25]/C
                            (rising edge-triggered cell FDRE clocked by source_100  {rise@0.000ns fall@5.000ns period=10.000ns})
  Destination:            source_bank/metadata_out_hold_reg[25]/D
                            (rising edge-triggered cell FDRE clocked by island_175  {rise@0.000ns fall@2.857ns period=5.714ns})
  Path Group:             island_175
  Path Type:              Setup (Max at Slow Process Corner)
  Requirement:            1.145ns  (island_175 rise@5691.145ns - source_100 rise@5690.000ns)
  Data Path Delay:        1.221ns  (logic 0.456ns (37.345%)  route 0.765ns (62.655%))
  Logic Levels:           0  
  Clock Path Skew:        -0.049ns (DCD - SCD + CPR)
    Destination Clock Delay (DCD):    0.924ns = ( 5692.069 - 5691.145 ) 
    Source Clock Delay      (SCD):    0.973ns = ( 5690.973 - 5690.000 ) 
    Clock Pessimism Removal (CPR):    0.000ns
  Clock Uncertainty:      0.035ns  ((TSJ^2 + TIJ^2)^1/2 + DJ) / 2 + PE
    Total System Jitter     (TSJ):    0.071ns
    Total Input Jitter      (TIJ):    0.000ns
    Discrete Jitter          (DJ):    0.000ns
    Phase Error              (PE):    0.000ns
  Clock Domain Crossing:  Inter clock paths are considered valid unless explicitly excluded by timing constraints such as set_clock_groups or set_false_path.

    Location             Delay type                Incr(ns)  Path(ns)    Netlist Resource(s)
  -------------------------------------------------------------------    -------------------
                         (clock source_100 rise edge)
                                                   5690.000  5690.000 r  
                                                      0.000  5690.000 r  clk (IN)
                         net (fo=205, unset)          0.973  5690.973    source_bank/clk
    SLICE_X13Y8          FDRE                                         r  source_bank/metadata_in_hold_reg[25]/C
  -------------------------------------------------------------------    -------------------
    SLICE_X13Y8          FDRE (Prop_fdre_C_Q)         0.456  5691.429 r  source_bank/metadata_in_hold_reg[25]/Q
                         net (fo=2, routed)           0.765  5692.194    source_bank/metadata_in_hold[25]
    SLICE_X18Y8          FDRE                                         r  source_bank/metadata_out_hold_reg[25]/D
  -------------------------------------------------------------------    -------------------

                         (clock island_175 rise edge)
                                                   5691.145  5691.145 r  
                                                      0.000  5691.145 r  fft_clk (IN)
                         net (fo=4836, unset)         0.924  5692.069    source_bank/fft_clk
    SLICE_X18Y8          FDRE                                         r  source_bank/metadata_out_hold_reg[25]/C
                         clock pessimism              0.000  5692.069    
                         clock uncertainty           -0.035  5692.034    
    SLICE_X18Y8          FDRE (Setup_fdre_C_D)       -0.047  5691.987    source_bank/metadata_out_hold_reg[25]
  -------------------------------------------------------------------
                         required time                       5691.987    
                         arrival time                       -5692.194    
  -------------------------------------------------------------------
                         slack                                 -0.207    

Slack (VIOLATED) :        -0.198ns  (required time - arrival time)
  Source:                 source_bank/metadata_in_hold_reg[12]/C
                            (rising edge-triggered cell FDRE clocked by source_100  {rise@0.000ns fall@5.000ns period=10.000ns})
  Destination:            source_bank/metadata_out_hold_reg[12]/D
                            (rising edge-triggered cell FDRE clocked by island_175  {rise@0.000ns fall@2.857ns period=5.714ns})
  Path Group:             island_175
  Path Type:              Setup (Max at Slow Process Corner)
  Requirement:            1.145ns  (island_175 rise@5691.145ns - source_100 rise@5690.000ns)
  Data Path Delay:        1.231ns  (logic 0.456ns (37.046%)  route 0.775ns (62.954%))
  Logic Levels:           0  
  Clock Path Skew:        -0.049ns (DCD - SCD + CPR)
    Destination Clock Delay (DCD):    0.924ns = ( 5692.069 - 5691.145 ) 
    Source Clock Delay      (SCD):    0.973ns = ( 5690.973 - 5690.000 ) 
    Clock Pessimism Removal (CPR):    0.000ns
  Clock Uncertainty:      0.035ns  ((TSJ^2 + TIJ^2)^1/2 + DJ) / 2 + PE
    Total System Jitter     (TSJ):    0.071ns
    Total Input Jitter      (TIJ):    0.000ns
    Discrete Jitter          (DJ):    0.000ns
    Phase Error              (PE):    0.000ns
  Clock Domain Crossing:  Inter clock paths are considered valid unless explicitly excluded by timing constraints such as set_clock_groups or set_false_path.

    Location             Delay type                Incr(ns)  Path(ns)    Netlist Resource(s)
  -------------------------------------------------------------------    -------------------
                         (clock source_100 rise edge)
                                                   5690.000  5690.000 r  
                                                      0.000  5690.000 r  clk (IN)
                         net (fo=205, unset)          0.973  5690.973    source_bank/clk
    SLICE_X17Y5          FDRE                                         r  source_bank/metadata_in_hold_reg[12]/C
  -------------------------------------------------------------------    -------------------
    SLICE_X17Y5          FDRE (Prop_fdre_C_Q)         0.456  5691.429 r  source_bank/metadata_in_hold_reg[12]/Q
                         net (fo=2, routed)           0.775  5692.204    source_bank/metadata_in_hold[12]
    SLICE_X16Y6          FDRE                                         r  source_bank/metadata_out_hold_reg[12]/D
  -------------------------------------------------------------------    -------------------

                         (clock island_175 rise edge)
                                                   5691.145  5691.145 r  
                                                      0.000  5691.145 r  fft_clk (IN)
                         net (fo=4836, unset)         0.924  5692.069    source_bank/fft_clk
    SLICE_X16Y6          FDRE                                         r  source_bank/metadata_out_hold_reg[12]/C
                         clock pessimism              0.000  5692.069    
                         clock uncertainty           -0.035  5692.034    
    SLICE_X16Y6          FDRE (Setup_fdre_C_D)       -0.028  5692.006    source_bank/metadata_out_hold_reg[12]
  -------------------------------------------------------------------
                         required time                       5692.005    
                         arrival time                       -5692.204    
  -------------------------------------------------------------------
                         slack                                 -0.198    

Slack (VIOLATED) :        -0.191ns  (required time - arrival time)
  Source:                 source_bank/metadata_in_hold_reg[67]/C
                            (rising edge-triggered cell FDRE clocked by source_100  {rise@0.000ns fall@5.000ns period=10.000ns})
  Destination:            source_bank/metadata_out_hold_reg[67]/D
                            (rising edge-triggered cell FDRE clocked by island_175  {rise@0.000ns fall@2.857ns period=5.714ns})
  Path Group:             island_175
  Path Type:              Setup (Max at Slow Process Corner)
  Requirement:            1.145ns  (island_175 rise@5691.145ns - source_100 rise@5690.000ns)
  Data Path Delay:        1.017ns  (logic 0.478ns (46.983%)  route 0.539ns (53.017%))
  Logic Levels:           0  
  Clock Path Skew:        -0.049ns (DCD - SCD + CPR)
    Destination Clock Delay (DCD):    0.924ns = ( 5692.069 - 5691.145 ) 
    Source Clock Delay      (SCD):    0.973ns = ( 5690.973 - 5690.000 ) 
    Clock Pessimism Removal (CPR):    0.000ns
  Clock Uncertainty:      0.035ns  ((TSJ^2 + TIJ^2)^1/2 + DJ) / 2 + PE
    Total System Jitter     (TSJ):    0.071ns
    Total Input Jitter      (TIJ):    0.000ns
    Discrete Jitter          (DJ):    0.000ns
    Phase Error              (PE):    0.000ns
  Clock Domain Crossing:  Inter clock paths are considered valid unless explicitly excluded by timing constraints such as set_clock_groups or set_false_path.

    Location             Delay type                Incr(ns)  Path(ns)    Netlist Resource(s)
  -------------------------------------------------------------------    -------------------
                         (clock source_100 rise edge)
                                                   5690.000  5690.000 r  
                                                      0.000  5690.000 r  clk (IN)
                         net (fo=205, unset)          0.973  5690.973    source_bank/clk
    SLICE_X16Y12         FDRE                                         r  source_bank/metadata_in_hold_reg[67]/C
  -------------------------------------------------------------------    -------------------
    SLICE_X16Y12         FDRE (Prop_fdre_C_Q)         0.478  5691.451 r  source_bank/metadata_in_hold_reg[67]/Q
                         net (fo=2, routed)           0.539  5691.991    source_bank/metadata_in_hold[67]
    SLICE_X17Y12         FDRE                                         r  source_bank/metadata_out_hold_reg[67]/D
  -------------------------------------------------------------------    -------------------

                         (clock island_175 rise edge)
                                                   5691.145  5691.145 r  
                                                      0.000  5691.145 r  fft_clk (IN)
                         net (fo=4836, unset)         0.924  5692.069    source_bank/fft_clk
    SLICE_X17Y12         FDRE                                         r  source_bank/metadata_out_hold_reg[67]/C
                         clock pessimism              0.000  5692.069    
                         clock uncertainty           -0.035  5692.034    
    SLICE_X17Y12         FDRE (Setup_fdre_C_D)       -0.234  5691.800    source_bank/metadata_out_hold_reg[67]
  -------------------------------------------------------------------
                         required time                       5691.799    
                         arrival time                       -5691.990    
  -------------------------------------------------------------------
                         slack                                 -0.191    

Slack (VIOLATED) :        -0.184ns  (required time - arrival time)
  Source:                 source_bank/metadata_in_hold_reg[27]/C
                            (rising edge-triggered cell FDRE clocked by source_100  {rise@0.000ns fall@5.000ns period=10.000ns})
  Destination:            source_bank/metadata_out_hold_reg[27]/D
                            (rising edge-triggered cell FDRE clocked by island_175  {rise@0.000ns fall@2.857ns period=5.714ns})
  Path Group:             island_175
  Path Type:              Setup (Max at Slow Process Corner)
  Requirement:            1.145ns  (island_175 rise@5691.145ns - source_100 rise@5690.000ns)
  Data Path Delay:        1.039ns  (logic 0.419ns (40.317%)  route 0.620ns (59.683%))
  Logic Levels:           0  
  Clock Path Skew:        -0.049ns (DCD - SCD + CPR)
    Destination Clock Delay (DCD):    0.924ns = ( 5692.069 - 5691.145 ) 
    Source Clock Delay      (SCD):    0.973ns = ( 5690.973 - 5690.000 ) 
    Clock Pessimism Removal (CPR):    0.000ns
  Clock Uncertainty:      0.035ns  ((TSJ^2 + TIJ^2)^1/2 + DJ) / 2 + PE
    Total System Jitter     (TSJ):    0.071ns
    Total Input Jitter      (TIJ):    0.000ns
    Discrete Jitter          (DJ):    0.000ns
    Phase Error              (PE):    0.000ns
  Clock Domain Crossing:  Inter clock paths are considered valid unless explicitly excluded by timing constraints such as set_clock_groups or set_false_path.

    Location             Delay type                Incr(ns)  Path(ns)    Netlist Resource(s)
  -------------------------------------------------------------------    -------------------
                         (clock source_100 rise edge)
                                                   5690.000  5690.000 r  
                                                      0.000  5690.000 r  clk (IN)
                         net (fo=205, unset)          0.973  5690.973    source_bank/clk
    SLICE_X13Y7          FDRE                                         r  source_bank/metadata_in_hold_reg[27]/C
  -------------------------------------------------------------------    -------------------
    SLICE_X13Y7          FDRE (Prop_fdre_C_Q)         0.419  5691.392 r  source_bank/metadata_in_hold_reg[27]/Q
                         net (fo=2, routed)           0.620  5692.012    source_bank/metadata_in_hold[27]
    SLICE_X16Y7          FDRE                                         r  source_bank/metadata_out_hold_reg[27]/D
  -------------------------------------------------------------------    -------------------

                         (clock island_175 rise edge)
                                                   5691.145  5691.145 r  
                                                      0.000  5691.145 r  fft_clk (IN)
                         net (fo=4836, unset)         0.924  5692.069    source_bank/fft_clk
    SLICE_X16Y7          FDRE                                         r  source_bank/metadata_out_hold_reg[27]/C
                         clock pessimism              0.000  5692.069    
                         clock uncertainty           -0.035  5692.034    
    SLICE_X16Y7          FDRE (Setup_fdre_C_D)       -0.205  5691.829    source_bank/metadata_out_hold_reg[27]
  -------------------------------------------------------------------
                         required time                       5691.829    
                         arrival time                       -5692.012    
  -------------------------------------------------------------------
                         slack                                 -0.184    

Slack (VIOLATED) :        -0.179ns  (required time - arrival time)
  Source:                 source_bank/metadata_in_hold_reg[19]/C
                            (rising edge-triggered cell FDRE clocked by source_100  {rise@0.000ns fall@5.000ns period=10.000ns})
  Destination:            source_bank/metadata_out_hold_reg[19]/D
                            (rising edge-triggered cell FDRE clocked by island_175  {rise@0.000ns fall@2.857ns period=5.714ns})
  Path Group:             island_175
  Path Type:              Setup (Max at Slow Process Corner)
  Requirement:            1.145ns  (island_175 rise@5691.145ns - source_100 rise@5690.000ns)
  Data Path Delay:        1.212ns  (logic 0.456ns (37.634%)  route 0.756ns (62.366%))
  Logic Levels:           0  
  Clock Path Skew:        -0.049ns (DCD - SCD + CPR)
    Destination Clock Delay (DCD):    0.924ns = ( 5692.069 - 5691.145 ) 
    Source Clock Delay      (SCD):    0.973ns = ( 5690.973 - 5690.000 ) 
    Clock Pessimism Removal (CPR):    0.000ns
  Clock Uncertainty:      0.035ns  ((TSJ^2 + TIJ^2)^1/2 + DJ) / 2 + PE
    Total System Jitter     (TSJ):    0.071ns
    Total Input Jitter      (TIJ):    0.000ns
    Discrete Jitter          (DJ):    0.000ns
    Phase Error              (PE):    0.000ns
  Clock Domain Crossing:  Inter clock paths are considered valid unless explicitly excluded by timing constraints such as set_clock_groups or set_false_path.

    Location             Delay type                Incr(ns)  Path(ns)    Netlist Resource(s)
  -------------------------------------------------------------------    -------------------
                         (clock source_100 rise edge)
                                                   5690.000  5690.000 r  
                                                      0.000  5690.000 r  clk (IN)
                         net (fo=205, unset)          0.973  5690.973    source_bank/clk
    SLICE_X13Y7          FDRE                                         r  source_bank/metadata_in_hold_reg[19]/C
  -------------------------------------------------------------------    -------------------
    SLICE_X13Y7          FDRE (Prop_fdre_C_Q)         0.456  5691.429 r  source_bank/metadata_in_hold_reg[19]/Q
                         net (fo=2, routed)           0.756  5692.185    source_bank/metadata_in_hold[19]
    SLICE_X16Y7          FDRE                                         r  source_bank/metadata_out_hold_reg[19]/D
  -------------------------------------------------------------------    -------------------

                         (clock island_175 rise edge)
                                                   5691.145  5691.145 r  
                                                      0.000  5691.145 r  fft_clk (IN)
                         net (fo=4836, unset)         0.924  5692.069    source_bank/fft_clk
    SLICE_X16Y7          FDRE                                         r  source_bank/metadata_out_hold_reg[19]/C
                         clock pessimism              0.000  5692.069    
                         clock uncertainty           -0.035  5692.034    
    SLICE_X16Y7          FDRE (Setup_fdre_C_D)       -0.028  5692.006    source_bank/metadata_out_hold_reg[19]
  -------------------------------------------------------------------
                         required time                       5692.005    
                         arrival time                       -5692.185    
  -------------------------------------------------------------------
                         slack                                 -0.179    





Min Delay Paths
--------------------------------------------------------------------------------------
Slack (MET) :             0.146ns  (arrival time - required time)
  Source:                 source_bank/metadata_in_hold_reg[57]/C
                            (rising edge-triggered cell FDRE clocked by source_100  {rise@0.000ns fall@5.000ns period=10.000ns})
  Destination:            source_bank/metadata_out_hold_reg[57]/D
                            (rising edge-triggered cell FDRE clocked by island_175  {rise@0.000ns fall@2.857ns period=5.714ns})
  Path Group:             island_175
  Path Type:              Hold (Min at Fast Process Corner)
  Requirement:            0.000ns  (island_175 rise@0.000ns - source_100 rise@0.000ns)
  Data Path Delay:        0.266ns  (logic 0.141ns (52.935%)  route 0.125ns (47.065%))
  Logic Levels:           0  
  Clock Path Skew:        0.022ns (DCD - SCD - CPR)
    Destination Clock Delay (DCD):    0.432ns
    Source Clock Delay      (SCD):    0.410ns
    Clock Pessimism Removal (CPR):    -0.000ns
  Clock Uncertainty:      0.035ns  ((TSJ^2 + TIJ^2)^1/2 + DJ) / 2 + PE
    Total System Jitter     (TSJ):    0.071ns
    Total Input Jitter      (TIJ):    0.000ns
    Discrete Jitter          (DJ):    0.000ns
    Phase Error              (PE):    0.000ns
  Clock Domain Crossing:  Inter clock paths are considered valid unless explicitly excluded by timing constraints such as set_clock_groups or set_false_path.

    Location             Delay type                Incr(ns)  Path(ns)    Netlist Resource(s)
  -------------------------------------------------------------------    -------------------
                         (clock source_100 rise edge)
                                                      0.000     0.000 r  
                                                      0.000     0.000 r  clk (IN)
                         net (fo=205, unset)          0.410     0.410    source_bank/clk
    SLICE_X21Y15         FDRE                                         r  source_bank/metadata_in_hold_reg[57]/C
  -------------------------------------------------------------------    -------------------
    SLICE_X21Y15         FDRE (Prop_fdre_C_Q)         0.141     0.551 r  source_bank/metadata_in_hold_reg[57]/Q
                         net (fo=2, routed)           0.125     0.677    source_bank/metadata_in_hold[57]
    SLICE_X20Y13         FDRE                                         r  source_bank/metadata_out_hold_reg[57]/D
  -------------------------------------------------------------------    -------------------

                         (clock island_175 rise edge)
                                                      0.000     0.000 r  
                                                      0.000     0.000 r  fft_clk (IN)
                         net (fo=4836, unset)         0.432     0.432    source_bank/fft_clk
    SLICE_X20Y13         FDRE                                         r  source_bank/metadata_out_hold_reg[57]/C
                         clock pessimism              0.000     0.432    
                         clock uncertainty            0.035     0.467    
    SLICE_X20Y13         FDRE (Hold_fdre_C_D)         0.063     0.530    source_bank/metadata_out_hold_reg[57]
  -------------------------------------------------------------------
                         required time                         -0.530    
                         arrival time                           0.677    
  -------------------------------------------------------------------
                         slack                                  0.146    

Slack (MET) :             0.149ns  (arrival time - required time)
  Source:                 source_bank/metadata_in_hold_reg[50]/C
                            (rising edge-triggered cell FDRE clocked by source_100  {rise@0.000ns fall@5.000ns period=10.000ns})
  Destination:            source_bank/metadata_out_hold_reg[50]/D
                            (rising edge-triggered cell FDRE clocked by island_175  {rise@0.000ns fall@2.857ns period=5.714ns})
  Path Group:             island_175
  Path Type:              Hold (Min at Fast Process Corner)
  Requirement:            0.000ns  (island_175 rise@0.000ns - source_100 rise@0.000ns)
  Data Path Delay:        0.224ns  (logic 0.148ns (66.156%)  route 0.076ns (33.844%))
  Logic Levels:           0  
  Clock Path Skew:        0.022ns (DCD - SCD - CPR)
    Destination Clock Delay (DCD):    0.432ns
    Source Clock Delay      (SCD):    0.410ns
    Clock Pessimism Removal (CPR):    -0.000ns
  Clock Uncertainty:      0.035ns  ((TSJ^2 + TIJ^2)^1/2 + DJ) / 2 + PE
    Total System Jitter     (TSJ):    0.071ns
    Total Input Jitter      (TIJ):    0.000ns
    Discrete Jitter          (DJ):    0.000ns
    Phase Error              (PE):    0.000ns
  Clock Domain Crossing:  Inter clock paths are considered valid unless explicitly excluded by timing constraints such as set_clock_groups or set_false_path.

    Location             Delay type                Incr(ns)  Path(ns)    Netlist Resource(s)
  -------------------------------------------------------------------    -------------------
                         (clock source_100 rise edge)
                                                      0.000     0.000 r  
                                                      0.000     0.000 r  clk (IN)
                         net (fo=205, unset)          0.410     0.410    source_bank/clk
    SLICE_X16Y12         FDRE                                         r  source_bank/metadata_in_hold_reg[50]/C
  -------------------------------------------------------------------    -------------------
    SLICE_X16Y12         FDRE (Prop_fdre_C_Q)         0.148     0.558 r  source_bank/metadata_in_hold_reg[50]/Q
                         net (fo=2, routed)           0.076     0.634    source_bank/metadata_in_hold[50]
    SLICE_X17Y12         FDRE                                         r  source_bank/metadata_out_hold_reg[50]/D
  -------------------------------------------------------------------    -------------------

                         (clock island_175 rise edge)
                                                      0.000     0.000 r  
                                                      0.000     0.000 r  fft_clk (IN)
                         net (fo=4836, unset)         0.432     0.432    source_bank/fft_clk
    SLICE_X17Y12         FDRE                                         r  source_bank/metadata_out_hold_reg[50]/C
                         clock pessimism              0.000     0.432    
                         clock uncertainty            0.035     0.467    
    SLICE_X17Y12         FDRE (Hold_fdre_C_D)         0.018     0.485    source_bank/metadata_out_hold_reg[50]
  -------------------------------------------------------------------
                         required time                         -0.485    
                         arrival time                           0.634    
  -------------------------------------------------------------------
                         slack                                  0.149    

Slack (MET) :             0.158ns  (arrival time - required time)
  Source:                 source_bank/metadata_in_hold_reg[5]/C
                            (rising edge-triggered cell FDRE clocked by source_100  {rise@0.000ns fall@5.000ns period=10.000ns})
  Destination:            source_bank/metadata_out_hold_reg[5]/D
                            (rising edge-triggered cell FDRE clocked by island_175  {rise@0.000ns fall@2.857ns period=5.714ns})
  Path Group:             island_175
  Path Type:              Hold (Min at Fast Process Corner)
  Requirement:            0.000ns  (island_175 rise@0.000ns - source_100 rise@0.000ns)
  Data Path Delay:        0.268ns  (logic 0.141ns (52.559%)  route 0.127ns (47.441%))
  Logic Levels:           0  
  Clock Path Skew:        0.022ns (DCD - SCD - CPR)
    Destination Clock Delay (DCD):    0.432ns
    Source Clock Delay      (SCD):    0.410ns
    Clock Pessimism Removal (CPR):    -0.000ns
  Clock Uncertainty:      0.035ns  ((TSJ^2 + TIJ^2)^1/2 + DJ) / 2 + PE
    Total System Jitter     (TSJ):    0.071ns
    Total Input Jitter      (TIJ):    0.000ns
    Discrete Jitter          (DJ):    0.000ns
    Phase Error              (PE):    0.000ns
  Clock Domain Crossing:  Inter clock paths are considered valid unless explicitly excluded by timing constraints such as set_clock_groups or set_false_path.

    Location             Delay type                Incr(ns)  Path(ns)    Netlist Resource(s)
  -------------------------------------------------------------------    -------------------
                         (clock source_100 rise edge)
                                                      0.000     0.000 r  
                                                      0.000     0.000 r  clk (IN)
                         net (fo=205, unset)          0.410     0.410    source_bank/clk
    SLICE_X17Y5          FDRE                                         r  source_bank/metadata_in_hold_reg[5]/C
  -------------------------------------------------------------------    -------------------
    SLICE_X17Y5          FDRE (Prop_fdre_C_Q)         0.141     0.551 r  source_bank/metadata_in_hold_reg[5]/Q
                         net (fo=2, routed)           0.127     0.678    source_bank/metadata_in_hold[5]
    SLICE_X16Y6          FDRE                                         r  source_bank/metadata_out_hold_reg[5]/D
  -------------------------------------------------------------------    -------------------

                         (clock island_175 rise edge)
                                                      0.000     0.000 r  
                                                      0.000     0.000 r  fft_clk (IN)
                         net (fo=4836, unset)         0.432     0.432    source_bank/fft_clk
    SLICE_X16Y6          FDRE                                         r  source_bank/metadata_out_hold_reg[5]/C
                         clock pessimism              0.000     0.432    
                         clock uncertainty            0.035     0.467    
    SLICE_X16Y6          FDRE (Hold_fdre_C_D)         0.053     0.520    source_bank/metadata_out_hold_reg[5]
  -------------------------------------------------------------------
                         required time                         -0.520    
                         arrival time                           0.678    
  -------------------------------------------------------------------
                         slack                                  0.158    

Slack (MET) :             0.159ns  (arrival time - required time)
  Source:                 source_bank/metadata_in_hold_reg[45]/C
                            (rising edge-triggered cell FDRE clocked by source_100  {rise@0.000ns fall@5.000ns period=10.000ns})
  Destination:            source_bank/metadata_out_hold_reg[45]/D
                            (rising edge-triggered cell FDRE clocked by island_175  {rise@0.000ns fall@2.857ns period=5.714ns})
  Path Group:             island_175
  Path Type:              Hold (Min at Fast Process Corner)
  Requirement:            0.000ns  (island_175 rise@0.000ns - source_100 rise@0.000ns)
  Data Path Delay:        0.292ns  (logic 0.164ns (56.106%)  route 0.128ns (43.894%))
  Logic Levels:           0  
  Clock Path Skew:        0.022ns (DCD - SCD - CPR)
    Destination Clock Delay (DCD):    0.432ns
    Source Clock Delay      (SCD):    0.410ns
    Clock Pessimism Removal (CPR):    -0.000ns
  Clock Uncertainty:      0.035ns  ((TSJ^2 + TIJ^2)^1/2 + DJ) / 2 + PE
    Total System Jitter     (TSJ):    0.071ns
    Total Input Jitter      (TIJ):    0.000ns
    Discrete Jitter          (DJ):    0.000ns
    Phase Error              (PE):    0.000ns
  Clock Domain Crossing:  Inter clock paths are considered valid unless explicitly excluded by timing constraints such as set_clock_groups or set_false_path.

    Location             Delay type                Incr(ns)  Path(ns)    Netlist Resource(s)
  -------------------------------------------------------------------    -------------------
                         (clock source_100 rise edge)
                                                      0.000     0.000 r  
                                                      0.000     0.000 r  clk (IN)
                         net (fo=205, unset)          0.410     0.410    source_bank/clk
    SLICE_X16Y12         FDRE                                         r  source_bank/metadata_in_hold_reg[45]/C
  -------------------------------------------------------------------    -------------------
    SLICE_X16Y12         FDRE (Prop_fdre_C_Q)         0.164     0.574 r  source_bank/metadata_in_hold_reg[45]/Q
                         net (fo=2, routed)           0.128     0.702    source_bank/metadata_in_hold[45]
    SLICE_X17Y12         FDRE                                         r  source_bank/metadata_out_hold_reg[45]/D
  -------------------------------------------------------------------    -------------------

                         (clock island_175 rise edge)
                                                      0.000     0.000 r  
                                                      0.000     0.000 r  fft_clk (IN)
                         net (fo=4836, unset)         0.432     0.432    source_bank/fft_clk
    SLICE_X17Y12         FDRE                                         r  source_bank/metadata_out_hold_reg[45]/C
                         clock pessimism              0.000     0.432    
                         clock uncertainty            0.035     0.467    
    SLICE_X17Y12         FDRE (Hold_fdre_C_D)         0.076     0.543    source_bank/metadata_out_hold_reg[45]
  -------------------------------------------------------------------
                         required time                         -0.543    
                         arrival time                           0.702    
  -------------------------------------------------------------------
                         slack                                  0.159    

Slack (MET) :             0.169ns  (arrival time - required time)
  Source:                 source_bank/metadata_in_hold_reg[10]/C
                            (rising edge-triggered cell FDRE clocked by source_100  {rise@0.000ns fall@5.000ns period=10.000ns})
  Destination:            source_bank/metadata_out_hold_reg[10]/D
                            (rising edge-triggered cell FDRE clocked by island_175  {rise@0.000ns fall@2.857ns period=5.714ns})
  Path Group:             island_175
  Path Type:              Hold (Min at Fast Process Corner)
  Requirement:            0.000ns  (island_175 rise@0.000ns - source_100 rise@0.000ns)
  Data Path Delay:        0.301ns  (logic 0.141ns (46.910%)  route 0.160ns (53.090%))
  Logic Levels:           0  
  Clock Path Skew:        0.022ns (DCD - SCD - CPR)
    Destination Clock Delay (DCD):    0.432ns
    Source Clock Delay      (SCD):    0.410ns
    Clock Pessimism Removal (CPR):    -0.000ns
  Clock Uncertainty:      0.035ns  ((TSJ^2 + TIJ^2)^1/2 + DJ) / 2 + PE
    Total System Jitter     (TSJ):    0.071ns
    Total Input Jitter      (TIJ):    0.000ns
    Discrete Jitter          (DJ):    0.000ns
    Phase Error              (PE):    0.000ns
  Clock Domain Crossing:  Inter clock paths are considered valid unless explicitly excluded by timing constraints such as set_clock_groups or set_false_path.

    Location             Delay type                Incr(ns)  Path(ns)    Netlist Resource(s)
  -------------------------------------------------------------------    -------------------
                         (clock source_100 rise edge)
                                                      0.000     0.000 r  
                                                      0.000     0.000 r  clk (IN)
                         net (fo=205, unset)          0.410     0.410    source_bank/clk
    SLICE_X17Y5          FDRE                                         r  source_bank/metadata_in_hold_reg[10]/C
  -------------------------------------------------------------------    -------------------
    SLICE_X17Y5          FDRE (Prop_fdre_C_Q)         0.141     0.551 r  source_bank/metadata_in_hold_reg[10]/Q
                         net (fo=2, routed)           0.160     0.711    source_bank/metadata_in_hold[10]
    SLICE_X16Y6          FDRE                                         r  source_bank/metadata_out_hold_reg[10]/D
  -------------------------------------------------------------------    -------------------

                         (clock island_175 rise edge)
                                                      0.000     0.000 r  
                                                      0.000     0.000 r  fft_clk (IN)
                         net (fo=4836, unset)         0.432     0.432    source_bank/fft_clk
    SLICE_X16Y6          FDRE                                         r  source_bank/metadata_out_hold_reg[10]/C
                         clock pessimism              0.000     0.432    
                         clock uncertainty            0.035     0.467    
    SLICE_X16Y6          FDRE (Hold_fdre_C_D)         0.075     0.542    source_bank/metadata_out_hold_reg[10]
  -------------------------------------------------------------------
                         required time                         -0.542    
                         arrival time                           0.711    
  -------------------------------------------------------------------
                         slack                                  0.169    

Slack (MET) :             0.171ns  (arrival time - required time)
  Source:                 source_bank/metadata_in_hold_reg[63]/C
                            (rising edge-triggered cell FDRE clocked by source_100  {rise@0.000ns fall@5.000ns period=10.000ns})
  Destination:            source_bank/metadata_out_hold_reg[63]/D
                            (rising edge-triggered cell FDRE clocked by island_175  {rise@0.000ns fall@2.857ns period=5.714ns})
  Path Group:             island_175
  Path Type:              Hold (Min at Fast Process Corner)
  Requirement:            0.000ns  (island_175 rise@0.000ns - source_100 rise@0.000ns)
  Data Path Delay:        0.291ns  (logic 0.164ns (56.286%)  route 0.127ns (43.714%))
  Logic Levels:           0  
  Clock Path Skew:        0.022ns (DCD - SCD - CPR)
    Destination Clock Delay (DCD):    0.432ns
    Source Clock Delay      (SCD):    0.410ns
    Clock Pessimism Removal (CPR):    -0.000ns
  Clock Uncertainty:      0.035ns  ((TSJ^2 + TIJ^2)^1/2 + DJ) / 2 + PE
    Total System Jitter     (TSJ):    0.071ns
    Total Input Jitter      (TIJ):    0.000ns
    Discrete Jitter          (DJ):    0.000ns
    Phase Error              (PE):    0.000ns
  Clock Domain Crossing:  Inter clock paths are considered valid unless explicitly excluded by timing constraints such as set_clock_groups or set_false_path.

    Location             Delay type                Incr(ns)  Path(ns)    Netlist Resource(s)
  -------------------------------------------------------------------    -------------------
                         (clock source_100 rise edge)
                                                      0.000     0.000 r  
                                                      0.000     0.000 r  clk (IN)
                         net (fo=205, unset)          0.410     0.410    source_bank/clk
    SLICE_X20Y15         FDRE                                         r  source_bank/metadata_in_hold_reg[63]/C
  -------------------------------------------------------------------    -------------------
    SLICE_X20Y15         FDRE (Prop_fdre_C_Q)         0.164     0.574 r  source_bank/metadata_in_hold_reg[63]/Q
                         net (fo=2, routed)           0.127     0.702    source_bank/metadata_in_hold[63]
    SLICE_X20Y14         FDRE                                         r  source_bank/metadata_out_hold_reg[63]/D
  -------------------------------------------------------------------    -------------------

                         (clock island_175 rise edge)
                                                      0.000     0.000 r  
                                                      0.000     0.000 r  fft_clk (IN)
                         net (fo=4836, unset)         0.432     0.432    source_bank/fft_clk
    SLICE_X20Y14         FDRE                                         r  source_bank/metadata_out_hold_reg[63]/C
                         clock pessimism              0.000     0.432    
                         clock uncertainty            0.035     0.467    
    SLICE_X20Y14         FDRE (Hold_fdre_C_D)         0.063     0.530    source_bank/metadata_out_hold_reg[63]
  -------------------------------------------------------------------
                         required time                         -0.530    
                         arrival time                           0.702    
  -------------------------------------------------------------------
                         slack                                  0.171    

Slack (MET) :             0.187ns  (arrival time - required time)
  Source:                 source_bank/metadata_in_hold_reg[60]/C
                            (rising edge-triggered cell FDRE clocked by source_100  {rise@0.000ns fall@5.000ns period=10.000ns})
  Destination:            source_bank/metadata_out_hold_reg[60]/D
                            (rising edge-triggered cell FDRE clocked by island_175  {rise@0.000ns fall@2.857ns period=5.714ns})
  Path Group:             island_175
  Path Type:              Hold (Min at Fast Process Corner)
  Requirement:            0.000ns  (island_175 rise@0.000ns - source_100 rise@0.000ns)
  Data Path Delay:        0.314ns  (logic 0.141ns (44.897%)  route 0.173ns (55.103%))
  Logic Levels:           0  
  Clock Path Skew:        0.022ns (DCD - SCD - CPR)
    Destination Clock Delay (DCD):    0.432ns
    Source Clock Delay      (SCD):    0.410ns
    Clock Pessimism Removal (CPR):    -0.000ns
  Clock Uncertainty:      0.035ns  ((TSJ^2 + TIJ^2)^1/2 + DJ) / 2 + PE
    Total System Jitter     (TSJ):    0.071ns
    Total Input Jitter      (TIJ):    0.000ns
    Discrete Jitter          (DJ):    0.000ns
    Phase Error              (PE):    0.000ns
  Clock Domain Crossing:  Inter clock paths are considered valid unless explicitly excluded by timing constraints such as set_clock_groups or set_false_path.

    Location             Delay type                Incr(ns)  Path(ns)    Netlist Resource(s)
  -------------------------------------------------------------------    -------------------
                         (clock source_100 rise edge)
                                                      0.000     0.000 r  
                                                      0.000     0.000 r  clk (IN)
                         net (fo=205, unset)          0.410     0.410    source_bank/clk
    SLICE_X15Y11         FDRE                                         r  source_bank/metadata_in_hold_reg[60]/C
  -------------------------------------------------------------------    -------------------
    SLICE_X15Y11         FDRE (Prop_fdre_C_Q)         0.141     0.551 r  source_bank/metadata_in_hold_reg[60]/Q
                         net (fo=2, routed)           0.173     0.724    source_bank/metadata_in_hold[60]
    SLICE_X19Y12         FDRE                                         r  source_bank/metadata_out_hold_reg[60]/D
  -------------------------------------------------------------------    -------------------

                         (clock island_175 rise edge)
                                                      0.000     0.000 r  
                                                      0.000     0.000 r  fft_clk (IN)
                         net (fo=4836, unset)         0.432     0.432    source_bank/fft_clk
    SLICE_X19Y12         FDRE                                         r  source_bank/metadata_out_hold_reg[60]/C
                         clock pessimism              0.000     0.432    
                         clock uncertainty            0.035     0.467    
    SLICE_X19Y12         FDRE (Hold_fdre_C_D)         0.070     0.537    source_bank/metadata_out_hold_reg[60]
  -------------------------------------------------------------------
                         required time                         -0.537    
                         arrival time                           0.724    
  -------------------------------------------------------------------
                         slack                                  0.187    

Slack (MET) :             0.187ns  (arrival time - required time)
  Source:                 source_bank/metadata_in_hold_reg[41]/C
                            (rising edge-triggered cell FDRE clocked by source_100  {rise@0.000ns fall@5.000ns period=10.000ns})
  Destination:            source_bank/metadata_out_hold_reg[41]/D
                            (rising edge-triggered cell FDRE clocked by island_175  {rise@0.000ns fall@2.857ns period=5.714ns})
  Path Group:             island_175
  Path Type:              Hold (Min at Fast Process Corner)
  Requirement:            0.000ns  (island_175 rise@0.000ns - source_100 rise@0.000ns)
  Data Path Delay:        0.261ns  (logic 0.128ns (49.029%)  route 0.133ns (50.971%))
  Logic Levels:           0  
  Clock Path Skew:        0.022ns (DCD - SCD - CPR)
    Destination Clock Delay (DCD):    0.432ns
    Source Clock Delay      (SCD):    0.410ns
    Clock Pessimism Removal (CPR):    -0.000ns
  Clock Uncertainty:      0.035ns  ((TSJ^2 + TIJ^2)^1/2 + DJ) / 2 + PE
    Total System Jitter     (TSJ):    0.071ns
    Total Input Jitter      (TIJ):    0.000ns
    Discrete Jitter          (DJ):    0.000ns
    Phase Error              (PE):    0.000ns
  Clock Domain Crossing:  Inter clock paths are considered valid unless explicitly excluded by timing constraints such as set_clock_groups or set_false_path.

    Location             Delay type                Incr(ns)  Path(ns)    Netlist Resource(s)
  -------------------------------------------------------------------    -------------------
                         (clock source_100 rise edge)
                                                      0.000     0.000 r  
                                                      0.000     0.000 r  clk (IN)
                         net (fo=205, unset)          0.410     0.410    source_bank/clk
    SLICE_X14Y9          FDRE                                         r  source_bank/metadata_in_hold_reg[41]/C
  -------------------------------------------------------------------    -------------------
    SLICE_X14Y9          FDRE (Prop_fdre_C_Q)         0.128     0.538 r  source_bank/metadata_in_hold_reg[41]/Q
                         net (fo=2, routed)           0.133     0.671    source_bank/metadata_in_hold[41]
    SLICE_X17Y10         FDRE                                         r  source_bank/metadata_out_hold_reg[41]/D
  -------------------------------------------------------------------    -------------------

                         (clock island_175 rise edge)
                                                      0.000     0.000 r  
                                                      0.000     0.000 r  fft_clk (IN)
                         net (fo=4836, unset)         0.432     0.432    source_bank/fft_clk
    SLICE_X17Y10         FDRE                                         r  source_bank/metadata_out_hold_reg[41]/C
                         clock pessimism              0.000     0.432    
                         clock uncertainty            0.035     0.467    
    SLICE_X17Y10         FDRE (Hold_fdre_C_D)         0.017     0.484    source_bank/metadata_out_hold_reg[41]
  -------------------------------------------------------------------
                         required time                         -0.484    
                         arrival time                           0.671    
  -------------------------------------------------------------------
                         slack                                  0.187    

Slack (MET) :             0.188ns  (arrival time - required time)
  Source:                 source_bank/metadata_in_hold_reg[48]/C
                            (rising edge-triggered cell FDRE clocked by source_100  {rise@0.000ns fall@5.000ns period=10.000ns})
  Destination:            source_bank/metadata_out_hold_reg[48]/D
                            (rising edge-triggered cell FDRE clocked by island_175  {rise@0.000ns fall@2.857ns period=5.714ns})
  Path Group:             island_175
  Path Type:              Hold (Min at Fast Process Corner)
  Requirement:            0.000ns  (island_175 rise@0.000ns - source_100 rise@0.000ns)
  Data Path Delay:        0.262ns  (logic 0.128ns (48.941%)  route 0.134ns (51.059%))
  Logic Levels:           0  
  Clock Path Skew:        0.022ns (DCD - SCD - CPR)
    Destination Clock Delay (DCD):    0.432ns
    Source Clock Delay      (SCD):    0.410ns
    Clock Pessimism Removal (CPR):    -0.000ns
  Clock Uncertainty:      0.035ns  ((TSJ^2 + TIJ^2)^1/2 + DJ) / 2 + PE
    Total System Jitter     (TSJ):    0.071ns
    Total Input Jitter      (TIJ):    0.000ns
    Discrete Jitter          (DJ):    0.000ns
    Phase Error              (PE):    0.000ns
  Clock Domain Crossing:  Inter clock paths are considered valid unless explicitly excluded by timing constraints such as set_clock_groups or set_false_path.

    Location             Delay type                Incr(ns)  Path(ns)    Netlist Resource(s)
  -------------------------------------------------------------------    -------------------
                         (clock source_100 rise edge)
                                                      0.000     0.000 r  
                                                      0.000     0.000 r  clk (IN)
                         net (fo=205, unset)          0.410     0.410    source_bank/clk
    SLICE_X14Y10         FDRE                                         r  source_bank/metadata_in_hold_reg[48]/C
  -------------------------------------------------------------------    -------------------
    SLICE_X14Y10         FDRE (Prop_fdre_C_Q)         0.128     0.538 r  source_bank/metadata_in_hold_reg[48]/Q
                         net (fo=2, routed)           0.134     0.672    source_bank/metadata_in_hold[48]
    SLICE_X17Y10         FDRE                                         r  source_bank/metadata_out_hold_reg[48]/D
  -------------------------------------------------------------------    -------------------

                         (clock island_175 rise edge)
                                                      0.000     0.000 r  
                                                      0.000     0.000 r  fft_clk (IN)
                         net (fo=4836, unset)         0.432     0.432    source_bank/fft_clk
    SLICE_X17Y10         FDRE                                         r  source_bank/metadata_out_hold_reg[48]/C
                         clock pessimism              0.000     0.432    
                         clock uncertainty            0.035     0.467    
    SLICE_X17Y10         FDRE (Hold_fdre_C_D)         0.017     0.484    source_bank/metadata_out_hold_reg[48]
  -------------------------------------------------------------------
                         required time                         -0.484    
                         arrival time                           0.672    
  -------------------------------------------------------------------
                         slack                                  0.188    

Slack (MET) :             0.188ns  (arrival time - required time)
  Source:                 source_bank/metadata_in_hold_reg[42]/C
                            (rising edge-triggered cell FDRE clocked by source_100  {rise@0.000ns fall@5.000ns period=10.000ns})
  Destination:            source_bank/metadata_out_hold_reg[42]/D
                            (rising edge-triggered cell FDRE clocked by island_175  {rise@0.000ns fall@2.857ns period=5.714ns})
  Path Group:             island_175
  Path Type:              Hold (Min at Fast Process Corner)
  Requirement:            0.000ns  (island_175 rise@0.000ns - source_100 rise@0.000ns)
  Data Path Delay:        0.258ns  (logic 0.128ns (49.605%)  route 0.130ns (50.395%))
  Logic Levels:           0  
  Clock Path Skew:        0.022ns (DCD - SCD - CPR)
    Destination Clock Delay (DCD):    0.432ns
    Source Clock Delay      (SCD):    0.410ns
    Clock Pessimism Removal (CPR):    -0.000ns
  Clock Uncertainty:      0.035ns  ((TSJ^2 + TIJ^2)^1/2 + DJ) / 2 + PE
    Total System Jitter     (TSJ):    0.071ns
    Total Input Jitter      (TIJ):    0.000ns
    Discrete Jitter          (DJ):    0.000ns
    Phase Error              (PE):    0.000ns
  Clock Domain Crossing:  Inter clock paths are considered valid unless explicitly excluded by timing constraints such as set_clock_groups or set_false_path.

    Location             Delay type                Incr(ns)  Path(ns)    Netlist Resource(s)
  -------------------------------------------------------------------    -------------------
                         (clock source_100 rise edge)
                                                      0.000     0.000 r  
                                                      0.000     0.000 r  clk (IN)
                         net (fo=205, unset)          0.410     0.410    source_bank/clk
    SLICE_X14Y11         FDRE                                         r  source_bank/metadata_in_hold_reg[42]/C
  -------------------------------------------------------------------    -------------------
    SLICE_X14Y11         FDRE (Prop_fdre_C_Q)         0.128     0.538 r  source_bank/metadata_in_hold_reg[42]/Q
                         net (fo=2, routed)           0.130     0.668    source_bank/metadata_in_hold[42]
    SLICE_X17Y10         FDRE                                         r  source_bank/metadata_out_hold_reg[42]/D
  -------------------------------------------------------------------    -------------------

                         (clock island_175 rise edge)
                                                      0.000     0.000 r  
                                                      0.000     0.000 r  fft_clk (IN)
                         net (fo=4836, unset)         0.432     0.432    source_bank/fft_clk
    SLICE_X17Y10         FDRE                                         r  source_bank/metadata_out_hold_reg[42]/C
                         clock pessimism              0.000     0.432    
                         clock uncertainty            0.035     0.467    
    SLICE_X17Y10         FDRE (Hold_fdre_C_D)         0.013     0.480    source_bank/metadata_out_hold_reg[42]
  -------------------------------------------------------------------
                         required time                         -0.480    
                         arrival time                           0.668    
  -------------------------------------------------------------------
                         slack                                  0.188    

Slack (MET) :             0.189ns  (arrival time - required time)
  Source:                 source_bank/metadata_in_hold_reg[16]/C
                            (rising edge-triggered cell FDRE clocked by source_100  {rise@0.000ns fall@5.000ns period=10.000ns})
  Destination:            source_bank/metadata_out_hold_reg[16]/D
                            (rising edge-triggered cell FDRE clocked by island_175  {rise@0.000ns fall@2.857ns period=5.714ns})
  Path Group:             island_175
  Path Type:              Hold (Min at Fast Process Corner)
  Requirement:            0.000ns  (island_175 rise@0.000ns - source_100 rise@0.000ns)
  Data Path Delay:        0.251ns  (logic 0.128ns (50.896%)  route 0.123ns (49.104%))
  Logic Levels:           0  
  Clock Path Skew:        0.022ns (DCD - SCD - CPR)
    Destination Clock Delay (DCD):    0.432ns
    Source Clock Delay      (SCD):    0.410ns
    Clock Pessimism Removal (CPR):    -0.000ns
  Clock Uncertainty:      0.035ns  ((TSJ^2 + TIJ^2)^1/2 + DJ) / 2 + PE
    Total System Jitter     (TSJ):    0.071ns
    Total Input Jitter      (TIJ):    0.000ns
    Discrete Jitter          (DJ):    0.000ns
    Phase Error              (PE):    0.000ns
  Clock Domain Crossing:  Inter clock paths are considered valid unless explicitly excluded by timing constraints such as set_clock_groups or set_false_path.

    Location             Delay type                Incr(ns)  Path(ns)    Netlist Resource(s)
  -------------------------------------------------------------------    -------------------
                         (clock source_100 rise edge)
                                                      0.000     0.000 r  
                                                      0.000     0.000 r  clk (IN)
                         net (fo=205, unset)          0.410     0.410    source_bank/clk
    SLICE_X17Y5          FDRE                                         r  source_bank/metadata_in_hold_reg[16]/C
  -------------------------------------------------------------------    -------------------
    SLICE_X17Y5          FDRE (Prop_fdre_C_Q)         0.128     0.538 r  source_bank/metadata_in_hold_reg[16]/Q
                         net (fo=2, routed)           0.123     0.662    source_bank/metadata_in_hold[16]
    SLICE_X16Y6          FDRE                                         r  source_bank/metadata_out_hold_reg[16]/D
  -------------------------------------------------------------------    -------------------

                         (clock island_175 rise edge)
                                                      0.000     0.000 r  
                                                      0.000     0.000 r  fft_clk (IN)
                         net (fo=4836, unset)         0.432     0.432    source_bank/fft_clk
    SLICE_X16Y6          FDRE                                         r  source_bank/metadata_out_hold_reg[16]/C
                         clock pessimism              0.000     0.432    
                         clock uncertainty            0.035     0.467    
    SLICE_X16Y6          FDRE (Hold_fdre_C_D)         0.006     0.473    source_bank/metadata_out_hold_reg[16]
  -------------------------------------------------------------------
                         required time                         -0.473    
                         arrival time                           0.662    
  -------------------------------------------------------------------
                         slack                                  0.189    

Slack (MET) :             0.193ns  (arrival time - required time)
  Source:                 source_bank/metadata_in_hold_reg[14]/C
                            (rising edge-triggered cell FDRE clocked by source_100  {rise@0.000ns fall@5.000ns period=10.000ns})
  Destination:            source_bank/metadata_out_hold_reg[14]/D
                            (rising edge-triggered cell FDRE clocked by island_175  {rise@0.000ns fall@2.857ns period=5.714ns})
  Path Group:             island_175
  Path Type:              Hold (Min at Fast Process Corner)
  Requirement:            0.000ns  (island_175 rise@0.000ns - source_100 rise@0.000ns)
  Data Path Delay:        0.260ns  (logic 0.128ns (49.283%)  route 0.132ns (50.717%))
  Logic Levels:           0  
  Clock Path Skew:        0.022ns (DCD - SCD - CPR)
    Destination Clock Delay (DCD):    0.432ns
    Source Clock Delay      (SCD):    0.410ns
    Clock Pessimism Removal (CPR):    -0.000ns
  Clock Uncertainty:      0.035ns  ((TSJ^2 + TIJ^2)^1/2 + DJ) / 2 + PE
    Total System Jitter     (TSJ):    0.071ns
    Total Input Jitter      (TIJ):    0.000ns
    Discrete Jitter          (DJ):    0.000ns
    Phase Error              (PE):    0.000ns
  Clock Domain Crossing:  Inter clock paths are considered valid unless explicitly excluded by timing constraints such as set_clock_groups or set_false_path.

    Location             Delay type                Incr(ns)  Path(ns)    Netlist Resource(s)
  -------------------------------------------------------------------    -------------------
                         (clock source_100 rise edge)
                                                      0.000     0.000 r  
                                                      0.000     0.000 r  clk (IN)
                         net (fo=205, unset)          0.410     0.410    source_bank/clk
    SLICE_X17Y5          FDRE                                         r  source_bank/metadata_in_hold_reg[14]/C
  -------------------------------------------------------------------    -------------------
    SLICE_X17Y5          FDRE (Prop_fdre_C_Q)         0.128     0.538 r  source_bank/metadata_in_hold_reg[14]/Q
                         net (fo=2, routed)           0.132     0.670    source_bank/metadata_in_hold[14]
    SLICE_X16Y6          FDRE                                         r  source_bank/metadata_out_hold_reg[14]/D
  -------------------------------------------------------------------    -------------------

                         (clock island_175 rise edge)
                                                      0.000     0.000 r  
                                                      0.000     0.000 r  fft_clk (IN)
                         net (fo=4836, unset)         0.432     0.432    source_bank/fft_clk
    SLICE_X16Y6          FDRE                                         r  source_bank/metadata_out_hold_reg[14]/C
                         clock pessimism              0.000     0.432    
                         clock uncertainty            0.035     0.467    
    SLICE_X16Y6          FDRE (Hold_fdre_C_D)         0.010     0.477    source_bank/metadata_out_hold_reg[14]
  -------------------------------------------------------------------
                         required time                         -0.477    
                         arrival time                           0.670    
  -------------------------------------------------------------------
                         slack                                  0.193    

Slack (MET) :             0.193ns  (arrival time - required time)
  Source:                 source_bank/metadata_in_hold_reg[49]/C
                            (rising edge-triggered cell FDRE clocked by source_100  {rise@0.000ns fall@5.000ns period=10.000ns})
  Destination:            source_bank/metadata_out_hold_reg[49]/D
                            (rising edge-triggered cell FDRE clocked by island_175  {rise@0.000ns fall@2.857ns period=5.714ns})
  Path Group:             island_175
  Path Type:              Hold (Min at Fast Process Corner)
  Requirement:            0.000ns  (island_175 rise@0.000ns - source_100 rise@0.000ns)
  Data Path Delay:        0.320ns  (logic 0.141ns (44.068%)  route 0.179ns (55.932%))
  Logic Levels:           0  
  Clock Path Skew:        0.022ns (DCD - SCD - CPR)
    Destination Clock Delay (DCD):    0.432ns
    Source Clock Delay      (SCD):    0.410ns
    Clock Pessimism Removal (CPR):    -0.000ns
  Clock Uncertainty:      0.035ns  ((TSJ^2 + TIJ^2)^1/2 + DJ) / 2 + PE
    Total System Jitter     (TSJ):    0.071ns
    Total Input Jitter      (TIJ):    0.000ns
    Discrete Jitter          (DJ):    0.000ns
    Phase Error              (PE):    0.000ns
  Clock Domain Crossing:  Inter clock paths are considered valid unless explicitly excluded by timing constraints such as set_clock_groups or set_false_path.

    Location             Delay type                Incr(ns)  Path(ns)    Netlist Resource(s)
  -------------------------------------------------------------------    -------------------
                         (clock source_100 rise edge)
                                                      0.000     0.000 r  
                                                      0.000     0.000 r  clk (IN)
                         net (fo=205, unset)          0.410     0.410    source_bank/clk
    SLICE_X15Y11         FDRE                                         r  source_bank/metadata_in_hold_reg[49]/C
  -------------------------------------------------------------------    -------------------
    SLICE_X15Y11         FDRE (Prop_fdre_C_Q)         0.141     0.551 r  source_bank/metadata_in_hold_reg[49]/Q
                         net (fo=2, routed)           0.179     0.730    source_bank/metadata_in_hold[49]
    SLICE_X17Y12         FDRE                                         r  source_bank/metadata_out_hold_reg[49]/D
  -------------------------------------------------------------------    -------------------

                         (clock island_175 rise edge)
                                                      0.000     0.000 r  
                                                      0.000     0.000 r  fft_clk (IN)
                         net (fo=4836, unset)         0.432     0.432    source_bank/fft_clk
    SLICE_X17Y12         FDRE                                         r  source_bank/metadata_out_hold_reg[49]/C
                         clock pessimism              0.000     0.432    
                         clock uncertainty            0.035     0.467    
    SLICE_X17Y12         FDRE (Hold_fdre_C_D)         0.070     0.537    source_bank/metadata_out_hold_reg[49]
  -------------------------------------------------------------------
                         required time                         -0.537    
                         arrival time                           0.730    
  -------------------------------------------------------------------
                         slack                                  0.193    

Slack (MET) :             0.193ns  (arrival time - required time)
  Source:                 source_bank/metadata_in_hold_reg[64]/C
                            (rising edge-triggered cell FDRE clocked by source_100  {rise@0.000ns fall@5.000ns period=10.000ns})
  Destination:            source_bank/metadata_out_hold_reg[64]/D
                            (rising edge-triggered cell FDRE clocked by island_175  {rise@0.000ns fall@2.857ns period=5.714ns})
  Path Group:             island_175
  Path Type:              Hold (Min at Fast Process Corner)
  Requirement:            0.000ns  (island_175 rise@0.000ns - source_100 rise@0.000ns)
  Data Path Delay:        0.297ns  (logic 0.141ns (47.470%)  route 0.156ns (52.530%))
  Logic Levels:           0  
  Clock Path Skew:        0.022ns (DCD - SCD - CPR)
    Destination Clock Delay (DCD):    0.432ns
    Source Clock Delay      (SCD):    0.410ns
    Clock Pessimism Removal (CPR):    -0.000ns
  Clock Uncertainty:      0.035ns  ((TSJ^2 + TIJ^2)^1/2 + DJ) / 2 + PE
    Total System Jitter     (TSJ):    0.071ns
    Total Input Jitter      (TIJ):    0.000ns
    Discrete Jitter          (DJ):    0.000ns
    Phase Error              (PE):    0.000ns
  Clock Domain Crossing:  Inter clock paths are considered valid unless explicitly excluded by timing constraints such as set_clock_groups or set_false_path.

    Location             Delay type                Incr(ns)  Path(ns)    Netlist Resource(s)
  -------------------------------------------------------------------    -------------------
                         (clock source_100 rise edge)
                                                      0.000     0.000 r  
                                                      0.000     0.000 r  clk (IN)
                         net (fo=205, unset)          0.410     0.410    source_bank/clk
    SLICE_X15Y11         FDRE                                         r  source_bank/metadata_in_hold_reg[64]/C
  -------------------------------------------------------------------    -------------------
    SLICE_X15Y11         FDRE (Prop_fdre_C_Q)         0.141     0.551 r  source_bank/metadata_in_hold_reg[64]/Q
                         net (fo=2, routed)           0.156     0.707    source_bank/metadata_in_hold[64]
    SLICE_X17Y12         FDRE                                         r  source_bank/metadata_out_hold_reg[64]/D
  -------------------------------------------------------------------    -------------------

                         (clock island_175 rise edge)
                                                      0.000     0.000 r  
                                                      0.000     0.000 r  fft_clk (IN)
                         net (fo=4836, unset)         0.432     0.432    source_bank/fft_clk
    SLICE_X17Y12         FDRE                                         r  source_bank/metadata_out_hold_reg[64]/C
                         clock pessimism              0.000     0.432    
                         clock uncertainty            0.035     0.467    
    SLICE_X17Y12         FDRE (Hold_fdre_C_D)         0.047     0.514    source_bank/metadata_out_hold_reg[64]
  -------------------------------------------------------------------
                         required time                         -0.514    
                         arrival time                           0.707    
  -------------------------------------------------------------------
                         slack                                  0.193    

Slack (MET) :             0.196ns  (arrival time - required time)
  Source:                 source_bank/metadata_in_hold_reg[52]/C
                            (rising edge-triggered cell FDRE clocked by source_100  {rise@0.000ns fall@5.000ns period=10.000ns})
  Destination:            source_bank/metadata_out_hold_reg[52]/D
                            (rising edge-triggered cell FDRE clocked by island_175  {rise@0.000ns fall@2.857ns period=5.714ns})
  Path Group:             island_175
  Path Type:              Hold (Min at Fast Process Corner)
  Requirement:            0.000ns  (island_175 rise@0.000ns - source_100 rise@0.000ns)
  Data Path Delay:        0.325ns  (logic 0.141ns (43.370%)  route 0.184ns (56.630%))
  Logic Levels:           0  
  Clock Path Skew:        0.022ns (DCD - SCD - CPR)
    Destination Clock Delay (DCD):    0.432ns
    Source Clock Delay      (SCD):    0.410ns
    Clock Pessimism Removal (CPR):    -0.000ns
  Clock Uncertainty:      0.035ns  ((TSJ^2 + TIJ^2)^1/2 + DJ) / 2 + PE
    Total System Jitter     (TSJ):    0.071ns
    Total Input Jitter      (TIJ):    0.000ns
    Discrete Jitter          (DJ):    0.000ns
    Phase Error              (PE):    0.000ns
  Clock Domain Crossing:  Inter clock paths are considered valid unless explicitly excluded by timing constraints such as set_clock_groups or set_false_path.

    Location             Delay type                Incr(ns)  Path(ns)    Netlist Resource(s)
  -------------------------------------------------------------------    -------------------
                         (clock source_100 rise edge)
                                                      0.000     0.000 r  
                                                      0.000     0.000 r  clk (IN)
                         net (fo=205, unset)          0.410     0.410    source_bank/clk
    SLICE_X14Y10         FDRE                                         r  source_bank/metadata_in_hold_reg[52]/C
  -------------------------------------------------------------------    -------------------
    SLICE_X14Y10         FDRE (Prop_fdre_C_Q)         0.141     0.551 r  source_bank/metadata_in_hold_reg[52]/Q
                         net (fo=2, routed)           0.184     0.735    source_bank/metadata_in_hold[52]
    SLICE_X17Y10         FDRE                                         r  source_bank/metadata_out_hold_reg[52]/D
  -------------------------------------------------------------------    -------------------

                         (clock island_175 rise edge)
                                                      0.000     0.000 r  
                                                      0.000     0.000 r  fft_clk (IN)
                         net (fo=4836, unset)         0.432     0.432    source_bank/fft_clk
    SLICE_X17Y10         FDRE                                         r  source_bank/metadata_out_hold_reg[52]/C
                         clock pessimism              0.000     0.432    
                         clock uncertainty            0.035     0.467    
    SLICE_X17Y10         FDRE (Hold_fdre_C_D)         0.072     0.539    source_bank/metadata_out_hold_reg[52]
  -------------------------------------------------------------------
                         required time                         -0.539    
                         arrival time                           0.735    
  -------------------------------------------------------------------
                         slack                                  0.196    

Slack (MET) :             0.200ns  (arrival time - required time)
  Source:                 source_bank/metadata_in_hold_reg[51]/C
                            (rising edge-triggered cell FDRE clocked by source_100  {rise@0.000ns fall@5.000ns period=10.000ns})
  Destination:            source_bank/metadata_out_hold_reg[51]/D
                            (rising edge-triggered cell FDRE clocked by island_175  {rise@0.000ns fall@2.857ns period=5.714ns})
  Path Group:             island_175
  Path Type:              Hold (Min at Fast Process Corner)
  Requirement:            0.000ns  (island_175 rise@0.000ns - source_100 rise@0.000ns)
  Data Path Delay:        0.320ns  (logic 0.141ns (44.058%)  route 0.179ns (55.942%))
  Logic Levels:           0  
  Clock Path Skew:        0.022ns (DCD - SCD - CPR)
    Destination Clock Delay (DCD):    0.432ns
    Source Clock Delay      (SCD):    0.410ns
    Clock Pessimism Removal (CPR):    -0.000ns
  Clock Uncertainty:      0.035ns  ((TSJ^2 + TIJ^2)^1/2 + DJ) / 2 + PE
    Total System Jitter     (TSJ):    0.071ns
    Total Input Jitter      (TIJ):    0.000ns
    Discrete Jitter          (DJ):    0.000ns
    Phase Error              (PE):    0.000ns
  Clock Domain Crossing:  Inter clock paths are considered valid unless explicitly excluded by timing constraints such as set_clock_groups or set_false_path.

    Location             Delay type                Incr(ns)  Path(ns)    Netlist Resource(s)
  -------------------------------------------------------------------    -------------------
                         (clock source_100 rise edge)
                                                      0.000     0.000 r  
                                                      0.000     0.000 r  clk (IN)
                         net (fo=205, unset)          0.410     0.410    source_bank/clk
    SLICE_X14Y10         FDRE                                         r  source_bank/metadata_in_hold_reg[51]/C
  -------------------------------------------------------------------    -------------------
    SLICE_X14Y10         FDRE (Prop_fdre_C_Q)         0.141     0.551 r  source_bank/metadata_in_hold_reg[51]/Q
                         net (fo=2, routed)           0.179     0.730    source_bank/metadata_in_hold[51]
    SLICE_X16Y10         FDRE                                         r  source_bank/metadata_out_hold_reg[51]/D
  -------------------------------------------------------------------    -------------------

                         (clock island_175 rise edge)
                                                      0.000     0.000 r  
                                                      0.000     0.000 r  fft_clk (IN)
                         net (fo=4836, unset)         0.432     0.432    source_bank/fft_clk
    SLICE_X16Y10         FDRE                                         r  source_bank/metadata_out_hold_reg[51]/C
                         clock pessimism              0.000     0.432    
                         clock uncertainty            0.035     0.467    
    SLICE_X16Y10         FDRE (Hold_fdre_C_D)         0.063     0.530    source_bank/metadata_out_hold_reg[51]
  -------------------------------------------------------------------
                         required time                         -0.530    
                         arrival time                           0.730    
  -------------------------------------------------------------------
                         slack                                  0.200    

Slack (MET) :             0.201ns  (arrival time - required time)
  Source:                 source_bank/metadata_in_hold_reg[6]/C
                            (rising edge-triggered cell FDRE clocked by source_100  {rise@0.000ns fall@5.000ns period=10.000ns})
  Destination:            source_bank/metadata_out_hold_reg[6]/D
                            (rising edge-triggered cell FDRE clocked by island_175  {rise@0.000ns fall@2.857ns period=5.714ns})
  Path Group:             island_175
  Path Type:              Hold (Min at Fast Process Corner)
  Requirement:            0.000ns  (island_175 rise@0.000ns - source_100 rise@0.000ns)
  Data Path Delay:        0.317ns  (logic 0.141ns (44.534%)  route 0.176ns (55.466%))
  Logic Levels:           0  
  Clock Path Skew:        0.022ns (DCD - SCD - CPR)
    Destination Clock Delay (DCD):    0.432ns
    Source Clock Delay      (SCD):    0.410ns
    Clock Pessimism Removal (CPR):    -0.000ns
  Clock Uncertainty:      0.035ns  ((TSJ^2 + TIJ^2)^1/2 + DJ) / 2 + PE
    Total System Jitter     (TSJ):    0.071ns
    Total Input Jitter      (TIJ):    0.000ns
    Discrete Jitter          (DJ):    0.000ns
    Phase Error              (PE):    0.000ns
  Clock Domain Crossing:  Inter clock paths are considered valid unless explicitly excluded by timing constraints such as set_clock_groups or set_false_path.

    Location             Delay type                Incr(ns)  Path(ns)    Netlist Resource(s)
  -------------------------------------------------------------------    -------------------
                         (clock source_100 rise edge)
                                                      0.000     0.000 r  
                                                      0.000     0.000 r  clk (IN)
                         net (fo=205, unset)          0.410     0.410    source_bank/clk
    SLICE_X14Y2          FDRE                                         r  source_bank/metadata_in_hold_reg[6]/C
  -------------------------------------------------------------------    -------------------
    SLICE_X14Y2          FDRE (Prop_fdre_C_Q)         0.141     0.551 r  source_bank/metadata_in_hold_reg[6]/Q
                         net (fo=2, routed)           0.176     0.727    source_bank/metadata_in_hold[6]
    SLICE_X16Y2          FDRE                                         r  source_bank/metadata_out_hold_reg[6]/D
  -------------------------------------------------------------------    -------------------

                         (clock island_175 rise edge)
                                                      0.000     0.000 r  
                                                      0.000     0.000 r  fft_clk (IN)
                         net (fo=4836, unset)         0.432     0.432    source_bank/fft_clk
    SLICE_X16Y2          FDRE                                         r  source_bank/metadata_out_hold_reg[6]/C
                         clock pessimism              0.000     0.432    
                         clock uncertainty            0.035     0.467    
    SLICE_X16Y2          FDRE (Hold_fdre_C_D)         0.059     0.526    source_bank/metadata_out_hold_reg[6]
  -------------------------------------------------------------------
                         required time                         -0.526    
                         arrival time                           0.727    
  -------------------------------------------------------------------
                         slack                                  0.201    

Slack (MET) :             0.205ns  (arrival time - required time)
  Source:                 source_bank/metadata_in_hold_reg[8]/C
                            (rising edge-triggered cell FDRE clocked by source_100  {rise@0.000ns fall@5.000ns period=10.000ns})
  Destination:            source_bank/metadata_out_hold_reg[8]/D
                            (rising edge-triggered cell FDRE clocked by island_175  {rise@0.000ns fall@2.857ns period=5.714ns})
  Path Group:             island_175
  Path Type:              Hold (Min at Fast Process Corner)
  Requirement:            0.000ns  (island_175 rise@0.000ns - source_100 rise@0.000ns)
  Data Path Delay:        0.325ns  (logic 0.141ns (43.427%)  route 0.184ns (56.573%))
  Logic Levels:           0  
  Clock Path Skew:        0.022ns (DCD - SCD - CPR)
    Destination Clock Delay (DCD):    0.432ns
    Source Clock Delay      (SCD):    0.410ns
    Clock Pessimism Removal (CPR):    -0.000ns
  Clock Uncertainty:      0.035ns  ((TSJ^2 + TIJ^2)^1/2 + DJ) / 2 + PE
    Total System Jitter     (TSJ):    0.071ns
    Total Input Jitter      (TIJ):    0.000ns
    Discrete Jitter          (DJ):    0.000ns
    Phase Error              (PE):    0.000ns
  Clock Domain Crossing:  Inter clock paths are considered valid unless explicitly excluded by timing constraints such as set_clock_groups or set_false_path.

    Location             Delay type                Incr(ns)  Path(ns)    Netlist Resource(s)
  -------------------------------------------------------------------    -------------------
                         (clock source_100 rise edge)
                                                      0.000     0.000 r  
                                                      0.000     0.000 r  clk (IN)
                         net (fo=205, unset)          0.410     0.410    source_bank/clk
    SLICE_X14Y2          FDRE                                         r  source_bank/metadata_in_hold_reg[8]/C
  -------------------------------------------------------------------    -------------------
    SLICE_X14Y2          FDRE (Prop_fdre_C_Q)         0.141     0.551 r  source_bank/metadata_in_hold_reg[8]/Q
                         net (fo=2, routed)           0.184     0.735    source_bank/metadata_in_hold[8]
    SLICE_X16Y2          FDRE                                         r  source_bank/metadata_out_hold_reg[8]/D
  -------------------------------------------------------------------    -------------------

                         (clock island_175 rise edge)
                                                      0.000     0.000 r  
                                                      0.000     0.000 r  fft_clk (IN)
                         net (fo=4836, unset)         0.432     0.432    source_bank/fft_clk
    SLICE_X16Y2          FDRE                                         r  source_bank/metadata_out_hold_reg[8]/C
                         clock pessimism              0.000     0.432    
                         clock uncertainty            0.035     0.467    
    SLICE_X16Y2          FDRE (Hold_fdre_C_D)         0.063     0.530    source_bank/metadata_out_hold_reg[8]
  -------------------------------------------------------------------
                         required time                         -0.530    
                         arrival time                           0.735    
  -------------------------------------------------------------------
                         slack                                  0.205    

Slack (MET) :             0.206ns  (arrival time - required time)
  Source:                 source_bank/metadata_in_hold_reg[18]/C
                            (rising edge-triggered cell FDRE clocked by source_100  {rise@0.000ns fall@5.000ns period=10.000ns})
  Destination:            source_bank/metadata_out_hold_reg[18]/D
                            (rising edge-triggered cell FDRE clocked by island_175  {rise@0.000ns fall@2.857ns period=5.714ns})
  Path Group:             island_175
  Path Type:              Hold (Min at Fast Process Corner)
  Requirement:            0.000ns  (island_175 rise@0.000ns - source_100 rise@0.000ns)
  Data Path Delay:        0.326ns  (logic 0.141ns (43.208%)  route 0.185ns (56.792%))
  Logic Levels:           0  
  Clock Path Skew:        0.022ns (DCD - SCD - CPR)
    Destination Clock Delay (DCD):    0.432ns
    Source Clock Delay      (SCD):    0.410ns
    Clock Pessimism Removal (CPR):    -0.000ns
  Clock Uncertainty:      0.035ns  ((TSJ^2 + TIJ^2)^1/2 + DJ) / 2 + PE
    Total System Jitter     (TSJ):    0.071ns
    Total Input Jitter      (TIJ):    0.000ns
    Discrete Jitter          (DJ):    0.000ns
    Phase Error              (PE):    0.000ns
  Clock Domain Crossing:  Inter clock paths are considered valid unless explicitly excluded by timing constraints such as set_clock_groups or set_false_path.

    Location             Delay type                Incr(ns)  Path(ns)    Netlist Resource(s)
  -------------------------------------------------------------------    -------------------
                         (clock source_100 rise edge)
                                                      0.000     0.000 r  
                                                      0.000     0.000 r  clk (IN)
                         net (fo=205, unset)          0.410     0.410    source_bank/clk
    SLICE_X15Y4          FDRE                                         r  source_bank/metadata_in_hold_reg[18]/C
  -------------------------------------------------------------------    -------------------
    SLICE_X15Y4          FDRE (Prop_fdre_C_Q)         0.141     0.551 r  source_bank/metadata_in_hold_reg[18]/Q
                         net (fo=2, routed)           0.185     0.736    source_bank/metadata_in_hold[18]
    SLICE_X16Y7          FDRE                                         r  source_bank/metadata_out_hold_reg[18]/D
  -------------------------------------------------------------------    -------------------

                         (clock island_175 rise edge)
                                                      0.000     0.000 r  
                                                      0.000     0.000 r  fft_clk (IN)
                         net (fo=4836, unset)         0.432     0.432    source_bank/fft_clk
    SLICE_X16Y7          FDRE                                         r  source_bank/metadata_out_hold_reg[18]/C
                         clock pessimism              0.000     0.432    
                         clock uncertainty            0.035     0.467    
    SLICE_X16Y7          FDRE (Hold_fdre_C_D)         0.063     0.530    source_bank/metadata_out_hold_reg[18]
  -------------------------------------------------------------------
                         required time                         -0.530    
                         arrival time                           0.736    
  -------------------------------------------------------------------
                         slack                                  0.206    

Slack (MET) :             0.208ns  (arrival time - required time)
  Source:                 source_bank/metadata_in_hold_reg[54]/C
                            (rising edge-triggered cell FDRE clocked by source_100  {rise@0.000ns fall@5.000ns period=10.000ns})
  Destination:            source_bank/metadata_out_hold_reg[54]/D
                            (rising edge-triggered cell FDRE clocked by island_175  {rise@0.000ns fall@2.857ns period=5.714ns})
  Path Group:             island_175
  Path Type:              Hold (Min at Fast Process Corner)
  Requirement:            0.000ns  (island_175 rise@0.000ns - source_100 rise@0.000ns)
  Data Path Delay:        0.331ns  (logic 0.141ns (42.583%)  route 0.190ns (57.417%))
  Logic Levels:           0  
  Clock Path Skew:        0.022ns (DCD - SCD - CPR)
    Destination Clock Delay (DCD):    0.432ns
    Source Clock Delay      (SCD):    0.410ns
    Clock Pessimism Removal (CPR):    -0.000ns
  Clock Uncertainty:      0.035ns  ((TSJ^2 + TIJ^2)^1/2 + DJ) / 2 + PE
    Total System Jitter     (TSJ):    0.071ns
    Total Input Jitter      (TIJ):    0.000ns
    Discrete Jitter          (DJ):    0.000ns
    Phase Error              (PE):    0.000ns
  Clock Domain Crossing:  Inter clock paths are considered valid unless explicitly excluded by timing constraints such as set_clock_groups or set_false_path.

    Location             Delay type                Incr(ns)  Path(ns)    Netlist Resource(s)
  -------------------------------------------------------------------    -------------------
                         (clock source_100 rise edge)
                                                      0.000     0.000 r  
                                                      0.000     0.000 r  clk (IN)
                         net (fo=205, unset)          0.410     0.410    source_bank/clk
    SLICE_X14Y10         FDRE                                         r  source_bank/metadata_in_hold_reg[54]/C
  -------------------------------------------------------------------    -------------------
    SLICE_X14Y10         FDRE (Prop_fdre_C_Q)         0.141     0.551 r  source_bank/metadata_in_hold_reg[54]/Q
                         net (fo=2, routed)           0.190     0.741    source_bank/metadata_in_hold[54]
    SLICE_X19Y12         FDRE                                         r  source_bank/metadata_out_hold_reg[54]/D
  -------------------------------------------------------------------    -------------------

                         (clock island_175 rise edge)
                                                      0.000     0.000 r  
                                                      0.000     0.000 r  fft_clk (IN)
                         net (fo=4836, unset)         0.432     0.432    source_bank/fft_clk
    SLICE_X19Y12         FDRE                                         r  source_bank/metadata_out_hold_reg[54]/C
                         clock pessimism              0.000     0.432    
                         clock uncertainty            0.035     0.467    
    SLICE_X19Y12         FDRE (Hold_fdre_C_D)         0.066     0.533    source_bank/metadata_out_hold_reg[54]
  -------------------------------------------------------------------
                         required time                         -0.533    
                         arrival time                           0.741    
  -------------------------------------------------------------------
                         slack                                  0.208    





---------------------------------------------------------------------------------------------------
From Clock:  island_175
  To Clock:  source_100

Setup :           89  Failing Endpoints,  Worst Slack       -1.280ns,  Total Violation      -87.976ns
Hold  :            0  Failing Endpoints,  Worst Slack        0.074ns,  Total Violation        0.000ns
---------------------------------------------------------------------------------------------------


Max Delay Paths
--------------------------------------------------------------------------------------
Slack (VIOLATED) :        -1.280ns  (required time - arrival time)
  Source:                 output_bank/metadata_in_hold_reg[66]/C
                            (rising edge-triggered cell FDRE clocked by island_175  {rise@0.000ns fall@2.857ns period=5.714ns})
  Destination:            output_bank/metadata_out_hold_reg[66]/D
                            (rising edge-triggered cell FDRE clocked by source_100  {rise@0.000ns fall@5.000ns period=10.000ns})
  Path Group:             source_100
  Path Type:              Setup (Max at Slow Process Corner)
  Requirement:            0.002ns  (source_100 rise@40.000ns - island_175 rise@39.998ns)
  Data Path Delay:        1.140ns  (logic 0.518ns (45.436%)  route 0.622ns (54.564%))
  Logic Levels:           0  
  Clock Path Skew:        -0.049ns (DCD - SCD + CPR)
    Destination Clock Delay (DCD):    0.924ns = ( 40.924 - 40.000 ) 
    Source Clock Delay      (SCD):    0.973ns = ( 40.971 - 39.998 ) 
    Clock Pessimism Removal (CPR):    0.000ns
  Clock Uncertainty:      0.035ns  ((TSJ^2 + TIJ^2)^1/2 + DJ) / 2 + PE
    Total System Jitter     (TSJ):    0.071ns
    Total Input Jitter      (TIJ):    0.000ns
    Discrete Jitter          (DJ):    0.000ns
    Phase Error              (PE):    0.000ns
  Clock Domain Crossing:  Inter clock paths are considered valid unless explicitly excluded by timing constraints such as set_clock_groups or set_false_path.

    Location             Delay type                Incr(ns)  Path(ns)    Netlist Resource(s)
  -------------------------------------------------------------------    -------------------
                         (clock island_175 rise edge)
                                                     39.998    39.998 r  
                                                      0.000    39.998 r  fft_clk (IN)
                         net (fo=4836, unset)         0.973    40.971    output_bank/fft_clk
    SLICE_X30Y10         FDRE                                         r  output_bank/metadata_in_hold_reg[66]/C
  -------------------------------------------------------------------    -------------------
    SLICE_X30Y10         FDRE (Prop_fdre_C_Q)         0.518    41.489 r  output_bank/metadata_in_hold_reg[66]/Q
                         net (fo=2, routed)           0.622    42.111    output_bank/p_0_in61_in[0]
    SLICE_X31Y10         FDRE                                         r  output_bank/metadata_out_hold_reg[66]/D
  -------------------------------------------------------------------    -------------------

                         (clock source_100 rise edge)
                                                     40.000    40.000 r  
                                                      0.000    40.000 r  clk (IN)
                         net (fo=205, unset)          0.924    40.924    output_bank/clk
    SLICE_X31Y10         FDRE                                         r  output_bank/metadata_out_hold_reg[66]/C
                         clock pessimism              0.000    40.924    
                         clock uncertainty           -0.035    40.889    
    SLICE_X31Y10         FDRE (Setup_fdre_C_D)       -0.058    40.831    output_bank/metadata_out_hold_reg[66]
  -------------------------------------------------------------------
                         required time                         40.831    
                         arrival time                         -42.111    
  -------------------------------------------------------------------
                         slack                                 -1.280    

Slack (VIOLATED) :        -1.229ns  (required time - arrival time)
  Source:                 output_bank/metadata_in_hold_reg[61]/C
                            (rising edge-triggered cell FDRE clocked by island_175  {rise@0.000ns fall@2.857ns period=5.714ns})
  Destination:            output_bank/metadata_out_hold_reg[61]/D
                            (rising edge-triggered cell FDRE clocked by source_100  {rise@0.000ns fall@5.000ns period=10.000ns})
  Path Group:             source_100
  Path Type:              Setup (Max at Slow Process Corner)
  Requirement:            0.002ns  (source_100 rise@40.000ns - island_175 rise@39.998ns)
  Data Path Delay:        1.085ns  (logic 0.456ns (42.026%)  route 0.629ns (57.974%))
  Logic Levels:           0  
  Clock Path Skew:        -0.049ns (DCD - SCD + CPR)
    Destination Clock Delay (DCD):    0.924ns = ( 40.924 - 40.000 ) 
    Source Clock Delay      (SCD):    0.973ns = ( 40.971 - 39.998 ) 
    Clock Pessimism Removal (CPR):    0.000ns
  Clock Uncertainty:      0.035ns  ((TSJ^2 + TIJ^2)^1/2 + DJ) / 2 + PE
    Total System Jitter     (TSJ):    0.071ns
    Total Input Jitter      (TIJ):    0.000ns
    Discrete Jitter          (DJ):    0.000ns
    Phase Error              (PE):    0.000ns
  Clock Domain Crossing:  Inter clock paths are considered valid unless explicitly excluded by timing constraints such as set_clock_groups or set_false_path.

    Location             Delay type                Incr(ns)  Path(ns)    Netlist Resource(s)
  -------------------------------------------------------------------    -------------------
                         (clock island_175 rise edge)
                                                     39.998    39.998 r  
                                                      0.000    39.998 r  fft_clk (IN)
                         net (fo=4836, unset)         0.973    40.971    output_bank/fft_clk
    SLICE_X36Y16         FDRE                                         r  output_bank/metadata_in_hold_reg[61]/C
  -------------------------------------------------------------------    -------------------
    SLICE_X36Y16         FDRE (Prop_fdre_C_Q)         0.456    41.427 r  output_bank/metadata_in_hold_reg[61]/Q
                         net (fo=2, routed)           0.629    42.056    output_bank/metadata_in_hold_reg[71]_0[31]
    SLICE_X37Y16         FDRE                                         r  output_bank/metadata_out_hold_reg[61]/D
  -------------------------------------------------------------------    -------------------

                         (clock source_100 rise edge)
                                                     40.000    40.000 r  
                                                      0.000    40.000 r  clk (IN)
                         net (fo=205, unset)          0.924    40.924    output_bank/clk
    SLICE_X37Y16         FDRE                                         r  output_bank/metadata_out_hold_reg[61]/C
                         clock pessimism              0.000    40.924    
                         clock uncertainty           -0.035    40.889    
    SLICE_X37Y16         FDRE (Setup_fdre_C_D)       -0.062    40.827    output_bank/metadata_out_hold_reg[61]
  -------------------------------------------------------------------
                         required time                         40.827    
                         arrival time                         -42.056    
  -------------------------------------------------------------------
                         slack                                 -1.229    

Slack (VIOLATED) :        -1.214ns  (required time - arrival time)
  Source:                 output_bank/metadata_in_hold_reg[34]/C
                            (rising edge-triggered cell FDRE clocked by island_175  {rise@0.000ns fall@2.857ns period=5.714ns})
  Destination:            output_bank/metadata_out_hold_reg[34]/D
                            (rising edge-triggered cell FDRE clocked by source_100  {rise@0.000ns fall@5.000ns period=10.000ns})
  Path Group:             source_100
  Path Type:              Setup (Max at Slow Process Corner)
  Requirement:            0.002ns  (source_100 rise@40.000ns - island_175 rise@39.998ns)
  Data Path Delay:        1.092ns  (logic 0.456ns (41.775%)  route 0.636ns (58.225%))
  Logic Levels:           0  
  Clock Path Skew:        -0.049ns (DCD - SCD + CPR)
    Destination Clock Delay (DCD):    0.924ns = ( 40.924 - 40.000 ) 
    Source Clock Delay      (SCD):    0.973ns = ( 40.971 - 39.998 ) 
    Clock Pessimism Removal (CPR):    0.000ns
  Clock Uncertainty:      0.035ns  ((TSJ^2 + TIJ^2)^1/2 + DJ) / 2 + PE
    Total System Jitter     (TSJ):    0.071ns
    Total Input Jitter      (TIJ):    0.000ns
    Discrete Jitter          (DJ):    0.000ns
    Phase Error              (PE):    0.000ns
  Clock Domain Crossing:  Inter clock paths are considered valid unless explicitly excluded by timing constraints such as set_clock_groups or set_false_path.

    Location             Delay type                Incr(ns)  Path(ns)    Netlist Resource(s)
  -------------------------------------------------------------------    -------------------
                         (clock island_175 rise edge)
                                                     39.998    39.998 r  
                                                      0.000    39.998 r  fft_clk (IN)
                         net (fo=4836, unset)         0.973    40.971    output_bank/fft_clk
    SLICE_X37Y5          FDRE                                         r  output_bank/metadata_in_hold_reg[34]/C
  -------------------------------------------------------------------    -------------------
    SLICE_X37Y5          FDRE (Prop_fdre_C_Q)         0.456    41.427 r  output_bank/metadata_in_hold_reg[34]/Q
                         net (fo=2, routed)           0.636    42.063    output_bank/p_0_in28_in[1]
    SLICE_X36Y5          FDRE                                         r  output_bank/metadata_out_hold_reg[34]/D
  -------------------------------------------------------------------    -------------------

                         (clock source_100 rise edge)
                                                     40.000    40.000 r  
                                                      0.000    40.000 r  clk (IN)
                         net (fo=205, unset)          0.924    40.924    output_bank/clk
    SLICE_X36Y5          FDRE                                         r  output_bank/metadata_out_hold_reg[34]/C
                         clock pessimism              0.000    40.924    
                         clock uncertainty           -0.035    40.889    
    SLICE_X36Y5          FDRE (Setup_fdre_C_D)       -0.040    40.849    output_bank/metadata_out_hold_reg[34]
  -------------------------------------------------------------------
                         required time                         40.849    
                         arrival time                         -42.063    
  -------------------------------------------------------------------
                         slack                                 -1.214    

Slack (VIOLATED) :        -1.199ns  (required time - arrival time)
  Source:                 output_bank/metadata_in_hold_reg[54]/C
                            (rising edge-triggered cell FDRE clocked by island_175  {rise@0.000ns fall@2.857ns period=5.714ns})
  Destination:            output_bank/metadata_out_hold_reg[54]/D
                            (rising edge-triggered cell FDRE clocked by source_100  {rise@0.000ns fall@5.000ns period=10.000ns})
  Path Group:             source_100
  Path Type:              Setup (Max at Slow Process Corner)
  Requirement:            0.002ns  (source_100 rise@40.000ns - island_175 rise@39.998ns)
  Data Path Delay:        1.086ns  (logic 0.456ns (41.983%)  route 0.630ns (58.017%))
  Logic Levels:           0  
  Clock Path Skew:        -0.049ns (DCD - SCD + CPR)
    Destination Clock Delay (DCD):    0.924ns = ( 40.924 - 40.000 ) 
    Source Clock Delay      (SCD):    0.973ns = ( 40.971 - 39.998 ) 
    Clock Pessimism Removal (CPR):    0.000ns
  Clock Uncertainty:      0.035ns  ((TSJ^2 + TIJ^2)^1/2 + DJ) / 2 + PE
    Total System Jitter     (TSJ):    0.071ns
    Total Input Jitter      (TIJ):    0.000ns
    Discrete Jitter          (DJ):    0.000ns
    Phase Error              (PE):    0.000ns
  Clock Domain Crossing:  Inter clock paths are considered valid unless explicitly excluded by timing constraints such as set_clock_groups or set_false_path.

    Location             Delay type                Incr(ns)  Path(ns)    Netlist Resource(s)
  -------------------------------------------------------------------    -------------------
                         (clock island_175 rise edge)
                                                     39.998    39.998 r  
                                                      0.000    39.998 r  fft_clk (IN)
                         net (fo=4836, unset)         0.973    40.971    output_bank/fft_clk
    SLICE_X33Y9          FDRE                                         r  output_bank/metadata_in_hold_reg[54]/C
  -------------------------------------------------------------------    -------------------
    SLICE_X33Y9          FDRE (Prop_fdre_C_Q)         0.456    41.427 r  output_bank/metadata_in_hold_reg[54]/Q
                         net (fo=2, routed)           0.630    42.057    output_bank/p_0_in49_in[0]
    SLICE_X32Y9          FDRE                                         r  output_bank/metadata_out_hold_reg[54]/D
  -------------------------------------------------------------------    -------------------

                         (clock source_100 rise edge)
                                                     40.000    40.000 r  
                                                      0.000    40.000 r  clk (IN)
                         net (fo=205, unset)          0.924    40.924    output_bank/clk
    SLICE_X32Y9          FDRE                                         r  output_bank/metadata_out_hold_reg[54]/C
                         clock pessimism              0.000    40.924    
                         clock uncertainty           -0.035    40.889    
    SLICE_X32Y9          FDRE (Setup_fdre_C_D)       -0.031    40.858    output_bank/metadata_out_hold_reg[54]
  -------------------------------------------------------------------
                         required time                         40.858    
                         arrival time                         -42.057    
  -------------------------------------------------------------------
                         slack                                 -1.199    

Slack (VIOLATED) :        -1.196ns  (required time - arrival time)
  Source:                 output_bank/metadata_in_hold_reg[44]/C
                            (rising edge-triggered cell FDRE clocked by island_175  {rise@0.000ns fall@2.857ns period=5.714ns})
  Destination:            output_bank/metadata_out_hold_reg[44]/D
                            (rising edge-triggered cell FDRE clocked by source_100  {rise@0.000ns fall@5.000ns period=10.000ns})
  Path Group:             source_100
  Path Type:              Setup (Max at Slow Process Corner)
  Requirement:            0.002ns  (source_100 rise@40.000ns - island_175 rise@39.998ns)
  Data Path Delay:        1.083ns  (logic 0.456ns (42.099%)  route 0.627ns (57.901%))
  Logic Levels:           0  
  Clock Path Skew:        -0.049ns (DCD - SCD + CPR)
    Destination Clock Delay (DCD):    0.924ns = ( 40.924 - 40.000 ) 
    Source Clock Delay      (SCD):    0.973ns = ( 40.971 - 39.998 ) 
    Clock Pessimism Removal (CPR):    0.000ns
  Clock Uncertainty:      0.035ns  ((TSJ^2 + TIJ^2)^1/2 + DJ) / 2 + PE
    Total System Jitter     (TSJ):    0.071ns
    Total Input Jitter      (TIJ):    0.000ns
    Discrete Jitter          (DJ):    0.000ns
    Phase Error              (PE):    0.000ns
  Clock Domain Crossing:  Inter clock paths are considered valid unless explicitly excluded by timing constraints such as set_clock_groups or set_false_path.

    Location             Delay type                Incr(ns)  Path(ns)    Netlist Resource(s)
  -------------------------------------------------------------------    -------------------
                         (clock island_175 rise edge)
                                                     39.998    39.998 r  
                                                      0.000    39.998 r  fft_clk (IN)
                         net (fo=4836, unset)         0.973    40.971    output_bank/fft_clk
    SLICE_X43Y10         FDRE                                         r  output_bank/metadata_in_hold_reg[44]/C
  -------------------------------------------------------------------    -------------------
    SLICE_X43Y10         FDRE (Prop_fdre_C_Q)         0.456    41.427 r  output_bank/metadata_in_hold_reg[44]/Q
                         net (fo=2, routed)           0.627    42.054    output_bank/p_0_in37_in[2]
    SLICE_X42Y10         FDRE                                         r  output_bank/metadata_out_hold_reg[44]/D
  -------------------------------------------------------------------    -------------------

                         (clock source_100 rise edge)
                                                     40.000    40.000 r  
                                                      0.000    40.000 r  clk (IN)
                         net (fo=205, unset)          0.924    40.924    output_bank/clk
    SLICE_X42Y10         FDRE                                         r  output_bank/metadata_out_hold_reg[44]/C
                         clock pessimism              0.000    40.924    
                         clock uncertainty           -0.035    40.889    
    SLICE_X42Y10         FDRE (Setup_fdre_C_D)       -0.031    40.858    output_bank/metadata_out_hold_reg[44]
  -------------------------------------------------------------------
                         required time                         40.858    
                         arrival time                         -42.054    
  -------------------------------------------------------------------
                         slack                                 -1.196    

Slack (VIOLATED) :        -1.149ns  (required time - arrival time)
  Source:                 output_bank/metadata_in_hold_reg[28]/C
                            (rising edge-triggered cell FDRE clocked by island_175  {rise@0.000ns fall@2.857ns period=5.714ns})
  Destination:            output_bank/metadata_out_hold_reg[28]/D
                            (rising edge-triggered cell FDRE clocked by source_100  {rise@0.000ns fall@5.000ns period=10.000ns})
  Path Group:             source_100
  Path Type:              Setup (Max at Slow Process Corner)
  Requirement:            0.002ns  (source_100 rise@40.000ns - island_175 rise@39.998ns)
  Data Path Delay:        0.986ns  (logic 0.456ns (46.249%)  route 0.530ns (53.751%))
  Logic Levels:           0  
  Clock Path Skew:        -0.049ns (DCD - SCD + CPR)
    Destination Clock Delay (DCD):    0.924ns = ( 40.924 - 40.000 ) 
    Source Clock Delay      (SCD):    0.973ns = ( 40.971 - 39.998 ) 
    Clock Pessimism Removal (CPR):    0.000ns
  Clock Uncertainty:      0.035ns  ((TSJ^2 + TIJ^2)^1/2 + DJ) / 2 + PE
    Total System Jitter     (TSJ):    0.071ns
    Total Input Jitter      (TIJ):    0.000ns
    Discrete Jitter          (DJ):    0.000ns
    Phase Error              (PE):    0.000ns
  Clock Domain Crossing:  Inter clock paths are considered valid unless explicitly excluded by timing constraints such as set_clock_groups or set_false_path.

    Location             Delay type                Incr(ns)  Path(ns)    Netlist Resource(s)
  -------------------------------------------------------------------    -------------------
                         (clock island_175 rise edge)
                                                     39.998    39.998 r  
                                                      0.000    39.998 r  fft_clk (IN)
                         net (fo=4836, unset)         0.973    40.971    output_bank/fft_clk
    SLICE_X36Y4          FDRE                                         r  output_bank/metadata_in_hold_reg[28]/C
  -------------------------------------------------------------------    -------------------
    SLICE_X36Y4          FDRE (Prop_fdre_C_Q)         0.456    41.427 r  output_bank/metadata_in_hold_reg[28]/Q
                         net (fo=2, routed)           0.530    41.957    output_bank/p_0_in22_in[1]
    SLICE_X37Y4          FDRE                                         r  output_bank/metadata_out_hold_reg[28]/D
  -------------------------------------------------------------------    -------------------

                         (clock source_100 rise edge)
                                                     40.000    40.000 r  
                                                      0.000    40.000 r  clk (IN)
                         net (fo=205, unset)          0.924    40.924    output_bank/clk
    SLICE_X37Y4          FDRE                                         r  output_bank/metadata_out_hold_reg[28]/C
                         clock pessimism              0.000    40.924    
                         clock uncertainty           -0.035    40.889    
    SLICE_X37Y4          FDRE (Setup_fdre_C_D)       -0.081    40.808    output_bank/metadata_out_hold_reg[28]
  -------------------------------------------------------------------
                         required time                         40.808    
                         arrival time                         -41.957    
  -------------------------------------------------------------------
                         slack                                 -1.149    

Slack (VIOLATED) :        -1.137ns  (required time - arrival time)
  Source:                 output_bank/metadata_in_hold_reg[33]/C
                            (rising edge-triggered cell FDRE clocked by island_175  {rise@0.000ns fall@2.857ns period=5.714ns})
  Destination:            output_bank/metadata_out_hold_reg[33]/D
                            (rising edge-triggered cell FDRE clocked by source_100  {rise@0.000ns fall@5.000ns period=10.000ns})
  Path Group:             source_100
  Path Type:              Setup (Max at Slow Process Corner)
  Requirement:            0.002ns  (source_100 rise@40.000ns - island_175 rise@39.998ns)
  Data Path Delay:        0.960ns  (logic 0.456ns (47.500%)  route 0.504ns (52.500%))
  Logic Levels:           0  
  Clock Path Skew:        -0.049ns (DCD - SCD + CPR)
    Destination Clock Delay (DCD):    0.924ns = ( 40.924 - 40.000 ) 
    Source Clock Delay      (SCD):    0.973ns = ( 40.971 - 39.998 ) 
    Clock Pessimism Removal (CPR):    0.000ns
  Clock Uncertainty:      0.035ns  ((TSJ^2 + TIJ^2)^1/2 + DJ) / 2 + PE
    Total System Jitter     (TSJ):    0.071ns
    Total Input Jitter      (TIJ):    0.000ns
    Discrete Jitter          (DJ):    0.000ns
    Phase Error              (PE):    0.000ns
  Clock Domain Crossing:  Inter clock paths are considered valid unless explicitly excluded by timing constraints such as set_clock_groups or set_false_path.

    Location             Delay type                Incr(ns)  Path(ns)    Netlist Resource(s)
  -------------------------------------------------------------------    -------------------
                         (clock island_175 rise edge)
                                                     39.998    39.998 r  
                                                      0.000    39.998 r  fft_clk (IN)
                         net (fo=4836, unset)         0.973    40.971    output_bank/fft_clk
    SLICE_X37Y5          FDRE                                         r  output_bank/metadata_in_hold_reg[33]/C
  -------------------------------------------------------------------    -------------------
    SLICE_X37Y5          FDRE (Prop_fdre_C_Q)         0.456    41.427 r  output_bank/metadata_in_hold_reg[33]/Q
                         net (fo=2, routed)           0.504    41.931    output_bank/p_0_in28_in[0]
    SLICE_X36Y5          FDRE                                         r  output_bank/metadata_out_hold_reg[33]/D
  -------------------------------------------------------------------    -------------------

                         (clock source_100 rise edge)
                                                     40.000    40.000 r  
                                                      0.000    40.000 r  clk (IN)
                         net (fo=205, unset)          0.924    40.924    output_bank/clk
    SLICE_X36Y5          FDRE                                         r  output_bank/metadata_out_hold_reg[33]/C
                         clock pessimism              0.000    40.924    
                         clock uncertainty           -0.035    40.889    
    SLICE_X36Y5          FDRE (Setup_fdre_C_D)       -0.095    40.794    output_bank/metadata_out_hold_reg[33]
  -------------------------------------------------------------------
                         required time                         40.794    
                         arrival time                         -41.931    
  -------------------------------------------------------------------
                         slack                                 -1.137    

Slack (VIOLATED) :        -1.108ns  (required time - arrival time)
  Source:                 output_bank/metadata_in_hold_reg[11]/C
                            (rising edge-triggered cell FDRE clocked by island_175  {rise@0.000ns fall@2.857ns period=5.714ns})
  Destination:            output_bank/metadata_out_hold_reg[11]/D
                            (rising edge-triggered cell FDRE clocked by source_100  {rise@0.000ns fall@5.000ns period=10.000ns})
  Path Group:             source_100
  Path Type:              Setup (Max at Slow Process Corner)
  Requirement:            0.002ns  (source_100 rise@40.000ns - island_175 rise@39.998ns)
  Data Path Delay:        0.945ns  (logic 0.456ns (48.247%)  route 0.489ns (51.753%))
  Logic Levels:           0  
  Clock Path Skew:        -0.049ns (DCD - SCD + CPR)
    Destination Clock Delay (DCD):    0.924ns = ( 40.924 - 40.000 ) 
    Source Clock Delay      (SCD):    0.973ns = ( 40.971 - 39.998 ) 
    Clock Pessimism Removal (CPR):    0.000ns
  Clock Uncertainty:      0.035ns  ((TSJ^2 + TIJ^2)^1/2 + DJ) / 2 + PE
    Total System Jitter     (TSJ):    0.071ns
    Total Input Jitter      (TIJ):    0.000ns
    Discrete Jitter          (DJ):    0.000ns
    Phase Error              (PE):    0.000ns
  Clock Domain Crossing:  Inter clock paths are considered valid unless explicitly excluded by timing constraints such as set_clock_groups or set_false_path.

    Location             Delay type                Incr(ns)  Path(ns)    Netlist Resource(s)
  -------------------------------------------------------------------    -------------------
                         (clock island_175 rise edge)
                                                     39.998    39.998 r  
                                                      0.000    39.998 r  fft_clk (IN)
                         net (fo=4836, unset)         0.973    40.971    output_bank/fft_clk
    SLICE_X36Y1          FDRE                                         r  output_bank/metadata_in_hold_reg[11]/C
  -------------------------------------------------------------------    -------------------
    SLICE_X36Y1          FDRE (Prop_fdre_C_Q)         0.456    41.427 r  output_bank/metadata_in_hold_reg[11]/Q
                         net (fo=2, routed)           0.489    41.916    output_bank/p_0_in4_in[2]
    SLICE_X37Y1          FDRE                                         r  output_bank/metadata_out_hold_reg[11]/D
  -------------------------------------------------------------------    -------------------

                         (clock source_100 rise edge)
                                                     40.000    40.000 r  
                                                      0.000    40.000 r  clk (IN)
                         net (fo=205, unset)          0.924    40.924    output_bank/clk
    SLICE_X37Y1          FDRE                                         r  output_bank/metadata_out_hold_reg[11]/C
                         clock pessimism              0.000    40.924    
                         clock uncertainty           -0.035    40.889    
    SLICE_X37Y1          FDRE (Setup_fdre_C_D)       -0.081    40.808    output_bank/metadata_out_hold_reg[11]
  -------------------------------------------------------------------
                         required time                         40.808    
                         arrival time                         -41.916    
  -------------------------------------------------------------------
                         slack                                 -1.108    

Slack (VIOLATED) :        -1.101ns  (required time - arrival time)
  Source:                 output_bank/metadata_in_hold_reg[14]/C
                            (rising edge-triggered cell FDRE clocked by island_175  {rise@0.000ns fall@2.857ns period=5.714ns})
  Destination:            output_bank/metadata_out_hold_reg[14]/D
                            (rising edge-triggered cell FDRE clocked by source_100  {rise@0.000ns fall@5.000ns period=10.000ns})
  Path Group:             source_100
  Path Type:              Setup (Max at Slow Process Corner)
  Requirement:            0.002ns  (source_100 rise@40.000ns - island_175 rise@39.998ns)
  Data Path Delay:        0.988ns  (logic 0.456ns (46.132%)  route 0.532ns (53.868%))
  Logic Levels:           0  
  Clock Path Skew:        -0.049ns (DCD - SCD + CPR)
    Destination Clock Delay (DCD):    0.924ns = ( 40.924 - 40.000 ) 
    Source Clock Delay      (SCD):    0.973ns = ( 40.971 - 39.998 ) 
    Clock Pessimism Removal (CPR):    0.000ns
  Clock Uncertainty:      0.035ns  ((TSJ^2 + TIJ^2)^1/2 + DJ) / 2 + PE
    Total System Jitter     (TSJ):    0.071ns
    Total Input Jitter      (TIJ):    0.000ns
    Discrete Jitter          (DJ):    0.000ns
    Phase Error              (PE):    0.000ns
  Clock Domain Crossing:  Inter clock paths are considered valid unless explicitly excluded by timing constraints such as set_clock_groups or set_false_path.

    Location             Delay type                Incr(ns)  Path(ns)    Netlist Resource(s)
  -------------------------------------------------------------------    -------------------
                         (clock island_175 rise edge)
                                                     39.998    39.998 r  
                                                      0.000    39.998 r  fft_clk (IN)
                         net (fo=4836, unset)         0.973    40.971    output_bank/fft_clk
    SLICE_X35Y0          FDRE                                         r  output_bank/metadata_in_hold_reg[14]/C
  -------------------------------------------------------------------    -------------------
    SLICE_X35Y0          FDRE (Prop_fdre_C_Q)         0.456    41.427 r  output_bank/metadata_in_hold_reg[14]/Q
                         net (fo=2, routed)           0.532    41.959    output_bank/p_0_in7_in[2]
    SLICE_X34Y0          FDRE                                         r  output_bank/metadata_out_hold_reg[14]/D
  -------------------------------------------------------------------    -------------------

                         (clock source_100 rise edge)
                                                     40.000    40.000 r  
                                                      0.000    40.000 r  clk (IN)
                         net (fo=205, unset)          0.924    40.924    output_bank/clk
    SLICE_X34Y0          FDRE                                         r  output_bank/metadata_out_hold_reg[14]/C
                         clock pessimism              0.000    40.924    
                         clock uncertainty           -0.035    40.889    
    SLICE_X34Y0          FDRE (Setup_fdre_C_D)       -0.031    40.858    output_bank/metadata_out_hold_reg[14]
  -------------------------------------------------------------------
                         required time                         40.858    
                         arrival time                         -41.959    
  -------------------------------------------------------------------
                         slack                                 -1.101    

Slack (VIOLATED) :        -1.084ns  (required time - arrival time)
  Source:                 distributed_fast_fault.causes[11].cause_sticky_reg[11]/C
                            (rising edge-triggered cell FDRE clocked by island_175  {rise@0.000ns fall@2.857ns period=5.714ns})
  Destination:            per_cause_fault_cdc.causes[11].cause_sync_reg[0]/D
                            (rising edge-triggered cell FDRE clocked by source_100  {rise@0.000ns fall@5.000ns period=10.000ns})
  Path Group:             source_100
  Path Type:              Setup (Max at Slow Process Corner)
  Requirement:            0.002ns  (source_100 rise@40.000ns - island_175 rise@39.998ns)
  Data Path Delay:        0.784ns  (logic 0.419ns (53.459%)  route 0.365ns (46.541%))
  Logic Levels:           0  
  Clock Path Skew:        -0.049ns (DCD - SCD + CPR)
    Destination Clock Delay (DCD):    0.924ns = ( 40.924 - 40.000 ) 
    Source Clock Delay      (SCD):    0.973ns = ( 40.971 - 39.998 ) 
    Clock Pessimism Removal (CPR):    0.000ns
  Clock Uncertainty:      0.035ns  ((TSJ^2 + TIJ^2)^1/2 + DJ) / 2 + PE
    Total System Jitter     (TSJ):    0.071ns
    Total Input Jitter      (TIJ):    0.000ns
    Discrete Jitter          (DJ):    0.000ns
    Phase Error              (PE):    0.000ns
  Clock Domain Crossing:  Inter clock paths are considered valid unless explicitly excluded by timing constraints such as set_clock_groups or set_false_path.

    Location             Delay type                Incr(ns)  Path(ns)    Netlist Resource(s)
  -------------------------------------------------------------------    -------------------
                         (clock island_175 rise edge)
                                                     39.998    39.998 r  
                                                      0.000    39.998 r  fft_clk (IN)
                         net (fo=4836, unset)         0.973    40.971    fft_clk
    SLICE_X22Y2          FDRE                                         r  distributed_fast_fault.causes[11].cause_sticky_reg[11]/C
  -------------------------------------------------------------------    -------------------
    SLICE_X22Y2          FDRE (Prop_fdre_C_Q)         0.419    41.390 r  distributed_fast_fault.causes[11].cause_sticky_reg[11]/Q
                         net (fo=3, routed)           0.365    41.755    distributed_fast_fault.cause_sticky__0[11]
    SLICE_X22Y1          FDRE                                         r  per_cause_fault_cdc.causes[11].cause_sync_reg[0]/D
  -------------------------------------------------------------------    -------------------

                         (clock source_100 rise edge)
                                                     40.000    40.000 r  
                                                      0.000    40.000 r  clk (IN)
                         net (fo=205, unset)          0.924    40.924    clk
    SLICE_X22Y1          FDRE                                         r  per_cause_fault_cdc.causes[11].cause_sync_reg[0]/C
                         clock pessimism              0.000    40.924    
                         clock uncertainty           -0.035    40.889    
    SLICE_X22Y1          FDRE (Setup_fdre_C_D)       -0.218    40.671    per_cause_fault_cdc.causes[11].cause_sync_reg[0]
  -------------------------------------------------------------------
                         required time                         40.671    
                         arrival time                         -41.755    
  -------------------------------------------------------------------
                         slack                                 -1.084    

Slack (VIOLATED) :        -1.077ns  (required time - arrival time)
  Source:                 output_bank/metadata_in_hold_reg[32]/C
                            (rising edge-triggered cell FDRE clocked by island_175  {rise@0.000ns fall@2.857ns period=5.714ns})
  Destination:            output_bank/metadata_out_hold_reg[32]/D
                            (rising edge-triggered cell FDRE clocked by source_100  {rise@0.000ns fall@5.000ns period=10.000ns})
  Path Group:             source_100
  Path Type:              Setup (Max at Slow Process Corner)
  Requirement:            0.002ns  (source_100 rise@40.000ns - island_175 rise@39.998ns)
  Data Path Delay:        0.948ns  (logic 0.456ns (48.086%)  route 0.492ns (51.914%))
  Logic Levels:           0  
  Clock Path Skew:        -0.049ns (DCD - SCD + CPR)
    Destination Clock Delay (DCD):    0.924ns = ( 40.924 - 40.000 ) 
    Source Clock Delay      (SCD):    0.973ns = ( 40.971 - 39.998 ) 
    Clock Pessimism Removal (CPR):    0.000ns
  Clock Uncertainty:      0.035ns  ((TSJ^2 + TIJ^2)^1/2 + DJ) / 2 + PE
    Total System Jitter     (TSJ):    0.071ns
    Total Input Jitter      (TIJ):    0.000ns
    Discrete Jitter          (DJ):    0.000ns
    Phase Error              (PE):    0.000ns
  Clock Domain Crossing:  Inter clock paths are considered valid unless explicitly excluded by timing constraints such as set_clock_groups or set_false_path.

    Location             Delay type                Incr(ns)  Path(ns)    Netlist Resource(s)
  -------------------------------------------------------------------    -------------------
                         (clock island_175 rise edge)
                                                     39.998    39.998 r  
                                                      0.000    39.998 r  fft_clk (IN)
                         net (fo=4836, unset)         0.973    40.971    output_bank/fft_clk
    SLICE_X36Y0          FDRE                                         r  output_bank/metadata_in_hold_reg[32]/C
  -------------------------------------------------------------------    -------------------
    SLICE_X36Y0          FDRE (Prop_fdre_C_Q)         0.456    41.427 r  output_bank/metadata_in_hold_reg[32]/Q
                         net (fo=2, routed)           0.492    41.919    output_bank/metadata_in_hold_reg[71]_0[14]
    SLICE_X37Y4          FDRE                                         r  output_bank/metadata_out_hold_reg[32]/D
  -------------------------------------------------------------------    -------------------

                         (clock source_100 rise edge)
                                                     40.000    40.000 r  
                                                      0.000    40.000 r  clk (IN)
                         net (fo=205, unset)          0.924    40.924    output_bank/clk
    SLICE_X37Y4          FDRE                                         r  output_bank/metadata_out_hold_reg[32]/C
                         clock pessimism              0.000    40.924    
                         clock uncertainty           -0.035    40.889    
    SLICE_X37Y4          FDRE (Setup_fdre_C_D)       -0.047    40.842    output_bank/metadata_out_hold_reg[32]
  -------------------------------------------------------------------
                         required time                         40.842    
                         arrival time                         -41.919    
  -------------------------------------------------------------------
                         slack                                 -1.077    

Slack (VIOLATED) :        -1.076ns  (required time - arrival time)
  Source:                 output_bank/metadata_in_hold_reg[62]/C
                            (rising edge-triggered cell FDRE clocked by island_175  {rise@0.000ns fall@2.857ns period=5.714ns})
  Destination:            output_bank/metadata_out_hold_reg[62]/D
                            (rising edge-triggered cell FDRE clocked by source_100  {rise@0.000ns fall@5.000ns period=10.000ns})
  Path Group:             source_100
  Path Type:              Setup (Max at Slow Process Corner)
  Requirement:            0.002ns  (source_100 rise@40.000ns - island_175 rise@39.998ns)
  Data Path Delay:        0.951ns  (logic 0.456ns (47.971%)  route 0.495ns (52.029%))
  Logic Levels:           0  
  Clock Path Skew:        -0.049ns (DCD - SCD + CPR)
    Destination Clock Delay (DCD):    0.924ns = ( 40.924 - 40.000 ) 
    Source Clock Delay      (SCD):    0.973ns = ( 40.971 - 39.998 ) 
    Clock Pessimism Removal (CPR):    0.000ns
  Clock Uncertainty:      0.035ns  ((TSJ^2 + TIJ^2)^1/2 + DJ) / 2 + PE
    Total System Jitter     (TSJ):    0.071ns
    Total Input Jitter      (TIJ):    0.000ns
    Discrete Jitter          (DJ):    0.000ns
    Phase Error              (PE):    0.000ns
  Clock Domain Crossing:  Inter clock paths are considered valid unless explicitly excluded by timing constraints such as set_clock_groups or set_false_path.

    Location             Delay type                Incr(ns)  Path(ns)    Netlist Resource(s)
  -------------------------------------------------------------------    -------------------
                         (clock island_175 rise edge)
                                                     39.998    39.998 r  
                                                      0.000    39.998 r  fft_clk (IN)
                         net (fo=4836, unset)         0.973    40.971    output_bank/fft_clk
    SLICE_X36Y16         FDRE                                         r  output_bank/metadata_in_hold_reg[62]/C
  -------------------------------------------------------------------    -------------------
    SLICE_X36Y16         FDRE (Prop_fdre_C_Q)         0.456    41.427 r  output_bank/metadata_in_hold_reg[62]/Q
                         net (fo=2, routed)           0.495    41.922    output_bank/metadata_in_hold_reg[71]_0[32]
    SLICE_X40Y18         FDRE                                         r  output_bank/metadata_out_hold_reg[62]/D
  -------------------------------------------------------------------    -------------------

                         (clock source_100 rise edge)
                                                     40.000    40.000 r  
                                                      0.000    40.000 r  clk (IN)
                         net (fo=205, unset)          0.924    40.924    output_bank/clk
    SLICE_X40Y18         FDRE                                         r  output_bank/metadata_out_hold_reg[62]/C
                         clock pessimism              0.000    40.924    
                         clock uncertainty           -0.035    40.889    
    SLICE_X40Y18         FDRE (Setup_fdre_C_D)       -0.043    40.846    output_bank/metadata_out_hold_reg[62]
  -------------------------------------------------------------------
                         required time                         40.846    
                         arrival time                         -41.922    
  -------------------------------------------------------------------
                         slack                                 -1.076    

Slack (VIOLATED) :        -1.074ns  (required time - arrival time)
  Source:                 output_bank/metadata_in_hold_reg[25]/C
                            (rising edge-triggered cell FDRE clocked by island_175  {rise@0.000ns fall@2.857ns period=5.714ns})
  Destination:            output_bank/metadata_out_hold_reg[25]/D
                            (rising edge-triggered cell FDRE clocked by source_100  {rise@0.000ns fall@5.000ns period=10.000ns})
  Path Group:             source_100
  Path Type:              Setup (Max at Slow Process Corner)
  Requirement:            0.002ns  (source_100 rise@40.000ns - island_175 rise@39.998ns)
  Data Path Delay:        0.772ns  (logic 0.419ns (54.257%)  route 0.353ns (45.743%))
  Logic Levels:           0  
  Clock Path Skew:        -0.049ns (DCD - SCD + CPR)
    Destination Clock Delay (DCD):    0.924ns = ( 40.924 - 40.000 ) 
    Source Clock Delay      (SCD):    0.973ns = ( 40.971 - 39.998 ) 
    Clock Pessimism Removal (CPR):    0.000ns
  Clock Uncertainty:      0.035ns  ((TSJ^2 + TIJ^2)^1/2 + DJ) / 2 + PE
    Total System Jitter     (TSJ):    0.071ns
    Total Input Jitter      (TIJ):    0.000ns
    Discrete Jitter          (DJ):    0.000ns
    Phase Error              (PE):    0.000ns
  Clock Domain Crossing:  Inter clock paths are considered valid unless explicitly excluded by timing constraints such as set_clock_groups or set_false_path.

    Location             Delay type                Incr(ns)  Path(ns)    Netlist Resource(s)
  -------------------------------------------------------------------    -------------------
                         (clock island_175 rise edge)
                                                     39.998    39.998 r  
                                                      0.000    39.998 r  fft_clk (IN)
                         net (fo=4836, unset)         0.973    40.971    output_bank/fft_clk
    SLICE_X40Y3          FDRE                                         r  output_bank/metadata_in_hold_reg[25]/C
  -------------------------------------------------------------------    -------------------
    SLICE_X40Y3          FDRE (Prop_fdre_C_Q)         0.419    41.390 r  output_bank/metadata_in_hold_reg[25]/Q
                         net (fo=2, routed)           0.353    41.743    output_bank/p_0_in19_in[1]
    SLICE_X43Y4          FDRE                                         r  output_bank/metadata_out_hold_reg[25]/D
  -------------------------------------------------------------------    -------------------

                         (clock source_100 rise edge)
                                                     40.000    40.000 r  
                                                      0.000    40.000 r  clk (IN)
                         net (fo=205, unset)          0.924    40.924    output_bank/clk
    SLICE_X43Y4          FDRE                                         r  output_bank/metadata_out_hold_reg[25]/C
                         clock pessimism              0.000    40.924    
                         clock uncertainty           -0.035    40.889    
    SLICE_X43Y4          FDRE (Setup_fdre_C_D)       -0.220    40.669    output_bank/metadata_out_hold_reg[25]
  -------------------------------------------------------------------
                         required time                         40.669    
                         arrival time                         -41.743    
  -------------------------------------------------------------------
                         slack                                 -1.074    

Slack (VIOLATED) :        -1.074ns  (required time - arrival time)
  Source:                 output_bank/metadata_in_hold_reg[6]/C
                            (rising edge-triggered cell FDRE clocked by island_175  {rise@0.000ns fall@2.857ns period=5.714ns})
  Destination:            output_bank/metadata_out_hold_reg[6]/D
                            (rising edge-triggered cell FDRE clocked by source_100  {rise@0.000ns fall@5.000ns period=10.000ns})
  Path Group:             source_100
  Path Type:              Setup (Max at Slow Process Corner)
  Requirement:            0.002ns  (source_100 rise@40.000ns - island_175 rise@39.998ns)
  Data Path Delay:        0.772ns  (logic 0.419ns (54.291%)  route 0.353ns (45.709%))
  Logic Levels:           0  
  Clock Path Skew:        -0.049ns (DCD - SCD + CPR)
    Destination Clock Delay (DCD):    0.924ns = ( 40.924 - 40.000 ) 
    Source Clock Delay      (SCD):    0.973ns = ( 40.971 - 39.998 ) 
    Clock Pessimism Removal (CPR):    0.000ns
  Clock Uncertainty:      0.035ns  ((TSJ^2 + TIJ^2)^1/2 + DJ) / 2 + PE
    Total System Jitter     (TSJ):    0.071ns
    Total Input Jitter      (TIJ):    0.000ns
    Discrete Jitter          (DJ):    0.000ns
    Phase Error              (PE):    0.000ns
  Clock Domain Crossing:  Inter clock paths are considered valid unless explicitly excluded by timing constraints such as set_clock_groups or set_false_path.

    Location             Delay type                Incr(ns)  Path(ns)    Netlist Resource(s)
  -------------------------------------------------------------------    -------------------
                         (clock island_175 rise edge)
                                                     39.998    39.998 r  
                                                      0.000    39.998 r  fft_clk (IN)
                         net (fo=4836, unset)         0.973    40.971    output_bank/fft_clk
    SLICE_X39Y8          FDRE                                         r  output_bank/metadata_in_hold_reg[6]/C
  -------------------------------------------------------------------    -------------------
    SLICE_X39Y8          FDRE (Prop_fdre_C_Q)         0.419    41.390 r  output_bank/metadata_in_hold_reg[6]/Q
                         net (fo=2, routed)           0.353    41.743    output_bank/p_0_in1_in[0]
    SLICE_X39Y7          FDRE                                         r  output_bank/metadata_out_hold_reg[6]/D
  -------------------------------------------------------------------    -------------------

                         (clock source_100 rise edge)
                                                     40.000    40.000 r  
                                                      0.000    40.000 r  clk (IN)
                         net (fo=205, unset)          0.924    40.924    output_bank/clk
    SLICE_X39Y7          FDRE                                         r  output_bank/metadata_out_hold_reg[6]/C
                         clock pessimism              0.000    40.924    
                         clock uncertainty           -0.035    40.889    
    SLICE_X39Y7          FDRE (Setup_fdre_C_D)       -0.220    40.669    output_bank/metadata_out_hold_reg[6]
  -------------------------------------------------------------------
                         required time                         40.669    
                         arrival time                         -41.743    
  -------------------------------------------------------------------
                         slack                                 -1.074    

Slack (VIOLATED) :        -1.073ns  (required time - arrival time)
  Source:                 distributed_fast_fault.causes[10].cause_sticky_reg[10]/C
                            (rising edge-triggered cell FDRE clocked by island_175  {rise@0.000ns fall@2.857ns period=5.714ns})
  Destination:            per_cause_fault_cdc.causes[10].cause_sync_reg[0]/D
                            (rising edge-triggered cell FDRE clocked by source_100  {rise@0.000ns fall@5.000ns period=10.000ns})
  Path Group:             source_100
  Path Type:              Setup (Max at Slow Process Corner)
  Requirement:            0.002ns  (source_100 rise@40.000ns - island_175 rise@39.998ns)
  Data Path Delay:        0.773ns  (logic 0.419ns (54.234%)  route 0.354ns (45.766%))
  Logic Levels:           0  
  Clock Path Skew:        -0.049ns (DCD - SCD + CPR)
    Destination Clock Delay (DCD):    0.924ns = ( 40.924 - 40.000 ) 
    Source Clock Delay      (SCD):    0.973ns = ( 40.971 - 39.998 ) 
    Clock Pessimism Removal (CPR):    0.000ns
  Clock Uncertainty:      0.035ns  ((TSJ^2 + TIJ^2)^1/2 + DJ) / 2 + PE
    Total System Jitter     (TSJ):    0.071ns
    Total Input Jitter      (TIJ):    0.000ns
    Discrete Jitter          (DJ):    0.000ns
    Phase Error              (PE):    0.000ns
  Clock Domain Crossing:  Inter clock paths are considered valid unless explicitly excluded by timing constraints such as set_clock_groups or set_false_path.

    Location             Delay type                Incr(ns)  Path(ns)    Netlist Resource(s)
  -------------------------------------------------------------------    -------------------
                         (clock island_175 rise edge)
                                                     39.998    39.998 r  
                                                      0.000    39.998 r  fft_clk (IN)
                         net (fo=4836, unset)         0.973    40.971    fft_clk
    SLICE_X22Y0          FDRE                                         r  distributed_fast_fault.causes[10].cause_sticky_reg[10]/C
  -------------------------------------------------------------------    -------------------
    SLICE_X22Y0          FDRE (Prop_fdre_C_Q)         0.419    41.390 r  distributed_fast_fault.causes[10].cause_sticky_reg[10]/Q
                         net (fo=3, routed)           0.354    41.744    distributed_fast_fault.cause_sticky__0[10]
    SLICE_X23Y1          FDRE                                         r  per_cause_fault_cdc.causes[10].cause_sync_reg[0]/D
  -------------------------------------------------------------------    -------------------

                         (clock source_100 rise edge)
                                                     40.000    40.000 r  
                                                      0.000    40.000 r  clk (IN)
                         net (fo=205, unset)          0.924    40.924    clk
    SLICE_X23Y1          FDRE                                         r  per_cause_fault_cdc.causes[10].cause_sync_reg[0]/C
                         clock pessimism              0.000    40.924    
                         clock uncertainty           -0.035    40.889    
    SLICE_X23Y1          FDRE (Setup_fdre_C_D)       -0.218    40.671    per_cause_fault_cdc.causes[10].cause_sync_reg[0]
  -------------------------------------------------------------------
                         required time                         40.671    
                         arrival time                         -41.744    
  -------------------------------------------------------------------
                         slack                                 -1.073    

Slack (VIOLATED) :        -1.070ns  (required time - arrival time)
  Source:                 output_bank/metadata_in_hold_reg[71]/C
                            (rising edge-triggered cell FDRE clocked by island_175  {rise@0.000ns fall@2.857ns period=5.714ns})
  Destination:            output_bank/metadata_out_hold_reg[71]/D
                            (rising edge-triggered cell FDRE clocked by source_100  {rise@0.000ns fall@5.000ns period=10.000ns})
  Path Group:             source_100
  Path Type:              Setup (Max at Slow Process Corner)
  Requirement:            0.002ns  (source_100 rise@40.000ns - island_175 rise@39.998ns)
  Data Path Delay:        0.773ns  (logic 0.419ns (54.180%)  route 0.354ns (45.820%))
  Logic Levels:           0  
  Clock Path Skew:        -0.049ns (DCD - SCD + CPR)
    Destination Clock Delay (DCD):    0.924ns = ( 40.924 - 40.000 ) 
    Source Clock Delay      (SCD):    0.973ns = ( 40.971 - 39.998 ) 
    Clock Pessimism Removal (CPR):    0.000ns
  Clock Uncertainty:      0.035ns  ((TSJ^2 + TIJ^2)^1/2 + DJ) / 2 + PE
    Total System Jitter     (TSJ):    0.071ns
    Total Input Jitter      (TIJ):    0.000ns
    Discrete Jitter          (DJ):    0.000ns
    Phase Error              (PE):    0.000ns
  Clock Domain Crossing:  Inter clock paths are considered valid unless explicitly excluded by timing constraints such as set_clock_groups or set_false_path.

    Location             Delay type                Incr(ns)  Path(ns)    Netlist Resource(s)
  -------------------------------------------------------------------    -------------------
                         (clock island_175 rise edge)
                                                     39.998    39.998 r  
                                                      0.000    39.998 r  fft_clk (IN)
                         net (fo=4836, unset)         0.973    40.971    output_bank/fft_clk
    SLICE_X36Y16         FDRE                                         r  output_bank/metadata_in_hold_reg[71]/C
  -------------------------------------------------------------------    -------------------
    SLICE_X36Y16         FDRE (Prop_fdre_C_Q)         0.419    41.390 r  output_bank/metadata_in_hold_reg[71]/Q
                         net (fo=2, routed)           0.354    41.744    output_bank/metadata_in_hold_reg[71]_0[38]
    SLICE_X37Y16         FDRE                                         r  output_bank/metadata_out_hold_reg[71]/D
  -------------------------------------------------------------------    -------------------

                         (clock source_100 rise edge)
                                                     40.000    40.000 r  
                                                      0.000    40.000 r  clk (IN)
                         net (fo=205, unset)          0.924    40.924    output_bank/clk
    SLICE_X37Y16         FDRE                                         r  output_bank/metadata_out_hold_reg[71]/C
                         clock pessimism              0.000    40.924    
                         clock uncertainty           -0.035    40.889    
    SLICE_X37Y16         FDRE (Setup_fdre_C_D)       -0.215    40.674    output_bank/metadata_out_hold_reg[71]
  -------------------------------------------------------------------
                         required time                         40.674    
                         arrival time                         -41.744    
  -------------------------------------------------------------------
                         slack                                 -1.070    

Slack (VIOLATED) :        -1.069ns  (required time - arrival time)
  Source:                 output_bank/metadata_in_hold_reg[21]/C
                            (rising edge-triggered cell FDRE clocked by island_175  {rise@0.000ns fall@2.857ns period=5.714ns})
  Destination:            output_bank/metadata_out_hold_reg[21]/D
                            (rising edge-triggered cell FDRE clocked by source_100  {rise@0.000ns fall@5.000ns period=10.000ns})
  Path Group:             source_100
  Path Type:              Setup (Max at Slow Process Corner)
  Requirement:            0.002ns  (source_100 rise@40.000ns - island_175 rise@39.998ns)
  Data Path Delay:        0.769ns  (logic 0.419ns (54.461%)  route 0.350ns (45.539%))
  Logic Levels:           0  
  Clock Path Skew:        -0.049ns (DCD - SCD + CPR)
    Destination Clock Delay (DCD):    0.924ns = ( 40.924 - 40.000 ) 
    Source Clock Delay      (SCD):    0.973ns = ( 40.971 - 39.998 ) 
    Clock Pessimism Removal (CPR):    0.000ns
  Clock Uncertainty:      0.035ns  ((TSJ^2 + TIJ^2)^1/2 + DJ) / 2 + PE
    Total System Jitter     (TSJ):    0.071ns
    Total Input Jitter      (TIJ):    0.000ns
    Discrete Jitter          (DJ):    0.000ns
    Phase Error              (PE):    0.000ns
  Clock Domain Crossing:  Inter clock paths are considered valid unless explicitly excluded by timing constraints such as set_clock_groups or set_false_path.

    Location             Delay type                Incr(ns)  Path(ns)    Netlist Resource(s)
  -------------------------------------------------------------------    -------------------
                         (clock island_175 rise edge)
                                                     39.998    39.998 r  
                                                      0.000    39.998 r  fft_clk (IN)
                         net (fo=4836, unset)         0.973    40.971    output_bank/fft_clk
    SLICE_X40Y3          FDRE                                         r  output_bank/metadata_in_hold_reg[21]/C
  -------------------------------------------------------------------    -------------------
    SLICE_X40Y3          FDRE (Prop_fdre_C_Q)         0.419    41.390 r  output_bank/metadata_in_hold_reg[21]/Q
                         net (fo=2, routed)           0.350    41.740    output_bank/metadata_in_hold_reg[71]_0[9]
    SLICE_X40Y2          FDRE                                         r  output_bank/metadata_out_hold_reg[21]/D
  -------------------------------------------------------------------    -------------------

                         (clock source_100 rise edge)
                                                     40.000    40.000 r  
                                                      0.000    40.000 r  clk (IN)
                         net (fo=205, unset)          0.924    40.924    output_bank/clk
    SLICE_X40Y2          FDRE                                         r  output_bank/metadata_out_hold_reg[21]/C
                         clock pessimism              0.000    40.924    
                         clock uncertainty           -0.035    40.889    
    SLICE_X40Y2          FDRE (Setup_fdre_C_D)       -0.218    40.671    output_bank/metadata_out_hold_reg[21]
  -------------------------------------------------------------------
                         required time                         40.671    
                         arrival time                         -41.740    
  -------------------------------------------------------------------
                         slack                                 -1.069    

Slack (VIOLATED) :        -1.069ns  (required time - arrival time)
  Source:                 output_bank/metadata_in_hold_reg[46]/C
                            (rising edge-triggered cell FDRE clocked by island_175  {rise@0.000ns fall@2.857ns period=5.714ns})
  Destination:            output_bank/metadata_out_hold_reg[46]/D
                            (rising edge-triggered cell FDRE clocked by source_100  {rise@0.000ns fall@5.000ns period=10.000ns})
  Path Group:             source_100
  Path Type:              Setup (Max at Slow Process Corner)
  Requirement:            0.002ns  (source_100 rise@40.000ns - island_175 rise@39.998ns)
  Data Path Delay:        0.769ns  (logic 0.419ns (54.461%)  route 0.350ns (45.539%))
  Logic Levels:           0  
  Clock Path Skew:        -0.049ns (DCD - SCD + CPR)
    Destination Clock Delay (DCD):    0.924ns = ( 40.924 - 40.000 ) 
    Source Clock Delay      (SCD):    0.973ns = ( 40.971 - 39.998 ) 
    Clock Pessimism Removal (CPR):    0.000ns
  Clock Uncertainty:      0.035ns  ((TSJ^2 + TIJ^2)^1/2 + DJ) / 2 + PE
    Total System Jitter     (TSJ):    0.071ns
    Total Input Jitter      (TIJ):    0.000ns
    Discrete Jitter          (DJ):    0.000ns
    Phase Error              (PE):    0.000ns
  Clock Domain Crossing:  Inter clock paths are considered valid unless explicitly excluded by timing constraints such as set_clock_groups or set_false_path.

    Location             Delay type                Incr(ns)  Path(ns)    Netlist Resource(s)
  -------------------------------------------------------------------    -------------------
                         (clock island_175 rise edge)
                                                     39.998    39.998 r  
                                                      0.000    39.998 r  fft_clk (IN)
                         net (fo=4836, unset)         0.973    40.971    output_bank/fft_clk
    SLICE_X39Y8          FDRE                                         r  output_bank/metadata_in_hold_reg[46]/C
  -------------------------------------------------------------------    -------------------
    SLICE_X39Y8          FDRE (Prop_fdre_C_Q)         0.419    41.390 r  output_bank/metadata_in_hold_reg[46]/Q
                         net (fo=2, routed)           0.350    41.740    output_bank/metadata_in_hold_reg[71]_0[19]
    SLICE_X39Y9          FDRE                                         r  output_bank/metadata_out_hold_reg[46]/D
  -------------------------------------------------------------------    -------------------

                         (clock source_100 rise edge)
                                                     40.000    40.000 r  
                                                      0.000    40.000 r  clk (IN)
                         net (fo=205, unset)          0.924    40.924    output_bank/clk
    SLICE_X39Y9          FDRE                                         r  output_bank/metadata_out_hold_reg[46]/C
                         clock pessimism              0.000    40.924    
                         clock uncertainty           -0.035    40.889    
    SLICE_X39Y9          FDRE (Setup_fdre_C_D)       -0.218    40.671    output_bank/metadata_out_hold_reg[46]
  -------------------------------------------------------------------
                         required time                         40.671    
                         arrival time                         -41.740    
  -------------------------------------------------------------------
                         slack                                 -1.069    

Slack (VIOLATED) :        -1.069ns  (required time - arrival time)
  Source:                 output_bank/metadata_in_hold_reg[72]/C
                            (rising edge-triggered cell FDRE clocked by island_175  {rise@0.000ns fall@2.857ns period=5.714ns})
  Destination:            output_bank/metadata_out_hold_reg[72]/D
                            (rising edge-triggered cell FDRE clocked by source_100  {rise@0.000ns fall@5.000ns period=10.000ns})
  Path Group:             source_100
  Path Type:              Setup (Max at Slow Process Corner)
  Requirement:            0.002ns  (source_100 rise@40.000ns - island_175 rise@39.998ns)
  Data Path Delay:        0.769ns  (logic 0.419ns (54.461%)  route 0.350ns (45.539%))
  Logic Levels:           0  
  Clock Path Skew:        -0.049ns (DCD - SCD + CPR)
    Destination Clock Delay (DCD):    0.924ns = ( 40.924 - 40.000 ) 
    Source Clock Delay      (SCD):    0.973ns = ( 40.971 - 39.998 ) 
    Clock Pessimism Removal (CPR):    0.000ns
  Clock Uncertainty:      0.035ns  ((TSJ^2 + TIJ^2)^1/2 + DJ) / 2 + PE
    Total System Jitter     (TSJ):    0.071ns
    Total Input Jitter      (TIJ):    0.000ns
    Discrete Jitter          (DJ):    0.000ns
    Phase Error              (PE):    0.000ns
  Clock Domain Crossing:  Inter clock paths are considered valid unless explicitly excluded by timing constraints such as set_clock_groups or set_false_path.

    Location             Delay type                Incr(ns)  Path(ns)    Netlist Resource(s)
  -------------------------------------------------------------------    -------------------
                         (clock island_175 rise edge)
                                                     39.998    39.998 r  
                                                      0.000    39.998 r  fft_clk (IN)
                         net (fo=4836, unset)         0.973    40.971    output_bank/fft_clk
    SLICE_X33Y9          FDRE                                         r  output_bank/metadata_in_hold_reg[72]/C
  -------------------------------------------------------------------    -------------------
    SLICE_X33Y9          FDRE (Prop_fdre_C_Q)         0.419    41.390 r  output_bank/metadata_in_hold_reg[72]/Q
                         net (fo=2, routed)           0.350    41.740    output_bank/p_0_in67_in[0]
    SLICE_X33Y8          FDRE                                         r  output_bank/metadata_out_hold_reg[72]/D
  -------------------------------------------------------------------    -------------------

                         (clock source_100 rise edge)
                                                     40.000    40.000 r  
                                                      0.000    40.000 r  clk (IN)
                         net (fo=205, unset)          0.924    40.924    output_bank/clk
    SLICE_X33Y8          FDRE                                         r  output_bank/metadata_out_hold_reg[72]/C
                         clock pessimism              0.000    40.924    
                         clock uncertainty           -0.035    40.889    
    SLICE_X33Y8          FDRE (Setup_fdre_C_D)       -0.218    40.671    output_bank/metadata_out_hold_reg[72]
  -------------------------------------------------------------------
                         required time                         40.671    
                         arrival time                         -41.740    
  -------------------------------------------------------------------
                         slack                                 -1.069    

Slack (VIOLATED) :        -1.068ns  (required time - arrival time)
  Source:                 output_bank/metadata_in_hold_reg[9]/C
                            (rising edge-triggered cell FDRE clocked by island_175  {rise@0.000ns fall@2.857ns period=5.714ns})
  Destination:            output_bank/metadata_out_hold_reg[9]/D
                            (rising edge-triggered cell FDRE clocked by source_100  {rise@0.000ns fall@5.000ns period=10.000ns})
  Path Group:             source_100
  Path Type:              Setup (Max at Slow Process Corner)
  Requirement:            0.002ns  (source_100 rise@40.000ns - island_175 rise@39.998ns)
  Data Path Delay:        0.770ns  (logic 0.419ns (54.381%)  route 0.351ns (45.619%))
  Logic Levels:           0  
  Clock Path Skew:        -0.049ns (DCD - SCD + CPR)
    Destination Clock Delay (DCD):    0.924ns = ( 40.924 - 40.000 ) 
    Source Clock Delay      (SCD):    0.973ns = ( 40.971 - 39.998 ) 
    Clock Pessimism Removal (CPR):    0.000ns
  Clock Uncertainty:      0.035ns  ((TSJ^2 + TIJ^2)^1/2 + DJ) / 2 + PE
    Total System Jitter     (TSJ):    0.071ns
    Total Input Jitter      (TIJ):    0.000ns
    Discrete Jitter          (DJ):    0.000ns
    Phase Error              (PE):    0.000ns
  Clock Domain Crossing:  Inter clock paths are considered valid unless explicitly excluded by timing constraints such as set_clock_groups or set_false_path.

    Location             Delay type                Incr(ns)  Path(ns)    Netlist Resource(s)
  -------------------------------------------------------------------    -------------------
                         (clock island_175 rise edge)
                                                     39.998    39.998 r  
                                                      0.000    39.998 r  fft_clk (IN)
                         net (fo=4836, unset)         0.973    40.971    output_bank/fft_clk
    SLICE_X36Y1          FDRE                                         r  output_bank/metadata_in_hold_reg[9]/C
  -------------------------------------------------------------------    -------------------
    SLICE_X36Y1          FDRE (Prop_fdre_C_Q)         0.419    41.390 r  output_bank/metadata_in_hold_reg[9]/Q
                         net (fo=2, routed)           0.351    41.741    output_bank/p_0_in4_in[0]
    SLICE_X37Y1          FDRE                                         r  output_bank/metadata_out_hold_reg[9]/D
  -------------------------------------------------------------------    -------------------

                         (clock source_100 rise edge)
                                                     40.000    40.000 r  
                                                      0.000    40.000 r  clk (IN)
                         net (fo=205, unset)          0.924    40.924    output_bank/clk
    SLICE_X37Y1          FDRE                                         r  output_bank/metadata_out_hold_reg[9]/C
                         clock pessimism              0.000    40.924    
                         clock uncertainty           -0.035    40.889    
    SLICE_X37Y1          FDRE (Setup_fdre_C_D)       -0.215    40.674    output_bank/metadata_out_hold_reg[9]
  -------------------------------------------------------------------
                         required time                         40.674    
                         arrival time                         -41.741    
  -------------------------------------------------------------------
                         slack                                 -1.068    





Min Delay Paths
--------------------------------------------------------------------------------------
Slack (MET) :             0.074ns  (arrival time - required time)
  Source:                 output_bank/metadata_in_hold_reg[68]/C
                            (rising edge-triggered cell FDRE clocked by island_175  {rise@0.000ns fall@2.857ns period=5.714ns})
  Destination:            output_bank/metadata_out_hold_reg[68]/D
                            (rising edge-triggered cell FDRE clocked by source_100  {rise@0.000ns fall@5.000ns period=10.000ns})
  Path Group:             source_100
  Path Type:              Hold (Min at Fast Process Corner)
  Requirement:            0.000ns  (source_100 rise@0.000ns - island_175 rise@0.000ns)
  Data Path Delay:        0.207ns  (logic 0.141ns (68.037%)  route 0.066ns (31.963%))
  Logic Levels:           0  
  Clock Path Skew:        0.022ns (DCD - SCD - CPR)
    Destination Clock Delay (DCD):    0.432ns
    Source Clock Delay      (SCD):    0.410ns
    Clock Pessimism Removal (CPR):    -0.000ns
  Clock Uncertainty:      0.035ns  ((TSJ^2 + TIJ^2)^1/2 + DJ) / 2 + PE
    Total System Jitter     (TSJ):    0.071ns
    Total Input Jitter      (TIJ):    0.000ns
    Discrete Jitter          (DJ):    0.000ns
    Phase Error              (PE):    0.000ns
  Clock Domain Crossing:  Inter clock paths are considered valid unless explicitly excluded by timing constraints such as set_clock_groups or set_false_path.

    Location             Delay type                Incr(ns)  Path(ns)    Netlist Resource(s)
  -------------------------------------------------------------------    -------------------
                         (clock island_175 rise edge)
                                                      0.000     0.000 r  
                                                      0.000     0.000 r  fft_clk (IN)
                         net (fo=4836, unset)         0.410     0.410    output_bank/fft_clk
    SLICE_X29Y10         FDRE                                         r  output_bank/metadata_in_hold_reg[68]/C
  -------------------------------------------------------------------    -------------------
    SLICE_X29Y10         FDRE (Prop_fdre_C_Q)         0.141     0.551 r  output_bank/metadata_in_hold_reg[68]/Q
                         net (fo=2, routed)           0.066     0.617    output_bank/p_0_in61_in[2]
    SLICE_X28Y10         FDRE                                         r  output_bank/metadata_out_hold_reg[68]/D
  -------------------------------------------------------------------    -------------------

                         (clock source_100 rise edge)
                                                      0.000     0.000 r  
                                                      0.000     0.000 r  clk (IN)
                         net (fo=205, unset)          0.432     0.432    output_bank/clk
    SLICE_X28Y10         FDRE                                         r  output_bank/metadata_out_hold_reg[68]/C
                         clock pessimism              0.000     0.432    
                         clock uncertainty            0.035     0.467    
    SLICE_X28Y10         FDRE (Hold_fdre_C_D)         0.076     0.543    output_bank/metadata_out_hold_reg[68]
  -------------------------------------------------------------------
                         required time                         -0.543    
                         arrival time                           0.617    
  -------------------------------------------------------------------
                         slack                                  0.074    

Slack (MET) :             0.119ns  (arrival time - required time)
  Source:                 output_bank/metadata_in_hold_reg[4]/C
                            (rising edge-triggered cell FDRE clocked by island_175  {rise@0.000ns fall@2.857ns period=5.714ns})
  Destination:            output_bank/metadata_out_hold_reg[4]/D
                            (rising edge-triggered cell FDRE clocked by source_100  {rise@0.000ns fall@5.000ns period=10.000ns})
  Path Group:             source_100
  Path Type:              Hold (Min at Fast Process Corner)
  Requirement:            0.000ns  (source_100 rise@0.000ns - island_175 rise@0.000ns)
  Data Path Delay:        0.254ns  (logic 0.141ns (55.468%)  route 0.113ns (44.532%))
  Logic Levels:           0  
  Clock Path Skew:        0.022ns (DCD - SCD - CPR)
    Destination Clock Delay (DCD):    0.432ns
    Source Clock Delay      (SCD):    0.410ns
    Clock Pessimism Removal (CPR):    -0.000ns
  Clock Uncertainty:      0.035ns  ((TSJ^2 + TIJ^2)^1/2 + DJ) / 2 + PE
    Total System Jitter     (TSJ):    0.071ns
    Total Input Jitter      (TIJ):    0.000ns
    Discrete Jitter          (DJ):    0.000ns
    Phase Error              (PE):    0.000ns
  Clock Domain Crossing:  Inter clock paths are considered valid unless explicitly excluded by timing constraints such as set_clock_groups or set_false_path.

    Location             Delay type                Incr(ns)  Path(ns)    Netlist Resource(s)
  -------------------------------------------------------------------    -------------------
                         (clock island_175 rise edge)
                                                      0.000     0.000 r  
                                                      0.000     0.000 r  fft_clk (IN)
                         net (fo=4836, unset)         0.410     0.410    output_bank/fft_clk
    SLICE_X31Y0          FDRE                                         r  output_bank/metadata_in_hold_reg[4]/C
  -------------------------------------------------------------------    -------------------
    SLICE_X31Y0          FDRE (Prop_fdre_C_Q)         0.141     0.551 r  output_bank/metadata_in_hold_reg[4]/Q
                         net (fo=2, routed)           0.113     0.664    output_bank/metadata_in_hold_reg[71]_0[4]
    SLICE_X29Y0          FDRE                                         r  output_bank/metadata_out_hold_reg[4]/D
  -------------------------------------------------------------------    -------------------

                         (clock source_100 rise edge)
                                                      0.000     0.000 r  
                                                      0.000     0.000 r  clk (IN)
                         net (fo=205, unset)          0.432     0.432    output_bank/clk
    SLICE_X29Y0          FDRE                                         r  output_bank/metadata_out_hold_reg[4]/C
                         clock pessimism              0.000     0.432    
                         clock uncertainty            0.035     0.467    
    SLICE_X29Y0          FDRE (Hold_fdre_C_D)         0.078     0.545    output_bank/metadata_out_hold_reg[4]
  -------------------------------------------------------------------
                         required time                         -0.545    
                         arrival time                           0.664    
  -------------------------------------------------------------------
                         slack                                  0.119    

Slack (MET) :             0.119ns  (arrival time - required time)
  Source:                 output_bank/metadata_in_hold_reg[65]/C
                            (rising edge-triggered cell FDRE clocked by island_175  {rise@0.000ns fall@2.857ns period=5.714ns})
  Destination:            output_bank/metadata_out_hold_reg[65]/D
                            (rising edge-triggered cell FDRE clocked by source_100  {rise@0.000ns fall@5.000ns period=10.000ns})
  Path Group:             source_100
  Path Type:              Hold (Min at Fast Process Corner)
  Requirement:            0.000ns  (source_100 rise@0.000ns - island_175 rise@0.000ns)
  Data Path Delay:        0.254ns  (logic 0.141ns (55.468%)  route 0.113ns (44.532%))
  Logic Levels:           0  
  Clock Path Skew:        0.022ns (DCD - SCD - CPR)
    Destination Clock Delay (DCD):    0.432ns
    Source Clock Delay      (SCD):    0.410ns
    Clock Pessimism Removal (CPR):    -0.000ns
  Clock Uncertainty:      0.035ns  ((TSJ^2 + TIJ^2)^1/2 + DJ) / 2 + PE
    Total System Jitter     (TSJ):    0.071ns
    Total Input Jitter      (TIJ):    0.000ns
    Discrete Jitter          (DJ):    0.000ns
    Phase Error              (PE):    0.000ns
  Clock Domain Crossing:  Inter clock paths are considered valid unless explicitly excluded by timing constraints such as set_clock_groups or set_false_path.

    Location             Delay type                Incr(ns)  Path(ns)    Netlist Resource(s)
  -------------------------------------------------------------------    -------------------
                         (clock island_175 rise edge)
                                                      0.000     0.000 r  
                                                      0.000     0.000 r  fft_clk (IN)
                         net (fo=4836, unset)         0.410     0.410    output_bank/fft_clk
    SLICE_X41Y18         FDRE                                         r  output_bank/metadata_in_hold_reg[65]/C
  -------------------------------------------------------------------    -------------------
    SLICE_X41Y18         FDRE (Prop_fdre_C_Q)         0.141     0.551 r  output_bank/metadata_in_hold_reg[65]/Q
                         net (fo=2, routed)           0.113     0.664    output_bank/metadata_in_hold_reg[71]_0[35]
    SLICE_X43Y17         FDRE                                         r  output_bank/metadata_out_hold_reg[65]/D
  -------------------------------------------------------------------    -------------------

                         (clock source_100 rise edge)
                                                      0.000     0.000 r  
                                                      0.000     0.000 r  clk (IN)
                         net (fo=205, unset)          0.432     0.432    output_bank/clk
    SLICE_X43Y17         FDRE                                         r  output_bank/metadata_out_hold_reg[65]/C
                         clock pessimism              0.000     0.432    
                         clock uncertainty            0.035     0.467    
    SLICE_X43Y17         FDRE (Hold_fdre_C_D)         0.078     0.545    output_bank/metadata_out_hold_reg[65]
  -------------------------------------------------------------------
                         required time                         -0.545    
                         arrival time                           0.664    
  -------------------------------------------------------------------
                         slack                                  0.119    

Slack (MET) :             0.119ns  (arrival time - required time)
  Source:                 output_bank/metadata_in_hold_reg[31]/C
                            (rising edge-triggered cell FDRE clocked by island_175  {rise@0.000ns fall@2.857ns period=5.714ns})
  Destination:            output_bank/metadata_out_hold_reg[31]/D
                            (rising edge-triggered cell FDRE clocked by source_100  {rise@0.000ns fall@5.000ns period=10.000ns})
  Path Group:             source_100
  Path Type:              Hold (Min at Fast Process Corner)
  Requirement:            0.000ns  (source_100 rise@0.000ns - island_175 rise@0.000ns)
  Data Path Delay:        0.252ns  (logic 0.141ns (55.855%)  route 0.111ns (44.145%))
  Logic Levels:           0  
  Clock Path Skew:        0.022ns (DCD - SCD - CPR)
    Destination Clock Delay (DCD):    0.432ns
    Source Clock Delay      (SCD):    0.410ns
    Clock Pessimism Removal (CPR):    -0.000ns
  Clock Uncertainty:      0.035ns  ((TSJ^2 + TIJ^2)^1/2 + DJ) / 2 + PE
    Total System Jitter     (TSJ):    0.071ns
    Total Input Jitter      (TIJ):    0.000ns
    Discrete Jitter          (DJ):    0.000ns
    Phase Error              (PE):    0.000ns
  Clock Domain Crossing:  Inter clock paths are considered valid unless explicitly excluded by timing constraints such as set_clock_groups or set_false_path.

    Location             Delay type                Incr(ns)  Path(ns)    Netlist Resource(s)
  -------------------------------------------------------------------    -------------------
                         (clock island_175 rise edge)
                                                      0.000     0.000 r  
                                                      0.000     0.000 r  fft_clk (IN)
                         net (fo=4836, unset)         0.410     0.410    output_bank/fft_clk
    SLICE_X39Y2          FDRE                                         r  output_bank/metadata_in_hold_reg[31]/C
  -------------------------------------------------------------------    -------------------
    SLICE_X39Y2          FDRE (Prop_fdre_C_Q)         0.141     0.551 r  output_bank/metadata_in_hold_reg[31]/Q
                         net (fo=2, routed)           0.111     0.663    output_bank/metadata_in_hold_reg[71]_0[13]
    SLICE_X37Y1          FDRE                                         r  output_bank/metadata_out_hold_reg[31]/D
  -------------------------------------------------------------------    -------------------

                         (clock source_100 rise edge)
                                                      0.000     0.000 r  
                                                      0.000     0.000 r  clk (IN)
                         net (fo=205, unset)          0.432     0.432    output_bank/clk
    SLICE_X37Y1          FDRE                                         r  output_bank/metadata_out_hold_reg[31]/C
                         clock pessimism              0.000     0.432    
                         clock uncertainty            0.035     0.467    
    SLICE_X37Y1          FDRE (Hold_fdre_C_D)         0.076     0.543    output_bank/metadata_out_hold_reg[31]
  -------------------------------------------------------------------
                         required time                         -0.543    
                         arrival time                           0.663    
  -------------------------------------------------------------------
                         slack                                  0.119    

Slack (MET) :             0.120ns  (arrival time - required time)
  Source:                 output_bank/metadata_in_hold_reg[36]/C
                            (rising edge-triggered cell FDRE clocked by island_175  {rise@0.000ns fall@2.857ns period=5.714ns})
  Destination:            output_bank/metadata_out_hold_reg[36]/D
                            (rising edge-triggered cell FDRE clocked by source_100  {rise@0.000ns fall@5.000ns period=10.000ns})
  Path Group:             source_100
  Path Type:              Hold (Min at Fast Process Corner)
  Requirement:            0.000ns  (source_100 rise@0.000ns - island_175 rise@0.000ns)
  Data Path Delay:        0.252ns  (logic 0.141ns (55.855%)  route 0.111ns (44.145%))
  Logic Levels:           0  
  Clock Path Skew:        0.022ns (DCD - SCD - CPR)
    Destination Clock Delay (DCD):    0.432ns
    Source Clock Delay      (SCD):    0.410ns
    Clock Pessimism Removal (CPR):    -0.000ns
  Clock Uncertainty:      0.035ns  ((TSJ^2 + TIJ^2)^1/2 + DJ) / 2 + PE
    Total System Jitter     (TSJ):    0.071ns
    Total Input Jitter      (TIJ):    0.000ns
    Discrete Jitter          (DJ):    0.000ns
    Phase Error              (PE):    0.000ns
  Clock Domain Crossing:  Inter clock paths are considered valid unless explicitly excluded by timing constraints such as set_clock_groups or set_false_path.

    Location             Delay type                Incr(ns)  Path(ns)    Netlist Resource(s)
  -------------------------------------------------------------------    -------------------
                         (clock island_175 rise edge)
                                                      0.000     0.000 r  
                                                      0.000     0.000 r  fft_clk (IN)
                         net (fo=4836, unset)         0.410     0.410    output_bank/fft_clk
    SLICE_X39Y8          FDRE                                         r  output_bank/metadata_in_hold_reg[36]/C
  -------------------------------------------------------------------    -------------------
    SLICE_X39Y8          FDRE (Prop_fdre_C_Q)         0.141     0.551 r  output_bank/metadata_in_hold_reg[36]/Q
                         net (fo=2, routed)           0.111     0.663    output_bank/metadata_in_hold_reg[71]_0[15]
    SLICE_X37Y9          FDRE                                         r  output_bank/metadata_out_hold_reg[36]/D
  -------------------------------------------------------------------    -------------------

                         (clock source_100 rise edge)
                                                      0.000     0.000 r  
                                                      0.000     0.000 r  clk (IN)
                         net (fo=205, unset)          0.432     0.432    output_bank/clk
    SLICE_X37Y9          FDRE                                         r  output_bank/metadata_out_hold_reg[36]/C
                         clock pessimism              0.000     0.432    
                         clock uncertainty            0.035     0.467    
    SLICE_X37Y9          FDRE (Hold_fdre_C_D)         0.075     0.542    output_bank/metadata_out_hold_reg[36]
  -------------------------------------------------------------------
                         required time                         -0.542    
                         arrival time                           0.663    
  -------------------------------------------------------------------
                         slack                                  0.120    

Slack (MET) :             0.121ns  (arrival time - required time)
  Source:                 output_bank/metadata_in_hold_reg[19]/C
                            (rising edge-triggered cell FDRE clocked by island_175  {rise@0.000ns fall@2.857ns period=5.714ns})
  Destination:            output_bank/metadata_out_hold_reg[19]/D
                            (rising edge-triggered cell FDRE clocked by source_100  {rise@0.000ns fall@5.000ns period=10.000ns})
  Path Group:             source_100
  Path Type:              Hold (Min at Fast Process Corner)
  Requirement:            0.000ns  (source_100 rise@0.000ns - island_175 rise@0.000ns)
  Data Path Delay:        0.254ns  (logic 0.141ns (55.425%)  route 0.113ns (44.575%))
  Logic Levels:           0  
  Clock Path Skew:        0.022ns (DCD - SCD - CPR)
    Destination Clock Delay (DCD):    0.432ns
    Source Clock Delay      (SCD):    0.410ns
    Clock Pessimism Removal (CPR):    -0.000ns
  Clock Uncertainty:      0.035ns  ((TSJ^2 + TIJ^2)^1/2 + DJ) / 2 + PE
    Total System Jitter     (TSJ):    0.071ns
    Total Input Jitter      (TIJ):    0.000ns
    Discrete Jitter          (DJ):    0.000ns
    Phase Error              (PE):    0.000ns
  Clock Domain Crossing:  Inter clock paths are considered valid unless explicitly excluded by timing constraints such as set_clock_groups or set_false_path.

    Location             Delay type                Incr(ns)  Path(ns)    Netlist Resource(s)
  -------------------------------------------------------------------    -------------------
                         (clock island_175 rise edge)
                                                      0.000     0.000 r  
                                                      0.000     0.000 r  fft_clk (IN)
                         net (fo=4836, unset)         0.410     0.410    output_bank/fft_clk
    SLICE_X40Y3          FDRE                                         r  output_bank/metadata_in_hold_reg[19]/C
  -------------------------------------------------------------------    -------------------
    SLICE_X40Y3          FDRE (Prop_fdre_C_Q)         0.141     0.551 r  output_bank/metadata_in_hold_reg[19]/Q
                         net (fo=2, routed)           0.113     0.665    output_bank/metadata_in_hold_reg[71]_0[7]
    SLICE_X42Y4          FDRE                                         r  output_bank/metadata_out_hold_reg[19]/D
  -------------------------------------------------------------------    -------------------

                         (clock source_100 rise edge)
                                                      0.000     0.000 r  
                                                      0.000     0.000 r  clk (IN)
                         net (fo=205, unset)          0.432     0.432    output_bank/clk
    SLICE_X42Y4          FDRE                                         r  output_bank/metadata_out_hold_reg[19]/C
                         clock pessimism              0.000     0.432    
                         clock uncertainty            0.035     0.467    
    SLICE_X42Y4          FDRE (Hold_fdre_C_D)         0.076     0.543    output_bank/metadata_out_hold_reg[19]
  -------------------------------------------------------------------
                         required time                         -0.543    
                         arrival time                           0.665    
  -------------------------------------------------------------------
                         slack                                  0.121    

Slack (MET) :             0.124ns  (arrival time - required time)
  Source:                 output_bank/metadata_in_hold_reg[64]/C
                            (rising edge-triggered cell FDRE clocked by island_175  {rise@0.000ns fall@2.857ns period=5.714ns})
  Destination:            output_bank/metadata_out_hold_reg[64]/D
                            (rising edge-triggered cell FDRE clocked by source_100  {rise@0.000ns fall@5.000ns period=10.000ns})
  Path Group:             source_100
  Path Type:              Hold (Min at Fast Process Corner)
  Requirement:            0.000ns  (source_100 rise@0.000ns - island_175 rise@0.000ns)
  Data Path Delay:        0.203ns  (logic 0.128ns (63.195%)  route 0.075ns (36.805%))
  Logic Levels:           0  
  Clock Path Skew:        0.022ns (DCD - SCD - CPR)
    Destination Clock Delay (DCD):    0.432ns
    Source Clock Delay      (SCD):    0.410ns
    Clock Pessimism Removal (CPR):    -0.000ns
  Clock Uncertainty:      0.035ns  ((TSJ^2 + TIJ^2)^1/2 + DJ) / 2 + PE
    Total System Jitter     (TSJ):    0.071ns
    Total Input Jitter      (TIJ):    0.000ns
    Discrete Jitter          (DJ):    0.000ns
    Phase Error              (PE):    0.000ns
  Clock Domain Crossing:  Inter clock paths are considered valid unless explicitly excluded by timing constraints such as set_clock_groups or set_false_path.

    Location             Delay type                Incr(ns)  Path(ns)    Netlist Resource(s)
  -------------------------------------------------------------------    -------------------
                         (clock island_175 rise edge)
                                                      0.000     0.000 r  
                                                      0.000     0.000 r  fft_clk (IN)
                         net (fo=4836, unset)         0.410     0.410    output_bank/fft_clk
    SLICE_X36Y16         FDRE                                         r  output_bank/metadata_in_hold_reg[64]/C
  -------------------------------------------------------------------    -------------------
    SLICE_X36Y16         FDRE (Prop_fdre_C_Q)         0.128     0.538 r  output_bank/metadata_in_hold_reg[64]/Q
                         net (fo=2, routed)           0.075     0.613    output_bank/metadata_in_hold_reg[71]_0[34]
    SLICE_X37Y16         FDRE                                         r  output_bank/metadata_out_hold_reg[64]/D
  -------------------------------------------------------------------    -------------------

                         (clock source_100 rise edge)
                                                      0.000     0.000 r  
                                                      0.000     0.000 r  clk (IN)
                         net (fo=205, unset)          0.432     0.432    output_bank/clk
    SLICE_X37Y16         FDRE                                         r  output_bank/metadata_out_hold_reg[64]/C
                         clock pessimism              0.000     0.432    
                         clock uncertainty            0.035     0.467    
    SLICE_X37Y16         FDRE (Hold_fdre_C_D)         0.022     0.489    output_bank/metadata_out_hold_reg[64]
  -------------------------------------------------------------------
                         required time                         -0.489    
                         arrival time                           0.613    
  -------------------------------------------------------------------
                         slack                                  0.124    

Slack (MET) :             0.126ns  (arrival time - required time)
  Source:                 output_bank/metadata_in_hold_reg[7]/C
                            (rising edge-triggered cell FDRE clocked by island_175  {rise@0.000ns fall@2.857ns period=5.714ns})
  Destination:            output_bank/metadata_out_hold_reg[7]/D
                            (rising edge-triggered cell FDRE clocked by source_100  {rise@0.000ns fall@5.000ns period=10.000ns})
  Path Group:             source_100
  Path Type:              Hold (Min at Fast Process Corner)
  Requirement:            0.000ns  (source_100 rise@0.000ns - island_175 rise@0.000ns)
  Data Path Delay:        0.208ns  (logic 0.128ns (61.625%)  route 0.080ns (38.375%))
  Logic Levels:           0  
  Clock Path Skew:        0.022ns (DCD - SCD - CPR)
    Destination Clock Delay (DCD):    0.432ns
    Source Clock Delay      (SCD):    0.410ns
    Clock Pessimism Removal (CPR):    -0.000ns
  Clock Uncertainty:      0.035ns  ((TSJ^2 + TIJ^2)^1/2 + DJ) / 2 + PE
    Total System Jitter     (TSJ):    0.071ns
    Total Input Jitter      (TIJ):    0.000ns
    Discrete Jitter          (DJ):    0.000ns
    Phase Error              (PE):    0.000ns
  Clock Domain Crossing:  Inter clock paths are considered valid unless explicitly excluded by timing constraints such as set_clock_groups or set_false_path.

    Location             Delay type                Incr(ns)  Path(ns)    Netlist Resource(s)
  -------------------------------------------------------------------    -------------------
                         (clock island_175 rise edge)
                                                      0.000     0.000 r  
                                                      0.000     0.000 r  fft_clk (IN)
                         net (fo=4836, unset)         0.410     0.410    output_bank/fft_clk
    SLICE_X36Y4          FDRE                                         r  output_bank/metadata_in_hold_reg[7]/C
  -------------------------------------------------------------------    -------------------
    SLICE_X36Y4          FDRE (Prop_fdre_C_Q)         0.128     0.538 r  output_bank/metadata_in_hold_reg[7]/Q
                         net (fo=2, routed)           0.080     0.618    output_bank/p_0_in1_in[1]
    SLICE_X37Y4          FDRE                                         r  output_bank/metadata_out_hold_reg[7]/D
  -------------------------------------------------------------------    -------------------

                         (clock source_100 rise edge)
                                                      0.000     0.000 r  
                                                      0.000     0.000 r  clk (IN)
                         net (fo=205, unset)          0.432     0.432    output_bank/clk
    SLICE_X37Y4          FDRE                                         r  output_bank/metadata_out_hold_reg[7]/C
                         clock pessimism              0.000     0.432    
                         clock uncertainty            0.035     0.467    
    SLICE_X37Y4          FDRE (Hold_fdre_C_D)         0.025     0.492    output_bank/metadata_out_hold_reg[7]
  -------------------------------------------------------------------
                         required time                         -0.492    
                         arrival time                           0.618    
  -------------------------------------------------------------------
                         slack                                  0.126    

Slack (MET) :             0.126ns  (arrival time - required time)
  Source:                 output_bank/metadata_in_hold_reg[45]/C
                            (rising edge-triggered cell FDRE clocked by island_175  {rise@0.000ns fall@2.857ns period=5.714ns})
  Destination:            output_bank/metadata_out_hold_reg[45]/D
                            (rising edge-triggered cell FDRE clocked by source_100  {rise@0.000ns fall@5.000ns period=10.000ns})
  Path Group:             source_100
  Path Type:              Hold (Min at Fast Process Corner)
  Requirement:            0.000ns  (source_100 rise@0.000ns - island_175 rise@0.000ns)
  Data Path Delay:        0.259ns  (logic 0.141ns (54.419%)  route 0.118ns (45.581%))
  Logic Levels:           0  
  Clock Path Skew:        0.022ns (DCD - SCD - CPR)
    Destination Clock Delay (DCD):    0.432ns
    Source Clock Delay      (SCD):    0.410ns
    Clock Pessimism Removal (CPR):    -0.000ns
  Clock Uncertainty:      0.035ns  ((TSJ^2 + TIJ^2)^1/2 + DJ) / 2 + PE
    Total System Jitter     (TSJ):    0.071ns
    Total Input Jitter      (TIJ):    0.000ns
    Discrete Jitter          (DJ):    0.000ns
    Phase Error              (PE):    0.000ns
  Clock Domain Crossing:  Inter clock paths are considered valid unless explicitly excluded by timing constraints such as set_clock_groups or set_false_path.

    Location             Delay type                Incr(ns)  Path(ns)    Netlist Resource(s)
  -------------------------------------------------------------------    -------------------
                         (clock island_175 rise edge)
                                                      0.000     0.000 r  
                                                      0.000     0.000 r  fft_clk (IN)
                         net (fo=4836, unset)         0.410     0.410    output_bank/fft_clk
    SLICE_X43Y11         FDRE                                         r  output_bank/metadata_in_hold_reg[45]/C
  -------------------------------------------------------------------    -------------------
    SLICE_X43Y11         FDRE (Prop_fdre_C_Q)         0.141     0.551 r  output_bank/metadata_in_hold_reg[45]/Q
                         net (fo=2, routed)           0.118     0.669    output_bank/metadata_in_hold_reg[71]_0[18]
    SLICE_X42Y10         FDRE                                         r  output_bank/metadata_out_hold_reg[45]/D
  -------------------------------------------------------------------    -------------------

                         (clock source_100 rise edge)
                                                      0.000     0.000 r  
                                                      0.000     0.000 r  clk (IN)
                         net (fo=205, unset)          0.432     0.432    output_bank/clk
    SLICE_X42Y10         FDRE                                         r  output_bank/metadata_out_hold_reg[45]/C
                         clock pessimism              0.000     0.432    
                         clock uncertainty            0.035     0.467    
    SLICE_X42Y10         FDRE (Hold_fdre_C_D)         0.076     0.543    output_bank/metadata_out_hold_reg[45]
  -------------------------------------------------------------------
                         required time                         -0.543    
                         arrival time                           0.669    
  -------------------------------------------------------------------
                         slack                                  0.126    

Slack (MET) :             0.129ns  (arrival time - required time)
  Source:                 output_bank/metadata_in_hold_reg[70]/C
                            (rising edge-triggered cell FDRE clocked by island_175  {rise@0.000ns fall@2.857ns period=5.714ns})
  Destination:            output_bank/metadata_out_hold_reg[70]/D
                            (rising edge-triggered cell FDRE clocked by source_100  {rise@0.000ns fall@5.000ns period=10.000ns})
  Path Group:             source_100
  Path Type:              Hold (Min at Fast Process Corner)
  Requirement:            0.000ns  (source_100 rise@0.000ns - island_175 rise@0.000ns)
  Data Path Delay:        0.261ns  (logic 0.141ns (53.940%)  route 0.120ns (46.060%))
  Logic Levels:           0  
  Clock Path Skew:        0.022ns (DCD - SCD - CPR)
    Destination Clock Delay (DCD):    0.432ns
    Source Clock Delay      (SCD):    0.410ns
    Clock Pessimism Removal (CPR):    -0.000ns
  Clock Uncertainty:      0.035ns  ((TSJ^2 + TIJ^2)^1/2 + DJ) / 2 + PE
    Total System Jitter     (TSJ):    0.071ns
    Total Input Jitter      (TIJ):    0.000ns
    Discrete Jitter          (DJ):    0.000ns
    Phase Error              (PE):    0.000ns
  Clock Domain Crossing:  Inter clock paths are considered valid unless explicitly excluded by timing constraints such as set_clock_groups or set_false_path.

    Location             Delay type                Incr(ns)  Path(ns)    Netlist Resource(s)
  -------------------------------------------------------------------    -------------------
                         (clock island_175 rise edge)
                                                      0.000     0.000 r  
                                                      0.000     0.000 r  fft_clk (IN)
                         net (fo=4836, unset)         0.410     0.410    output_bank/fft_clk
    SLICE_X43Y18         FDRE                                         r  output_bank/metadata_in_hold_reg[70]/C
  -------------------------------------------------------------------    -------------------
    SLICE_X43Y18         FDRE (Prop_fdre_C_Q)         0.141     0.551 r  output_bank/metadata_in_hold_reg[70]/Q
                         net (fo=2, routed)           0.120     0.672    output_bank/metadata_in_hold_reg[71]_0[37]
    SLICE_X40Y18         FDRE                                         r  output_bank/metadata_out_hold_reg[70]/D
  -------------------------------------------------------------------    -------------------

                         (clock source_100 rise edge)
                                                      0.000     0.000 r  
                                                      0.000     0.000 r  clk (IN)
                         net (fo=205, unset)          0.432     0.432    output_bank/clk
    SLICE_X40Y18         FDRE                                         r  output_bank/metadata_out_hold_reg[70]/C
                         clock pessimism              0.000     0.432    
                         clock uncertainty            0.035     0.467    
    SLICE_X40Y18         FDRE (Hold_fdre_C_D)         0.075     0.542    output_bank/metadata_out_hold_reg[70]
  -------------------------------------------------------------------
                         required time                         -0.542    
                         arrival time                           0.672    
  -------------------------------------------------------------------
                         slack                                  0.129    

Slack (MET) :             0.129ns  (arrival time - required time)
  Source:                 output_bank/metadata_in_hold_reg[38]/C
                            (rising edge-triggered cell FDRE clocked by island_175  {rise@0.000ns fall@2.857ns period=5.714ns})
  Destination:            output_bank/metadata_out_hold_reg[38]/D
                            (rising edge-triggered cell FDRE clocked by source_100  {rise@0.000ns fall@5.000ns period=10.000ns})
  Path Group:             source_100
  Path Type:              Hold (Min at Fast Process Corner)
  Requirement:            0.000ns  (source_100 rise@0.000ns - island_175 rise@0.000ns)
  Data Path Delay:        0.208ns  (logic 0.128ns (61.419%)  route 0.080ns (38.581%))
  Logic Levels:           0  
  Clock Path Skew:        0.022ns (DCD - SCD - CPR)
    Destination Clock Delay (DCD):    0.432ns
    Source Clock Delay      (SCD):    0.410ns
    Clock Pessimism Removal (CPR):    -0.000ns
  Clock Uncertainty:      0.035ns  ((TSJ^2 + TIJ^2)^1/2 + DJ) / 2 + PE
    Total System Jitter     (TSJ):    0.071ns
    Total Input Jitter      (TIJ):    0.000ns
    Discrete Jitter          (DJ):    0.000ns
    Phase Error              (PE):    0.000ns
  Clock Domain Crossing:  Inter clock paths are considered valid unless explicitly excluded by timing constraints such as set_clock_groups or set_false_path.

    Location             Delay type                Incr(ns)  Path(ns)    Netlist Resource(s)
  -------------------------------------------------------------------    -------------------
                         (clock island_175 rise edge)
                                                      0.000     0.000 r  
                                                      0.000     0.000 r  fft_clk (IN)
                         net (fo=4836, unset)         0.410     0.410    output_bank/fft_clk
    SLICE_X37Y5          FDRE                                         r  output_bank/metadata_in_hold_reg[38]/C
  -------------------------------------------------------------------    -------------------
    SLICE_X37Y5          FDRE (Prop_fdre_C_Q)         0.128     0.538 r  output_bank/metadata_in_hold_reg[38]/Q
                         net (fo=2, routed)           0.080     0.619    output_bank/metadata_in_hold_reg[71]_0[17]
    SLICE_X36Y5          FDRE                                         r  output_bank/metadata_out_hold_reg[38]/D
  -------------------------------------------------------------------    -------------------

                         (clock source_100 rise edge)
                                                      0.000     0.000 r  
                                                      0.000     0.000 r  clk (IN)
                         net (fo=205, unset)          0.432     0.432    output_bank/clk
    SLICE_X36Y5          FDRE                                         r  output_bank/metadata_out_hold_reg[38]/C
                         clock pessimism              0.000     0.432    
                         clock uncertainty            0.035     0.467    
    SLICE_X36Y5          FDRE (Hold_fdre_C_D)         0.022     0.489    output_bank/metadata_out_hold_reg[38]
  -------------------------------------------------------------------
                         required time                         -0.489    
                         arrival time                           0.619    
  -------------------------------------------------------------------
                         slack                                  0.129    

Slack (MET) :             0.130ns  (arrival time - required time)
  Source:                 output_bank/metadata_in_hold_reg[0]/C
                            (rising edge-triggered cell FDRE clocked by island_175  {rise@0.000ns fall@2.857ns period=5.714ns})
  Destination:            output_bank/metadata_out_hold_reg[0]/D
                            (rising edge-triggered cell FDRE clocked by source_100  {rise@0.000ns fall@5.000ns period=10.000ns})
  Path Group:             source_100
  Path Type:              Hold (Min at Fast Process Corner)
  Requirement:            0.000ns  (source_100 rise@0.000ns - island_175 rise@0.000ns)
  Data Path Delay:        0.265ns  (logic 0.141ns (53.299%)  route 0.124ns (46.701%))
  Logic Levels:           0  
  Clock Path Skew:        0.022ns (DCD - SCD - CPR)
    Destination Clock Delay (DCD):    0.432ns
    Source Clock Delay      (SCD):    0.410ns
    Clock Pessimism Removal (CPR):    -0.000ns
  Clock Uncertainty:      0.035ns  ((TSJ^2 + TIJ^2)^1/2 + DJ) / 2 + PE
    Total System Jitter     (TSJ):    0.071ns
    Total Input Jitter      (TIJ):    0.000ns
    Discrete Jitter          (DJ):    0.000ns
    Phase Error              (PE):    0.000ns
  Clock Domain Crossing:  Inter clock paths are considered valid unless explicitly excluded by timing constraints such as set_clock_groups or set_false_path.

    Location             Delay type                Incr(ns)  Path(ns)    Netlist Resource(s)
  -------------------------------------------------------------------    -------------------
                         (clock island_175 rise edge)
                                                      0.000     0.000 r  
                                                      0.000     0.000 r  fft_clk (IN)
                         net (fo=4836, unset)         0.410     0.410    output_bank/fft_clk
    SLICE_X27Y1          FDRE                                         r  output_bank/metadata_in_hold_reg[0]/C
  -------------------------------------------------------------------    -------------------
    SLICE_X27Y1          FDRE (Prop_fdre_C_Q)         0.141     0.551 r  output_bank/metadata_in_hold_reg[0]/Q
                         net (fo=2, routed)           0.124     0.675    output_bank/metadata_in_hold_reg[71]_0[0]
    SLICE_X27Y0          FDRE                                         r  output_bank/metadata_out_hold_reg[0]/D
  -------------------------------------------------------------------    -------------------

                         (clock source_100 rise edge)
                                                      0.000     0.000 r  
                                                      0.000     0.000 r  clk (IN)
                         net (fo=205, unset)          0.432     0.432    output_bank/clk
    SLICE_X27Y0          FDRE                                         r  output_bank/metadata_out_hold_reg[0]/C
                         clock pessimism              0.000     0.432    
                         clock uncertainty            0.035     0.467    
    SLICE_X27Y0          FDRE (Hold_fdre_C_D)         0.078     0.545    output_bank/metadata_out_hold_reg[0]
  -------------------------------------------------------------------
                         required time                         -0.545    
                         arrival time                           0.675    
  -------------------------------------------------------------------
                         slack                                  0.130    

Slack (MET) :             0.130ns  (arrival time - required time)
  Source:                 output_bank/metadata_in_hold_reg[41]/C
                            (rising edge-triggered cell FDRE clocked by island_175  {rise@0.000ns fall@2.857ns period=5.714ns})
  Destination:            output_bank/metadata_out_hold_reg[41]/D
                            (rising edge-triggered cell FDRE clocked by source_100  {rise@0.000ns fall@5.000ns period=10.000ns})
  Path Group:             source_100
  Path Type:              Hold (Min at Fast Process Corner)
  Requirement:            0.000ns  (source_100 rise@0.000ns - island_175 rise@0.000ns)
  Data Path Delay:        0.265ns  (logic 0.141ns (53.215%)  route 0.124ns (46.785%))
  Logic Levels:           0  
  Clock Path Skew:        0.022ns (DCD - SCD - CPR)
    Destination Clock Delay (DCD):    0.432ns
    Source Clock Delay      (SCD):    0.410ns
    Clock Pessimism Removal (CPR):    -0.000ns
  Clock Uncertainty:      0.035ns  ((TSJ^2 + TIJ^2)^1/2 + DJ) / 2 + PE
    Total System Jitter     (TSJ):    0.071ns
    Total Input Jitter      (TIJ):    0.000ns
    Discrete Jitter          (DJ):    0.000ns
    Phase Error              (PE):    0.000ns
  Clock Domain Crossing:  Inter clock paths are considered valid unless explicitly excluded by timing constraints such as set_clock_groups or set_false_path.

    Location             Delay type                Incr(ns)  Path(ns)    Netlist Resource(s)
  -------------------------------------------------------------------    -------------------
                         (clock island_175 rise edge)
                                                      0.000     0.000 r  
                                                      0.000     0.000 r  fft_clk (IN)
                         net (fo=4836, unset)         0.410     0.410    output_bank/fft_clk
    SLICE_X36Y8          FDRE                                         r  output_bank/metadata_in_hold_reg[41]/C
  -------------------------------------------------------------------    -------------------
    SLICE_X36Y8          FDRE (Prop_fdre_C_Q)         0.141     0.551 r  output_bank/metadata_in_hold_reg[41]/Q
                         net (fo=2, routed)           0.124     0.675    output_bank/p_0_in34_in[2]
    SLICE_X37Y8          FDRE                                         r  output_bank/metadata_out_hold_reg[41]/D
  -------------------------------------------------------------------    -------------------

                         (clock source_100 rise edge)
                                                      0.000     0.000 r  
                                                      0.000     0.000 r  clk (IN)
                         net (fo=205, unset)          0.432     0.432    output_bank/clk
    SLICE_X37Y8          FDRE                                         r  output_bank/metadata_out_hold_reg[41]/C
                         clock pessimism              0.000     0.432    
                         clock uncertainty            0.035     0.467    
    SLICE_X37Y8          FDRE (Hold_fdre_C_D)         0.078     0.545    output_bank/metadata_out_hold_reg[41]
  -------------------------------------------------------------------
                         required time                         -0.545    
                         arrival time                           0.675    
  -------------------------------------------------------------------
                         slack                                  0.130    

Slack (MET) :             0.130ns  (arrival time - required time)
  Source:                 output_bank/metadata_in_hold_reg[35]/C
                            (rising edge-triggered cell FDRE clocked by island_175  {rise@0.000ns fall@2.857ns period=5.714ns})
  Destination:            output_bank/metadata_out_hold_reg[35]/D
                            (rising edge-triggered cell FDRE clocked by source_100  {rise@0.000ns fall@5.000ns period=10.000ns})
  Path Group:             source_100
  Path Type:              Hold (Min at Fast Process Corner)
  Requirement:            0.000ns  (source_100 rise@0.000ns - island_175 rise@0.000ns)
  Data Path Delay:        0.263ns  (logic 0.141ns (53.584%)  route 0.122ns (46.416%))
  Logic Levels:           0  
  Clock Path Skew:        0.022ns (DCD - SCD - CPR)
    Destination Clock Delay (DCD):    0.432ns
    Source Clock Delay      (SCD):    0.410ns
    Clock Pessimism Removal (CPR):    -0.000ns
  Clock Uncertainty:      0.035ns  ((TSJ^2 + TIJ^2)^1/2 + DJ) / 2 + PE
    Total System Jitter     (TSJ):    0.071ns
    Total Input Jitter      (TIJ):    0.000ns
    Discrete Jitter          (DJ):    0.000ns
    Phase Error              (PE):    0.000ns
  Clock Domain Crossing:  Inter clock paths are considered valid unless explicitly excluded by timing constraints such as set_clock_groups or set_false_path.

    Location             Delay type                Incr(ns)  Path(ns)    Netlist Resource(s)
  -------------------------------------------------------------------    -------------------
                         (clock island_175 rise edge)
                                                      0.000     0.000 r  
                                                      0.000     0.000 r  fft_clk (IN)
                         net (fo=4836, unset)         0.410     0.410    output_bank/fft_clk
    SLICE_X37Y5          FDRE                                         r  output_bank/metadata_in_hold_reg[35]/C
  -------------------------------------------------------------------    -------------------
    SLICE_X37Y5          FDRE (Prop_fdre_C_Q)         0.141     0.551 r  output_bank/metadata_in_hold_reg[35]/Q
                         net (fo=2, routed)           0.122     0.673    output_bank/p_0_in28_in[2]
    SLICE_X37Y4          FDRE                                         r  output_bank/metadata_out_hold_reg[35]/D
  -------------------------------------------------------------------    -------------------

                         (clock source_100 rise edge)
                                                      0.000     0.000 r  
                                                      0.000     0.000 r  clk (IN)
                         net (fo=205, unset)          0.432     0.432    output_bank/clk
    SLICE_X37Y4          FDRE                                         r  output_bank/metadata_out_hold_reg[35]/C
                         clock pessimism              0.000     0.432    
                         clock uncertainty            0.035     0.467    
    SLICE_X37Y4          FDRE (Hold_fdre_C_D)         0.076     0.543    output_bank/metadata_out_hold_reg[35]
  -------------------------------------------------------------------
                         required time                         -0.543    
                         arrival time                           0.673    
  -------------------------------------------------------------------
                         slack                                  0.130    

Slack (MET) :             0.133ns  (arrival time - required time)
  Source:                 output_bank/metadata_in_hold_reg[56]/C
                            (rising edge-triggered cell FDRE clocked by island_175  {rise@0.000ns fall@2.857ns period=5.714ns})
  Destination:            output_bank/metadata_out_hold_reg[56]/D
                            (rising edge-triggered cell FDRE clocked by source_100  {rise@0.000ns fall@5.000ns period=10.000ns})
  Path Group:             source_100
  Path Type:              Hold (Min at Fast Process Corner)
  Requirement:            0.000ns  (source_100 rise@0.000ns - island_175 rise@0.000ns)
  Data Path Delay:        0.265ns  (logic 0.141ns (53.110%)  route 0.124ns (46.890%))
  Logic Levels:           0  
  Clock Path Skew:        0.022ns (DCD - SCD - CPR)
    Destination Clock Delay (DCD):    0.432ns
    Source Clock Delay      (SCD):    0.410ns
    Clock Pessimism Removal (CPR):    -0.000ns
  Clock Uncertainty:      0.035ns  ((TSJ^2 + TIJ^2)^1/2 + DJ) / 2 + PE
    Total System Jitter     (TSJ):    0.071ns
    Total Input Jitter      (TIJ):    0.000ns
    Discrete Jitter          (DJ):    0.000ns
    Phase Error              (PE):    0.000ns
  Clock Domain Crossing:  Inter clock paths are considered valid unless explicitly excluded by timing constraints such as set_clock_groups or set_false_path.

    Location             Delay type                Incr(ns)  Path(ns)    Netlist Resource(s)
  -------------------------------------------------------------------    -------------------
                         (clock island_175 rise edge)
                                                      0.000     0.000 r  
                                                      0.000     0.000 r  fft_clk (IN)
                         net (fo=4836, unset)         0.410     0.410    output_bank/fft_clk
    SLICE_X33Y7          FDRE                                         r  output_bank/metadata_in_hold_reg[56]/C
  -------------------------------------------------------------------    -------------------
    SLICE_X33Y7          FDRE (Prop_fdre_C_Q)         0.141     0.551 r  output_bank/metadata_in_hold_reg[56]/Q
                         net (fo=2, routed)           0.124     0.676    output_bank/p_0_in49_in[2]
    SLICE_X32Y9          FDRE                                         r  output_bank/metadata_out_hold_reg[56]/D
  -------------------------------------------------------------------    -------------------

                         (clock source_100 rise edge)
                                                      0.000     0.000 r  
                                                      0.000     0.000 r  clk (IN)
                         net (fo=205, unset)          0.432     0.432    output_bank/clk
    SLICE_X32Y9          FDRE                                         r  output_bank/metadata_out_hold_reg[56]/C
                         clock pessimism              0.000     0.432    
                         clock uncertainty            0.035     0.467    
    SLICE_X32Y9          FDRE (Hold_fdre_C_D)         0.076     0.543    output_bank/metadata_out_hold_reg[56]
  -------------------------------------------------------------------
                         required time                         -0.543    
                         arrival time                           0.676    
  -------------------------------------------------------------------
                         slack                                  0.133    

Slack (MET) :             0.133ns  (arrival time - required time)
  Source:                 output_bank/metadata_in_hold_reg[55]/C
                            (rising edge-triggered cell FDRE clocked by island_175  {rise@0.000ns fall@2.857ns period=5.714ns})
  Destination:            output_bank/metadata_out_hold_reg[55]/D
                            (rising edge-triggered cell FDRE clocked by source_100  {rise@0.000ns fall@5.000ns period=10.000ns})
  Path Group:             source_100
  Path Type:              Hold (Min at Fast Process Corner)
  Requirement:            0.000ns  (source_100 rise@0.000ns - island_175 rise@0.000ns)
  Data Path Delay:        0.266ns  (logic 0.141ns (53.085%)  route 0.125ns (46.915%))
  Logic Levels:           0  
  Clock Path Skew:        0.022ns (DCD - SCD - CPR)
    Destination Clock Delay (DCD):    0.432ns
    Source Clock Delay      (SCD):    0.410ns
    Clock Pessimism Removal (CPR):    -0.000ns
  Clock Uncertainty:      0.035ns  ((TSJ^2 + TIJ^2)^1/2 + DJ) / 2 + PE
    Total System Jitter     (TSJ):    0.071ns
    Total Input Jitter      (TIJ):    0.000ns
    Discrete Jitter          (DJ):    0.000ns
    Phase Error              (PE):    0.000ns
  Clock Domain Crossing:  Inter clock paths are considered valid unless explicitly excluded by timing constraints such as set_clock_groups or set_false_path.

    Location             Delay type                Incr(ns)  Path(ns)    Netlist Resource(s)
  -------------------------------------------------------------------    -------------------
                         (clock island_175 rise edge)
                                                      0.000     0.000 r  
                                                      0.000     0.000 r  fft_clk (IN)
                         net (fo=4836, unset)         0.410     0.410    output_bank/fft_clk
    SLICE_X33Y9          FDRE                                         r  output_bank/metadata_in_hold_reg[55]/C
  -------------------------------------------------------------------    -------------------
    SLICE_X33Y9          FDRE (Prop_fdre_C_Q)         0.141     0.551 r  output_bank/metadata_in_hold_reg[55]/Q
                         net (fo=2, routed)           0.125     0.676    output_bank/p_0_in49_in[1]
    SLICE_X32Y7          FDRE                                         r  output_bank/metadata_out_hold_reg[55]/D
  -------------------------------------------------------------------    -------------------

                         (clock source_100 rise edge)
                                                      0.000     0.000 r  
                                                      0.000     0.000 r  clk (IN)
                         net (fo=205, unset)          0.432     0.432    output_bank/clk
    SLICE_X32Y7          FDRE                                         r  output_bank/metadata_out_hold_reg[55]/C
                         clock pessimism              0.000     0.432    
                         clock uncertainty            0.035     0.467    
    SLICE_X32Y7          FDRE (Hold_fdre_C_D)         0.076     0.543    output_bank/metadata_out_hold_reg[55]
  -------------------------------------------------------------------
                         required time                         -0.543    
                         arrival time                           0.676    
  -------------------------------------------------------------------
                         slack                                  0.133    

Slack (MET) :             0.133ns  (arrival time - required time)
  Source:                 output_bank/metadata_in_hold_reg[17]/C
                            (rising edge-triggered cell FDRE clocked by island_175  {rise@0.000ns fall@2.857ns period=5.714ns})
  Destination:            output_bank/metadata_out_hold_reg[17]/D
                            (rising edge-triggered cell FDRE clocked by source_100  {rise@0.000ns fall@5.000ns period=10.000ns})
  Path Group:             source_100
  Path Type:              Hold (Min at Fast Process Corner)
  Requirement:            0.000ns  (source_100 rise@0.000ns - island_175 rise@0.000ns)
  Data Path Delay:        0.265ns  (logic 0.141ns (53.202%)  route 0.124ns (46.798%))
  Logic Levels:           0  
  Clock Path Skew:        0.022ns (DCD - SCD - CPR)
    Destination Clock Delay (DCD):    0.432ns
    Source Clock Delay      (SCD):    0.410ns
    Clock Pessimism Removal (CPR):    -0.000ns
  Clock Uncertainty:      0.035ns  ((TSJ^2 + TIJ^2)^1/2 + DJ) / 2 + PE
    Total System Jitter     (TSJ):    0.071ns
    Total Input Jitter      (TIJ):    0.000ns
    Discrete Jitter          (DJ):    0.000ns
    Phase Error              (PE):    0.000ns
  Clock Domain Crossing:  Inter clock paths are considered valid unless explicitly excluded by timing constraints such as set_clock_groups or set_false_path.

    Location             Delay type                Incr(ns)  Path(ns)    Netlist Resource(s)
  -------------------------------------------------------------------    -------------------
                         (clock island_175 rise edge)
                                                      0.000     0.000 r  
                                                      0.000     0.000 r  fft_clk (IN)
                         net (fo=4836, unset)         0.410     0.410    output_bank/fft_clk
    SLICE_X36Y0          FDRE                                         r  output_bank/metadata_in_hold_reg[17]/C
  -------------------------------------------------------------------    -------------------
    SLICE_X36Y0          FDRE (Prop_fdre_C_Q)         0.141     0.551 r  output_bank/metadata_in_hold_reg[17]/Q
                         net (fo=2, routed)           0.124     0.675    output_bank/p_0_in10_in[2]
    SLICE_X37Y1          FDRE                                         r  output_bank/metadata_out_hold_reg[17]/D
  -------------------------------------------------------------------    -------------------

                         (clock source_100 rise edge)
                                                      0.000     0.000 r  
                                                      0.000     0.000 r  clk (IN)
                         net (fo=205, unset)          0.432     0.432    output_bank/clk
    SLICE_X37Y1          FDRE                                         r  output_bank/metadata_out_hold_reg[17]/C
                         clock pessimism              0.000     0.432    
                         clock uncertainty            0.035     0.467    
    SLICE_X37Y1          FDRE (Hold_fdre_C_D)         0.075     0.542    output_bank/metadata_out_hold_reg[17]
  -------------------------------------------------------------------
                         required time                         -0.542    
                         arrival time                           0.675    
  -------------------------------------------------------------------
                         slack                                  0.133    

Slack (MET) :             0.133ns  (arrival time - required time)
  Source:                 output_bank/metadata_in_hold_reg[12]/C
                            (rising edge-triggered cell FDRE clocked by island_175  {rise@0.000ns fall@2.857ns period=5.714ns})
  Destination:            output_bank/metadata_out_hold_reg[12]/D
                            (rising edge-triggered cell FDRE clocked by source_100  {rise@0.000ns fall@5.000ns period=10.000ns})
  Path Group:             source_100
  Path Type:              Hold (Min at Fast Process Corner)
  Requirement:            0.000ns  (source_100 rise@0.000ns - island_175 rise@0.000ns)
  Data Path Delay:        0.266ns  (logic 0.141ns (52.997%)  route 0.125ns (47.003%))
  Logic Levels:           0  
  Clock Path Skew:        0.022ns (DCD - SCD - CPR)
    Destination Clock Delay (DCD):    0.432ns
    Source Clock Delay      (SCD):    0.410ns
    Clock Pessimism Removal (CPR):    -0.000ns
  Clock Uncertainty:      0.035ns  ((TSJ^2 + TIJ^2)^1/2 + DJ) / 2 + PE
    Total System Jitter     (TSJ):    0.071ns
    Total Input Jitter      (TIJ):    0.000ns
    Discrete Jitter          (DJ):    0.000ns
    Phase Error              (PE):    0.000ns
  Clock Domain Crossing:  Inter clock paths are considered valid unless explicitly excluded by timing constraints such as set_clock_groups or set_false_path.

    Location             Delay type                Incr(ns)  Path(ns)    Netlist Resource(s)
  -------------------------------------------------------------------    -------------------
                         (clock island_175 rise edge)
                                                      0.000     0.000 r  
                                                      0.000     0.000 r  fft_clk (IN)
                         net (fo=4836, unset)         0.410     0.410    output_bank/fft_clk
    SLICE_X36Y1          FDRE                                         r  output_bank/metadata_in_hold_reg[12]/C
  -------------------------------------------------------------------    -------------------
    SLICE_X36Y1          FDRE (Prop_fdre_C_Q)         0.141     0.551 r  output_bank/metadata_in_hold_reg[12]/Q
                         net (fo=2, routed)           0.125     0.676    output_bank/p_0_in7_in[0]
    SLICE_X37Y0          FDRE                                         r  output_bank/metadata_out_hold_reg[12]/D
  -------------------------------------------------------------------    -------------------

                         (clock source_100 rise edge)
                                                      0.000     0.000 r  
                                                      0.000     0.000 r  clk (IN)
                         net (fo=205, unset)          0.432     0.432    output_bank/clk
    SLICE_X37Y0          FDRE                                         r  output_bank/metadata_out_hold_reg[12]/C
                         clock pessimism              0.000     0.432    
                         clock uncertainty            0.035     0.467    
    SLICE_X37Y0          FDRE (Hold_fdre_C_D)         0.076     0.543    output_bank/metadata_out_hold_reg[12]
  -------------------------------------------------------------------
                         required time                         -0.543    
                         arrival time                           0.676    
  -------------------------------------------------------------------
                         slack                                  0.133    

Slack (MET) :             0.134ns  (arrival time - required time)
  Source:                 distributed_fast_fault.causes[2].cause_sticky_reg[2]/C
                            (rising edge-triggered cell FDRE clocked by island_175  {rise@0.000ns fall@2.857ns period=5.714ns})
  Destination:            per_cause_fault_cdc.causes[2].cause_sync_reg[0]/D
                            (rising edge-triggered cell FDRE clocked by source_100  {rise@0.000ns fall@5.000ns period=10.000ns})
  Path Group:             source_100
  Path Type:              Hold (Min at Fast Process Corner)
  Requirement:            0.000ns  (source_100 rise@0.000ns - island_175 rise@0.000ns)
  Data Path Delay:        0.267ns  (logic 0.141ns (52.880%)  route 0.126ns (47.120%))
  Logic Levels:           0  
  Clock Path Skew:        0.022ns (DCD - SCD - CPR)
    Destination Clock Delay (DCD):    0.432ns
    Source Clock Delay      (SCD):    0.410ns
    Clock Pessimism Removal (CPR):    -0.000ns
  Clock Uncertainty:      0.035ns  ((TSJ^2 + TIJ^2)^1/2 + DJ) / 2 + PE
    Total System Jitter     (TSJ):    0.071ns
    Total Input Jitter      (TIJ):    0.000ns
    Discrete Jitter          (DJ):    0.000ns
    Phase Error              (PE):    0.000ns
  Clock Domain Crossing:  Inter clock paths are considered valid unless explicitly excluded by timing constraints such as set_clock_groups or set_false_path.

    Location             Delay type                Incr(ns)  Path(ns)    Netlist Resource(s)
  -------------------------------------------------------------------    -------------------
                         (clock island_175 rise edge)
                                                      0.000     0.000 r  
                                                      0.000     0.000 r  fft_clk (IN)
                         net (fo=4836, unset)         0.410     0.410    fft_clk
    SLICE_X23Y0          FDRE                                         r  distributed_fast_fault.causes[2].cause_sticky_reg[2]/C
  -------------------------------------------------------------------    -------------------
    SLICE_X23Y0          FDRE (Prop_fdre_C_Q)         0.141     0.551 r  distributed_fast_fault.causes[2].cause_sticky_reg[2]/Q
                         net (fo=3, routed)           0.126     0.677    distributed_fast_fault.cause_sticky__0[2]
    SLICE_X24Y0          FDRE                                         r  per_cause_fault_cdc.causes[2].cause_sync_reg[0]/D
  -------------------------------------------------------------------    -------------------

                         (clock source_100 rise edge)
                                                      0.000     0.000 r  
                                                      0.000     0.000 r  clk (IN)
                         net (fo=205, unset)          0.432     0.432    clk
    SLICE_X24Y0          FDRE                                         r  per_cause_fault_cdc.causes[2].cause_sync_reg[0]/C
                         clock pessimism              0.000     0.432    
                         clock uncertainty            0.035     0.467    
    SLICE_X24Y0          FDRE (Hold_fdre_C_D)         0.076     0.543    per_cause_fault_cdc.causes[2].cause_sync_reg[0]
  -------------------------------------------------------------------
                         required time                         -0.543    
                         arrival time                           0.677    
  -------------------------------------------------------------------
                         slack                                  0.134    

Slack (MET) :             0.134ns  (arrival time - required time)
  Source:                 output_bank/metadata_in_hold_reg[29]/C
                            (rising edge-triggered cell FDRE clocked by island_175  {rise@0.000ns fall@2.857ns period=5.714ns})
  Destination:            output_bank/metadata_out_hold_reg[29]/D
                            (rising edge-triggered cell FDRE clocked by source_100  {rise@0.000ns fall@5.000ns period=10.000ns})
  Path Group:             source_100
  Path Type:              Hold (Min at Fast Process Corner)
  Requirement:            0.000ns  (source_100 rise@0.000ns - island_175 rise@0.000ns)
  Data Path Delay:        0.267ns  (logic 0.141ns (52.817%)  route 0.126ns (47.183%))
  Logic Levels:           0  
  Clock Path Skew:        0.022ns (DCD - SCD - CPR)
    Destination Clock Delay (DCD):    0.432ns
    Source Clock Delay      (SCD):    0.410ns
    Clock Pessimism Removal (CPR):    -0.000ns
  Clock Uncertainty:      0.035ns  ((TSJ^2 + TIJ^2)^1/2 + DJ) / 2 + PE
    Total System Jitter     (TSJ):    0.071ns
    Total Input Jitter      (TIJ):    0.000ns
    Discrete Jitter          (DJ):    0.000ns
    Phase Error              (PE):    0.000ns
  Clock Domain Crossing:  Inter clock paths are considered valid unless explicitly excluded by timing constraints such as set_clock_groups or set_false_path.

    Location             Delay type                Incr(ns)  Path(ns)    Netlist Resource(s)
  -------------------------------------------------------------------    -------------------
                         (clock island_175 rise edge)
                                                      0.000     0.000 r  
                                                      0.000     0.000 r  fft_clk (IN)
                         net (fo=4836, unset)         0.410     0.410    output_bank/fft_clk
    SLICE_X36Y4          FDRE                                         r  output_bank/metadata_in_hold_reg[29]/C
  -------------------------------------------------------------------    -------------------
    SLICE_X36Y4          FDRE (Prop_fdre_C_Q)         0.141     0.551 r  output_bank/metadata_in_hold_reg[29]/Q
                         net (fo=2, routed)           0.126     0.677    output_bank/p_0_in22_in[2]
    SLICE_X36Y5          FDRE                                         r  output_bank/metadata_out_hold_reg[29]/D
  -------------------------------------------------------------------    -------------------

                         (clock source_100 rise edge)
                                                      0.000     0.000 r  
                                                      0.000     0.000 r  clk (IN)
                         net (fo=205, unset)          0.432     0.432    output_bank/clk
    SLICE_X36Y5          FDRE                                         r  output_bank/metadata_out_hold_reg[29]/C
                         clock pessimism              0.000     0.432    
                         clock uncertainty            0.035     0.467    
    SLICE_X36Y5          FDRE (Hold_fdre_C_D)         0.076     0.543    output_bank/metadata_out_hold_reg[29]
  -------------------------------------------------------------------
                         required time                         -0.543    
                         arrival time                           0.677    
  -------------------------------------------------------------------
                         slack                                  0.134    





---------------------------------------------------------------------------------------------------
Path Group:  **async_default**
From Clock:  island_175
  To Clock:  island_175

Setup :            0  Failing Endpoints,  Worst Slack        0.958ns,  Total Violation        0.000ns
Hold  :            0  Failing Endpoints,  Worst Slack        0.877ns,  Total Violation        0.000ns
---------------------------------------------------------------------------------------------------


Max Delay Paths
--------------------------------------------------------------------------------------
Slack (MET) :             0.958ns  (required time - arrival time)
  Source:                 fast_reset_fast_reg[1]/C
                            (rising edge-triggered cell FDCE clocked by island_175  {rise@0.000ns fall@2.857ns period=5.714ns})
  Destination:            input_guard/descriptor_reg[21]/CLR
                            (recovery check against rising-edge clock island_175  {rise@0.000ns fall@2.857ns period=5.714ns})
  Path Group:             **async_default**
  Path Type:              Recovery (Max at Slow Process Corner)
  Requirement:            5.714ns  (island_175 rise@5.714ns - island_175 rise@0.000ns)
  Data Path Delay:        4.063ns  (logic 0.834ns (20.526%)  route 3.229ns (79.474%))
  Logic Levels:           2  (LUT2=2)
  Clock Path Skew:        -0.049ns (DCD - SCD + CPR)
    Destination Clock Delay (DCD):    0.924ns = ( 6.638 - 5.714 ) 
    Source Clock Delay      (SCD):    0.973ns
    Clock Pessimism Removal (CPR):    0.000ns
  Clock Uncertainty:      0.035ns  ((TSJ^2 + TIJ^2)^1/2 + DJ) / 2 + PE
    Total System Jitter     (TSJ):    0.071ns
    Total Input Jitter      (TIJ):    0.000ns
    Discrete Jitter          (DJ):    0.000ns
    Phase Error              (PE):    0.000ns

    Location             Delay type                Incr(ns)  Path(ns)    Netlist Resource(s)
  -------------------------------------------------------------------    -------------------
                         (clock island_175 rise edge)
                                                      0.000     0.000 r  
                                                      0.000     0.000 r  fft_clk (IN)
                         net (fo=4836, unset)         0.973     0.973    fft_clk
    SLICE_X22Y6          FDCE                                         r  fast_reset_fast_reg[1]/C
  -------------------------------------------------------------------    -------------------
    SLICE_X22Y6          FDCE (Prop_fdce_C_Q)         0.419     1.392 r  fast_reset_fast_reg[1]/Q
                         net (fo=1, routed)           0.710     2.102    product/out[0]
    SLICE_X25Y5          LUT2 (Prop_lut2_I0_O)        0.299     2.401 f  product/request_sync[1]_i_1/O
                         net (fo=1048, routed)        1.103     3.503    input_guard/expected_position_reg[8]_0
    SLICE_X28Y3          LUT2 (Prop_lut2_I1_O)        0.116     3.619 f  input_guard/fault_reasons[2]_i_2__0/O
                         net (fo=85, routed)          1.417     5.036    input_guard/fault_reasons[2]_i_2__0_n_0
    SLICE_X18Y9          FDCE                                         f  input_guard/descriptor_reg[21]/CLR
  -------------------------------------------------------------------    -------------------

                         (clock island_175 rise edge)
                                                      5.714     5.714 r  
                                                      0.000     5.714 r  fft_clk (IN)
                         net (fo=4836, unset)         0.924     6.638    input_guard/fft_clk
    SLICE_X18Y9          FDCE                                         r  input_guard/descriptor_reg[21]/C
                         clock pessimism              0.000     6.638    
                         clock uncertainty           -0.035     6.603    
    SLICE_X18Y9          FDCE (Recov_fdce_C_CLR)     -0.609     5.994    input_guard/descriptor_reg[21]
  -------------------------------------------------------------------
                         required time                          5.994    
                         arrival time                          -5.036    
  -------------------------------------------------------------------
                         slack                                  0.958    

Slack (MET) :             0.958ns  (required time - arrival time)
  Source:                 fast_reset_fast_reg[1]/C
                            (rising edge-triggered cell FDCE clocked by island_175  {rise@0.000ns fall@2.857ns period=5.714ns})
  Destination:            input_guard/descriptor_reg[27]/CLR
                            (recovery check against rising-edge clock island_175  {rise@0.000ns fall@2.857ns period=5.714ns})
  Path Group:             **async_default**
  Path Type:              Recovery (Max at Slow Process Corner)
  Requirement:            5.714ns  (island_175 rise@5.714ns - island_175 rise@0.000ns)
  Data Path Delay:        4.063ns  (logic 0.834ns (20.526%)  route 3.229ns (79.474%))
  Logic Levels:           2  (LUT2=2)
  Clock Path Skew:        -0.049ns (DCD - SCD + CPR)
    Destination Clock Delay (DCD):    0.924ns = ( 6.638 - 5.714 ) 
    Source Clock Delay      (SCD):    0.973ns
    Clock Pessimism Removal (CPR):    0.000ns
  Clock Uncertainty:      0.035ns  ((TSJ^2 + TIJ^2)^1/2 + DJ) / 2 + PE
    Total System Jitter     (TSJ):    0.071ns
    Total Input Jitter      (TIJ):    0.000ns
    Discrete Jitter          (DJ):    0.000ns
    Phase Error              (PE):    0.000ns

    Location             Delay type                Incr(ns)  Path(ns)    Netlist Resource(s)
  -------------------------------------------------------------------    -------------------
                         (clock island_175 rise edge)
                                                      0.000     0.000 r  
                                                      0.000     0.000 r  fft_clk (IN)
                         net (fo=4836, unset)         0.973     0.973    fft_clk
    SLICE_X22Y6          FDCE                                         r  fast_reset_fast_reg[1]/C
  -------------------------------------------------------------------    -------------------
    SLICE_X22Y6          FDCE (Prop_fdce_C_Q)         0.419     1.392 r  fast_reset_fast_reg[1]/Q
                         net (fo=1, routed)           0.710     2.102    product/out[0]
    SLICE_X25Y5          LUT2 (Prop_lut2_I0_O)        0.299     2.401 f  product/request_sync[1]_i_1/O
                         net (fo=1048, routed)        1.103     3.503    input_guard/expected_position_reg[8]_0
    SLICE_X28Y3          LUT2 (Prop_lut2_I1_O)        0.116     3.619 f  input_guard/fault_reasons[2]_i_2__0/O
                         net (fo=85, routed)          1.417     5.036    input_guard/fault_reasons[2]_i_2__0_n_0
    SLICE_X18Y9          FDCE                                         f  input_guard/descriptor_reg[27]/CLR
  -------------------------------------------------------------------    -------------------

                         (clock island_175 rise edge)
                                                      5.714     5.714 r  
                                                      0.000     5.714 r  fft_clk (IN)
                         net (fo=4836, unset)         0.924     6.638    input_guard/fft_clk
    SLICE_X18Y9          FDCE                                         r  input_guard/descriptor_reg[27]/C
                         clock pessimism              0.000     6.638    
                         clock uncertainty           -0.035     6.603    
    SLICE_X18Y9          FDCE (Recov_fdce_C_CLR)     -0.609     5.994    input_guard/descriptor_reg[27]
  -------------------------------------------------------------------
                         required time                          5.994    
                         arrival time                          -5.036    
  -------------------------------------------------------------------
                         slack                                  0.958    

Slack (MET) :             0.958ns  (required time - arrival time)
  Source:                 fast_reset_fast_reg[1]/C
                            (rising edge-triggered cell FDCE clocked by island_175  {rise@0.000ns fall@2.857ns period=5.714ns})
  Destination:            input_guard/descriptor_reg[30]/CLR
                            (recovery check against rising-edge clock island_175  {rise@0.000ns fall@2.857ns period=5.714ns})
  Path Group:             **async_default**
  Path Type:              Recovery (Max at Slow Process Corner)
  Requirement:            5.714ns  (island_175 rise@5.714ns - island_175 rise@0.000ns)
  Data Path Delay:        4.063ns  (logic 0.834ns (20.526%)  route 3.229ns (79.474%))
  Logic Levels:           2  (LUT2=2)
  Clock Path Skew:        -0.049ns (DCD - SCD + CPR)
    Destination Clock Delay (DCD):    0.924ns = ( 6.638 - 5.714 ) 
    Source Clock Delay      (SCD):    0.973ns
    Clock Pessimism Removal (CPR):    0.000ns
  Clock Uncertainty:      0.035ns  ((TSJ^2 + TIJ^2)^1/2 + DJ) / 2 + PE
    Total System Jitter     (TSJ):    0.071ns
    Total Input Jitter      (TIJ):    0.000ns
    Discrete Jitter          (DJ):    0.000ns
    Phase Error              (PE):    0.000ns

    Location             Delay type                Incr(ns)  Path(ns)    Netlist Resource(s)
  -------------------------------------------------------------------    -------------------
                         (clock island_175 rise edge)
                                                      0.000     0.000 r  
                                                      0.000     0.000 r  fft_clk (IN)
                         net (fo=4836, unset)         0.973     0.973    fft_clk
    SLICE_X22Y6          FDCE                                         r  fast_reset_fast_reg[1]/C
  -------------------------------------------------------------------    -------------------
    SLICE_X22Y6          FDCE (Prop_fdce_C_Q)         0.419     1.392 r  fast_reset_fast_reg[1]/Q
                         net (fo=1, routed)           0.710     2.102    product/out[0]
    SLICE_X25Y5          LUT2 (Prop_lut2_I0_O)        0.299     2.401 f  product/request_sync[1]_i_1/O
                         net (fo=1048, routed)        1.103     3.503    input_guard/expected_position_reg[8]_0
    SLICE_X28Y3          LUT2 (Prop_lut2_I1_O)        0.116     3.619 f  input_guard/fault_reasons[2]_i_2__0/O
                         net (fo=85, routed)          1.417     5.036    input_guard/fault_reasons[2]_i_2__0_n_0
    SLICE_X18Y9          FDCE                                         f  input_guard/descriptor_reg[30]/CLR
  -------------------------------------------------------------------    -------------------

                         (clock island_175 rise edge)
                                                      5.714     5.714 r  
                                                      0.000     5.714 r  fft_clk (IN)
                         net (fo=4836, unset)         0.924     6.638    input_guard/fft_clk
    SLICE_X18Y9          FDCE                                         r  input_guard/descriptor_reg[30]/C
                         clock pessimism              0.000     6.638    
                         clock uncertainty           -0.035     6.603    
    SLICE_X18Y9          FDCE (Recov_fdce_C_CLR)     -0.609     5.994    input_guard/descriptor_reg[30]
  -------------------------------------------------------------------
                         required time                          5.994    
                         arrival time                          -5.036    
  -------------------------------------------------------------------
                         slack                                  0.958    

Slack (MET) :             0.958ns  (required time - arrival time)
  Source:                 fast_reset_fast_reg[1]/C
                            (rising edge-triggered cell FDCE clocked by island_175  {rise@0.000ns fall@2.857ns period=5.714ns})
  Destination:            input_guard/descriptor_reg[31]/CLR
                            (recovery check against rising-edge clock island_175  {rise@0.000ns fall@2.857ns period=5.714ns})
  Path Group:             **async_default**
  Path Type:              Recovery (Max at Slow Process Corner)
  Requirement:            5.714ns  (island_175 rise@5.714ns - island_175 rise@0.000ns)
  Data Path Delay:        4.063ns  (logic 0.834ns (20.526%)  route 3.229ns (79.474%))
  Logic Levels:           2  (LUT2=2)
  Clock Path Skew:        -0.049ns (DCD - SCD + CPR)
    Destination Clock Delay (DCD):    0.924ns = ( 6.638 - 5.714 ) 
    Source Clock Delay      (SCD):    0.973ns
    Clock Pessimism Removal (CPR):    0.000ns
  Clock Uncertainty:      0.035ns  ((TSJ^2 + TIJ^2)^1/2 + DJ) / 2 + PE
    Total System Jitter     (TSJ):    0.071ns
    Total Input Jitter      (TIJ):    0.000ns
    Discrete Jitter          (DJ):    0.000ns
    Phase Error              (PE):    0.000ns

    Location             Delay type                Incr(ns)  Path(ns)    Netlist Resource(s)
  -------------------------------------------------------------------    -------------------
                         (clock island_175 rise edge)
                                                      0.000     0.000 r  
                                                      0.000     0.000 r  fft_clk (IN)
                         net (fo=4836, unset)         0.973     0.973    fft_clk
    SLICE_X22Y6          FDCE                                         r  fast_reset_fast_reg[1]/C
  -------------------------------------------------------------------    -------------------
    SLICE_X22Y6          FDCE (Prop_fdce_C_Q)         0.419     1.392 r  fast_reset_fast_reg[1]/Q
                         net (fo=1, routed)           0.710     2.102    product/out[0]
    SLICE_X25Y5          LUT2 (Prop_lut2_I0_O)        0.299     2.401 f  product/request_sync[1]_i_1/O
                         net (fo=1048, routed)        1.103     3.503    input_guard/expected_position_reg[8]_0
    SLICE_X28Y3          LUT2 (Prop_lut2_I1_O)        0.116     3.619 f  input_guard/fault_reasons[2]_i_2__0/O
                         net (fo=85, routed)          1.417     5.036    input_guard/fault_reasons[2]_i_2__0_n_0
    SLICE_X18Y9          FDCE                                         f  input_guard/descriptor_reg[31]/CLR
  -------------------------------------------------------------------    -------------------

                         (clock island_175 rise edge)
                                                      5.714     5.714 r  
                                                      0.000     5.714 r  fft_clk (IN)
                         net (fo=4836, unset)         0.924     6.638    input_guard/fft_clk
    SLICE_X18Y9          FDCE                                         r  input_guard/descriptor_reg[31]/C
                         clock pessimism              0.000     6.638    
                         clock uncertainty           -0.035     6.603    
    SLICE_X18Y9          FDCE (Recov_fdce_C_CLR)     -0.609     5.994    input_guard/descriptor_reg[31]
  -------------------------------------------------------------------
                         required time                          5.994    
                         arrival time                          -5.036    
  -------------------------------------------------------------------
                         slack                                  0.958    

Slack (MET) :             0.958ns  (required time - arrival time)
  Source:                 fast_reset_fast_reg[1]/C
                            (rising edge-triggered cell FDCE clocked by island_175  {rise@0.000ns fall@2.857ns period=5.714ns})
  Destination:            input_guard/descriptor_reg[63]/CLR
                            (recovery check against rising-edge clock island_175  {rise@0.000ns fall@2.857ns period=5.714ns})
  Path Group:             **async_default**
  Path Type:              Recovery (Max at Slow Process Corner)
  Requirement:            5.714ns  (island_175 rise@5.714ns - island_175 rise@0.000ns)
  Data Path Delay:        4.063ns  (logic 0.834ns (20.526%)  route 3.229ns (79.474%))
  Logic Levels:           2  (LUT2=2)
  Clock Path Skew:        -0.049ns (DCD - SCD + CPR)
    Destination Clock Delay (DCD):    0.924ns = ( 6.638 - 5.714 ) 
    Source Clock Delay      (SCD):    0.973ns
    Clock Pessimism Removal (CPR):    0.000ns
  Clock Uncertainty:      0.035ns  ((TSJ^2 + TIJ^2)^1/2 + DJ) / 2 + PE
    Total System Jitter     (TSJ):    0.071ns
    Total Input Jitter      (TIJ):    0.000ns
    Discrete Jitter          (DJ):    0.000ns
    Phase Error              (PE):    0.000ns

    Location             Delay type                Incr(ns)  Path(ns)    Netlist Resource(s)
  -------------------------------------------------------------------    -------------------
                         (clock island_175 rise edge)
                                                      0.000     0.000 r  
                                                      0.000     0.000 r  fft_clk (IN)
                         net (fo=4836, unset)         0.973     0.973    fft_clk
    SLICE_X22Y6          FDCE                                         r  fast_reset_fast_reg[1]/C
  -------------------------------------------------------------------    -------------------
    SLICE_X22Y6          FDCE (Prop_fdce_C_Q)         0.419     1.392 r  fast_reset_fast_reg[1]/Q
                         net (fo=1, routed)           0.710     2.102    product/out[0]
    SLICE_X25Y5          LUT2 (Prop_lut2_I0_O)        0.299     2.401 f  product/request_sync[1]_i_1/O
                         net (fo=1048, routed)        1.103     3.503    input_guard/expected_position_reg[8]_0
    SLICE_X28Y3          LUT2 (Prop_lut2_I1_O)        0.116     3.619 f  input_guard/fault_reasons[2]_i_2__0/O
                         net (fo=85, routed)          1.417     5.036    input_guard/fault_reasons[2]_i_2__0_n_0
    SLICE_X18Y9          FDCE                                         f  input_guard/descriptor_reg[63]/CLR
  -------------------------------------------------------------------    -------------------

                         (clock island_175 rise edge)
                                                      5.714     5.714 r  
                                                      0.000     5.714 r  fft_clk (IN)
                         net (fo=4836, unset)         0.924     6.638    input_guard/fft_clk
    SLICE_X18Y9          FDCE                                         r  input_guard/descriptor_reg[63]/C
                         clock pessimism              0.000     6.638    
                         clock uncertainty           -0.035     6.603    
    SLICE_X18Y9          FDCE (Recov_fdce_C_CLR)     -0.609     5.994    input_guard/descriptor_reg[63]
  -------------------------------------------------------------------
                         required time                          5.994    
                         arrival time                          -5.036    
  -------------------------------------------------------------------
                         slack                                  0.958    

Slack (MET) :             0.958ns  (required time - arrival time)
  Source:                 fast_reset_fast_reg[1]/C
                            (rising edge-triggered cell FDCE clocked by island_175  {rise@0.000ns fall@2.857ns period=5.714ns})
  Destination:            input_guard/descriptor_reg[64]/CLR
                            (recovery check against rising-edge clock island_175  {rise@0.000ns fall@2.857ns period=5.714ns})
  Path Group:             **async_default**
  Path Type:              Recovery (Max at Slow Process Corner)
  Requirement:            5.714ns  (island_175 rise@5.714ns - island_175 rise@0.000ns)
  Data Path Delay:        4.063ns  (logic 0.834ns (20.526%)  route 3.229ns (79.474%))
  Logic Levels:           2  (LUT2=2)
  Clock Path Skew:        -0.049ns (DCD - SCD + CPR)
    Destination Clock Delay (DCD):    0.924ns = ( 6.638 - 5.714 ) 
    Source Clock Delay      (SCD):    0.973ns
    Clock Pessimism Removal (CPR):    0.000ns
  Clock Uncertainty:      0.035ns  ((TSJ^2 + TIJ^2)^1/2 + DJ) / 2 + PE
    Total System Jitter     (TSJ):    0.071ns
    Total Input Jitter      (TIJ):    0.000ns
    Discrete Jitter          (DJ):    0.000ns
    Phase Error              (PE):    0.000ns

    Location             Delay type                Incr(ns)  Path(ns)    Netlist Resource(s)
  -------------------------------------------------------------------    -------------------
                         (clock island_175 rise edge)
                                                      0.000     0.000 r  
                                                      0.000     0.000 r  fft_clk (IN)
                         net (fo=4836, unset)         0.973     0.973    fft_clk
    SLICE_X22Y6          FDCE                                         r  fast_reset_fast_reg[1]/C
  -------------------------------------------------------------------    -------------------
    SLICE_X22Y6          FDCE (Prop_fdce_C_Q)         0.419     1.392 r  fast_reset_fast_reg[1]/Q
                         net (fo=1, routed)           0.710     2.102    product/out[0]
    SLICE_X25Y5          LUT2 (Prop_lut2_I0_O)        0.299     2.401 f  product/request_sync[1]_i_1/O
                         net (fo=1048, routed)        1.103     3.503    input_guard/expected_position_reg[8]_0
    SLICE_X28Y3          LUT2 (Prop_lut2_I1_O)        0.116     3.619 f  input_guard/fault_reasons[2]_i_2__0/O
                         net (fo=85, routed)          1.417     5.036    input_guard/fault_reasons[2]_i_2__0_n_0
    SLICE_X18Y9          FDCE                                         f  input_guard/descriptor_reg[64]/CLR
  -------------------------------------------------------------------    -------------------

                         (clock island_175 rise edge)
                                                      5.714     5.714 r  
                                                      0.000     5.714 r  fft_clk (IN)
                         net (fo=4836, unset)         0.924     6.638    input_guard/fft_clk
    SLICE_X18Y9          FDCE                                         r  input_guard/descriptor_reg[64]/C
                         clock pessimism              0.000     6.638    
                         clock uncertainty           -0.035     6.603    
    SLICE_X18Y9          FDCE (Recov_fdce_C_CLR)     -0.609     5.994    input_guard/descriptor_reg[64]
  -------------------------------------------------------------------
                         required time                          5.994    
                         arrival time                          -5.036    
  -------------------------------------------------------------------
                         slack                                  0.958    

Slack (MET) :             0.958ns  (required time - arrival time)
  Source:                 fast_reset_fast_reg[1]/C
                            (rising edge-triggered cell FDCE clocked by island_175  {rise@0.000ns fall@2.857ns period=5.714ns})
  Destination:            input_guard/descriptor_reg[65]/CLR
                            (recovery check against rising-edge clock island_175  {rise@0.000ns fall@2.857ns period=5.714ns})
  Path Group:             **async_default**
  Path Type:              Recovery (Max at Slow Process Corner)
  Requirement:            5.714ns  (island_175 rise@5.714ns - island_175 rise@0.000ns)
  Data Path Delay:        4.063ns  (logic 0.834ns (20.526%)  route 3.229ns (79.474%))
  Logic Levels:           2  (LUT2=2)
  Clock Path Skew:        -0.049ns (DCD - SCD + CPR)
    Destination Clock Delay (DCD):    0.924ns = ( 6.638 - 5.714 ) 
    Source Clock Delay      (SCD):    0.973ns
    Clock Pessimism Removal (CPR):    0.000ns
  Clock Uncertainty:      0.035ns  ((TSJ^2 + TIJ^2)^1/2 + DJ) / 2 + PE
    Total System Jitter     (TSJ):    0.071ns
    Total Input Jitter      (TIJ):    0.000ns
    Discrete Jitter          (DJ):    0.000ns
    Phase Error              (PE):    0.000ns

    Location             Delay type                Incr(ns)  Path(ns)    Netlist Resource(s)
  -------------------------------------------------------------------    -------------------
                         (clock island_175 rise edge)
                                                      0.000     0.000 r  
                                                      0.000     0.000 r  fft_clk (IN)
                         net (fo=4836, unset)         0.973     0.973    fft_clk
    SLICE_X22Y6          FDCE                                         r  fast_reset_fast_reg[1]/C
  -------------------------------------------------------------------    -------------------
    SLICE_X22Y6          FDCE (Prop_fdce_C_Q)         0.419     1.392 r  fast_reset_fast_reg[1]/Q
                         net (fo=1, routed)           0.710     2.102    product/out[0]
    SLICE_X25Y5          LUT2 (Prop_lut2_I0_O)        0.299     2.401 f  product/request_sync[1]_i_1/O
                         net (fo=1048, routed)        1.103     3.503    input_guard/expected_position_reg[8]_0
    SLICE_X28Y3          LUT2 (Prop_lut2_I1_O)        0.116     3.619 f  input_guard/fault_reasons[2]_i_2__0/O
                         net (fo=85, routed)          1.417     5.036    input_guard/fault_reasons[2]_i_2__0_n_0
    SLICE_X18Y9          FDCE                                         f  input_guard/descriptor_reg[65]/CLR
  -------------------------------------------------------------------    -------------------

                         (clock island_175 rise edge)
                                                      5.714     5.714 r  
                                                      0.000     5.714 r  fft_clk (IN)
                         net (fo=4836, unset)         0.924     6.638    input_guard/fft_clk
    SLICE_X18Y9          FDCE                                         r  input_guard/descriptor_reg[65]/C
                         clock pessimism              0.000     6.638    
                         clock uncertainty           -0.035     6.603    
    SLICE_X18Y9          FDCE (Recov_fdce_C_CLR)     -0.609     5.994    input_guard/descriptor_reg[65]
  -------------------------------------------------------------------
                         required time                          5.994    
                         arrival time                          -5.036    
  -------------------------------------------------------------------
                         slack                                  0.958    

Slack (MET) :             0.967ns  (required time - arrival time)
  Source:                 fast_reset_fast_reg[1]/C
                            (rising edge-triggered cell FDCE clocked by island_175  {rise@0.000ns fall@2.857ns period=5.714ns})
  Destination:            input_guard/descriptor_reg[67]/CLR
                            (recovery check against rising-edge clock island_175  {rise@0.000ns fall@2.857ns period=5.714ns})
  Path Group:             **async_default**
  Path Type:              Recovery (Max at Slow Process Corner)
  Requirement:            5.714ns  (island_175 rise@5.714ns - island_175 rise@0.000ns)
  Data Path Delay:        4.054ns  (logic 0.834ns (20.572%)  route 3.220ns (79.428%))
  Logic Levels:           2  (LUT2=2)
  Clock Path Skew:        -0.049ns (DCD - SCD + CPR)
    Destination Clock Delay (DCD):    0.924ns = ( 6.638 - 5.714 ) 
    Source Clock Delay      (SCD):    0.973ns
    Clock Pessimism Removal (CPR):    0.000ns
  Clock Uncertainty:      0.035ns  ((TSJ^2 + TIJ^2)^1/2 + DJ) / 2 + PE
    Total System Jitter     (TSJ):    0.071ns
    Total Input Jitter      (TIJ):    0.000ns
    Discrete Jitter          (DJ):    0.000ns
    Phase Error              (PE):    0.000ns

    Location             Delay type                Incr(ns)  Path(ns)    Netlist Resource(s)
  -------------------------------------------------------------------    -------------------
                         (clock island_175 rise edge)
                                                      0.000     0.000 r  
                                                      0.000     0.000 r  fft_clk (IN)
                         net (fo=4836, unset)         0.973     0.973    fft_clk
    SLICE_X22Y6          FDCE                                         r  fast_reset_fast_reg[1]/C
  -------------------------------------------------------------------    -------------------
    SLICE_X22Y6          FDCE (Prop_fdce_C_Q)         0.419     1.392 r  fast_reset_fast_reg[1]/Q
                         net (fo=1, routed)           0.710     2.102    product/out[0]
    SLICE_X25Y5          LUT2 (Prop_lut2_I0_O)        0.299     2.401 f  product/request_sync[1]_i_1/O
                         net (fo=1048, routed)        1.103     3.503    input_guard/expected_position_reg[8]_0
    SLICE_X28Y3          LUT2 (Prop_lut2_I1_O)        0.116     3.619 f  input_guard/fault_reasons[2]_i_2__0/O
                         net (fo=85, routed)          1.408     5.027    input_guard/fault_reasons[2]_i_2__0_n_0
    SLICE_X18Y11         FDCE                                         f  input_guard/descriptor_reg[67]/CLR
  -------------------------------------------------------------------    -------------------

                         (clock island_175 rise edge)
                                                      5.714     5.714 r  
                                                      0.000     5.714 r  fft_clk (IN)
                         net (fo=4836, unset)         0.924     6.638    input_guard/fft_clk
    SLICE_X18Y11         FDCE                                         r  input_guard/descriptor_reg[67]/C
                         clock pessimism              0.000     6.638    
                         clock uncertainty           -0.035     6.603    
    SLICE_X18Y11         FDCE (Recov_fdce_C_CLR)     -0.609     5.994    input_guard/descriptor_reg[67]
  -------------------------------------------------------------------
                         required time                          5.994    
                         arrival time                          -5.027    
  -------------------------------------------------------------------
                         slack                                  0.967    

Slack (MET) :             0.967ns  (required time - arrival time)
  Source:                 fast_reset_fast_reg[1]/C
                            (rising edge-triggered cell FDCE clocked by island_175  {rise@0.000ns fall@2.857ns period=5.714ns})
  Destination:            input_guard/descriptor_reg[68]/CLR
                            (recovery check against rising-edge clock island_175  {rise@0.000ns fall@2.857ns period=5.714ns})
  Path Group:             **async_default**
  Path Type:              Recovery (Max at Slow Process Corner)
  Requirement:            5.714ns  (island_175 rise@5.714ns - island_175 rise@0.000ns)
  Data Path Delay:        4.054ns  (logic 0.834ns (20.572%)  route 3.220ns (79.428%))
  Logic Levels:           2  (LUT2=2)
  Clock Path Skew:        -0.049ns (DCD - SCD + CPR)
    Destination Clock Delay (DCD):    0.924ns = ( 6.638 - 5.714 ) 
    Source Clock Delay      (SCD):    0.973ns
    Clock Pessimism Removal (CPR):    0.000ns
  Clock Uncertainty:      0.035ns  ((TSJ^2 + TIJ^2)^1/2 + DJ) / 2 + PE
    Total System Jitter     (TSJ):    0.071ns
    Total Input Jitter      (TIJ):    0.000ns
    Discrete Jitter          (DJ):    0.000ns
    Phase Error              (PE):    0.000ns

    Location             Delay type                Incr(ns)  Path(ns)    Netlist Resource(s)
  -------------------------------------------------------------------    -------------------
                         (clock island_175 rise edge)
                                                      0.000     0.000 r  
                                                      0.000     0.000 r  fft_clk (IN)
                         net (fo=4836, unset)         0.973     0.973    fft_clk
    SLICE_X22Y6          FDCE                                         r  fast_reset_fast_reg[1]/C
  -------------------------------------------------------------------    -------------------
    SLICE_X22Y6          FDCE (Prop_fdce_C_Q)         0.419     1.392 r  fast_reset_fast_reg[1]/Q
                         net (fo=1, routed)           0.710     2.102    product/out[0]
    SLICE_X25Y5          LUT2 (Prop_lut2_I0_O)        0.299     2.401 f  product/request_sync[1]_i_1/O
                         net (fo=1048, routed)        1.103     3.503    input_guard/expected_position_reg[8]_0
    SLICE_X28Y3          LUT2 (Prop_lut2_I1_O)        0.116     3.619 f  input_guard/fault_reasons[2]_i_2__0/O
                         net (fo=85, routed)          1.408     5.027    input_guard/fault_reasons[2]_i_2__0_n_0
    SLICE_X18Y11         FDCE                                         f  input_guard/descriptor_reg[68]/CLR
  -------------------------------------------------------------------    -------------------

                         (clock island_175 rise edge)
                                                      5.714     5.714 r  
                                                      0.000     5.714 r  fft_clk (IN)
                         net (fo=4836, unset)         0.924     6.638    input_guard/fft_clk
    SLICE_X18Y11         FDCE                                         r  input_guard/descriptor_reg[68]/C
                         clock pessimism              0.000     6.638    
                         clock uncertainty           -0.035     6.603    
    SLICE_X18Y11         FDCE (Recov_fdce_C_CLR)     -0.609     5.994    input_guard/descriptor_reg[68]
  -------------------------------------------------------------------
                         required time                          5.994    
                         arrival time                          -5.027    
  -------------------------------------------------------------------
                         slack                                  0.967    

Slack (MET) :             1.023ns  (required time - arrival time)
  Source:                 fast_reset_fast_reg[1]/C
                            (rising edge-triggered cell FDCE clocked by island_175  {rise@0.000ns fall@2.857ns period=5.714ns})
  Destination:            input_guard/descriptor_reg[40]/CLR
                            (recovery check against rising-edge clock island_175  {rise@0.000ns fall@2.857ns period=5.714ns})
  Path Group:             **async_default**
  Path Type:              Recovery (Max at Slow Process Corner)
  Requirement:            5.714ns  (island_175 rise@5.714ns - island_175 rise@0.000ns)
  Data Path Delay:        3.998ns  (logic 0.834ns (20.858%)  route 3.164ns (79.142%))
  Logic Levels:           2  (LUT2=2)
  Clock Path Skew:        -0.049ns (DCD - SCD + CPR)
    Destination Clock Delay (DCD):    0.924ns = ( 6.638 - 5.714 ) 
    Source Clock Delay      (SCD):    0.973ns
    Clock Pessimism Removal (CPR):    0.000ns
  Clock Uncertainty:      0.035ns  ((TSJ^2 + TIJ^2)^1/2 + DJ) / 2 + PE
    Total System Jitter     (TSJ):    0.071ns
    Total Input Jitter      (TIJ):    0.000ns
    Discrete Jitter          (DJ):    0.000ns
    Phase Error              (PE):    0.000ns

    Location             Delay type                Incr(ns)  Path(ns)    Netlist Resource(s)
  -------------------------------------------------------------------    -------------------
                         (clock island_175 rise edge)
                                                      0.000     0.000 r  
                                                      0.000     0.000 r  fft_clk (IN)
                         net (fo=4836, unset)         0.973     0.973    fft_clk
    SLICE_X22Y6          FDCE                                         r  fast_reset_fast_reg[1]/C
  -------------------------------------------------------------------    -------------------
    SLICE_X22Y6          FDCE (Prop_fdce_C_Q)         0.419     1.392 r  fast_reset_fast_reg[1]/Q
                         net (fo=1, routed)           0.710     2.102    product/out[0]
    SLICE_X25Y5          LUT2 (Prop_lut2_I0_O)        0.299     2.401 f  product/request_sync[1]_i_1/O
                         net (fo=1048, routed)        1.103     3.503    input_guard/expected_position_reg[8]_0
    SLICE_X28Y3          LUT2 (Prop_lut2_I1_O)        0.116     3.619 f  input_guard/fault_reasons[2]_i_2__0/O
                         net (fo=85, routed)          1.352     4.971    input_guard/fault_reasons[2]_i_2__0_n_0
    SLICE_X17Y4          FDCE                                         f  input_guard/descriptor_reg[40]/CLR
  -------------------------------------------------------------------    -------------------

                         (clock island_175 rise edge)
                                                      5.714     5.714 r  
                                                      0.000     5.714 r  fft_clk (IN)
                         net (fo=4836, unset)         0.924     6.638    input_guard/fft_clk
    SLICE_X17Y4          FDCE                                         r  input_guard/descriptor_reg[40]/C
                         clock pessimism              0.000     6.638    
                         clock uncertainty           -0.035     6.603    
    SLICE_X17Y4          FDCE (Recov_fdce_C_CLR)     -0.609     5.994    input_guard/descriptor_reg[40]
  -------------------------------------------------------------------
                         required time                          5.994    
                         arrival time                          -4.971    
  -------------------------------------------------------------------
                         slack                                  1.023    

Slack (MET) :             1.023ns  (required time - arrival time)
  Source:                 fast_reset_fast_reg[1]/C
                            (rising edge-triggered cell FDCE clocked by island_175  {rise@0.000ns fall@2.857ns period=5.714ns})
  Destination:            input_guard/descriptor_reg[51]/CLR
                            (recovery check against rising-edge clock island_175  {rise@0.000ns fall@2.857ns period=5.714ns})
  Path Group:             **async_default**
  Path Type:              Recovery (Max at Slow Process Corner)
  Requirement:            5.714ns  (island_175 rise@5.714ns - island_175 rise@0.000ns)
  Data Path Delay:        3.998ns  (logic 0.834ns (20.858%)  route 3.164ns (79.142%))
  Logic Levels:           2  (LUT2=2)
  Clock Path Skew:        -0.049ns (DCD - SCD + CPR)
    Destination Clock Delay (DCD):    0.924ns = ( 6.638 - 5.714 ) 
    Source Clock Delay      (SCD):    0.973ns
    Clock Pessimism Removal (CPR):    0.000ns
  Clock Uncertainty:      0.035ns  ((TSJ^2 + TIJ^2)^1/2 + DJ) / 2 + PE
    Total System Jitter     (TSJ):    0.071ns
    Total Input Jitter      (TIJ):    0.000ns
    Discrete Jitter          (DJ):    0.000ns
    Phase Error              (PE):    0.000ns

    Location             Delay type                Incr(ns)  Path(ns)    Netlist Resource(s)
  -------------------------------------------------------------------    -------------------
                         (clock island_175 rise edge)
                                                      0.000     0.000 r  
                                                      0.000     0.000 r  fft_clk (IN)
                         net (fo=4836, unset)         0.973     0.973    fft_clk
    SLICE_X22Y6          FDCE                                         r  fast_reset_fast_reg[1]/C
  -------------------------------------------------------------------    -------------------
    SLICE_X22Y6          FDCE (Prop_fdce_C_Q)         0.419     1.392 r  fast_reset_fast_reg[1]/Q
                         net (fo=1, routed)           0.710     2.102    product/out[0]
    SLICE_X25Y5          LUT2 (Prop_lut2_I0_O)        0.299     2.401 f  product/request_sync[1]_i_1/O
                         net (fo=1048, routed)        1.103     3.503    input_guard/expected_position_reg[8]_0
    SLICE_X28Y3          LUT2 (Prop_lut2_I1_O)        0.116     3.619 f  input_guard/fault_reasons[2]_i_2__0/O
                         net (fo=85, routed)          1.352     4.971    input_guard/fault_reasons[2]_i_2__0_n_0
    SLICE_X17Y4          FDCE                                         f  input_guard/descriptor_reg[51]/CLR
  -------------------------------------------------------------------    -------------------

                         (clock island_175 rise edge)
                                                      5.714     5.714 r  
                                                      0.000     5.714 r  fft_clk (IN)
                         net (fo=4836, unset)         0.924     6.638    input_guard/fft_clk
    SLICE_X17Y4          FDCE                                         r  input_guard/descriptor_reg[51]/C
                         clock pessimism              0.000     6.638    
                         clock uncertainty           -0.035     6.603    
    SLICE_X17Y4          FDCE (Recov_fdce_C_CLR)     -0.609     5.994    input_guard/descriptor_reg[51]
  -------------------------------------------------------------------
                         required time                          5.994    
                         arrival time                          -4.971    
  -------------------------------------------------------------------
                         slack                                  1.023    

Slack (MET) :             1.023ns  (required time - arrival time)
  Source:                 fast_reset_fast_reg[1]/C
                            (rising edge-triggered cell FDCE clocked by island_175  {rise@0.000ns fall@2.857ns period=5.714ns})
  Destination:            input_guard/descriptor_reg[52]/CLR
                            (recovery check against rising-edge clock island_175  {rise@0.000ns fall@2.857ns period=5.714ns})
  Path Group:             **async_default**
  Path Type:              Recovery (Max at Slow Process Corner)
  Requirement:            5.714ns  (island_175 rise@5.714ns - island_175 rise@0.000ns)
  Data Path Delay:        3.998ns  (logic 0.834ns (20.858%)  route 3.164ns (79.142%))
  Logic Levels:           2  (LUT2=2)
  Clock Path Skew:        -0.049ns (DCD - SCD + CPR)
    Destination Clock Delay (DCD):    0.924ns = ( 6.638 - 5.714 ) 
    Source Clock Delay      (SCD):    0.973ns
    Clock Pessimism Removal (CPR):    0.000ns
  Clock Uncertainty:      0.035ns  ((TSJ^2 + TIJ^2)^1/2 + DJ) / 2 + PE
    Total System Jitter     (TSJ):    0.071ns
    Total Input Jitter      (TIJ):    0.000ns
    Discrete Jitter          (DJ):    0.000ns
    Phase Error              (PE):    0.000ns

    Location             Delay type                Incr(ns)  Path(ns)    Netlist Resource(s)
  -------------------------------------------------------------------    -------------------
                         (clock island_175 rise edge)
                                                      0.000     0.000 r  
                                                      0.000     0.000 r  fft_clk (IN)
                         net (fo=4836, unset)         0.973     0.973    fft_clk
    SLICE_X22Y6          FDCE                                         r  fast_reset_fast_reg[1]/C
  -------------------------------------------------------------------    -------------------
    SLICE_X22Y6          FDCE (Prop_fdce_C_Q)         0.419     1.392 r  fast_reset_fast_reg[1]/Q
                         net (fo=1, routed)           0.710     2.102    product/out[0]
    SLICE_X25Y5          LUT2 (Prop_lut2_I0_O)        0.299     2.401 f  product/request_sync[1]_i_1/O
                         net (fo=1048, routed)        1.103     3.503    input_guard/expected_position_reg[8]_0
    SLICE_X28Y3          LUT2 (Prop_lut2_I1_O)        0.116     3.619 f  input_guard/fault_reasons[2]_i_2__0/O
                         net (fo=85, routed)          1.352     4.971    input_guard/fault_reasons[2]_i_2__0_n_0
    SLICE_X17Y4          FDCE                                         f  input_guard/descriptor_reg[52]/CLR
  -------------------------------------------------------------------    -------------------

                         (clock island_175 rise edge)
                                                      5.714     5.714 r  
                                                      0.000     5.714 r  fft_clk (IN)
                         net (fo=4836, unset)         0.924     6.638    input_guard/fft_clk
    SLICE_X17Y4          FDCE                                         r  input_guard/descriptor_reg[52]/C
                         clock pessimism              0.000     6.638    
                         clock uncertainty           -0.035     6.603    
    SLICE_X17Y4          FDCE (Recov_fdce_C_CLR)     -0.609     5.994    input_guard/descriptor_reg[52]
  -------------------------------------------------------------------
                         required time                          5.994    
                         arrival time                          -4.971    
  -------------------------------------------------------------------
                         slack                                  1.023    

Slack (MET) :             1.023ns  (required time - arrival time)
  Source:                 fast_reset_fast_reg[1]/C
                            (rising edge-triggered cell FDCE clocked by island_175  {rise@0.000ns fall@2.857ns period=5.714ns})
  Destination:            input_guard/descriptor_reg[53]/CLR
                            (recovery check against rising-edge clock island_175  {rise@0.000ns fall@2.857ns period=5.714ns})
  Path Group:             **async_default**
  Path Type:              Recovery (Max at Slow Process Corner)
  Requirement:            5.714ns  (island_175 rise@5.714ns - island_175 rise@0.000ns)
  Data Path Delay:        3.998ns  (logic 0.834ns (20.858%)  route 3.164ns (79.142%))
  Logic Levels:           2  (LUT2=2)
  Clock Path Skew:        -0.049ns (DCD - SCD + CPR)
    Destination Clock Delay (DCD):    0.924ns = ( 6.638 - 5.714 ) 
    Source Clock Delay      (SCD):    0.973ns
    Clock Pessimism Removal (CPR):    0.000ns
  Clock Uncertainty:      0.035ns  ((TSJ^2 + TIJ^2)^1/2 + DJ) / 2 + PE
    Total System Jitter     (TSJ):    0.071ns
    Total Input Jitter      (TIJ):    0.000ns
    Discrete Jitter          (DJ):    0.000ns
    Phase Error              (PE):    0.000ns

    Location             Delay type                Incr(ns)  Path(ns)    Netlist Resource(s)
  -------------------------------------------------------------------    -------------------
                         (clock island_175 rise edge)
                                                      0.000     0.000 r  
                                                      0.000     0.000 r  fft_clk (IN)
                         net (fo=4836, unset)         0.973     0.973    fft_clk
    SLICE_X22Y6          FDCE                                         r  fast_reset_fast_reg[1]/C
  -------------------------------------------------------------------    -------------------
    SLICE_X22Y6          FDCE (Prop_fdce_C_Q)         0.419     1.392 r  fast_reset_fast_reg[1]/Q
                         net (fo=1, routed)           0.710     2.102    product/out[0]
    SLICE_X25Y5          LUT2 (Prop_lut2_I0_O)        0.299     2.401 f  product/request_sync[1]_i_1/O
                         net (fo=1048, routed)        1.103     3.503    input_guard/expected_position_reg[8]_0
    SLICE_X28Y3          LUT2 (Prop_lut2_I1_O)        0.116     3.619 f  input_guard/fault_reasons[2]_i_2__0/O
                         net (fo=85, routed)          1.352     4.971    input_guard/fault_reasons[2]_i_2__0_n_0
    SLICE_X17Y4          FDCE                                         f  input_guard/descriptor_reg[53]/CLR
  -------------------------------------------------------------------    -------------------

                         (clock island_175 rise edge)
                                                      5.714     5.714 r  
                                                      0.000     5.714 r  fft_clk (IN)
                         net (fo=4836, unset)         0.924     6.638    input_guard/fft_clk
    SLICE_X17Y4          FDCE                                         r  input_guard/descriptor_reg[53]/C
                         clock pessimism              0.000     6.638    
                         clock uncertainty           -0.035     6.603    
    SLICE_X17Y4          FDCE (Recov_fdce_C_CLR)     -0.609     5.994    input_guard/descriptor_reg[53]
  -------------------------------------------------------------------
                         required time                          5.994    
                         arrival time                          -4.971    
  -------------------------------------------------------------------
                         slack                                  1.023    

Slack (MET) :             1.023ns  (required time - arrival time)
  Source:                 fast_reset_fast_reg[1]/C
                            (rising edge-triggered cell FDCE clocked by island_175  {rise@0.000ns fall@2.857ns period=5.714ns})
  Destination:            input_guard/descriptor_reg[59]/CLR
                            (recovery check against rising-edge clock island_175  {rise@0.000ns fall@2.857ns period=5.714ns})
  Path Group:             **async_default**
  Path Type:              Recovery (Max at Slow Process Corner)
  Requirement:            5.714ns  (island_175 rise@5.714ns - island_175 rise@0.000ns)
  Data Path Delay:        3.998ns  (logic 0.834ns (20.858%)  route 3.164ns (79.142%))
  Logic Levels:           2  (LUT2=2)
  Clock Path Skew:        -0.049ns (DCD - SCD + CPR)
    Destination Clock Delay (DCD):    0.924ns = ( 6.638 - 5.714 ) 
    Source Clock Delay      (SCD):    0.973ns
    Clock Pessimism Removal (CPR):    0.000ns
  Clock Uncertainty:      0.035ns  ((TSJ^2 + TIJ^2)^1/2 + DJ) / 2 + PE
    Total System Jitter     (TSJ):    0.071ns
    Total Input Jitter      (TIJ):    0.000ns
    Discrete Jitter          (DJ):    0.000ns
    Phase Error              (PE):    0.000ns

    Location             Delay type                Incr(ns)  Path(ns)    Netlist Resource(s)
  -------------------------------------------------------------------    -------------------
                         (clock island_175 rise edge)
                                                      0.000     0.000 r  
                                                      0.000     0.000 r  fft_clk (IN)
                         net (fo=4836, unset)         0.973     0.973    fft_clk
    SLICE_X22Y6          FDCE                                         r  fast_reset_fast_reg[1]/C
  -------------------------------------------------------------------    -------------------
    SLICE_X22Y6          FDCE (Prop_fdce_C_Q)         0.419     1.392 r  fast_reset_fast_reg[1]/Q
                         net (fo=1, routed)           0.710     2.102    product/out[0]
    SLICE_X25Y5          LUT2 (Prop_lut2_I0_O)        0.299     2.401 f  product/request_sync[1]_i_1/O
                         net (fo=1048, routed)        1.103     3.503    input_guard/expected_position_reg[8]_0
    SLICE_X28Y3          LUT2 (Prop_lut2_I1_O)        0.116     3.619 f  input_guard/fault_reasons[2]_i_2__0/O
                         net (fo=85, routed)          1.352     4.971    input_guard/fault_reasons[2]_i_2__0_n_0
    SLICE_X17Y4          FDCE                                         f  input_guard/descriptor_reg[59]/CLR
  -------------------------------------------------------------------    -------------------

                         (clock island_175 rise edge)
                                                      5.714     5.714 r  
                                                      0.000     5.714 r  fft_clk (IN)
                         net (fo=4836, unset)         0.924     6.638    input_guard/fft_clk
    SLICE_X17Y4          FDCE                                         r  input_guard/descriptor_reg[59]/C
                         clock pessimism              0.000     6.638    
                         clock uncertainty           -0.035     6.603    
    SLICE_X17Y4          FDCE (Recov_fdce_C_CLR)     -0.609     5.994    input_guard/descriptor_reg[59]
  -------------------------------------------------------------------
                         required time                          5.994    
                         arrival time                          -4.971    
  -------------------------------------------------------------------
                         slack                                  1.023    

Slack (MET) :             1.023ns  (required time - arrival time)
  Source:                 fast_reset_fast_reg[1]/C
                            (rising edge-triggered cell FDCE clocked by island_175  {rise@0.000ns fall@2.857ns period=5.714ns})
  Destination:            input_guard/descriptor_reg[66]/CLR
                            (recovery check against rising-edge clock island_175  {rise@0.000ns fall@2.857ns period=5.714ns})
  Path Group:             **async_default**
  Path Type:              Recovery (Max at Slow Process Corner)
  Requirement:            5.714ns  (island_175 rise@5.714ns - island_175 rise@0.000ns)
  Data Path Delay:        3.998ns  (logic 0.834ns (20.858%)  route 3.164ns (79.142%))
  Logic Levels:           2  (LUT2=2)
  Clock Path Skew:        -0.049ns (DCD - SCD + CPR)
    Destination Clock Delay (DCD):    0.924ns = ( 6.638 - 5.714 ) 
    Source Clock Delay      (SCD):    0.973ns
    Clock Pessimism Removal (CPR):    0.000ns
  Clock Uncertainty:      0.035ns  ((TSJ^2 + TIJ^2)^1/2 + DJ) / 2 + PE
    Total System Jitter     (TSJ):    0.071ns
    Total Input Jitter      (TIJ):    0.000ns
    Discrete Jitter          (DJ):    0.000ns
    Phase Error              (PE):    0.000ns

    Location             Delay type                Incr(ns)  Path(ns)    Netlist Resource(s)
  -------------------------------------------------------------------    -------------------
                         (clock island_175 rise edge)
                                                      0.000     0.000 r  
                                                      0.000     0.000 r  fft_clk (IN)
                         net (fo=4836, unset)         0.973     0.973    fft_clk
    SLICE_X22Y6          FDCE                                         r  fast_reset_fast_reg[1]/C
  -------------------------------------------------------------------    -------------------
    SLICE_X22Y6          FDCE (Prop_fdce_C_Q)         0.419     1.392 r  fast_reset_fast_reg[1]/Q
                         net (fo=1, routed)           0.710     2.102    product/out[0]
    SLICE_X25Y5          LUT2 (Prop_lut2_I0_O)        0.299     2.401 f  product/request_sync[1]_i_1/O
                         net (fo=1048, routed)        1.103     3.503    input_guard/expected_position_reg[8]_0
    SLICE_X28Y3          LUT2 (Prop_lut2_I1_O)        0.116     3.619 f  input_guard/fault_reasons[2]_i_2__0/O
                         net (fo=85, routed)          1.352     4.971    input_guard/fault_reasons[2]_i_2__0_n_0
    SLICE_X17Y4          FDCE                                         f  input_guard/descriptor_reg[66]/CLR
  -------------------------------------------------------------------    -------------------

                         (clock island_175 rise edge)
                                                      5.714     5.714 r  
                                                      0.000     5.714 r  fft_clk (IN)
                         net (fo=4836, unset)         0.924     6.638    input_guard/fft_clk
    SLICE_X17Y4          FDCE                                         r  input_guard/descriptor_reg[66]/C
                         clock pessimism              0.000     6.638    
                         clock uncertainty           -0.035     6.603    
    SLICE_X17Y4          FDCE (Recov_fdce_C_CLR)     -0.609     5.994    input_guard/descriptor_reg[66]
  -------------------------------------------------------------------
                         required time                          5.994    
                         arrival time                          -4.971    
  -------------------------------------------------------------------
                         slack                                  1.023    

Slack (MET) :             1.085ns  (required time - arrival time)
  Source:                 fast_reset_fast_reg[1]/C
                            (rising edge-triggered cell FDCE clocked by island_175  {rise@0.000ns fall@2.857ns period=5.714ns})
  Destination:            result_guard/descriptor_reg[44]/CLR
                            (recovery check against rising-edge clock island_175  {rise@0.000ns fall@2.857ns period=5.714ns})
  Path Group:             **async_default**
  Path Type:              Recovery (Max at Slow Process Corner)
  Requirement:            5.714ns  (island_175 rise@5.714ns - island_175 rise@0.000ns)
  Data Path Delay:        4.140ns  (logic 0.718ns (17.343%)  route 3.422ns (82.657%))
  Logic Levels:           1  (LUT2=1)
  Clock Path Skew:        -0.049ns (DCD - SCD + CPR)
    Destination Clock Delay (DCD):    0.924ns = ( 6.638 - 5.714 ) 
    Source Clock Delay      (SCD):    0.973ns
    Clock Pessimism Removal (CPR):    0.000ns
  Clock Uncertainty:      0.035ns  ((TSJ^2 + TIJ^2)^1/2 + DJ) / 2 + PE
    Total System Jitter     (TSJ):    0.071ns
    Total Input Jitter      (TIJ):    0.000ns
    Discrete Jitter          (DJ):    0.000ns
    Phase Error              (PE):    0.000ns

    Location             Delay type                Incr(ns)  Path(ns)    Netlist Resource(s)
  -------------------------------------------------------------------    -------------------
                         (clock island_175 rise edge)
                                                      0.000     0.000 r  
                                                      0.000     0.000 r  fft_clk (IN)
                         net (fo=4836, unset)         0.973     0.973    fft_clk
    SLICE_X22Y6          FDCE                                         r  fast_reset_fast_reg[1]/C
  -------------------------------------------------------------------    -------------------
    SLICE_X22Y6          FDCE (Prop_fdce_C_Q)         0.419     1.392 r  fast_reset_fast_reg[1]/Q
                         net (fo=1, routed)           0.710     2.102    product/out[0]
    SLICE_X25Y5          LUT2 (Prop_lut2_I0_O)        0.299     2.401 f  product/request_sync[1]_i_1/O
                         net (fo=1048, routed)        2.712     5.113    result_guard/exponent_seen_reg_0
    SLICE_X43Y9          FDCE                                         f  result_guard/descriptor_reg[44]/CLR
  -------------------------------------------------------------------    -------------------

                         (clock island_175 rise edge)
                                                      5.714     5.714 r  
                                                      0.000     5.714 r  fft_clk (IN)
                         net (fo=4836, unset)         0.924     6.638    result_guard/fft_clk
    SLICE_X43Y9          FDCE                                         r  result_guard/descriptor_reg[44]/C
                         clock pessimism              0.000     6.638    
                         clock uncertainty           -0.035     6.603    
    SLICE_X43Y9          FDCE (Recov_fdce_C_CLR)     -0.405     6.198    result_guard/descriptor_reg[44]
  -------------------------------------------------------------------
                         required time                          6.198    
                         arrival time                          -5.113    
  -------------------------------------------------------------------
                         slack                                  1.085    

Slack (MET) :             1.085ns  (required time - arrival time)
  Source:                 fast_reset_fast_reg[1]/C
                            (rising edge-triggered cell FDCE clocked by island_175  {rise@0.000ns fall@2.857ns period=5.714ns})
  Destination:            result_guard/descriptor_reg[45]/CLR
                            (recovery check against rising-edge clock island_175  {rise@0.000ns fall@2.857ns period=5.714ns})
  Path Group:             **async_default**
  Path Type:              Recovery (Max at Slow Process Corner)
  Requirement:            5.714ns  (island_175 rise@5.714ns - island_175 rise@0.000ns)
  Data Path Delay:        4.140ns  (logic 0.718ns (17.343%)  route 3.422ns (82.657%))
  Logic Levels:           1  (LUT2=1)
  Clock Path Skew:        -0.049ns (DCD - SCD + CPR)
    Destination Clock Delay (DCD):    0.924ns = ( 6.638 - 5.714 ) 
    Source Clock Delay      (SCD):    0.973ns
    Clock Pessimism Removal (CPR):    0.000ns
  Clock Uncertainty:      0.035ns  ((TSJ^2 + TIJ^2)^1/2 + DJ) / 2 + PE
    Total System Jitter     (TSJ):    0.071ns
    Total Input Jitter      (TIJ):    0.000ns
    Discrete Jitter          (DJ):    0.000ns
    Phase Error              (PE):    0.000ns

    Location             Delay type                Incr(ns)  Path(ns)    Netlist Resource(s)
  -------------------------------------------------------------------    -------------------
                         (clock island_175 rise edge)
                                                      0.000     0.000 r  
                                                      0.000     0.000 r  fft_clk (IN)
                         net (fo=4836, unset)         0.973     0.973    fft_clk
    SLICE_X22Y6          FDCE                                         r  fast_reset_fast_reg[1]/C
  -------------------------------------------------------------------    -------------------
    SLICE_X22Y6          FDCE (Prop_fdce_C_Q)         0.419     1.392 r  fast_reset_fast_reg[1]/Q
                         net (fo=1, routed)           0.710     2.102    product/out[0]
    SLICE_X25Y5          LUT2 (Prop_lut2_I0_O)        0.299     2.401 f  product/request_sync[1]_i_1/O
                         net (fo=1048, routed)        2.712     5.113    result_guard/exponent_seen_reg_0
    SLICE_X43Y9          FDCE                                         f  result_guard/descriptor_reg[45]/CLR
  -------------------------------------------------------------------    -------------------

                         (clock island_175 rise edge)
                                                      5.714     5.714 r  
                                                      0.000     5.714 r  fft_clk (IN)
                         net (fo=4836, unset)         0.924     6.638    result_guard/fft_clk
    SLICE_X43Y9          FDCE                                         r  result_guard/descriptor_reg[45]/C
                         clock pessimism              0.000     6.638    
                         clock uncertainty           -0.035     6.603    
    SLICE_X43Y9          FDCE (Recov_fdce_C_CLR)     -0.405     6.198    result_guard/descriptor_reg[45]
  -------------------------------------------------------------------
                         required time                          6.198    
                         arrival time                          -5.113    
  -------------------------------------------------------------------
                         slack                                  1.085    

Slack (MET) :             1.100ns  (required time - arrival time)
  Source:                 fast_reset_fast_reg[1]/C
                            (rising edge-triggered cell FDCE clocked by island_175  {rise@0.000ns fall@2.857ns period=5.714ns})
  Destination:            result_guard/descriptor_reg[40]/CLR
                            (recovery check against rising-edge clock island_175  {rise@0.000ns fall@2.857ns period=5.714ns})
  Path Group:             **async_default**
  Path Type:              Recovery (Max at Slow Process Corner)
  Requirement:            5.714ns  (island_175 rise@5.714ns - island_175 rise@0.000ns)
  Data Path Delay:        4.125ns  (logic 0.718ns (17.407%)  route 3.407ns (82.593%))
  Logic Levels:           1  (LUT2=1)
  Clock Path Skew:        -0.049ns (DCD - SCD + CPR)
    Destination Clock Delay (DCD):    0.924ns = ( 6.638 - 5.714 ) 
    Source Clock Delay      (SCD):    0.973ns
    Clock Pessimism Removal (CPR):    0.000ns
  Clock Uncertainty:      0.035ns  ((TSJ^2 + TIJ^2)^1/2 + DJ) / 2 + PE
    Total System Jitter     (TSJ):    0.071ns
    Total Input Jitter      (TIJ):    0.000ns
    Discrete Jitter          (DJ):    0.000ns
    Phase Error              (PE):    0.000ns

    Location             Delay type                Incr(ns)  Path(ns)    Netlist Resource(s)
  -------------------------------------------------------------------    -------------------
                         (clock island_175 rise edge)
                                                      0.000     0.000 r  
                                                      0.000     0.000 r  fft_clk (IN)
                         net (fo=4836, unset)         0.973     0.973    fft_clk
    SLICE_X22Y6          FDCE                                         r  fast_reset_fast_reg[1]/C
  -------------------------------------------------------------------    -------------------
    SLICE_X22Y6          FDCE (Prop_fdce_C_Q)         0.419     1.392 r  fast_reset_fast_reg[1]/Q
                         net (fo=1, routed)           0.710     2.102    product/out[0]
    SLICE_X25Y5          LUT2 (Prop_lut2_I0_O)        0.299     2.401 f  product/request_sync[1]_i_1/O
                         net (fo=1048, routed)        2.697     5.098    result_guard/exponent_seen_reg_0
    SLICE_X39Y10         FDCE                                         f  result_guard/descriptor_reg[40]/CLR
  -------------------------------------------------------------------    -------------------

                         (clock island_175 rise edge)
                                                      5.714     5.714 r  
                                                      0.000     5.714 r  fft_clk (IN)
                         net (fo=4836, unset)         0.924     6.638    result_guard/fft_clk
    SLICE_X39Y10         FDCE                                         r  result_guard/descriptor_reg[40]/C
                         clock pessimism              0.000     6.638    
                         clock uncertainty           -0.035     6.603    
    SLICE_X39Y10         FDCE (Recov_fdce_C_CLR)     -0.405     6.198    result_guard/descriptor_reg[40]
  -------------------------------------------------------------------
                         required time                          6.198    
                         arrival time                          -5.098    
  -------------------------------------------------------------------
                         slack                                  1.100    

Slack (MET) :             1.100ns  (required time - arrival time)
  Source:                 fast_reset_fast_reg[1]/C
                            (rising edge-triggered cell FDCE clocked by island_175  {rise@0.000ns fall@2.857ns period=5.714ns})
  Destination:            result_guard/descriptor_reg[41]/CLR
                            (recovery check against rising-edge clock island_175  {rise@0.000ns fall@2.857ns period=5.714ns})
  Path Group:             **async_default**
  Path Type:              Recovery (Max at Slow Process Corner)
  Requirement:            5.714ns  (island_175 rise@5.714ns - island_175 rise@0.000ns)
  Data Path Delay:        4.125ns  (logic 0.718ns (17.407%)  route 3.407ns (82.593%))
  Logic Levels:           1  (LUT2=1)
  Clock Path Skew:        -0.049ns (DCD - SCD + CPR)
    Destination Clock Delay (DCD):    0.924ns = ( 6.638 - 5.714 ) 
    Source Clock Delay      (SCD):    0.973ns
    Clock Pessimism Removal (CPR):    0.000ns
  Clock Uncertainty:      0.035ns  ((TSJ^2 + TIJ^2)^1/2 + DJ) / 2 + PE
    Total System Jitter     (TSJ):    0.071ns
    Total Input Jitter      (TIJ):    0.000ns
    Discrete Jitter          (DJ):    0.000ns
    Phase Error              (PE):    0.000ns

    Location             Delay type                Incr(ns)  Path(ns)    Netlist Resource(s)
  -------------------------------------------------------------------    -------------------
                         (clock island_175 rise edge)
                                                      0.000     0.000 r  
                                                      0.000     0.000 r  fft_clk (IN)
                         net (fo=4836, unset)         0.973     0.973    fft_clk
    SLICE_X22Y6          FDCE                                         r  fast_reset_fast_reg[1]/C
  -------------------------------------------------------------------    -------------------
    SLICE_X22Y6          FDCE (Prop_fdce_C_Q)         0.419     1.392 r  fast_reset_fast_reg[1]/Q
                         net (fo=1, routed)           0.710     2.102    product/out[0]
    SLICE_X25Y5          LUT2 (Prop_lut2_I0_O)        0.299     2.401 f  product/request_sync[1]_i_1/O
                         net (fo=1048, routed)        2.697     5.098    result_guard/exponent_seen_reg_0
    SLICE_X39Y10         FDCE                                         f  result_guard/descriptor_reg[41]/CLR
  -------------------------------------------------------------------    -------------------

                         (clock island_175 rise edge)
                                                      5.714     5.714 r  
                                                      0.000     5.714 r  fft_clk (IN)
                         net (fo=4836, unset)         0.924     6.638    result_guard/fft_clk
    SLICE_X39Y10         FDCE                                         r  result_guard/descriptor_reg[41]/C
                         clock pessimism              0.000     6.638    
                         clock uncertainty           -0.035     6.603    
    SLICE_X39Y10         FDCE (Recov_fdce_C_CLR)     -0.405     6.198    result_guard/descriptor_reg[41]
  -------------------------------------------------------------------
                         required time                          6.198    
                         arrival time                          -5.098    
  -------------------------------------------------------------------
                         slack                                  1.100    

Slack (MET) :             1.100ns  (required time - arrival time)
  Source:                 fast_reset_fast_reg[1]/C
                            (rising edge-triggered cell FDCE clocked by island_175  {rise@0.000ns fall@2.857ns period=5.714ns})
  Destination:            result_guard/descriptor_reg[42]/CLR
                            (recovery check against rising-edge clock island_175  {rise@0.000ns fall@2.857ns period=5.714ns})
  Path Group:             **async_default**
  Path Type:              Recovery (Max at Slow Process Corner)
  Requirement:            5.714ns  (island_175 rise@5.714ns - island_175 rise@0.000ns)
  Data Path Delay:        4.125ns  (logic 0.718ns (17.407%)  route 3.407ns (82.593%))
  Logic Levels:           1  (LUT2=1)
  Clock Path Skew:        -0.049ns (DCD - SCD + CPR)
    Destination Clock Delay (DCD):    0.924ns = ( 6.638 - 5.714 ) 
    Source Clock Delay      (SCD):    0.973ns
    Clock Pessimism Removal (CPR):    0.000ns
  Clock Uncertainty:      0.035ns  ((TSJ^2 + TIJ^2)^1/2 + DJ) / 2 + PE
    Total System Jitter     (TSJ):    0.071ns
    Total Input Jitter      (TIJ):    0.000ns
    Discrete Jitter          (DJ):    0.000ns
    Phase Error              (PE):    0.000ns

    Location             Delay type                Incr(ns)  Path(ns)    Netlist Resource(s)
  -------------------------------------------------------------------    -------------------
                         (clock island_175 rise edge)
                                                      0.000     0.000 r  
                                                      0.000     0.000 r  fft_clk (IN)
                         net (fo=4836, unset)         0.973     0.973    fft_clk
    SLICE_X22Y6          FDCE                                         r  fast_reset_fast_reg[1]/C
  -------------------------------------------------------------------    -------------------
    SLICE_X22Y6          FDCE (Prop_fdce_C_Q)         0.419     1.392 r  fast_reset_fast_reg[1]/Q
                         net (fo=1, routed)           0.710     2.102    product/out[0]
    SLICE_X25Y5          LUT2 (Prop_lut2_I0_O)        0.299     2.401 f  product/request_sync[1]_i_1/O
                         net (fo=1048, routed)        2.697     5.098    result_guard/exponent_seen_reg_0
    SLICE_X39Y10         FDCE                                         f  result_guard/descriptor_reg[42]/CLR
  -------------------------------------------------------------------    -------------------

                         (clock island_175 rise edge)
                                                      5.714     5.714 r  
                                                      0.000     5.714 r  fft_clk (IN)
                         net (fo=4836, unset)         0.924     6.638    result_guard/fft_clk
    SLICE_X39Y10         FDCE                                         r  result_guard/descriptor_reg[42]/C
                         clock pessimism              0.000     6.638    
                         clock uncertainty           -0.035     6.603    
    SLICE_X39Y10         FDCE (Recov_fdce_C_CLR)     -0.405     6.198    result_guard/descriptor_reg[42]
  -------------------------------------------------------------------
                         required time                          6.198    
                         arrival time                          -5.098    
  -------------------------------------------------------------------
                         slack                                  1.100    





Min Delay Paths
--------------------------------------------------------------------------------------
Slack (MET) :             0.877ns  (arrival time - required time)
  Source:                 fast_reset_fast_reg[1]/C
                            (rising edge-triggered cell FDCE clocked by island_175  {rise@0.000ns fall@2.857ns period=5.714ns})
  Destination:            result_guard/return_exponent_reg[0]/CLR
                            (removal check against rising-edge clock island_175  {rise@0.000ns fall@2.857ns period=5.714ns})
  Path Group:             **async_default**
  Path Type:              Removal (Min at Fast Process Corner)
  Requirement:            0.000ns  (island_175 rise@0.000ns - island_175 rise@0.000ns)
  Data Path Delay:        0.806ns  (logic 0.227ns (28.157%)  route 0.579ns (71.843%))
  Logic Levels:           1  (LUT2=1)
  Clock Path Skew:        0.022ns (DCD - SCD - CPR)
    Destination Clock Delay (DCD):    0.432ns
    Source Clock Delay      (SCD):    0.410ns
    Clock Pessimism Removal (CPR):    -0.000ns

    Location             Delay type                Incr(ns)  Path(ns)    Netlist Resource(s)
  -------------------------------------------------------------------    -------------------
                         (clock island_175 rise edge)
                                                      0.000     0.000 r  
                                                      0.000     0.000 r  fft_clk (IN)
                         net (fo=4836, unset)         0.410     0.410    fft_clk
    SLICE_X22Y6          FDCE                                         r  fast_reset_fast_reg[1]/C
  -------------------------------------------------------------------    -------------------
    SLICE_X22Y6          FDCE (Prop_fdce_C_Q)         0.128     0.538 r  fast_reset_fast_reg[1]/Q
                         net (fo=1, routed)           0.238     0.776    product/out[0]
    SLICE_X25Y5          LUT2 (Prop_lut2_I0_O)        0.099     0.875 f  product/request_sync[1]_i_1/O
                         net (fo=1048, routed)        0.342     1.216    result_guard/exponent_seen_reg_0
    SLICE_X25Y2          FDCE                                         f  result_guard/return_exponent_reg[0]/CLR
  -------------------------------------------------------------------    -------------------

                         (clock island_175 rise edge)
                                                      0.000     0.000 r  
                                                      0.000     0.000 r  fft_clk (IN)
                         net (fo=4836, unset)         0.432     0.432    result_guard/fft_clk
    SLICE_X25Y2          FDCE                                         r  result_guard/return_exponent_reg[0]/C
                         clock pessimism              0.000     0.432    
    SLICE_X25Y2          FDCE (Remov_fdce_C_CLR)     -0.092     0.340    result_guard/return_exponent_reg[0]
  -------------------------------------------------------------------
                         required time                         -0.340    
                         arrival time                           1.216    
  -------------------------------------------------------------------
                         slack                                  0.877    

Slack (MET) :             0.877ns  (arrival time - required time)
  Source:                 fast_reset_fast_reg[1]/C
                            (rising edge-triggered cell FDCE clocked by island_175  {rise@0.000ns fall@2.857ns period=5.714ns})
  Destination:            result_guard/return_exponent_reg[3]/CLR
                            (removal check against rising-edge clock island_175  {rise@0.000ns fall@2.857ns period=5.714ns})
  Path Group:             **async_default**
  Path Type:              Removal (Min at Fast Process Corner)
  Requirement:            0.000ns  (island_175 rise@0.000ns - island_175 rise@0.000ns)
  Data Path Delay:        0.806ns  (logic 0.227ns (28.157%)  route 0.579ns (71.843%))
  Logic Levels:           1  (LUT2=1)
  Clock Path Skew:        0.022ns (DCD - SCD - CPR)
    Destination Clock Delay (DCD):    0.432ns
    Source Clock Delay      (SCD):    0.410ns
    Clock Pessimism Removal (CPR):    -0.000ns

    Location             Delay type                Incr(ns)  Path(ns)    Netlist Resource(s)
  -------------------------------------------------------------------    -------------------
                         (clock island_175 rise edge)
                                                      0.000     0.000 r  
                                                      0.000     0.000 r  fft_clk (IN)
                         net (fo=4836, unset)         0.410     0.410    fft_clk
    SLICE_X22Y6          FDCE                                         r  fast_reset_fast_reg[1]/C
  -------------------------------------------------------------------    -------------------
    SLICE_X22Y6          FDCE (Prop_fdce_C_Q)         0.128     0.538 r  fast_reset_fast_reg[1]/Q
                         net (fo=1, routed)           0.238     0.776    product/out[0]
    SLICE_X25Y5          LUT2 (Prop_lut2_I0_O)        0.099     0.875 f  product/request_sync[1]_i_1/O
                         net (fo=1048, routed)        0.342     1.216    result_guard/exponent_seen_reg_0
    SLICE_X25Y2          FDCE                                         f  result_guard/return_exponent_reg[3]/CLR
  -------------------------------------------------------------------    -------------------

                         (clock island_175 rise edge)
                                                      0.000     0.000 r  
                                                      0.000     0.000 r  fft_clk (IN)
                         net (fo=4836, unset)         0.432     0.432    result_guard/fft_clk
    SLICE_X25Y2          FDCE                                         r  result_guard/return_exponent_reg[3]/C
                         clock pessimism              0.000     0.432    
    SLICE_X25Y2          FDCE (Remov_fdce_C_CLR)     -0.092     0.340    result_guard/return_exponent_reg[3]
  -------------------------------------------------------------------
                         required time                         -0.340    
                         arrival time                           1.216    
  -------------------------------------------------------------------
                         slack                                  0.877    

Slack (MET) :             0.927ns  (arrival time - required time)
  Source:                 fast_reset_fast_reg[1]/C
                            (rising edge-triggered cell FDCE clocked by island_175  {rise@0.000ns fall@2.857ns period=5.714ns})
  Destination:            result_guard/return_exponent_reg[1]/CLR
                            (removal check against rising-edge clock island_175  {rise@0.000ns fall@2.857ns period=5.714ns})
  Path Group:             **async_default**
  Path Type:              Removal (Min at Fast Process Corner)
  Requirement:            0.000ns  (island_175 rise@0.000ns - island_175 rise@0.000ns)
  Data Path Delay:        0.881ns  (logic 0.227ns (25.755%)  route 0.654ns (74.245%))
  Logic Levels:           1  (LUT2=1)
  Clock Path Skew:        0.022ns (DCD - SCD - CPR)
    Destination Clock Delay (DCD):    0.432ns
    Source Clock Delay      (SCD):    0.410ns
    Clock Pessimism Removal (CPR):    -0.000ns

    Location             Delay type                Incr(ns)  Path(ns)    Netlist Resource(s)
  -------------------------------------------------------------------    -------------------
                         (clock island_175 rise edge)
                                                      0.000     0.000 r  
                                                      0.000     0.000 r  fft_clk (IN)
                         net (fo=4836, unset)         0.410     0.410    fft_clk
    SLICE_X22Y6          FDCE                                         r  fast_reset_fast_reg[1]/C
  -------------------------------------------------------------------    -------------------
    SLICE_X22Y6          FDCE (Prop_fdce_C_Q)         0.128     0.538 r  fast_reset_fast_reg[1]/Q
                         net (fo=1, routed)           0.238     0.776    product/out[0]
    SLICE_X25Y5          LUT2 (Prop_lut2_I0_O)        0.099     0.875 f  product/request_sync[1]_i_1/O
                         net (fo=1048, routed)        0.417     1.292    result_guard/exponent_seen_reg_0
    SLICE_X20Y3          FDCE                                         f  result_guard/return_exponent_reg[1]/CLR
  -------------------------------------------------------------------    -------------------

                         (clock island_175 rise edge)
                                                      0.000     0.000 r  
                                                      0.000     0.000 r  fft_clk (IN)
                         net (fo=4836, unset)         0.432     0.432    result_guard/fft_clk
    SLICE_X20Y3          FDCE                                         r  result_guard/return_exponent_reg[1]/C
                         clock pessimism              0.000     0.432    
    SLICE_X20Y3          FDCE (Remov_fdce_C_CLR)     -0.067     0.365    result_guard/return_exponent_reg[1]
  -------------------------------------------------------------------
                         required time                         -0.365    
                         arrival time                           1.292    
  -------------------------------------------------------------------
                         slack                                  0.927    

Slack (MET) :             0.927ns  (arrival time - required time)
  Source:                 fast_reset_fast_reg[1]/C
                            (rising edge-triggered cell FDCE clocked by island_175  {rise@0.000ns fall@2.857ns period=5.714ns})
  Destination:            result_guard/return_exponent_reg[2]/CLR
                            (removal check against rising-edge clock island_175  {rise@0.000ns fall@2.857ns period=5.714ns})
  Path Group:             **async_default**
  Path Type:              Removal (Min at Fast Process Corner)
  Requirement:            0.000ns  (island_175 rise@0.000ns - island_175 rise@0.000ns)
  Data Path Delay:        0.881ns  (logic 0.227ns (25.755%)  route 0.654ns (74.245%))
  Logic Levels:           1  (LUT2=1)
  Clock Path Skew:        0.022ns (DCD - SCD - CPR)
    Destination Clock Delay (DCD):    0.432ns
    Source Clock Delay      (SCD):    0.410ns
    Clock Pessimism Removal (CPR):    -0.000ns

    Location             Delay type                Incr(ns)  Path(ns)    Netlist Resource(s)
  -------------------------------------------------------------------    -------------------
                         (clock island_175 rise edge)
                                                      0.000     0.000 r  
                                                      0.000     0.000 r  fft_clk (IN)
                         net (fo=4836, unset)         0.410     0.410    fft_clk
    SLICE_X22Y6          FDCE                                         r  fast_reset_fast_reg[1]/C
  -------------------------------------------------------------------    -------------------
    SLICE_X22Y6          FDCE (Prop_fdce_C_Q)         0.128     0.538 r  fast_reset_fast_reg[1]/Q
                         net (fo=1, routed)           0.238     0.776    product/out[0]
    SLICE_X25Y5          LUT2 (Prop_lut2_I0_O)        0.099     0.875 f  product/request_sync[1]_i_1/O
                         net (fo=1048, routed)        0.417     1.292    result_guard/exponent_seen_reg_0
    SLICE_X20Y3          FDCE                                         f  result_guard/return_exponent_reg[2]/CLR
  -------------------------------------------------------------------    -------------------

                         (clock island_175 rise edge)
                                                      0.000     0.000 r  
                                                      0.000     0.000 r  fft_clk (IN)
                         net (fo=4836, unset)         0.432     0.432    result_guard/fft_clk
    SLICE_X20Y3          FDCE                                         r  result_guard/return_exponent_reg[2]/C
                         clock pessimism              0.000     0.432    
    SLICE_X20Y3          FDCE (Remov_fdce_C_CLR)     -0.067     0.365    result_guard/return_exponent_reg[2]
  -------------------------------------------------------------------
                         required time                         -0.365    
                         arrival time                           1.292    
  -------------------------------------------------------------------
                         slack                                  0.927    

Slack (MET) :             1.024ns  (arrival time - required time)
  Source:                 fast_reset_fast_reg[1]/C
                            (rising edge-triggered cell FDCE clocked by island_175  {rise@0.000ns fall@2.857ns period=5.714ns})
  Destination:            result_guard/age_reg[12]/CLR
                            (removal check against rising-edge clock island_175  {rise@0.000ns fall@2.857ns period=5.714ns})
  Path Group:             **async_default**
  Path Type:              Removal (Min at Fast Process Corner)
  Requirement:            0.000ns  (island_175 rise@0.000ns - island_175 rise@0.000ns)
  Data Path Delay:        0.979ns  (logic 0.227ns (23.197%)  route 0.752ns (76.803%))
  Logic Levels:           1  (LUT2=1)
  Clock Path Skew:        0.022ns (DCD - SCD - CPR)
    Destination Clock Delay (DCD):    0.432ns
    Source Clock Delay      (SCD):    0.410ns
    Clock Pessimism Removal (CPR):    -0.000ns

    Location             Delay type                Incr(ns)  Path(ns)    Netlist Resource(s)
  -------------------------------------------------------------------    -------------------
                         (clock island_175 rise edge)
                                                      0.000     0.000 r  
                                                      0.000     0.000 r  fft_clk (IN)
                         net (fo=4836, unset)         0.410     0.410    fft_clk
    SLICE_X22Y6          FDCE                                         r  fast_reset_fast_reg[1]/C
  -------------------------------------------------------------------    -------------------
    SLICE_X22Y6          FDCE (Prop_fdce_C_Q)         0.128     0.538 r  fast_reset_fast_reg[1]/Q
                         net (fo=1, routed)           0.238     0.776    product/out[0]
    SLICE_X25Y5          LUT2 (Prop_lut2_I0_O)        0.099     0.875 f  product/request_sync[1]_i_1/O
                         net (fo=1048, routed)        0.514     1.389    result_guard/exponent_seen_reg_0
    SLICE_X20Y2          FDCE                                         f  result_guard/age_reg[12]/CLR
  -------------------------------------------------------------------    -------------------

                         (clock island_175 rise edge)
                                                      0.000     0.000 r  
                                                      0.000     0.000 r  fft_clk (IN)
                         net (fo=4836, unset)         0.432     0.432    result_guard/fft_clk
    SLICE_X20Y2          FDCE                                         r  result_guard/age_reg[12]/C
                         clock pessimism              0.000     0.432    
    SLICE_X20Y2          FDCE (Remov_fdce_C_CLR)     -0.067     0.365    result_guard/age_reg[12]
  -------------------------------------------------------------------
                         required time                         -0.365    
                         arrival time                           1.389    
  -------------------------------------------------------------------
                         slack                                  1.024    

Slack (MET) :             1.024ns  (arrival time - required time)
  Source:                 fast_reset_fast_reg[1]/C
                            (rising edge-triggered cell FDCE clocked by island_175  {rise@0.000ns fall@2.857ns period=5.714ns})
  Destination:            result_guard/awaiting_ack_reg/CLR
                            (removal check against rising-edge clock island_175  {rise@0.000ns fall@2.857ns period=5.714ns})
  Path Group:             **async_default**
  Path Type:              Removal (Min at Fast Process Corner)
  Requirement:            0.000ns  (island_175 rise@0.000ns - island_175 rise@0.000ns)
  Data Path Delay:        0.979ns  (logic 0.227ns (23.197%)  route 0.752ns (76.803%))
  Logic Levels:           1  (LUT2=1)
  Clock Path Skew:        0.022ns (DCD - SCD - CPR)
    Destination Clock Delay (DCD):    0.432ns
    Source Clock Delay      (SCD):    0.410ns
    Clock Pessimism Removal (CPR):    -0.000ns

    Location             Delay type                Incr(ns)  Path(ns)    Netlist Resource(s)
  -------------------------------------------------------------------    -------------------
                         (clock island_175 rise edge)
                                                      0.000     0.000 r  
                                                      0.000     0.000 r  fft_clk (IN)
                         net (fo=4836, unset)         0.410     0.410    fft_clk
    SLICE_X22Y6          FDCE                                         r  fast_reset_fast_reg[1]/C
  -------------------------------------------------------------------    -------------------
    SLICE_X22Y6          FDCE (Prop_fdce_C_Q)         0.128     0.538 r  fast_reset_fast_reg[1]/Q
                         net (fo=1, routed)           0.238     0.776    product/out[0]
    SLICE_X25Y5          LUT2 (Prop_lut2_I0_O)        0.099     0.875 f  product/request_sync[1]_i_1/O
                         net (fo=1048, routed)        0.514     1.389    result_guard/exponent_seen_reg_0
    SLICE_X20Y2          FDCE                                         f  result_guard/awaiting_ack_reg/CLR
  -------------------------------------------------------------------    -------------------

                         (clock island_175 rise edge)
                                                      0.000     0.000 r  
                                                      0.000     0.000 r  fft_clk (IN)
                         net (fo=4836, unset)         0.432     0.432    result_guard/fft_clk
    SLICE_X20Y2          FDCE                                         r  result_guard/awaiting_ack_reg/C
                         clock pessimism              0.000     0.432    
    SLICE_X20Y2          FDCE (Remov_fdce_C_CLR)     -0.067     0.365    result_guard/awaiting_ack_reg
  -------------------------------------------------------------------
                         required time                         -0.365    
                         arrival time                           1.389    
  -------------------------------------------------------------------
                         slack                                  1.024    

Slack (MET) :             1.024ns  (arrival time - required time)
  Source:                 fast_reset_fast_reg[1]/C
                            (rising edge-triggered cell FDCE clocked by island_175  {rise@0.000ns fall@2.857ns period=5.714ns})
  Destination:            result_guard/return_occupied_reg/CLR
                            (removal check against rising-edge clock island_175  {rise@0.000ns fall@2.857ns period=5.714ns})
  Path Group:             **async_default**
  Path Type:              Removal (Min at Fast Process Corner)
  Requirement:            0.000ns  (island_175 rise@0.000ns - island_175 rise@0.000ns)
  Data Path Delay:        0.979ns  (logic 0.227ns (23.197%)  route 0.752ns (76.803%))
  Logic Levels:           1  (LUT2=1)
  Clock Path Skew:        0.022ns (DCD - SCD - CPR)
    Destination Clock Delay (DCD):    0.432ns
    Source Clock Delay      (SCD):    0.410ns
    Clock Pessimism Removal (CPR):    -0.000ns

    Location             Delay type                Incr(ns)  Path(ns)    Netlist Resource(s)
  -------------------------------------------------------------------    -------------------
                         (clock island_175 rise edge)
                                                      0.000     0.000 r  
                                                      0.000     0.000 r  fft_clk (IN)
                         net (fo=4836, unset)         0.410     0.410    fft_clk
    SLICE_X22Y6          FDCE                                         r  fast_reset_fast_reg[1]/C
  -------------------------------------------------------------------    -------------------
    SLICE_X22Y6          FDCE (Prop_fdce_C_Q)         0.128     0.538 r  fast_reset_fast_reg[1]/Q
                         net (fo=1, routed)           0.238     0.776    product/out[0]
    SLICE_X25Y5          LUT2 (Prop_lut2_I0_O)        0.099     0.875 f  product/request_sync[1]_i_1/O
                         net (fo=1048, routed)        0.514     1.389    result_guard/exponent_seen_reg_0
    SLICE_X20Y2          FDCE                                         f  result_guard/return_occupied_reg/CLR
  -------------------------------------------------------------------    -------------------

                         (clock island_175 rise edge)
                                                      0.000     0.000 r  
                                                      0.000     0.000 r  fft_clk (IN)
                         net (fo=4836, unset)         0.432     0.432    result_guard/fft_clk
    SLICE_X20Y2          FDCE                                         r  result_guard/return_occupied_reg/C
                         clock pessimism              0.000     0.432    
    SLICE_X20Y2          FDCE (Remov_fdce_C_CLR)     -0.067     0.365    result_guard/return_occupied_reg
  -------------------------------------------------------------------
                         required time                         -0.365    
                         arrival time                           1.389    
  -------------------------------------------------------------------
                         slack                                  1.024    

Slack (MET) :             1.031ns  (arrival time - required time)
  Source:                 fast_reset_fast_reg[1]/C
                            (rising edge-triggered cell FDCE clocked by island_175  {rise@0.000ns fall@2.857ns period=5.714ns})
  Destination:            result_guard/age_reg[0]/CLR
                            (removal check against rising-edge clock island_175  {rise@0.000ns fall@2.857ns period=5.714ns})
  Path Group:             **async_default**
  Path Type:              Removal (Min at Fast Process Corner)
  Requirement:            0.000ns  (island_175 rise@0.000ns - island_175 rise@0.000ns)
  Data Path Delay:        0.961ns  (logic 0.227ns (23.624%)  route 0.734ns (76.376%))
  Logic Levels:           1  (LUT2=1)
  Clock Path Skew:        0.022ns (DCD - SCD - CPR)
    Destination Clock Delay (DCD):    0.432ns
    Source Clock Delay      (SCD):    0.410ns
    Clock Pessimism Removal (CPR):    -0.000ns

    Location             Delay type                Incr(ns)  Path(ns)    Netlist Resource(s)
  -------------------------------------------------------------------    -------------------
                         (clock island_175 rise edge)
                                                      0.000     0.000 r  
                                                      0.000     0.000 r  fft_clk (IN)
                         net (fo=4836, unset)         0.410     0.410    fft_clk
    SLICE_X22Y6          FDCE                                         r  fast_reset_fast_reg[1]/C
  -------------------------------------------------------------------    -------------------
    SLICE_X22Y6          FDCE (Prop_fdce_C_Q)         0.128     0.538 r  fast_reset_fast_reg[1]/Q
                         net (fo=1, routed)           0.238     0.776    product/out[0]
    SLICE_X25Y5          LUT2 (Prop_lut2_I0_O)        0.099     0.875 f  product/request_sync[1]_i_1/O
                         net (fo=1048, routed)        0.496     1.371    result_guard/exponent_seen_reg_0
    SLICE_X21Y0          FDCE                                         f  result_guard/age_reg[0]/CLR
  -------------------------------------------------------------------    -------------------

                         (clock island_175 rise edge)
                                                      0.000     0.000 r  
                                                      0.000     0.000 r  fft_clk (IN)
                         net (fo=4836, unset)         0.432     0.432    result_guard/fft_clk
    SLICE_X21Y0          FDCE                                         r  result_guard/age_reg[0]/C
                         clock pessimism              0.000     0.432    
    SLICE_X21Y0          FDCE (Remov_fdce_C_CLR)     -0.092     0.340    result_guard/age_reg[0]
  -------------------------------------------------------------------
                         required time                         -0.340    
                         arrival time                           1.371    
  -------------------------------------------------------------------
                         slack                                  1.031    

Slack (MET) :             1.031ns  (arrival time - required time)
  Source:                 fast_reset_fast_reg[1]/C
                            (rising edge-triggered cell FDCE clocked by island_175  {rise@0.000ns fall@2.857ns period=5.714ns})
  Destination:            result_guard/age_reg[1]/CLR
                            (removal check against rising-edge clock island_175  {rise@0.000ns fall@2.857ns period=5.714ns})
  Path Group:             **async_default**
  Path Type:              Removal (Min at Fast Process Corner)
  Requirement:            0.000ns  (island_175 rise@0.000ns - island_175 rise@0.000ns)
  Data Path Delay:        0.961ns  (logic 0.227ns (23.624%)  route 0.734ns (76.376%))
  Logic Levels:           1  (LUT2=1)
  Clock Path Skew:        0.022ns (DCD - SCD - CPR)
    Destination Clock Delay (DCD):    0.432ns
    Source Clock Delay      (SCD):    0.410ns
    Clock Pessimism Removal (CPR):    -0.000ns

    Location             Delay type                Incr(ns)  Path(ns)    Netlist Resource(s)
  -------------------------------------------------------------------    -------------------
                         (clock island_175 rise edge)
                                                      0.000     0.000 r  
                                                      0.000     0.000 r  fft_clk (IN)
                         net (fo=4836, unset)         0.410     0.410    fft_clk
    SLICE_X22Y6          FDCE                                         r  fast_reset_fast_reg[1]/C
  -------------------------------------------------------------------    -------------------
    SLICE_X22Y6          FDCE (Prop_fdce_C_Q)         0.128     0.538 r  fast_reset_fast_reg[1]/Q
                         net (fo=1, routed)           0.238     0.776    product/out[0]
    SLICE_X25Y5          LUT2 (Prop_lut2_I0_O)        0.099     0.875 f  product/request_sync[1]_i_1/O
                         net (fo=1048, routed)        0.496     1.371    result_guard/exponent_seen_reg_0
    SLICE_X21Y0          FDCE                                         f  result_guard/age_reg[1]/CLR
  -------------------------------------------------------------------    -------------------

                         (clock island_175 rise edge)
                                                      0.000     0.000 r  
                                                      0.000     0.000 r  fft_clk (IN)
                         net (fo=4836, unset)         0.432     0.432    result_guard/fft_clk
    SLICE_X21Y0          FDCE                                         r  result_guard/age_reg[1]/C
                         clock pessimism              0.000     0.432    
    SLICE_X21Y0          FDCE (Remov_fdce_C_CLR)     -0.092     0.340    result_guard/age_reg[1]
  -------------------------------------------------------------------
                         required time                         -0.340    
                         arrival time                           1.371    
  -------------------------------------------------------------------
                         slack                                  1.031    

Slack (MET) :             1.031ns  (arrival time - required time)
  Source:                 fast_reset_fast_reg[1]/C
                            (rising edge-triggered cell FDCE clocked by island_175  {rise@0.000ns fall@2.857ns period=5.714ns})
  Destination:            result_guard/age_reg[2]/CLR
                            (removal check against rising-edge clock island_175  {rise@0.000ns fall@2.857ns period=5.714ns})
  Path Group:             **async_default**
  Path Type:              Removal (Min at Fast Process Corner)
  Requirement:            0.000ns  (island_175 rise@0.000ns - island_175 rise@0.000ns)
  Data Path Delay:        0.961ns  (logic 0.227ns (23.624%)  route 0.734ns (76.376%))
  Logic Levels:           1  (LUT2=1)
  Clock Path Skew:        0.022ns (DCD - SCD - CPR)
    Destination Clock Delay (DCD):    0.432ns
    Source Clock Delay      (SCD):    0.410ns
    Clock Pessimism Removal (CPR):    -0.000ns

    Location             Delay type                Incr(ns)  Path(ns)    Netlist Resource(s)
  -------------------------------------------------------------------    -------------------
                         (clock island_175 rise edge)
                                                      0.000     0.000 r  
                                                      0.000     0.000 r  fft_clk (IN)
                         net (fo=4836, unset)         0.410     0.410    fft_clk
    SLICE_X22Y6          FDCE                                         r  fast_reset_fast_reg[1]/C
  -------------------------------------------------------------------    -------------------
    SLICE_X22Y6          FDCE (Prop_fdce_C_Q)         0.128     0.538 r  fast_reset_fast_reg[1]/Q
                         net (fo=1, routed)           0.238     0.776    product/out[0]
    SLICE_X25Y5          LUT2 (Prop_lut2_I0_O)        0.099     0.875 f  product/request_sync[1]_i_1/O
                         net (fo=1048, routed)        0.496     1.371    result_guard/exponent_seen_reg_0
    SLICE_X21Y0          FDCE                                         f  result_guard/age_reg[2]/CLR
  -------------------------------------------------------------------    -------------------

                         (clock island_175 rise edge)
                                                      0.000     0.000 r  
                                                      0.000     0.000 r  fft_clk (IN)
                         net (fo=4836, unset)         0.432     0.432    result_guard/fft_clk
    SLICE_X21Y0          FDCE                                         r  result_guard/age_reg[2]/C
                         clock pessimism              0.000     0.432    
    SLICE_X21Y0          FDCE (Remov_fdce_C_CLR)     -0.092     0.340    result_guard/age_reg[2]
  -------------------------------------------------------------------
                         required time                         -0.340    
                         arrival time                           1.371    
  -------------------------------------------------------------------
                         slack                                  1.031    

Slack (MET) :             1.031ns  (arrival time - required time)
  Source:                 fast_reset_fast_reg[1]/C
                            (rising edge-triggered cell FDCE clocked by island_175  {rise@0.000ns fall@2.857ns period=5.714ns})
  Destination:            result_guard/age_reg[3]/CLR
                            (removal check against rising-edge clock island_175  {rise@0.000ns fall@2.857ns period=5.714ns})
  Path Group:             **async_default**
  Path Type:              Removal (Min at Fast Process Corner)
  Requirement:            0.000ns  (island_175 rise@0.000ns - island_175 rise@0.000ns)
  Data Path Delay:        0.961ns  (logic 0.227ns (23.624%)  route 0.734ns (76.376%))
  Logic Levels:           1  (LUT2=1)
  Clock Path Skew:        0.022ns (DCD - SCD - CPR)
    Destination Clock Delay (DCD):    0.432ns
    Source Clock Delay      (SCD):    0.410ns
    Clock Pessimism Removal (CPR):    -0.000ns

    Location             Delay type                Incr(ns)  Path(ns)    Netlist Resource(s)
  -------------------------------------------------------------------    -------------------
                         (clock island_175 rise edge)
                                                      0.000     0.000 r  
                                                      0.000     0.000 r  fft_clk (IN)
                         net (fo=4836, unset)         0.410     0.410    fft_clk
    SLICE_X22Y6          FDCE                                         r  fast_reset_fast_reg[1]/C
  -------------------------------------------------------------------    -------------------
    SLICE_X22Y6          FDCE (Prop_fdce_C_Q)         0.128     0.538 r  fast_reset_fast_reg[1]/Q
                         net (fo=1, routed)           0.238     0.776    product/out[0]
    SLICE_X25Y5          LUT2 (Prop_lut2_I0_O)        0.099     0.875 f  product/request_sync[1]_i_1/O
                         net (fo=1048, routed)        0.496     1.371    result_guard/exponent_seen_reg_0
    SLICE_X21Y0          FDCE                                         f  result_guard/age_reg[3]/CLR
  -------------------------------------------------------------------    -------------------

                         (clock island_175 rise edge)
                                                      0.000     0.000 r  
                                                      0.000     0.000 r  fft_clk (IN)
                         net (fo=4836, unset)         0.432     0.432    result_guard/fft_clk
    SLICE_X21Y0          FDCE                                         r  result_guard/age_reg[3]/C
                         clock pessimism              0.000     0.432    
    SLICE_X21Y0          FDCE (Remov_fdce_C_CLR)     -0.092     0.340    result_guard/age_reg[3]
  -------------------------------------------------------------------
                         required time                         -0.340    
                         arrival time                           1.371    
  -------------------------------------------------------------------
                         slack                                  1.031    

Slack (MET) :             1.049ns  (arrival time - required time)
  Source:                 fast_reset_fast_reg[1]/C
                            (rising edge-triggered cell FDCE clocked by island_175  {rise@0.000ns fall@2.857ns period=5.714ns})
  Destination:            result_guard/age_reg[10]/CLR
                            (removal check against rising-edge clock island_175  {rise@0.000ns fall@2.857ns period=5.714ns})
  Path Group:             **async_default**
  Path Type:              Removal (Min at Fast Process Corner)
  Requirement:            0.000ns  (island_175 rise@0.000ns - island_175 rise@0.000ns)
  Data Path Delay:        0.979ns  (logic 0.227ns (23.197%)  route 0.752ns (76.803%))
  Logic Levels:           1  (LUT2=1)
  Clock Path Skew:        0.022ns (DCD - SCD - CPR)
    Destination Clock Delay (DCD):    0.432ns
    Source Clock Delay      (SCD):    0.410ns
    Clock Pessimism Removal (CPR):    -0.000ns

    Location             Delay type                Incr(ns)  Path(ns)    Netlist Resource(s)
  -------------------------------------------------------------------    -------------------
                         (clock island_175 rise edge)
                                                      0.000     0.000 r  
                                                      0.000     0.000 r  fft_clk (IN)
                         net (fo=4836, unset)         0.410     0.410    fft_clk
    SLICE_X22Y6          FDCE                                         r  fast_reset_fast_reg[1]/C
  -------------------------------------------------------------------    -------------------
    SLICE_X22Y6          FDCE (Prop_fdce_C_Q)         0.128     0.538 r  fast_reset_fast_reg[1]/Q
                         net (fo=1, routed)           0.238     0.776    product/out[0]
    SLICE_X25Y5          LUT2 (Prop_lut2_I0_O)        0.099     0.875 f  product/request_sync[1]_i_1/O
                         net (fo=1048, routed)        0.514     1.389    result_guard/exponent_seen_reg_0
    SLICE_X21Y2          FDCE                                         f  result_guard/age_reg[10]/CLR
  -------------------------------------------------------------------    -------------------

                         (clock island_175 rise edge)
                                                      0.000     0.000 r  
                                                      0.000     0.000 r  fft_clk (IN)
                         net (fo=4836, unset)         0.432     0.432    result_guard/fft_clk
    SLICE_X21Y2          FDCE                                         r  result_guard/age_reg[10]/C
                         clock pessimism              0.000     0.432    
    SLICE_X21Y2          FDCE (Remov_fdce_C_CLR)     -0.092     0.340    result_guard/age_reg[10]
  -------------------------------------------------------------------
                         required time                         -0.340    
                         arrival time                           1.389    
  -------------------------------------------------------------------
                         slack                                  1.049    

Slack (MET) :             1.049ns  (arrival time - required time)
  Source:                 fast_reset_fast_reg[1]/C
                            (rising edge-triggered cell FDCE clocked by island_175  {rise@0.000ns fall@2.857ns period=5.714ns})
  Destination:            result_guard/age_reg[11]/CLR
                            (removal check against rising-edge clock island_175  {rise@0.000ns fall@2.857ns period=5.714ns})
  Path Group:             **async_default**
  Path Type:              Removal (Min at Fast Process Corner)
  Requirement:            0.000ns  (island_175 rise@0.000ns - island_175 rise@0.000ns)
  Data Path Delay:        0.979ns  (logic 0.227ns (23.197%)  route 0.752ns (76.803%))
  Logic Levels:           1  (LUT2=1)
  Clock Path Skew:        0.022ns (DCD - SCD - CPR)
    Destination Clock Delay (DCD):    0.432ns
    Source Clock Delay      (SCD):    0.410ns
    Clock Pessimism Removal (CPR):    -0.000ns

    Location             Delay type                Incr(ns)  Path(ns)    Netlist Resource(s)
  -------------------------------------------------------------------    -------------------
                         (clock island_175 rise edge)
                                                      0.000     0.000 r  
                                                      0.000     0.000 r  fft_clk (IN)
                         net (fo=4836, unset)         0.410     0.410    fft_clk
    SLICE_X22Y6          FDCE                                         r  fast_reset_fast_reg[1]/C
  -------------------------------------------------------------------    -------------------
    SLICE_X22Y6          FDCE (Prop_fdce_C_Q)         0.128     0.538 r  fast_reset_fast_reg[1]/Q
                         net (fo=1, routed)           0.238     0.776    product/out[0]
    SLICE_X25Y5          LUT2 (Prop_lut2_I0_O)        0.099     0.875 f  product/request_sync[1]_i_1/O
                         net (fo=1048, routed)        0.514     1.389    result_guard/exponent_seen_reg_0
    SLICE_X21Y2          FDCE                                         f  result_guard/age_reg[11]/CLR
  -------------------------------------------------------------------    -------------------

                         (clock island_175 rise edge)
                                                      0.000     0.000 r  
                                                      0.000     0.000 r  fft_clk (IN)
                         net (fo=4836, unset)         0.432     0.432    result_guard/fft_clk
    SLICE_X21Y2          FDCE                                         r  result_guard/age_reg[11]/C
                         clock pessimism              0.000     0.432    
    SLICE_X21Y2          FDCE (Remov_fdce_C_CLR)     -0.092     0.340    result_guard/age_reg[11]
  -------------------------------------------------------------------
                         required time                         -0.340    
                         arrival time                           1.389    
  -------------------------------------------------------------------
                         slack                                  1.049    

Slack (MET) :             1.049ns  (arrival time - required time)
  Source:                 fast_reset_fast_reg[1]/C
                            (rising edge-triggered cell FDCE clocked by island_175  {rise@0.000ns fall@2.857ns period=5.714ns})
  Destination:            result_guard/age_reg[8]/CLR
                            (removal check against rising-edge clock island_175  {rise@0.000ns fall@2.857ns period=5.714ns})
  Path Group:             **async_default**
  Path Type:              Removal (Min at Fast Process Corner)
  Requirement:            0.000ns  (island_175 rise@0.000ns - island_175 rise@0.000ns)
  Data Path Delay:        0.979ns  (logic 0.227ns (23.197%)  route 0.752ns (76.803%))
  Logic Levels:           1  (LUT2=1)
  Clock Path Skew:        0.022ns (DCD - SCD - CPR)
    Destination Clock Delay (DCD):    0.432ns
    Source Clock Delay      (SCD):    0.410ns
    Clock Pessimism Removal (CPR):    -0.000ns

    Location             Delay type                Incr(ns)  Path(ns)    Netlist Resource(s)
  -------------------------------------------------------------------    -------------------
                         (clock island_175 rise edge)
                                                      0.000     0.000 r  
                                                      0.000     0.000 r  fft_clk (IN)
                         net (fo=4836, unset)         0.410     0.410    fft_clk
    SLICE_X22Y6          FDCE                                         r  fast_reset_fast_reg[1]/C
  -------------------------------------------------------------------    -------------------
    SLICE_X22Y6          FDCE (Prop_fdce_C_Q)         0.128     0.538 r  fast_reset_fast_reg[1]/Q
                         net (fo=1, routed)           0.238     0.776    product/out[0]
    SLICE_X25Y5          LUT2 (Prop_lut2_I0_O)        0.099     0.875 f  product/request_sync[1]_i_1/O
                         net (fo=1048, routed)        0.514     1.389    result_guard/exponent_seen_reg_0
    SLICE_X21Y2          FDCE                                         f  result_guard/age_reg[8]/CLR
  -------------------------------------------------------------------    -------------------

                         (clock island_175 rise edge)
                                                      0.000     0.000 r  
                                                      0.000     0.000 r  fft_clk (IN)
                         net (fo=4836, unset)         0.432     0.432    result_guard/fft_clk
    SLICE_X21Y2          FDCE                                         r  result_guard/age_reg[8]/C
                         clock pessimism              0.000     0.432    
    SLICE_X21Y2          FDCE (Remov_fdce_C_CLR)     -0.092     0.340    result_guard/age_reg[8]
  -------------------------------------------------------------------
                         required time                         -0.340    
                         arrival time                           1.389    
  -------------------------------------------------------------------
                         slack                                  1.049    

Slack (MET) :             1.049ns  (arrival time - required time)
  Source:                 fast_reset_fast_reg[1]/C
                            (rising edge-triggered cell FDCE clocked by island_175  {rise@0.000ns fall@2.857ns period=5.714ns})
  Destination:            result_guard/age_reg[9]/CLR
                            (removal check against rising-edge clock island_175  {rise@0.000ns fall@2.857ns period=5.714ns})
  Path Group:             **async_default**
  Path Type:              Removal (Min at Fast Process Corner)
  Requirement:            0.000ns  (island_175 rise@0.000ns - island_175 rise@0.000ns)
  Data Path Delay:        0.979ns  (logic 0.227ns (23.197%)  route 0.752ns (76.803%))
  Logic Levels:           1  (LUT2=1)
  Clock Path Skew:        0.022ns (DCD - SCD - CPR)
    Destination Clock Delay (DCD):    0.432ns
    Source Clock Delay      (SCD):    0.410ns
    Clock Pessimism Removal (CPR):    -0.000ns

    Location             Delay type                Incr(ns)  Path(ns)    Netlist Resource(s)
  -------------------------------------------------------------------    -------------------
                         (clock island_175 rise edge)
                                                      0.000     0.000 r  
                                                      0.000     0.000 r  fft_clk (IN)
                         net (fo=4836, unset)         0.410     0.410    fft_clk
    SLICE_X22Y6          FDCE                                         r  fast_reset_fast_reg[1]/C
  -------------------------------------------------------------------    -------------------
    SLICE_X22Y6          FDCE (Prop_fdce_C_Q)         0.128     0.538 r  fast_reset_fast_reg[1]/Q
                         net (fo=1, routed)           0.238     0.776    product/out[0]
    SLICE_X25Y5          LUT2 (Prop_lut2_I0_O)        0.099     0.875 f  product/request_sync[1]_i_1/O
                         net (fo=1048, routed)        0.514     1.389    result_guard/exponent_seen_reg_0
    SLICE_X21Y2          FDCE                                         f  result_guard/age_reg[9]/CLR
  -------------------------------------------------------------------    -------------------

                         (clock island_175 rise edge)
                                                      0.000     0.000 r  
                                                      0.000     0.000 r  fft_clk (IN)
                         net (fo=4836, unset)         0.432     0.432    result_guard/fft_clk
    SLICE_X21Y2          FDCE                                         r  result_guard/age_reg[9]/C
                         clock pessimism              0.000     0.432    
    SLICE_X21Y2          FDCE (Remov_fdce_C_CLR)     -0.092     0.340    result_guard/age_reg[9]
  -------------------------------------------------------------------
                         required time                         -0.340    
                         arrival time                           1.389    
  -------------------------------------------------------------------
                         slack                                  1.049    

Slack (MET) :             1.097ns  (arrival time - required time)
  Source:                 fast_reset_fast_reg[1]/C
                            (rising edge-triggered cell FDCE clocked by island_175  {rise@0.000ns fall@2.857ns period=5.714ns})
  Destination:            result_guard/fault_reasons_reg[1]/CLR
                            (removal check against rising-edge clock island_175  {rise@0.000ns fall@2.857ns period=5.714ns})
  Path Group:             **async_default**
  Path Type:              Removal (Min at Fast Process Corner)
  Requirement:            0.000ns  (island_175 rise@0.000ns - island_175 rise@0.000ns)
  Data Path Delay:        1.051ns  (logic 0.227ns (21.591%)  route 0.824ns (78.409%))
  Logic Levels:           1  (LUT2=1)
  Clock Path Skew:        0.022ns (DCD - SCD - CPR)
    Destination Clock Delay (DCD):    0.432ns
    Source Clock Delay      (SCD):    0.410ns
    Clock Pessimism Removal (CPR):    -0.000ns

    Location             Delay type                Incr(ns)  Path(ns)    Netlist Resource(s)
  -------------------------------------------------------------------    -------------------
                         (clock island_175 rise edge)
                                                      0.000     0.000 r  
                                                      0.000     0.000 r  fft_clk (IN)
                         net (fo=4836, unset)         0.410     0.410    fft_clk
    SLICE_X22Y6          FDCE                                         r  fast_reset_fast_reg[1]/C
  -------------------------------------------------------------------    -------------------
    SLICE_X22Y6          FDCE (Prop_fdce_C_Q)         0.128     0.538 r  fast_reset_fast_reg[1]/Q
                         net (fo=1, routed)           0.238     0.776    product/out[0]
    SLICE_X25Y5          LUT2 (Prop_lut2_I0_O)        0.099     0.875 f  product/request_sync[1]_i_1/O
                         net (fo=1048, routed)        0.587     1.462    result_guard/exponent_seen_reg_0
    SLICE_X20Y1          FDCE                                         f  result_guard/fault_reasons_reg[1]/CLR
  -------------------------------------------------------------------    -------------------

                         (clock island_175 rise edge)
                                                      0.000     0.000 r  
                                                      0.000     0.000 r  fft_clk (IN)
                         net (fo=4836, unset)         0.432     0.432    result_guard/fft_clk
    SLICE_X20Y1          FDCE                                         r  result_guard/fault_reasons_reg[1]/C
                         clock pessimism              0.000     0.432    
    SLICE_X20Y1          FDCE (Remov_fdce_C_CLR)     -0.067     0.365    result_guard/fault_reasons_reg[1]
  -------------------------------------------------------------------
                         required time                         -0.365    
                         arrival time                           1.462    
  -------------------------------------------------------------------
                         slack                                  1.097    

Slack (MET) :             1.112ns  (arrival time - required time)
  Source:                 registered_scheduling.core_release_reg/C
                            (rising edge-triggered cell FDRE clocked by island_175  {rise@0.000ns fall@2.857ns period=5.714ns})
  Destination:            input_guard/expected_position_reg[4]/CLR
                            (removal check against rising-edge clock island_175  {rise@0.000ns fall@2.857ns period=5.714ns})
  Path Group:             **async_default**
  Path Type:              Removal (Min at Fast Process Corner)
  Requirement:            0.000ns  (island_175 rise@0.000ns - island_175 rise@0.000ns)
  Data Path Delay:        0.976ns  (logic 0.207ns (21.209%)  route 0.769ns (78.791%))
  Logic Levels:           1  (LUT2=1)
  Clock Path Skew:        0.022ns (DCD - SCD - CPR)
    Destination Clock Delay (DCD):    0.432ns
    Source Clock Delay      (SCD):    0.410ns
    Clock Pessimism Removal (CPR):    -0.000ns

    Location             Delay type                Incr(ns)  Path(ns)    Netlist Resource(s)
  -------------------------------------------------------------------    -------------------
                         (clock island_175 rise edge)
                                                      0.000     0.000 r  
                                                      0.000     0.000 r  fft_clk (IN)
                         net (fo=4836, unset)         0.410     0.410    fft_clk
    SLICE_X24Y2          FDRE                                         r  registered_scheduling.core_release_reg/C
  -------------------------------------------------------------------    -------------------
    SLICE_X24Y2          FDRE (Prop_fdre_C_Q)         0.164     0.574 r  registered_scheduling.core_release_reg/Q
                         net (fo=6, routed)           0.397     0.971    input_guard/expected_position_reg[8]_1
    SLICE_X28Y3          LUT2 (Prop_lut2_I0_O)        0.043     1.014 f  input_guard/fault_reasons[2]_i_2__0/O
                         net (fo=85, routed)          0.372     1.386    input_guard/fault_reasons[2]_i_2__0_n_0
    SLICE_X14Y4          FDCE                                         f  input_guard/expected_position_reg[4]/CLR
  -------------------------------------------------------------------    -------------------

                         (clock island_175 rise edge)
                                                      0.000     0.000 r  
                                                      0.000     0.000 r  fft_clk (IN)
                         net (fo=4836, unset)         0.432     0.432    input_guard/fft_clk
    SLICE_X14Y4          FDCE                                         r  input_guard/expected_position_reg[4]/C
                         clock pessimism              0.000     0.432    
    SLICE_X14Y4          FDCE (Remov_fdce_C_CLR)     -0.158     0.274    input_guard/expected_position_reg[4]
  -------------------------------------------------------------------
                         required time                         -0.274    
                         arrival time                           1.386    
  -------------------------------------------------------------------
                         slack                                  1.112    

Slack (MET) :             1.112ns  (arrival time - required time)
  Source:                 registered_scheduling.core_release_reg/C
                            (rising edge-triggered cell FDRE clocked by island_175  {rise@0.000ns fall@2.857ns period=5.714ns})
  Destination:            input_guard/expected_position_reg[5]/CLR
                            (removal check against rising-edge clock island_175  {rise@0.000ns fall@2.857ns period=5.714ns})
  Path Group:             **async_default**
  Path Type:              Removal (Min at Fast Process Corner)
  Requirement:            0.000ns  (island_175 rise@0.000ns - island_175 rise@0.000ns)
  Data Path Delay:        0.976ns  (logic 0.207ns (21.209%)  route 0.769ns (78.791%))
  Logic Levels:           1  (LUT2=1)
  Clock Path Skew:        0.022ns (DCD - SCD - CPR)
    Destination Clock Delay (DCD):    0.432ns
    Source Clock Delay      (SCD):    0.410ns
    Clock Pessimism Removal (CPR):    -0.000ns

    Location             Delay type                Incr(ns)  Path(ns)    Netlist Resource(s)
  -------------------------------------------------------------------    -------------------
                         (clock island_175 rise edge)
                                                      0.000     0.000 r  
                                                      0.000     0.000 r  fft_clk (IN)
                         net (fo=4836, unset)         0.410     0.410    fft_clk
    SLICE_X24Y2          FDRE                                         r  registered_scheduling.core_release_reg/C
  -------------------------------------------------------------------    -------------------
    SLICE_X24Y2          FDRE (Prop_fdre_C_Q)         0.164     0.574 r  registered_scheduling.core_release_reg/Q
                         net (fo=6, routed)           0.397     0.971    input_guard/expected_position_reg[8]_1
    SLICE_X28Y3          LUT2 (Prop_lut2_I0_O)        0.043     1.014 f  input_guard/fault_reasons[2]_i_2__0/O
                         net (fo=85, routed)          0.372     1.386    input_guard/fault_reasons[2]_i_2__0_n_0
    SLICE_X14Y4          FDCE                                         f  input_guard/expected_position_reg[5]/CLR
  -------------------------------------------------------------------    -------------------

                         (clock island_175 rise edge)
                                                      0.000     0.000 r  
                                                      0.000     0.000 r  fft_clk (IN)
                         net (fo=4836, unset)         0.432     0.432    input_guard/fft_clk
    SLICE_X14Y4          FDCE                                         r  input_guard/expected_position_reg[5]/C
                         clock pessimism              0.000     0.432    
    SLICE_X14Y4          FDCE (Remov_fdce_C_CLR)     -0.158     0.274    input_guard/expected_position_reg[5]
  -------------------------------------------------------------------
                         required time                         -0.274    
                         arrival time                           1.386    
  -------------------------------------------------------------------
                         slack                                  1.112    

Slack (MET) :             1.112ns  (arrival time - required time)
  Source:                 registered_scheduling.core_release_reg/C
                            (rising edge-triggered cell FDRE clocked by island_175  {rise@0.000ns fall@2.857ns period=5.714ns})
  Destination:            input_guard/expected_position_reg[6]/CLR
                            (removal check against rising-edge clock island_175  {rise@0.000ns fall@2.857ns period=5.714ns})
  Path Group:             **async_default**
  Path Type:              Removal (Min at Fast Process Corner)
  Requirement:            0.000ns  (island_175 rise@0.000ns - island_175 rise@0.000ns)
  Data Path Delay:        0.976ns  (logic 0.207ns (21.209%)  route 0.769ns (78.791%))
  Logic Levels:           1  (LUT2=1)
  Clock Path Skew:        0.022ns (DCD - SCD - CPR)
    Destination Clock Delay (DCD):    0.432ns
    Source Clock Delay      (SCD):    0.410ns
    Clock Pessimism Removal (CPR):    -0.000ns

    Location             Delay type                Incr(ns)  Path(ns)    Netlist Resource(s)
  -------------------------------------------------------------------    -------------------
                         (clock island_175 rise edge)
                                                      0.000     0.000 r  
                                                      0.000     0.000 r  fft_clk (IN)
                         net (fo=4836, unset)         0.410     0.410    fft_clk
    SLICE_X24Y2          FDRE                                         r  registered_scheduling.core_release_reg/C
  -------------------------------------------------------------------    -------------------
    SLICE_X24Y2          FDRE (Prop_fdre_C_Q)         0.164     0.574 r  registered_scheduling.core_release_reg/Q
                         net (fo=6, routed)           0.397     0.971    input_guard/expected_position_reg[8]_1
    SLICE_X28Y3          LUT2 (Prop_lut2_I0_O)        0.043     1.014 f  input_guard/fault_reasons[2]_i_2__0/O
                         net (fo=85, routed)          0.372     1.386    input_guard/fault_reasons[2]_i_2__0_n_0
    SLICE_X14Y4          FDCE                                         f  input_guard/expected_position_reg[6]/CLR
  -------------------------------------------------------------------    -------------------

                         (clock island_175 rise edge)
                                                      0.000     0.000 r  
                                                      0.000     0.000 r  fft_clk (IN)
                         net (fo=4836, unset)         0.432     0.432    input_guard/fft_clk
    SLICE_X14Y4          FDCE                                         r  input_guard/expected_position_reg[6]/C
                         clock pessimism              0.000     0.432    
    SLICE_X14Y4          FDCE (Remov_fdce_C_CLR)     -0.158     0.274    input_guard/expected_position_reg[6]
  -------------------------------------------------------------------
                         required time                         -0.274    
                         arrival time                           1.386    
  -------------------------------------------------------------------
                         slack                                  1.112    

Slack (MET) :             1.112ns  (arrival time - required time)
  Source:                 registered_scheduling.core_release_reg/C
                            (rising edge-triggered cell FDRE clocked by island_175  {rise@0.000ns fall@2.857ns period=5.714ns})
  Destination:            input_guard/expected_position_reg[7]/CLR
                            (removal check against rising-edge clock island_175  {rise@0.000ns fall@2.857ns period=5.714ns})
  Path Group:             **async_default**
  Path Type:              Removal (Min at Fast Process Corner)
  Requirement:            0.000ns  (island_175 rise@0.000ns - island_175 rise@0.000ns)
  Data Path Delay:        0.976ns  (logic 0.207ns (21.209%)  route 0.769ns (78.791%))
  Logic Levels:           1  (LUT2=1)
  Clock Path Skew:        0.022ns (DCD - SCD - CPR)
    Destination Clock Delay (DCD):    0.432ns
    Source Clock Delay      (SCD):    0.410ns
    Clock Pessimism Removal (CPR):    -0.000ns

    Location             Delay type                Incr(ns)  Path(ns)    Netlist Resource(s)
  -------------------------------------------------------------------    -------------------
                         (clock island_175 rise edge)
                                                      0.000     0.000 r  
                                                      0.000     0.000 r  fft_clk (IN)
                         net (fo=4836, unset)         0.410     0.410    fft_clk
    SLICE_X24Y2          FDRE                                         r  registered_scheduling.core_release_reg/C
  -------------------------------------------------------------------    -------------------
    SLICE_X24Y2          FDRE (Prop_fdre_C_Q)         0.164     0.574 r  registered_scheduling.core_release_reg/Q
                         net (fo=6, routed)           0.397     0.971    input_guard/expected_position_reg[8]_1
    SLICE_X28Y3          LUT2 (Prop_lut2_I0_O)        0.043     1.014 f  input_guard/fault_reasons[2]_i_2__0/O
                         net (fo=85, routed)          0.372     1.386    input_guard/fault_reasons[2]_i_2__0_n_0
    SLICE_X14Y4          FDCE                                         f  input_guard/expected_position_reg[7]/CLR
  -------------------------------------------------------------------    -------------------

                         (clock island_175 rise edge)
                                                      0.000     0.000 r  
                                                      0.000     0.000 r  fft_clk (IN)
                         net (fo=4836, unset)         0.432     0.432    input_guard/fft_clk
    SLICE_X14Y4          FDCE                                         r  input_guard/expected_position_reg[7]/C
                         clock pessimism              0.000     0.432    
    SLICE_X14Y4          FDCE (Remov_fdce_C_CLR)     -0.158     0.274    input_guard/expected_position_reg[7]
  -------------------------------------------------------------------
                         required time                         -0.274    
                         arrival time                           1.386    
  -------------------------------------------------------------------
                         slack                                  1.112    





--------------------------------------------------------------------------------------
Path Group:  (none)
From Clock:  source_100
  To Clock:  

Max Delay           124 Endpoints
Min Delay           124 Endpoints
--------------------------------------------------------------------------------------


Max Delay Paths
--------------------------------------------------------------------------------------
Slack:                    inf
  Source:                 per_cause_fault_cdc.causes[7].cause_sync_reg[1]/C
                            (rising edge-triggered cell FDRE clocked by source_100  {rise@0.000ns fall@5.000ns period=10.000ns})
  Destination:            input_ready
                            (output port)
  Path Group:             (none)
  Path Type:              Max at Slow Process Corner
  Data Path Delay:        6.139ns  (logic 1.246ns (20.296%)  route 4.893ns (79.704%))
  Logic Levels:           4  (LUT2=1 LUT3=1 LUT4=1 LUT6=1)
  Clock Uncertainty:      0.025ns  ((TSJ^2 + TIJ^2)^1/2 + DJ) / 2 + PE
    Total System Jitter     (TSJ):    0.050ns
    Total Input Jitter      (TIJ):    0.000ns
    Discrete Jitter          (DJ):    0.000ns
    Phase Error              (PE):    0.000ns

    Location             Delay type                Incr(ns)  Path(ns)    Netlist Resource(s)
  -------------------------------------------------------------------    -------------------
                         (clock source_100 rise edge)
                                                      0.000     0.000 r  
                                                      0.000     0.000 r  clk (IN)
                         net (fo=205, unset)          0.973     0.973    clk
    SLICE_X24Y15         FDRE                                         r  per_cause_fault_cdc.causes[7].cause_sync_reg[1]/C
  -------------------------------------------------------------------    -------------------
    SLICE_X24Y15         FDRE (Prop_fdre_C_Q)         0.518     1.491 f  per_cause_fault_cdc.causes[7].cause_sync_reg[1]/Q
                         net (fo=1, routed)           1.231     2.722    per_cause_fault_cdc.causes[7].cause_sync[1]
    SLICE_X24Y4          LUT4 (Prop_lut4_I2_O)        0.124     2.846 f  fast_fault_slow_inferred_i_4/O
                         net (fo=1, routed)           0.561     3.406    fast_fault_slow_inferred_i_4_n_0
    SLICE_X24Y1          LUT6 (Prop_lut6_I5_O)        0.124     3.530 f  fast_fault_slow_inferred_i_1/O
                         net (fo=1, routed)           1.249     4.779    source_bank/out[0]
    SLICE_X9Y2           LUT2 (Prop_lut2_I0_O)        0.153     4.932 f  source_bank/fault_INST_0/O
                         net (fo=10, routed)          0.880     5.812    source_bank/input_fault_reg_0
    SLICE_X2Y3           LUT3 (Prop_lut3_I0_O)        0.327     6.139 r  source_bank/input_ready_INST_0/O
                         net (fo=0)                   0.973     7.112    input_ready
                                                                      r  input_ready (OUT)
  -------------------------------------------------------------------    -------------------

Slack:                    inf
  Source:                 per_cause_fault_cdc.causes[7].cause_sync_reg[1]/C
                            (rising edge-triggered cell FDRE clocked by source_100  {rise@0.000ns fall@5.000ns period=10.000ns})
  Destination:            output_valid
                            (output port)
  Path Group:             (none)
  Path Type:              Max at Slow Process Corner
  Data Path Delay:        6.134ns  (logic 1.241ns (20.231%)  route 4.893ns (79.769%))
  Logic Levels:           4  (LUT2=1 LUT3=1 LUT4=1 LUT6=1)
  Clock Uncertainty:      0.025ns  ((TSJ^2 + TIJ^2)^1/2 + DJ) / 2 + PE
    Total System Jitter     (TSJ):    0.050ns
    Total Input Jitter      (TIJ):    0.000ns
    Discrete Jitter          (DJ):    0.000ns
    Phase Error              (PE):    0.000ns

    Location             Delay type                Incr(ns)  Path(ns)    Netlist Resource(s)
  -------------------------------------------------------------------    -------------------
                         (clock source_100 rise edge)
                                                      0.000     0.000 r  
                                                      0.000     0.000 r  clk (IN)
                         net (fo=205, unset)          0.973     0.973    clk
    SLICE_X24Y15         FDRE                                         r  per_cause_fault_cdc.causes[7].cause_sync_reg[1]/C
  -------------------------------------------------------------------    -------------------
    SLICE_X24Y15         FDRE (Prop_fdre_C_Q)         0.518     1.491 f  per_cause_fault_cdc.causes[7].cause_sync_reg[1]/Q
                         net (fo=1, routed)           1.231     2.722    per_cause_fault_cdc.causes[7].cause_sync[1]
    SLICE_X24Y4          LUT4 (Prop_lut4_I2_O)        0.124     2.846 f  fast_fault_slow_inferred_i_4/O
                         net (fo=1, routed)           0.561     3.406    fast_fault_slow_inferred_i_4_n_0
    SLICE_X24Y1          LUT6 (Prop_lut6_I5_O)        0.124     3.530 f  fast_fault_slow_inferred_i_1/O
                         net (fo=1, routed)           1.249     4.779    source_bank/out[0]
    SLICE_X9Y2           LUT2 (Prop_lut2_I0_O)        0.153     4.932 f  source_bank/fault_INST_0/O
                         net (fo=10, routed)          0.880     5.812    source_bank/input_fault_reg_0
    SLICE_X2Y3           LUT3 (Prop_lut3_I0_O)        0.322     6.134 r  source_bank/output_valid_INST_0/O
                         net (fo=0)                   0.973     7.107    output_valid
                                                                      r  output_valid (OUT)
  -------------------------------------------------------------------    -------------------

Slack:                    inf
  Source:                 per_cause_fault_cdc.causes[7].cause_sync_reg[1]/C
                            (rising edge-triggered cell FDRE clocked by source_100  {rise@0.000ns fall@5.000ns period=10.000ns})
  Destination:            fault
                            (output port)
  Path Group:             (none)
  Path Type:              Max at Slow Process Corner
  Data Path Delay:        4.932ns  (logic 0.919ns (18.633%)  route 4.013ns (81.367%))
  Logic Levels:           3  (LUT2=1 LUT4=1 LUT6=1)
  Clock Uncertainty:      0.025ns  ((TSJ^2 + TIJ^2)^1/2 + DJ) / 2 + PE
    Total System Jitter     (TSJ):    0.050ns
    Total Input Jitter      (TIJ):    0.000ns
    Discrete Jitter          (DJ):    0.000ns
    Phase Error              (PE):    0.000ns

    Location             Delay type                Incr(ns)  Path(ns)    Netlist Resource(s)
  -------------------------------------------------------------------    -------------------
                         (clock source_100 rise edge)
                                                      0.000     0.000 r  
                                                      0.000     0.000 r  clk (IN)
                         net (fo=205, unset)          0.973     0.973    clk
    SLICE_X24Y15         FDRE                                         r  per_cause_fault_cdc.causes[7].cause_sync_reg[1]/C
  -------------------------------------------------------------------    -------------------
    SLICE_X24Y15         FDRE (Prop_fdre_C_Q)         0.518     1.491 r  per_cause_fault_cdc.causes[7].cause_sync_reg[1]/Q
                         net (fo=1, routed)           1.231     2.722    per_cause_fault_cdc.causes[7].cause_sync[1]
    SLICE_X24Y4          LUT4 (Prop_lut4_I2_O)        0.124     2.846 r  fast_fault_slow_inferred_i_4/O
                         net (fo=1, routed)           0.561     3.406    fast_fault_slow_inferred_i_4_n_0
    SLICE_X24Y1          LUT6 (Prop_lut6_I5_O)        0.124     3.530 r  fast_fault_slow_inferred_i_1/O
                         net (fo=1, routed)           1.249     4.779    source_bank/out[0]
    SLICE_X9Y2           LUT2 (Prop_lut2_I0_O)        0.153     4.932 r  source_bank/fault_INST_0/O
                         net (fo=10, unset)           0.973     5.905    fault
                                                                      r  fault (OUT)
  -------------------------------------------------------------------    -------------------

Slack:                    inf
  Source:                 output_bank/payload_memory_reg/CLKARDCLK
                            (rising edge-triggered cell RAMB18E1 clocked by source_100  {rise@0.000ns fall@5.000ns period=10.000ns})
  Destination:            output_data[0]
                            (output port)
  Path Group:             (none)
  Path Type:              Max at Slow Process Corner
  Data Path Delay:        3.427ns  (logic 2.454ns (71.608%)  route 0.973ns (28.392%))
  Logic Levels:           0  
  Clock Uncertainty:      0.025ns  ((TSJ^2 + TIJ^2)^1/2 + DJ) / 2 + PE
    Total System Jitter     (TSJ):    0.050ns
    Total Input Jitter      (TIJ):    0.000ns
    Discrete Jitter          (DJ):    0.000ns
    Phase Error              (PE):    0.000ns

    Location             Delay type                Incr(ns)  Path(ns)    Netlist Resource(s)
  -------------------------------------------------------------------    -------------------
                         (clock source_100 rise edge)
                                                      0.000     0.000 r  
                                                      0.000     0.000 r  clk (IN)
                         net (fo=205, unset)          0.973     0.973    output_bank/clk
    RAMB18_X0Y1          RAMB18E1                                     r  output_bank/payload_memory_reg/CLKARDCLK
  -------------------------------------------------------------------    -------------------
    RAMB18_X0Y1          RAMB18E1 (Prop_ramb18e1_CLKARDCLK_DOADO[0])
                                                      2.454     3.427 r  output_bank/payload_memory_reg/DOADO[0]
                         net (fo=0)                   0.973     4.400    output_data[0]
                                                                      r  output_data[0] (OUT)
  -------------------------------------------------------------------    -------------------

Slack:                    inf
  Source:                 output_bank/payload_memory_reg/CLKARDCLK
                            (rising edge-triggered cell RAMB18E1 clocked by source_100  {rise@0.000ns fall@5.000ns period=10.000ns})
  Destination:            output_data[10]
                            (output port)
  Path Group:             (none)
  Path Type:              Max at Slow Process Corner
  Data Path Delay:        3.427ns  (logic 2.454ns (71.608%)  route 0.973ns (28.392%))
  Logic Levels:           0  
  Clock Uncertainty:      0.025ns  ((TSJ^2 + TIJ^2)^1/2 + DJ) / 2 + PE
    Total System Jitter     (TSJ):    0.050ns
    Total Input Jitter      (TIJ):    0.000ns
    Discrete Jitter          (DJ):    0.000ns
    Phase Error              (PE):    0.000ns

    Location             Delay type                Incr(ns)  Path(ns)    Netlist Resource(s)
  -------------------------------------------------------------------    -------------------
                         (clock source_100 rise edge)
                                                      0.000     0.000 r  
                                                      0.000     0.000 r  clk (IN)
                         net (fo=205, unset)          0.973     0.973    output_bank/clk
    RAMB18_X0Y1          RAMB18E1                                     r  output_bank/payload_memory_reg/CLKARDCLK
  -------------------------------------------------------------------    -------------------
    RAMB18_X0Y1          RAMB18E1 (Prop_ramb18e1_CLKARDCLK_DOADO[10])
                                                      2.454     3.427 r  output_bank/payload_memory_reg/DOADO[10]
                         net (fo=0)                   0.973     4.400    output_data[10]
                                                                      r  output_data[10] (OUT)
  -------------------------------------------------------------------    -------------------

Slack:                    inf
  Source:                 output_bank/payload_memory_reg/CLKARDCLK
                            (rising edge-triggered cell RAMB18E1 clocked by source_100  {rise@0.000ns fall@5.000ns period=10.000ns})
  Destination:            output_data[11]
                            (output port)
  Path Group:             (none)
  Path Type:              Max at Slow Process Corner
  Data Path Delay:        3.427ns  (logic 2.454ns (71.608%)  route 0.973ns (28.392%))
  Logic Levels:           0  
  Clock Uncertainty:      0.025ns  ((TSJ^2 + TIJ^2)^1/2 + DJ) / 2 + PE
    Total System Jitter     (TSJ):    0.050ns
    Total Input Jitter      (TIJ):    0.000ns
    Discrete Jitter          (DJ):    0.000ns
    Phase Error              (PE):    0.000ns

    Location             Delay type                Incr(ns)  Path(ns)    Netlist Resource(s)
  -------------------------------------------------------------------    -------------------
                         (clock source_100 rise edge)
                                                      0.000     0.000 r  
                                                      0.000     0.000 r  clk (IN)
                         net (fo=205, unset)          0.973     0.973    output_bank/clk
    RAMB18_X0Y1          RAMB18E1                                     r  output_bank/payload_memory_reg/CLKARDCLK
  -------------------------------------------------------------------    -------------------
    RAMB18_X0Y1          RAMB18E1 (Prop_ramb18e1_CLKARDCLK_DOADO[11])
                                                      2.454     3.427 r  output_bank/payload_memory_reg/DOADO[11]
                         net (fo=0)                   0.973     4.400    output_data[11]
                                                                      r  output_data[11] (OUT)
  -------------------------------------------------------------------    -------------------

Slack:                    inf
  Source:                 output_bank/payload_memory_reg/CLKARDCLK
                            (rising edge-triggered cell RAMB18E1 clocked by source_100  {rise@0.000ns fall@5.000ns period=10.000ns})
  Destination:            output_data[12]
                            (output port)
  Path Group:             (none)
  Path Type:              Max at Slow Process Corner
  Data Path Delay:        3.427ns  (logic 2.454ns (71.608%)  route 0.973ns (28.392%))
  Logic Levels:           0  
  Clock Uncertainty:      0.025ns  ((TSJ^2 + TIJ^2)^1/2 + DJ) / 2 + PE
    Total System Jitter     (TSJ):    0.050ns
    Total Input Jitter      (TIJ):    0.000ns
    Discrete Jitter          (DJ):    0.000ns
    Phase Error              (PE):    0.000ns

    Location             Delay type                Incr(ns)  Path(ns)    Netlist Resource(s)
  -------------------------------------------------------------------    -------------------
                         (clock source_100 rise edge)
                                                      0.000     0.000 r  
                                                      0.000     0.000 r  clk (IN)
                         net (fo=205, unset)          0.973     0.973    output_bank/clk
    RAMB18_X0Y1          RAMB18E1                                     r  output_bank/payload_memory_reg/CLKARDCLK
  -------------------------------------------------------------------    -------------------
    RAMB18_X0Y1          RAMB18E1 (Prop_ramb18e1_CLKARDCLK_DOADO[12])
                                                      2.454     3.427 r  output_bank/payload_memory_reg/DOADO[12]
                         net (fo=0)                   0.973     4.400    output_data[12]
                                                                      r  output_data[12] (OUT)
  -------------------------------------------------------------------    -------------------

Slack:                    inf
  Source:                 output_bank/payload_memory_reg/CLKARDCLK
                            (rising edge-triggered cell RAMB18E1 clocked by source_100  {rise@0.000ns fall@5.000ns period=10.000ns})
  Destination:            output_data[13]
                            (output port)
  Path Group:             (none)
  Path Type:              Max at Slow Process Corner
  Data Path Delay:        3.427ns  (logic 2.454ns (71.608%)  route 0.973ns (28.392%))
  Logic Levels:           0  
  Clock Uncertainty:      0.025ns  ((TSJ^2 + TIJ^2)^1/2 + DJ) / 2 + PE
    Total System Jitter     (TSJ):    0.050ns
    Total Input Jitter      (TIJ):    0.000ns
    Discrete Jitter          (DJ):    0.000ns
    Phase Error              (PE):    0.000ns

    Location             Delay type                Incr(ns)  Path(ns)    Netlist Resource(s)
  -------------------------------------------------------------------    -------------------
                         (clock source_100 rise edge)
                                                      0.000     0.000 r  
                                                      0.000     0.000 r  clk (IN)
                         net (fo=205, unset)          0.973     0.973    output_bank/clk
    RAMB18_X0Y1          RAMB18E1                                     r  output_bank/payload_memory_reg/CLKARDCLK
  -------------------------------------------------------------------    -------------------
    RAMB18_X0Y1          RAMB18E1 (Prop_ramb18e1_CLKARDCLK_DOADO[13])
                                                      2.454     3.427 r  output_bank/payload_memory_reg/DOADO[13]
                         net (fo=0)                   0.973     4.400    output_data[13]
                                                                      r  output_data[13] (OUT)
  -------------------------------------------------------------------    -------------------

Slack:                    inf
  Source:                 output_bank/payload_memory_reg/CLKARDCLK
                            (rising edge-triggered cell RAMB18E1 clocked by source_100  {rise@0.000ns fall@5.000ns period=10.000ns})
  Destination:            output_data[14]
                            (output port)
  Path Group:             (none)
  Path Type:              Max at Slow Process Corner
  Data Path Delay:        3.427ns  (logic 2.454ns (71.608%)  route 0.973ns (28.392%))
  Logic Levels:           0  
  Clock Uncertainty:      0.025ns  ((TSJ^2 + TIJ^2)^1/2 + DJ) / 2 + PE
    Total System Jitter     (TSJ):    0.050ns
    Total Input Jitter      (TIJ):    0.000ns
    Discrete Jitter          (DJ):    0.000ns
    Phase Error              (PE):    0.000ns

    Location             Delay type                Incr(ns)  Path(ns)    Netlist Resource(s)
  -------------------------------------------------------------------    -------------------
                         (clock source_100 rise edge)
                                                      0.000     0.000 r  
                                                      0.000     0.000 r  clk (IN)
                         net (fo=205, unset)          0.973     0.973    output_bank/clk
    RAMB18_X0Y1          RAMB18E1                                     r  output_bank/payload_memory_reg/CLKARDCLK
  -------------------------------------------------------------------    -------------------
    RAMB18_X0Y1          RAMB18E1 (Prop_ramb18e1_CLKARDCLK_DOADO[14])
                                                      2.454     3.427 r  output_bank/payload_memory_reg/DOADO[14]
                         net (fo=0)                   0.973     4.400    output_data[14]
                                                                      r  output_data[14] (OUT)
  -------------------------------------------------------------------    -------------------

Slack:                    inf
  Source:                 output_bank/payload_memory_reg/CLKARDCLK
                            (rising edge-triggered cell RAMB18E1 clocked by source_100  {rise@0.000ns fall@5.000ns period=10.000ns})
  Destination:            output_data[15]
                            (output port)
  Path Group:             (none)
  Path Type:              Max at Slow Process Corner
  Data Path Delay:        3.427ns  (logic 2.454ns (71.608%)  route 0.973ns (28.392%))
  Logic Levels:           0  
  Clock Uncertainty:      0.025ns  ((TSJ^2 + TIJ^2)^1/2 + DJ) / 2 + PE
    Total System Jitter     (TSJ):    0.050ns
    Total Input Jitter      (TIJ):    0.000ns
    Discrete Jitter          (DJ):    0.000ns
    Phase Error              (PE):    0.000ns

    Location             Delay type                Incr(ns)  Path(ns)    Netlist Resource(s)
  -------------------------------------------------------------------    -------------------
                         (clock source_100 rise edge)
                                                      0.000     0.000 r  
                                                      0.000     0.000 r  clk (IN)
                         net (fo=205, unset)          0.973     0.973    output_bank/clk
    RAMB18_X0Y1          RAMB18E1                                     r  output_bank/payload_memory_reg/CLKARDCLK
  -------------------------------------------------------------------    -------------------
    RAMB18_X0Y1          RAMB18E1 (Prop_ramb18e1_CLKARDCLK_DOADO[15])
                                                      2.454     3.427 r  output_bank/payload_memory_reg/DOADO[15]
                         net (fo=0)                   0.973     4.400    output_data[15]
                                                                      r  output_data[15] (OUT)
  -------------------------------------------------------------------    -------------------

Slack:                    inf
  Source:                 output_bank/payload_memory_reg/CLKARDCLK
                            (rising edge-triggered cell RAMB18E1 clocked by source_100  {rise@0.000ns fall@5.000ns period=10.000ns})
  Destination:            output_data[16]
                            (output port)
  Path Group:             (none)
  Path Type:              Max at Slow Process Corner
  Data Path Delay:        3.427ns  (logic 2.454ns (71.608%)  route 0.973ns (28.392%))
  Logic Levels:           0  
  Clock Uncertainty:      0.025ns  ((TSJ^2 + TIJ^2)^1/2 + DJ) / 2 + PE
    Total System Jitter     (TSJ):    0.050ns
    Total Input Jitter      (TIJ):    0.000ns
    Discrete Jitter          (DJ):    0.000ns
    Phase Error              (PE):    0.000ns

    Location             Delay type                Incr(ns)  Path(ns)    Netlist Resource(s)
  -------------------------------------------------------------------    -------------------
                         (clock source_100 rise edge)
                                                      0.000     0.000 r  
                                                      0.000     0.000 r  clk (IN)
                         net (fo=205, unset)          0.973     0.973    output_bank/clk
    RAMB18_X0Y1          RAMB18E1                                     r  output_bank/payload_memory_reg/CLKARDCLK
  -------------------------------------------------------------------    -------------------
    RAMB18_X0Y1          RAMB18E1 (Prop_ramb18e1_CLKARDCLK_DOBDO[0])
                                                      2.454     3.427 r  output_bank/payload_memory_reg/DOBDO[0]
                         net (fo=0)                   0.973     4.400    output_data[16]
                                                                      r  output_data[16] (OUT)
  -------------------------------------------------------------------    -------------------

Slack:                    inf
  Source:                 output_bank/payload_memory_reg/CLKARDCLK
                            (rising edge-triggered cell RAMB18E1 clocked by source_100  {rise@0.000ns fall@5.000ns period=10.000ns})
  Destination:            output_data[17]
                            (output port)
  Path Group:             (none)
  Path Type:              Max at Slow Process Corner
  Data Path Delay:        3.427ns  (logic 2.454ns (71.608%)  route 0.973ns (28.392%))
  Logic Levels:           0  
  Clock Uncertainty:      0.025ns  ((TSJ^2 + TIJ^2)^1/2 + DJ) / 2 + PE
    Total System Jitter     (TSJ):    0.050ns
    Total Input Jitter      (TIJ):    0.000ns
    Discrete Jitter          (DJ):    0.000ns
    Phase Error              (PE):    0.000ns

    Location             Delay type                Incr(ns)  Path(ns)    Netlist Resource(s)
  -------------------------------------------------------------------    -------------------
                         (clock source_100 rise edge)
                                                      0.000     0.000 r  
                                                      0.000     0.000 r  clk (IN)
                         net (fo=205, unset)          0.973     0.973    output_bank/clk
    RAMB18_X0Y1          RAMB18E1                                     r  output_bank/payload_memory_reg/CLKARDCLK
  -------------------------------------------------------------------    -------------------
    RAMB18_X0Y1          RAMB18E1 (Prop_ramb18e1_CLKARDCLK_DOBDO[1])
                                                      2.454     3.427 r  output_bank/payload_memory_reg/DOBDO[1]
                         net (fo=0)                   0.973     4.400    output_data[17]
                                                                      r  output_data[17] (OUT)
  -------------------------------------------------------------------    -------------------

Slack:                    inf
  Source:                 output_bank/payload_memory_reg/CLKARDCLK
                            (rising edge-triggered cell RAMB18E1 clocked by source_100  {rise@0.000ns fall@5.000ns period=10.000ns})
  Destination:            output_data[18]
                            (output port)
  Path Group:             (none)
  Path Type:              Max at Slow Process Corner
  Data Path Delay:        3.427ns  (logic 2.454ns (71.608%)  route 0.973ns (28.392%))
  Logic Levels:           0  
  Clock Uncertainty:      0.025ns  ((TSJ^2 + TIJ^2)^1/2 + DJ) / 2 + PE
    Total System Jitter     (TSJ):    0.050ns
    Total Input Jitter      (TIJ):    0.000ns
    Discrete Jitter          (DJ):    0.000ns
    Phase Error              (PE):    0.000ns

    Location             Delay type                Incr(ns)  Path(ns)    Netlist Resource(s)
  -------------------------------------------------------------------    -------------------
                         (clock source_100 rise edge)
                                                      0.000     0.000 r  
                                                      0.000     0.000 r  clk (IN)
                         net (fo=205, unset)          0.973     0.973    output_bank/clk
    RAMB18_X0Y1          RAMB18E1                                     r  output_bank/payload_memory_reg/CLKARDCLK
  -------------------------------------------------------------------    -------------------
    RAMB18_X0Y1          RAMB18E1 (Prop_ramb18e1_CLKARDCLK_DOBDO[2])
                                                      2.454     3.427 r  output_bank/payload_memory_reg/DOBDO[2]
                         net (fo=0)                   0.973     4.400    output_data[18]
                                                                      r  output_data[18] (OUT)
  -------------------------------------------------------------------    -------------------

Slack:                    inf
  Source:                 output_bank/payload_memory_reg/CLKARDCLK
                            (rising edge-triggered cell RAMB18E1 clocked by source_100  {rise@0.000ns fall@5.000ns period=10.000ns})
  Destination:            output_data[19]
                            (output port)
  Path Group:             (none)
  Path Type:              Max at Slow Process Corner
  Data Path Delay:        3.427ns  (logic 2.454ns (71.608%)  route 0.973ns (28.392%))
  Logic Levels:           0  
  Clock Uncertainty:      0.025ns  ((TSJ^2 + TIJ^2)^1/2 + DJ) / 2 + PE
    Total System Jitter     (TSJ):    0.050ns
    Total Input Jitter      (TIJ):    0.000ns
    Discrete Jitter          (DJ):    0.000ns
    Phase Error              (PE):    0.000ns

    Location             Delay type                Incr(ns)  Path(ns)    Netlist Resource(s)
  -------------------------------------------------------------------    -------------------
                         (clock source_100 rise edge)
                                                      0.000     0.000 r  
                                                      0.000     0.000 r  clk (IN)
                         net (fo=205, unset)          0.973     0.973    output_bank/clk
    RAMB18_X0Y1          RAMB18E1                                     r  output_bank/payload_memory_reg/CLKARDCLK
  -------------------------------------------------------------------    -------------------
    RAMB18_X0Y1          RAMB18E1 (Prop_ramb18e1_CLKARDCLK_DOBDO[3])
                                                      2.454     3.427 r  output_bank/payload_memory_reg/DOBDO[3]
                         net (fo=0)                   0.973     4.400    output_data[19]
                                                                      r  output_data[19] (OUT)
  -------------------------------------------------------------------    -------------------

Slack:                    inf
  Source:                 output_bank/payload_memory_reg/CLKARDCLK
                            (rising edge-triggered cell RAMB18E1 clocked by source_100  {rise@0.000ns fall@5.000ns period=10.000ns})
  Destination:            output_data[1]
                            (output port)
  Path Group:             (none)
  Path Type:              Max at Slow Process Corner
  Data Path Delay:        3.427ns  (logic 2.454ns (71.608%)  route 0.973ns (28.392%))
  Logic Levels:           0  
  Clock Uncertainty:      0.025ns  ((TSJ^2 + TIJ^2)^1/2 + DJ) / 2 + PE
    Total System Jitter     (TSJ):    0.050ns
    Total Input Jitter      (TIJ):    0.000ns
    Discrete Jitter          (DJ):    0.000ns
    Phase Error              (PE):    0.000ns

    Location             Delay type                Incr(ns)  Path(ns)    Netlist Resource(s)
  -------------------------------------------------------------------    -------------------
                         (clock source_100 rise edge)
                                                      0.000     0.000 r  
                                                      0.000     0.000 r  clk (IN)
                         net (fo=205, unset)          0.973     0.973    output_bank/clk
    RAMB18_X0Y1          RAMB18E1                                     r  output_bank/payload_memory_reg/CLKARDCLK
  -------------------------------------------------------------------    -------------------
    RAMB18_X0Y1          RAMB18E1 (Prop_ramb18e1_CLKARDCLK_DOADO[1])
                                                      2.454     3.427 r  output_bank/payload_memory_reg/DOADO[1]
                         net (fo=0)                   0.973     4.400    output_data[1]
                                                                      r  output_data[1] (OUT)
  -------------------------------------------------------------------    -------------------

Slack:                    inf
  Source:                 output_bank/payload_memory_reg/CLKARDCLK
                            (rising edge-triggered cell RAMB18E1 clocked by source_100  {rise@0.000ns fall@5.000ns period=10.000ns})
  Destination:            output_data[20]
                            (output port)
  Path Group:             (none)
  Path Type:              Max at Slow Process Corner
  Data Path Delay:        3.427ns  (logic 2.454ns (71.608%)  route 0.973ns (28.392%))
  Logic Levels:           0  
  Clock Uncertainty:      0.025ns  ((TSJ^2 + TIJ^2)^1/2 + DJ) / 2 + PE
    Total System Jitter     (TSJ):    0.050ns
    Total Input Jitter      (TIJ):    0.000ns
    Discrete Jitter          (DJ):    0.000ns
    Phase Error              (PE):    0.000ns

    Location             Delay type                Incr(ns)  Path(ns)    Netlist Resource(s)
  -------------------------------------------------------------------    -------------------
                         (clock source_100 rise edge)
                                                      0.000     0.000 r  
                                                      0.000     0.000 r  clk (IN)
                         net (fo=205, unset)          0.973     0.973    output_bank/clk
    RAMB18_X0Y1          RAMB18E1                                     r  output_bank/payload_memory_reg/CLKARDCLK
  -------------------------------------------------------------------    -------------------
    RAMB18_X0Y1          RAMB18E1 (Prop_ramb18e1_CLKARDCLK_DOBDO[4])
                                                      2.454     3.427 r  output_bank/payload_memory_reg/DOBDO[4]
                         net (fo=0)                   0.973     4.400    output_data[20]
                                                                      r  output_data[20] (OUT)
  -------------------------------------------------------------------    -------------------

Slack:                    inf
  Source:                 output_bank/payload_memory_reg/CLKARDCLK
                            (rising edge-triggered cell RAMB18E1 clocked by source_100  {rise@0.000ns fall@5.000ns period=10.000ns})
  Destination:            output_data[21]
                            (output port)
  Path Group:             (none)
  Path Type:              Max at Slow Process Corner
  Data Path Delay:        3.427ns  (logic 2.454ns (71.608%)  route 0.973ns (28.392%))
  Logic Levels:           0  
  Clock Uncertainty:      0.025ns  ((TSJ^2 + TIJ^2)^1/2 + DJ) / 2 + PE
    Total System Jitter     (TSJ):    0.050ns
    Total Input Jitter      (TIJ):    0.000ns
    Discrete Jitter          (DJ):    0.000ns
    Phase Error              (PE):    0.000ns

    Location             Delay type                Incr(ns)  Path(ns)    Netlist Resource(s)
  -------------------------------------------------------------------    -------------------
                         (clock source_100 rise edge)
                                                      0.000     0.000 r  
                                                      0.000     0.000 r  clk (IN)
                         net (fo=205, unset)          0.973     0.973    output_bank/clk
    RAMB18_X0Y1          RAMB18E1                                     r  output_bank/payload_memory_reg/CLKARDCLK
  -------------------------------------------------------------------    -------------------
    RAMB18_X0Y1          RAMB18E1 (Prop_ramb18e1_CLKARDCLK_DOBDO[5])
                                                      2.454     3.427 r  output_bank/payload_memory_reg/DOBDO[5]
                         net (fo=0)                   0.973     4.400    output_data[21]
                                                                      r  output_data[21] (OUT)
  -------------------------------------------------------------------    -------------------

Slack:                    inf
  Source:                 output_bank/payload_memory_reg/CLKARDCLK
                            (rising edge-triggered cell RAMB18E1 clocked by source_100  {rise@0.000ns fall@5.000ns period=10.000ns})
  Destination:            output_data[22]
                            (output port)
  Path Group:             (none)
  Path Type:              Max at Slow Process Corner
  Data Path Delay:        3.427ns  (logic 2.454ns (71.608%)  route 0.973ns (28.392%))
  Logic Levels:           0  
  Clock Uncertainty:      0.025ns  ((TSJ^2 + TIJ^2)^1/2 + DJ) / 2 + PE
    Total System Jitter     (TSJ):    0.050ns
    Total Input Jitter      (TIJ):    0.000ns
    Discrete Jitter          (DJ):    0.000ns
    Phase Error              (PE):    0.000ns

    Location             Delay type                Incr(ns)  Path(ns)    Netlist Resource(s)
  -------------------------------------------------------------------    -------------------
                         (clock source_100 rise edge)
                                                      0.000     0.000 r  
                                                      0.000     0.000 r  clk (IN)
                         net (fo=205, unset)          0.973     0.973    output_bank/clk
    RAMB18_X0Y1          RAMB18E1                                     r  output_bank/payload_memory_reg/CLKARDCLK
  -------------------------------------------------------------------    -------------------
    RAMB18_X0Y1          RAMB18E1 (Prop_ramb18e1_CLKARDCLK_DOBDO[6])
                                                      2.454     3.427 r  output_bank/payload_memory_reg/DOBDO[6]
                         net (fo=0)                   0.973     4.400    output_data[22]
                                                                      r  output_data[22] (OUT)
  -------------------------------------------------------------------    -------------------

Slack:                    inf
  Source:                 output_bank/payload_memory_reg/CLKARDCLK
                            (rising edge-triggered cell RAMB18E1 clocked by source_100  {rise@0.000ns fall@5.000ns period=10.000ns})
  Destination:            output_data[23]
                            (output port)
  Path Group:             (none)
  Path Type:              Max at Slow Process Corner
  Data Path Delay:        3.427ns  (logic 2.454ns (71.608%)  route 0.973ns (28.392%))
  Logic Levels:           0  
  Clock Uncertainty:      0.025ns  ((TSJ^2 + TIJ^2)^1/2 + DJ) / 2 + PE
    Total System Jitter     (TSJ):    0.050ns
    Total Input Jitter      (TIJ):    0.000ns
    Discrete Jitter          (DJ):    0.000ns
    Phase Error              (PE):    0.000ns

    Location             Delay type                Incr(ns)  Path(ns)    Netlist Resource(s)
  -------------------------------------------------------------------    -------------------
                         (clock source_100 rise edge)
                                                      0.000     0.000 r  
                                                      0.000     0.000 r  clk (IN)
                         net (fo=205, unset)          0.973     0.973    output_bank/clk
    RAMB18_X0Y1          RAMB18E1                                     r  output_bank/payload_memory_reg/CLKARDCLK
  -------------------------------------------------------------------    -------------------
    RAMB18_X0Y1          RAMB18E1 (Prop_ramb18e1_CLKARDCLK_DOBDO[7])
                                                      2.454     3.427 r  output_bank/payload_memory_reg/DOBDO[7]
                         net (fo=0)                   0.973     4.400    output_data[23]
                                                                      r  output_data[23] (OUT)
  -------------------------------------------------------------------    -------------------

Slack:                    inf
  Source:                 output_bank/payload_memory_reg/CLKARDCLK
                            (rising edge-triggered cell RAMB18E1 clocked by source_100  {rise@0.000ns fall@5.000ns period=10.000ns})
  Destination:            output_data[24]
                            (output port)
  Path Group:             (none)
  Path Type:              Max at Slow Process Corner
  Data Path Delay:        3.427ns  (logic 2.454ns (71.608%)  route 0.973ns (28.392%))
  Logic Levels:           0  
  Clock Uncertainty:      0.025ns  ((TSJ^2 + TIJ^2)^1/2 + DJ) / 2 + PE
    Total System Jitter     (TSJ):    0.050ns
    Total Input Jitter      (TIJ):    0.000ns
    Discrete Jitter          (DJ):    0.000ns
    Phase Error              (PE):    0.000ns

    Location             Delay type                Incr(ns)  Path(ns)    Netlist Resource(s)
  -------------------------------------------------------------------    -------------------
                         (clock source_100 rise edge)
                                                      0.000     0.000 r  
                                                      0.000     0.000 r  clk (IN)
                         net (fo=205, unset)          0.973     0.973    output_bank/clk
    RAMB18_X0Y1          RAMB18E1                                     r  output_bank/payload_memory_reg/CLKARDCLK
  -------------------------------------------------------------------    -------------------
    RAMB18_X0Y1          RAMB18E1 (Prop_ramb18e1_CLKARDCLK_DOBDO[8])
                                                      2.454     3.427 r  output_bank/payload_memory_reg/DOBDO[8]
                         net (fo=0)                   0.973     4.400    output_data[24]
                                                                      r  output_data[24] (OUT)
  -------------------------------------------------------------------    -------------------





Min Delay Paths
--------------------------------------------------------------------------------------
Slack:                    inf
  Source:                 output_bank/metadata_out_hold_reg[0]/C
                            (rising edge-triggered cell FDRE clocked by source_100  {rise@0.000ns fall@5.000ns period=10.000ns})
  Destination:            output_metadata[0]
                            (output port)
  Path Group:             (none)
  Path Type:              Min at Fast Process Corner
  Data Path Delay:        0.538ns  (logic 0.128ns (23.786%)  route 0.410ns (76.214%))
  Logic Levels:           0  
  Clock Uncertainty:      0.025ns  ((TSJ^2 + TIJ^2)^1/2 + DJ) / 2 + PE
    Total System Jitter     (TSJ):    0.050ns
    Total Input Jitter      (TIJ):    0.000ns
    Discrete Jitter          (DJ):    0.000ns
    Phase Error              (PE):    0.000ns

    Location             Delay type                Incr(ns)  Path(ns)    Netlist Resource(s)
  -------------------------------------------------------------------    -------------------
                         (clock source_100 rise edge)
                                                      0.000     0.000 r  
                                                      0.000     0.000 r  clk (IN)
                         net (fo=205, unset)          0.410     0.410    output_bank/clk
    SLICE_X27Y0          FDRE                                         r  output_bank/metadata_out_hold_reg[0]/C
  -------------------------------------------------------------------    -------------------
    SLICE_X27Y0          FDRE (Prop_fdre_C_Q)         0.128     0.538 r  output_bank/metadata_out_hold_reg[0]/Q
                         net (fo=0)                   0.410     0.948    output_metadata[0]
                                                                      r  output_metadata[0] (OUT)
  -------------------------------------------------------------------    -------------------

Slack:                    inf
  Source:                 output_bank/metadata_out_hold_reg[12]/C
                            (rising edge-triggered cell FDRE clocked by source_100  {rise@0.000ns fall@5.000ns period=10.000ns})
  Destination:            output_metadata[12]
                            (output port)
  Path Group:             (none)
  Path Type:              Min at Fast Process Corner
  Data Path Delay:        0.538ns  (logic 0.128ns (23.786%)  route 0.410ns (76.214%))
  Logic Levels:           0  
  Clock Uncertainty:      0.025ns  ((TSJ^2 + TIJ^2)^1/2 + DJ) / 2 + PE
    Total System Jitter     (TSJ):    0.050ns
    Total Input Jitter      (TIJ):    0.000ns
    Discrete Jitter          (DJ):    0.000ns
    Phase Error              (PE):    0.000ns

    Location             Delay type                Incr(ns)  Path(ns)    Netlist Resource(s)
  -------------------------------------------------------------------    -------------------
                         (clock source_100 rise edge)
                                                      0.000     0.000 r  
                                                      0.000     0.000 r  clk (IN)
                         net (fo=205, unset)          0.410     0.410    output_bank/clk
    SLICE_X37Y0          FDRE                                         r  output_bank/metadata_out_hold_reg[12]/C
  -------------------------------------------------------------------    -------------------
    SLICE_X37Y0          FDRE (Prop_fdre_C_Q)         0.128     0.538 r  output_bank/metadata_out_hold_reg[12]/Q
                         net (fo=0)                   0.410     0.948    output_metadata[12]
                                                                      r  output_metadata[12] (OUT)
  -------------------------------------------------------------------    -------------------

Slack:                    inf
  Source:                 output_bank/metadata_out_hold_reg[17]/C
                            (rising edge-triggered cell FDRE clocked by source_100  {rise@0.000ns fall@5.000ns period=10.000ns})
  Destination:            output_metadata[17]
                            (output port)
  Path Group:             (none)
  Path Type:              Min at Fast Process Corner
  Data Path Delay:        0.538ns  (logic 0.128ns (23.786%)  route 0.410ns (76.214%))
  Logic Levels:           0  
  Clock Uncertainty:      0.025ns  ((TSJ^2 + TIJ^2)^1/2 + DJ) / 2 + PE
    Total System Jitter     (TSJ):    0.050ns
    Total Input Jitter      (TIJ):    0.000ns
    Discrete Jitter          (DJ):    0.000ns
    Phase Error              (PE):    0.000ns

    Location             Delay type                Incr(ns)  Path(ns)    Netlist Resource(s)
  -------------------------------------------------------------------    -------------------
                         (clock source_100 rise edge)
                                                      0.000     0.000 r  
                                                      0.000     0.000 r  clk (IN)
                         net (fo=205, unset)          0.410     0.410    output_bank/clk
    SLICE_X37Y1          FDRE                                         r  output_bank/metadata_out_hold_reg[17]/C
  -------------------------------------------------------------------    -------------------
    SLICE_X37Y1          FDRE (Prop_fdre_C_Q)         0.128     0.538 r  output_bank/metadata_out_hold_reg[17]/Q
                         net (fo=0)                   0.410     0.948    output_metadata[17]
                                                                      r  output_metadata[17] (OUT)
  -------------------------------------------------------------------    -------------------

Slack:                    inf
  Source:                 output_bank/metadata_out_hold_reg[21]/C
                            (rising edge-triggered cell FDRE clocked by source_100  {rise@0.000ns fall@5.000ns period=10.000ns})
  Destination:            output_metadata[21]
                            (output port)
  Path Group:             (none)
  Path Type:              Min at Fast Process Corner
  Data Path Delay:        0.538ns  (logic 0.128ns (23.786%)  route 0.410ns (76.214%))
  Logic Levels:           0  
  Clock Uncertainty:      0.025ns  ((TSJ^2 + TIJ^2)^1/2 + DJ) / 2 + PE
    Total System Jitter     (TSJ):    0.050ns
    Total Input Jitter      (TIJ):    0.000ns
    Discrete Jitter          (DJ):    0.000ns
    Phase Error              (PE):    0.000ns

    Location             Delay type                Incr(ns)  Path(ns)    Netlist Resource(s)
  -------------------------------------------------------------------    -------------------
                         (clock source_100 rise edge)
                                                      0.000     0.000 r  
                                                      0.000     0.000 r  clk (IN)
                         net (fo=205, unset)          0.410     0.410    output_bank/clk
    SLICE_X40Y2          FDRE                                         r  output_bank/metadata_out_hold_reg[21]/C
  -------------------------------------------------------------------    -------------------
    SLICE_X40Y2          FDRE (Prop_fdre_C_Q)         0.128     0.538 r  output_bank/metadata_out_hold_reg[21]/Q
                         net (fo=0)                   0.410     0.948    output_metadata[21]
                                                                      r  output_metadata[21] (OUT)
  -------------------------------------------------------------------    -------------------

Slack:                    inf
  Source:                 output_bank/metadata_out_hold_reg[24]/C
                            (rising edge-triggered cell FDRE clocked by source_100  {rise@0.000ns fall@5.000ns period=10.000ns})
  Destination:            output_metadata[24]
                            (output port)
  Path Group:             (none)
  Path Type:              Min at Fast Process Corner
  Data Path Delay:        0.538ns  (logic 0.128ns (23.786%)  route 0.410ns (76.214%))
  Logic Levels:           0  
  Clock Uncertainty:      0.025ns  ((TSJ^2 + TIJ^2)^1/2 + DJ) / 2 + PE
    Total System Jitter     (TSJ):    0.050ns
    Total Input Jitter      (TIJ):    0.000ns
    Discrete Jitter          (DJ):    0.000ns
    Phase Error              (PE):    0.000ns

    Location             Delay type                Incr(ns)  Path(ns)    Netlist Resource(s)
  -------------------------------------------------------------------    -------------------
                         (clock source_100 rise edge)
                                                      0.000     0.000 r  
                                                      0.000     0.000 r  clk (IN)
                         net (fo=205, unset)          0.410     0.410    output_bank/clk
    SLICE_X39Y1          FDRE                                         r  output_bank/metadata_out_hold_reg[24]/C
  -------------------------------------------------------------------    -------------------
    SLICE_X39Y1          FDRE (Prop_fdre_C_Q)         0.128     0.538 r  output_bank/metadata_out_hold_reg[24]/Q
                         net (fo=0)                   0.410     0.948    output_metadata[24]
                                                                      r  output_metadata[24] (OUT)
  -------------------------------------------------------------------    -------------------

Slack:                    inf
  Source:                 output_bank/metadata_out_hold_reg[25]/C
                            (rising edge-triggered cell FDRE clocked by source_100  {rise@0.000ns fall@5.000ns period=10.000ns})
  Destination:            output_metadata[25]
                            (output port)
  Path Group:             (none)
  Path Type:              Min at Fast Process Corner
  Data Path Delay:        0.538ns  (logic 0.128ns (23.786%)  route 0.410ns (76.214%))
  Logic Levels:           0  
  Clock Uncertainty:      0.025ns  ((TSJ^2 + TIJ^2)^1/2 + DJ) / 2 + PE
    Total System Jitter     (TSJ):    0.050ns
    Total Input Jitter      (TIJ):    0.000ns
    Discrete Jitter          (DJ):    0.000ns
    Phase Error              (PE):    0.000ns

    Location             Delay type                Incr(ns)  Path(ns)    Netlist Resource(s)
  -------------------------------------------------------------------    -------------------
                         (clock source_100 rise edge)
                                                      0.000     0.000 r  
                                                      0.000     0.000 r  clk (IN)
                         net (fo=205, unset)          0.410     0.410    output_bank/clk
    SLICE_X43Y4          FDRE                                         r  output_bank/metadata_out_hold_reg[25]/C
  -------------------------------------------------------------------    -------------------
    SLICE_X43Y4          FDRE (Prop_fdre_C_Q)         0.128     0.538 r  output_bank/metadata_out_hold_reg[25]/Q
                         net (fo=0)                   0.410     0.948    output_metadata[25]
                                                                      r  output_metadata[25] (OUT)
  -------------------------------------------------------------------    -------------------

Slack:                    inf
  Source:                 output_bank/metadata_out_hold_reg[29]/C
                            (rising edge-triggered cell FDRE clocked by source_100  {rise@0.000ns fall@5.000ns period=10.000ns})
  Destination:            output_metadata[29]
                            (output port)
  Path Group:             (none)
  Path Type:              Min at Fast Process Corner
  Data Path Delay:        0.538ns  (logic 0.128ns (23.786%)  route 0.410ns (76.214%))
  Logic Levels:           0  
  Clock Uncertainty:      0.025ns  ((TSJ^2 + TIJ^2)^1/2 + DJ) / 2 + PE
    Total System Jitter     (TSJ):    0.050ns
    Total Input Jitter      (TIJ):    0.000ns
    Discrete Jitter          (DJ):    0.000ns
    Phase Error              (PE):    0.000ns

    Location             Delay type                Incr(ns)  Path(ns)    Netlist Resource(s)
  -------------------------------------------------------------------    -------------------
                         (clock source_100 rise edge)
                                                      0.000     0.000 r  
                                                      0.000     0.000 r  clk (IN)
                         net (fo=205, unset)          0.410     0.410    output_bank/clk
    SLICE_X36Y5          FDRE                                         r  output_bank/metadata_out_hold_reg[29]/C
  -------------------------------------------------------------------    -------------------
    SLICE_X36Y5          FDRE (Prop_fdre_C_Q)         0.128     0.538 r  output_bank/metadata_out_hold_reg[29]/Q
                         net (fo=0)                   0.410     0.948    output_metadata[29]
                                                                      r  output_metadata[29] (OUT)
  -------------------------------------------------------------------    -------------------

Slack:                    inf
  Source:                 output_bank/metadata_out_hold_reg[2]/C
                            (rising edge-triggered cell FDRE clocked by source_100  {rise@0.000ns fall@5.000ns period=10.000ns})
  Destination:            output_metadata[2]
                            (output port)
  Path Group:             (none)
  Path Type:              Min at Fast Process Corner
  Data Path Delay:        0.538ns  (logic 0.128ns (23.786%)  route 0.410ns (76.214%))
  Logic Levels:           0  
  Clock Uncertainty:      0.025ns  ((TSJ^2 + TIJ^2)^1/2 + DJ) / 2 + PE
    Total System Jitter     (TSJ):    0.050ns
    Total Input Jitter      (TIJ):    0.000ns
    Discrete Jitter          (DJ):    0.000ns
    Phase Error              (PE):    0.000ns

    Location             Delay type                Incr(ns)  Path(ns)    Netlist Resource(s)
  -------------------------------------------------------------------    -------------------
                         (clock source_100 rise edge)
                                                      0.000     0.000 r  
                                                      0.000     0.000 r  clk (IN)
                         net (fo=205, unset)          0.410     0.410    output_bank/clk
    SLICE_X39Y1          FDRE                                         r  output_bank/metadata_out_hold_reg[2]/C
  -------------------------------------------------------------------    -------------------
    SLICE_X39Y1          FDRE (Prop_fdre_C_Q)         0.128     0.538 r  output_bank/metadata_out_hold_reg[2]/Q
                         net (fo=0)                   0.410     0.948    output_metadata[2]
                                                                      r  output_metadata[2] (OUT)
  -------------------------------------------------------------------    -------------------

Slack:                    inf
  Source:                 output_bank/metadata_out_hold_reg[31]/C
                            (rising edge-triggered cell FDRE clocked by source_100  {rise@0.000ns fall@5.000ns period=10.000ns})
  Destination:            output_metadata[31]
                            (output port)
  Path Group:             (none)
  Path Type:              Min at Fast Process Corner
  Data Path Delay:        0.538ns  (logic 0.128ns (23.786%)  route 0.410ns (76.214%))
  Logic Levels:           0  
  Clock Uncertainty:      0.025ns  ((TSJ^2 + TIJ^2)^1/2 + DJ) / 2 + PE
    Total System Jitter     (TSJ):    0.050ns
    Total Input Jitter      (TIJ):    0.000ns
    Discrete Jitter          (DJ):    0.000ns
    Phase Error              (PE):    0.000ns

    Location             Delay type                Incr(ns)  Path(ns)    Netlist Resource(s)
  -------------------------------------------------------------------    -------------------
                         (clock source_100 rise edge)
                                                      0.000     0.000 r  
                                                      0.000     0.000 r  clk (IN)
                         net (fo=205, unset)          0.410     0.410    output_bank/clk
    SLICE_X37Y1          FDRE                                         r  output_bank/metadata_out_hold_reg[31]/C
  -------------------------------------------------------------------    -------------------
    SLICE_X37Y1          FDRE (Prop_fdre_C_Q)         0.128     0.538 r  output_bank/metadata_out_hold_reg[31]/Q
                         net (fo=0)                   0.410     0.948    output_metadata[31]
                                                                      r  output_metadata[31] (OUT)
  -------------------------------------------------------------------    -------------------

Slack:                    inf
  Source:                 output_bank/metadata_out_hold_reg[32]/C
                            (rising edge-triggered cell FDRE clocked by source_100  {rise@0.000ns fall@5.000ns period=10.000ns})
  Destination:            output_metadata[32]
                            (output port)
  Path Group:             (none)
  Path Type:              Min at Fast Process Corner
  Data Path Delay:        0.538ns  (logic 0.128ns (23.786%)  route 0.410ns (76.214%))
  Logic Levels:           0  
  Clock Uncertainty:      0.025ns  ((TSJ^2 + TIJ^2)^1/2 + DJ) / 2 + PE
    Total System Jitter     (TSJ):    0.050ns
    Total Input Jitter      (TIJ):    0.000ns
    Discrete Jitter          (DJ):    0.000ns
    Phase Error              (PE):    0.000ns

    Location             Delay type                Incr(ns)  Path(ns)    Netlist Resource(s)
  -------------------------------------------------------------------    -------------------
                         (clock source_100 rise edge)
                                                      0.000     0.000 r  
                                                      0.000     0.000 r  clk (IN)
                         net (fo=205, unset)          0.410     0.410    output_bank/clk
    SLICE_X37Y4          FDRE                                         r  output_bank/metadata_out_hold_reg[32]/C
  -------------------------------------------------------------------    -------------------
    SLICE_X37Y4          FDRE (Prop_fdre_C_Q)         0.128     0.538 r  output_bank/metadata_out_hold_reg[32]/Q
                         net (fo=0)                   0.410     0.948    output_metadata[32]
                                                                      r  output_metadata[32] (OUT)
  -------------------------------------------------------------------    -------------------

Slack:                    inf
  Source:                 output_bank/metadata_out_hold_reg[34]/C
                            (rising edge-triggered cell FDRE clocked by source_100  {rise@0.000ns fall@5.000ns period=10.000ns})
  Destination:            output_metadata[34]
                            (output port)
  Path Group:             (none)
  Path Type:              Min at Fast Process Corner
  Data Path Delay:        0.538ns  (logic 0.128ns (23.786%)  route 0.410ns (76.214%))
  Logic Levels:           0  
  Clock Uncertainty:      0.025ns  ((TSJ^2 + TIJ^2)^1/2 + DJ) / 2 + PE
    Total System Jitter     (TSJ):    0.050ns
    Total Input Jitter      (TIJ):    0.000ns
    Discrete Jitter          (DJ):    0.000ns
    Phase Error              (PE):    0.000ns

    Location             Delay type                Incr(ns)  Path(ns)    Netlist Resource(s)
  -------------------------------------------------------------------    -------------------
                         (clock source_100 rise edge)
                                                      0.000     0.000 r  
                                                      0.000     0.000 r  clk (IN)
                         net (fo=205, unset)          0.410     0.410    output_bank/clk
    SLICE_X36Y5          FDRE                                         r  output_bank/metadata_out_hold_reg[34]/C
  -------------------------------------------------------------------    -------------------
    SLICE_X36Y5          FDRE (Prop_fdre_C_Q)         0.128     0.538 r  output_bank/metadata_out_hold_reg[34]/Q
                         net (fo=0)                   0.410     0.948    output_metadata[34]
                                                                      r  output_metadata[34] (OUT)
  -------------------------------------------------------------------    -------------------

Slack:                    inf
  Source:                 output_bank/metadata_out_hold_reg[35]/C
                            (rising edge-triggered cell FDRE clocked by source_100  {rise@0.000ns fall@5.000ns period=10.000ns})
  Destination:            output_metadata[35]
                            (output port)
  Path Group:             (none)
  Path Type:              Min at Fast Process Corner
  Data Path Delay:        0.538ns  (logic 0.128ns (23.786%)  route 0.410ns (76.214%))
  Logic Levels:           0  
  Clock Uncertainty:      0.025ns  ((TSJ^2 + TIJ^2)^1/2 + DJ) / 2 + PE
    Total System Jitter     (TSJ):    0.050ns
    Total Input Jitter      (TIJ):    0.000ns
    Discrete Jitter          (DJ):    0.000ns
    Phase Error              (PE):    0.000ns

    Location             Delay type                Incr(ns)  Path(ns)    Netlist Resource(s)
  -------------------------------------------------------------------    -------------------
                         (clock source_100 rise edge)
                                                      0.000     0.000 r  
                                                      0.000     0.000 r  clk (IN)
                         net (fo=205, unset)          0.410     0.410    output_bank/clk
    SLICE_X37Y4          FDRE                                         r  output_bank/metadata_out_hold_reg[35]/C
  -------------------------------------------------------------------    -------------------
    SLICE_X37Y4          FDRE (Prop_fdre_C_Q)         0.128     0.538 r  output_bank/metadata_out_hold_reg[35]/Q
                         net (fo=0)                   0.410     0.948    output_metadata[35]
                                                                      r  output_metadata[35] (OUT)
  -------------------------------------------------------------------    -------------------

Slack:                    inf
  Source:                 output_bank/metadata_out_hold_reg[36]/C
                            (rising edge-triggered cell FDRE clocked by source_100  {rise@0.000ns fall@5.000ns period=10.000ns})
  Destination:            output_metadata[36]
                            (output port)
  Path Group:             (none)
  Path Type:              Min at Fast Process Corner
  Data Path Delay:        0.538ns  (logic 0.128ns (23.786%)  route 0.410ns (76.214%))
  Logic Levels:           0  
  Clock Uncertainty:      0.025ns  ((TSJ^2 + TIJ^2)^1/2 + DJ) / 2 + PE
    Total System Jitter     (TSJ):    0.050ns
    Total Input Jitter      (TIJ):    0.000ns
    Discrete Jitter          (DJ):    0.000ns
    Phase Error              (PE):    0.000ns

    Location             Delay type                Incr(ns)  Path(ns)    Netlist Resource(s)
  -------------------------------------------------------------------    -------------------
                         (clock source_100 rise edge)
                                                      0.000     0.000 r  
                                                      0.000     0.000 r  clk (IN)
                         net (fo=205, unset)          0.410     0.410    output_bank/clk
    SLICE_X37Y9          FDRE                                         r  output_bank/metadata_out_hold_reg[36]/C
  -------------------------------------------------------------------    -------------------
    SLICE_X37Y9          FDRE (Prop_fdre_C_Q)         0.128     0.538 r  output_bank/metadata_out_hold_reg[36]/Q
                         net (fo=0)                   0.410     0.948    output_metadata[36]
                                                                      r  output_metadata[36] (OUT)
  -------------------------------------------------------------------    -------------------

Slack:                    inf
  Source:                 output_bank/metadata_out_hold_reg[38]/C
                            (rising edge-triggered cell FDRE clocked by source_100  {rise@0.000ns fall@5.000ns period=10.000ns})
  Destination:            output_metadata[38]
                            (output port)
  Path Group:             (none)
  Path Type:              Min at Fast Process Corner
  Data Path Delay:        0.538ns  (logic 0.128ns (23.786%)  route 0.410ns (76.214%))
  Logic Levels:           0  
  Clock Uncertainty:      0.025ns  ((TSJ^2 + TIJ^2)^1/2 + DJ) / 2 + PE
    Total System Jitter     (TSJ):    0.050ns
    Total Input Jitter      (TIJ):    0.000ns
    Discrete Jitter          (DJ):    0.000ns
    Phase Error              (PE):    0.000ns

    Location             Delay type                Incr(ns)  Path(ns)    Netlist Resource(s)
  -------------------------------------------------------------------    -------------------
                         (clock source_100 rise edge)
                                                      0.000     0.000 r  
                                                      0.000     0.000 r  clk (IN)
                         net (fo=205, unset)          0.410     0.410    output_bank/clk
    SLICE_X36Y5          FDRE                                         r  output_bank/metadata_out_hold_reg[38]/C
  -------------------------------------------------------------------    -------------------
    SLICE_X36Y5          FDRE (Prop_fdre_C_Q)         0.128     0.538 r  output_bank/metadata_out_hold_reg[38]/Q
                         net (fo=0)                   0.410     0.948    output_metadata[38]
                                                                      r  output_metadata[38] (OUT)
  -------------------------------------------------------------------    -------------------

Slack:                    inf
  Source:                 output_bank/metadata_out_hold_reg[40]/C
                            (rising edge-triggered cell FDRE clocked by source_100  {rise@0.000ns fall@5.000ns period=10.000ns})
  Destination:            output_metadata[40]
                            (output port)
  Path Group:             (none)
  Path Type:              Min at Fast Process Corner
  Data Path Delay:        0.538ns  (logic 0.128ns (23.786%)  route 0.410ns (76.214%))
  Logic Levels:           0  
  Clock Uncertainty:      0.025ns  ((TSJ^2 + TIJ^2)^1/2 + DJ) / 2 + PE
    Total System Jitter     (TSJ):    0.050ns
    Total Input Jitter      (TIJ):    0.000ns
    Discrete Jitter          (DJ):    0.000ns
    Phase Error              (PE):    0.000ns

    Location             Delay type                Incr(ns)  Path(ns)    Netlist Resource(s)
  -------------------------------------------------------------------    -------------------
                         (clock source_100 rise edge)
                                                      0.000     0.000 r  
                                                      0.000     0.000 r  clk (IN)
                         net (fo=205, unset)          0.410     0.410    output_bank/clk
    SLICE_X37Y9          FDRE                                         r  output_bank/metadata_out_hold_reg[40]/C
  -------------------------------------------------------------------    -------------------
    SLICE_X37Y9          FDRE (Prop_fdre_C_Q)         0.128     0.538 r  output_bank/metadata_out_hold_reg[40]/Q
                         net (fo=0)                   0.410     0.948    output_metadata[40]
                                                                      r  output_metadata[40] (OUT)
  -------------------------------------------------------------------    -------------------

Slack:                    inf
  Source:                 output_bank/metadata_out_hold_reg[41]/C
                            (rising edge-triggered cell FDRE clocked by source_100  {rise@0.000ns fall@5.000ns period=10.000ns})
  Destination:            output_metadata[41]
                            (output port)
  Path Group:             (none)
  Path Type:              Min at Fast Process Corner
  Data Path Delay:        0.538ns  (logic 0.128ns (23.786%)  route 0.410ns (76.214%))
  Logic Levels:           0  
  Clock Uncertainty:      0.025ns  ((TSJ^2 + TIJ^2)^1/2 + DJ) / 2 + PE
    Total System Jitter     (TSJ):    0.050ns
    Total Input Jitter      (TIJ):    0.000ns
    Discrete Jitter          (DJ):    0.000ns
    Phase Error              (PE):    0.000ns

    Location             Delay type                Incr(ns)  Path(ns)    Netlist Resource(s)
  -------------------------------------------------------------------    -------------------
                         (clock source_100 rise edge)
                                                      0.000     0.000 r  
                                                      0.000     0.000 r  clk (IN)
                         net (fo=205, unset)          0.410     0.410    output_bank/clk
    SLICE_X37Y8          FDRE                                         r  output_bank/metadata_out_hold_reg[41]/C
  -------------------------------------------------------------------    -------------------
    SLICE_X37Y8          FDRE (Prop_fdre_C_Q)         0.128     0.538 r  output_bank/metadata_out_hold_reg[41]/Q
                         net (fo=0)                   0.410     0.948    output_metadata[41]
                                                                      r  output_metadata[41] (OUT)
  -------------------------------------------------------------------    -------------------

Slack:                    inf
  Source:                 output_bank/metadata_out_hold_reg[46]/C
                            (rising edge-triggered cell FDRE clocked by source_100  {rise@0.000ns fall@5.000ns period=10.000ns})
  Destination:            output_metadata[46]
                            (output port)
  Path Group:             (none)
  Path Type:              Min at Fast Process Corner
  Data Path Delay:        0.538ns  (logic 0.128ns (23.786%)  route 0.410ns (76.214%))
  Logic Levels:           0  
  Clock Uncertainty:      0.025ns  ((TSJ^2 + TIJ^2)^1/2 + DJ) / 2 + PE
    Total System Jitter     (TSJ):    0.050ns
    Total Input Jitter      (TIJ):    0.000ns
    Discrete Jitter          (DJ):    0.000ns
    Phase Error              (PE):    0.000ns

    Location             Delay type                Incr(ns)  Path(ns)    Netlist Resource(s)
  -------------------------------------------------------------------    -------------------
                         (clock source_100 rise edge)
                                                      0.000     0.000 r  
                                                      0.000     0.000 r  clk (IN)
                         net (fo=205, unset)          0.410     0.410    output_bank/clk
    SLICE_X39Y9          FDRE                                         r  output_bank/metadata_out_hold_reg[46]/C
  -------------------------------------------------------------------    -------------------
    SLICE_X39Y9          FDRE (Prop_fdre_C_Q)         0.128     0.538 r  output_bank/metadata_out_hold_reg[46]/Q
                         net (fo=0)                   0.410     0.948    output_metadata[46]
                                                                      r  output_metadata[46] (OUT)
  -------------------------------------------------------------------    -------------------

Slack:                    inf
  Source:                 output_bank/metadata_out_hold_reg[47]/C
                            (rising edge-triggered cell FDRE clocked by source_100  {rise@0.000ns fall@5.000ns period=10.000ns})
  Destination:            output_metadata[47]
                            (output port)
  Path Group:             (none)
  Path Type:              Min at Fast Process Corner
  Data Path Delay:        0.538ns  (logic 0.128ns (23.786%)  route 0.410ns (76.214%))
  Logic Levels:           0  
  Clock Uncertainty:      0.025ns  ((TSJ^2 + TIJ^2)^1/2 + DJ) / 2 + PE
    Total System Jitter     (TSJ):    0.050ns
    Total Input Jitter      (TIJ):    0.000ns
    Discrete Jitter          (DJ):    0.000ns
    Phase Error              (PE):    0.000ns

    Location             Delay type                Incr(ns)  Path(ns)    Netlist Resource(s)
  -------------------------------------------------------------------    -------------------
                         (clock source_100 rise edge)
                                                      0.000     0.000 r  
                                                      0.000     0.000 r  clk (IN)
                         net (fo=205, unset)          0.410     0.410    output_bank/clk
    SLICE_X37Y8          FDRE                                         r  output_bank/metadata_out_hold_reg[47]/C
  -------------------------------------------------------------------    -------------------
    SLICE_X37Y8          FDRE (Prop_fdre_C_Q)         0.128     0.538 r  output_bank/metadata_out_hold_reg[47]/Q
                         net (fo=0)                   0.410     0.948    output_metadata[47]
                                                                      r  output_metadata[47] (OUT)
  -------------------------------------------------------------------    -------------------

Slack:                    inf
  Source:                 output_bank/metadata_out_hold_reg[4]/C
                            (rising edge-triggered cell FDRE clocked by source_100  {rise@0.000ns fall@5.000ns period=10.000ns})
  Destination:            output_metadata[4]
                            (output port)
  Path Group:             (none)
  Path Type:              Min at Fast Process Corner
  Data Path Delay:        0.538ns  (logic 0.128ns (23.786%)  route 0.410ns (76.214%))
  Logic Levels:           0  
  Clock Uncertainty:      0.025ns  ((TSJ^2 + TIJ^2)^1/2 + DJ) / 2 + PE
    Total System Jitter     (TSJ):    0.050ns
    Total Input Jitter      (TIJ):    0.000ns
    Discrete Jitter          (DJ):    0.000ns
    Phase Error              (PE):    0.000ns

    Location             Delay type                Incr(ns)  Path(ns)    Netlist Resource(s)
  -------------------------------------------------------------------    -------------------
                         (clock source_100 rise edge)
                                                      0.000     0.000 r  
                                                      0.000     0.000 r  clk (IN)
                         net (fo=205, unset)          0.410     0.410    output_bank/clk
    SLICE_X29Y0          FDRE                                         r  output_bank/metadata_out_hold_reg[4]/C
  -------------------------------------------------------------------    -------------------
    SLICE_X29Y0          FDRE (Prop_fdre_C_Q)         0.128     0.538 r  output_bank/metadata_out_hold_reg[4]/Q
                         net (fo=0)                   0.410     0.948    output_metadata[4]
                                                                      r  output_metadata[4] (OUT)
  -------------------------------------------------------------------    -------------------

Slack:                    inf
  Source:                 output_bank/metadata_out_hold_reg[61]/C
                            (rising edge-triggered cell FDRE clocked by source_100  {rise@0.000ns fall@5.000ns period=10.000ns})
  Destination:            output_metadata[61]
                            (output port)
  Path Group:             (none)
  Path Type:              Min at Fast Process Corner
  Data Path Delay:        0.538ns  (logic 0.128ns (23.786%)  route 0.410ns (76.214%))
  Logic Levels:           0  
  Clock Uncertainty:      0.025ns  ((TSJ^2 + TIJ^2)^1/2 + DJ) / 2 + PE
    Total System Jitter     (TSJ):    0.050ns
    Total Input Jitter      (TIJ):    0.000ns
    Discrete Jitter          (DJ):    0.000ns
    Phase Error              (PE):    0.000ns

    Location             Delay type                Incr(ns)  Path(ns)    Netlist Resource(s)
  -------------------------------------------------------------------    -------------------
                         (clock source_100 rise edge)
                                                      0.000     0.000 r  
                                                      0.000     0.000 r  clk (IN)
                         net (fo=205, unset)          0.410     0.410    output_bank/clk
    SLICE_X37Y16         FDRE                                         r  output_bank/metadata_out_hold_reg[61]/C
  -------------------------------------------------------------------    -------------------
    SLICE_X37Y16         FDRE (Prop_fdre_C_Q)         0.128     0.538 r  output_bank/metadata_out_hold_reg[61]/Q
                         net (fo=0)                   0.410     0.948    output_metadata[61]
                                                                      r  output_metadata[61] (OUT)
  -------------------------------------------------------------------    -------------------





--------------------------------------------------------------------------------------
Path Group:  (none)
From Clock:  
  To Clock:  island_175

Max Delay             4 Endpoints
Min Delay             4 Endpoints
--------------------------------------------------------------------------------------


Max Delay Paths
--------------------------------------------------------------------------------------
Slack:                    inf
  Source:                 resetn
                            (input port)
  Destination:            slow_reset_fast_reg[0]/CLR
                            (recovery check against rising-edge clock island_175  {rise@0.000ns fall@2.857ns period=5.714ns})
  Path Group:             (none)
  Path Type:              Recovery (Max at Slow Process Corner)
  Data Path Delay:        2.639ns  (logic 0.124ns (4.699%)  route 2.515ns (95.301%))
  Logic Levels:           1  (LUT1=1)
  Clock Path Skew:        0.924ns (DCD - SCD + CPR)
    Destination Clock Delay (DCD):    0.924ns
    Source Clock Delay      (SCD):    0.000ns
    Clock Pessimism Removal (CPR):    0.000ns
  Clock Uncertainty:      0.025ns  ((TSJ^2 + TIJ^2)^1/2 + DJ) / 2 + PE
    Total System Jitter     (TSJ):    0.050ns
    Total Input Jitter      (TIJ):    0.000ns
    Discrete Jitter          (DJ):    0.000ns
    Phase Error              (PE):    0.000ns

    Location             Delay type                Incr(ns)  Path(ns)    Netlist Resource(s)
  -------------------------------------------------------------------    -------------------
                                                      0.000     0.000 r  resetn (IN)
                         net (fo=0)                   0.973     0.973    resetn
    SLICE_X8Y1           LUT1 (Prop_lut1_I0_O)        0.124     1.097 f  slow_reset_slow[1]_i_1/O
                         net (fo=4, routed)           1.542     2.639    slow_reset_slow[1]_i_1_n_0
    SLICE_X31Y3          FDCE                                         f  slow_reset_fast_reg[0]/CLR
  -------------------------------------------------------------------    -------------------

                         (clock island_175 rise edge)
                                                      0.000     0.000 r  
                                                      0.000     0.000 r  fft_clk (IN)
                         net (fo=4836, unset)         0.924     0.924    fft_clk
    SLICE_X31Y3          FDCE                                         r  slow_reset_fast_reg[0]/C

Slack:                    inf
  Source:                 resetn
                            (input port)
  Destination:            slow_reset_fast_reg[1]/CLR
                            (recovery check against rising-edge clock island_175  {rise@0.000ns fall@2.857ns period=5.714ns})
  Path Group:             (none)
  Path Type:              Recovery (Max at Slow Process Corner)
  Data Path Delay:        2.639ns  (logic 0.124ns (4.699%)  route 2.515ns (95.301%))
  Logic Levels:           1  (LUT1=1)
  Clock Path Skew:        0.924ns (DCD - SCD + CPR)
    Destination Clock Delay (DCD):    0.924ns
    Source Clock Delay      (SCD):    0.000ns
    Clock Pessimism Removal (CPR):    0.000ns
  Clock Uncertainty:      0.025ns  ((TSJ^2 + TIJ^2)^1/2 + DJ) / 2 + PE
    Total System Jitter     (TSJ):    0.050ns
    Total Input Jitter      (TIJ):    0.000ns
    Discrete Jitter          (DJ):    0.000ns
    Phase Error              (PE):    0.000ns

    Location             Delay type                Incr(ns)  Path(ns)    Netlist Resource(s)
  -------------------------------------------------------------------    -------------------
                                                      0.000     0.000 r  resetn (IN)
                         net (fo=0)                   0.973     0.973    resetn
    SLICE_X8Y1           LUT1 (Prop_lut1_I0_O)        0.124     1.097 f  slow_reset_slow[1]_i_1/O
                         net (fo=4, routed)           1.542     2.639    slow_reset_slow[1]_i_1_n_0
    SLICE_X31Y3          FDCE                                         f  slow_reset_fast_reg[1]/CLR
  -------------------------------------------------------------------    -------------------

                         (clock island_175 rise edge)
                                                      0.000     0.000 r  
                                                      0.000     0.000 r  fft_clk (IN)
                         net (fo=4836, unset)         0.924     0.924    fft_clk
    SLICE_X31Y3          FDCE                                         r  slow_reset_fast_reg[1]/C

Slack:                    inf
  Source:                 fft_resetn
                            (input port)
  Destination:            fast_reset_fast_reg[0]/CLR
                            (recovery check against rising-edge clock island_175  {rise@0.000ns fall@2.857ns period=5.714ns})
  Path Group:             (none)
  Path Type:              Recovery (Max at Slow Process Corner)
  Data Path Delay:        2.440ns  (logic 0.124ns (5.083%)  route 2.316ns (94.917%))
  Logic Levels:           1  (LUT1=1)
  Clock Path Skew:        0.924ns (DCD - SCD + CPR)
    Destination Clock Delay (DCD):    0.924ns
    Source Clock Delay      (SCD):    0.000ns
    Clock Pessimism Removal (CPR):    0.000ns
  Clock Uncertainty:      0.025ns  ((TSJ^2 + TIJ^2)^1/2 + DJ) / 2 + PE
    Total System Jitter     (TSJ):    0.050ns
    Total Input Jitter      (TIJ):    0.000ns
    Discrete Jitter          (DJ):    0.000ns
    Phase Error              (PE):    0.000ns

    Location             Delay type                Incr(ns)  Path(ns)    Netlist Resource(s)
  -------------------------------------------------------------------    -------------------
                                                      0.000     0.000 r  fft_resetn (IN)
                         net (fo=0)                   0.973     0.973    fft_resetn
    SLICE_X13Y1          LUT1 (Prop_lut1_I0_O)        0.124     1.097 f  fast_reset_slow[1]_i_1/O
                         net (fo=4, routed)           1.343     2.440    fast_reset_slow[1]_i_1_n_0
    SLICE_X22Y6          FDCE                                         f  fast_reset_fast_reg[0]/CLR
  -------------------------------------------------------------------    -------------------

                         (clock island_175 rise edge)
                                                      0.000     0.000 r  
                                                      0.000     0.000 r  fft_clk (IN)
                         net (fo=4836, unset)         0.924     0.924    fft_clk
    SLICE_X22Y6          FDCE                                         r  fast_reset_fast_reg[0]/C

Slack:                    inf
  Source:                 fft_resetn
                            (input port)
  Destination:            fast_reset_fast_reg[1]/CLR
                            (recovery check against rising-edge clock island_175  {rise@0.000ns fall@2.857ns period=5.714ns})
  Path Group:             (none)
  Path Type:              Recovery (Max at Slow Process Corner)
  Data Path Delay:        2.440ns  (logic 0.124ns (5.083%)  route 2.316ns (94.917%))
  Logic Levels:           1  (LUT1=1)
  Clock Path Skew:        0.924ns (DCD - SCD + CPR)
    Destination Clock Delay (DCD):    0.924ns
    Source Clock Delay      (SCD):    0.000ns
    Clock Pessimism Removal (CPR):    0.000ns
  Clock Uncertainty:      0.025ns  ((TSJ^2 + TIJ^2)^1/2 + DJ) / 2 + PE
    Total System Jitter     (TSJ):    0.050ns
    Total Input Jitter      (TIJ):    0.000ns
    Discrete Jitter          (DJ):    0.000ns
    Phase Error              (PE):    0.000ns

    Location             Delay type                Incr(ns)  Path(ns)    Netlist Resource(s)
  -------------------------------------------------------------------    -------------------
                                                      0.000     0.000 r  fft_resetn (IN)
                         net (fo=0)                   0.973     0.973    fft_resetn
    SLICE_X13Y1          LUT1 (Prop_lut1_I0_O)        0.124     1.097 f  fast_reset_slow[1]_i_1/O
                         net (fo=4, routed)           1.343     2.440    fast_reset_slow[1]_i_1_n_0
    SLICE_X22Y6          FDCE                                         f  fast_reset_fast_reg[1]/CLR
  -------------------------------------------------------------------    -------------------

                         (clock island_175 rise edge)
                                                      0.000     0.000 r  
                                                      0.000     0.000 r  fft_clk (IN)
                         net (fo=4836, unset)         0.924     0.924    fft_clk
    SLICE_X22Y6          FDCE                                         r  fast_reset_fast_reg[1]/C





Min Delay Paths
--------------------------------------------------------------------------------------
Slack:                    inf
  Source:                 fft_resetn
                            (input port)
  Destination:            fast_reset_fast_reg[0]/CLR
                            (removal check against rising-edge clock island_175  {rise@0.000ns fall@2.857ns period=5.714ns})
  Path Group:             (none)
  Path Type:              Removal (Min at Fast Process Corner)
  Data Path Delay:        1.040ns  (logic 0.045ns (4.328%)  route 0.995ns (95.672%))
  Logic Levels:           1  (LUT1=1)
  Clock Path Skew:        0.432ns (DCD - SCD - CPR)
    Destination Clock Delay (DCD):    0.432ns
    Source Clock Delay      (SCD):    0.000ns
    Clock Pessimism Removal (CPR):    -0.000ns

    Location             Delay type                Incr(ns)  Path(ns)    Netlist Resource(s)
  -------------------------------------------------------------------    -------------------
                                                      0.000     0.000 r  fft_resetn (IN)
                         net (fo=0)                   0.410     0.410    fft_resetn
    SLICE_X13Y1          LUT1 (Prop_lut1_I0_O)        0.045     0.455 f  fast_reset_slow[1]_i_1/O
                         net (fo=4, routed)           0.585     1.040    fast_reset_slow[1]_i_1_n_0
    SLICE_X22Y6          FDCE                                         f  fast_reset_fast_reg[0]/CLR
  -------------------------------------------------------------------    -------------------

                         (clock island_175 rise edge)
                                                      0.000     0.000 r  
                                                      0.000     0.000 r  fft_clk (IN)
                         net (fo=4836, unset)         0.432     0.432    fft_clk
    SLICE_X22Y6          FDCE                                         r  fast_reset_fast_reg[0]/C

Slack:                    inf
  Source:                 fft_resetn
                            (input port)
  Destination:            fast_reset_fast_reg[1]/CLR
                            (removal check against rising-edge clock island_175  {rise@0.000ns fall@2.857ns period=5.714ns})
  Path Group:             (none)
  Path Type:              Removal (Min at Fast Process Corner)
  Data Path Delay:        1.040ns  (logic 0.045ns (4.328%)  route 0.995ns (95.672%))
  Logic Levels:           1  (LUT1=1)
  Clock Path Skew:        0.432ns (DCD - SCD - CPR)
    Destination Clock Delay (DCD):    0.432ns
    Source Clock Delay      (SCD):    0.000ns
    Clock Pessimism Removal (CPR):    -0.000ns

    Location             Delay type                Incr(ns)  Path(ns)    Netlist Resource(s)
  -------------------------------------------------------------------    -------------------
                                                      0.000     0.000 r  fft_resetn (IN)
                         net (fo=0)                   0.410     0.410    fft_resetn
    SLICE_X13Y1          LUT1 (Prop_lut1_I0_O)        0.045     0.455 f  fast_reset_slow[1]_i_1/O
                         net (fo=4, routed)           0.585     1.040    fast_reset_slow[1]_i_1_n_0
    SLICE_X22Y6          FDCE                                         f  fast_reset_fast_reg[1]/CLR
  -------------------------------------------------------------------    -------------------

                         (clock island_175 rise edge)
                                                      0.000     0.000 r  
                                                      0.000     0.000 r  fft_clk (IN)
                         net (fo=4836, unset)         0.432     0.432    fft_clk
    SLICE_X22Y6          FDCE                                         r  fast_reset_fast_reg[1]/C

Slack:                    inf
  Source:                 resetn
                            (input port)
  Destination:            slow_reset_fast_reg[0]/CLR
                            (removal check against rising-edge clock island_175  {rise@0.000ns fall@2.857ns period=5.714ns})
  Path Group:             (none)
  Path Type:              Removal (Min at Fast Process Corner)
  Data Path Delay:        1.177ns  (logic 0.045ns (3.824%)  route 1.132ns (96.176%))
  Logic Levels:           1  (LUT1=1)
  Clock Path Skew:        0.432ns (DCD - SCD - CPR)
    Destination Clock Delay (DCD):    0.432ns
    Source Clock Delay      (SCD):    0.000ns
    Clock Pessimism Removal (CPR):    -0.000ns

    Location             Delay type                Incr(ns)  Path(ns)    Netlist Resource(s)
  -------------------------------------------------------------------    -------------------
                                                      0.000     0.000 r  resetn (IN)
                         net (fo=0)                   0.410     0.410    resetn
    SLICE_X8Y1           LUT1 (Prop_lut1_I0_O)        0.045     0.455 f  slow_reset_slow[1]_i_1/O
                         net (fo=4, routed)           0.722     1.177    slow_reset_slow[1]_i_1_n_0
    SLICE_X31Y3          FDCE                                         f  slow_reset_fast_reg[0]/CLR
  -------------------------------------------------------------------    -------------------

                         (clock island_175 rise edge)
                                                      0.000     0.000 r  
                                                      0.000     0.000 r  fft_clk (IN)
                         net (fo=4836, unset)         0.432     0.432    fft_clk
    SLICE_X31Y3          FDCE                                         r  slow_reset_fast_reg[0]/C

Slack:                    inf
  Source:                 resetn
                            (input port)
  Destination:            slow_reset_fast_reg[1]/CLR
                            (removal check against rising-edge clock island_175  {rise@0.000ns fall@2.857ns period=5.714ns})
  Path Group:             (none)
  Path Type:              Removal (Min at Fast Process Corner)
  Data Path Delay:        1.177ns  (logic 0.045ns (3.824%)  route 1.132ns (96.176%))
  Logic Levels:           1  (LUT1=1)
  Clock Path Skew:        0.432ns (DCD - SCD - CPR)
    Destination Clock Delay (DCD):    0.432ns
    Source Clock Delay      (SCD):    0.000ns
    Clock Pessimism Removal (CPR):    -0.000ns

    Location             Delay type                Incr(ns)  Path(ns)    Netlist Resource(s)
  -------------------------------------------------------------------    -------------------
                                                      0.000     0.000 r  resetn (IN)
                         net (fo=0)                   0.410     0.410    resetn
    SLICE_X8Y1           LUT1 (Prop_lut1_I0_O)        0.045     0.455 f  slow_reset_slow[1]_i_1/O
                         net (fo=4, routed)           0.722     1.177    slow_reset_slow[1]_i_1_n_0
    SLICE_X31Y3          FDCE                                         f  slow_reset_fast_reg[1]/CLR
  -------------------------------------------------------------------    -------------------

                         (clock island_175 rise edge)
                                                      0.000     0.000 r  
                                                      0.000     0.000 r  fft_clk (IN)
                         net (fo=4836, unset)         0.432     0.432    fft_clk
    SLICE_X31Y3          FDCE                                         r  slow_reset_fast_reg[1]/C





--------------------------------------------------------------------------------------
Path Group:  (none)
From Clock:  
  To Clock:  source_100

Max Delay           212 Endpoints
Min Delay           212 Endpoints
--------------------------------------------------------------------------------------


Max Delay Paths
--------------------------------------------------------------------------------------
Slack:                    inf
  Source:                 input_block_start[3]
                            (input port)
  Destination:            source_bank/input_fault_reg/D
                            (rising edge-triggered cell FDRE clocked by source_100  {rise@0.000ns fall@5.000ns period=10.000ns})
  Path Group:             (none)
  Path Type:              Setup (Max at Slow Process Corner)
  Data Path Delay:        6.386ns  (logic 2.004ns (31.383%)  route 4.382ns (68.617%))
  Logic Levels:           9  (CARRY4=6 LUT5=2 LUT6=1)
  Clock Path Skew:        0.924ns (DCD - SCD + CPR)
    Destination Clock Delay (DCD):    0.924ns
    Source Clock Delay      (SCD):    0.000ns
    Clock Pessimism Removal (CPR):    0.000ns
  Clock Uncertainty:      0.025ns  ((TSJ^2 + TIJ^2)^1/2 + DJ) / 2 + PE
    Total System Jitter     (TSJ):    0.050ns
    Total Input Jitter      (TIJ):    0.000ns
    Discrete Jitter          (DJ):    0.000ns
    Phase Error              (PE):    0.000ns

    Location             Delay type                Incr(ns)  Path(ns)    Netlist Resource(s)
  -------------------------------------------------------------------    -------------------
                                                      0.000     0.000 r  input_block_start[3] (IN)
                         net (fo=1, unset)            0.973     0.973    source_bank/input_block_start[3]
    SLICE_X14Y2          LUT6 (Prop_lut6_I5_O)        0.124     1.097 r  source_bank/metadata_matches__0_carry_i_5/O
                         net (fo=1, routed)           0.717     1.814    source_bank/metadata_matches__0_carry_i_5_n_0
    SLICE_X15Y6          CARRY4 (Prop_carry4_S[0]_CO[3])
                                                      0.656     2.470 r  source_bank/metadata_matches__0_carry/CO[3]
                         net (fo=1, routed)           0.000     2.470    source_bank/metadata_matches__0_carry_n_0
    SLICE_X15Y7          CARRY4 (Prop_carry4_CI_CO[3])
                                                      0.114     2.584 r  source_bank/metadata_matches__0_carry__0/CO[3]
                         net (fo=1, routed)           0.000     2.584    source_bank/metadata_matches__0_carry__0_n_0
    SLICE_X15Y8          CARRY4 (Prop_carry4_CI_CO[3])
                                                      0.114     2.698 r  source_bank/metadata_matches__0_carry__1/CO[3]
                         net (fo=1, routed)           0.000     2.698    source_bank/metadata_matches__0_carry__1_n_0
    SLICE_X15Y9          CARRY4 (Prop_carry4_CI_CO[3])
                                                      0.114     2.812 r  source_bank/metadata_matches__0_carry__2/CO[3]
                         net (fo=1, routed)           0.000     2.812    source_bank/metadata_matches__0_carry__2_n_0
    SLICE_X15Y10         CARRY4 (Prop_carry4_CI_CO[3])
                                                      0.114     2.926 r  source_bank/metadata_matches__0_carry__3/CO[3]
                         net (fo=1, routed)           0.000     2.926    source_bank/metadata_matches__0_carry__3_n_0
    SLICE_X15Y11         CARRY4 (Prop_carry4_CI_CO[0])
                                                      0.271     3.197 f  source_bank/metadata_matches__0_carry__4/CO[0]
                         net (fo=1, routed)           1.316     4.513    source_bank/metadata_matches
    SLICE_X5Y6           LUT5 (Prop_lut5_I2_O)        0.373     4.886 f  source_bank/write_position[8]_i_3/O
                         net (fo=3, routed)           1.375     6.262    source_bank/input_framing_valid__2
    SLICE_X25Y1          LUT5 (Prop_lut5_I3_O)        0.124     6.386 r  source_bank/input_fault_i_1__0/O
                         net (fo=1, routed)           0.000     6.386    source_bank/input_fault_i_1__0_n_0
    SLICE_X25Y1          FDRE                                         r  source_bank/input_fault_reg/D
  -------------------------------------------------------------------    -------------------

                         (clock source_100 rise edge)
                                                      0.000     0.000 r  
                                                      0.000     0.000 r  clk (IN)
                         net (fo=205, unset)          0.924     0.924    source_bank/clk
    SLICE_X25Y1          FDRE                                         r  source_bank/input_fault_reg/C

Slack:                    inf
  Source:                 input_block_start[3]
                            (input port)
  Destination:            source_bank/write_position_reg[1]/CE
                            (rising edge-triggered cell FDRE clocked by source_100  {rise@0.000ns fall@5.000ns period=10.000ns})
  Path Group:             (none)
  Path Type:              Setup (Max at Slow Process Corner)
  Data Path Delay:        5.847ns  (logic 2.004ns (34.273%)  route 3.843ns (65.727%))
  Logic Levels:           9  (CARRY4=6 LUT4=1 LUT5=1 LUT6=1)
  Clock Path Skew:        0.924ns (DCD - SCD + CPR)
    Destination Clock Delay (DCD):    0.924ns
    Source Clock Delay      (SCD):    0.000ns
    Clock Pessimism Removal (CPR):    0.000ns
  Clock Uncertainty:      0.025ns  ((TSJ^2 + TIJ^2)^1/2 + DJ) / 2 + PE
    Total System Jitter     (TSJ):    0.050ns
    Total Input Jitter      (TIJ):    0.000ns
    Discrete Jitter          (DJ):    0.000ns
    Phase Error              (PE):    0.000ns

    Location             Delay type                Incr(ns)  Path(ns)    Netlist Resource(s)
  -------------------------------------------------------------------    -------------------
                                                      0.000     0.000 r  input_block_start[3] (IN)
                         net (fo=1, unset)            0.973     0.973    source_bank/input_block_start[3]
    SLICE_X14Y2          LUT6 (Prop_lut6_I5_O)        0.124     1.097 r  source_bank/metadata_matches__0_carry_i_5/O
                         net (fo=1, routed)           0.717     1.814    source_bank/metadata_matches__0_carry_i_5_n_0
    SLICE_X15Y6          CARRY4 (Prop_carry4_S[0]_CO[3])
                                                      0.656     2.470 r  source_bank/metadata_matches__0_carry/CO[3]
                         net (fo=1, routed)           0.000     2.470    source_bank/metadata_matches__0_carry_n_0
    SLICE_X15Y7          CARRY4 (Prop_carry4_CI_CO[3])
                                                      0.114     2.584 r  source_bank/metadata_matches__0_carry__0/CO[3]
                         net (fo=1, routed)           0.000     2.584    source_bank/metadata_matches__0_carry__0_n_0
    SLICE_X15Y8          CARRY4 (Prop_carry4_CI_CO[3])
                                                      0.114     2.698 r  source_bank/metadata_matches__0_carry__1/CO[3]
                         net (fo=1, routed)           0.000     2.698    source_bank/metadata_matches__0_carry__1_n_0
    SLICE_X15Y9          CARRY4 (Prop_carry4_CI_CO[3])
                                                      0.114     2.812 r  source_bank/metadata_matches__0_carry__2/CO[3]
                         net (fo=1, routed)           0.000     2.812    source_bank/metadata_matches__0_carry__2_n_0
    SLICE_X15Y10         CARRY4 (Prop_carry4_CI_CO[3])
                                                      0.114     2.926 r  source_bank/metadata_matches__0_carry__3/CO[3]
                         net (fo=1, routed)           0.000     2.926    source_bank/metadata_matches__0_carry__3_n_0
    SLICE_X15Y11         CARRY4 (Prop_carry4_CI_CO[0])
                                                      0.271     3.197 r  source_bank/metadata_matches__0_carry__4/CO[0]
                         net (fo=1, routed)           1.316     4.513    source_bank/metadata_matches
    SLICE_X5Y6           LUT5 (Prop_lut5_I2_O)        0.373     4.886 r  source_bank/write_position[8]_i_3/O
                         net (fo=3, routed)           0.446     5.332    source_bank/input_framing_valid__2
    SLICE_X5Y6           LUT4 (Prop_lut4_I3_O)        0.124     5.456 r  source_bank/write_position[8]_i_1__1/O
                         net (fo=9, routed)           0.391     5.847    source_bank/write_position[8]_i_1__1_n_0
    SLICE_X5Y6           FDRE                                         r  source_bank/write_position_reg[1]/CE
  -------------------------------------------------------------------    -------------------

                         (clock source_100 rise edge)
                                                      0.000     0.000 r  
                                                      0.000     0.000 r  clk (IN)
                         net (fo=205, unset)          0.924     0.924    source_bank/clk
    SLICE_X5Y6           FDRE                                         r  source_bank/write_position_reg[1]/C

Slack:                    inf
  Source:                 input_block_start[3]
                            (input port)
  Destination:            source_bank/write_position_reg[6]/CE
                            (rising edge-triggered cell FDRE clocked by source_100  {rise@0.000ns fall@5.000ns period=10.000ns})
  Path Group:             (none)
  Path Type:              Setup (Max at Slow Process Corner)
  Data Path Delay:        5.847ns  (logic 2.004ns (34.273%)  route 3.843ns (65.727%))
  Logic Levels:           9  (CARRY4=6 LUT4=1 LUT5=1 LUT6=1)
  Clock Path Skew:        0.924ns (DCD - SCD + CPR)
    Destination Clock Delay (DCD):    0.924ns
    Source Clock Delay      (SCD):    0.000ns
    Clock Pessimism Removal (CPR):    0.000ns
  Clock Uncertainty:      0.025ns  ((TSJ^2 + TIJ^2)^1/2 + DJ) / 2 + PE
    Total System Jitter     (TSJ):    0.050ns
    Total Input Jitter      (TIJ):    0.000ns
    Discrete Jitter          (DJ):    0.000ns
    Phase Error              (PE):    0.000ns

    Location             Delay type                Incr(ns)  Path(ns)    Netlist Resource(s)
  -------------------------------------------------------------------    -------------------
                                                      0.000     0.000 r  input_block_start[3] (IN)
                         net (fo=1, unset)            0.973     0.973    source_bank/input_block_start[3]
    SLICE_X14Y2          LUT6 (Prop_lut6_I5_O)        0.124     1.097 r  source_bank/metadata_matches__0_carry_i_5/O
                         net (fo=1, routed)           0.717     1.814    source_bank/metadata_matches__0_carry_i_5_n_0
    SLICE_X15Y6          CARRY4 (Prop_carry4_S[0]_CO[3])
                                                      0.656     2.470 r  source_bank/metadata_matches__0_carry/CO[3]
                         net (fo=1, routed)           0.000     2.470    source_bank/metadata_matches__0_carry_n_0
    SLICE_X15Y7          CARRY4 (Prop_carry4_CI_CO[3])
                                                      0.114     2.584 r  source_bank/metadata_matches__0_carry__0/CO[3]
                         net (fo=1, routed)           0.000     2.584    source_bank/metadata_matches__0_carry__0_n_0
    SLICE_X15Y8          CARRY4 (Prop_carry4_CI_CO[3])
                                                      0.114     2.698 r  source_bank/metadata_matches__0_carry__1/CO[3]
                         net (fo=1, routed)           0.000     2.698    source_bank/metadata_matches__0_carry__1_n_0
    SLICE_X15Y9          CARRY4 (Prop_carry4_CI_CO[3])
                                                      0.114     2.812 r  source_bank/metadata_matches__0_carry__2/CO[3]
                         net (fo=1, routed)           0.000     2.812    source_bank/metadata_matches__0_carry__2_n_0
    SLICE_X15Y10         CARRY4 (Prop_carry4_CI_CO[3])
                                                      0.114     2.926 r  source_bank/metadata_matches__0_carry__3/CO[3]
                         net (fo=1, routed)           0.000     2.926    source_bank/metadata_matches__0_carry__3_n_0
    SLICE_X15Y11         CARRY4 (Prop_carry4_CI_CO[0])
                                                      0.271     3.197 r  source_bank/metadata_matches__0_carry__4/CO[0]
                         net (fo=1, routed)           1.316     4.513    source_bank/metadata_matches
    SLICE_X5Y6           LUT5 (Prop_lut5_I2_O)        0.373     4.886 r  source_bank/write_position[8]_i_3/O
                         net (fo=3, routed)           0.446     5.332    source_bank/input_framing_valid__2
    SLICE_X5Y6           LUT4 (Prop_lut4_I3_O)        0.124     5.456 r  source_bank/write_position[8]_i_1__1/O
                         net (fo=9, routed)           0.391     5.847    source_bank/write_position[8]_i_1__1_n_0
    SLICE_X5Y6           FDRE                                         r  source_bank/write_position_reg[6]/CE
  -------------------------------------------------------------------    -------------------

                         (clock source_100 rise edge)
                                                      0.000     0.000 r  
                                                      0.000     0.000 r  clk (IN)
                         net (fo=205, unset)          0.924     0.924    source_bank/clk
    SLICE_X5Y6           FDRE                                         r  source_bank/write_position_reg[6]/C

Slack:                    inf
  Source:                 input_block_start[3]
                            (input port)
  Destination:            source_bank/write_position_reg[7]/CE
                            (rising edge-triggered cell FDRE clocked by source_100  {rise@0.000ns fall@5.000ns period=10.000ns})
  Path Group:             (none)
  Path Type:              Setup (Max at Slow Process Corner)
  Data Path Delay:        5.847ns  (logic 2.004ns (34.273%)  route 3.843ns (65.727%))
  Logic Levels:           9  (CARRY4=6 LUT4=1 LUT5=1 LUT6=1)
  Clock Path Skew:        0.924ns (DCD - SCD + CPR)
    Destination Clock Delay (DCD):    0.924ns
    Source Clock Delay      (SCD):    0.000ns
    Clock Pessimism Removal (CPR):    0.000ns
  Clock Uncertainty:      0.025ns  ((TSJ^2 + TIJ^2)^1/2 + DJ) / 2 + PE
    Total System Jitter     (TSJ):    0.050ns
    Total Input Jitter      (TIJ):    0.000ns
    Discrete Jitter          (DJ):    0.000ns
    Phase Error              (PE):    0.000ns

    Location             Delay type                Incr(ns)  Path(ns)    Netlist Resource(s)
  -------------------------------------------------------------------    -------------------
                                                      0.000     0.000 r  input_block_start[3] (IN)
                         net (fo=1, unset)            0.973     0.973    source_bank/input_block_start[3]
    SLICE_X14Y2          LUT6 (Prop_lut6_I5_O)        0.124     1.097 r  source_bank/metadata_matches__0_carry_i_5/O
                         net (fo=1, routed)           0.717     1.814    source_bank/metadata_matches__0_carry_i_5_n_0
    SLICE_X15Y6          CARRY4 (Prop_carry4_S[0]_CO[3])
                                                      0.656     2.470 r  source_bank/metadata_matches__0_carry/CO[3]
                         net (fo=1, routed)           0.000     2.470    source_bank/metadata_matches__0_carry_n_0
    SLICE_X15Y7          CARRY4 (Prop_carry4_CI_CO[3])
                                                      0.114     2.584 r  source_bank/metadata_matches__0_carry__0/CO[3]
                         net (fo=1, routed)           0.000     2.584    source_bank/metadata_matches__0_carry__0_n_0
    SLICE_X15Y8          CARRY4 (Prop_carry4_CI_CO[3])
                                                      0.114     2.698 r  source_bank/metadata_matches__0_carry__1/CO[3]
                         net (fo=1, routed)           0.000     2.698    source_bank/metadata_matches__0_carry__1_n_0
    SLICE_X15Y9          CARRY4 (Prop_carry4_CI_CO[3])
                                                      0.114     2.812 r  source_bank/metadata_matches__0_carry__2/CO[3]
                         net (fo=1, routed)           0.000     2.812    source_bank/metadata_matches__0_carry__2_n_0
    SLICE_X15Y10         CARRY4 (Prop_carry4_CI_CO[3])
                                                      0.114     2.926 r  source_bank/metadata_matches__0_carry__3/CO[3]
                         net (fo=1, routed)           0.000     2.926    source_bank/metadata_matches__0_carry__3_n_0
    SLICE_X15Y11         CARRY4 (Prop_carry4_CI_CO[0])
                                                      0.271     3.197 r  source_bank/metadata_matches__0_carry__4/CO[0]
                         net (fo=1, routed)           1.316     4.513    source_bank/metadata_matches
    SLICE_X5Y6           LUT5 (Prop_lut5_I2_O)        0.373     4.886 r  source_bank/write_position[8]_i_3/O
                         net (fo=3, routed)           0.446     5.332    source_bank/input_framing_valid__2
    SLICE_X5Y6           LUT4 (Prop_lut4_I3_O)        0.124     5.456 r  source_bank/write_position[8]_i_1__1/O
                         net (fo=9, routed)           0.391     5.847    source_bank/write_position[8]_i_1__1_n_0
    SLICE_X5Y6           FDRE                                         r  source_bank/write_position_reg[7]/CE
  -------------------------------------------------------------------    -------------------

                         (clock source_100 rise edge)
                                                      0.000     0.000 r  
                                                      0.000     0.000 r  clk (IN)
                         net (fo=205, unset)          0.924     0.924    source_bank/clk
    SLICE_X5Y6           FDRE                                         r  source_bank/write_position_reg[7]/C

Slack:                    inf
  Source:                 input_block_start[3]
                            (input port)
  Destination:            source_bank/write_position_reg[8]/CE
                            (rising edge-triggered cell FDRE clocked by source_100  {rise@0.000ns fall@5.000ns period=10.000ns})
  Path Group:             (none)
  Path Type:              Setup (Max at Slow Process Corner)
  Data Path Delay:        5.847ns  (logic 2.004ns (34.273%)  route 3.843ns (65.727%))
  Logic Levels:           9  (CARRY4=6 LUT4=1 LUT5=1 LUT6=1)
  Clock Path Skew:        0.924ns (DCD - SCD + CPR)
    Destination Clock Delay (DCD):    0.924ns
    Source Clock Delay      (SCD):    0.000ns
    Clock Pessimism Removal (CPR):    0.000ns
  Clock Uncertainty:      0.025ns  ((TSJ^2 + TIJ^2)^1/2 + DJ) / 2 + PE
    Total System Jitter     (TSJ):    0.050ns
    Total Input Jitter      (TIJ):    0.000ns
    Discrete Jitter          (DJ):    0.000ns
    Phase Error              (PE):    0.000ns

    Location             Delay type                Incr(ns)  Path(ns)    Netlist Resource(s)
  -------------------------------------------------------------------    -------------------
                                                      0.000     0.000 r  input_block_start[3] (IN)
                         net (fo=1, unset)            0.973     0.973    source_bank/input_block_start[3]
    SLICE_X14Y2          LUT6 (Prop_lut6_I5_O)        0.124     1.097 r  source_bank/metadata_matches__0_carry_i_5/O
                         net (fo=1, routed)           0.717     1.814    source_bank/metadata_matches__0_carry_i_5_n_0
    SLICE_X15Y6          CARRY4 (Prop_carry4_S[0]_CO[3])
                                                      0.656     2.470 r  source_bank/metadata_matches__0_carry/CO[3]
                         net (fo=1, routed)           0.000     2.470    source_bank/metadata_matches__0_carry_n_0
    SLICE_X15Y7          CARRY4 (Prop_carry4_CI_CO[3])
                                                      0.114     2.584 r  source_bank/metadata_matches__0_carry__0/CO[3]
                         net (fo=1, routed)           0.000     2.584    source_bank/metadata_matches__0_carry__0_n_0
    SLICE_X15Y8          CARRY4 (Prop_carry4_CI_CO[3])
                                                      0.114     2.698 r  source_bank/metadata_matches__0_carry__1/CO[3]
                         net (fo=1, routed)           0.000     2.698    source_bank/metadata_matches__0_carry__1_n_0
    SLICE_X15Y9          CARRY4 (Prop_carry4_CI_CO[3])
                                                      0.114     2.812 r  source_bank/metadata_matches__0_carry__2/CO[3]
                         net (fo=1, routed)           0.000     2.812    source_bank/metadata_matches__0_carry__2_n_0
    SLICE_X15Y10         CARRY4 (Prop_carry4_CI_CO[3])
                                                      0.114     2.926 r  source_bank/metadata_matches__0_carry__3/CO[3]
                         net (fo=1, routed)           0.000     2.926    source_bank/metadata_matches__0_carry__3_n_0
    SLICE_X15Y11         CARRY4 (Prop_carry4_CI_CO[0])
                                                      0.271     3.197 r  source_bank/metadata_matches__0_carry__4/CO[0]
                         net (fo=1, routed)           1.316     4.513    source_bank/metadata_matches
    SLICE_X5Y6           LUT5 (Prop_lut5_I2_O)        0.373     4.886 r  source_bank/write_position[8]_i_3/O
                         net (fo=3, routed)           0.446     5.332    source_bank/input_framing_valid__2
    SLICE_X5Y6           LUT4 (Prop_lut4_I3_O)        0.124     5.456 r  source_bank/write_position[8]_i_1__1/O
                         net (fo=9, routed)           0.391     5.847    source_bank/write_position[8]_i_1__1_n_0
    SLICE_X5Y6           FDRE                                         r  source_bank/write_position_reg[8]/CE
  -------------------------------------------------------------------    -------------------

                         (clock source_100 rise edge)
                                                      0.000     0.000 r  
                                                      0.000     0.000 r  clk (IN)
                         net (fo=205, unset)          0.924     0.924    source_bank/clk
    SLICE_X5Y6           FDRE                                         r  source_bank/write_position_reg[8]/C

Slack:                    inf
  Source:                 input_block_start[3]
                            (input port)
  Destination:            source_bank/write_position_reg[0]/CE
                            (rising edge-triggered cell FDRE clocked by source_100  {rise@0.000ns fall@5.000ns period=10.000ns})
  Path Group:             (none)
  Path Type:              Setup (Max at Slow Process Corner)
  Data Path Delay:        5.798ns  (logic 2.004ns (34.565%)  route 3.794ns (65.435%))
  Logic Levels:           9  (CARRY4=6 LUT4=1 LUT5=1 LUT6=1)
  Clock Path Skew:        0.924ns (DCD - SCD + CPR)
    Destination Clock Delay (DCD):    0.924ns
    Source Clock Delay      (SCD):    0.000ns
    Clock Pessimism Removal (CPR):    0.000ns
  Clock Uncertainty:      0.025ns  ((TSJ^2 + TIJ^2)^1/2 + DJ) / 2 + PE
    Total System Jitter     (TSJ):    0.050ns
    Total Input Jitter      (TIJ):    0.000ns
    Discrete Jitter          (DJ):    0.000ns
    Phase Error              (PE):    0.000ns

    Location             Delay type                Incr(ns)  Path(ns)    Netlist Resource(s)
  -------------------------------------------------------------------    -------------------
                                                      0.000     0.000 r  input_block_start[3] (IN)
                         net (fo=1, unset)            0.973     0.973    source_bank/input_block_start[3]
    SLICE_X14Y2          LUT6 (Prop_lut6_I5_O)        0.124     1.097 r  source_bank/metadata_matches__0_carry_i_5/O
                         net (fo=1, routed)           0.717     1.814    source_bank/metadata_matches__0_carry_i_5_n_0
    SLICE_X15Y6          CARRY4 (Prop_carry4_S[0]_CO[3])
                                                      0.656     2.470 r  source_bank/metadata_matches__0_carry/CO[3]
                         net (fo=1, routed)           0.000     2.470    source_bank/metadata_matches__0_carry_n_0
    SLICE_X15Y7          CARRY4 (Prop_carry4_CI_CO[3])
                                                      0.114     2.584 r  source_bank/metadata_matches__0_carry__0/CO[3]
                         net (fo=1, routed)           0.000     2.584    source_bank/metadata_matches__0_carry__0_n_0
    SLICE_X15Y8          CARRY4 (Prop_carry4_CI_CO[3])
                                                      0.114     2.698 r  source_bank/metadata_matches__0_carry__1/CO[3]
                         net (fo=1, routed)           0.000     2.698    source_bank/metadata_matches__0_carry__1_n_0
    SLICE_X15Y9          CARRY4 (Prop_carry4_CI_CO[3])
                                                      0.114     2.812 r  source_bank/metadata_matches__0_carry__2/CO[3]
                         net (fo=1, routed)           0.000     2.812    source_bank/metadata_matches__0_carry__2_n_0
    SLICE_X15Y10         CARRY4 (Prop_carry4_CI_CO[3])
                                                      0.114     2.926 r  source_bank/metadata_matches__0_carry__3/CO[3]
                         net (fo=1, routed)           0.000     2.926    source_bank/metadata_matches__0_carry__3_n_0
    SLICE_X15Y11         CARRY4 (Prop_carry4_CI_CO[0])
                                                      0.271     3.197 r  source_bank/metadata_matches__0_carry__4/CO[0]
                         net (fo=1, routed)           1.316     4.513    source_bank/metadata_matches
    SLICE_X5Y6           LUT5 (Prop_lut5_I2_O)        0.373     4.886 r  source_bank/write_position[8]_i_3/O
                         net (fo=3, routed)           0.446     5.332    source_bank/input_framing_valid__2
    SLICE_X5Y6           LUT4 (Prop_lut4_I3_O)        0.124     5.456 r  source_bank/write_position[8]_i_1__1/O
                         net (fo=9, routed)           0.342     5.798    source_bank/write_position[8]_i_1__1_n_0
    SLICE_X4Y7           FDRE                                         r  source_bank/write_position_reg[0]/CE
  -------------------------------------------------------------------    -------------------

                         (clock source_100 rise edge)
                                                      0.000     0.000 r  
                                                      0.000     0.000 r  clk (IN)
                         net (fo=205, unset)          0.924     0.924    source_bank/clk
    SLICE_X4Y7           FDRE                                         r  source_bank/write_position_reg[0]/C

Slack:                    inf
  Source:                 input_block_start[3]
                            (input port)
  Destination:            source_bank/write_position_reg[2]/CE
                            (rising edge-triggered cell FDRE clocked by source_100  {rise@0.000ns fall@5.000ns period=10.000ns})
  Path Group:             (none)
  Path Type:              Setup (Max at Slow Process Corner)
  Data Path Delay:        5.798ns  (logic 2.004ns (34.565%)  route 3.794ns (65.435%))
  Logic Levels:           9  (CARRY4=6 LUT4=1 LUT5=1 LUT6=1)
  Clock Path Skew:        0.924ns (DCD - SCD + CPR)
    Destination Clock Delay (DCD):    0.924ns
    Source Clock Delay      (SCD):    0.000ns
    Clock Pessimism Removal (CPR):    0.000ns
  Clock Uncertainty:      0.025ns  ((TSJ^2 + TIJ^2)^1/2 + DJ) / 2 + PE
    Total System Jitter     (TSJ):    0.050ns
    Total Input Jitter      (TIJ):    0.000ns
    Discrete Jitter          (DJ):    0.000ns
    Phase Error              (PE):    0.000ns

    Location             Delay type                Incr(ns)  Path(ns)    Netlist Resource(s)
  -------------------------------------------------------------------    -------------------
                                                      0.000     0.000 r  input_block_start[3] (IN)
                         net (fo=1, unset)            0.973     0.973    source_bank/input_block_start[3]
    SLICE_X14Y2          LUT6 (Prop_lut6_I5_O)        0.124     1.097 r  source_bank/metadata_matches__0_carry_i_5/O
                         net (fo=1, routed)           0.717     1.814    source_bank/metadata_matches__0_carry_i_5_n_0
    SLICE_X15Y6          CARRY4 (Prop_carry4_S[0]_CO[3])
                                                      0.656     2.470 r  source_bank/metadata_matches__0_carry/CO[3]
                         net (fo=1, routed)           0.000     2.470    source_bank/metadata_matches__0_carry_n_0
    SLICE_X15Y7          CARRY4 (Prop_carry4_CI_CO[3])
                                                      0.114     2.584 r  source_bank/metadata_matches__0_carry__0/CO[3]
                         net (fo=1, routed)           0.000     2.584    source_bank/metadata_matches__0_carry__0_n_0
    SLICE_X15Y8          CARRY4 (Prop_carry4_CI_CO[3])
                                                      0.114     2.698 r  source_bank/metadata_matches__0_carry__1/CO[3]
                         net (fo=1, routed)           0.000     2.698    source_bank/metadata_matches__0_carry__1_n_0
    SLICE_X15Y9          CARRY4 (Prop_carry4_CI_CO[3])
                                                      0.114     2.812 r  source_bank/metadata_matches__0_carry__2/CO[3]
                         net (fo=1, routed)           0.000     2.812    source_bank/metadata_matches__0_carry__2_n_0
    SLICE_X15Y10         CARRY4 (Prop_carry4_CI_CO[3])
                                                      0.114     2.926 r  source_bank/metadata_matches__0_carry__3/CO[3]
                         net (fo=1, routed)           0.000     2.926    source_bank/metadata_matches__0_carry__3_n_0
    SLICE_X15Y11         CARRY4 (Prop_carry4_CI_CO[0])
                                                      0.271     3.197 r  source_bank/metadata_matches__0_carry__4/CO[0]
                         net (fo=1, routed)           1.316     4.513    source_bank/metadata_matches
    SLICE_X5Y6           LUT5 (Prop_lut5_I2_O)        0.373     4.886 r  source_bank/write_position[8]_i_3/O
                         net (fo=3, routed)           0.446     5.332    source_bank/input_framing_valid__2
    SLICE_X5Y6           LUT4 (Prop_lut4_I3_O)        0.124     5.456 r  source_bank/write_position[8]_i_1__1/O
                         net (fo=9, routed)           0.342     5.798    source_bank/write_position[8]_i_1__1_n_0
    SLICE_X4Y7           FDRE                                         r  source_bank/write_position_reg[2]/CE
  -------------------------------------------------------------------    -------------------

                         (clock source_100 rise edge)
                                                      0.000     0.000 r  
                                                      0.000     0.000 r  clk (IN)
                         net (fo=205, unset)          0.924     0.924    source_bank/clk
    SLICE_X4Y7           FDRE                                         r  source_bank/write_position_reg[2]/C

Slack:                    inf
  Source:                 input_block_start[3]
                            (input port)
  Destination:            source_bank/write_position_reg[3]/CE
                            (rising edge-triggered cell FDRE clocked by source_100  {rise@0.000ns fall@5.000ns period=10.000ns})
  Path Group:             (none)
  Path Type:              Setup (Max at Slow Process Corner)
  Data Path Delay:        5.798ns  (logic 2.004ns (34.565%)  route 3.794ns (65.435%))
  Logic Levels:           9  (CARRY4=6 LUT4=1 LUT5=1 LUT6=1)
  Clock Path Skew:        0.924ns (DCD - SCD + CPR)
    Destination Clock Delay (DCD):    0.924ns
    Source Clock Delay      (SCD):    0.000ns
    Clock Pessimism Removal (CPR):    0.000ns
  Clock Uncertainty:      0.025ns  ((TSJ^2 + TIJ^2)^1/2 + DJ) / 2 + PE
    Total System Jitter     (TSJ):    0.050ns
    Total Input Jitter      (TIJ):    0.000ns
    Discrete Jitter          (DJ):    0.000ns
    Phase Error              (PE):    0.000ns

    Location             Delay type                Incr(ns)  Path(ns)    Netlist Resource(s)
  -------------------------------------------------------------------    -------------------
                                                      0.000     0.000 r  input_block_start[3] (IN)
                         net (fo=1, unset)            0.973     0.973    source_bank/input_block_start[3]
    SLICE_X14Y2          LUT6 (Prop_lut6_I5_O)        0.124     1.097 r  source_bank/metadata_matches__0_carry_i_5/O
                         net (fo=1, routed)           0.717     1.814    source_bank/metadata_matches__0_carry_i_5_n_0
    SLICE_X15Y6          CARRY4 (Prop_carry4_S[0]_CO[3])
                                                      0.656     2.470 r  source_bank/metadata_matches__0_carry/CO[3]
                         net (fo=1, routed)           0.000     2.470    source_bank/metadata_matches__0_carry_n_0
    SLICE_X15Y7          CARRY4 (Prop_carry4_CI_CO[3])
                                                      0.114     2.584 r  source_bank/metadata_matches__0_carry__0/CO[3]
                         net (fo=1, routed)           0.000     2.584    source_bank/metadata_matches__0_carry__0_n_0
    SLICE_X15Y8          CARRY4 (Prop_carry4_CI_CO[3])
                                                      0.114     2.698 r  source_bank/metadata_matches__0_carry__1/CO[3]
                         net (fo=1, routed)           0.000     2.698    source_bank/metadata_matches__0_carry__1_n_0
    SLICE_X15Y9          CARRY4 (Prop_carry4_CI_CO[3])
                                                      0.114     2.812 r  source_bank/metadata_matches__0_carry__2/CO[3]
                         net (fo=1, routed)           0.000     2.812    source_bank/metadata_matches__0_carry__2_n_0
    SLICE_X15Y10         CARRY4 (Prop_carry4_CI_CO[3])
                                                      0.114     2.926 r  source_bank/metadata_matches__0_carry__3/CO[3]
                         net (fo=1, routed)           0.000     2.926    source_bank/metadata_matches__0_carry__3_n_0
    SLICE_X15Y11         CARRY4 (Prop_carry4_CI_CO[0])
                                                      0.271     3.197 r  source_bank/metadata_matches__0_carry__4/CO[0]
                         net (fo=1, routed)           1.316     4.513    source_bank/metadata_matches
    SLICE_X5Y6           LUT5 (Prop_lut5_I2_O)        0.373     4.886 r  source_bank/write_position[8]_i_3/O
                         net (fo=3, routed)           0.446     5.332    source_bank/input_framing_valid__2
    SLICE_X5Y6           LUT4 (Prop_lut4_I3_O)        0.124     5.456 r  source_bank/write_position[8]_i_1__1/O
                         net (fo=9, routed)           0.342     5.798    source_bank/write_position[8]_i_1__1_n_0
    SLICE_X4Y7           FDRE                                         r  source_bank/write_position_reg[3]/CE
  -------------------------------------------------------------------    -------------------

                         (clock source_100 rise edge)
                                                      0.000     0.000 r  
                                                      0.000     0.000 r  clk (IN)
                         net (fo=205, unset)          0.924     0.924    source_bank/clk
    SLICE_X4Y7           FDRE                                         r  source_bank/write_position_reg[3]/C

Slack:                    inf
  Source:                 input_block_start[3]
                            (input port)
  Destination:            source_bank/write_position_reg[4]/CE
                            (rising edge-triggered cell FDRE clocked by source_100  {rise@0.000ns fall@5.000ns period=10.000ns})
  Path Group:             (none)
  Path Type:              Setup (Max at Slow Process Corner)
  Data Path Delay:        5.798ns  (logic 2.004ns (34.565%)  route 3.794ns (65.435%))
  Logic Levels:           9  (CARRY4=6 LUT4=1 LUT5=1 LUT6=1)
  Clock Path Skew:        0.924ns (DCD - SCD + CPR)
    Destination Clock Delay (DCD):    0.924ns
    Source Clock Delay      (SCD):    0.000ns
    Clock Pessimism Removal (CPR):    0.000ns
  Clock Uncertainty:      0.025ns  ((TSJ^2 + TIJ^2)^1/2 + DJ) / 2 + PE
    Total System Jitter     (TSJ):    0.050ns
    Total Input Jitter      (TIJ):    0.000ns
    Discrete Jitter          (DJ):    0.000ns
    Phase Error              (PE):    0.000ns

    Location             Delay type                Incr(ns)  Path(ns)    Netlist Resource(s)
  -------------------------------------------------------------------    -------------------
                                                      0.000     0.000 r  input_block_start[3] (IN)
                         net (fo=1, unset)            0.973     0.973    source_bank/input_block_start[3]
    SLICE_X14Y2          LUT6 (Prop_lut6_I5_O)        0.124     1.097 r  source_bank/metadata_matches__0_carry_i_5/O
                         net (fo=1, routed)           0.717     1.814    source_bank/metadata_matches__0_carry_i_5_n_0
    SLICE_X15Y6          CARRY4 (Prop_carry4_S[0]_CO[3])
                                                      0.656     2.470 r  source_bank/metadata_matches__0_carry/CO[3]
                         net (fo=1, routed)           0.000     2.470    source_bank/metadata_matches__0_carry_n_0
    SLICE_X15Y7          CARRY4 (Prop_carry4_CI_CO[3])
                                                      0.114     2.584 r  source_bank/metadata_matches__0_carry__0/CO[3]
                         net (fo=1, routed)           0.000     2.584    source_bank/metadata_matches__0_carry__0_n_0
    SLICE_X15Y8          CARRY4 (Prop_carry4_CI_CO[3])
                                                      0.114     2.698 r  source_bank/metadata_matches__0_carry__1/CO[3]
                         net (fo=1, routed)           0.000     2.698    source_bank/metadata_matches__0_carry__1_n_0
    SLICE_X15Y9          CARRY4 (Prop_carry4_CI_CO[3])
                                                      0.114     2.812 r  source_bank/metadata_matches__0_carry__2/CO[3]
                         net (fo=1, routed)           0.000     2.812    source_bank/metadata_matches__0_carry__2_n_0
    SLICE_X15Y10         CARRY4 (Prop_carry4_CI_CO[3])
                                                      0.114     2.926 r  source_bank/metadata_matches__0_carry__3/CO[3]
                         net (fo=1, routed)           0.000     2.926    source_bank/metadata_matches__0_carry__3_n_0
    SLICE_X15Y11         CARRY4 (Prop_carry4_CI_CO[0])
                                                      0.271     3.197 r  source_bank/metadata_matches__0_carry__4/CO[0]
                         net (fo=1, routed)           1.316     4.513    source_bank/metadata_matches
    SLICE_X5Y6           LUT5 (Prop_lut5_I2_O)        0.373     4.886 r  source_bank/write_position[8]_i_3/O
                         net (fo=3, routed)           0.446     5.332    source_bank/input_framing_valid__2
    SLICE_X5Y6           LUT4 (Prop_lut4_I3_O)        0.124     5.456 r  source_bank/write_position[8]_i_1__1/O
                         net (fo=9, routed)           0.342     5.798    source_bank/write_position[8]_i_1__1_n_0
    SLICE_X4Y7           FDRE                                         r  source_bank/write_position_reg[4]/CE
  -------------------------------------------------------------------    -------------------

                         (clock source_100 rise edge)
                                                      0.000     0.000 r  
                                                      0.000     0.000 r  clk (IN)
                         net (fo=205, unset)          0.924     0.924    source_bank/clk
    SLICE_X4Y7           FDRE                                         r  source_bank/write_position_reg[4]/C

Slack:                    inf
  Source:                 input_block_start[3]
                            (input port)
  Destination:            source_bank/write_position_reg[5]/CE
                            (rising edge-triggered cell FDRE clocked by source_100  {rise@0.000ns fall@5.000ns period=10.000ns})
  Path Group:             (none)
  Path Type:              Setup (Max at Slow Process Corner)
  Data Path Delay:        5.798ns  (logic 2.004ns (34.565%)  route 3.794ns (65.435%))
  Logic Levels:           9  (CARRY4=6 LUT4=1 LUT5=1 LUT6=1)
  Clock Path Skew:        0.924ns (DCD - SCD + CPR)
    Destination Clock Delay (DCD):    0.924ns
    Source Clock Delay      (SCD):    0.000ns
    Clock Pessimism Removal (CPR):    0.000ns
  Clock Uncertainty:      0.025ns  ((TSJ^2 + TIJ^2)^1/2 + DJ) / 2 + PE
    Total System Jitter     (TSJ):    0.050ns
    Total Input Jitter      (TIJ):    0.000ns
    Discrete Jitter          (DJ):    0.000ns
    Phase Error              (PE):    0.000ns

    Location             Delay type                Incr(ns)  Path(ns)    Netlist Resource(s)
  -------------------------------------------------------------------    -------------------
                                                      0.000     0.000 r  input_block_start[3] (IN)
                         net (fo=1, unset)            0.973     0.973    source_bank/input_block_start[3]
    SLICE_X14Y2          LUT6 (Prop_lut6_I5_O)        0.124     1.097 r  source_bank/metadata_matches__0_carry_i_5/O
                         net (fo=1, routed)           0.717     1.814    source_bank/metadata_matches__0_carry_i_5_n_0
    SLICE_X15Y6          CARRY4 (Prop_carry4_S[0]_CO[3])
                                                      0.656     2.470 r  source_bank/metadata_matches__0_carry/CO[3]
                         net (fo=1, routed)           0.000     2.470    source_bank/metadata_matches__0_carry_n_0
    SLICE_X15Y7          CARRY4 (Prop_carry4_CI_CO[3])
                                                      0.114     2.584 r  source_bank/metadata_matches__0_carry__0/CO[3]
                         net (fo=1, routed)           0.000     2.584    source_bank/metadata_matches__0_carry__0_n_0
    SLICE_X15Y8          CARRY4 (Prop_carry4_CI_CO[3])
                                                      0.114     2.698 r  source_bank/metadata_matches__0_carry__1/CO[3]
                         net (fo=1, routed)           0.000     2.698    source_bank/metadata_matches__0_carry__1_n_0
    SLICE_X15Y9          CARRY4 (Prop_carry4_CI_CO[3])
                                                      0.114     2.812 r  source_bank/metadata_matches__0_carry__2/CO[3]
                         net (fo=1, routed)           0.000     2.812    source_bank/metadata_matches__0_carry__2_n_0
    SLICE_X15Y10         CARRY4 (Prop_carry4_CI_CO[3])
                                                      0.114     2.926 r  source_bank/metadata_matches__0_carry__3/CO[3]
                         net (fo=1, routed)           0.000     2.926    source_bank/metadata_matches__0_carry__3_n_0
    SLICE_X15Y11         CARRY4 (Prop_carry4_CI_CO[0])
                                                      0.271     3.197 r  source_bank/metadata_matches__0_carry__4/CO[0]
                         net (fo=1, routed)           1.316     4.513    source_bank/metadata_matches
    SLICE_X5Y6           LUT5 (Prop_lut5_I2_O)        0.373     4.886 r  source_bank/write_position[8]_i_3/O
                         net (fo=3, routed)           0.446     5.332    source_bank/input_framing_valid__2
    SLICE_X5Y6           LUT4 (Prop_lut4_I3_O)        0.124     5.456 r  source_bank/write_position[8]_i_1__1/O
                         net (fo=9, routed)           0.342     5.798    source_bank/write_position[8]_i_1__1_n_0
    SLICE_X4Y7           FDRE                                         r  source_bank/write_position_reg[5]/CE
  -------------------------------------------------------------------    -------------------

                         (clock source_100 rise edge)
                                                      0.000     0.000 r  
                                                      0.000     0.000 r  clk (IN)
                         net (fo=205, unset)          0.924     0.924    source_bank/clk
    SLICE_X4Y7           FDRE                                         r  source_bank/write_position_reg[5]/C

Slack:                    inf
  Source:                 input_block_start[3]
                            (input port)
  Destination:            source_bank/request_toggle_reg/D
                            (rising edge-triggered cell FDRE clocked by source_100  {rise@0.000ns fall@5.000ns period=10.000ns})
  Path Group:             (none)
  Path Type:              Setup (Max at Slow Process Corner)
  Data Path Delay:        5.591ns  (logic 2.004ns (35.842%)  route 3.587ns (64.158%))
  Logic Levels:           9  (CARRY4=6 LUT5=1 LUT6=2)
  Clock Path Skew:        0.924ns (DCD - SCD + CPR)
    Destination Clock Delay (DCD):    0.924ns
    Source Clock Delay      (SCD):    0.000ns
    Clock Pessimism Removal (CPR):    0.000ns
  Clock Uncertainty:      0.025ns  ((TSJ^2 + TIJ^2)^1/2 + DJ) / 2 + PE
    Total System Jitter     (TSJ):    0.050ns
    Total Input Jitter      (TIJ):    0.000ns
    Discrete Jitter          (DJ):    0.000ns
    Phase Error              (PE):    0.000ns

    Location             Delay type                Incr(ns)  Path(ns)    Netlist Resource(s)
  -------------------------------------------------------------------    -------------------
                                                      0.000     0.000 r  input_block_start[3] (IN)
                         net (fo=1, unset)            0.973     0.973    source_bank/input_block_start[3]
    SLICE_X14Y2          LUT6 (Prop_lut6_I5_O)        0.124     1.097 r  source_bank/metadata_matches__0_carry_i_5/O
                         net (fo=1, routed)           0.717     1.814    source_bank/metadata_matches__0_carry_i_5_n_0
    SLICE_X15Y6          CARRY4 (Prop_carry4_S[0]_CO[3])
                                                      0.656     2.470 r  source_bank/metadata_matches__0_carry/CO[3]
                         net (fo=1, routed)           0.000     2.470    source_bank/metadata_matches__0_carry_n_0
    SLICE_X15Y7          CARRY4 (Prop_carry4_CI_CO[3])
                                                      0.114     2.584 r  source_bank/metadata_matches__0_carry__0/CO[3]
                         net (fo=1, routed)           0.000     2.584    source_bank/metadata_matches__0_carry__0_n_0
    SLICE_X15Y8          CARRY4 (Prop_carry4_CI_CO[3])
                                                      0.114     2.698 r  source_bank/metadata_matches__0_carry__1/CO[3]
                         net (fo=1, routed)           0.000     2.698    source_bank/metadata_matches__0_carry__1_n_0
    SLICE_X15Y9          CARRY4 (Prop_carry4_CI_CO[3])
                                                      0.114     2.812 r  source_bank/metadata_matches__0_carry__2/CO[3]
                         net (fo=1, routed)           0.000     2.812    source_bank/metadata_matches__0_carry__2_n_0
    SLICE_X15Y10         CARRY4 (Prop_carry4_CI_CO[3])
                                                      0.114     2.926 r  source_bank/metadata_matches__0_carry__3/CO[3]
                         net (fo=1, routed)           0.000     2.926    source_bank/metadata_matches__0_carry__3_n_0
    SLICE_X15Y11         CARRY4 (Prop_carry4_CI_CO[0])
                                                      0.271     3.197 r  source_bank/metadata_matches__0_carry__4/CO[0]
                         net (fo=1, routed)           1.316     4.513    source_bank/metadata_matches
    SLICE_X5Y6           LUT5 (Prop_lut5_I2_O)        0.373     4.886 r  source_bank/write_position[8]_i_3/O
                         net (fo=3, routed)           0.581     5.467    source_bank/input_framing_valid__2
    SLICE_X6Y4           LUT6 (Prop_lut6_I3_O)        0.124     5.591 r  source_bank/request_toggle_i_1__0/O
                         net (fo=1, routed)           0.000     5.591    source_bank/request_toggle_i_1__0_n_0
    SLICE_X6Y4           FDRE                                         r  source_bank/request_toggle_reg/D
  -------------------------------------------------------------------    -------------------

                         (clock source_100 rise edge)
                                                      0.000     0.000 r  
                                                      0.000     0.000 r  clk (IN)
                         net (fo=205, unset)          0.924     0.924    source_bank/clk
    SLICE_X6Y4           FDRE                                         r  source_bank/request_toggle_reg/C

Slack:                    inf
  Source:                 input_position[8]
                            (input port)
  Destination:            source_bank/metadata_in_hold_reg[57]/CE
                            (rising edge-triggered cell FDRE clocked by source_100  {rise@0.000ns fall@5.000ns period=10.000ns})
  Path Group:             (none)
  Path Type:              Setup (Max at Slow Process Corner)
  Data Path Delay:        5.347ns  (logic 0.400ns (7.481%)  route 4.947ns (92.519%))
  Logic Levels:           3  (LUT5=2 LUT6=1)
  Clock Path Skew:        0.924ns (DCD - SCD + CPR)
    Destination Clock Delay (DCD):    0.924ns
    Source Clock Delay      (SCD):    0.000ns
    Clock Pessimism Removal (CPR):    0.000ns
  Clock Uncertainty:      0.025ns  ((TSJ^2 + TIJ^2)^1/2 + DJ) / 2 + PE
    Total System Jitter     (TSJ):    0.050ns
    Total Input Jitter      (TIJ):    0.000ns
    Discrete Jitter          (DJ):    0.000ns
    Phase Error              (PE):    0.000ns

    Location             Delay type                Incr(ns)  Path(ns)    Netlist Resource(s)
  -------------------------------------------------------------------    -------------------
                                                      0.000     0.000 f  input_position[8] (IN)
                         net (fo=1, unset)            0.973     0.973    source_bank/input_position[8]
    SLICE_X2Y5           LUT6 (Prop_lut6_I5_O)        0.124     1.097 r  source_bank/metadata_in_hold[68]_i_5/O
                         net (fo=1, routed)           1.001     2.098    source_bank/metadata_in_hold[68]_i_5_n_0
    SLICE_X2Y5           LUT5 (Prop_lut5_I0_O)        0.124     2.222 r  source_bank/metadata_in_hold[68]_i_3/O
                         net (fo=1, routed)           1.149     3.372    source_bank/metadata_in_hold[68]_i_3_n_0
    SLICE_X5Y5           LUT5 (Prop_lut5_I4_O)        0.152     3.524 r  source_bank/metadata_in_hold[68]_i_1/O
                         net (fo=64, routed)          1.823     5.347    source_bank/metadata_load
    SLICE_X21Y15         FDRE                                         r  source_bank/metadata_in_hold_reg[57]/CE
  -------------------------------------------------------------------    -------------------

                         (clock source_100 rise edge)
                                                      0.000     0.000 r  
                                                      0.000     0.000 r  clk (IN)
                         net (fo=205, unset)          0.924     0.924    source_bank/clk
    SLICE_X21Y15         FDRE                                         r  source_bank/metadata_in_hold_reg[57]/C

Slack:                    inf
  Source:                 input_position[8]
                            (input port)
  Destination:            source_bank/metadata_in_hold_reg[59]/CE
                            (rising edge-triggered cell FDRE clocked by source_100  {rise@0.000ns fall@5.000ns period=10.000ns})
  Path Group:             (none)
  Path Type:              Setup (Max at Slow Process Corner)
  Data Path Delay:        5.314ns  (logic 0.400ns (7.527%)  route 4.914ns (92.473%))
  Logic Levels:           3  (LUT5=2 LUT6=1)
  Clock Path Skew:        0.924ns (DCD - SCD + CPR)
    Destination Clock Delay (DCD):    0.924ns
    Source Clock Delay      (SCD):    0.000ns
    Clock Pessimism Removal (CPR):    0.000ns
  Clock Uncertainty:      0.025ns  ((TSJ^2 + TIJ^2)^1/2 + DJ) / 2 + PE
    Total System Jitter     (TSJ):    0.050ns
    Total Input Jitter      (TIJ):    0.000ns
    Discrete Jitter          (DJ):    0.000ns
    Phase Error              (PE):    0.000ns

    Location             Delay type                Incr(ns)  Path(ns)    Netlist Resource(s)
  -------------------------------------------------------------------    -------------------
                                                      0.000     0.000 f  input_position[8] (IN)
                         net (fo=1, unset)            0.973     0.973    source_bank/input_position[8]
    SLICE_X2Y5           LUT6 (Prop_lut6_I5_O)        0.124     1.097 r  source_bank/metadata_in_hold[68]_i_5/O
                         net (fo=1, routed)           1.001     2.098    source_bank/metadata_in_hold[68]_i_5_n_0
    SLICE_X2Y5           LUT5 (Prop_lut5_I0_O)        0.124     2.222 r  source_bank/metadata_in_hold[68]_i_3/O
                         net (fo=1, routed)           1.149     3.372    source_bank/metadata_in_hold[68]_i_3_n_0
    SLICE_X5Y5           LUT5 (Prop_lut5_I4_O)        0.152     3.524 r  source_bank/metadata_in_hold[68]_i_1/O
                         net (fo=64, routed)          1.790     5.314    source_bank/metadata_load
    SLICE_X24Y13         FDRE                                         r  source_bank/metadata_in_hold_reg[59]/CE
  -------------------------------------------------------------------    -------------------

                         (clock source_100 rise edge)
                                                      0.000     0.000 r  
                                                      0.000     0.000 r  clk (IN)
                         net (fo=205, unset)          0.924     0.924    source_bank/clk
    SLICE_X24Y13         FDRE                                         r  source_bank/metadata_in_hold_reg[59]/C

Slack:                    inf
  Source:                 input_position[8]
                            (input port)
  Destination:            source_bank/metadata_in_hold_reg[56]/CE
                            (rising edge-triggered cell FDRE clocked by source_100  {rise@0.000ns fall@5.000ns period=10.000ns})
  Path Group:             (none)
  Path Type:              Setup (Max at Slow Process Corner)
  Data Path Delay:        5.158ns  (logic 0.400ns (7.755%)  route 4.758ns (92.245%))
  Logic Levels:           3  (LUT5=2 LUT6=1)
  Clock Path Skew:        0.924ns (DCD - SCD + CPR)
    Destination Clock Delay (DCD):    0.924ns
    Source Clock Delay      (SCD):    0.000ns
    Clock Pessimism Removal (CPR):    0.000ns
  Clock Uncertainty:      0.025ns  ((TSJ^2 + TIJ^2)^1/2 + DJ) / 2 + PE
    Total System Jitter     (TSJ):    0.050ns
    Total Input Jitter      (TIJ):    0.000ns
    Discrete Jitter          (DJ):    0.000ns
    Phase Error              (PE):    0.000ns

    Location             Delay type                Incr(ns)  Path(ns)    Netlist Resource(s)
  -------------------------------------------------------------------    -------------------
                                                      0.000     0.000 f  input_position[8] (IN)
                         net (fo=1, unset)            0.973     0.973    source_bank/input_position[8]
    SLICE_X2Y5           LUT6 (Prop_lut6_I5_O)        0.124     1.097 r  source_bank/metadata_in_hold[68]_i_5/O
                         net (fo=1, routed)           1.001     2.098    source_bank/metadata_in_hold[68]_i_5_n_0
    SLICE_X2Y5           LUT5 (Prop_lut5_I0_O)        0.124     2.222 r  source_bank/metadata_in_hold[68]_i_3/O
                         net (fo=1, routed)           1.149     3.372    source_bank/metadata_in_hold[68]_i_3_n_0
    SLICE_X5Y5           LUT5 (Prop_lut5_I4_O)        0.152     3.524 r  source_bank/metadata_in_hold[68]_i_1/O
                         net (fo=64, routed)          1.634     5.158    source_bank/metadata_load
    SLICE_X20Y15         FDRE                                         r  source_bank/metadata_in_hold_reg[56]/CE
  -------------------------------------------------------------------    -------------------

                         (clock source_100 rise edge)
                                                      0.000     0.000 r  
                                                      0.000     0.000 r  clk (IN)
                         net (fo=205, unset)          0.924     0.924    source_bank/clk
    SLICE_X20Y15         FDRE                                         r  source_bank/metadata_in_hold_reg[56]/C

Slack:                    inf
  Source:                 input_position[8]
                            (input port)
  Destination:            source_bank/metadata_in_hold_reg[63]/CE
                            (rising edge-triggered cell FDRE clocked by source_100  {rise@0.000ns fall@5.000ns period=10.000ns})
  Path Group:             (none)
  Path Type:              Setup (Max at Slow Process Corner)
  Data Path Delay:        5.158ns  (logic 0.400ns (7.755%)  route 4.758ns (92.245%))
  Logic Levels:           3  (LUT5=2 LUT6=1)
  Clock Path Skew:        0.924ns (DCD - SCD + CPR)
    Destination Clock Delay (DCD):    0.924ns
    Source Clock Delay      (SCD):    0.000ns
    Clock Pessimism Removal (CPR):    0.000ns
  Clock Uncertainty:      0.025ns  ((TSJ^2 + TIJ^2)^1/2 + DJ) / 2 + PE
    Total System Jitter     (TSJ):    0.050ns
    Total Input Jitter      (TIJ):    0.000ns
    Discrete Jitter          (DJ):    0.000ns
    Phase Error              (PE):    0.000ns

    Location             Delay type                Incr(ns)  Path(ns)    Netlist Resource(s)
  -------------------------------------------------------------------    -------------------
                                                      0.000     0.000 f  input_position[8] (IN)
                         net (fo=1, unset)            0.973     0.973    source_bank/input_position[8]
    SLICE_X2Y5           LUT6 (Prop_lut6_I5_O)        0.124     1.097 r  source_bank/metadata_in_hold[68]_i_5/O
                         net (fo=1, routed)           1.001     2.098    source_bank/metadata_in_hold[68]_i_5_n_0
    SLICE_X2Y5           LUT5 (Prop_lut5_I0_O)        0.124     2.222 r  source_bank/metadata_in_hold[68]_i_3/O
                         net (fo=1, routed)           1.149     3.372    source_bank/metadata_in_hold[68]_i_3_n_0
    SLICE_X5Y5           LUT5 (Prop_lut5_I4_O)        0.152     3.524 r  source_bank/metadata_in_hold[68]_i_1/O
                         net (fo=64, routed)          1.634     5.158    source_bank/metadata_load
    SLICE_X20Y15         FDRE                                         r  source_bank/metadata_in_hold_reg[63]/CE
  -------------------------------------------------------------------    -------------------

                         (clock source_100 rise edge)
                                                      0.000     0.000 r  
                                                      0.000     0.000 r  clk (IN)
                         net (fo=205, unset)          0.924     0.924    source_bank/clk
    SLICE_X20Y15         FDRE                                         r  source_bank/metadata_in_hold_reg[63]/C

Slack:                    inf
  Source:                 input_position[8]
                            (input port)
  Destination:            source_bank/metadata_in_hold_reg[18]/CE
                            (rising edge-triggered cell FDRE clocked by source_100  {rise@0.000ns fall@5.000ns period=10.000ns})
  Path Group:             (none)
  Path Type:              Setup (Max at Slow Process Corner)
  Data Path Delay:        5.137ns  (logic 0.400ns (7.787%)  route 4.737ns (92.213%))
  Logic Levels:           3  (LUT5=2 LUT6=1)
  Clock Path Skew:        0.924ns (DCD - SCD + CPR)
    Destination Clock Delay (DCD):    0.924ns
    Source Clock Delay      (SCD):    0.000ns
    Clock Pessimism Removal (CPR):    0.000ns
  Clock Uncertainty:      0.025ns  ((TSJ^2 + TIJ^2)^1/2 + DJ) / 2 + PE
    Total System Jitter     (TSJ):    0.050ns
    Total Input Jitter      (TIJ):    0.000ns
    Discrete Jitter          (DJ):    0.000ns
    Phase Error              (PE):    0.000ns

    Location             Delay type                Incr(ns)  Path(ns)    Netlist Resource(s)
  -------------------------------------------------------------------    -------------------
                                                      0.000     0.000 f  input_position[8] (IN)
                         net (fo=1, unset)            0.973     0.973    source_bank/input_position[8]
    SLICE_X2Y5           LUT6 (Prop_lut6_I5_O)        0.124     1.097 r  source_bank/metadata_in_hold[68]_i_5/O
                         net (fo=1, routed)           1.001     2.098    source_bank/metadata_in_hold[68]_i_5_n_0
    SLICE_X2Y5           LUT5 (Prop_lut5_I0_O)        0.124     2.222 r  source_bank/metadata_in_hold[68]_i_3/O
                         net (fo=1, routed)           1.149     3.372    source_bank/metadata_in_hold[68]_i_3_n_0
    SLICE_X5Y5           LUT5 (Prop_lut5_I4_O)        0.152     3.524 r  source_bank/metadata_in_hold[68]_i_1/O
                         net (fo=64, routed)          1.613     5.137    source_bank/metadata_load
    SLICE_X15Y4          FDRE                                         r  source_bank/metadata_in_hold_reg[18]/CE
  -------------------------------------------------------------------    -------------------

                         (clock source_100 rise edge)
                                                      0.000     0.000 r  
                                                      0.000     0.000 r  clk (IN)
                         net (fo=205, unset)          0.924     0.924    source_bank/clk
    SLICE_X15Y4          FDRE                                         r  source_bank/metadata_in_hold_reg[18]/C

Slack:                    inf
  Source:                 input_position[8]
                            (input port)
  Destination:            source_bank/metadata_in_hold_reg[10]/CE
                            (rising edge-triggered cell FDRE clocked by source_100  {rise@0.000ns fall@5.000ns period=10.000ns})
  Path Group:             (none)
  Path Type:              Setup (Max at Slow Process Corner)
  Data Path Delay:        5.113ns  (logic 0.400ns (7.824%)  route 4.713ns (92.176%))
  Logic Levels:           3  (LUT5=2 LUT6=1)
  Clock Path Skew:        0.924ns (DCD - SCD + CPR)
    Destination Clock Delay (DCD):    0.924ns
    Source Clock Delay      (SCD):    0.000ns
    Clock Pessimism Removal (CPR):    0.000ns
  Clock Uncertainty:      0.025ns  ((TSJ^2 + TIJ^2)^1/2 + DJ) / 2 + PE
    Total System Jitter     (TSJ):    0.050ns
    Total Input Jitter      (TIJ):    0.000ns
    Discrete Jitter          (DJ):    0.000ns
    Phase Error              (PE):    0.000ns

    Location             Delay type                Incr(ns)  Path(ns)    Netlist Resource(s)
  -------------------------------------------------------------------    -------------------
                                                      0.000     0.000 f  input_position[8] (IN)
                         net (fo=1, unset)            0.973     0.973    source_bank/input_position[8]
    SLICE_X2Y5           LUT6 (Prop_lut6_I5_O)        0.124     1.097 r  source_bank/metadata_in_hold[68]_i_5/O
                         net (fo=1, routed)           1.001     2.098    source_bank/metadata_in_hold[68]_i_5_n_0
    SLICE_X2Y5           LUT5 (Prop_lut5_I0_O)        0.124     2.222 r  source_bank/metadata_in_hold[68]_i_3/O
                         net (fo=1, routed)           1.149     3.372    source_bank/metadata_in_hold[68]_i_3_n_0
    SLICE_X5Y5           LUT5 (Prop_lut5_I4_O)        0.152     3.524 r  source_bank/metadata_in_hold[68]_i_1/O
                         net (fo=64, routed)          1.589     5.113    source_bank/metadata_load
    SLICE_X17Y5          FDRE                                         r  source_bank/metadata_in_hold_reg[10]/CE
  -------------------------------------------------------------------    -------------------

                         (clock source_100 rise edge)
                                                      0.000     0.000 r  
                                                      0.000     0.000 r  clk (IN)
                         net (fo=205, unset)          0.924     0.924    source_bank/clk
    SLICE_X17Y5          FDRE                                         r  source_bank/metadata_in_hold_reg[10]/C

Slack:                    inf
  Source:                 input_position[8]
                            (input port)
  Destination:            source_bank/metadata_in_hold_reg[11]/CE
                            (rising edge-triggered cell FDRE clocked by source_100  {rise@0.000ns fall@5.000ns period=10.000ns})
  Path Group:             (none)
  Path Type:              Setup (Max at Slow Process Corner)
  Data Path Delay:        5.113ns  (logic 0.400ns (7.824%)  route 4.713ns (92.176%))
  Logic Levels:           3  (LUT5=2 LUT6=1)
  Clock Path Skew:        0.924ns (DCD - SCD + CPR)
    Destination Clock Delay (DCD):    0.924ns
    Source Clock Delay      (SCD):    0.000ns
    Clock Pessimism Removal (CPR):    0.000ns
  Clock Uncertainty:      0.025ns  ((TSJ^2 + TIJ^2)^1/2 + DJ) / 2 + PE
    Total System Jitter     (TSJ):    0.050ns
    Total Input Jitter      (TIJ):    0.000ns
    Discrete Jitter          (DJ):    0.000ns
    Phase Error              (PE):    0.000ns

    Location             Delay type                Incr(ns)  Path(ns)    Netlist Resource(s)
  -------------------------------------------------------------------    -------------------
                                                      0.000     0.000 f  input_position[8] (IN)
                         net (fo=1, unset)            0.973     0.973    source_bank/input_position[8]
    SLICE_X2Y5           LUT6 (Prop_lut6_I5_O)        0.124     1.097 r  source_bank/metadata_in_hold[68]_i_5/O
                         net (fo=1, routed)           1.001     2.098    source_bank/metadata_in_hold[68]_i_5_n_0
    SLICE_X2Y5           LUT5 (Prop_lut5_I0_O)        0.124     2.222 r  source_bank/metadata_in_hold[68]_i_3/O
                         net (fo=1, routed)           1.149     3.372    source_bank/metadata_in_hold[68]_i_3_n_0
    SLICE_X5Y5           LUT5 (Prop_lut5_I4_O)        0.152     3.524 r  source_bank/metadata_in_hold[68]_i_1/O
                         net (fo=64, routed)          1.589     5.113    source_bank/metadata_load
    SLICE_X17Y5          FDRE                                         r  source_bank/metadata_in_hold_reg[11]/CE
  -------------------------------------------------------------------    -------------------

                         (clock source_100 rise edge)
                                                      0.000     0.000 r  
                                                      0.000     0.000 r  clk (IN)
                         net (fo=205, unset)          0.924     0.924    source_bank/clk
    SLICE_X17Y5          FDRE                                         r  source_bank/metadata_in_hold_reg[11]/C

Slack:                    inf
  Source:                 input_position[8]
                            (input port)
  Destination:            source_bank/metadata_in_hold_reg[12]/CE
                            (rising edge-triggered cell FDRE clocked by source_100  {rise@0.000ns fall@5.000ns period=10.000ns})
  Path Group:             (none)
  Path Type:              Setup (Max at Slow Process Corner)
  Data Path Delay:        5.113ns  (logic 0.400ns (7.824%)  route 4.713ns (92.176%))
  Logic Levels:           3  (LUT5=2 LUT6=1)
  Clock Path Skew:        0.924ns (DCD - SCD + CPR)
    Destination Clock Delay (DCD):    0.924ns
    Source Clock Delay      (SCD):    0.000ns
    Clock Pessimism Removal (CPR):    0.000ns
  Clock Uncertainty:      0.025ns  ((TSJ^2 + TIJ^2)^1/2 + DJ) / 2 + PE
    Total System Jitter     (TSJ):    0.050ns
    Total Input Jitter      (TIJ):    0.000ns
    Discrete Jitter          (DJ):    0.000ns
    Phase Error              (PE):    0.000ns

    Location             Delay type                Incr(ns)  Path(ns)    Netlist Resource(s)
  -------------------------------------------------------------------    -------------------
                                                      0.000     0.000 f  input_position[8] (IN)
                         net (fo=1, unset)            0.973     0.973    source_bank/input_position[8]
    SLICE_X2Y5           LUT6 (Prop_lut6_I5_O)        0.124     1.097 r  source_bank/metadata_in_hold[68]_i_5/O
                         net (fo=1, routed)           1.001     2.098    source_bank/metadata_in_hold[68]_i_5_n_0
    SLICE_X2Y5           LUT5 (Prop_lut5_I0_O)        0.124     2.222 r  source_bank/metadata_in_hold[68]_i_3/O
                         net (fo=1, routed)           1.149     3.372    source_bank/metadata_in_hold[68]_i_3_n_0
    SLICE_X5Y5           LUT5 (Prop_lut5_I4_O)        0.152     3.524 r  source_bank/metadata_in_hold[68]_i_1/O
                         net (fo=64, routed)          1.589     5.113    source_bank/metadata_load
    SLICE_X17Y5          FDRE                                         r  source_bank/metadata_in_hold_reg[12]/CE
  -------------------------------------------------------------------    -------------------

                         (clock source_100 rise edge)
                                                      0.000     0.000 r  
                                                      0.000     0.000 r  clk (IN)
                         net (fo=205, unset)          0.924     0.924    source_bank/clk
    SLICE_X17Y5          FDRE                                         r  source_bank/metadata_in_hold_reg[12]/C

Slack:                    inf
  Source:                 input_position[8]
                            (input port)
  Destination:            source_bank/metadata_in_hold_reg[14]/CE
                            (rising edge-triggered cell FDRE clocked by source_100  {rise@0.000ns fall@5.000ns period=10.000ns})
  Path Group:             (none)
  Path Type:              Setup (Max at Slow Process Corner)
  Data Path Delay:        5.113ns  (logic 0.400ns (7.824%)  route 4.713ns (92.176%))
  Logic Levels:           3  (LUT5=2 LUT6=1)
  Clock Path Skew:        0.924ns (DCD - SCD + CPR)
    Destination Clock Delay (DCD):    0.924ns
    Source Clock Delay      (SCD):    0.000ns
    Clock Pessimism Removal (CPR):    0.000ns
  Clock Uncertainty:      0.025ns  ((TSJ^2 + TIJ^2)^1/2 + DJ) / 2 + PE
    Total System Jitter     (TSJ):    0.050ns
    Total Input Jitter      (TIJ):    0.000ns
    Discrete Jitter          (DJ):    0.000ns
    Phase Error              (PE):    0.000ns

    Location             Delay type                Incr(ns)  Path(ns)    Netlist Resource(s)
  -------------------------------------------------------------------    -------------------
                                                      0.000     0.000 f  input_position[8] (IN)
                         net (fo=1, unset)            0.973     0.973    source_bank/input_position[8]
    SLICE_X2Y5           LUT6 (Prop_lut6_I5_O)        0.124     1.097 r  source_bank/metadata_in_hold[68]_i_5/O
                         net (fo=1, routed)           1.001     2.098    source_bank/metadata_in_hold[68]_i_5_n_0
    SLICE_X2Y5           LUT5 (Prop_lut5_I0_O)        0.124     2.222 r  source_bank/metadata_in_hold[68]_i_3/O
                         net (fo=1, routed)           1.149     3.372    source_bank/metadata_in_hold[68]_i_3_n_0
    SLICE_X5Y5           LUT5 (Prop_lut5_I4_O)        0.152     3.524 r  source_bank/metadata_in_hold[68]_i_1/O
                         net (fo=64, routed)          1.589     5.113    source_bank/metadata_load
    SLICE_X17Y5          FDRE                                         r  source_bank/metadata_in_hold_reg[14]/CE
  -------------------------------------------------------------------    -------------------

                         (clock source_100 rise edge)
                                                      0.000     0.000 r  
                                                      0.000     0.000 r  clk (IN)
                         net (fo=205, unset)          0.924     0.924    source_bank/clk
    SLICE_X17Y5          FDRE                                         r  source_bank/metadata_in_hold_reg[14]/C





Min Delay Paths
--------------------------------------------------------------------------------------
Slack:                    inf
  Source:                 input_block_start[5]
                            (input port)
  Destination:            source_bank/metadata_in_hold_reg[10]/D
                            (rising edge-triggered cell FDRE clocked by source_100  {rise@0.000ns fall@5.000ns period=10.000ns})
  Path Group:             (none)
  Path Type:              Hold (Min at Fast Process Corner)
  Data Path Delay:        0.410ns  (logic 0.000ns (0.000%)  route 0.410ns (100.000%))
  Logic Levels:           0  
  Clock Path Skew:        0.432ns (DCD - SCD - CPR)
    Destination Clock Delay (DCD):    0.432ns
    Source Clock Delay      (SCD):    0.000ns
    Clock Pessimism Removal (CPR):    -0.000ns

    Location             Delay type                Incr(ns)  Path(ns)    Netlist Resource(s)
  -------------------------------------------------------------------    -------------------
                                                      0.000     0.000 r  input_block_start[5] (IN)
                         net (fo=1, unset)            0.410     0.410    source_bank/input_block_start[5]
    SLICE_X17Y5          FDRE                                         r  source_bank/metadata_in_hold_reg[10]/D
  -------------------------------------------------------------------    -------------------

                         (clock source_100 rise edge)
                                                      0.000     0.000 r  
                                                      0.000     0.000 r  clk (IN)
                         net (fo=205, unset)          0.432     0.432    source_bank/clk
    SLICE_X17Y5          FDRE                                         r  source_bank/metadata_in_hold_reg[10]/C

Slack:                    inf
  Source:                 input_block_start[6]
                            (input port)
  Destination:            source_bank/metadata_in_hold_reg[11]/D
                            (rising edge-triggered cell FDRE clocked by source_100  {rise@0.000ns fall@5.000ns period=10.000ns})
  Path Group:             (none)
  Path Type:              Hold (Min at Fast Process Corner)
  Data Path Delay:        0.410ns  (logic 0.000ns (0.000%)  route 0.410ns (100.000%))
  Logic Levels:           0  
  Clock Path Skew:        0.432ns (DCD - SCD - CPR)
    Destination Clock Delay (DCD):    0.432ns
    Source Clock Delay      (SCD):    0.000ns
    Clock Pessimism Removal (CPR):    -0.000ns

    Location             Delay type                Incr(ns)  Path(ns)    Netlist Resource(s)
  -------------------------------------------------------------------    -------------------
                                                      0.000     0.000 r  input_block_start[6] (IN)
                         net (fo=1, unset)            0.410     0.410    source_bank/input_block_start[6]
    SLICE_X17Y5          FDRE                                         r  source_bank/metadata_in_hold_reg[11]/D
  -------------------------------------------------------------------    -------------------

                         (clock source_100 rise edge)
                                                      0.000     0.000 r  
                                                      0.000     0.000 r  clk (IN)
                         net (fo=205, unset)          0.432     0.432    source_bank/clk
    SLICE_X17Y5          FDRE                                         r  source_bank/metadata_in_hold_reg[11]/C

Slack:                    inf
  Source:                 input_block_start[7]
                            (input port)
  Destination:            source_bank/metadata_in_hold_reg[12]/D
                            (rising edge-triggered cell FDRE clocked by source_100  {rise@0.000ns fall@5.000ns period=10.000ns})
  Path Group:             (none)
  Path Type:              Hold (Min at Fast Process Corner)
  Data Path Delay:        0.410ns  (logic 0.000ns (0.000%)  route 0.410ns (100.000%))
  Logic Levels:           0  
  Clock Path Skew:        0.432ns (DCD - SCD - CPR)
    Destination Clock Delay (DCD):    0.432ns
    Source Clock Delay      (SCD):    0.000ns
    Clock Pessimism Removal (CPR):    -0.000ns

    Location             Delay type                Incr(ns)  Path(ns)    Netlist Resource(s)
  -------------------------------------------------------------------    -------------------
                                                      0.000     0.000 r  input_block_start[7] (IN)
                         net (fo=1, unset)            0.410     0.410    source_bank/input_block_start[7]
    SLICE_X17Y5          FDRE                                         r  source_bank/metadata_in_hold_reg[12]/D
  -------------------------------------------------------------------    -------------------

                         (clock source_100 rise edge)
                                                      0.000     0.000 r  
                                                      0.000     0.000 r  clk (IN)
                         net (fo=205, unset)          0.432     0.432    source_bank/clk
    SLICE_X17Y5          FDRE                                         r  source_bank/metadata_in_hold_reg[12]/C

Slack:                    inf
  Source:                 input_block_start[8]
                            (input port)
  Destination:            source_bank/metadata_in_hold_reg[13]/D
                            (rising edge-triggered cell FDRE clocked by source_100  {rise@0.000ns fall@5.000ns period=10.000ns})
  Path Group:             (none)
  Path Type:              Hold (Min at Fast Process Corner)
  Data Path Delay:        0.410ns  (logic 0.000ns (0.000%)  route 0.410ns (100.000%))
  Logic Levels:           0  
  Clock Path Skew:        0.432ns (DCD - SCD - CPR)
    Destination Clock Delay (DCD):    0.432ns
    Source Clock Delay      (SCD):    0.000ns
    Clock Pessimism Removal (CPR):    -0.000ns

    Location             Delay type                Incr(ns)  Path(ns)    Netlist Resource(s)
  -------------------------------------------------------------------    -------------------
                                                      0.000     0.000 r  input_block_start[8] (IN)
                         net (fo=1, unset)            0.410     0.410    source_bank/input_block_start[8]
    SLICE_X14Y9          FDRE                                         r  source_bank/metadata_in_hold_reg[13]/D
  -------------------------------------------------------------------    -------------------

                         (clock source_100 rise edge)
                                                      0.000     0.000 r  
                                                      0.000     0.000 r  clk (IN)
                         net (fo=205, unset)          0.432     0.432    source_bank/clk
    SLICE_X14Y9          FDRE                                         r  source_bank/metadata_in_hold_reg[13]/C

Slack:                    inf
  Source:                 input_block_start[9]
                            (input port)
  Destination:            source_bank/metadata_in_hold_reg[14]/D
                            (rising edge-triggered cell FDRE clocked by source_100  {rise@0.000ns fall@5.000ns period=10.000ns})
  Path Group:             (none)
  Path Type:              Hold (Min at Fast Process Corner)
  Data Path Delay:        0.410ns  (logic 0.000ns (0.000%)  route 0.410ns (100.000%))
  Logic Levels:           0  
  Clock Path Skew:        0.432ns (DCD - SCD - CPR)
    Destination Clock Delay (DCD):    0.432ns
    Source Clock Delay      (SCD):    0.000ns
    Clock Pessimism Removal (CPR):    -0.000ns

    Location             Delay type                Incr(ns)  Path(ns)    Netlist Resource(s)
  -------------------------------------------------------------------    -------------------
                                                      0.000     0.000 r  input_block_start[9] (IN)
                         net (fo=1, unset)            0.410     0.410    source_bank/input_block_start[9]
    SLICE_X17Y5          FDRE                                         r  source_bank/metadata_in_hold_reg[14]/D
  -------------------------------------------------------------------    -------------------

                         (clock source_100 rise edge)
                                                      0.000     0.000 r  
                                                      0.000     0.000 r  clk (IN)
                         net (fo=205, unset)          0.432     0.432    source_bank/clk
    SLICE_X17Y5          FDRE                                         r  source_bank/metadata_in_hold_reg[14]/C

Slack:                    inf
  Source:                 input_block_start[10]
                            (input port)
  Destination:            source_bank/metadata_in_hold_reg[15]/D
                            (rising edge-triggered cell FDRE clocked by source_100  {rise@0.000ns fall@5.000ns period=10.000ns})
  Path Group:             (none)
  Path Type:              Hold (Min at Fast Process Corner)
  Data Path Delay:        0.410ns  (logic 0.000ns (0.000%)  route 0.410ns (100.000%))
  Logic Levels:           0  
  Clock Path Skew:        0.432ns (DCD - SCD - CPR)
    Destination Clock Delay (DCD):    0.432ns
    Source Clock Delay      (SCD):    0.000ns
    Clock Pessimism Removal (CPR):    -0.000ns

    Location             Delay type                Incr(ns)  Path(ns)    Netlist Resource(s)
  -------------------------------------------------------------------    -------------------
                                                      0.000     0.000 r  input_block_start[10] (IN)
                         net (fo=1, unset)            0.410     0.410    source_bank/input_block_start[10]
    SLICE_X13Y7          FDRE                                         r  source_bank/metadata_in_hold_reg[15]/D
  -------------------------------------------------------------------    -------------------

                         (clock source_100 rise edge)
                                                      0.000     0.000 r  
                                                      0.000     0.000 r  clk (IN)
                         net (fo=205, unset)          0.432     0.432    source_bank/clk
    SLICE_X13Y7          FDRE                                         r  source_bank/metadata_in_hold_reg[15]/C

Slack:                    inf
  Source:                 input_block_start[11]
                            (input port)
  Destination:            source_bank/metadata_in_hold_reg[16]/D
                            (rising edge-triggered cell FDRE clocked by source_100  {rise@0.000ns fall@5.000ns period=10.000ns})
  Path Group:             (none)
  Path Type:              Hold (Min at Fast Process Corner)
  Data Path Delay:        0.410ns  (logic 0.000ns (0.000%)  route 0.410ns (100.000%))
  Logic Levels:           0  
  Clock Path Skew:        0.432ns (DCD - SCD - CPR)
    Destination Clock Delay (DCD):    0.432ns
    Source Clock Delay      (SCD):    0.000ns
    Clock Pessimism Removal (CPR):    -0.000ns

    Location             Delay type                Incr(ns)  Path(ns)    Netlist Resource(s)
  -------------------------------------------------------------------    -------------------
                                                      0.000     0.000 r  input_block_start[11] (IN)
                         net (fo=1, unset)            0.410     0.410    source_bank/input_block_start[11]
    SLICE_X17Y5          FDRE                                         r  source_bank/metadata_in_hold_reg[16]/D
  -------------------------------------------------------------------    -------------------

                         (clock source_100 rise edge)
                                                      0.000     0.000 r  
                                                      0.000     0.000 r  clk (IN)
                         net (fo=205, unset)          0.432     0.432    source_bank/clk
    SLICE_X17Y5          FDRE                                         r  source_bank/metadata_in_hold_reg[16]/C

Slack:                    inf
  Source:                 input_block_start[12]
                            (input port)
  Destination:            source_bank/metadata_in_hold_reg[17]/D
                            (rising edge-triggered cell FDRE clocked by source_100  {rise@0.000ns fall@5.000ns period=10.000ns})
  Path Group:             (none)
  Path Type:              Hold (Min at Fast Process Corner)
  Data Path Delay:        0.410ns  (logic 0.000ns (0.000%)  route 0.410ns (100.000%))
  Logic Levels:           0  
  Clock Path Skew:        0.432ns (DCD - SCD - CPR)
    Destination Clock Delay (DCD):    0.432ns
    Source Clock Delay      (SCD):    0.000ns
    Clock Pessimism Removal (CPR):    -0.000ns

    Location             Delay type                Incr(ns)  Path(ns)    Netlist Resource(s)
  -------------------------------------------------------------------    -------------------
                                                      0.000     0.000 r  input_block_start[12] (IN)
                         net (fo=1, unset)            0.410     0.410    source_bank/input_block_start[12]
    SLICE_X13Y7          FDRE                                         r  source_bank/metadata_in_hold_reg[17]/D
  -------------------------------------------------------------------    -------------------

                         (clock source_100 rise edge)
                                                      0.000     0.000 r  
                                                      0.000     0.000 r  clk (IN)
                         net (fo=205, unset)          0.432     0.432    source_bank/clk
    SLICE_X13Y7          FDRE                                         r  source_bank/metadata_in_hold_reg[17]/C

Slack:                    inf
  Source:                 input_block_start[13]
                            (input port)
  Destination:            source_bank/metadata_in_hold_reg[18]/D
                            (rising edge-triggered cell FDRE clocked by source_100  {rise@0.000ns fall@5.000ns period=10.000ns})
  Path Group:             (none)
  Path Type:              Hold (Min at Fast Process Corner)
  Data Path Delay:        0.410ns  (logic 0.000ns (0.000%)  route 0.410ns (100.000%))
  Logic Levels:           0  
  Clock Path Skew:        0.432ns (DCD - SCD - CPR)
    Destination Clock Delay (DCD):    0.432ns
    Source Clock Delay      (SCD):    0.000ns
    Clock Pessimism Removal (CPR):    -0.000ns

    Location             Delay type                Incr(ns)  Path(ns)    Netlist Resource(s)
  -------------------------------------------------------------------    -------------------
                                                      0.000     0.000 r  input_block_start[13] (IN)
                         net (fo=1, unset)            0.410     0.410    source_bank/input_block_start[13]
    SLICE_X15Y4          FDRE                                         r  source_bank/metadata_in_hold_reg[18]/D
  -------------------------------------------------------------------    -------------------

                         (clock source_100 rise edge)
                                                      0.000     0.000 r  
                                                      0.000     0.000 r  clk (IN)
                         net (fo=205, unset)          0.432     0.432    source_bank/clk
    SLICE_X15Y4          FDRE                                         r  source_bank/metadata_in_hold_reg[18]/C

Slack:                    inf
  Source:                 input_block_start[14]
                            (input port)
  Destination:            source_bank/metadata_in_hold_reg[19]/D
                            (rising edge-triggered cell FDRE clocked by source_100  {rise@0.000ns fall@5.000ns period=10.000ns})
  Path Group:             (none)
  Path Type:              Hold (Min at Fast Process Corner)
  Data Path Delay:        0.410ns  (logic 0.000ns (0.000%)  route 0.410ns (100.000%))
  Logic Levels:           0  
  Clock Path Skew:        0.432ns (DCD - SCD - CPR)
    Destination Clock Delay (DCD):    0.432ns
    Source Clock Delay      (SCD):    0.000ns
    Clock Pessimism Removal (CPR):    -0.000ns

    Location             Delay type                Incr(ns)  Path(ns)    Netlist Resource(s)
  -------------------------------------------------------------------    -------------------
                                                      0.000     0.000 r  input_block_start[14] (IN)
                         net (fo=1, unset)            0.410     0.410    source_bank/input_block_start[14]
    SLICE_X13Y7          FDRE                                         r  source_bank/metadata_in_hold_reg[19]/D
  -------------------------------------------------------------------    -------------------

                         (clock source_100 rise edge)
                                                      0.000     0.000 r  
                                                      0.000     0.000 r  clk (IN)
                         net (fo=205, unset)          0.432     0.432    source_bank/clk
    SLICE_X13Y7          FDRE                                         r  source_bank/metadata_in_hold_reg[19]/C

Slack:                    inf
  Source:                 input_block_start[15]
                            (input port)
  Destination:            source_bank/metadata_in_hold_reg[20]/D
                            (rising edge-triggered cell FDRE clocked by source_100  {rise@0.000ns fall@5.000ns period=10.000ns})
  Path Group:             (none)
  Path Type:              Hold (Min at Fast Process Corner)
  Data Path Delay:        0.410ns  (logic 0.000ns (0.000%)  route 0.410ns (100.000%))
  Logic Levels:           0  
  Clock Path Skew:        0.432ns (DCD - SCD - CPR)
    Destination Clock Delay (DCD):    0.432ns
    Source Clock Delay      (SCD):    0.000ns
    Clock Pessimism Removal (CPR):    -0.000ns

    Location             Delay type                Incr(ns)  Path(ns)    Netlist Resource(s)
  -------------------------------------------------------------------    -------------------
                                                      0.000     0.000 r  input_block_start[15] (IN)
                         net (fo=1, unset)            0.410     0.410    source_bank/input_block_start[15]
    SLICE_X14Y9          FDRE                                         r  source_bank/metadata_in_hold_reg[20]/D
  -------------------------------------------------------------------    -------------------

                         (clock source_100 rise edge)
                                                      0.000     0.000 r  
                                                      0.000     0.000 r  clk (IN)
                         net (fo=205, unset)          0.432     0.432    source_bank/clk
    SLICE_X14Y9          FDRE                                         r  source_bank/metadata_in_hold_reg[20]/C

Slack:                    inf
  Source:                 input_block_start[16]
                            (input port)
  Destination:            source_bank/metadata_in_hold_reg[21]/D
                            (rising edge-triggered cell FDRE clocked by source_100  {rise@0.000ns fall@5.000ns period=10.000ns})
  Path Group:             (none)
  Path Type:              Hold (Min at Fast Process Corner)
  Data Path Delay:        0.410ns  (logic 0.000ns (0.000%)  route 0.410ns (100.000%))
  Logic Levels:           0  
  Clock Path Skew:        0.432ns (DCD - SCD - CPR)
    Destination Clock Delay (DCD):    0.432ns
    Source Clock Delay      (SCD):    0.000ns
    Clock Pessimism Removal (CPR):    -0.000ns

    Location             Delay type                Incr(ns)  Path(ns)    Netlist Resource(s)
  -------------------------------------------------------------------    -------------------
                                                      0.000     0.000 r  input_block_start[16] (IN)
                         net (fo=1, unset)            0.410     0.410    source_bank/input_block_start[16]
    SLICE_X13Y7          FDRE                                         r  source_bank/metadata_in_hold_reg[21]/D
  -------------------------------------------------------------------    -------------------

                         (clock source_100 rise edge)
                                                      0.000     0.000 r  
                                                      0.000     0.000 r  clk (IN)
                         net (fo=205, unset)          0.432     0.432    source_bank/clk
    SLICE_X13Y7          FDRE                                         r  source_bank/metadata_in_hold_reg[21]/C

Slack:                    inf
  Source:                 input_block_start[17]
                            (input port)
  Destination:            source_bank/metadata_in_hold_reg[22]/D
                            (rising edge-triggered cell FDRE clocked by source_100  {rise@0.000ns fall@5.000ns period=10.000ns})
  Path Group:             (none)
  Path Type:              Hold (Min at Fast Process Corner)
  Data Path Delay:        0.410ns  (logic 0.000ns (0.000%)  route 0.410ns (100.000%))
  Logic Levels:           0  
  Clock Path Skew:        0.432ns (DCD - SCD - CPR)
    Destination Clock Delay (DCD):    0.432ns
    Source Clock Delay      (SCD):    0.000ns
    Clock Pessimism Removal (CPR):    -0.000ns

    Location             Delay type                Incr(ns)  Path(ns)    Netlist Resource(s)
  -------------------------------------------------------------------    -------------------
                                                      0.000     0.000 r  input_block_start[17] (IN)
                         net (fo=1, unset)            0.410     0.410    source_bank/input_block_start[17]
    SLICE_X13Y9          FDRE                                         r  source_bank/metadata_in_hold_reg[22]/D
  -------------------------------------------------------------------    -------------------

                         (clock source_100 rise edge)
                                                      0.000     0.000 r  
                                                      0.000     0.000 r  clk (IN)
                         net (fo=205, unset)          0.432     0.432    source_bank/clk
    SLICE_X13Y9          FDRE                                         r  source_bank/metadata_in_hold_reg[22]/C

Slack:                    inf
  Source:                 input_block_start[18]
                            (input port)
  Destination:            source_bank/metadata_in_hold_reg[23]/D
                            (rising edge-triggered cell FDRE clocked by source_100  {rise@0.000ns fall@5.000ns period=10.000ns})
  Path Group:             (none)
  Path Type:              Hold (Min at Fast Process Corner)
  Data Path Delay:        0.410ns  (logic 0.000ns (0.000%)  route 0.410ns (100.000%))
  Logic Levels:           0  
  Clock Path Skew:        0.432ns (DCD - SCD - CPR)
    Destination Clock Delay (DCD):    0.432ns
    Source Clock Delay      (SCD):    0.000ns
    Clock Pessimism Removal (CPR):    -0.000ns

    Location             Delay type                Incr(ns)  Path(ns)    Netlist Resource(s)
  -------------------------------------------------------------------    -------------------
                                                      0.000     0.000 r  input_block_start[18] (IN)
                         net (fo=1, unset)            0.410     0.410    source_bank/input_block_start[18]
    SLICE_X12Y9          FDRE                                         r  source_bank/metadata_in_hold_reg[23]/D
  -------------------------------------------------------------------    -------------------

                         (clock source_100 rise edge)
                                                      0.000     0.000 r  
                                                      0.000     0.000 r  clk (IN)
                         net (fo=205, unset)          0.432     0.432    source_bank/clk
    SLICE_X12Y9          FDRE                                         r  source_bank/metadata_in_hold_reg[23]/C

Slack:                    inf
  Source:                 input_block_start[19]
                            (input port)
  Destination:            source_bank/metadata_in_hold_reg[24]/D
                            (rising edge-triggered cell FDRE clocked by source_100  {rise@0.000ns fall@5.000ns period=10.000ns})
  Path Group:             (none)
  Path Type:              Hold (Min at Fast Process Corner)
  Data Path Delay:        0.410ns  (logic 0.000ns (0.000%)  route 0.410ns (100.000%))
  Logic Levels:           0  
  Clock Path Skew:        0.432ns (DCD - SCD - CPR)
    Destination Clock Delay (DCD):    0.432ns
    Source Clock Delay      (SCD):    0.000ns
    Clock Pessimism Removal (CPR):    -0.000ns

    Location             Delay type                Incr(ns)  Path(ns)    Netlist Resource(s)
  -------------------------------------------------------------------    -------------------
                                                      0.000     0.000 r  input_block_start[19] (IN)
                         net (fo=1, unset)            0.410     0.410    source_bank/input_block_start[19]
    SLICE_X13Y8          FDRE                                         r  source_bank/metadata_in_hold_reg[24]/D
  -------------------------------------------------------------------    -------------------

                         (clock source_100 rise edge)
                                                      0.000     0.000 r  
                                                      0.000     0.000 r  clk (IN)
                         net (fo=205, unset)          0.432     0.432    source_bank/clk
    SLICE_X13Y8          FDRE                                         r  source_bank/metadata_in_hold_reg[24]/C

Slack:                    inf
  Source:                 input_block_start[20]
                            (input port)
  Destination:            source_bank/metadata_in_hold_reg[25]/D
                            (rising edge-triggered cell FDRE clocked by source_100  {rise@0.000ns fall@5.000ns period=10.000ns})
  Path Group:             (none)
  Path Type:              Hold (Min at Fast Process Corner)
  Data Path Delay:        0.410ns  (logic 0.000ns (0.000%)  route 0.410ns (100.000%))
  Logic Levels:           0  
  Clock Path Skew:        0.432ns (DCD - SCD - CPR)
    Destination Clock Delay (DCD):    0.432ns
    Source Clock Delay      (SCD):    0.000ns
    Clock Pessimism Removal (CPR):    -0.000ns

    Location             Delay type                Incr(ns)  Path(ns)    Netlist Resource(s)
  -------------------------------------------------------------------    -------------------
                                                      0.000     0.000 r  input_block_start[20] (IN)
                         net (fo=1, unset)            0.410     0.410    source_bank/input_block_start[20]
    SLICE_X13Y8          FDRE                                         r  source_bank/metadata_in_hold_reg[25]/D
  -------------------------------------------------------------------    -------------------

                         (clock source_100 rise edge)
                                                      0.000     0.000 r  
                                                      0.000     0.000 r  clk (IN)
                         net (fo=205, unset)          0.432     0.432    source_bank/clk
    SLICE_X13Y8          FDRE                                         r  source_bank/metadata_in_hold_reg[25]/C

Slack:                    inf
  Source:                 input_block_start[21]
                            (input port)
  Destination:            source_bank/metadata_in_hold_reg[26]/D
                            (rising edge-triggered cell FDRE clocked by source_100  {rise@0.000ns fall@5.000ns period=10.000ns})
  Path Group:             (none)
  Path Type:              Hold (Min at Fast Process Corner)
  Data Path Delay:        0.410ns  (logic 0.000ns (0.000%)  route 0.410ns (100.000%))
  Logic Levels:           0  
  Clock Path Skew:        0.432ns (DCD - SCD - CPR)
    Destination Clock Delay (DCD):    0.432ns
    Source Clock Delay      (SCD):    0.000ns
    Clock Pessimism Removal (CPR):    -0.000ns

    Location             Delay type                Incr(ns)  Path(ns)    Netlist Resource(s)
  -------------------------------------------------------------------    -------------------
                                                      0.000     0.000 r  input_block_start[21] (IN)
                         net (fo=1, unset)            0.410     0.410    source_bank/input_block_start[21]
    SLICE_X13Y8          FDRE                                         r  source_bank/metadata_in_hold_reg[26]/D
  -------------------------------------------------------------------    -------------------

                         (clock source_100 rise edge)
                                                      0.000     0.000 r  
                                                      0.000     0.000 r  clk (IN)
                         net (fo=205, unset)          0.432     0.432    source_bank/clk
    SLICE_X13Y8          FDRE                                         r  source_bank/metadata_in_hold_reg[26]/C

Slack:                    inf
  Source:                 input_block_start[22]
                            (input port)
  Destination:            source_bank/metadata_in_hold_reg[27]/D
                            (rising edge-triggered cell FDRE clocked by source_100  {rise@0.000ns fall@5.000ns period=10.000ns})
  Path Group:             (none)
  Path Type:              Hold (Min at Fast Process Corner)
  Data Path Delay:        0.410ns  (logic 0.000ns (0.000%)  route 0.410ns (100.000%))
  Logic Levels:           0  
  Clock Path Skew:        0.432ns (DCD - SCD - CPR)
    Destination Clock Delay (DCD):    0.432ns
    Source Clock Delay      (SCD):    0.000ns
    Clock Pessimism Removal (CPR):    -0.000ns

    Location             Delay type                Incr(ns)  Path(ns)    Netlist Resource(s)
  -------------------------------------------------------------------    -------------------
                                                      0.000     0.000 r  input_block_start[22] (IN)
                         net (fo=1, unset)            0.410     0.410    source_bank/input_block_start[22]
    SLICE_X13Y7          FDRE                                         r  source_bank/metadata_in_hold_reg[27]/D
  -------------------------------------------------------------------    -------------------

                         (clock source_100 rise edge)
                                                      0.000     0.000 r  
                                                      0.000     0.000 r  clk (IN)
                         net (fo=205, unset)          0.432     0.432    source_bank/clk
    SLICE_X13Y7          FDRE                                         r  source_bank/metadata_in_hold_reg[27]/C

Slack:                    inf
  Source:                 input_block_start[23]
                            (input port)
  Destination:            source_bank/metadata_in_hold_reg[28]/D
                            (rising edge-triggered cell FDRE clocked by source_100  {rise@0.000ns fall@5.000ns period=10.000ns})
  Path Group:             (none)
  Path Type:              Hold (Min at Fast Process Corner)
  Data Path Delay:        0.410ns  (logic 0.000ns (0.000%)  route 0.410ns (100.000%))
  Logic Levels:           0  
  Clock Path Skew:        0.432ns (DCD - SCD - CPR)
    Destination Clock Delay (DCD):    0.432ns
    Source Clock Delay      (SCD):    0.000ns
    Clock Pessimism Removal (CPR):    -0.000ns

    Location             Delay type                Incr(ns)  Path(ns)    Netlist Resource(s)
  -------------------------------------------------------------------    -------------------
                                                      0.000     0.000 r  input_block_start[23] (IN)
                         net (fo=1, unset)            0.410     0.410    source_bank/input_block_start[23]
    SLICE_X13Y9          FDRE                                         r  source_bank/metadata_in_hold_reg[28]/D
  -------------------------------------------------------------------    -------------------

                         (clock source_100 rise edge)
                                                      0.000     0.000 r  
                                                      0.000     0.000 r  clk (IN)
                         net (fo=205, unset)          0.432     0.432    source_bank/clk
    SLICE_X13Y9          FDRE                                         r  source_bank/metadata_in_hold_reg[28]/C

Slack:                    inf
  Source:                 input_block_start[24]
                            (input port)
  Destination:            source_bank/metadata_in_hold_reg[29]/D
                            (rising edge-triggered cell FDRE clocked by source_100  {rise@0.000ns fall@5.000ns period=10.000ns})
  Path Group:             (none)
  Path Type:              Hold (Min at Fast Process Corner)
  Data Path Delay:        0.410ns  (logic 0.000ns (0.000%)  route 0.410ns (100.000%))
  Logic Levels:           0  
  Clock Path Skew:        0.432ns (DCD - SCD - CPR)
    Destination Clock Delay (DCD):    0.432ns
    Source Clock Delay      (SCD):    0.000ns
    Clock Pessimism Removal (CPR):    -0.000ns

    Location             Delay type                Incr(ns)  Path(ns)    Netlist Resource(s)
  -------------------------------------------------------------------    -------------------
                                                      0.000     0.000 r  input_block_start[24] (IN)
                         net (fo=1, unset)            0.410     0.410    source_bank/input_block_start[24]
    SLICE_X13Y7          FDRE                                         r  source_bank/metadata_in_hold_reg[29]/D
  -------------------------------------------------------------------    -------------------

                         (clock source_100 rise edge)
                                                      0.000     0.000 r  
                                                      0.000     0.000 r  clk (IN)
                         net (fo=205, unset)          0.432     0.432    source_bank/clk
    SLICE_X13Y7          FDRE                                         r  source_bank/metadata_in_hold_reg[29]/C





