
****** Vivado v2022.2 (64-bit)
  **** SW Build 3671981 on Fri Oct 14 04:59:54 MDT 2022
  **** IP Build 3669848 on Fri Oct 14 08:30:02 MDT 2022
    ** Copyright 1986-2022 Xilinx, Inc. All Rights Reserved.

source /home/mouse9911/gits/starlink-build-recovery-20260910.vHzUVnBz/checked-product-physical-prepared-v2/route_completed_input_fence.tcl -notrace
Command: open_checkpoint /home/mouse9911/gits/starlink-build-recovery-20260910.vHzUVnBz/checked-synthesis-parent.q1cr3TZZ/run/synthesis/fft_bank_owned_synth.dcp

Starting open_checkpoint Task

Time (s): cpu = 00:00:00.02 ; elapsed = 00:00:00.02 . Memory (MB): peak = 1322.152 ; gain = 0.000 ; free physical = 3278 ; free virtual = 124360
INFO: [Device 21-403] Loading part xc7z010clg400-1
Netlist sorting complete. Time (s): cpu = 00:00:00.03 ; elapsed = 00:00:00.04 . Memory (MB): peak = 1555.586 ; gain = 0.000 ; free physical = 2888 ; free virtual = 123970
INFO: [Netlist 29-17] Analyzing 212 Unisim elements for replacement
INFO: [Netlist 29-28] Unisim Transformation completed in 0 CPU seconds
INFO: [Project 1-479] Netlist was created with Vivado 2022.2
INFO: [Project 1-570] Preparing netlist for logic optimization
INFO: [Timing 38-478] Restoring timing data from binary archive.
INFO: [Timing 38-479] Binary timing data restore complete.
INFO: [Project 1-856] Restoring constraints from binary archive.
INFO: [Project 1-853] Binary constraint restore complete.
Netlist sorting complete. Time (s): cpu = 00:00:00 ; elapsed = 00:00:00 . Memory (MB): peak = 2132.789 ; gain = 0.000 ; free physical = 2374 ; free virtual = 123456
INFO: [Project 1-111] Unisim Transformation Summary:
No Unisim elements were transformed.

INFO: [Project 1-604] Checkpoint was created with Vivado v2022.2 (64-bit) build 3671981
OpenCheckpoint Checksum | Checksum: 933f4dec
----- Checksum: PlaceDB: 00000000 ShapeSum: 933f4dec RouteDB: 00000000 
open_checkpoint: Time (s): cpu = 00:00:07 ; elapsed = 00:00:07 . Memory (MB): peak = 2132.789 ; gain = 931.605 ; free physical = 2374 ; free virtual = 123456
Command: opt_design
Attempting to get a license for feature 'Implementation' and/or device 'xc7z010'
INFO: [Common 17-349] Got license for feature 'Implementation' and/or device 'xc7z010'
Running DRC as a precondition to command opt_design

Starting DRC Task
INFO: [DRC 23-27] Running DRC with 2 threads
INFO: [Project 1-461] DRC finished with 0 Errors
INFO: [Project 1-462] Please refer to the DRC report (report_drc) for more information.

Time (s): cpu = 00:00:00.55 ; elapsed = 00:00:00.37 . Memory (MB): peak = 2180.484 ; gain = 41.758 ; free physical = 2375 ; free virtual = 123457

Starting Cache Timing Information Task
Ending Cache Timing Information Task | Checksum: ce73ddf3

Time (s): cpu = 00:00:00 ; elapsed = 00:00:00 . Memory (MB): peak = 2180.484 ; gain = 0.000 ; free physical = 2375 ; free virtual = 123457

Starting Logic Optimization Task

Phase 1 Retarget
INFO: [Opt 31-1287] Pulled Inverter checked_product_bank.adapter/bank/staged.check_bad[1]_i_1 into driver instance checked_product_bank.adapter/bank/staged.payload_memory_reg_i_5, which resulted in an inversion of 7 pins
INFO: [Opt 31-1287] Pulled Inverter shared_xfft/U0/i_synth/axi_wrapper/data_out_channel/gen_real_time.data_out[36]_i_1 into driver instance checked_product_bank.adapter/bank/shared_xfft_i_1, which resulted in an inversion of 10 pins
INFO: [Opt 31-1287] Pulled Inverter shared_xfft/U0/i_synth/xfft_inst/non_floating_point.arch_b.xfft_inst/control/control/xn_index_counter/cnt_async/i_baseblox.i_baseblox_addsub/no_pipelining.the_addsub/i_lut6.i_lut6_addsub/i_simple_model.carryxor0_i_1 into driver instance shared_xfft/U0/i_synth/xfft_inst/non_floating_point.arch_b.xfft_inst/control/control/xn_index_counter/cnt_async_i_9, which resulted in an inversion of 1 pins
INFO: [Opt 31-1287] Pulled Inverter shared_xfft/U0/i_synth/xfft_inst/non_floating_point.arch_b.xfft_inst/control/control/nat_out_xk_index.no_cyclic_prefix.xk_index_counter/cnt_async/i_baseblox.i_baseblox_addsub/no_pipelining.the_addsub/i_lut6.i_lut6_addsub/i_simple_model.carryxor0_i_1 into driver instance shared_xfft/U0/i_synth/xfft_inst/non_floating_point.arch_b.xfft_inst/control/control/nat_out_xk_index.no_cyclic_prefix.xk_index_counter/cnt_async_i_9__0, which resulted in an inversion of 1 pins
INFO: [Opt 31-1287] Pulled Inverter shared_xfft/U0/i_synth/xfft_inst/non_floating_point.arch_b.xfft_inst/control/control/pe_cnt/cnt_async/i_baseblox.i_baseblox_addsub/no_pipelining.the_addsub/i_lut6.i_lut6_addsub/i_simple_model.carryxor0_i_1 into driver instance shared_xfft/U0/i_synth/xfft_inst/non_floating_point.arch_b.xfft_inst/control/control/pe_cnt/cnt_async_i_5__2, which resulted in an inversion of 1 pins
INFO: [Opt 31-1287] Pulled Inverter shared_xfft/U0/i_synth/xfft_inst/non_floating_point.arch_b.xfft_inst/control/control/rank_0_cnt/cnt_async/i_baseblox.i_baseblox_addsub/no_pipelining.the_addsub/i_lut6.i_lut6_addsub/i_simple_model.carryxor0_i_1 into driver instance shared_xfft/U0/i_synth/xfft_inst/non_floating_point.arch_b.xfft_inst/control/control/rank_0_cnt/cnt_async_i_3__3, which resulted in an inversion of 1 pins
INFO: [Opt 31-1287] Pulled Inverter shared_xfft/U0/i_synth/xfft_inst/non_floating_point.arch_b.xfft_inst/control/control/rn_0_cnt/cnt_async/i_baseblox.i_baseblox_addsub/no_pipelining.the_addsub/i_lut6.i_lut6_addsub/i_simple_model.carryxor0_i_1 into driver instance shared_xfft/U0/i_synth/xfft_inst/non_floating_point.arch_b.xfft_inst/control/control/rn_0_cnt/cnt_async_i_7__1, which resulted in an inversion of 1 pins
INFO: [Opt 31-1287] Pulled Inverter shared_xfft/U0/i_synth/xfft_inst/non_floating_point.arch_b.xfft_inst/control/processing_address_generator/u2_bypass/use_lut6_2.gen_full_lut6_2s[0].mlut1_i_2 into driver instance shared_xfft/U0/i_synth/xfft_inst/non_floating_point.arch_b.xfft_inst/control/processing_address_generator/u2_bypass/use_lut6_2.gen_full_lut6_2s[0].mlut1_i_1, which resulted in an inversion of 3 pins
INFO: [Opt 31-1287] Pulled Inverter i_1462 into driver instance checked_product_bank.adapter/bank/payload_memory_reg_i_5, which resulted in an inversion of 29 pins
INFO: [Opt 31-1287] Pulled Inverter output_bank/output_last_INST_0 into driver instance output_bank/output_last_INST_0_i_1, which resulted in an inversion of 2 pins
INFO: [Opt 31-1287] Pulled Inverter output_bank/write_position[8]_i_1 into driver instance output_bank/input_ready_INST_0_i_1, which resulted in an inversion of 9 pins
INFO: [Opt 31-1287] Pulled Inverter registered_scheduling.preparation_age[5]_i_1 into driver instance result_guard/registered_scheduling.preparation_age[5]_i_3, which resulted in an inversion of 7 pins
INFO: [Opt 31-138] Pushed 11 inverter(s) to 14 load pin(s).
INFO: [Opt 31-49] Retargeted 0 cell(s).
Phase 1 Retarget | Checksum: 147f93086

Time (s): cpu = 00:00:00.2 ; elapsed = 00:00:00.16 . Memory (MB): peak = 2433.438 ; gain = 0.000 ; free physical = 2129 ; free virtual = 123211
INFO: [Opt 31-389] Phase Retarget created 79 cells and removed 138 cells

Phase 2 Constant propagation
INFO: [Opt 31-138] Pushed 0 inverter(s) to 0 load pin(s).
Phase 2 Constant propagation | Checksum: 140cd0233

Time (s): cpu = 00:00:00.22 ; elapsed = 00:00:00.17 . Memory (MB): peak = 2433.438 ; gain = 0.000 ; free physical = 2129 ; free virtual = 123211
INFO: [Opt 31-389] Phase Constant propagation created 2 cells and removed 8 cells

Phase 3 Sweep
Phase 3 Sweep | Checksum: 13ce21b57

Time (s): cpu = 00:00:00.26 ; elapsed = 00:00:00.22 . Memory (MB): peak = 2433.438 ; gain = 0.000 ; free physical = 2129 ; free virtual = 123211
INFO: [Opt 31-389] Phase Sweep created 0 cells and removed 4 cells

Phase 4 BUFG optimization
Phase 4 BUFG optimization | Checksum: 13ce21b57

Time (s): cpu = 00:00:00.28 ; elapsed = 00:00:00.24 . Memory (MB): peak = 2457.449 ; gain = 24.012 ; free physical = 2129 ; free virtual = 123211
INFO: [Opt 31-662] Phase BUFG optimization created 0 cells of which 0 are BUFGs and removed 0 cells.

Phase 5 Shift Register Optimization
INFO: [Opt 31-1064] SRL Remap converted 0 SRLs to 0 registers and converted 0 registers of register chains to 0 SRLs
Phase 5 Shift Register Optimization | Checksum: 11e9ad45b

Time (s): cpu = 00:00:00.29 ; elapsed = 00:00:00.25 . Memory (MB): peak = 2457.449 ; gain = 24.012 ; free physical = 2129 ; free virtual = 123211
INFO: [Opt 31-389] Phase Shift Register Optimization created 1 cells and removed 0 cells

Phase 6 Post Processing Netlist
Phase 6 Post Processing Netlist | Checksum: 11e9ad45b

Time (s): cpu = 00:00:00.3 ; elapsed = 00:00:00.26 . Memory (MB): peak = 2457.449 ; gain = 24.012 ; free physical = 2130 ; free virtual = 123211
INFO: [Opt 31-389] Phase Post Processing Netlist created 0 cells and removed 0 cells
Opt_design Change Summary
=========================


-------------------------------------------------------------------------------------------------------------------------
|  Phase                        |  #Cells created  |  #Cells Removed  |  #Constrained objects preventing optimizations  |
-------------------------------------------------------------------------------------------------------------------------
|  Retarget                     |              79  |             138  |                                              0  |
|  Constant propagation         |               2  |               8  |                                              0  |
|  Sweep                        |               0  |               4  |                                              0  |
|  BUFG optimization            |               0  |               0  |                                              0  |
|  Shift Register Optimization  |               1  |               0  |                                              0  |
|  Post Processing Netlist      |               0  |               0  |                                              0  |
-------------------------------------------------------------------------------------------------------------------------



Starting Connectivity Check Task

Time (s): cpu = 00:00:00.01 ; elapsed = 00:00:00 . Memory (MB): peak = 2457.449 ; gain = 0.000 ; free physical = 2130 ; free virtual = 123211
Ending Logic Optimization Task | Checksum: 15c3f8f12

Time (s): cpu = 00:00:00.35 ; elapsed = 00:00:00.3 . Memory (MB): peak = 2457.449 ; gain = 24.012 ; free physical = 2130 ; free virtual = 123211

Starting Power Optimization Task
INFO: [Pwropt 34-132] Skipping clock gating for clocks with a period < 2.00 ns.
INFO: [Timing 38-35] Done setting XDC timing constraints.
INFO: [Pwropt 34-9] Applying IDT optimizations ...
INFO: [Pwropt 34-10] Applying ODC optimizations ...
Running Vector-less Activity Propagation...

Finished Running Vector-less Activity Propagation


Starting PowerOpt Patch Enables Task
INFO: [Pwropt 34-162] WRITE_MODE attribute of 0 BRAM(s) out of a total of 15 has been updated to save power. Run report_power_opt to get a complete listing of the BRAMs updated.
INFO: [Pwropt 34-201] Structural ODC has moved 0 WE to EN ports
Number of BRAM Ports augmented: 6 newly gated: 12 Total Ports: 30
Number of Flops added for Enable Generation: 2

Ending PowerOpt Patch Enables Task | Checksum: c25cf9d6

Time (s): cpu = 00:00:00.03 ; elapsed = 00:00:00.02 . Memory (MB): peak = 2615.328 ; gain = 0.000 ; free physical = 2085 ; free virtual = 123167
Ending Power Optimization Task | Checksum: c25cf9d6

Time (s): cpu = 00:00:01 ; elapsed = 00:00:00.78 . Memory (MB): peak = 2615.328 ; gain = 157.879 ; free physical = 2097 ; free virtual = 123179

Starting Final Cleanup Task

Starting Logic Optimization Task
INFO: [Timing 38-35] Done setting XDC timing constraints.
Ending Logic Optimization Task | Checksum: 59febbd1

Time (s): cpu = 00:00:00.4 ; elapsed = 00:00:00.29 . Memory (MB): peak = 2615.328 ; gain = 0.000 ; free physical = 1904 ; free virtual = 122986
Ending Final Cleanup Task | Checksum: 59febbd1

Time (s): cpu = 00:00:02 ; elapsed = 00:00:01 . Memory (MB): peak = 2615.328 ; gain = 0.000 ; free physical = 1903 ; free virtual = 122985

Starting Netlist Obfuscation Task
Netlist sorting complete. Time (s): cpu = 00:00:00.01 ; elapsed = 00:00:00 . Memory (MB): peak = 2615.328 ; gain = 0.000 ; free physical = 1897 ; free virtual = 122979
Ending Netlist Obfuscation Task | Checksum: 59febbd1

Time (s): cpu = 00:00:00.01 ; elapsed = 00:00:00 . Memory (MB): peak = 2615.328 ; gain = 0.000 ; free physical = 1892 ; free virtual = 122974
INFO: [Common 17-83] Releasing license: Implementation
45 Infos, 0 Warnings, 0 Critical Warnings and 0 Errors encountered.
opt_design completed successfully
INFO: [Common 17-600] The following parameters have non-default value.
general.maxThreads
Command: place_design
Attempting to get a license for feature 'Implementation' and/or device 'xc7z010'
INFO: [Common 17-349] Got license for feature 'Implementation' and/or device 'xc7z010'
INFO: [DRC 23-27] Running DRC with 2 threads
INFO: [Vivado_Tcl 4-198] DRC finished with 0 Errors
INFO: [Vivado_Tcl 4-199] Please refer to the DRC report (report_drc) for more information.
Running DRC as a precondition to command place_design
INFO: [DRC 23-27] Running DRC with 2 threads
INFO: [Vivado_Tcl 4-198] DRC finished with 0 Errors, 21 Warnings
INFO: [Vivado_Tcl 4-199] Please refer to the DRC report (report_drc) for more information.

Starting Placer Task
INFO: [Place 30-611] Multithreading enabled for place_design using a maximum of 2 CPUs

Phase 1 Placer Initialization

Phase 1.1 Placer Initialization Netlist Sorting
Netlist sorting complete. Time (s): cpu = 00:00:00 ; elapsed = 00:00:00 . Memory (MB): peak = 2615.328 ; gain = 0.000 ; free physical = 1825 ; free virtual = 122907
Phase 1.1 Placer Initialization Netlist Sorting | Checksum: 2bc1e34f

Time (s): cpu = 00:00:00 ; elapsed = 00:00:00.01 . Memory (MB): peak = 2615.328 ; gain = 0.000 ; free physical = 1825 ; free virtual = 122907
Netlist sorting complete. Time (s): cpu = 00:00:00 ; elapsed = 00:00:00 . Memory (MB): peak = 2615.328 ; gain = 0.000 ; free physical = 1825 ; free virtual = 122907

Phase 1.2 IO Placement/ Clock Placement/ Build Placer Device
INFO: [Timing 38-35] Done setting XDC timing constraints.
Phase 1.2 IO Placement/ Clock Placement/ Build Placer Device | Checksum: 18a19822

Time (s): cpu = 00:00:00.48 ; elapsed = 00:00:00.43 . Memory (MB): peak = 2615.328 ; gain = 0.000 ; free physical = 1736 ; free virtual = 122817

Phase 1.3 Build Placer Netlist Model
Phase 1.3 Build Placer Netlist Model | Checksum: dba26e7f

Time (s): cpu = 00:00:01 ; elapsed = 00:00:00.95 . Memory (MB): peak = 2615.328 ; gain = 0.000 ; free physical = 1705 ; free virtual = 122787

Phase 1.4 Constrain Clocks/Macros
Phase 1.4 Constrain Clocks/Macros | Checksum: dba26e7f

Time (s): cpu = 00:00:01 ; elapsed = 00:00:00.96 . Memory (MB): peak = 2615.328 ; gain = 0.000 ; free physical = 1705 ; free virtual = 122787
Phase 1 Placer Initialization | Checksum: dba26e7f

Time (s): cpu = 00:00:01 ; elapsed = 00:00:00.97 . Memory (MB): peak = 2615.328 ; gain = 0.000 ; free physical = 1705 ; free virtual = 122787

Phase 2 Global Placement

Phase 2.1 Floorplanning
Phase 2.1 Floorplanning | Checksum: 10494d1cf

Time (s): cpu = 00:00:01 ; elapsed = 00:00:01 . Memory (MB): peak = 2615.328 ; gain = 0.000 ; free physical = 1705 ; free virtual = 122787

Phase 2.2 Update Timing before SLR Path Opt
Phase 2.2 Update Timing before SLR Path Opt | Checksum: 71e06e9d

Time (s): cpu = 00:00:02 ; elapsed = 00:00:01 . Memory (MB): peak = 2615.328 ; gain = 0.000 ; free physical = 1704 ; free virtual = 122786

Phase 2.3 Post-Processing in Floorplanning
Phase 2.3 Post-Processing in Floorplanning | Checksum: 71e06e9d

Time (s): cpu = 00:00:02 ; elapsed = 00:00:01 . Memory (MB): peak = 2615.328 ; gain = 0.000 ; free physical = 1704 ; free virtual = 122786

Phase 2.4 Global Placement Core

Phase 2.4.1 UpdateTiming Before Physical Synthesis
Phase 2.4.1 UpdateTiming Before Physical Synthesis | Checksum: 15e2e09db

Time (s): cpu = 00:00:05 ; elapsed = 00:00:03 . Memory (MB): peak = 2615.328 ; gain = 0.000 ; free physical = 1712 ; free virtual = 122794

Phase 2.4.2 Physical Synthesis In Placer
INFO: [Physopt 32-1035] Found 97 LUTNM shape to break, 38 LUT instances to create LUTNM shape
INFO: [Physopt 32-1044] Break lutnm for timing: one critical 19, two critical 78, total 97, new lutff created 3
INFO: [Physopt 32-1138] End 1 Pass. Optimized 111 nets or LUTs. Breaked 97 LUTs, combined 14 existing LUTs and moved 0 existing LUT
INFO: [Physopt 32-65] No nets found for high-fanout optimization.
INFO: [Physopt 32-232] Optimized 0 net. Created 0 new instance.
INFO: [Physopt 32-775] End 1 Pass. Optimized 0 net or cell. Created 0 new cell, deleted 0 existing cell and moved 0 existing cell
INFO: [Physopt 32-456] No candidate cells for DSP register optimization found in the design.
INFO: [Physopt 32-775] End 2 Pass. Optimized 0 net or cell. Created 0 new cell, deleted 0 existing cell and moved 0 existing cell
INFO: [Physopt 32-1123] No candidate cells found for Shift Register to Pipeline optimization
INFO: [Physopt 32-775] End 2 Pass. Optimized 0 net or cell. Created 0 new cell, deleted 0 existing cell and moved 0 existing cell
INFO: [Physopt 32-677] No candidate cells for Shift Register optimization found in the design
INFO: [Physopt 32-775] End 1 Pass. Optimized 0 net or cell. Created 0 new cell, deleted 0 existing cell and moved 0 existing cell
INFO: [Physopt 32-526] No candidate cells for BRAM register optimization found in the design
INFO: [Physopt 32-775] End 1 Pass. Optimized 0 net or cell. Created 0 new cell, deleted 0 existing cell and moved 0 existing cell
INFO: [Physopt 32-846] No candidate cells for URAM register optimization found in the design
INFO: [Physopt 32-775] End 2 Pass. Optimized 0 net or cell. Created 0 new cell, deleted 0 existing cell and moved 0 existing cell
INFO: [Physopt 32-949] No candidate nets found for dynamic/static region interface net replication
INFO: [Physopt 32-775] End 1 Pass. Optimized 0 net or cell. Created 0 new cell, deleted 0 existing cell and moved 0 existing cell
Netlist sorting complete. Time (s): cpu = 00:00:00 ; elapsed = 00:00:00 . Memory (MB): peak = 2615.328 ; gain = 0.000 ; free physical = 1712 ; free virtual = 122794

Summary of Physical Synthesis Optimizations
============================================


-----------------------------------------------------------------------------------------------------------------------------------------------------------
|  Optimization                                     |  Added Cells  |  Removed Cells  |  Optimized Cells/Nets  |  Dont Touch  |  Iterations  |  Elapsed   |
-----------------------------------------------------------------------------------------------------------------------------------------------------------
|  LUT Combining                                    |           97  |             14  |                   111  |           0  |           1  |  00:00:00  |
|  Retime                                           |            0  |              0  |                     0  |           0  |           1  |  00:00:00  |
|  Very High Fanout                                 |            0  |              0  |                     0  |           0  |           1  |  00:00:00  |
|  DSP Register                                     |            0  |              0  |                     0  |           0  |           1  |  00:00:00  |
|  Shift Register to Pipeline                       |            0  |              0  |                     0  |           0  |           1  |  00:00:00  |
|  Shift Register                                   |            0  |              0  |                     0  |           0  |           1  |  00:00:00  |
|  BRAM Register                                    |            0  |              0  |                     0  |           0  |           1  |  00:00:00  |
|  URAM Register                                    |            0  |              0  |                     0  |           0  |           1  |  00:00:00  |
|  Dynamic/Static Region Interface Net Replication  |            0  |              0  |                     0  |           0  |           1  |  00:00:00  |
|  Total                                            |           97  |             14  |                   111  |           0  |           9  |  00:00:00  |
-----------------------------------------------------------------------------------------------------------------------------------------------------------


Phase 2.4.2 Physical Synthesis In Placer | Checksum: 1184e05c6

Time (s): cpu = 00:00:06 ; elapsed = 00:00:04 . Memory (MB): peak = 2615.328 ; gain = 0.000 ; free physical = 1713 ; free virtual = 122795
Phase 2.4 Global Placement Core | Checksum: c37287d1

Time (s): cpu = 00:00:06 ; elapsed = 00:00:04 . Memory (MB): peak = 2615.328 ; gain = 0.000 ; free physical = 1713 ; free virtual = 122795
Phase 2 Global Placement | Checksum: c37287d1

Time (s): cpu = 00:00:06 ; elapsed = 00:00:04 . Memory (MB): peak = 2615.328 ; gain = 0.000 ; free physical = 1714 ; free virtual = 122796

Phase 3 Detail Placement

Phase 3.1 Commit Multi Column Macros
Phase 3.1 Commit Multi Column Macros | Checksum: 9e0d5ac2

Time (s): cpu = 00:00:06 ; elapsed = 00:00:04 . Memory (MB): peak = 2615.328 ; gain = 0.000 ; free physical = 1725 ; free virtual = 122807

Phase 3.2 Commit Most Macros & LUTRAMs
Phase 3.2 Commit Most Macros & LUTRAMs | Checksum: 1873c1074

Time (s): cpu = 00:00:07 ; elapsed = 00:00:04 . Memory (MB): peak = 2615.328 ; gain = 0.000 ; free physical = 1726 ; free virtual = 122808

Phase 3.3 Area Swap Optimization
Phase 3.3 Area Swap Optimization | Checksum: 19c3f39b7

Time (s): cpu = 00:00:07 ; elapsed = 00:00:04 . Memory (MB): peak = 2615.328 ; gain = 0.000 ; free physical = 1726 ; free virtual = 122808

Phase 3.4 Pipeline Register Optimization
Phase 3.4 Pipeline Register Optimization | Checksum: 198ef0cd5

Time (s): cpu = 00:00:07 ; elapsed = 00:00:04 . Memory (MB): peak = 2615.328 ; gain = 0.000 ; free physical = 1726 ; free virtual = 122808

Phase 3.5 Fast Optimization
Phase 3.5 Fast Optimization | Checksum: 1cf28b5aa

Time (s): cpu = 00:00:08 ; elapsed = 00:00:05 . Memory (MB): peak = 2615.328 ; gain = 0.000 ; free physical = 1732 ; free virtual = 122814

Phase 3.6 Small Shape Detail Placement
Phase 3.6 Small Shape Detail Placement | Checksum: da7efd43

Time (s): cpu = 00:00:09 ; elapsed = 00:00:06 . Memory (MB): peak = 2615.328 ; gain = 0.000 ; free physical = 1740 ; free virtual = 122822

Phase 3.7 Re-assign LUT pins
Phase 3.7 Re-assign LUT pins | Checksum: 122d0cc8b

Time (s): cpu = 00:00:09 ; elapsed = 00:00:06 . Memory (MB): peak = 2615.328 ; gain = 0.000 ; free physical = 1741 ; free virtual = 122823

Phase 3.8 Pipeline Register Optimization
Phase 3.8 Pipeline Register Optimization | Checksum: 9c94415d

Time (s): cpu = 00:00:09 ; elapsed = 00:00:06 . Memory (MB): peak = 2615.328 ; gain = 0.000 ; free physical = 1741 ; free virtual = 122823

Phase 3.9 Fast Optimization
Phase 3.9 Fast Optimization | Checksum: 19d98d396

Time (s): cpu = 00:00:12 ; elapsed = 00:00:09 . Memory (MB): peak = 2615.328 ; gain = 0.000 ; free physical = 1817 ; free virtual = 122899
Phase 3 Detail Placement | Checksum: 19d98d396

Time (s): cpu = 00:00:12 ; elapsed = 00:00:09 . Memory (MB): peak = 2615.328 ; gain = 0.000 ; free physical = 1817 ; free virtual = 122899

Phase 4 Post Placement Optimization and Clean-Up

Phase 4.1 Post Commit Optimization
INFO: [Timing 38-35] Done setting XDC timing constraints.

Phase 4.1.1 Post Placement Optimization
Post Placement Optimization Initialization | Checksum: 22f5cd42d

Phase 4.1.1.1 BUFG Insertion

Starting Physical Synthesis Task

Phase 1 Physical Synthesis Initialization
INFO: [Physopt 32-721] Multithreading enabled for phys_opt_design using a maximum of 2 CPUs
INFO: [Physopt 32-619] Estimated Timing Summary | WNS=-12.180 | TNS=-8392.719 |
Phase 1 Physical Synthesis Initialization | Checksum: 17f014a25

Time (s): cpu = 00:00:00.17 ; elapsed = 00:00:00.13 . Memory (MB): peak = 2615.328 ; gain = 0.000 ; free physical = 1833 ; free virtual = 122915
INFO: [Place 46-56] BUFG insertion identified 0 candidate nets. Inserted BUFG: 0, Replicated BUFG Driver: 0, Skipped due to Placement/Routing Conflicts: 0, Skipped due to Timing Degradation: 0, Skipped due to Illegal Netlist: 0.
Ending Physical Synthesis Task | Checksum: 1863f58db

Time (s): cpu = 00:00:00.21 ; elapsed = 00:00:00.16 . Memory (MB): peak = 2615.328 ; gain = 0.000 ; free physical = 1833 ; free virtual = 122915
Phase 4.1.1.1 BUFG Insertion | Checksum: 22f5cd42d

Time (s): cpu = 00:00:13 ; elapsed = 00:00:10 . Memory (MB): peak = 2615.328 ; gain = 0.000 ; free physical = 1833 ; free virtual = 122915

Phase 4.1.1.2 Post Placement Timing Optimization
INFO: [Place 30-746] Post Placement Timing Summary WNS=-9.686. For the most accurate timing information please run report_timing.
Phase 4.1.1.2 Post Placement Timing Optimization | Checksum: 1e4611167

Time (s): cpu = 00:00:23 ; elapsed = 00:00:20 . Memory (MB): peak = 2615.328 ; gain = 0.000 ; free physical = 1751 ; free virtual = 123094

Time (s): cpu = 00:00:23 ; elapsed = 00:00:20 . Memory (MB): peak = 2615.328 ; gain = 0.000 ; free physical = 1751 ; free virtual = 123094
Phase 4.1 Post Commit Optimization | Checksum: 1e4611167

Time (s): cpu = 00:00:23 ; elapsed = 00:00:20 . Memory (MB): peak = 2615.328 ; gain = 0.000 ; free physical = 1751 ; free virtual = 123094

Phase 4.2 Post Placement Cleanup
Phase 4.2 Post Placement Cleanup | Checksum: 1e4611167

Time (s): cpu = 00:00:23 ; elapsed = 00:00:20 . Memory (MB): peak = 2615.328 ; gain = 0.000 ; free physical = 1751 ; free virtual = 123094

Phase 4.3 Placer Reporting

Phase 4.3.1 Print Estimated Congestion
INFO: [Place 30-612] Post-Placement Estimated Congestion 
 ____________________________________________________
|           | Global Congestion | Short Congestion  |
| Direction | Region Size       | Region Size       |
|___________|___________________|___________________|
|      North|                2x2|                4x4|
|___________|___________________|___________________|
|      South|                1x1|                2x2|
|___________|___________________|___________________|
|       East|                1x1|                4x4|
|___________|___________________|___________________|
|       West|                1x1|                1x1|
|___________|___________________|___________________|

Phase 4.3.1 Print Estimated Congestion | Checksum: 1e4611167

Time (s): cpu = 00:00:23 ; elapsed = 00:00:20 . Memory (MB): peak = 2615.328 ; gain = 0.000 ; free physical = 1751 ; free virtual = 123094
Phase 4.3 Placer Reporting | Checksum: 1e4611167

Time (s): cpu = 00:00:23 ; elapsed = 00:00:20 . Memory (MB): peak = 2615.328 ; gain = 0.000 ; free physical = 1751 ; free virtual = 123094

Phase 4.4 Final Placement Cleanup
Netlist sorting complete. Time (s): cpu = 00:00:00 ; elapsed = 00:00:00 . Memory (MB): peak = 2615.328 ; gain = 0.000 ; free physical = 1751 ; free virtual = 123094

Time (s): cpu = 00:00:23 ; elapsed = 00:00:20 . Memory (MB): peak = 2615.328 ; gain = 0.000 ; free physical = 1751 ; free virtual = 123094
Phase 4 Post Placement Optimization and Clean-Up | Checksum: 2215b26e1

Time (s): cpu = 00:00:23 ; elapsed = 00:00:20 . Memory (MB): peak = 2615.328 ; gain = 0.000 ; free physical = 1751 ; free virtual = 123094
Ending Placer Task | Checksum: 17aa08c64

Time (s): cpu = 00:00:23 ; elapsed = 00:00:20 . Memory (MB): peak = 2615.328 ; gain = 0.000 ; free physical = 1751 ; free virtual = 123094
INFO: [Common 17-83] Releasing license: Implementation
80 Infos, 0 Warnings, 0 Critical Warnings and 0 Errors encountered.
place_design completed successfully
place_design: Time (s): cpu = 00:00:24 ; elapsed = 00:00:21 . Memory (MB): peak = 2615.328 ; gain = 0.000 ; free physical = 1755 ; free virtual = 123098
INFO: [Common 17-600] The following parameters have non-default value.
general.maxThreads
Command: phys_opt_design
Attempting to get a license for feature 'Implementation' and/or device 'xc7z010'
INFO: [Common 17-349] Got license for feature 'Implementation' and/or device 'xc7z010'

Starting Initial Update Timing Task
WARNING: [Timing 38-242] The property HD.CLK_SRC of clock port "clk" is not set. In out-of-context mode, this prevents timing estimation for clock delay/skew
Resolution: Set the HD.CLK_SRC property of the out-of-context port to the location of the clock buffer instance in the top-level design
WARNING: [Timing 38-242] The property HD.CLK_SRC of clock port "fft_clk" is not set. In out-of-context mode, this prevents timing estimation for clock delay/skew
Resolution: Set the HD.CLK_SRC property of the out-of-context port to the location of the clock buffer instance in the top-level design

Time (s): cpu = 00:00:00.55 ; elapsed = 00:00:00.39 . Memory (MB): peak = 2615.328 ; gain = 0.000 ; free physical = 1755 ; free virtual = 123098
INFO: [Vivado_Tcl 4-1435] PhysOpt_Tcl_Interface Runtime Before Starting Physical Synthesis Task | CPU: 0.58s |  WALL: 0.40s
Netlist sorting complete. Time (s): cpu = 00:00:00 ; elapsed = 00:00:00 . Memory (MB): peak = 2615.328 ; gain = 0.000 ; free physical = 1755 ; free virtual = 123098

Starting Physical Synthesis Task

Phase 1 Physical Synthesis Initialization
INFO: [Physopt 32-721] Multithreading enabled for phys_opt_design using a maximum of 2 CPUs
INFO: [Physopt 32-619] Estimated Timing Summary | WNS=-9.686 | TNS=-7296.208 |
Phase 1 Physical Synthesis Initialization | Checksum: 16b2888d9

Time (s): cpu = 00:00:00.42 ; elapsed = 00:00:00.24 . Memory (MB): peak = 2615.328 ; gain = 0.000 ; free physical = 1758 ; free virtual = 123101
INFO: [Physopt 32-619] Estimated Timing Summary | WNS=-9.686 | TNS=-7296.208 |

Phase 2 DSP Register Optimization
INFO: [Physopt 32-456] No candidate cells for DSP register optimization found in the design.
INFO: [Physopt 32-775] End 2 Pass. Optimized 0 net or cell. Created 0 new cell, deleted 0 existing cell and moved 0 existing cell
Phase 2 DSP Register Optimization | Checksum: 16b2888d9

Time (s): cpu = 00:00:00.47 ; elapsed = 00:00:00.28 . Memory (MB): peak = 2615.328 ; gain = 0.000 ; free physical = 1758 ; free virtual = 123101

Phase 3 Critical Path Optimization
INFO: [Physopt 32-619] Estimated Timing Summary | WNS=-9.686 | TNS=-7296.208 |
INFO: [Physopt 32-663] Processed net checked_product_bank.adapter/expected_metadata_reg_n_0_[0].  Re-placed instance checked_product_bank.adapter/expected_metadata_reg[0]
INFO: [Physopt 32-735] Processed net checked_product_bank.adapter/expected_metadata_reg_n_0_[0]. Optimization improves timing on the net.
INFO: [Physopt 32-619] Estimated Timing Summary | WNS=-9.676 | TNS=-7296.788 |
INFO: [Physopt 32-702] Processed net checked_product_bank.adapter/expected_metadata_reg_n_0_[0]. Optimizations did not improve timing on the net.
INFO: [Physopt 32-81] Processed net checked_product_bank.adapter/reader/tag1[0]. Replicated 1 times.
INFO: [Physopt 32-735] Processed net checked_product_bank.adapter/reader/tag1[0]. Optimization improves timing on the net.
INFO: [Physopt 32-619] Estimated Timing Summary | WNS=-9.670 | TNS=-7291.904 |
INFO: [Physopt 32-702] Processed net checked_product_bank.adapter/reader/tag1[0]. Optimizations did not improve timing on the net.
INFO: [Physopt 32-710] Processed net checked_product_bank.adapter/bank/taken_reg[1][0]. Critical path length was reduced through logic transformation on cell checked_product_bank.adapter/bank/expected_metadata[4]_i_1_comp.
INFO: [Physopt 32-735] Processed net result_guard/forward_job_accept0. Optimization improves timing on the net.
INFO: [Physopt 32-619] Estimated Timing Summary | WNS=-9.357 | TNS=-7289.420 |
INFO: [Physopt 32-702] Processed net checked_product_bank.adapter/producer_reference_reg_n_0. Optimizations did not improve timing on the net.
INFO: [Physopt 32-663] Processed net result_guard/forward_job_accept0.  Re-placed instance result_guard/expected_metadata[4]_i_3
INFO: [Physopt 32-735] Processed net result_guard/forward_job_accept0. Optimization improves timing on the net.
INFO: [Physopt 32-619] Estimated Timing Summary | WNS=-9.334 | TNS=-7289.252 |
INFO: [Physopt 32-663] Processed net checked_product_bank.adapter/expected_metadata_reg_n_0_[34].  Re-placed instance checked_product_bank.adapter/expected_metadata_reg[34]
INFO: [Physopt 32-735] Processed net checked_product_bank.adapter/expected_metadata_reg_n_0_[34]. Optimization improves timing on the net.
INFO: [Physopt 32-619] Estimated Timing Summary | WNS=-9.326 | TNS=-7289.124 |
INFO: [Physopt 32-702] Processed net checked_product_bank.adapter/expected_metadata_reg_n_0_[15]. Optimizations did not improve timing on the net.
INFO: [Physopt 32-710] Processed net checked_product_bank.adapter/reader/E[0]. Critical path length was reduced through logic transformation on cell checked_product_bank.adapter/reader/lease_reference[1]_i_1_comp.
INFO: [Physopt 32-735] Processed net result_guard/active_private. Optimization improves timing on the net.
INFO: [Physopt 32-619] Estimated Timing Summary | WNS=-9.324 | TNS=-7267.878 |
INFO: [Physopt 32-663] Processed net checked_product_bank.origin_valid.  Re-placed instance checked_product_bank.origin_valid_reg
INFO: [Physopt 32-735] Processed net checked_product_bank.origin_valid. Optimization improves timing on the net.
INFO: [Physopt 32-619] Estimated Timing Summary | WNS=-9.290 | TNS=-7267.844 |
INFO: [Physopt 32-702] Processed net checked_product_bank.origin_valid. Optimizations did not improve timing on the net.
INFO: [Physopt 32-710] Processed net result_guard/registered_scheduling.next_inverse_reg_1. Critical path length was reduced through logic transformation on cell result_guard/checked_product_bank.origin_valid_i_1_comp.
INFO: [Physopt 32-735] Processed net result_guard/active_private. Optimization improves timing on the net.
INFO: [Physopt 32-619] Estimated Timing Summary | WNS=-9.239 | TNS=-7267.625 |
INFO: [Physopt 32-702] Processed net checked_product_bank.adapter/completion_reference_reg_n_0. Optimizations did not improve timing on the net.
INFO: [Physopt 32-710] Processed net checked_product_bank.adapter/reader/completion_reference_reg. Critical path length was reduced through logic transformation on cell checked_product_bank.adapter/reader/completion_reference_i_1_comp.
INFO: [Physopt 32-735] Processed net checked_product_bank.adapter/reader/checked_product_bank.actual_handoff. Optimization improves timing on the net.
INFO: [Physopt 32-619] Estimated Timing Summary | WNS=-9.231 | TNS=-7268.909 |
INFO: [Physopt 32-702] Processed net checked_product_bank.bound_receipt. Optimizations did not improve timing on the net.
INFO: [Physopt 32-710] Processed net checked_product_bank.adapter/reader/registered_scheduling.held_phase_reg_7. Critical path length was reduced through logic transformation on cell checked_product_bank.adapter/reader/checked_product_bank.bound_receipt_i_1_comp.
INFO: [Physopt 32-735] Processed net checked_product_bank.adapter/reader/checked_product_bank.actual_handoff. Optimization improves timing on the net.
INFO: [Physopt 32-619] Estimated Timing Summary | WNS=-9.226 | TNS=-7270.210 |
INFO: [Physopt 32-702] Processed net checked_product_bank.adapter/bank/staged.request_toggle. Optimizations did not improve timing on the net.
INFO: [Physopt 32-710] Processed net checked_product_bank.adapter/bank/staged.request_toggle_i_1_n_0. Critical path length was reduced through logic transformation on cell checked_product_bank.adapter/bank/staged.request_toggle_i_1_comp.
INFO: [Physopt 32-735] Processed net checked_product_bank.adapter/bank/published_reference. Optimization improves timing on the net.
INFO: [Physopt 32-619] Estimated Timing Summary | WNS=-9.203 | TNS=-7272.545 |
INFO: [Physopt 32-710] Processed net checked_product_bank.adapter/bank/output_last_reg. Critical path length was reduced through logic transformation on cell checked_product_bank.adapter/bank/producer_reference_i_1_comp.
INFO: [Physopt 32-735] Processed net result_guard/forward_job_accept0. Optimization improves timing on the net.
INFO: [Physopt 32-619] Estimated Timing Summary | WNS=-9.187 | TNS=-7272.180 |
INFO: [Physopt 32-702] Processed net checked_product_bank.adapter/handoff_seen_reg_n_0. Optimizations did not improve timing on the net.
INFO: [Physopt 32-710] Processed net checked_product_bank.adapter/bank/handoff_seen_reg. Critical path length was reduced through logic transformation on cell checked_product_bank.adapter/bank/handoff_seen_i_1_comp.
INFO: [Physopt 32-735] Processed net checked_product_bank.adapter/reader/checked_product_bank.actual_handoff. Optimization improves timing on the net.
INFO: [Physopt 32-619] Estimated Timing Summary | WNS=-9.168 | TNS=-7271.670 |
INFO: [Physopt 32-702] Processed net checked_product_bank.adapter/published_reference_reg_n_0. Optimizations did not improve timing on the net.
INFO: [Physopt 32-134] Processed net checked_product_bank.adapter/bank/published_reference. Rewiring did not optimize the net.
INFO: [Physopt 32-702] Processed net checked_product_bank.adapter/bank/published_reference. Optimizations did not improve timing on the net.
INFO: [Physopt 32-710] Processed net checked_product_bank.adapter/bank/published_reference. Critical path length was reduced through logic transformation on cell checked_product_bank.adapter/bank/staged.request_toggle_i_2_comp_1.
INFO: [Physopt 32-735] Processed net checked_product_bank.adapter/bank/staged.request_toggle_i_3_n_0. Optimization improves timing on the net.
INFO: [Physopt 32-619] Estimated Timing Summary | WNS=-9.161 | TNS=-7270.856 |
INFO: [Physopt 32-702] Processed net checked_product_bank.adapter/reasons_reg_n_0_[0]. Optimizations did not improve timing on the net.
INFO: [Physopt 32-710] Processed net checked_product_bank.adapter/bank/reasons_reg[7][0]. Critical path length was reduced through logic transformation on cell checked_product_bank.adapter/bank/reasons[0]_i_1__0_comp.
INFO: [Physopt 32-735] Processed net result_guard/active_private. Optimization improves timing on the net.
INFO: [Physopt 32-619] Estimated Timing Summary | WNS=-9.160 | TNS=-7270.382 |
INFO: [Physopt 32-702] Processed net checked_product_bank.adapter/bank/staged.seal_q_reg_n_0. Optimizations did not improve timing on the net.
INFO: [Physopt 32-710] Processed net checked_product_bank.adapter/bank/staged.seal_q_i_1_n_0. Critical path length was reduced through logic transformation on cell checked_product_bank.adapter/bank/staged.seal_q_i_1_comp.
INFO: [Physopt 32-735] Processed net checked_product_bank.adapter/bank/staged.seal_q. Optimization improves timing on the net.
INFO: [Physopt 32-619] Estimated Timing Summary | WNS=-9.146 | TNS=-7270.114 |
INFO: [Physopt 32-710] Processed net checked_product_bank.adapter/bank/taken_reg[1][0]. Critical path length was reduced through logic transformation on cell checked_product_bank.adapter/bank/expected_metadata[4]_i_1_comp_1.
INFO: [Physopt 32-735] Processed net result_guard/active_private. Optimization improves timing on the net.
INFO: [Physopt 32-619] Estimated Timing Summary | WNS=-9.029 | TNS=-7268.913 |
INFO: [Physopt 32-710] Processed net checked_product_bank.adapter/reader/E[0]. Critical path length was reduced through logic transformation on cell checked_product_bank.adapter/reader/lease_reference[1]_i_1_comp_1.
INFO: [Physopt 32-735] Processed net checked_product_bank.adapter/reader/input_fault_reg. Optimization improves timing on the net.
INFO: [Physopt 32-619] Estimated Timing Summary | WNS=-8.979 | TNS=-7253.708 |
INFO: [Physopt 32-702] Processed net result_guard/active_private_reg_n_0. Optimizations did not improve timing on the net.
INFO: [Physopt 32-710] Processed net result_guard/active_private_i_1_n_0. Critical path length was reduced through logic transformation on cell result_guard/active_private_i_1_comp.
INFO: [Physopt 32-735] Processed net result_guard/active_private. Optimization improves timing on the net.
INFO: [Physopt 32-619] Estimated Timing Summary | WNS=-8.979 | TNS=-7252.854 |
INFO: [Physopt 32-663] Processed net checked_product_bank.adapter/bank/staged.reasons_reg_n_0_[15].  Re-placed instance checked_product_bank.adapter/bank/staged.reasons_reg[15]
INFO: [Physopt 32-735] Processed net checked_product_bank.adapter/bank/staged.reasons_reg_n_0_[15]. Optimization improves timing on the net.
INFO: [Physopt 32-619] Estimated Timing Summary | WNS=-8.894 | TNS=-7252.382 |
INFO: [Physopt 32-710] Processed net checked_product_bank.adapter/bank/staged.seal_q_i_1_n_0. Critical path length was reduced through logic transformation on cell checked_product_bank.adapter/bank/staged.seal_q_i_1_comp_1.
INFO: [Physopt 32-735] Processed net checked_product_bank.adapter/bank/staged.request_toggle_i_3_n_0. Optimization improves timing on the net.
INFO: [Physopt 32-619] Estimated Timing Summary | WNS=-8.845 | TNS=-7251.667 |
INFO: [Physopt 32-710] Processed net checked_product_bank.adapter/bank/taken_reg[1][0]. Critical path length was reduced through logic transformation on cell checked_product_bank.adapter/bank/expected_metadata[4]_i_1_comp.
INFO: [Physopt 32-735] Processed net checked_product_bank.adapter/reader/input_fault_reg. Optimization improves timing on the net.
INFO: [Physopt 32-619] Estimated Timing Summary | WNS=-8.837 | TNS=-7251.507 |
INFO: [Physopt 32-710] Processed net checked_product_bank.adapter/bank/output_last_reg. Critical path length was reduced through logic transformation on cell checked_product_bank.adapter/bank/producer_reference_i_1_comp_1.
INFO: [Physopt 32-735] Processed net result_guard/active_private. Optimization improves timing on the net.
INFO: [Physopt 32-619] Estimated Timing Summary | WNS=-8.805 | TNS=-7250.899 |
INFO: [Physopt 32-710] Processed net checked_product_bank.adapter/reader/E[0]. Critical path length was reduced through logic transformation on cell checked_product_bank.adapter/reader/lease_reference[1]_i_1_comp.
INFO: [Physopt 32-735] Processed net checked_product_bank.adapter/reader/fault_reasons[0]_i_3_n_0. Optimization improves timing on the net.
INFO: [Physopt 32-619] Estimated Timing Summary | WNS=-8.786 | TNS=-7246.158 |
INFO: [Physopt 32-663] Processed net input_guard/input_started_reg_n_0.  Re-placed instance input_guard/input_started_reg
INFO: [Physopt 32-735] Processed net input_guard/input_started_reg_n_0. Optimization improves timing on the net.
INFO: [Physopt 32-619] Estimated Timing Summary | WNS=-8.767 | TNS=-7245.933 |
INFO: [Physopt 32-710] Processed net checked_product_bank.adapter/bank/staged.request_toggle_i_1_n_0. Critical path length was reduced through logic transformation on cell checked_product_bank.adapter/bank/staged.request_toggle_i_1_comp_1.
INFO: [Physopt 32-735] Processed net checked_product_bank.adapter/bank/staged.request_toggle_i_3_n_0. Optimization improves timing on the net.
INFO: [Physopt 32-619] Estimated Timing Summary | WNS=-8.763 | TNS=-7245.473 |
INFO: [Physopt 32-710] Processed net checked_product_bank.adapter/bank/published_reference. Critical path length was reduced through logic transformation on cell checked_product_bank.adapter/bank/staged.request_toggle_i_2_comp_2.
INFO: [Physopt 32-735] Processed net checked_product_bank.adapter/reader/bbstub_event_frame_started. Optimization improves timing on the net.
INFO: [Physopt 32-619] Estimated Timing Summary | WNS=-8.758 | TNS=-7244.789 |
INFO: [Physopt 32-663] Processed net shared_xfft/U0/i_synth/axi_wrapper/data_in_channel_fifo/gen_real_time.data_out_reg[36]_0[25].  Re-placed instance shared_xfft/U0/i_synth/axi_wrapper/data_in_channel_fifo/gen_real_time.data_out_reg[25]
INFO: [Physopt 32-735] Processed net shared_xfft/U0/i_synth/axi_wrapper/data_in_channel_fifo/gen_real_time.data_out_reg[36]_0[25]. Optimization improves timing on the net.
INFO: [Physopt 32-619] Estimated Timing Summary | WNS=-8.758 | TNS=-7244.662 |
INFO: [Physopt 32-663] Processed net shared_xfft/U0/i_synth/axi_wrapper/data_in_channel_fifo/gen_real_time.data_out_reg[36]_0[26].  Re-placed instance shared_xfft/U0/i_synth/axi_wrapper/data_in_channel_fifo/gen_real_time.data_out_reg[26]
INFO: [Physopt 32-735] Processed net shared_xfft/U0/i_synth/axi_wrapper/data_in_channel_fifo/gen_real_time.data_out_reg[36]_0[26]. Optimization improves timing on the net.
INFO: [Physopt 32-619] Estimated Timing Summary | WNS=-8.758 | TNS=-7244.535 |
INFO: [Physopt 32-663] Processed net shared_xfft/U0/i_synth/axi_wrapper/data_in_channel_fifo/gen_real_time.data_out_reg[36]_0[27].  Re-placed instance shared_xfft/U0/i_synth/axi_wrapper/data_in_channel_fifo/gen_real_time.data_out_reg[27]
INFO: [Physopt 32-735] Processed net shared_xfft/U0/i_synth/axi_wrapper/data_in_channel_fifo/gen_real_time.data_out_reg[36]_0[27]. Optimization improves timing on the net.
INFO: [Physopt 32-619] Estimated Timing Summary | WNS=-8.758 | TNS=-7244.408 |
INFO: [Physopt 32-663] Processed net shared_xfft/U0/i_synth/axi_wrapper/data_in_channel_fifo/gen_real_time.data_out_reg[36]_0[28].  Re-placed instance shared_xfft/U0/i_synth/axi_wrapper/data_in_channel_fifo/gen_real_time.data_out_reg[28]
INFO: [Physopt 32-735] Processed net shared_xfft/U0/i_synth/axi_wrapper/data_in_channel_fifo/gen_real_time.data_out_reg[36]_0[28]. Optimization improves timing on the net.
INFO: [Physopt 32-619] Estimated Timing Summary | WNS=-8.758 | TNS=-7244.526 |
INFO: [Physopt 32-663] Processed net shared_xfft/U0/i_synth/axi_wrapper/data_in_channel_fifo/gen_real_time.data_out_reg[36]_0[7].  Re-placed instance shared_xfft/U0/i_synth/axi_wrapper/data_in_channel_fifo/gen_real_time.data_out_reg[7]
INFO: [Physopt 32-735] Processed net shared_xfft/U0/i_synth/axi_wrapper/data_in_channel_fifo/gen_real_time.data_out_reg[36]_0[7]. Optimization improves timing on the net.
INFO: [Physopt 32-619] Estimated Timing Summary | WNS=-8.758 | TNS=-7244.441 |
INFO: [Physopt 32-702] Processed net shared_xfft/U0/i_synth/axi_wrapper/data_in_channel_fifo/gen_real_time.data_out_reg[36]_0[8]. Optimizations did not improve timing on the net.
INFO: [Physopt 32-663] Processed net input_guard/s_axis_data_tvalid.  Re-placed instance input_guard/shared_xfft_i_40
INFO: [Physopt 32-735] Processed net input_guard/s_axis_data_tvalid. Optimization improves timing on the net.
INFO: [Physopt 32-619] Estimated Timing Summary | WNS=-8.754 | TNS=-7236.601 |
INFO: [Physopt 32-710] Processed net checked_product_bank.adapter/bank/taken_reg[1][0]. Critical path length was reduced through logic transformation on cell checked_product_bank.adapter/bank/expected_metadata[4]_i_1_comp_2.
INFO: [Physopt 32-735] Processed net checked_product_bank.adapter/reader/fault_reasons[0]_i_3_n_0. Optimization improves timing on the net.
INFO: [Physopt 32-619] Estimated Timing Summary | WNS=-8.725 | TNS=-7236.608 |
INFO: [Physopt 32-710] Processed net checked_product_bank.adapter/reader/E[0]. Critical path length was reduced through logic transformation on cell checked_product_bank.adapter/reader/lease_reference[1]_i_1_comp_2.
INFO: [Physopt 32-735] Processed net checked_product_bank.adapter/reader/registered_scheduling.held_phase_reg_1. Optimization improves timing on the net.
INFO: [Physopt 32-619] Estimated Timing Summary | WNS=-8.710 | TNS=-7233.370 |
INFO: [Physopt 32-702] Processed net checked_product_bank.adapter/reader/good[0]. Optimizations did not improve timing on the net.
INFO: [Physopt 32-663] Processed net checked_product_bank.adapter/reader/occupied[0]_i_2_n_0.  Re-placed instance checked_product_bank.adapter/reader/occupied[0]_i_2
INFO: [Physopt 32-735] Processed net checked_product_bank.adapter/reader/occupied[0]_i_2_n_0. Optimization improves timing on the net.
INFO: [Physopt 32-619] Estimated Timing Summary | WNS=-8.698 | TNS=-7232.954 |
INFO: [Physopt 32-710] Processed net result_guard/registered_scheduling.next_inverse_reg_1. Critical path length was reduced through logic transformation on cell result_guard/checked_product_bank.origin_valid_i_1_comp_1.
INFO: [Physopt 32-735] Processed net checked_product_bank.adapter/reader/input_fault_reg. Optimization improves timing on the net.
INFO: [Physopt 32-619] Estimated Timing Summary | WNS=-8.695 | TNS=-7232.804 |
INFO: [Physopt 32-710] Processed net checked_product_bank.adapter/reader/registered_scheduling.held_phase_reg_7. Critical path length was reduced through logic transformation on cell checked_product_bank.adapter/reader/checked_product_bank.bound_receipt_i_1_comp_1.
INFO: [Physopt 32-735] Processed net result_guard/awaiting_ack_reg_0. Optimization improves timing on the net.
INFO: [Physopt 32-619] Estimated Timing Summary | WNS=-8.689 | TNS=-7232.434 |
INFO: [Physopt 32-710] Processed net checked_product_bank.adapter/bank/handoff_seen_reg. Critical path length was reduced through logic transformation on cell checked_product_bank.adapter/bank/handoff_seen_i_1_comp_1.
INFO: [Physopt 32-735] Processed net result_guard/awaiting_ack_reg_0. Optimization improves timing on the net.
INFO: [Physopt 32-619] Estimated Timing Summary | WNS=-8.673 | TNS=-7232.030 |
INFO: [Physopt 32-710] Processed net checked_product_bank.adapter/reader/completion_reference_reg. Critical path length was reduced through logic transformation on cell checked_product_bank.adapter/reader/completion_reference_i_1_comp_1.
INFO: [Physopt 32-735] Processed net result_guard/awaiting_ack_reg_0. Optimization improves timing on the net.
INFO: [Physopt 32-619] Estimated Timing Summary | WNS=-8.667 | TNS=-7231.862 |
INFO: [Physopt 32-710] Processed net checked_product_bank.adapter/reader/E[0]. Critical path length was reduced through logic transformation on cell checked_product_bank.adapter/reader/lease_reference[1]_i_1_comp.
INFO: [Physopt 32-735] Processed net input_guard/certified_input_beat. Optimization improves timing on the net.
INFO: [Physopt 32-619] Estimated Timing Summary | WNS=-8.661 | TNS=-7231.224 |
INFO: [Physopt 32-702] Processed net checked_product_bank.adapter/bank/staged.read_address[2]. Optimizations did not improve timing on the net.
INFO: [Physopt 32-663] Processed net checked_product_bank.adapter/bank/staged.read_address[2]_i_2_n_0.  Re-placed instance checked_product_bank.adapter/bank/staged.read_address[2]_i_2
INFO: [Physopt 32-735] Processed net checked_product_bank.adapter/bank/staged.read_address[2]_i_2_n_0. Optimization improves timing on the net.
INFO: [Physopt 32-619] Estimated Timing Summary | WNS=-8.653 | TNS=-7230.232 |
INFO: [Physopt 32-710] Processed net checked_product_bank.adapter/reader/E[0]. Critical path length was reduced through logic transformation on cell checked_product_bank.adapter/reader/lease_reference[1]_i_1_comp_3.
INFO: [Physopt 32-735] Processed net input_guard/input_fault_now. Optimization improves timing on the net.
INFO: [Physopt 32-619] Estimated Timing Summary | WNS=-8.638 | TNS=-7208.904 |
INFO: [Physopt 32-710] Processed net checked_product_bank.adapter/bank/taken_reg[1][0]. Critical path length was reduced through logic transformation on cell checked_product_bank.adapter/bank/expected_metadata[4]_i_1_comp.
INFO: [Physopt 32-735] Processed net checked_product_bank.adapter/reader/registered_scheduling.held_phase_reg_1. Optimization improves timing on the net.
INFO: [Physopt 32-619] Estimated Timing Summary | WNS=-8.576 | TNS=-7209.395 |
INFO: [Physopt 32-702] Processed net input_guard/input_started_reg_n_0. Optimizations did not improve timing on the net.
INFO: [Physopt 32-702] Processed net input_guard/certified_input_beat. Optimizations did not improve timing on the net.
INFO: [Physopt 32-710] Processed net input_guard/certified_input_beat. Critical path length was reduced through logic transformation on cell input_guard/input_started_i_2_comp_1.
INFO: [Physopt 32-735] Processed net source_bank/common_source_epoch.slow_purge_fast_reg[1]_0. Optimization improves timing on the net.
INFO: [Physopt 32-619] Estimated Timing Summary | WNS=-8.574 | TNS=-7197.855 |
INFO: [Physopt 32-663] Processed net checked_product_bank.adapter/bank/staged.read_address[0].  Re-placed instance checked_product_bank.adapter/bank/staged.read_address_reg[0]
INFO: [Physopt 32-735] Processed net checked_product_bank.adapter/bank/staged.read_address[0]. Optimization improves timing on the net.
INFO: [Physopt 32-619] Estimated Timing Summary | WNS=-8.568 | TNS=-7197.703 |
INFO: [Physopt 32-702] Processed net checked_product_bank.origin_lease[0]. Optimizations did not improve timing on the net.
INFO: [Physopt 32-710] Processed net result_guard/registered_scheduling.next_inverse_reg_3. Critical path length was reduced through logic transformation on cell result_guard/checked_product_bank.origin_lease[0]_i_1_comp.
INFO: [Physopt 32-735] Processed net result_guard/active_private. Optimization improves timing on the net.
INFO: [Physopt 32-619] Estimated Timing Summary | WNS=-8.559 | TNS=-7197.324 |
INFO: [Physopt 32-702] Processed net checked_product_bank.origin_lease[1]. Optimizations did not improve timing on the net.
INFO: [Physopt 32-710] Processed net result_guard/registered_scheduling.next_inverse_reg_2. Critical path length was reduced through logic transformation on cell result_guard/checked_product_bank.origin_lease[1]_i_1_comp.
INFO: [Physopt 32-735] Processed net result_guard/active_private. Optimization improves timing on the net.
INFO: [Physopt 32-619] Estimated Timing Summary | WNS=-8.559 | TNS=-7197.663 |
INFO: [Physopt 32-710] Processed net shared_xfft/U0/i_synth/axi_wrapper/data_in_channel_fifo/gen_real_time.data_out[36]_i_1__0_n_513. Critical path length was reduced through logic transformation on cell shared_xfft/U0/i_synth/axi_wrapper/data_in_channel_fifo/gen_real_time.data_out[36]_i_1__0_comp.
INFO: [Physopt 32-735] Processed net input_guard/s_axis_data_tvalid. Optimization improves timing on the net.
INFO: [Physopt 32-619] Estimated Timing Summary | WNS=-8.528 | TNS=-7186.872 |
INFO: [Physopt 32-81] Processed net checked_product_bank.adapter/bank/completion_reference. Replicated 1 times.
INFO: [Physopt 32-735] Processed net checked_product_bank.adapter/bank/completion_reference. Optimization improves timing on the net.
INFO: [Physopt 32-619] Estimated Timing Summary | WNS=-8.523 | TNS=-7187.798 |
INFO: [Physopt 32-702] Processed net checked_product_bank.adapter/reader/occupied[2]. Optimizations did not improve timing on the net.
INFO: [Physopt 32-663] Processed net checked_product_bank.adapter/reader/occupied[2]_i_2_n_0.  Re-placed instance checked_product_bank.adapter/reader/occupied[2]_i_2
INFO: [Physopt 32-735] Processed net checked_product_bank.adapter/reader/occupied[2]_i_2_n_0. Optimization improves timing on the net.
INFO: [Physopt 32-619] Estimated Timing Summary | WNS=-8.520 | TNS=-7187.865 |
INFO: [Physopt 32-710] Processed net checked_product_bank.adapter/reader/completion_reference_reg. Critical path length was reduced through logic transformation on cell checked_product_bank.adapter/reader/completion_reference_i_1_comp.
INFO: [Physopt 32-735] Processed net checked_product_bank.adapter/reader/input_fault_reg. Optimization improves timing on the net.
INFO: [Physopt 32-619] Estimated Timing Summary | WNS=-8.496 | TNS=-7187.350 |
INFO: [Physopt 32-601] Processed net checked_product_bank.adapter/bank/completion_reference_repN. Net driver checked_product_bank.adapter/bank/expected_metadata[4]_i_4_replica was replaced.
INFO: [Physopt 32-735] Processed net checked_product_bank.adapter/bank/completion_reference_repN. Optimization improves timing on the net.
INFO: [Physopt 32-619] Estimated Timing Summary | WNS=-8.485 | TNS=-7185.870 |
INFO: [Physopt 32-710] Processed net checked_product_bank.adapter/reader/occupied[2]_i_1_n_0. Critical path length was reduced through logic transformation on cell checked_product_bank.adapter/reader/occupied[2]_i_1_comp.
INFO: [Physopt 32-735] Processed net checked_product_bank.adapter/reader/occupied[2]_i_2_n_0. Optimization improves timing on the net.
INFO: [Physopt 32-619] Estimated Timing Summary | WNS=-8.483 | TNS=-7185.652 |
INFO: [Physopt 32-702] Processed net checked_product_bank.adapter/bank/staged.reasons_reg_n_0_[15]. Optimizations did not improve timing on the net.
INFO: [Physopt 32-710] Processed net checked_product_bank.adapter/bank/staged.reasons[15]_i_1_n_0. Critical path length was reduced through logic transformation on cell checked_product_bank.adapter/bank/staged.reasons[15]_i_1_comp.
INFO: [Physopt 32-735] Processed net checked_product_bank.adapter/reader/bbstub_event_frame_started. Optimization improves timing on the net.
INFO: [Physopt 32-619] Estimated Timing Summary | WNS=-8.480 | TNS=-7185.102 |
INFO: [Physopt 32-710] Processed net checked_product_bank.adapter/reader/good[0]_i_1_n_0. Critical path length was reduced through logic transformation on cell checked_product_bank.adapter/reader/good[0]_i_1_comp.
INFO: [Physopt 32-735] Processed net checked_product_bank.adapter/reader/occupied[0]_i_2_n_0. Optimization improves timing on the net.
INFO: [Physopt 32-619] Estimated Timing Summary | WNS=-8.472 | TNS=-7185.028 |
INFO: [Physopt 32-702] Processed net input_guard/input_fault_now. Optimizations did not improve timing on the net.
INFO: [Physopt 32-710] Processed net input_guard/input_fault_now. Critical path length was reduced through logic transformation on cell input_guard/distributed_fast_fault.causes[0].cause_sticky[0]_i_2_comp_1.
INFO: [Physopt 32-735] Processed net input_guard/input_fault_events_now[1]. Optimization improves timing on the net.
INFO: [Physopt 32-619] Estimated Timing Summary | WNS=-8.457 | TNS=-7184.798 |
INFO: [Physopt 32-608] Optimized 1 net.  Swapped 11 pins.
INFO: [Physopt 32-735] Processed net checked_product_bank.adapter/bank/completion_reference_repN. Optimization improves timing on the net.
INFO: [Physopt 32-619] Estimated Timing Summary | WNS=-8.456 | TNS=-7183.003 |
INFO: [Physopt 32-702] Processed net completion_receipt. Optimizations did not improve timing on the net.
INFO: [Physopt 32-710] Processed net checked_product_bank.adapter/reader/completion_accept. Critical path length was reduced through logic transformation on cell checked_product_bank.adapter/reader/registered_scheduling.completion_receipt_i_1_comp.
INFO: [Physopt 32-735] Processed net checked_product_bank.adapter/reader/bbstub_event_frame_started. Optimization improves timing on the net.
INFO: [Physopt 32-619] Estimated Timing Summary | WNS=-8.436 | TNS=-7183.001 |
INFO: [Physopt 32-702] Processed net admission_receipt. Optimizations did not improve timing on the net.
INFO: [Physopt 32-710] Processed net result_guard/active_private. Critical path length was reduced through logic transformation on cell result_guard/registered_scheduling.admission_receipt_i_1_comp_8.
INFO: [Physopt 32-735] Processed net checked_product_bank.adapter/reader/input_fault_reg. Optimization improves timing on the net.
INFO: [Physopt 32-619] Estimated Timing Summary | WNS=-8.433 | TNS=-7182.824 |
INFO: [Physopt 32-702] Processed net checked_product_bank.adapter/reader/occupied[1]. Optimizations did not improve timing on the net.
INFO: [Physopt 32-663] Processed net checked_product_bank.adapter/reader/occupied[1]_i_2_n_0.  Re-placed instance checked_product_bank.adapter/reader/occupied[1]_i_2
INFO: [Physopt 32-735] Processed net checked_product_bank.adapter/reader/occupied[1]_i_2_n_0. Optimization improves timing on the net.
INFO: [Physopt 32-619] Estimated Timing Summary | WNS=-8.426 | TNS=-7182.790 |
INFO: [Physopt 32-702] Processed net checked_product_bank.adapter/reader/good[2]. Optimizations did not improve timing on the net.
INFO: [Physopt 32-663] Processed net checked_product_bank.adapter/reader/occupied[2]_i_2_n_0.  Re-placed instance checked_product_bank.adapter/reader/occupied[2]_i_2
INFO: [Physopt 32-735] Processed net checked_product_bank.adapter/reader/occupied[2]_i_2_n_0. Optimization improves timing on the net.
INFO: [Physopt 32-619] Estimated Timing Summary | WNS=-8.426 | TNS=-7182.773 |
INFO: [Physopt 32-710] Processed net checked_product_bank.adapter/bank/reasons_reg[7][0]. Critical path length was reduced through logic transformation on cell checked_product_bank.adapter/bank/reasons[0]_i_1__0_comp_1.
INFO: [Physopt 32-735] Processed net checked_product_bank.adapter/reader/input_fault_reg. Optimization improves timing on the net.
INFO: [Physopt 32-619] Estimated Timing Summary | WNS=-8.424 | TNS=-7182.279 |
INFO: [Physopt 32-702] Processed net checked_product_bank.adapter/bank/staged.read_address[0]. Optimizations did not improve timing on the net.
INFO: [Physopt 32-81] Processed net checked_product_bank.adapter/bank/staged.payload_memory_reg_i_1_n_0. Replicated 1 times.
INFO: [Physopt 32-735] Processed net checked_product_bank.adapter/bank/staged.payload_memory_reg_i_1_n_0. Optimization improves timing on the net.
INFO: [Physopt 32-619] Estimated Timing Summary | WNS=-8.419 | TNS=-7181.358 |
INFO: [Physopt 32-710] Processed net checked_product_bank.adapter/reader/completion_accept. Critical path length was reduced through logic transformation on cell checked_product_bank.adapter/reader/registered_scheduling.completion_receipt_i_1_comp_1.
INFO: [Physopt 32-735] Processed net checked_product_bank.adapter/reader/registered_scheduling.completion_receipt_i_2_n_0. Optimization improves timing on the net.
INFO: [Physopt 32-619] Estimated Timing Summary | WNS=-8.415 | TNS=-7181.272 |
INFO: [Physopt 32-710] Processed net checked_product_bank.adapter/reader/occupied[1]_i_1_n_0. Critical path length was reduced through logic transformation on cell checked_product_bank.adapter/reader/occupied[1]_i_1_comp.
INFO: [Physopt 32-735] Processed net checked_product_bank.adapter/reader/occupied[1]_i_2_n_0. Optimization improves timing on the net.
INFO: [Physopt 32-619] Estimated Timing Summary | WNS=-8.413 | TNS=-7181.267 |
INFO: [Physopt 32-702] Processed net source_bank/common_source_epoch.slow_purge_fast_reg[1]. Optimizations did not improve timing on the net.
INFO: [Physopt 32-710] Processed net source_bank/common_source_epoch.slow_purge_fast_reg[1]. Critical path length was reduced through logic transformation on cell source_bank/fault_reasons[1]_i_4_comp.
INFO: [Physopt 32-735] Processed net checked_product_bank.adapter/reader/registered_scheduling.held_phase_reg. Optimization improves timing on the net.
INFO: [Physopt 32-619] Estimated Timing Summary | WNS=-8.409 | TNS=-7156.423 |
INFO: [Physopt 32-710] Processed net checked_product_bank.adapter/reader/good[2]_i_1_n_0. Critical path length was reduced through logic transformation on cell checked_product_bank.adapter/reader/good[2]_i_1_comp.
INFO: [Physopt 32-735] Processed net checked_product_bank.adapter/reader/occupied[2]_i_2_n_0. Optimization improves timing on the net.
INFO: [Physopt 32-619] Estimated Timing Summary | WNS=-8.382 | TNS=-7155.971 |
INFO: [Physopt 32-663] Processed net checked_product_bank.adapter/bank/staged.payload_memory_reg_i_1_n_0.  Re-placed instance checked_product_bank.adapter/bank/staged.payload_memory_reg_i_1
INFO: [Physopt 32-735] Processed net checked_product_bank.adapter/bank/staged.payload_memory_reg_i_1_n_0. Optimization improves timing on the net.
INFO: [Physopt 32-619] Estimated Timing Summary | WNS=-8.372 | TNS=-7155.990 |
INFO: [Physopt 32-663] Processed net checked_product_bank.adapter/reader/position_slot_reg[1]_25[0].  Re-placed instance checked_product_bank.adapter/reader/position_slot_reg[1][0]
INFO: [Physopt 32-735] Processed net checked_product_bank.adapter/reader/position_slot_reg[1]_25[0]. Optimization improves timing on the net.
INFO: [Physopt 32-619] Estimated Timing Summary | WNS=-8.348 | TNS=-7155.585 |
INFO: [Physopt 32-663] Processed net checked_product_bank.adapter/bank/staged.read_address[2]_i_2_n_0.  Re-placed instance checked_product_bank.adapter/bank/staged.read_address[2]_i_2
INFO: [Physopt 32-735] Processed net checked_product_bank.adapter/bank/staged.read_address[2]_i_2_n_0. Optimization improves timing on the net.
INFO: [Physopt 32-619] Estimated Timing Summary | WNS=-8.343 | TNS=-7154.865 |
INFO: [Physopt 32-710] Processed net checked_product_bank.adapter/bank/staged.read_address[0]_i_2_n_0. Critical path length was reduced through logic transformation on cell checked_product_bank.adapter/bank/staged.read_address[0]_i_2_comp.
INFO: [Physopt 32-735] Processed net checked_product_bank.adapter/bank/staged.payload_memory_reg_i_1_n_0. Optimization improves timing on the net.
INFO: [Physopt 32-619] Estimated Timing Summary | WNS=-8.339 | TNS=-7154.037 |
INFO: [Physopt 32-702] Processed net checked_product_bank.adapter/reader/occupied[0]. Optimizations did not improve timing on the net.
INFO: [Physopt 32-710] Processed net checked_product_bank.adapter/reader/occupied[0]_i_1_n_0. Critical path length was reduced through logic transformation on cell checked_product_bank.adapter/reader/occupied[0]_i_1_comp.
INFO: [Physopt 32-735] Processed net checked_product_bank.adapter/reader/occupied[0]_i_2_n_0. Optimization improves timing on the net.
INFO: [Physopt 32-619] Estimated Timing Summary | WNS=-8.283 | TNS=-7153.869 |
INFO: [Physopt 32-663] Processed net checked_product_bank.adapter/reader/position_slot_reg[1]_25[7].  Re-placed instance checked_product_bank.adapter/reader/position_slot_reg[1][7]
INFO: [Physopt 32-735] Processed net checked_product_bank.adapter/reader/position_slot_reg[1]_25[7]. Optimization improves timing on the net.
INFO: [Physopt 32-619] Estimated Timing Summary | WNS=-8.277 | TNS=-7153.495 |
INFO: [Physopt 32-663] Processed net checked_product_bank.adapter/reader/position_slot_reg[1]_25[4].  Re-placed instance checked_product_bank.adapter/reader/position_slot_reg[1][4]
INFO: [Physopt 32-735] Processed net checked_product_bank.adapter/reader/position_slot_reg[1]_25[4]. Optimization improves timing on the net.
INFO: [Physopt 32-619] Estimated Timing Summary | WNS=-8.277 | TNS=-7153.184 |
INFO: [Physopt 32-663] Processed net checked_product_bank.adapter/reader/position_slot_reg[1]_25[8].  Re-placed instance checked_product_bank.adapter/reader/position_slot_reg[1][8]
INFO: [Physopt 32-735] Processed net checked_product_bank.adapter/reader/position_slot_reg[1]_25[8]. Optimization improves timing on the net.
INFO: [Physopt 32-619] Estimated Timing Summary | WNS=-8.266 | TNS=-7152.817 |
INFO: [Physopt 32-710] Processed net source_bank/common_source_epoch.slow_purge_fast_reg[1]. Critical path length was reduced through logic transformation on cell source_bank/fault_reasons[1]_i_4_comp_1.
INFO: [Physopt 32-735] Processed net checked_product_bank.adapter/reader/owned_reg_1. Optimization improves timing on the net.
INFO: [Physopt 32-619] Estimated Timing Summary | WNS=-8.229 | TNS=-7087.213 |
INFO: [Physopt 32-702] Processed net checked_product_bank.adapter/reader/good[1]. Optimizations did not improve timing on the net.
INFO: [Physopt 32-663] Processed net checked_product_bank.adapter/reader/occupied[1]_i_2_n_0.  Re-placed instance checked_product_bank.adapter/reader/occupied[1]_i_2
INFO: [Physopt 32-735] Processed net checked_product_bank.adapter/reader/occupied[1]_i_2_n_0. Optimization improves timing on the net.
INFO: [Physopt 32-619] Estimated Timing Summary | WNS=-8.226 | TNS=-7087.211 |
INFO: [Physopt 32-710] Processed net checked_product_bank.adapter/reader/good[1]_i_1_n_0. Critical path length was reduced through logic transformation on cell checked_product_bank.adapter/reader/good[1]_i_1_comp.
INFO: [Physopt 32-735] Processed net checked_product_bank.adapter/reader/occupied[1]_i_2_n_0. Optimization improves timing on the net.
INFO: [Physopt 32-619] Estimated Timing Summary | WNS=-8.226 | TNS=-7086.888 |
INFO: [Physopt 32-663] Processed net checked_product_bank.adapter/reader/position_slot_reg[0]_26[7].  Re-placed instance checked_product_bank.adapter/reader/position_slot_reg[0][7]
INFO: [Physopt 32-735] Processed net checked_product_bank.adapter/reader/position_slot_reg[0]_26[7]. Optimization improves timing on the net.
INFO: [Physopt 32-619] Estimated Timing Summary | WNS=-8.209 | TNS=-7086.674 |
INFO: [Physopt 32-663] Processed net checked_product_bank.adapter/reader/position_slot_reg[2]_24[8].  Re-placed instance checked_product_bank.adapter/reader/position_slot_reg[2][8]
INFO: [Physopt 32-735] Processed net checked_product_bank.adapter/reader/position_slot_reg[2]_24[8]. Optimization improves timing on the net.
INFO: [Physopt 32-619] Estimated Timing Summary | WNS=-8.206 | TNS=-7086.323 |
INFO: [Physopt 32-663] Processed net checked_product_bank.adapter/bank/staged.read_valid_reg_n_0.  Re-placed instance checked_product_bank.adapter/bank/staged.read_valid_reg
INFO: [Physopt 32-735] Processed net checked_product_bank.adapter/bank/staged.read_valid_reg_n_0. Optimization improves timing on the net.
INFO: [Physopt 32-619] Estimated Timing Summary | WNS=-8.205 | TNS=-7086.308 |
INFO: [Physopt 32-710] Processed net checked_product_bank.adapter/bank/taken_reg[1][0]. Critical path length was reduced through logic transformation on cell checked_product_bank.adapter/bank/expected_metadata[4]_i_1_comp_3.
INFO: [Physopt 32-735] Processed net checked_product_bank.adapter/reader/registered_scheduling.held_phase_reg_1_repN_2. Optimization improves timing on the net.
INFO: [Physopt 32-619] Estimated Timing Summary | WNS=-8.203 | TNS=-7085.992 |
INFO: [Physopt 32-663] Processed net checked_product_bank.adapter/reader/position_slot_reg[2]_24[2].  Re-placed instance checked_product_bank.adapter/reader/position_slot_reg[2][2]
INFO: [Physopt 32-735] Processed net checked_product_bank.adapter/reader/position_slot_reg[2]_24[2]. Optimization improves timing on the net.
INFO: [Physopt 32-619] Estimated Timing Summary | WNS=-8.203 | TNS=-7085.900 |
INFO: [Physopt 32-663] Processed net checked_product_bank.adapter/reader/position_slot_reg[2]_24[5].  Re-placed instance checked_product_bank.adapter/reader/position_slot_reg[2][5]
INFO: [Physopt 32-735] Processed net checked_product_bank.adapter/reader/position_slot_reg[2]_24[5]. Optimization improves timing on the net.
INFO: [Physopt 32-619] Estimated Timing Summary | WNS=-8.197 | TNS=-7085.724 |
INFO: [Physopt 32-702] Processed net checked_product_bank.adapter/reader/position_slot_reg[0]_26[1]. Optimizations did not improve timing on the net.
INFO: [Physopt 32-702] Processed net checked_product_bank.adapter/bank/staged.read_valid_reg_0. Optimizations did not improve timing on the net.
INFO: [Physopt 32-710] Processed net checked_product_bank.adapter/bank/staged.read_valid_reg_0. Critical path length was reduced through logic transformation on cell checked_product_bank.adapter/bank/taken[0]_i_1_comp.
INFO: [Physopt 32-735] Processed net checked_product_bank.adapter/reader/issued_reg[9]_0. Optimization improves timing on the net.
INFO: [Physopt 32-619] Estimated Timing Summary | WNS=-8.180 | TNS=-7043.247 |
INFO: [Physopt 32-702] Processed net checked_product_bank.adapter/bank/staged.read_valid_reg_n_0. Optimizations did not improve timing on the net.
INFO: [Physopt 32-663] Processed net checked_product_bank.adapter/bank/staged.payload_memory_reg_i_1_n_0.  Re-placed instance checked_product_bank.adapter/bank/staged.payload_memory_reg_i_1
INFO: [Physopt 32-735] Processed net checked_product_bank.adapter/bank/staged.payload_memory_reg_i_1_n_0. Optimization improves timing on the net.
INFO: [Physopt 32-619] Estimated Timing Summary | WNS=-8.144 | TNS=-7043.089 |
INFO: [Physopt 32-702] Processed net checked_product_bank.adapter/bank/D[34]. Optimizations did not improve timing on the net.
INFO: [Physopt 32-710] Processed net checked_product_bank.adapter/bank/staged.payload_memory_reg_i_1_n_0_repN. Critical path length was reduced through logic transformation on cell checked_product_bank.adapter/bank/staged.payload_memory_reg_i_1_replica_comp.
INFO: [Physopt 32-735] Processed net checked_product_bank.adapter/bank/staged.payload_memory_reg_i_6_n_0. Optimization improves timing on the net.
INFO: [Physopt 32-619] Estimated Timing Summary | WNS=-8.142 | TNS=-7038.277 |
INFO: [Physopt 32-702] Processed net checked_product_bank.adapter/bank/completion_reference_repN. Optimizations did not improve timing on the net.
INFO: [Physopt 32-663] Processed net checked_product_bank.adapter/bank/forward_completion0.  Re-placed instance checked_product_bank.adapter/bank/reasons[1]_i_2
INFO: [Physopt 32-735] Processed net checked_product_bank.adapter/bank/forward_completion0. Optimization improves timing on the net.
INFO: [Physopt 32-619] Estimated Timing Summary | WNS=-8.122 | TNS=-7038.265 |
INFO: [Physopt 32-710] Processed net result_guard/registered_scheduling.next_inverse_reg_1. Critical path length was reduced through logic transformation on cell result_guard/checked_product_bank.origin_valid_i_1_comp.
INFO: [Physopt 32-735] Processed net checked_product_bank.adapter/reader/fault_reasons[0]_i_3_n_0. Optimization improves timing on the net.
INFO: [Physopt 32-619] Estimated Timing Summary | WNS=-8.112 | TNS=-7038.651 |
INFO: [Physopt 32-710] Processed net checked_product_bank.adapter/bank/completion_reference_repN. Critical path length was reduced through logic transformation on cell checked_product_bank.adapter/bank/expected_metadata[4]_i_4_replica_comp.
INFO: [Physopt 32-735] Processed net checked_product_bank.adapter/bank/forward_completion0. Optimization improves timing on the net.
INFO: [Physopt 32-619] Estimated Timing Summary | WNS=-8.029 | TNS=-7035.859 |
INFO: [Physopt 32-710] Processed net checked_product_bank.adapter/bank/staged.read_valid_i_1_n_0. Critical path length was reduced through logic transformation on cell checked_product_bank.adapter/bank/staged.read_valid_i_1_comp.
INFO: [Physopt 32-735] Processed net checked_product_bank.adapter/bank/staged.payload_memory_reg_i_1_n_0. Optimization improves timing on the net.
INFO: [Physopt 32-619] Estimated Timing Summary | WNS=-7.965 | TNS=-7035.561 |
INFO: [Physopt 32-710] Processed net checked_product_bank.adapter/bank/staged.payload_memory_reg_i_1_n_0_repN. Critical path length was reduced through logic transformation on cell checked_product_bank.adapter/bank/staged.payload_memory_reg_i_1_replica_comp_1.
INFO: [Physopt 32-735] Processed net checked_product_bank.adapter/reader/issued_reg[9]_0. Optimization improves timing on the net.
INFO: [Physopt 32-619] Estimated Timing Summary | WNS=-7.958 | TNS=-7024.636 |
INFO: [Physopt 32-702] Processed net checked_product_bank.adapter/reader/p_11_in. Optimizations did not improve timing on the net.
INFO: [Physopt 32-663] Processed net checked_product_bank.adapter/reader/checked_product_bank.bound_receipt_i_2_n_0.  Re-placed instance checked_product_bank.adapter/reader/checked_product_bank.bound_receipt_i_2
INFO: [Physopt 32-735] Processed net checked_product_bank.adapter/reader/checked_product_bank.bound_receipt_i_2_n_0. Optimization improves timing on the net.
INFO: [Physopt 32-619] Estimated Timing Summary | WNS=-7.953 | TNS=-7022.424 |
INFO: [Physopt 32-663] Processed net p_1_in56_in[1].  Re-placed instance registered_scheduling.engine_metadata_reg[61]
INFO: [Physopt 32-735] Processed net p_1_in56_in[1]. Optimization improves timing on the net.
INFO: [Physopt 32-619] Estimated Timing Summary | WNS=-7.953 | TNS=-7021.867 |
INFO: [Physopt 32-663] Processed net p_1_in56_in[2].  Re-placed instance registered_scheduling.engine_metadata_reg[62]
INFO: [Physopt 32-735] Processed net p_1_in56_in[2]. Optimization improves timing on the net.
INFO: [Physopt 32-619] Estimated Timing Summary | WNS=-7.953 | TNS=-7021.310 |
INFO: [Physopt 32-663] Processed net p_1_in59_in[0].  Re-placed instance registered_scheduling.engine_metadata_reg[63]
INFO: [Physopt 32-735] Processed net p_1_in59_in[0]. Optimization improves timing on the net.
INFO: [Physopt 32-619] Estimated Timing Summary | WNS=-7.953 | TNS=-7020.752 |
INFO: [Common 17-14] Message 'Physopt 32-619' appears 100 times and further instances of the messages will be disabled. Use the Tcl command set_msg_config to change the current settings.
INFO: [Physopt 32-663] Processed net p_1_in59_in[1].  Re-placed instance registered_scheduling.engine_metadata_reg[64]
INFO: [Physopt 32-735] Processed net p_1_in59_in[1]. Optimization improves timing on the net.
INFO: [Physopt 32-710] Processed net checked_product_bank.adapter/bank/staged.read_valid_reg_0. Critical path length was reduced through logic transformation on cell checked_product_bank.adapter/bank/taken[0]_i_1_comp_1.
INFO: [Physopt 32-735] Processed net checked_product_bank.adapter/reader/head[1]_i_3_n_0. Optimization improves timing on the net.
INFO: [Physopt 32-663] Processed net checked_product_bank.adapter/bank/completion_reference.  Re-placed instance checked_product_bank.adapter/bank/expected_metadata[4]_i_4
INFO: [Physopt 32-735] Processed net checked_product_bank.adapter/bank/completion_reference. Optimization improves timing on the net.
INFO: [Common 17-14] Message 'Physopt 32-735' appears 100 times and further instances of the messages will be disabled. Use the Tcl command set_msg_config to change the current settings.
INFO: [Physopt 32-663] Processed net p_1_in47_in[2].  Re-placed instance registered_scheduling.engine_metadata_reg[53]
INFO: [Physopt 32-663] Processed net p_1_in50_in[0].  Re-placed instance registered_scheduling.engine_metadata_reg[54]
INFO: [Physopt 32-663] Processed net p_1_in50_in[1].  Re-placed instance registered_scheduling.engine_metadata_reg[55]
INFO: [Physopt 32-663] Processed net p_1_in50_in[2].  Re-placed instance registered_scheduling.engine_metadata_reg[56]
INFO: [Physopt 32-702] Processed net per_cause_fault_cdc.causes[8].cause_sync[0]. Optimizations did not improve timing on the net.
INFO: [Physopt 32-702] Processed net distributed_fast_fault.cause_sticky__0[8]. Optimizations did not improve timing on the net.
INFO: [Physopt 32-663] Processed net p_1_in53_in[2].  Re-placed instance registered_scheduling.engine_metadata_reg[59]
INFO: [Physopt 32-663] Processed net p_1_in56_in[0].  Re-placed instance registered_scheduling.engine_metadata_reg[60]
INFO: [Physopt 32-663] Processed net p_1_in62_in[1].  Re-placed instance registered_scheduling.engine_metadata_reg[67]
INFO: [Physopt 32-663] Processed net p_1_in62_in[2].  Re-placed instance registered_scheduling.engine_metadata_reg[68]
INFO: [Physopt 32-702] Processed net checked_product_bank.adapter/expected_metadata_reg_n_0_[15]. Optimizations did not improve timing on the net.
INFO: [Physopt 32-663] Processed net checked_product_bank.adapter/reader/tag1[0].  Re-placed instance checked_product_bank.adapter/reader/tag1_reg[0]
INFO: [Physopt 32-702] Processed net checked_product_bank.adapter/reader/tag1[0]. Optimizations did not improve timing on the net.
INFO: [Physopt 32-702] Processed net checked_product_bank.adapter/reader/p_11_in. Optimizations did not improve timing on the net.
INFO: [Physopt 32-702] Processed net checked_product_bank.adapter/reader/checked_product_bank.bound_receipt_i_2_n_0. Optimizations did not improve timing on the net.
INFO: [Physopt 32-702] Processed net checked_product_bank.adapter/reader/owned_reg_1. Optimizations did not improve timing on the net.
INFO: [Physopt 32-702] Processed net checked_product_bank.adapter/reader/head[1]_i_6_n_0. Optimizations did not improve timing on the net.
INFO: [Physopt 32-702] Processed net checked_product_bank.adapter/reader/reasons[6]_i_2_n_0. Optimizations did not improve timing on the net.
INFO: [Physopt 32-702] Processed net checked_product_bank.adapter/reader/staged.lease_reg[0]. Optimizations did not improve timing on the net.
INFO: [Physopt 32-702] Processed net checked_product_bank.adapter/reader/reader_reference_reg. Optimizations did not improve timing on the net.
INFO: [Physopt 32-702] Processed net checked_product_bank.adapter/bank/producer_reference_reg. Optimizations did not improve timing on the net.
INFO: [Physopt 32-702] Processed net checked_product_bank.adapter/bank/reasons[15]_i_3_n_0. Optimizations did not improve timing on the net.
INFO: [Physopt 32-608] Optimized 1 net.  Swapped 16 pins.
INFO: [Physopt 32-702] Processed net checked_product_bank.adapter/reader/output_overflow_reg. Optimizations did not improve timing on the net.
INFO: [Physopt 32-702] Processed net checked_product_bank.adapter/bank/producer_reference_reg_0. Optimizations did not improve timing on the net.
INFO: [Physopt 32-702] Processed net checked_product_bank.adapter/reader/registered_scheduling.held_phase_reg_0. Optimizations did not improve timing on the net.
INFO: [Physopt 32-702] Processed net checked_product_bank.adapter/reader/registered_scheduling.held_phase_reg_6. Optimizations did not improve timing on the net.
INFO: [Physopt 32-608] Optimized 1 net.  Swapped 22 pins.
INFO: [Physopt 32-702] Processed net checked_product_bank.adapter/reader/product_start_binding. Optimizations did not improve timing on the net.
INFO: [Physopt 32-702] Processed net checked_product_bank.adapter/reader/product_reader_token_fault. Optimizations did not improve timing on the net.
INFO: [Physopt 32-702] Processed net checked_product_bank.adapter/reader/taken_reg[1]_0. Optimizations did not improve timing on the net.
INFO: [Physopt 32-702] Processed net checked_product_bank.adapter/reader/lease_reference[1]_i_6_n_0. Optimizations did not improve timing on the net.
INFO: [Physopt 32-702] Processed net checked_product_bank.adapter/reader/lease_reference[1]_i_15_n_0. Optimizations did not improve timing on the net.
INFO: [Physopt 32-702] Processed net checked_product_bank.adapter/reader/tag_bad2. Optimizations did not improve timing on the net.
INFO: [Physopt 32-608] Optimized 1 net.  Swapped 17 pins.
INFO: [Physopt 32-702] Processed net checked_product_bank.adapter/reader/tag_bad2_carry_i_3_n_0. Optimizations did not improve timing on the net.
INFO: [Physopt 32-663] Processed net checked_product_bank.adapter/reader/tag_bad2_carry_i_12_n_0.  Re-placed instance checked_product_bank.adapter/reader/tag_bad2_carry_i_12
INFO: [Physopt 32-702] Processed net checked_product_bank.adapter/reader/tag_bad2_carry_i_2_n_0. Optimizations did not improve timing on the net.
INFO: [Physopt 32-663] Processed net checked_product_bank.adapter/reader/tag_bad2_carry_i_7_n_0.  Re-placed instance checked_product_bank.adapter/reader/tag_bad2_carry_i_7
INFO: [Physopt 32-663] Processed net checked_product_bank.adapter/reader/tag_bad2_carry_i_10_n_0.  Re-placed instance checked_product_bank.adapter/reader/tag_bad2_carry_i_10
INFO: [Physopt 32-702] Processed net checked_product_bank.adapter/reader/tag_bad2_carry_i_7_n_0. Optimizations did not improve timing on the net.
INFO: [Physopt 32-608] Optimized 1 net.  Swapped 20 pins.
INFO: [Physopt 32-663] Processed net p_1_in23_in[0].  Re-placed instance registered_scheduling.engine_metadata_reg[27]
INFO: [Physopt 32-663] Processed net p_1_in23_in[1].  Re-placed instance registered_scheduling.engine_metadata_reg[28]
INFO: [Physopt 32-702] Processed net admission_receipt. Optimizations did not improve timing on the net.
INFO: [Physopt 32-702] Processed net checked_product_bank.adapter/reader/fault_reasons[0]_i_3_n_0. Optimizations did not improve timing on the net.
INFO: [Physopt 32-608] Optimized 1 net.  Swapped 22 pins.
INFO: [Physopt 32-702] Processed net checked_product_bank.adapter/completion_reference_reg_n_0. Optimizations did not improve timing on the net.
INFO: [Physopt 32-608] Optimized 1 net.  Swapped 19 pins.
INFO: [Physopt 32-702] Processed net result_guard/awaiting_ack. Optimizations did not improve timing on the net.
INFO: [Physopt 32-702] Processed net checked_product_bank.adapter/reader/input_fault_reg. Optimizations did not improve timing on the net.
INFO: [Physopt 32-608] Optimized 1 net.  Swapped 16 pins.
INFO: [Physopt 32-702] Processed net completion_receipt. Optimizations did not improve timing on the net.
INFO: [Physopt 32-702] Processed net checked_product_bank.adapter/reader/input_fault_reg_0. Optimizations did not improve timing on the net.
INFO: [Physopt 32-702] Processed net checked_product_bank.adapter/reader/completion_accept. Optimizations did not improve timing on the net.
INFO: [Physopt 32-702] Processed net per_cause_fault_cdc.causes[8].cause_sync[0]. Optimizations did not improve timing on the net.
INFO: [Physopt 32-702] Processed net distributed_fast_fault.cause_sticky__0[8]. Optimizations did not improve timing on the net.
Phase 3 Critical Path Optimization | Checksum: 210a7f6ac

Time (s): cpu = 00:00:12 ; elapsed = 00:00:09 . Memory (MB): peak = 2615.328 ; gain = 0.000 ; free physical = 1792 ; free virtual = 123135

Phase 4 Critical Path Optimization
INFO: [Physopt 32-702] Processed net completion_receipt. Optimizations did not improve timing on the net.
INFO: [Physopt 32-81] Processed net checked_product_bank.adapter/reader/tag1[0]. Replicated 2 times.
INFO: [Physopt 32-702] Processed net checked_product_bank.adapter/reader/tag1[0]_repN_1. Optimizations did not improve timing on the net.
INFO: [Physopt 32-710] Processed net checked_product_bank.adapter/reader/completion_accept. Critical path length was reduced through logic transformation on cell checked_product_bank.adapter/reader/registered_scheduling.completion_receipt_i_1_comp.
INFO: [Physopt 32-710] Processed net checked_product_bank.adapter/reader/completion_accept. Critical path length was reduced through logic transformation on cell checked_product_bank.adapter/reader/registered_scheduling.completion_receipt_i_1_comp_2.
INFO: [Physopt 32-702] Processed net registered_scheduling.descriptor_certified_reg_n_0. Optimizations did not improve timing on the net.
INFO: [Physopt 32-710] Processed net checked_product_bank.adapter/bank/registered_scheduling.descriptor_certified_reg. Critical path length was reduced through logic transformation on cell checked_product_bank.adapter/bank/registered_scheduling.descriptor_certified_i_1_comp.
INFO: [Physopt 32-702] Processed net checked_product_bank.bound_receipt. Optimizations did not improve timing on the net.
INFO: [Physopt 32-710] Processed net checked_product_bank.adapter/reader/registered_scheduling.held_phase_reg_7. Critical path length was reduced through logic transformation on cell checked_product_bank.adapter/reader/checked_product_bank.bound_receipt_i_1_comp.
INFO: [Physopt 32-663] Processed net p_1_in41_in[2].  Re-placed instance registered_scheduling.engine_metadata_reg[47]
INFO: [Physopt 32-663] Processed net p_1_in44_in[0].  Re-placed instance registered_scheduling.engine_metadata_reg[48]
INFO: [Physopt 32-663] Processed net p_1_in44_in[1].  Re-placed instance registered_scheduling.engine_metadata_reg[49]
INFO: [Physopt 32-663] Processed net p_1_in44_in[2].  Re-placed instance registered_scheduling.engine_metadata_reg[50]
INFO: [Physopt 32-663] Processed net p_1_in53_in[0].  Re-placed instance registered_scheduling.engine_metadata_reg[57]
INFO: [Physopt 32-663] Processed net p_1_in53_in[1].  Re-placed instance registered_scheduling.engine_metadata_reg[58]
INFO: [Physopt 32-663] Processed net p_1_in[2].  Re-placed instance registered_scheduling.engine_metadata_reg[5]
INFO: [Physopt 32-663] Processed net p_1_in2_in[0].  Re-placed instance registered_scheduling.engine_metadata_reg[6]
INFO: [Physopt 32-663] Processed net p_1_in20_in[1].  Re-placed instance registered_scheduling.engine_metadata_reg[25]
INFO: [Physopt 32-663] Processed net p_1_in20_in[2].  Re-placed instance registered_scheduling.engine_metadata_reg[26]
INFO: [Physopt 32-702] Processed net per_cause_fault_cdc.causes[8].cause_sync[0]. Optimizations did not improve timing on the net.
INFO: [Physopt 32-702] Processed net distributed_fast_fault.cause_sticky__0[8]. Optimizations did not improve timing on the net.
INFO: [Physopt 32-663] Processed net p_1_in26_in[1].  Re-placed instance registered_scheduling.engine_metadata_reg[31]
INFO: [Physopt 32-663] Processed net p_1_in26_in[2].  Re-placed instance registered_scheduling.engine_metadata_reg[32]
INFO: [Physopt 32-663] Processed net p_1_in32_in[1].  Re-placed instance registered_scheduling.engine_metadata_reg[37]
INFO: [Physopt 32-663] Processed net p_1_in32_in[2].  Re-placed instance registered_scheduling.engine_metadata_reg[38]
INFO: [Physopt 32-663] Processed net p_1_in35_in[0].  Re-placed instance registered_scheduling.engine_metadata_reg[39]
INFO: [Physopt 32-663] Processed net p_1_in35_in[1].  Re-placed instance registered_scheduling.engine_metadata_reg[40]
INFO: [Physopt 32-702] Processed net checked_product_bank.origin_valid. Optimizations did not improve timing on the net.
INFO: [Physopt 32-702] Processed net checked_product_bank.adapter/reader/tag1[0]_repN_1. Optimizations did not improve timing on the net.
INFO: [Physopt 32-702] Processed net checked_product_bank.adapter/reader/fault_reasons[0]_i_3_n_0_repN_2. Optimizations did not improve timing on the net.
INFO: [Physopt 32-702] Processed net input_guard/certified_input_beat. Optimizations did not improve timing on the net.
INFO: [Physopt 32-702] Processed net source_bank/common_source_epoch.slow_purge_fast_reg[1]. Optimizations did not improve timing on the net.
INFO: [Physopt 32-702] Processed net checked_product_bank.adapter/reader/head[1]_i_6_n_0. Optimizations did not improve timing on the net.
INFO: [Physopt 32-702] Processed net checked_product_bank.adapter/reader/reasons[6]_i_2_n_0. Optimizations did not improve timing on the net.
INFO: [Physopt 32-702] Processed net checked_product_bank.adapter/reader/staged.lease_reg[0]. Optimizations did not improve timing on the net.
INFO: [Physopt 32-702] Processed net checked_product_bank.adapter/reader/reader_reference_reg. Optimizations did not improve timing on the net.
INFO: [Physopt 32-702] Processed net checked_product_bank.adapter/bank/producer_reference_reg. Optimizations did not improve timing on the net.
INFO: [Physopt 32-702] Processed net checked_product_bank.adapter/bank/reasons[15]_i_3_n_0. Optimizations did not improve timing on the net.
INFO: [Physopt 32-702] Processed net checked_product_bank.adapter/reader/output_overflow_reg. Optimizations did not improve timing on the net.
INFO: [Physopt 32-702] Processed net checked_product_bank.adapter/bank/producer_reference_reg_0. Optimizations did not improve timing on the net.
INFO: [Physopt 32-702] Processed net checked_product_bank.adapter/reader/registered_scheduling.held_phase_reg_0. Optimizations did not improve timing on the net.
INFO: [Physopt 32-702] Processed net checked_product_bank.adapter/reader/registered_scheduling.held_phase_reg_6. Optimizations did not improve timing on the net.
INFO: [Physopt 32-702] Processed net checked_product_bank.adapter/reader/product_start_binding. Optimizations did not improve timing on the net.
INFO: [Physopt 32-702] Processed net checked_product_bank.adapter/reader/product_reader_token_fault. Optimizations did not improve timing on the net.
INFO: [Physopt 32-702] Processed net checked_product_bank.adapter/reader/taken_reg[1]_0. Optimizations did not improve timing on the net.
INFO: [Physopt 32-702] Processed net checked_product_bank.adapter/reader/lease_reference[1]_i_6_n_0. Optimizations did not improve timing on the net.
INFO: [Physopt 32-702] Processed net checked_product_bank.adapter/reader/lease_reference[1]_i_15_n_0. Optimizations did not improve timing on the net.
INFO: [Physopt 32-702] Processed net checked_product_bank.adapter/reader/tag_bad2. Optimizations did not improve timing on the net.
INFO: [Physopt 32-702] Processed net checked_product_bank.adapter/reader/tag_bad2_carry_i_2_n_0. Optimizations did not improve timing on the net.
INFO: [Physopt 32-663] Processed net checked_product_bank.adapter/reader/tag_bad2_carry_i_7_n_0.  Re-placed instance checked_product_bank.adapter/reader/tag_bad2_carry_i_7
INFO: [Physopt 32-663] Processed net checked_product_bank.adapter/reader/Q[2].  Re-placed instance checked_product_bank.adapter/reader/descriptor_reg[2]
INFO: [Physopt 32-663] Processed net checked_product_bank.adapter/reader/position_slot_reg[2]_24[5].  Re-placed instance checked_product_bank.adapter/reader/position_slot_reg[2][5]
INFO: [Physopt 32-663] Processed net checked_product_bank.adapter/reader/tag_bad2_carry_i_9_n_0.  Re-placed instance checked_product_bank.adapter/reader/tag_bad2_carry_i_9
INFO: [Physopt 32-702] Processed net checked_product_bank.adapter/reader/tag_bad2_carry_i_7_n_0. Optimizations did not improve timing on the net.
INFO: [Physopt 32-663] Processed net result_guard/registered_scheduling.next_inverse_reg_1.  Re-placed instance result_guard/checked_product_bank.origin_valid_i_1_comp
INFO: [Physopt 32-702] Processed net checked_product_bank.adapter/handoff_seen_reg_n_0. Optimizations did not improve timing on the net.
INFO: [Physopt 32-702] Processed net checked_product_bank.adapter/reader/input_fault_reg. Optimizations did not improve timing on the net.
INFO: [Physopt 32-702] Processed net checked_product_bank.adapter/reader/fault_reasons[0]_i_3_n_0. Optimizations did not improve timing on the net.
INFO: [Physopt 32-702] Processed net checked_product_bank.adapter/reader/p_11_in. Optimizations did not improve timing on the net.
INFO: [Physopt 32-702] Processed net checked_product_bank.adapter/reader/checked_product_bank.bound_receipt_i_2_n_0. Optimizations did not improve timing on the net.
INFO: [Physopt 32-702] Processed net checked_product_bank.adapter/reader/owned_reg_1. Optimizations did not improve timing on the net.
INFO: [Physopt 32-702] Processed net checked_product_bank.adapter/bank/handoff_seen_reg. Optimizations did not improve timing on the net.
INFO: [Physopt 32-702] Processed net per_cause_fault_cdc.causes[8].cause_sync[0]. Optimizations did not improve timing on the net.
INFO: [Physopt 32-702] Processed net distributed_fast_fault.cause_sticky__0[8]. Optimizations did not improve timing on the net.
Phase 4 Critical Path Optimization | Checksum: 21baaf290

Time (s): cpu = 00:00:14 ; elapsed = 00:00:11 . Memory (MB): peak = 2615.328 ; gain = 0.000 ; free physical = 1831 ; free virtual = 123174
Netlist sorting complete. Time (s): cpu = 00:00:00.01 ; elapsed = 00:00:00.01 . Memory (MB): peak = 2615.328 ; gain = 0.000 ; free physical = 1831 ; free virtual = 123174
INFO: [Physopt 32-603] Post Physical Optimization Timing Summary | WNS=-7.370 | TNS=-6537.353 |

Summary of Physical Synthesis Optimizations
============================================


-------------------------------------------------------------------------------------------------------------------------------------------------------------
|  Optimization   |  WNS Gain (ns)  |  TNS Gain (ns)  |  Added Cells  |  Removed Cells  |  Optimized Cells/Nets  |  Dont Touch  |  Iterations  |  Elapsed   |
-------------------------------------------------------------------------------------------------------------------------------------------------------------
|  DSP Register   |          0.000  |          0.000  |            0  |              0  |                     0  |           0  |           1  |  00:00:00  |
|  Critical Path  |          2.316  |        758.855  |            5  |              0  |                   147  |           0  |           2  |  00:00:11  |
|  Total          |          2.316  |        758.855  |            5  |              0  |                   147  |           0  |           3  |  00:00:11  |
-------------------------------------------------------------------------------------------------------------------------------------------------------------


Netlist sorting complete. Time (s): cpu = 00:00:00 ; elapsed = 00:00:00 . Memory (MB): peak = 2615.328 ; gain = 0.000 ; free physical = 1831 ; free virtual = 123174
Ending Physical Synthesis Task | Checksum: 2415cfd20

Time (s): cpu = 00:00:14 ; elapsed = 00:00:11 . Memory (MB): peak = 2615.328 ; gain = 0.000 ; free physical = 1831 ; free virtual = 123174
INFO: [Common 17-83] Releasing license: Implementation
550 Infos, 2 Warnings, 0 Critical Warnings and 0 Errors encountered.
phys_opt_design completed successfully
phys_opt_design: Time (s): cpu = 00:00:15 ; elapsed = 00:00:11 . Memory (MB): peak = 2615.328 ; gain = 0.000 ; free physical = 1834 ; free virtual = 123178
INFO: [Common 17-600] The following parameters have non-default value.
general.maxThreads
Command: route_design
Attempting to get a license for feature 'Implementation' and/or device 'xc7z010'
INFO: [Common 17-349] Got license for feature 'Implementation' and/or device 'xc7z010'
INFO: [DRC 23-27] Running DRC with 2 threads
INFO: [Vivado_Tcl 4-198] DRC finished with 0 Errors
INFO: [Vivado_Tcl 4-199] Please refer to the DRC report (report_drc) for more information.
Running DRC as a precondition to command route_design
INFO: [DRC 23-27] Running DRC with 2 threads
INFO: [Vivado_Tcl 4-198] DRC finished with 0 Errors
INFO: [Vivado_Tcl 4-199] Please refer to the DRC report (report_drc) for more information.


Starting Routing Task
INFO: [Route 35-254] Multithreading enabled for route_design using a maximum of 2 CPUs

Phase 1 Build RT Design
Checksum: PlaceDB: 8b676b6d ConstDB: 0 ShapeSum: bbb2756f RouteDB: 0
WARNING: [Route 35-197] Clock port "fft_clk" does not have an associated HD.CLK_SRC. Without this constraint, timing analysis may not be accurate and upstream checks cannot be done to ensure correct clock placement.
WARNING: [Route 35-197] Clock port "clk" does not have an associated HD.CLK_SRC. Without this constraint, timing analysis may not be accurate and upstream checks cannot be done to ensure correct clock placement.
WARNING: [Route 35-198] Port "input_data[15]" does not have an associated HD.PARTPIN_LOCS, which will prevent the partial routing of the signal "input_data[15]". Without this partial route, timing analysis to/from this port will not be accurate, and no routing information for this port can be exported.
WARNING: [Route 35-198] Port "input_data[14]" does not have an associated HD.PARTPIN_LOCS, which will prevent the partial routing of the signal "input_data[14]". Without this partial route, timing analysis to/from this port will not be accurate, and no routing information for this port can be exported.
WARNING: [Route 35-198] Port "input_data[13]" does not have an associated HD.PARTPIN_LOCS, which will prevent the partial routing of the signal "input_data[13]". Without this partial route, timing analysis to/from this port will not be accurate, and no routing information for this port can be exported.
WARNING: [Route 35-198] Port "input_data[12]" does not have an associated HD.PARTPIN_LOCS, which will prevent the partial routing of the signal "input_data[12]". Without this partial route, timing analysis to/from this port will not be accurate, and no routing information for this port can be exported.
WARNING: [Route 35-198] Port "input_data[11]" does not have an associated HD.PARTPIN_LOCS, which will prevent the partial routing of the signal "input_data[11]". Without this partial route, timing analysis to/from this port will not be accurate, and no routing information for this port can be exported.
WARNING: [Route 35-198] Port "input_data[10]" does not have an associated HD.PARTPIN_LOCS, which will prevent the partial routing of the signal "input_data[10]". Without this partial route, timing analysis to/from this port will not be accurate, and no routing information for this port can be exported.
WARNING: [Route 35-198] Port "input_data[9]" does not have an associated HD.PARTPIN_LOCS, which will prevent the partial routing of the signal "input_data[9]". Without this partial route, timing analysis to/from this port will not be accurate, and no routing information for this port can be exported.
WARNING: [Route 35-198] Port "input_data[8]" does not have an associated HD.PARTPIN_LOCS, which will prevent the partial routing of the signal "input_data[8]". Without this partial route, timing analysis to/from this port will not be accurate, and no routing information for this port can be exported.
WARNING: [Route 35-198] Port "input_data[7]" does not have an associated HD.PARTPIN_LOCS, which will prevent the partial routing of the signal "input_data[7]". Without this partial route, timing analysis to/from this port will not be accurate, and no routing information for this port can be exported.
WARNING: [Route 35-198] Port "input_data[6]" does not have an associated HD.PARTPIN_LOCS, which will prevent the partial routing of the signal "input_data[6]". Without this partial route, timing analysis to/from this port will not be accurate, and no routing information for this port can be exported.
WARNING: [Route 35-198] Port "input_data[5]" does not have an associated HD.PARTPIN_LOCS, which will prevent the partial routing of the signal "input_data[5]". Without this partial route, timing analysis to/from this port will not be accurate, and no routing information for this port can be exported.
WARNING: [Route 35-198] Port "input_data[4]" does not have an associated HD.PARTPIN_LOCS, which will prevent the partial routing of the signal "input_data[4]". Without this partial route, timing analysis to/from this port will not be accurate, and no routing information for this port can be exported.
WARNING: [Route 35-198] Port "input_data[3]" does not have an associated HD.PARTPIN_LOCS, which will prevent the partial routing of the signal "input_data[3]". Without this partial route, timing analysis to/from this port will not be accurate, and no routing information for this port can be exported.
WARNING: [Route 35-198] Port "input_data[2]" does not have an associated HD.PARTPIN_LOCS, which will prevent the partial routing of the signal "input_data[2]". Without this partial route, timing analysis to/from this port will not be accurate, and no routing information for this port can be exported.
WARNING: [Route 35-198] Port "input_data[1]" does not have an associated HD.PARTPIN_LOCS, which will prevent the partial routing of the signal "input_data[1]". Without this partial route, timing analysis to/from this port will not be accurate, and no routing information for this port can be exported.
WARNING: [Route 35-198] Port "input_data[0]" does not have an associated HD.PARTPIN_LOCS, which will prevent the partial routing of the signal "input_data[0]". Without this partial route, timing analysis to/from this port will not be accurate, and no routing information for this port can be exported.
WARNING: [Route 35-198] Port "input_data[31]" does not have an associated HD.PARTPIN_LOCS, which will prevent the partial routing of the signal "input_data[31]". Without this partial route, timing analysis to/from this port will not be accurate, and no routing information for this port can be exported.
WARNING: [Route 35-198] Port "input_data[30]" does not have an associated HD.PARTPIN_LOCS, which will prevent the partial routing of the signal "input_data[30]". Without this partial route, timing analysis to/from this port will not be accurate, and no routing information for this port can be exported.
WARNING: [Route 35-198] Port "input_data[29]" does not have an associated HD.PARTPIN_LOCS, which will prevent the partial routing of the signal "input_data[29]". Without this partial route, timing analysis to/from this port will not be accurate, and no routing information for this port can be exported.
WARNING: [Route 35-198] Port "input_data[28]" does not have an associated HD.PARTPIN_LOCS, which will prevent the partial routing of the signal "input_data[28]". Without this partial route, timing analysis to/from this port will not be accurate, and no routing information for this port can be exported.
WARNING: [Route 35-198] Port "input_data[27]" does not have an associated HD.PARTPIN_LOCS, which will prevent the partial routing of the signal "input_data[27]". Without this partial route, timing analysis to/from this port will not be accurate, and no routing information for this port can be exported.
WARNING: [Route 35-198] Port "input_data[26]" does not have an associated HD.PARTPIN_LOCS, which will prevent the partial routing of the signal "input_data[26]". Without this partial route, timing analysis to/from this port will not be accurate, and no routing information for this port can be exported.
WARNING: [Route 35-198] Port "input_data[25]" does not have an associated HD.PARTPIN_LOCS, which will prevent the partial routing of the signal "input_data[25]". Without this partial route, timing analysis to/from this port will not be accurate, and no routing information for this port can be exported.
WARNING: [Route 35-198] Port "input_data[24]" does not have an associated HD.PARTPIN_LOCS, which will prevent the partial routing of the signal "input_data[24]". Without this partial route, timing analysis to/from this port will not be accurate, and no routing information for this port can be exported.
WARNING: [Route 35-198] Port "input_data[23]" does not have an associated HD.PARTPIN_LOCS, which will prevent the partial routing of the signal "input_data[23]". Without this partial route, timing analysis to/from this port will not be accurate, and no routing information for this port can be exported.
WARNING: [Route 35-198] Port "input_data[22]" does not have an associated HD.PARTPIN_LOCS, which will prevent the partial routing of the signal "input_data[22]". Without this partial route, timing analysis to/from this port will not be accurate, and no routing information for this port can be exported.
WARNING: [Route 35-198] Port "input_data[21]" does not have an associated HD.PARTPIN_LOCS, which will prevent the partial routing of the signal "input_data[21]". Without this partial route, timing analysis to/from this port will not be accurate, and no routing information for this port can be exported.
WARNING: [Route 35-198] Port "input_data[20]" does not have an associated HD.PARTPIN_LOCS, which will prevent the partial routing of the signal "input_data[20]". Without this partial route, timing analysis to/from this port will not be accurate, and no routing information for this port can be exported.
WARNING: [Route 35-198] Port "input_data[19]" does not have an associated HD.PARTPIN_LOCS, which will prevent the partial routing of the signal "input_data[19]". Without this partial route, timing analysis to/from this port will not be accurate, and no routing information for this port can be exported.
WARNING: [Route 35-198] Port "input_data[18]" does not have an associated HD.PARTPIN_LOCS, which will prevent the partial routing of the signal "input_data[18]". Without this partial route, timing analysis to/from this port will not be accurate, and no routing information for this port can be exported.
WARNING: [Route 35-198] Port "input_data[17]" does not have an associated HD.PARTPIN_LOCS, which will prevent the partial routing of the signal "input_data[17]". Without this partial route, timing analysis to/from this port will not be accurate, and no routing information for this port can be exported.
WARNING: [Route 35-198] Port "input_data[16]" does not have an associated HD.PARTPIN_LOCS, which will prevent the partial routing of the signal "input_data[16]". Without this partial route, timing analysis to/from this port will not be accurate, and no routing information for this port can be exported.
WARNING: [Route 35-198] Port "input_data[33]" does not have an associated HD.PARTPIN_LOCS, which will prevent the partial routing of the signal "input_data[33]". Without this partial route, timing analysis to/from this port will not be accurate, and no routing information for this port can be exported.
WARNING: [Route 35-198] Port "input_data[32]" does not have an associated HD.PARTPIN_LOCS, which will prevent the partial routing of the signal "input_data[32]". Without this partial route, timing analysis to/from this port will not be accurate, and no routing information for this port can be exported.
WARNING: [Route 35-198] Port "input_data[35]" does not have an associated HD.PARTPIN_LOCS, which will prevent the partial routing of the signal "input_data[35]". Without this partial route, timing analysis to/from this port will not be accurate, and no routing information for this port can be exported.
WARNING: [Route 35-198] Port "input_data[34]" does not have an associated HD.PARTPIN_LOCS, which will prevent the partial routing of the signal "input_data[34]". Without this partial route, timing analysis to/from this port will not be accurate, and no routing information for this port can be exported.
WARNING: [Route 35-198] Port "resetn" does not have an associated HD.PARTPIN_LOCS, which will prevent the partial routing of the signal "resetn". Without this partial route, timing analysis to/from this port will not be accurate, and no routing information for this port can be exported.
WARNING: [Route 35-198] Port "fft_resetn" does not have an associated HD.PARTPIN_LOCS, which will prevent the partial routing of the signal "fft_resetn". Without this partial route, timing analysis to/from this port will not be accurate, and no routing information for this port can be exported.
WARNING: [Route 35-198] Port "output_ready" does not have an associated HD.PARTPIN_LOCS, which will prevent the partial routing of the signal "output_ready". Without this partial route, timing analysis to/from this port will not be accurate, and no routing information for this port can be exported.
WARNING: [Route 35-198] Port "input_last" does not have an associated HD.PARTPIN_LOCS, which will prevent the partial routing of the signal "input_last". Without this partial route, timing analysis to/from this port will not be accurate, and no routing information for this port can be exported.
WARNING: [Route 35-198] Port "input_valid" does not have an associated HD.PARTPIN_LOCS, which will prevent the partial routing of the signal "input_valid". Without this partial route, timing analysis to/from this port will not be accurate, and no routing information for this port can be exported.
WARNING: [Route 35-198] Port "input_position[6]" does not have an associated HD.PARTPIN_LOCS, which will prevent the partial routing of the signal "input_position[6]". Without this partial route, timing analysis to/from this port will not be accurate, and no routing information for this port can be exported.
WARNING: [Route 35-198] Port "input_position[7]" does not have an associated HD.PARTPIN_LOCS, which will prevent the partial routing of the signal "input_position[7]". Without this partial route, timing analysis to/from this port will not be accurate, and no routing information for this port can be exported.
WARNING: [Route 35-198] Port "input_position[4]" does not have an associated HD.PARTPIN_LOCS, which will prevent the partial routing of the signal "input_position[4]". Without this partial route, timing analysis to/from this port will not be accurate, and no routing information for this port can be exported.
WARNING: [Route 35-198] Port "input_position[5]" does not have an associated HD.PARTPIN_LOCS, which will prevent the partial routing of the signal "input_position[5]". Without this partial route, timing analysis to/from this port will not be accurate, and no routing information for this port can be exported.
WARNING: [Route 35-198] Port "input_position[8]" does not have an associated HD.PARTPIN_LOCS, which will prevent the partial routing of the signal "input_position[8]". Without this partial route, timing analysis to/from this port will not be accurate, and no routing information for this port can be exported.
WARNING: [Route 35-198] Port "input_position[3]" does not have an associated HD.PARTPIN_LOCS, which will prevent the partial routing of the signal "input_position[3]". Without this partial route, timing analysis to/from this port will not be accurate, and no routing information for this port can be exported.
WARNING: [Route 35-198] Port "input_position[2]" does not have an associated HD.PARTPIN_LOCS, which will prevent the partial routing of the signal "input_position[2]". Without this partial route, timing analysis to/from this port will not be accurate, and no routing information for this port can be exported.
WARNING: [Route 35-198] Port "input_position[1]" does not have an associated HD.PARTPIN_LOCS, which will prevent the partial routing of the signal "input_position[1]". Without this partial route, timing analysis to/from this port will not be accurate, and no routing information for this port can be exported.
WARNING: [Route 35-198] Port "input_position[0]" does not have an associated HD.PARTPIN_LOCS, which will prevent the partial routing of the signal "input_position[0]". Without this partial route, timing analysis to/from this port will not be accurate, and no routing information for this port can be exported.
WARNING: [Route 35-198] Port "input_block_start[5]" does not have an associated HD.PARTPIN_LOCS, which will prevent the partial routing of the signal "input_block_start[5]". Without this partial route, timing analysis to/from this port will not be accurate, and no routing information for this port can be exported.
WARNING: [Route 35-198] Port "input_block_start[13]" does not have an associated HD.PARTPIN_LOCS, which will prevent the partial routing of the signal "input_block_start[13]". Without this partial route, timing analysis to/from this port will not be accurate, and no routing information for this port can be exported.
WARNING: [Route 35-198] Port "input_block_start[1]" does not have an associated HD.PARTPIN_LOCS, which will prevent the partial routing of the signal "input_block_start[1]". Without this partial route, timing analysis to/from this port will not be accurate, and no routing information for this port can be exported.
WARNING: [Route 35-198] Port "input_block_start[2]" does not have an associated HD.PARTPIN_LOCS, which will prevent the partial routing of the signal "input_block_start[2]". Without this partial route, timing analysis to/from this port will not be accurate, and no routing information for this port can be exported.
WARNING: [Route 35-198] Port "input_block_start[11]" does not have an associated HD.PARTPIN_LOCS, which will prevent the partial routing of the signal "input_block_start[11]". Without this partial route, timing analysis to/from this port will not be accurate, and no routing information for this port can be exported.
WARNING: [Route 35-198] Port "input_block_start[14]" does not have an associated HD.PARTPIN_LOCS, which will prevent the partial routing of the signal "input_block_start[14]". Without this partial route, timing analysis to/from this port will not be accurate, and no routing information for this port can be exported.
WARNING: [Route 35-198] Port "input_block_start[20]" does not have an associated HD.PARTPIN_LOCS, which will prevent the partial routing of the signal "input_block_start[20]". Without this partial route, timing analysis to/from this port will not be accurate, and no routing information for this port can be exported.
WARNING: [Route 35-198] Port "input_block_start[31]" does not have an associated HD.PARTPIN_LOCS, which will prevent the partial routing of the signal "input_block_start[31]". Without this partial route, timing analysis to/from this port will not be accurate, and no routing information for this port can be exported.
WARNING: [Route 35-198] Port "input_block_start[32]" does not have an associated HD.PARTPIN_LOCS, which will prevent the partial routing of the signal "input_block_start[32]". Without this partial route, timing analysis to/from this port will not be accurate, and no routing information for this port can be exported.
WARNING: [Route 35-198] Port "input_block_start[4]" does not have an associated HD.PARTPIN_LOCS, which will prevent the partial routing of the signal "input_block_start[4]". Without this partial route, timing analysis to/from this port will not be accurate, and no routing information for this port can be exported.
WARNING: [Route 35-198] Port "input_block_start[37]" does not have an associated HD.PARTPIN_LOCS, which will prevent the partial routing of the signal "input_block_start[37]". Without this partial route, timing analysis to/from this port will not be accurate, and no routing information for this port can be exported.
WARNING: [Route 35-198] Port "input_block_start[40]" does not have an associated HD.PARTPIN_LOCS, which will prevent the partial routing of the signal "input_block_start[40]". Without this partial route, timing analysis to/from this port will not be accurate, and no routing information for this port can be exported.
WARNING: [Route 35-198] Port "input_block_start[53]" does not have an associated HD.PARTPIN_LOCS, which will prevent the partial routing of the signal "input_block_start[53]". Without this partial route, timing analysis to/from this port will not be accurate, and no routing information for this port can be exported.
WARNING: [Route 35-198] Port "input_block_start[57]" does not have an associated HD.PARTPIN_LOCS, which will prevent the partial routing of the signal "input_block_start[57]". Without this partial route, timing analysis to/from this port will not be accurate, and no routing information for this port can be exported.
WARNING: [Route 35-198] Port "input_block_start[58]" does not have an associated HD.PARTPIN_LOCS, which will prevent the partial routing of the signal "input_block_start[58]". Without this partial route, timing analysis to/from this port will not be accurate, and no routing information for this port can be exported.
WARNING: [Route 35-198] Port "input_block_start[59]" does not have an associated HD.PARTPIN_LOCS, which will prevent the partial routing of the signal "input_block_start[59]". Without this partial route, timing analysis to/from this port will not be accurate, and no routing information for this port can be exported.
WARNING: [Route 35-198] Port "input_block_start[62]" does not have an associated HD.PARTPIN_LOCS, which will prevent the partial routing of the signal "input_block_start[62]". Without this partial route, timing analysis to/from this port will not be accurate, and no routing information for this port can be exported.
WARNING: [Route 35-198] Port "input_block_start[63]" does not have an associated HD.PARTPIN_LOCS, which will prevent the partial routing of the signal "input_block_start[63]". Without this partial route, timing analysis to/from this port will not be accurate, and no routing information for this port can be exported.
WARNING: [Route 35-198] Port "input_block_start[3]" does not have an associated HD.PARTPIN_LOCS, which will prevent the partial routing of the signal "input_block_start[3]". Without this partial route, timing analysis to/from this port will not be accurate, and no routing information for this port can be exported.
WARNING: [Route 35-198] Port "input_block_start[6]" does not have an associated HD.PARTPIN_LOCS, which will prevent the partial routing of the signal "input_block_start[6]". Without this partial route, timing analysis to/from this port will not be accurate, and no routing information for this port can be exported.
WARNING: [Route 35-198] Port "input_block_start[9]" does not have an associated HD.PARTPIN_LOCS, which will prevent the partial routing of the signal "input_block_start[9]". Without this partial route, timing analysis to/from this port will not be accurate, and no routing information for this port can be exported.
WARNING: [Route 35-198] Port "input_block_start[10]" does not have an associated HD.PARTPIN_LOCS, which will prevent the partial routing of the signal "input_block_start[10]". Without this partial route, timing analysis to/from this port will not be accurate, and no routing information for this port can be exported.
WARNING: [Route 35-198] Port "input_block_start[16]" does not have an associated HD.PARTPIN_LOCS, which will prevent the partial routing of the signal "input_block_start[16]". Without this partial route, timing analysis to/from this port will not be accurate, and no routing information for this port can be exported.
WARNING: [Route 35-198] Port "input_block_start[17]" does not have an associated HD.PARTPIN_LOCS, which will prevent the partial routing of the signal "input_block_start[17]". Without this partial route, timing analysis to/from this port will not be accurate, and no routing information for this port can be exported.
WARNING: [Route 35-198] Port "input_block_start[18]" does not have an associated HD.PARTPIN_LOCS, which will prevent the partial routing of the signal "input_block_start[18]". Without this partial route, timing analysis to/from this port will not be accurate, and no routing information for this port can be exported.
WARNING: [Route 35-198] Port "input_block_start[19]" does not have an associated HD.PARTPIN_LOCS, which will prevent the partial routing of the signal "input_block_start[19]". Without this partial route, timing analysis to/from this port will not be accurate, and no routing information for this port can be exported.
WARNING: [Route 35-198] Port "input_block_start[0]" does not have an associated HD.PARTPIN_LOCS, which will prevent the partial routing of the signal "input_block_start[0]". Without this partial route, timing analysis to/from this port will not be accurate, and no routing information for this port can be exported.
WARNING: [Route 35-198] Port "input_block_start[21]" does not have an associated HD.PARTPIN_LOCS, which will prevent the partial routing of the signal "input_block_start[21]". Without this partial route, timing analysis to/from this port will not be accurate, and no routing information for this port can be exported.
WARNING: [Route 35-198] Port "input_block_start[24]" does not have an associated HD.PARTPIN_LOCS, which will prevent the partial routing of the signal "input_block_start[24]". Without this partial route, timing analysis to/from this port will not be accurate, and no routing information for this port can be exported.
WARNING: [Route 35-198] Port "input_block_start[25]" does not have an associated HD.PARTPIN_LOCS, which will prevent the partial routing of the signal "input_block_start[25]". Without this partial route, timing analysis to/from this port will not be accurate, and no routing information for this port can be exported.
WARNING: [Route 35-198] Port "input_block_start[26]" does not have an associated HD.PARTPIN_LOCS, which will prevent the partial routing of the signal "input_block_start[26]". Without this partial route, timing analysis to/from this port will not be accurate, and no routing information for this port can be exported.
WARNING: [Route 35-198] Port "input_block_start[27]" does not have an associated HD.PARTPIN_LOCS, which will prevent the partial routing of the signal "input_block_start[27]". Without this partial route, timing analysis to/from this port will not be accurate, and no routing information for this port can be exported.
WARNING: [Route 35-198] Port "input_block_start[29]" does not have an associated HD.PARTPIN_LOCS, which will prevent the partial routing of the signal "input_block_start[29]". Without this partial route, timing analysis to/from this port will not be accurate, and no routing information for this port can be exported.
WARNING: [Route 35-198] Port "input_block_start[36]" does not have an associated HD.PARTPIN_LOCS, which will prevent the partial routing of the signal "input_block_start[36]". Without this partial route, timing analysis to/from this port will not be accurate, and no routing information for this port can be exported.
WARNING: [Route 35-198] Port "input_block_start[60]" does not have an associated HD.PARTPIN_LOCS, which will prevent the partial routing of the signal "input_block_start[60]". Without this partial route, timing analysis to/from this port will not be accurate, and no routing information for this port can be exported.
WARNING: [Route 35-198] Port "input_block_start[56]" does not have an associated HD.PARTPIN_LOCS, which will prevent the partial routing of the signal "input_block_start[56]". Without this partial route, timing analysis to/from this port will not be accurate, and no routing information for this port can be exported.
WARNING: [Route 35-198] Port "input_block_start[55]" does not have an associated HD.PARTPIN_LOCS, which will prevent the partial routing of the signal "input_block_start[55]". Without this partial route, timing analysis to/from this port will not be accurate, and no routing information for this port can be exported.
WARNING: [Route 35-198] Port "input_block_start[54]" does not have an associated HD.PARTPIN_LOCS, which will prevent the partial routing of the signal "input_block_start[54]". Without this partial route, timing analysis to/from this port will not be accurate, and no routing information for this port can be exported.
WARNING: [Route 35-198] Port "input_block_start[52]" does not have an associated HD.PARTPIN_LOCS, which will prevent the partial routing of the signal "input_block_start[52]". Without this partial route, timing analysis to/from this port will not be accurate, and no routing information for this port can be exported.
WARNING: [Route 35-198] Port "input_block_start[51]" does not have an associated HD.PARTPIN_LOCS, which will prevent the partial routing of the signal "input_block_start[51]". Without this partial route, timing analysis to/from this port will not be accurate, and no routing information for this port can be exported.
WARNING: [Route 35-198] Port "input_block_start[50]" does not have an associated HD.PARTPIN_LOCS, which will prevent the partial routing of the signal "input_block_start[50]". Without this partial route, timing analysis to/from this port will not be accurate, and no routing information for this port can be exported.
WARNING: [Route 35-198] Port "input_block_start[49]" does not have an associated HD.PARTPIN_LOCS, which will prevent the partial routing of the signal "input_block_start[49]". Without this partial route, timing analysis to/from this port will not be accurate, and no routing information for this port can be exported.
WARNING: [Route 35-198] Port "input_block_start[43]" does not have an associated HD.PARTPIN_LOCS, which will prevent the partial routing of the signal "input_block_start[43]". Without this partial route, timing analysis to/from this port will not be accurate, and no routing information for this port can be exported.
WARNING: [Route 35-198] Port "input_block_start[61]" does not have an associated HD.PARTPIN_LOCS, which will prevent the partial routing of the signal "input_block_start[61]". Without this partial route, timing analysis to/from this port will not be accurate, and no routing information for this port can be exported.
WARNING: [Route 35-198] Port "input_block_start[7]" does not have an associated HD.PARTPIN_LOCS, which will prevent the partial routing of the signal "input_block_start[7]". Without this partial route, timing analysis to/from this port will not be accurate, and no routing information for this port can be exported.
WARNING: [Route 35-198] Port "input_block_start[8]" does not have an associated HD.PARTPIN_LOCS, which will prevent the partial routing of the signal "input_block_start[8]". Without this partial route, timing analysis to/from this port will not be accurate, and no routing information for this port can be exported.
WARNING: [Route 35-198] Port "input_block_start[12]" does not have an associated HD.PARTPIN_LOCS, which will prevent the partial routing of the signal "input_block_start[12]". Without this partial route, timing analysis to/from this port will not be accurate, and no routing information for this port can be exported.
WARNING: [Route 35-198] Port "input_block_start[23]" does not have an associated HD.PARTPIN_LOCS, which will prevent the partial routing of the signal "input_block_start[23]". Without this partial route, timing analysis to/from this port will not be accurate, and no routing information for this port can be exported.
WARNING: [Route 35-198] Port "input_block_start[22]" does not have an associated HD.PARTPIN_LOCS, which will prevent the partial routing of the signal "input_block_start[22]". Without this partial route, timing analysis to/from this port will not be accurate, and no routing information for this port can be exported.
WARNING: [Route 35-198] Port "input_block_start[15]" does not have an associated HD.PARTPIN_LOCS, which will prevent the partial routing of the signal "input_block_start[15]". Without this partial route, timing analysis to/from this port will not be accurate, and no routing information for this port can be exported.
INFO: [Common 17-14] Message 'Route 35-198' appears 100 times and further instances of the messages will be disabled. Use the Tcl command set_msg_config to change the current settings.
Post Restoration Checksum: NetGraph: 9c0a8c2d NumContArr: c53660ce Constraints: 0 Timing: 0
Phase 1 Build RT Design | Checksum: 16140ecfb

Time (s): cpu = 00:00:04 ; elapsed = 00:00:04 . Memory (MB): peak = 2615.328 ; gain = 0.000 ; free physical = 1843 ; free virtual = 123186

Phase 2 Router Initialization

Phase 2.1 Fix Topology Constraints
Phase 2.1 Fix Topology Constraints | Checksum: 16140ecfb

Time (s): cpu = 00:00:05 ; elapsed = 00:00:04 . Memory (MB): peak = 2615.328 ; gain = 0.000 ; free physical = 1843 ; free virtual = 123186

Phase 2.2 Pre Route Cleanup
Phase 2.2 Pre Route Cleanup | Checksum: 16140ecfb

Time (s): cpu = 00:00:05 ; elapsed = 00:00:04 . Memory (MB): peak = 2615.328 ; gain = 0.000 ; free physical = 1843 ; free virtual = 123186
 Number of Nodes with overlaps = 0

Phase 2.3 Update Timing
Phase 2.3 Update Timing | Checksum: 276f6350c

Time (s): cpu = 00:00:06 ; elapsed = 00:00:04 . Memory (MB): peak = 2615.328 ; gain = 0.000 ; free physical = 1842 ; free virtual = 123185
INFO: [Route 35-416] Intermediate Timing Summary | WNS=-6.938 | TNS=-5976.288| WHS=-0.061 | THS=-0.100 |


Router Utilization Summary
  Global Vertical Routing Utilization    = 0 %
  Global Horizontal Routing Utilization  = 0 %
  Routable Net Status*
  *Does not include unroutable nets such as driverless and loadless.
  Run report_route_status for detailed report.
  Number of Failed Nets               = 7595
    (Failed Nets is the sum of unrouted and partially routed nets)
  Number of Unrouted Nets             = 7595
  Number of Partially Routed Nets     = 0
  Number of Node Overlaps             = 0

Phase 2 Router Initialization | Checksum: 27a811676

Time (s): cpu = 00:00:06 ; elapsed = 00:00:05 . Memory (MB): peak = 2615.328 ; gain = 0.000 ; free physical = 1840 ; free virtual = 123184

Phase 3 Initial Routing

Phase 3.1 Global Routing
Phase 3.1 Global Routing | Checksum: 27a811676

Time (s): cpu = 00:00:06 ; elapsed = 00:00:05 . Memory (MB): peak = 2615.328 ; gain = 0.000 ; free physical = 1840 ; free virtual = 123184
Phase 3 Initial Routing | Checksum: 22dd9ae64

Time (s): cpu = 00:00:07 ; elapsed = 00:00:05 . Memory (MB): peak = 2615.328 ; gain = 0.000 ; free physical = 1842 ; free virtual = 123185

Phase 4 Rip-up And Reroute

Phase 4.1 Global Iteration 0
 Number of Nodes with overlaps = 908
 Number of Nodes with overlaps = 330
 Number of Nodes with overlaps = 179
 Number of Nodes with overlaps = 85
 Number of Nodes with overlaps = 37
 Number of Nodes with overlaps = 17
 Number of Nodes with overlaps = 5
 Number of Nodes with overlaps = 3
 Number of Nodes with overlaps = 0
INFO: [Route 35-416] Intermediate Timing Summary | WNS=-8.525 | TNS=-7614.421| WHS=N/A    | THS=N/A    |

Phase 4.1 Global Iteration 0 | Checksum: 20ff498ae

Time (s): cpu = 00:00:13 ; elapsed = 00:00:10 . Memory (MB): peak = 2615.328 ; gain = 0.000 ; free physical = 1840 ; free virtual = 123183

Phase 4.2 Global Iteration 1
 Number of Nodes with overlaps = 382
 Number of Nodes with overlaps = 217
 Number of Nodes with overlaps = 61
 Number of Nodes with overlaps = 41
 Number of Nodes with overlaps = 15
 Number of Nodes with overlaps = 10
 Number of Nodes with overlaps = 8
 Number of Nodes with overlaps = 3
 Number of Nodes with overlaps = 0
INFO: [Route 35-416] Intermediate Timing Summary | WNS=-8.355 | TNS=-7937.190| WHS=N/A    | THS=N/A    |

Phase 4.2 Global Iteration 1 | Checksum: 125e296e8

Time (s): cpu = 00:00:18 ; elapsed = 00:00:13 . Memory (MB): peak = 2615.328 ; gain = 0.000 ; free physical = 1836 ; free virtual = 123179

Phase 4.3 Global Iteration 2
 Number of Nodes with overlaps = 287
 Number of Nodes with overlaps = 133
 Number of Nodes with overlaps = 72
 Number of Nodes with overlaps = 23
 Number of Nodes with overlaps = 11
 Number of Nodes with overlaps = 5
 Number of Nodes with overlaps = 2
 Number of Nodes with overlaps = 1
 Number of Nodes with overlaps = 0
INFO: [Route 35-416] Intermediate Timing Summary | WNS=-8.597 | TNS=-8308.394| WHS=N/A    | THS=N/A    |

Phase 4.3 Global Iteration 2 | Checksum: 1e7b2c19f

Time (s): cpu = 00:00:23 ; elapsed = 00:00:17 . Memory (MB): peak = 2615.328 ; gain = 0.000 ; free physical = 2836 ; free virtual = 124179
Phase 4 Rip-up And Reroute | Checksum: 1e7b2c19f

Time (s): cpu = 00:00:23 ; elapsed = 00:00:17 . Memory (MB): peak = 2615.328 ; gain = 0.000 ; free physical = 2836 ; free virtual = 124179

Phase 5 Delay and Skew Optimization

Phase 5.1 Delay CleanUp

Phase 5.1.1 Update Timing
Phase 5.1.1 Update Timing | Checksum: 1e7b2c19f

Time (s): cpu = 00:00:23 ; elapsed = 00:00:17 . Memory (MB): peak = 2615.328 ; gain = 0.000 ; free physical = 2837 ; free virtual = 124180
INFO: [Route 35-416] Intermediate Timing Summary | WNS=-8.355 | TNS=-7937.190| WHS=N/A    | THS=N/A    |

 Number of Nodes with overlaps = 0
Phase 5.1 Delay CleanUp | Checksum: 113b95964

Time (s): cpu = 00:00:23 ; elapsed = 00:00:17 . Memory (MB): peak = 2615.328 ; gain = 0.000 ; free physical = 2837 ; free virtual = 124180

Phase 5.2 Clock Skew Optimization
Phase 5.2 Clock Skew Optimization | Checksum: 113b95964

Time (s): cpu = 00:00:23 ; elapsed = 00:00:17 . Memory (MB): peak = 2615.328 ; gain = 0.000 ; free physical = 2837 ; free virtual = 124180
Phase 5 Delay and Skew Optimization | Checksum: 113b95964

Time (s): cpu = 00:00:23 ; elapsed = 00:00:17 . Memory (MB): peak = 2615.328 ; gain = 0.000 ; free physical = 2837 ; free virtual = 124180

Phase 6 Post Hold Fix

Phase 6.1 Hold Fix Iter

Phase 6.1.1 Update Timing
Phase 6.1.1 Update Timing | Checksum: 187d799bf

Time (s): cpu = 00:00:23 ; elapsed = 00:00:17 . Memory (MB): peak = 2615.328 ; gain = 0.000 ; free physical = 2837 ; free virtual = 124180
INFO: [Route 35-416] Intermediate Timing Summary | WNS=-8.322 | TNS=-7927.913| WHS=0.039  | THS=0.000  |

Phase 6.1 Hold Fix Iter | Checksum: 142d1e7a8

Time (s): cpu = 00:00:23 ; elapsed = 00:00:18 . Memory (MB): peak = 2615.328 ; gain = 0.000 ; free physical = 2837 ; free virtual = 124180
Phase 6 Post Hold Fix | Checksum: 142d1e7a8

Time (s): cpu = 00:00:23 ; elapsed = 00:00:18 . Memory (MB): peak = 2615.328 ; gain = 0.000 ; free physical = 2837 ; free virtual = 124180

Phase 7 Route finalize

Router Utilization Summary
  Global Vertical Routing Utilization    = 4.53618 %
  Global Horizontal Routing Utilization  = 5.98506 %
  Routable Net Status*
  *Does not include unroutable nets such as driverless and loadless.
  Run report_route_status for detailed report.
  Number of Failed Nets               = 0
    (Failed Nets is the sum of unrouted and partially routed nets)
  Number of Unrouted Nets             = 0
  Number of Partially Routed Nets     = 0
  Number of Node Overlaps             = 0

Congestion Report
North Dir 1x1 Area, Max Cong = 59.4595%, No Congested Regions.
South Dir 1x1 Area, Max Cong = 66.6667%, No Congested Regions.
East Dir 1x1 Area, Max Cong = 73.5294%, No Congested Regions.
West Dir 1x1 Area, Max Cong = 79.4118%, No Congested Regions.

------------------------------
Reporting congestion hotspots
------------------------------
Direction: North
----------------
Congested clusters found at Level 0
Effective congestion level: 0 Aspect Ratio: 1 Sparse Ratio: 0
Direction: South
----------------
Congested clusters found at Level 0
Effective congestion level: 0 Aspect Ratio: 1 Sparse Ratio: 0
Direction: East
----------------
Congested clusters found at Level 0
Effective congestion level: 0 Aspect Ratio: 1 Sparse Ratio: 0
Direction: West
----------------
Congested clusters found at Level 0
Effective congestion level: 0 Aspect Ratio: 1 Sparse Ratio: 0

Phase 7 Route finalize | Checksum: 203dd3335

Time (s): cpu = 00:00:23 ; elapsed = 00:00:18 . Memory (MB): peak = 2615.328 ; gain = 0.000 ; free physical = 2837 ; free virtual = 124180

Phase 8 Verifying routed nets

 Verification completed successfully
Phase 8 Verifying routed nets | Checksum: 203dd3335

Time (s): cpu = 00:00:23 ; elapsed = 00:00:18 . Memory (MB): peak = 2615.328 ; gain = 0.000 ; free physical = 2837 ; free virtual = 124180

Phase 9 Depositing Routes
Phase 9 Depositing Routes | Checksum: 1e80cf3ad

Time (s): cpu = 00:00:24 ; elapsed = 00:00:18 . Memory (MB): peak = 2615.328 ; gain = 0.000 ; free physical = 2837 ; free virtual = 124180

Phase 10 Post Router Timing
INFO: [Route 35-57] Estimated Timing Summary | WNS=-8.322 | TNS=-7927.913| WHS=0.039  | THS=0.000  |

WARNING: [Route 35-328] Router estimated timing not met.
Resolution: For a complete and accurate timing signoff, report_timing_summary must be run after route_design. Alternatively, route_design can be run with the -timing_summary option to enable a complete timing signoff at the end of route_design.
Phase 10 Post Router Timing | Checksum: 1e80cf3ad

Time (s): cpu = 00:00:24 ; elapsed = 00:00:18 . Memory (MB): peak = 2615.328 ; gain = 0.000 ; free physical = 2815 ; free virtual = 124159
INFO: [Route 35-16] Router Completed Successfully

Time (s): cpu = 00:00:24 ; elapsed = 00:00:18 . Memory (MB): peak = 2615.328 ; gain = 0.000 ; free physical = 2825 ; free virtual = 124169

Routing Is Done.
INFO: [Common 17-83] Releasing license: Implementation
569 Infos, 105 Warnings, 0 Critical Warnings and 0 Errors encountered.
route_design completed successfully
route_design: Time (s): cpu = 00:00:25 ; elapsed = 00:00:18 . Memory (MB): peak = 2615.328 ; gain = 0.000 ; free physical = 2825 ; free virtual = 124169
INFO: [Common 17-600] The following parameters have non-default value.
general.maxThreads
INFO: [Timing 38-91] UpdateTimingParams: Speed grade: -1, Delay Type: min_max.
INFO: [Timing 38-191] Multithreading enabled for timing update using a maximum of 2 CPUs
WARNING: [Timing 38-242] The property HD.CLK_SRC of clock port "clk" is not set. In out-of-context mode, this prevents timing estimation for clock delay/skew
Resolution: Set the HD.CLK_SRC property of the out-of-context port to the location of the clock buffer instance in the top-level design
WARNING: [Timing 38-242] The property HD.CLK_SRC of clock port "fft_clk" is not set. In out-of-context mode, this prevents timing estimation for clock delay/skew
Resolution: Set the HD.CLK_SRC property of the out-of-context port to the location of the clock buffer instance in the top-level design
INFO: [Timing 38-91] UpdateTimingParams: No interconnect No Cell Dly, Speed grade: -1, Delay Type: min_max.
INFO: [Timing 38-191] Multithreading enabled for timing update using a maximum of 2 CPUs
INFO: [Timing 38-433] Consider using Xilinx recommended XPM_CDC modules to avoid Critical severities
INFO: [Timing 38-314] The report_cdc command only analyzes and reports clock domain crossing paths where clocks have been defined on both source and destination sides. Ports with no input delay constraint are skipped. Please run check_timing to verify there are no missing clock definitions in your design, nor any unconstrained input port.
INFO: [Timing 38-78] ReportTimingParams: -from_pins  -to_pins  -max_paths 20 -nworst 1 -delay_type max -sort_by slack.
INFO: [Timing 38-78] ReportTimingParams: -from_pins  -to_pins  -max_paths 20 -nworst 1 -delay_type min -sort_by slack.
INFO: [Timing 38-78] ReportTimingParams: -from_pins  -to_pins  -max_paths 20 -nworst 1 -delay_type max -sort_by slack.
INFO: [Timing 38-78] ReportTimingParams: -from_pins  -to_pins  -max_paths 20 -nworst 1 -delay_type min -sort_by slack.
INFO: [Timing 38-480] Writing timing data to binary archive.
Writing XDEF routing.
Writing XDEF routing logical nets.
Writing XDEF routing special nets.
Write XDEF Complete: Time (s): cpu = 00:00:00.74 ; elapsed = 00:00:00.31 . Memory (MB): peak = 2653.281 ; gain = 37.953 ; free physical = 2448 ; free virtual = 123804
INFO: [Common 17-1381] The checkpoint '/home/mouse9911/gits/starlink-build-recovery-20260910.vHzUVnBz/checked-route-parent.3lJAqEWe/route/completed_input_diagnostic_routed.dcp' has been generated.
COMPLETED_INPUT_DIAGNOSTIC_RECORDED_NOT_A_PHYSICAL_RELEASE_PASS
INFO: [Common 17-206] Exiting Vivado at Thu Sep 10 21:39:38 2026...
