#-----------------------------------------------------------
# Vivado v2022.2 (64-bit)
# SW Build 3671981 on Fri Oct 14 04:59:54 MDT 2022
# IP Build 3669848 on Fri Oct 14 08:30:02 MDT 2022
# Start of session at: Thu Sep 10 20:56:02 2026
# Process ID: 1146034
# Current directory: /home/mouse9911/gits/starlink-build-recovery-20260910.vHzUVnBz/checked-actual-parent.xtGiofa6
# Command line: vivado -mode batch -notrace -source /home/mouse9911/gits/starlink-build-recovery-20260910.vHzUVnBz/checked-product-actual-prepared-v1/frozen_sources/simulate_exact_control_prepared.tcl -log /home/mouse9911/gits/starlink-build-recovery-20260910.vHzUVnBz/checked-actual-parent.xtGiofa6/vivado.log -journal /home/mouse9911/gits/starlink-build-recovery-20260910.vHzUVnBz/checked-actual-parent.xtGiofa6/vivado.jou -tclargs /home/mouse9911/gits/starlink-build-recovery-20260910.vHzUVnBz/checked-product-actual-prepared-v1
# Log file: /home/mouse9911/gits/starlink-build-recovery-20260910.vHzUVnBz/checked-actual-parent.xtGiofa6/vivado.log
# Journal file: /home/mouse9911/gits/starlink-build-recovery-20260910.vHzUVnBz/checked-actual-parent.xtGiofa6/vivado.jou
# Running On: gauss, OS: Linux, CPU Frequency: 2034.035 MHz, CPU Physical cores: 24, Host memory: 132067 MB
#-----------------------------------------------------------
source /home/mouse9911/gits/starlink-build-recovery-20260910.vHzUVnBz/checked-product-actual-prepared-v1/frozen_sources/simulate_exact_control_prepared.tcl -notrace
{"CHECKED_PRODUCT_BANK": 1, "DISTRIBUTED_FAST_FAULT": 1, "EXACT_EXTRA_EPOCHS": 1, "FAST_MHZ": 175, "PER_CAUSE_FAULT_CDC": 1, "PRIVATE_BLOCK_METADATA_READ_AHEAD": 1, "PRIVATE_NEXT_START_SCRATCH": 1, "PRIVATE_ROM_READ_AHEAD": 1, "PRODUCER_LOCAL_FINAL_FENCE": 1, "QUICK_MUTATION": 0, "REGISTERED_SCHEDULING": 1}
INFO: [IP_Flow 19-234] Refreshing IP repositories
INFO: [IP_Flow 19-1704] No user IP repositories specified
INFO: [IP_Flow 19-2313] Loaded Vivado IP repository '/opt/Xilinx/Vivado/2022.2/data/ip'.
WARNING: [IP_Flow 19-4832] The IP name 'starlink_pss_fft512_bfp18_rt_candidate' you have specified is long. The Windows operating system has path length limitations. It is recommended you use shorter names to reduce the likelihood of issues.
INFO: [IP_Flow 19-1686] Generating 'Instantiation Template' target for IP 'starlink_pss_fft512_bfp18_rt_candidate'...
INFO: [IP_Flow 19-1686] Generating 'Synthesis' target for IP 'starlink_pss_fft512_bfp18_rt_candidate'...
INFO: [IP_Flow 19-1686] Generating 'Simulation' target for IP 'starlink_pss_fft512_bfp18_rt_candidate'...
INFO: [IP_Flow 19-1686] Generating 'C Simulation' target for IP 'starlink_pss_fft512_bfp18_rt_candidate'...
INFO: [IP_Flow 19-1686] Generating 'Test Bench' target for IP 'starlink_pss_fft512_bfp18_rt_candidate'...
INFO: [IP_Flow 19-1686] Generating 'Change Log' target for IP 'starlink_pss_fft512_bfp18_rt_candidate'...
Command: launch_simulation  -simset sim_1 -mode behavioral
INFO: [Vivado 12-12493] Simulation top is 'tb_starlink_pss_fft_bank_owned_slice'
WARNING: [Vivado 12-13277] Compiled library path does not exist: ''
INFO: [Vivado 12-5698] Checking validity of IPs in the design for the 'XSim' simulator...
INFO: [Vivado 12-5682] Launching behavioral simulation in '/home/mouse9911/gits/starlink-build-recovery-20260910.vHzUVnBz/checked-product-actual-prepared-v1/project/exact_control_actual.sim/sim_1/behav/xsim'
INFO: [Vivado 12-13660] Precompiled IP simulation library mode is enabled (default). The design IP libraries will be referenced from the compiled library path. Please note that if the precompiled version of the library is not found from the path or the IP is in locked state, then the library source files for these IPs will be compiled locally as part of the compile order.
INFO: [Vivado 12-4795] Using compiled simulation libraries for IPs
INFO: [SIM-utils-51] Simulation object is 'sim_1'
INFO: [SIM-utils-72] Using boost library from '/opt/Xilinx/Vivado/2022.2/tps/boost_1_72_0'
INFO: [USF-XSim-7] Finding pre-compiled libraries...
INFO: [USF-XSim-11] File '/opt/Xilinx/Vivado/2022.2/data/xsim/xsim.ini' copied to run dir:'/home/mouse9911/gits/starlink-build-recovery-20260910.vHzUVnBz/checked-product-actual-prepared-v1/project/exact_control_actual.sim/sim_1/behav/xsim'
INFO: [SIM-utils-54] Inspecting design source files for 'tb_starlink_pss_fft_bank_owned_slice' in fileset 'sim_1'...
INFO: [SIM-utils-43] Exported '/home/mouse9911/gits/starlink-build-recovery-20260910.vHzUVnBz/checked-product-actual-prepared-v1/project/exact_control_actual.sim/sim_1/behav/xsim/upper_edge_pss_kernel_q17.mem'
INFO: [SIM-utils-43] Exported '/home/mouse9911/gits/starlink-build-recovery-20260910.vHzUVnBz/checked-product-actual-prepared-v1/project/exact_control_actual.sim/sim_1/behav/xsim/inverse_exponents.mem'
INFO: [SIM-utils-43] Exported '/home/mouse9911/gits/starlink-build-recovery-20260910.vHzUVnBz/checked-product-actual-prepared-v1/project/exact_control_actual.sim/sim_1/behav/xsim/forward_exponents.mem'
INFO: [SIM-utils-43] Exported '/home/mouse9911/gits/starlink-build-recovery-20260910.vHzUVnBz/checked-product-actual-prepared-v1/project/exact_control_actual.sim/sim_1/behav/xsim/product_q17.mem'
INFO: [SIM-utils-43] Exported '/home/mouse9911/gits/starlink-build-recovery-20260910.vHzUVnBz/checked-product-actual-prepared-v1/project/exact_control_actual.sim/sim_1/behav/xsim/inverse_q17.mem'
INFO: [SIM-utils-43] Exported '/home/mouse9911/gits/starlink-build-recovery-20260910.vHzUVnBz/checked-product-actual-prepared-v1/project/exact_control_actual.sim/sim_1/behav/xsim/samples_ci16.mem'
INFO: [SIM-utils-43] Exported '/home/mouse9911/gits/starlink-build-recovery-20260910.vHzUVnBz/checked-product-actual-prepared-v1/project/exact_control_actual.sim/sim_1/behav/xsim/forward_q17.mem'
INFO: [SIM-utils-43] Exported '/home/mouse9911/gits/starlink-build-recovery-20260910.vHzUVnBz/checked-product-actual-prepared-v1/project/exact_control_actual.sim/sim_1/behav/xsim/upper_edge_pss_kernel_q17.mem'
INFO: [SIM-utils-43] Exported '/home/mouse9911/gits/starlink-build-recovery-20260910.vHzUVnBz/checked-product-actual-prepared-v1/project/exact_control_actual.sim/sim_1/behav/xsim/inverse_exponents.mem'
INFO: [SIM-utils-43] Exported '/home/mouse9911/gits/starlink-build-recovery-20260910.vHzUVnBz/checked-product-actual-prepared-v1/project/exact_control_actual.sim/sim_1/behav/xsim/forward_exponents.mem'
INFO: [SIM-utils-43] Exported '/home/mouse9911/gits/starlink-build-recovery-20260910.vHzUVnBz/checked-product-actual-prepared-v1/project/exact_control_actual.sim/sim_1/behav/xsim/product_q17.mem'
INFO: [SIM-utils-43] Exported '/home/mouse9911/gits/starlink-build-recovery-20260910.vHzUVnBz/checked-product-actual-prepared-v1/project/exact_control_actual.sim/sim_1/behav/xsim/inverse_q17.mem'
INFO: [SIM-utils-43] Exported '/home/mouse9911/gits/starlink-build-recovery-20260910.vHzUVnBz/checked-product-actual-prepared-v1/project/exact_control_actual.sim/sim_1/behav/xsim/samples_ci16.mem'
INFO: [SIM-utils-43] Exported '/home/mouse9911/gits/starlink-build-recovery-20260910.vHzUVnBz/checked-product-actual-prepared-v1/project/exact_control_actual.sim/sim_1/behav/xsim/forward_q17.mem'
INFO: [USF-XSim-97] Finding global include files...
INFO: [USF-XSim-98] Fetching design files from 'sim_1'...
INFO: [USF-XSim-2] XSim::Compile design
INFO: [USF-XSim-61] Executing 'COMPILE and ANALYZE' step in '/home/mouse9911/gits/starlink-build-recovery-20260910.vHzUVnBz/checked-product-actual-prepared-v1/project/exact_control_actual.sim/sim_1/behav/xsim'
xvlog --incr --relax -L uvm -prj tb_starlink_pss_fft_bank_owned_slice_vlog.prj
INFO: [VRFC 10-2263] Analyzing Verilog file "/home/mouse9911/gits/starlink-build-recovery-20260910.vHzUVnBz/checked-product-actual-prepared-v1/frozen_sources/starlink_pss_block_mailbox.v" into library xil_defaultlib
INFO: [VRFC 10-311] analyzing module starlink_pss_block_mailbox
INFO: [VRFC 10-2263] Analyzing Verilog file "/home/mouse9911/gits/starlink-build-recovery-20260910.vHzUVnBz/checked-product-actual-prepared-v1/frozen_sources/starlink_pss_checked_product_read_observe.v" into library xil_defaultlib
INFO: [VRFC 10-311] analyzing module starlink_pss_checked_product_read_observe
INFO: [VRFC 10-2263] Analyzing Verilog file "/home/mouse9911/gits/starlink-build-recovery-20260910.vHzUVnBz/checked-product-actual-prepared-v1/frozen_sources/starlink_pss_epoch_sealed_publication_bank.v" into library xil_defaultlib
INFO: [VRFC 10-311] analyzing module starlink_pss_epoch_sealed_publication_bank
WARNING: [VRFC 10-3380] identifier 'pipeline_bad' is used before its declaration [/home/mouse9911/gits/starlink-build-recovery-20260910.vHzUVnBz/checked-product-actual-prepared-v1/frozen_sources/starlink_pss_epoch_sealed_publication_bank.v:152]
INFO: [VRFC 10-2263] Analyzing Verilog file "/home/mouse9911/gits/starlink-build-recovery-20260910.vHzUVnBz/checked-product-actual-prepared-v1/frozen_sources/starlink_pss_fft_bank_owned_checked_product.v" into library xil_defaultlib
INFO: [VRFC 10-311] analyzing module starlink_pss_fft_bank_owned_checked_product
WARNING: [VRFC 10-3380] identifier 'registered_quarantine' is used before its declaration [/home/mouse9911/gits/starlink-build-recovery-20260910.vHzUVnBz/checked-product-actual-prepared-v1/frozen_sources/starlink_pss_fft_bank_owned_checked_product.v:142]
WARNING: [VRFC 10-3380] identifier 'held_phase' is used before its declaration [/home/mouse9911/gits/starlink-build-recovery-20260910.vHzUVnBz/checked-product-actual-prepared-v1/frozen_sources/starlink_pss_fft_bank_owned_checked_product.v:143]
WARNING: [VRFC 10-3380] identifier 'destination_reserved' is used before its declaration [/home/mouse9911/gits/starlink-build-recovery-20260910.vHzUVnBz/checked-product-actual-prepared-v1/frozen_sources/starlink_pss_fft_bank_owned_checked_product.v:223]
WARNING: [VRFC 10-3380] identifier 'destination_reserved' is used before its declaration [/home/mouse9911/gits/starlink-build-recovery-20260910.vHzUVnBz/checked-product-actual-prepared-v1/frozen_sources/starlink_pss_fft_bank_owned_checked_product.v:227]
INFO: [VRFC 10-2263] Analyzing Verilog file "/home/mouse9911/gits/starlink-build-recovery-20260910.vHzUVnBz/checked-product-actual-prepared-v1/frozen_sources/starlink_pss_forward_kernel_join_7ee87258_golden.v" into library xil_defaultlib
INFO: [VRFC 10-311] analyzing module starlink_pss_forward_kernel_join_7ee87258_golden
INFO: [VRFC 10-2263] Analyzing Verilog file "/home/mouse9911/gits/starlink-build-recovery-20260910.vHzUVnBz/checked-product-actual-prepared-v1/frozen_sources/starlink_pss_forward_kernel_join_read_ahead.v" into library xil_defaultlib
INFO: [VRFC 10-311] analyzing module starlink_pss_forward_kernel_join_read_ahead
INFO: [VRFC 10-2263] Analyzing Verilog file "/home/mouse9911/gits/starlink-build-recovery-20260910.vHzUVnBz/checked-product-actual-prepared-v1/frozen_sources/starlink_pss_kernel_rom.v" into library xil_defaultlib
INFO: [VRFC 10-311] analyzing module starlink_pss_kernel_rom
INFO: [VRFC 10-2263] Analyzing Verilog file "/home/mouse9911/gits/starlink-build-recovery-20260910.vHzUVnBz/checked-product-actual-prepared-v1/frozen_sources/starlink_pss_kernel_rom_7ee87258_golden.v" into library xil_defaultlib
INFO: [VRFC 10-311] analyzing module starlink_pss_kernel_rom_7ee87258_golden
INFO: [VRFC 10-2263] Analyzing Verilog file "/home/mouse9911/gits/starlink-build-recovery-20260910.vHzUVnBz/checked-product-actual-prepared-v1/frozen_sources/starlink_pss_kernel_rom_read_ahead.v" into library xil_defaultlib
INFO: [VRFC 10-311] analyzing module starlink_pss_kernel_rom_read_ahead
INFO: [VRFC 10-2263] Analyzing Verilog file "/home/mouse9911/gits/starlink-build-recovery-20260910.vHzUVnBz/checked-product-actual-prepared-v1/frozen_sources/starlink_pss_product_fence_mailbox.v" into library xil_defaultlib
INFO: [VRFC 10-311] analyzing module starlink_pss_product_fence_mailbox
INFO: [VRFC 10-2263] Analyzing Verilog file "/home/mouse9911/gits/starlink-build-recovery-20260910.vHzUVnBz/checked-product-actual-prepared-v1/frozen_sources/starlink_pss_product_sealed_observe.v" into library xil_defaultlib
INFO: [VRFC 10-311] analyzing module starlink_pss_product_sealed_observe
INFO: [VRFC 10-2263] Analyzing Verilog file "/home/mouse9911/gits/starlink-build-recovery-20260910.vHzUVnBz/checked-product-actual-prepared-v1/frozen_sources/starlink_pss_realtime_checked_product_input_guard.v" into library xil_defaultlib
INFO: [VRFC 10-311] analyzing module starlink_pss_realtime_checked_product_input_guard
INFO: [VRFC 10-2263] Analyzing Verilog file "/home/mouse9911/gits/starlink-build-recovery-20260910.vHzUVnBz/checked-product-actual-prepared-v1/frozen_sources/starlink_pss_realtime_input_guard.v" into library xil_defaultlib
INFO: [VRFC 10-311] analyzing module starlink_pss_realtime_input_guard
INFO: [VRFC 10-2263] Analyzing Verilog file "/home/mouse9911/gits/starlink-build-recovery-20260910.vHzUVnBz/checked-product-actual-prepared-v1/frozen_sources/starlink_pss_realtime_result_guard.v" into library xil_defaultlib
INFO: [VRFC 10-311] analyzing module starlink_pss_realtime_result_guard
INFO: [VRFC 10-2263] Analyzing Verilog file "/home/mouse9911/gits/starlink-build-recovery-20260910.vHzUVnBz/checked-product-actual-prepared-v1/frozen_sources/starlink_pss_realtime_result_guard_ce6a885e_golden.v" into library xil_defaultlib
INFO: [VRFC 10-311] analyzing module starlink_pss_realtime_result_guard_ce6a885e_golden
INFO: [VRFC 10-2263] Analyzing Verilog file "/home/mouse9911/gits/starlink-build-recovery-20260910.vHzUVnBz/checked-product-actual-prepared-v1/frozen_sources/starlink_pss_realtime_result_guard_observe.v" into library xil_defaultlib
INFO: [VRFC 10-311] analyzing module starlink_pss_realtime_result_guard_observe
INFO: [VRFC 10-2263] Analyzing Verilog file "/home/mouse9911/gits/starlink-build-recovery-20260910.vHzUVnBz/checked-product-actual-prepared-v1/frozen_sources/starlink_pss_spectrum_product.v" into library xil_defaultlib
INFO: [VRFC 10-311] analyzing module starlink_pss_spectrum_product
INFO: [VRFC 10-2263] Analyzing Verilog file "/home/mouse9911/gits/starlink-build-recovery-20260910.vHzUVnBz/checked-product-actual-prepared-v1/frozen_sources/starlink_pss_spectrum_product_7ee87258_golden.v" into library xil_defaultlib
INFO: [VRFC 10-311] analyzing module starlink_pss_spectrum_product_7ee87258_golden
INFO: [VRFC 10-2263] Analyzing SystemVerilog file "/home/mouse9911/gits/starlink-build-recovery-20260910.vHzUVnBz/checked-product-actual-prepared-v1/frozen_sources/starlink_pss_forward_retirement_shadow.sv" into library xil_defaultlib
INFO: [VRFC 10-311] analyzing module starlink_pss_forward_retirement_shadow
WARNING: [VRFC 10-8426] non-net output port 'checks' cannot be initialized at declaration in SystemVerilog mode [/home/mouse9911/gits/starlink-build-recovery-20260910.vHzUVnBz/checked-product-actual-prepared-v1/frozen_sources/starlink_pss_forward_retirement_shadow.sv:26]
WARNING: [VRFC 10-8426] non-net output port 'forward_cycles' cannot be initialized at declaration in SystemVerilog mode [/home/mouse9911/gits/starlink-build-recovery-20260910.vHzUVnBz/checked-product-actual-prepared-v1/frozen_sources/starlink_pss_forward_retirement_shadow.sv:27]
WARNING: [VRFC 10-8426] non-net output port 'inverse_current_faults' cannot be initialized at declaration in SystemVerilog mode [/home/mouse9911/gits/starlink-build-recovery-20260910.vHzUVnBz/checked-product-actual-prepared-v1/frozen_sources/starlink_pss_forward_retirement_shadow.sv:28]
WARNING: [VRFC 10-8426] non-net output port 'sticky_forward_faults' cannot be initialized at declaration in SystemVerilog mode [/home/mouse9911/gits/starlink-build-recovery-20260910.vHzUVnBz/checked-product-actual-prepared-v1/frozen_sources/starlink_pss_forward_retirement_shadow.sv:29]
INFO: [VRFC 10-2263] Analyzing SystemVerilog file "/home/mouse9911/gits/starlink-build-recovery-20260910.vHzUVnBz/checked-product-actual-prepared-v1/frozen_sources/starlink_pss_payload_bubble_shadow.sv" into library xil_defaultlib
INFO: [VRFC 10-311] analyzing module starlink_pss_payload_bubble_shadow
WARNING: [VRFC 10-8426] non-net output port 'checks' cannot be initialized at declaration in SystemVerilog mode [/home/mouse9911/gits/starlink-build-recovery-20260910.vHzUVnBz/checked-product-actual-prepared-v1/frozen_sources/starlink_pss_payload_bubble_shadow.sv:18]
WARNING: [VRFC 10-8426] non-net output port 'join_occupied' cannot be initialized at declaration in SystemVerilog mode [/home/mouse9911/gits/starlink-build-recovery-20260910.vHzUVnBz/checked-product-actual-prepared-v1/frozen_sources/starlink_pss_payload_bubble_shadow.sv:19]
WARNING: [VRFC 10-8426] non-net output port 'product_occupied' cannot be initialized at declaration in SystemVerilog mode [/home/mouse9911/gits/starlink-build-recovery-20260910.vHzUVnBz/checked-product-actual-prepared-v1/frozen_sources/starlink_pss_payload_bubble_shadow.sv:20]
WARNING: [VRFC 10-8426] non-net output port 'join_invalid_differences' cannot be initialized at declaration in SystemVerilog mode [/home/mouse9911/gits/starlink-build-recovery-20260910.vHzUVnBz/checked-product-actual-prepared-v1/frozen_sources/starlink_pss_payload_bubble_shadow.sv:21]
WARNING: [VRFC 10-8426] non-net output port 'product_invalid_differences' cannot be initialized at declaration in SystemVerilog mode [/home/mouse9911/gits/starlink-build-recovery-20260910.vHzUVnBz/checked-product-actual-prepared-v1/frozen_sources/starlink_pss_payload_bubble_shadow.sv:22]
INFO: [VRFC 10-2263] Analyzing SystemVerilog file "/home/mouse9911/gits/starlink-build-recovery-20260910.vHzUVnBz/checked-product-actual-prepared-v1/frozen_sources/tb_starlink_pss_fft_bank_owned_slice.sv" into library xil_defaultlib
INFO: [VRFC 10-311] analyzing module tb_starlink_pss_fft_bank_owned_slice
WARNING: [VRFC 10-3380] identifier 'preflight_ready_differences' is used before its declaration [/home/mouse9911/gits/starlink-build-recovery-20260910.vHzUVnBz/checked-product-actual-prepared-v1/frozen_sources/tb_starlink_pss_fft_bank_owned_slice.sv:286]
INFO: [VRFC 10-2263] Analyzing Verilog file "/home/mouse9911/gits/starlink-build-recovery-20260910.vHzUVnBz/checked-product-actual-prepared-v1/project/exact_control_actual.sim/sim_1/behav/xsim/glbl.v" into library xil_defaultlib
INFO: [VRFC 10-311] analyzing module glbl
xvhdl --incr --relax -prj tb_starlink_pss_fft_bank_owned_slice_vhdl.prj
INFO: [VRFC 10-163] Analyzing VHDL file "/home/mouse9911/gits/starlink-build-recovery-20260910.vHzUVnBz/checked-product-actual-prepared-v1/project/exact_control_actual.gen/sources_1/ip/starlink_pss_fft512_bfp18_rt_candidate/sim/starlink_pss_fft512_bfp18_rt_candidate.vhd" into library xil_defaultlib
INFO: [VRFC 10-3107] analyzing entity 'starlink_pss_fft512_bfp18_rt_candidate'
Waiting for jobs to finish...
No pending jobs, compilation finished.
INFO: [USF-XSim-69] 'compile' step finished in '1' seconds
INFO: [USF-XSim-3] XSim::Elaborate design
INFO: [USF-XSim-61] Executing 'ELABORATE' step in '/home/mouse9911/gits/starlink-build-recovery-20260910.vHzUVnBz/checked-product-actual-prepared-v1/project/exact_control_actual.sim/sim_1/behav/xsim'
xelab --incr --debug typical --relax --mt 2 -generic_top REGISTERED_SCHEDULING=1 -generic_top DISTRIBUTED_FAST_FAULT=1 -generic_top PRIVATE_NEXT_START_SCRATCH=1 -generic_top EXACT_EXTRA_EPOCHS=1 -generic_top FAST_MHZ=175 -generic_top QUICK_MUTATION=0 -generic_top PER_CAUSE_FAULT_CDC=1 -generic_top PRIVATE_ROM_READ_AHEAD=1 -generic_top PRIVATE_BLOCK_METADATA_READ_AHEAD=1 -generic_top PRODUCER_LOCAL_FINAL_FENCE=1 -generic_top CHECKED_PRODUCT_BANK=1 -L xil_defaultlib -L xbip_utils_v3_0_10 -L axi_utils_v2_0_6 -L c_reg_fd_v12_0_6 -L xbip_dsp48_wrapper_v3_0_4 -L xbip_pipe_v3_0_6 -L xbip_dsp48_addsub_v3_0_6 -L xbip_addsub_v3_0_6 -L c_addsub_v12_0_14 -L c_mux_bit_v12_0_6 -L c_shift_ram_v12_0_14 -L xbip_bram18k_v3_0_6 -L mult_gen_v12_0_18 -L cmpy_v6_0_21 -L floating_point_v7_0_20 -L xfft_v9_1_8 -L uvm -L unisims_ver -L unimacro_ver -L secureip -L xpm --snapshot tb_starlink_pss_fft_bank_owned_slice_behav xil_defaultlib.tb_starlink_pss_fft_bank_owned_slice xil_defaultlib.glbl -log elaborate.log
Vivado Simulator v2022.2
Copyright 1986-1999, 2001-2022 Xilinx, Inc. All Rights Reserved.
Running: /opt/Xilinx/Vivado/2022.2/bin/unwrapped/lnx64.o/xelab --incr --debug typical --relax --mt 2 -generic_top REGISTERED_SCHEDULING=1 -generic_top DISTRIBUTED_FAST_FAULT=1 -generic_top PRIVATE_NEXT_START_SCRATCH=1 -generic_top EXACT_EXTRA_EPOCHS=1 -generic_top FAST_MHZ=175 -generic_top QUICK_MUTATION=0 -generic_top PER_CAUSE_FAULT_CDC=1 -generic_top PRIVATE_ROM_READ_AHEAD=1 -generic_top PRIVATE_BLOCK_METADATA_READ_AHEAD=1 -generic_top PRODUCER_LOCAL_FINAL_FENCE=1 -generic_top CHECKED_PRODUCT_BANK=1 -L xil_defaultlib -L xbip_utils_v3_0_10 -L axi_utils_v2_0_6 -L c_reg_fd_v12_0_6 -L xbip_dsp48_wrapper_v3_0_4 -L xbip_pipe_v3_0_6 -L xbip_dsp48_addsub_v3_0_6 -L xbip_addsub_v3_0_6 -L c_addsub_v12_0_14 -L c_mux_bit_v12_0_6 -L c_shift_ram_v12_0_14 -L xbip_bram18k_v3_0_6 -L mult_gen_v12_0_18 -L cmpy_v6_0_21 -L floating_point_v7_0_20 -L xfft_v9_1_8 -L uvm -L unisims_ver -L unimacro_ver -L secureip -L xpm --snapshot tb_starlink_pss_fft_bank_owned_slice_behav xil_defaultlib.tb_starlink_pss_fft_bank_owned_slice xil_defaultlib.glbl -log elaborate.log 
Using 2 slave threads.
Starting static elaboration
Pass Through NonSizing Optimizer
WARNING: [VRFC 10-3532] module 'glbl' does not have a parameter named 'REGISTERED_SCHEDULING' to override [/home/mouse9911/gits/starlink-build-recovery-20260910.vHzUVnBz/checked-product-actual-prepared-v1/project/exact_control_actual.sim/sim_1/behav/xsim/glbl.v:6]
WARNING: [VRFC 10-8913] elaboration created identifier '\distributed_fast_fault.cause_sticky ' is used before its declaration; pretty-printed output may be illegal [/home/mouse9911/gits/starlink-build-recovery-20260910.vHzUVnBz/checked-product-actual-prepared-v1/frozen_sources/starlink_pss_fft_bank_owned_checked_product.v:119]
Completed static elaboration
Starting simulation data flow analysis
Completed simulation data flow analysis
Time Resolution for simulation is 1fs
Compiling package std.standard
Compiling package std.textio
Compiling package ieee.std_logic_1164
Compiling package ieee.numeric_std
Compiling package xbip_utils_v3_0_10.xbip_utils_v3_0_10_pkg
Compiling package xfft_v9_1_8.xfft_v9_1_8_viv_comp
Compiling package ieee.std_logic_arith
Compiling package ieee.std_logic_unsigned
Compiling package ieee.math_real
Compiling package axi_utils_v2_0_6.axi_utils_v2_0_6_pkg
Compiling package mult_gen_v12_0_18.mult_gen_v12_0_18_pkg
Compiling package ieee.std_logic_signed
Compiling package cmpy_v6_0_21.cmpy_v6_0_21_pkg
Compiling package floating_point_v7_0_20.floating_point_v7_0_20_consts
Compiling package floating_point_v7_0_20.floating_point_v7_0_20_exp_table...
Compiling package floating_point_v7_0_20.floating_point_v7_0_20_pkg
Compiling package xfft_v9_1_8.pkg
Compiling package xfft_v9_1_8.xfft_v9_1_8_axi_pkg
Compiling package unisim.vcomponents
Compiling package ieee.vital_timing
Compiling package ieee.vital_primitives
Compiling package unisim.vpkg
Compiling package xbip_pipe_v3_0_6.xbip_pipe_v3_0_6_viv_comp
Compiling package xbip_addsub_v3_0_6.xbip_addsub_v3_0_6_viv_comp
Compiling package c_addsub_v12_0_14.c_addsub_v12_0_14_pkg
Compiling package c_addsub_v12_0_14.c_addsub_v12_0_14_pkg_legacy
Compiling package c_reg_fd_v12_0_6.c_reg_fd_v12_0_6_viv_comp
Compiling package c_shift_ram_v12_0_14.c_shift_ram_v12_0_14_pkg
Compiling package c_mux_bit_v12_0_6.c_mux_bit_v12_0_6_viv_comp
Compiling package xfft_v9_1_8.half_sincos_tw_table
Compiling package xpm.vcomponents
Compiling package ieee.std_logic_textio
Compiling package mult_gen_v12_0_18.dsp_pkg
Compiling module xil_defaultlib.starlink_pss_block_mailbox(RESET...
Compiling module xil_defaultlib.starlink_pss_realtime_checked_pr...
Compiling module xil_defaultlib.starlink_pss_realtime_result_gua...
Compiling module xil_defaultlib.starlink_pss_kernel_rom_read_ahe...
Compiling module xil_defaultlib.starlink_pss_forward_kernel_join...
Compiling module xil_defaultlib.starlink_pss_spectrum_product(DA...
Compiling module xil_defaultlib.starlink_pss_epoch_sealed_public...
Compiling module xil_defaultlib.starlink_pss_checked_product_rea...
Compiling module xil_defaultlib.starlink_pss_product_sealed_obse...
Compiling module xil_defaultlib.starlink_pss_block_mailbox(METAD...
Compiling architecture synth of entity xfft_v9_1_8.axi_wrapper_output_fifo [\axi_wrapper_output_fifo(c_fifo_...]
Compiling architecture synth of entity xfft_v9_1_8.axi_wrapper_input_fifo [\axi_wrapper_input_fifo(c_fifo_w...]
Compiling architecture synth of entity xfft_v9_1_8.axi_wrapper_input_fifo [\axi_wrapper_input_fifo(c_fifo_w...]
Compiling architecture synth of entity xfft_v9_1_8.axi_wrapper_output_fifo [\axi_wrapper_output_fifo(c_fifo_...]
Compiling architecture synth of entity xfft_v9_1_8.axi_wrapper [\axi_wrapper(c_nfft_max=9,c_arch...]
Compiling architecture xilinx of entity xfft_v9_1_8.mux_bus2 [\mux_bus2(c_xdevicefamily="zynq"...]
Compiling architecture rb18_internal_vhdl_v of entity unisim.RB18_INTERNAL_VHDL [\RB18_INTERNAL_VHDL(bram_size=18...]
Compiling architecture ramb18e1_v of entity unisim.RAMB18E1 [\RAMB18E1(doa_reg=1,dob_reg=1,ra...]
Compiling architecture xilinx of entity xfft_v9_1_8.dpm [\dpm(c_xdevicefamily="zynq",widt...]
Compiling architecture xilinx of entity xfft_v9_1_8.max2_2 [max2_2_default]
Compiling architecture xilinx of entity xfft_v9_1_8.in_ranger [in_ranger_default]
Compiling architecture xilinx of entity xfft_v9_1_8.range_r4 [range_r4_default]
Compiling architecture xilinx of entity xfft_v9_1_8.r4_ranger [r4_ranger_default]
Compiling architecture xilinx of entity xfft_v9_1_8.scale_logic [scale_logic_default]
Compiling architecture xilinx of entity xfft_v9_1_8.shift_ram [\shift_ram(c_xdevicefamily="zynq...]
Compiling architecture xilinx of entity xfft_v9_1_8.mux_bus4 [\mux_bus4(c_xdevicefamily="zynq"...]
Compiling architecture xilinx of entity xfft_v9_1_8.in_switch4 [\in_switch4(c_xdevicefamily="zyn...]
Compiling architecture xilinx of entity xfft_v9_1_8.shift_ram [\shift_ram(c_xdevicefamily="zynq...]
Compiling architecture dsp48e1_v of entity unisim.DSP48E1 [\DSP48E1(adreg=0,carryinreg=0,ca...]
Compiling architecture dsp48e_v of entity unisim.DSP48E [\DSP48E(carryinreg=0,carryinselr...]
Compiling architecture xilinx of entity xfft_v9_1_8.butterfly_DSP48E_SIMD_bypass [\butterfly_DSP48E_SIMD_bypass(da...]
Compiling architecture xilinx of entity xfft_v9_1_8.bf_dsp_bypass [\bf_dsp_bypass(c_xdevicefamily="...]
Compiling architecture xilinx of entity xfft_v9_1_8.butterfly_DSP48E_SIMD_mul_j_bypass [\butterfly_DSP48E_SIMD_mul_j_byp...]
Compiling architecture xilinx of entity xfft_v9_1_8.bf_dsp_mul_j_bypass [\bf_dsp_mul_j_bypass(c_xdevicefa...]
Compiling architecture dsp48e1_v of entity unisim.DSP48E1 [\DSP48E1(adreg=0,carryinreg=0,ca...]
Compiling architecture dsp48e_v of entity unisim.DSP48E [\DSP48E(carryinreg=0,carryinselr...]
Compiling architecture xilinx of entity xfft_v9_1_8.butterfly_DSP48E_SIMD [\butterfly_DSP48E_SIMD(data_widt...]
Compiling architecture xilinx of entity xfft_v9_1_8.bf_dsp [\bf_dsp(c_xdevicefamily="zynq",d...]
Compiling architecture xilinx of entity xfft_v9_1_8.dragonfly_DSP48_bypass [\dragonfly_DSP48_bypass(c_xdevic...]
Compiling architecture xilinx of entity xfft_v9_1_8.shift_ram [\shift_ram(c_xdevicefamily="zynq...]
Compiling architecture xilinx of entity cmpy_v6_0_21.delay_line [\delay_line(c_xdevicefamily="zyn...]
Compiling architecture xilinx of entity cmpy_v6_0_21.delay_line [\delay_line(c_xdevicefamily="zyn...]
Compiling architecture xilinx of entity mult_gen_v12_0_18.delay_line [\delay_line(c_xdevicefamily="zyn...]
Compiling architecture xilinx of entity mult_gen_v12_0_18.delay_line [\delay_line(c_xdevicefamily="zyn...]
Compiling architecture dsp48e1_v of entity unisim.DSP48E1 [\DSP48E1(acascreg=2,alumodereg=0...]
Compiling architecture xilinx of entity mult_gen_v12_0_18.delay_line [\delay_line(c_xdevicefamily="zyn...]
Compiling architecture xilinx of entity mult_gen_v12_0_18.op_resize [\op_resize(ai_width=18,bi_width=...]
Compiling architecture xilinx of entity mult_gen_v12_0_18.dsp [\dsp(c_xdevicefamily="zynq",c_a_...]
Compiling architecture xilinx of entity cmpy_v6_0_21.cmpy_3_dsp48_mult [\cmpy_3_dsp48_mult(c_xdevicefami...]
Compiling architecture xilinx of entity mult_gen_v12_0_18.delay_line [\delay_line(c_xdevicefamily="zyn...]
Compiling architecture xilinx of entity mult_gen_v12_0_18.delay_line [\delay_line(c_xdevicefamily="zyn...]
Compiling architecture dsp48e1_v of entity unisim.DSP48E1 [\DSP48E1(alumodereg=0,bcascreg=2...]
Compiling architecture xilinx of entity mult_gen_v12_0_18.op_resize [\op_resize(ai_width=19,bi_width=...]
Compiling architecture xilinx of entity mult_gen_v12_0_18.dsp [\dsp(c_xdevicefamily="zynq",c_a_...]
Compiling architecture xilinx of entity cmpy_v6_0_21.cmpy_3_dsp48_mult [\cmpy_3_dsp48_mult(c_xdevicefami...]
Compiling architecture xilinx of entity mult_gen_v12_0_18.dsp [\dsp(c_xdevicefamily="zynq",c_a_...]
Compiling architecture xilinx of entity cmpy_v6_0_21.cmpy_3_dsp48_mult [\cmpy_3_dsp48_mult(c_xdevicefami...]
Compiling architecture xilinx of entity cmpy_v6_0_21.input_negation [\input_negation(c_xdevicefamily=...]
Compiling architecture xilinx of entity cmpy_v6_0_21.delay_line [\delay_line(c_xdevicefamily="zyn...]
Compiling architecture xilinx of entity cmpy_v6_0_21.delay_line [\delay_line(c_xdevicefamily="zyn...]
Compiling architecture xilinx of entity cmpy_v6_0_21.cmpy_3_dsp48 [\cmpy_3_dsp48(c_xdevicefamily="z...]
Compiling architecture xilinx of entity cmpy_v6_0_21.cmpy_v6_0_21_synth [\cmpy_v6_0_21_synth(c_xdevicefam...]
Compiling architecture xilinx of entity xfft_v9_1_8.cmpy [\cmpy(c_xdevicefamily="zynq",a_w...]
Compiling architecture xilinx of entity xfft_v9_1_8.mux_bus4 [\mux_bus4(c_xdevicefamily="zynq"...]
Compiling architecture xilinx of entity xfft_v9_1_8.arith_shift3 [\arith_shift3(c_xdevicefamily="z...]
Compiling architecture xilinx of entity xfft_v9_1_8.logic_gate [\logic_gate(c_xdevicefamily="zyn...]
Compiling architecture xilinx of entity xfft_v9_1_8.shift_ram [\shift_ram(c_xdevicefamily="zynq...]
Compiling architecture lut6_v of entity unisim.LUT6 [\LUT6(init="10000000000000000000...]
Compiling architecture xilinx of entity xfft_v9_1_8.logic_gate [\logic_gate(c_xdevicefamily="zyn...]
Compiling architecture rtl of entity c_addsub_v12_0_14.c_addsub_v12_0_14_lut6_legacy [\c_addsub_v12_0_14_lut6_legacy(c...]
Compiling architecture synth of entity c_addsub_v12_0_14.c_addsub_v12_0_14_fabric_legacy [\c_addsub_v12_0_14_fabric_legacy...]
Compiling architecture synth of entity c_addsub_v12_0_14.c_addsub_v12_0_14_legacy [\c_addsub_v12_0_14_legacy(c_fami...]
Compiling architecture synth of entity c_addsub_v12_0_14.c_addsub_v12_0_14_viv [\c_addsub_v12_0_14_viv(c_xdevice...]
Compiling architecture xilinx of entity xfft_v9_1_8.unbiased_round [\unbiased_round(c_xdevicefamily=...]
Compiling architecture xilinx of entity xfft_v9_1_8.pe4 [\pe4(c_xdevicefamily="zynq",io_w...]
Compiling architecture xilinx of entity xfft_v9_1_8.out_switch4 [\out_switch4(c_xdevicefamily="zy...]
Compiling architecture xilinx of entity xfft_v9_1_8.r4_datapath [\r4_datapath(c_xdevicefamily="zy...]
Compiling architecture struct of entity c_shift_ram_v12_0_14.c_shift_ram_v12_0_14_legacy [\c_shift_ram_v12_0_14_legacy(c_x...]
Compiling architecture synth of entity c_shift_ram_v12_0_14.c_shift_ram_v12_0_14_viv [\c_shift_ram_v12_0_14_viv(c_xdev...]
Compiling architecture xilinx of entity xfft_v9_1_8.shift_ram [\shift_ram(c_xdevicefamily="zynq...]
Compiling architecture xilinx of entity xfft_v9_1_8.shift_ram [\shift_ram(c_xdevicefamily="zynq...]
Compiling architecture struct of entity c_shift_ram_v12_0_14.c_shift_ram_v12_0_14_legacy [\c_shift_ram_v12_0_14_legacy(c_x...]
Compiling architecture synth of entity c_shift_ram_v12_0_14.c_shift_ram_v12_0_14_viv [\c_shift_ram_v12_0_14_viv(c_xdev...]
Compiling architecture xilinx of entity xfft_v9_1_8.shift_ram [\shift_ram(c_xdevicefamily="zynq...]
Compiling architecture struct of entity c_shift_ram_v12_0_14.c_shift_ram_v12_0_14_legacy [\c_shift_ram_v12_0_14_legacy(c_x...]
Compiling architecture synth of entity c_shift_ram_v12_0_14.c_shift_ram_v12_0_14_viv [\c_shift_ram_v12_0_14_viv(c_xdev...]
Compiling architecture xilinx of entity xfft_v9_1_8.shift_ram [\shift_ram(c_xdevicefamily="zynq...]
Compiling architecture struct of entity c_shift_ram_v12_0_14.c_shift_ram_v12_0_14_legacy [\c_shift_ram_v12_0_14_legacy(c_x...]
Compiling architecture synth of entity c_shift_ram_v12_0_14.c_shift_ram_v12_0_14_viv [\c_shift_ram_v12_0_14_viv(c_xdev...]
Compiling architecture xilinx of entity xfft_v9_1_8.shift_ram [\shift_ram(c_xdevicefamily="zynq...]
Compiling architecture struct of entity c_shift_ram_v12_0_14.c_shift_ram_v12_0_14_legacy [\c_shift_ram_v12_0_14_legacy(c_x...]
Compiling architecture synth of entity c_shift_ram_v12_0_14.c_shift_ram_v12_0_14_viv [\c_shift_ram_v12_0_14_viv(c_xdev...]
Compiling architecture xilinx of entity xfft_v9_1_8.shift_ram [\shift_ram(c_xdevicefamily="zynq...]
Compiling architecture xilinx of entity xfft_v9_1_8.shift_ram [\shift_ram(c_xdevicefamily="zynq...]
Compiling architecture xilinx of entity xfft_v9_1_8.shift_ram [\shift_ram(c_xdevicefamily="zynq...]
Compiling architecture fdre_v of entity unisim.FDRE [fdre_default]
Compiling architecture fde_v of entity unisim.FDE [fde_default]
Compiling architecture struct of entity c_shift_ram_v12_0_14.c_shift_ram_v12_0_14_legacy [\c_shift_ram_v12_0_14_legacy(c_x...]
Compiling architecture synth of entity c_shift_ram_v12_0_14.c_shift_ram_v12_0_14_viv [\c_shift_ram_v12_0_14_viv(c_xdev...]
Compiling architecture xilinx of entity xfft_v9_1_8.shift_ram [\shift_ram(c_xdevicefamily="zynq...]
Compiling architecture xilinx of entity xfft_v9_1_8.reg_rs_rtl [reg_rs_rtl_default]
Compiling architecture muxcy_v of entity unisim.MUXCY [muxcy_default]
Compiling architecture xorcy_v of entity unisim.XORCY [xorcy_default]
Compiling architecture rtl of entity c_addsub_v12_0_14.c_addsub_v12_0_14_lut6_legacy [\c_addsub_v12_0_14_lut6_legacy(c...]
Compiling architecture synth of entity c_addsub_v12_0_14.c_addsub_v12_0_14_fabric_legacy [\c_addsub_v12_0_14_fabric_legacy...]
Compiling architecture synth of entity c_addsub_v12_0_14.c_addsub_v12_0_14_legacy [\c_addsub_v12_0_14_legacy(c_fami...]
Compiling architecture synth of entity c_addsub_v12_0_14.c_addsub_v12_0_14_viv [\c_addsub_v12_0_14_viv(c_xdevice...]
Compiling architecture lut6_v of entity unisim.LUT6 [\LUT6(init="10010000000010010000...]
Compiling architecture xilinx of entity xfft_v9_1_8.equ_rtl [\equ_rtl(c_xdevicefamily="zynq",...]
Compiling architecture xilinx of entity xfft_v9_1_8.cnt_tc_rtl [\cnt_tc_rtl(c_xdevicefamily="zyn...]
Compiling architecture rtl of entity c_addsub_v12_0_14.c_addsub_v12_0_14_lut6_legacy [\c_addsub_v12_0_14_lut6_legacy(c...]
Compiling architecture synth of entity c_addsub_v12_0_14.c_addsub_v12_0_14_fabric_legacy [\c_addsub_v12_0_14_fabric_legacy...]
Compiling architecture synth of entity c_addsub_v12_0_14.c_addsub_v12_0_14_legacy [\c_addsub_v12_0_14_legacy(c_fami...]
Compiling architecture synth of entity c_addsub_v12_0_14.c_addsub_v12_0_14_viv [\c_addsub_v12_0_14_viv(c_xdevice...]
Compiling architecture xilinx of entity xfft_v9_1_8.equ_rtl [\equ_rtl(c_xdevicefamily="zynq",...]
Compiling architecture xilinx of entity xfft_v9_1_8.cnt_tc_rtl [\cnt_tc_rtl(c_xdevicefamily="zyn...]
Compiling architecture rtl of entity c_addsub_v12_0_14.c_addsub_v12_0_14_lut6_legacy [\c_addsub_v12_0_14_lut6_legacy(c...]
Compiling architecture synth of entity c_addsub_v12_0_14.c_addsub_v12_0_14_fabric_legacy [\c_addsub_v12_0_14_fabric_legacy...]
Compiling architecture synth of entity c_addsub_v12_0_14.c_addsub_v12_0_14_legacy [\c_addsub_v12_0_14_legacy(c_fami...]
Compiling architecture synth of entity c_addsub_v12_0_14.c_addsub_v12_0_14_viv [\c_addsub_v12_0_14_viv(c_xdevice...]
Compiling architecture xilinx of entity xfft_v9_1_8.equ_rtl [\equ_rtl(c_xdevicefamily="zynq",...]
Compiling architecture xilinx of entity xfft_v9_1_8.cnt_tc_rtl [\cnt_tc_rtl(c_xdevicefamily="zyn...]
Compiling architecture rtl of entity c_addsub_v12_0_14.c_addsub_v12_0_14_lut6_legacy [\c_addsub_v12_0_14_lut6_legacy(c...]
Compiling architecture synth of entity c_addsub_v12_0_14.c_addsub_v12_0_14_fabric_legacy [\c_addsub_v12_0_14_fabric_legacy...]
Compiling architecture synth of entity c_addsub_v12_0_14.c_addsub_v12_0_14_legacy [\c_addsub_v12_0_14_legacy(c_fami...]
Compiling architecture synth of entity c_addsub_v12_0_14.c_addsub_v12_0_14_viv [\c_addsub_v12_0_14_viv(c_xdevice...]
Compiling architecture xilinx of entity xfft_v9_1_8.equ_rtl [\equ_rtl(c_xdevicefamily="zynq",...]
Compiling architecture xilinx of entity xfft_v9_1_8.cnt_tc_rtl [\cnt_tc_rtl(c_xdevicefamily="zyn...]
Compiling architecture xilinx of entity xfft_v9_1_8.flow_control_b [\flow_control_b(c_xdevicefamily=...]
Compiling architecture struct of entity c_shift_ram_v12_0_14.c_shift_ram_v12_0_14_legacy [\c_shift_ram_v12_0_14_legacy(c_x...]
Compiling architecture synth of entity c_shift_ram_v12_0_14.c_shift_ram_v12_0_14_viv [\c_shift_ram_v12_0_14_viv(c_xdev...]
Compiling architecture xilinx of entity xfft_v9_1_8.shift_ram [\shift_ram(c_xdevicefamily="zynq...]
Compiling architecture struct of entity c_shift_ram_v12_0_14.c_shift_ram_v12_0_14_legacy [\c_shift_ram_v12_0_14_legacy(c_x...]
Compiling architecture synth of entity c_shift_ram_v12_0_14.c_shift_ram_v12_0_14_viv [\c_shift_ram_v12_0_14_viv(c_xdev...]
Compiling architecture xilinx of entity xfft_v9_1_8.shift_ram [\shift_ram(c_xdevicefamily="zynq...]
Compiling architecture struct of entity c_shift_ram_v12_0_14.c_shift_ram_v12_0_14_legacy [\c_shift_ram_v12_0_14_legacy(c_x...]
Compiling architecture synth of entity c_shift_ram_v12_0_14.c_shift_ram_v12_0_14_viv [\c_shift_ram_v12_0_14_viv(c_xdev...]
Compiling architecture xilinx of entity xfft_v9_1_8.shift_ram [\shift_ram(c_xdevicefamily="zynq...]
Compiling architecture struct of entity c_shift_ram_v12_0_14.c_shift_ram_v12_0_14_legacy [\c_shift_ram_v12_0_14_legacy(c_x...]
Compiling architecture synth of entity c_shift_ram_v12_0_14.c_shift_ram_v12_0_14_viv [\c_shift_ram_v12_0_14_viv(c_xdev...]
Compiling architecture xilinx of entity xfft_v9_1_8.shift_ram [\shift_ram(c_xdevicefamily="zynq...]
Compiling architecture srl16e_v of entity unisim.SRL16E [\SRL16E(0,15)\]
Compiling architecture xilinx of entity xfft_v9_1_8.shift_ram [\shift_ram(c_xdevicefamily="zynq...]
Compiling architecture xilinx of entity xfft_v9_1_8.shift_ram [\shift_ram(c_xdevicefamily="zynq...]
Compiling architecture xilinx of entity xfft_v9_1_8.shift_ram [\shift_ram(c_xdevicefamily="zynq...]
Compiling architecture structural of entity c_reg_fd_v12_0_6.c_reg_fd_v12_0_6_viv [\c_reg_fd_v12_0_6_viv(c_sync_pri...]
Compiling architecture struct of entity c_shift_ram_v12_0_14.c_shift_ram_v12_0_14_legacy [\c_shift_ram_v12_0_14_legacy(c_x...]
Compiling architecture synth of entity c_shift_ram_v12_0_14.c_shift_ram_v12_0_14_viv [\c_shift_ram_v12_0_14_viv(c_xdev...]
Compiling architecture xilinx of entity xfft_v9_1_8.shift_ram [\shift_ram(c_xdevicefamily="zynq...]
Compiling architecture struct of entity c_shift_ram_v12_0_14.c_shift_ram_v12_0_14_legacy [\c_shift_ram_v12_0_14_legacy(c_x...]
Compiling architecture synth of entity c_shift_ram_v12_0_14.c_shift_ram_v12_0_14_viv [\c_shift_ram_v12_0_14_viv(c_xdev...]
Compiling architecture xilinx of entity xfft_v9_1_8.shift_ram [\shift_ram(c_xdevicefamily="zynq...]
Compiling architecture struct of entity c_shift_ram_v12_0_14.c_shift_ram_v12_0_14_legacy [\c_shift_ram_v12_0_14_legacy(c_x...]
Compiling architecture synth of entity c_shift_ram_v12_0_14.c_shift_ram_v12_0_14_viv [\c_shift_ram_v12_0_14_viv(c_xdev...]
Compiling architecture xilinx of entity xfft_v9_1_8.shift_ram [\shift_ram(c_xdevicefamily="zynq...]
Compiling architecture struct of entity c_shift_ram_v12_0_14.c_shift_ram_v12_0_14_legacy [\c_shift_ram_v12_0_14_legacy(c_x...]
Compiling architecture synth of entity c_shift_ram_v12_0_14.c_shift_ram_v12_0_14_viv [\c_shift_ram_v12_0_14_viv(c_xdev...]
Compiling architecture xilinx of entity xfft_v9_1_8.shift_ram [\shift_ram(c_xdevicefamily="zynq...]
Compiling architecture struct of entity c_shift_ram_v12_0_14.c_shift_ram_v12_0_14_legacy [\c_shift_ram_v12_0_14_legacy(c_x...]
Compiling architecture synth of entity c_shift_ram_v12_0_14.c_shift_ram_v12_0_14_viv [\c_shift_ram_v12_0_14_viv(c_xdev...]
Compiling architecture xilinx of entity xfft_v9_1_8.shift_ram [\shift_ram(c_xdevicefamily="zynq...]
Compiling architecture struct of entity c_shift_ram_v12_0_14.c_shift_ram_v12_0_14_legacy [\c_shift_ram_v12_0_14_legacy(c_x...]
Compiling architecture synth of entity c_shift_ram_v12_0_14.c_shift_ram_v12_0_14_viv [\c_shift_ram_v12_0_14_viv(c_xdev...]
Compiling architecture xilinx of entity xfft_v9_1_8.shift_ram [\shift_ram(c_xdevicefamily="zynq...]
Compiling architecture xilinx of entity xfft_v9_1_8.shift_ram [\shift_ram(c_xdevicefamily="zynq...]
Compiling architecture lut4_v of entity unisim.LUT4 [\LUT4(init="0000000011001010")(0...]
Compiling architecture xilinx of entity xfft_v9_1_8.mux_bus4 [\mux_bus4(c_xdevicefamily="zynq"...]
Compiling architecture lut6_v of entity unisim.LUT6 [\LUT6(init="11111111000000001111...]
Compiling architecture xilinx of entity xfft_v9_1_8.mux_bus4 [\mux_bus4(c_xdevicefamily="zynq"...]
Compiling architecture lut3_v of entity unisim.LUT3 [\LUT3(init="11001010")(0,7)\]
Compiling architecture xilinx of entity xfft_v9_1_8.mux_bus2 [\mux_bus2(c_xdevicefamily="zynq"...]
Compiling architecture xilinx of entity xfft_v9_1_8.shift_ram [\shift_ram(c_xdevicefamily="zynq...]
Compiling architecture xilinx of entity xfft_v9_1_8.shift_ram [\shift_ram(c_xdevicefamily="zynq...]
Compiling architecture xilinx of entity xfft_v9_1_8.xor_bit_gate [\xor_bit_gate(c_inputs=4)\]
Compiling architecture xilinx of entity xfft_v9_1_8.xor_bit_gate [\xor_bit_gate(c_inputs=13)\]
Compiling architecture xilinx of entity xfft_v9_1_8.shift_ram [\shift_ram(c_xdevicefamily="zynq...]
Compiling architecture structural of entity c_reg_fd_v12_0_6.c_reg_fd_v12_0_6_viv [\c_reg_fd_v12_0_6_viv(c_width=8,...]
Compiling architecture rtl of entity c_addsub_v12_0_14.c_addsub_v12_0_14_lut6_legacy [\c_addsub_v12_0_14_lut6_legacy(c...]
Compiling architecture synth of entity c_addsub_v12_0_14.c_addsub_v12_0_14_fabric_legacy [\c_addsub_v12_0_14_fabric_legacy...]
Compiling architecture synth of entity c_addsub_v12_0_14.c_addsub_v12_0_14_legacy [\c_addsub_v12_0_14_legacy(c_fami...]
Compiling architecture synth of entity c_addsub_v12_0_14.c_addsub_v12_0_14_viv [\c_addsub_v12_0_14_viv(c_xdevice...]
Compiling architecture xilinx of entity xfft_v9_1_8.subtracter [\subtracter(c_xdevicefamily="zyn...]
Compiling architecture xilinx of entity xfft_v9_1_8.xor_bit_gate [\xor_bit_gate(c_inputs=14)\]
Compiling architecture xilinx of entity xfft_v9_1_8.mux_bus2 [\mux_bus2(c_xdevicefamily="zynq"...]
Compiling architecture xilinx of entity xfft_v9_1_8.mux_bus2 [\mux_bus2(c_xdevicefamily="zynq"...]
Compiling architecture xilinx of entity xfft_v9_1_8.rw_addr_gen_b [\rw_addr_gen_b(c_xdevicefamily="...]
Compiling architecture xilinx of entity xfft_v9_1_8.mux_bus2 [\mux_bus2(c_xdevicefamily="zynq"...]
Compiling architecture xilinx of entity xfft_v9_1_8.out_addr_gen_b [\out_addr_gen_b(c_xdevicefamily=...]
Compiling architecture muxf7_v of entity unisim.MUXF7 [muxf7_default]
Compiling architecture xilinx of entity xfft_v9_1_8.mux_bus8 [\mux_bus8(c_xdevicefamily="zynq"...]
Compiling architecture lut6_v of entity unisim.LUT6 [\LUT6(init="00000000000000000000...]
Compiling architecture xilinx of entity xfft_v9_1_8.mux_bus4 [\mux_bus4(c_xdevicefamily="zynq"...]
Compiling architecture xilinx of entity xfft_v9_1_8.mux_bus8 [\mux_bus8(c_xdevicefamily="zynq"...]
Compiling architecture structural of entity c_reg_fd_v12_0_6.c_reg_fd_v12_0_6_viv [\c_reg_fd_v12_0_6_viv(c_width=9,...]
Compiling architecture rtl of entity c_addsub_v12_0_14.c_addsub_v12_0_14_lut6_legacy [\c_addsub_v12_0_14_lut6_legacy(c...]
Compiling architecture synth of entity c_addsub_v12_0_14.c_addsub_v12_0_14_fabric_legacy [\c_addsub_v12_0_14_fabric_legacy...]
Compiling architecture synth of entity c_addsub_v12_0_14.c_addsub_v12_0_14_legacy [\c_addsub_v12_0_14_legacy(c_fami...]
Compiling architecture synth of entity c_addsub_v12_0_14.c_addsub_v12_0_14_viv [\c_addsub_v12_0_14_viv(c_xdevice...]
Compiling architecture xilinx of entity xfft_v9_1_8.tw_gen_p2 [\tw_gen_p2(c_xdevicefamily="zynq...]
Compiling architecture xilinx of entity xfft_v9_1_8.tw_addr_gen [\tw_addr_gen(c_xdevicefamily="zy...]
Compiling architecture vcc_v of entity unisim.VCC [vcc_default]
Compiling architecture xilinx of entity xfft_v9_1_8.twgen_half_sincos [\twgen_half_sincos(c_xdevicefami...]
Compiling architecture xilinx of entity xfft_v9_1_8.twiddle_gen [\twiddle_gen(c_xdevicefamily="zy...]
Compiling architecture xilinx of entity xfft_v9_1_8.r4_control [\r4_control(c_xdevicefamily="zyn...]
Compiling architecture xilinx of entity xfft_v9_1_8.xfft_v9_1_8_b [\xfft_v9_1_8_b(c_xdevicefamily="...]
Compiling architecture synth of entity xfft_v9_1_8.xfft_v9_1_8_core [\xfft_v9_1_8_core(c_xdevicefamil...]
Compiling architecture synth of entity xfft_v9_1_8.xfft_v9_1_8_viv [\xfft_v9_1_8_viv(c_xdevicefamily...]
Compiling architecture xilinx of entity xfft_v9_1_8.xfft_v9_1_8 [\xfft_v9_1_8(c_xdevicefamily="zy...]
Compiling architecture starlink_pss_fft512_bfp18_rt_candidate_arch of entity xil_defaultlib.starlink_pss_fft512_bfp18_rt_candidate [starlink_pss_fft512_bfp18_rt_can...]
Compiling module xil_defaultlib.starlink_pss_fft_bank_owned_chec...
Compiling module xil_defaultlib.starlink_pss_kernel_rom(ROM_FILE...
Compiling module xil_defaultlib.starlink_pss_kernel_rom_7ee87258...
Compiling module xil_defaultlib.starlink_pss_forward_kernel_join...
Compiling module xil_defaultlib.starlink_pss_spectrum_product_7e...
Compiling module xil_defaultlib.starlink_pss_payload_bubble_shad...
Compiling module xil_defaultlib.starlink_pss_realtime_result_gua...
Compiling module xil_defaultlib.starlink_pss_forward_retirement_...
Compiling module xil_defaultlib.starlink_pss_realtime_input_guar...
Compiling module xil_defaultlib.starlink_pss_realtime_result_gua...
Compiling module xil_defaultlib.tb_starlink_pss_fft_bank_owned_s...
Compiling module xil_defaultlib.glbl
Built simulation snapshot tb_starlink_pss_fft_bank_owned_slice_behav
execute_script: Time (s): cpu = 00:00:14 ; elapsed = 00:00:09 . Memory (MB): peak = 1400.660 ; gain = 0.000 ; free physical = 15513 ; free virtual = 123256
INFO: [USF-XSim-69] 'elaborate' step finished in '9' seconds
INFO: [USF-XSim-4] XSim::Simulate design
INFO: [USF-XSim-61] Executing 'SIMULATE' step in '/home/mouse9911/gits/starlink-build-recovery-20260910.vHzUVnBz/checked-product-actual-prepared-v1/project/exact_control_actual.sim/sim_1/behav/xsim'
INFO: [USF-XSim-98] *** Running xsim
   with args "tb_starlink_pss_fft_bank_owned_slice_behav -key {Behavioral:sim_1:Functional:tb_starlink_pss_fft_bank_owned_slice} -tclbatch {tb_starlink_pss_fft_bank_owned_slice.tcl} -log {simulate.log}"
INFO: [USF-XSim-8] Loading simulator feature
Time resolution is 1 fs
source tb_starlink_pss_fft_bank_owned_slice.tcl
BANK_CAPTURE_START epoch=1 profile=0 block=0 time_ns=256.300000
BANK_CAPTURE_COMMIT epoch=1 profile=0 block=0 time_ns=5366.300000
BANK_FORWARD_ADMIT epoch=1 profile=0 index=0 fast_cycle=945 time_ns=5402.857413 interval_cycles=0
BANK_CAPTURE_START epoch=1 profile=0 block=1 time_ns=8386.300000
BANK_CAPTURE_COMMIT epoch=1 profile=0 block=1 time_ns=13496.300000
BANK_JOB epoch=1 inverse=0 admit=945 config_delta=3 input_span=513 input_last_to_output_first=781 commit_delta=1810
CHECKED_ACTUAL_LATENCY epoch=1 forward_start=947 product_final=2759 seal=2761 publication=2762 ack=2772 inverse_start=2781 first_core=2784 last_core=3296 release=3297
BANK_JOB epoch=1 inverse=1 admit=2779 config_delta=3 input_span=513 input_last_to_output_first=781 commit_delta=1810
BANK_OUTPUT_START epoch=1 profile=0 block=0 time_ns=26266.300000
BANK_OUTPUT epoch=1 profile=0 block=0 time_ns=31376.300000
BANK_FORWARD_ADMIT epoch=1 profile=0 index=1 fast_cycle=5500 time_ns=31431.430143 interval_cycles=4555
BANK_CAPTURE_START epoch=1 profile=0 block=2 time_ns=34406.300000
BANK_CAPTURE_COMMIT epoch=1 profile=0 block=2 time_ns=39516.300000
BANK_JOB epoch=1 inverse=0 admit=5500 config_delta=3 input_span=513 input_last_to_output_first=781 commit_delta=1810
CHECKED_ACTUAL_LATENCY epoch=1 forward_start=5502 product_final=7314 seal=7316 publication=7317 ack=7327 inverse_start=7336 first_core=7339 last_core=7851 release=7852
BANK_JOB epoch=1 inverse=1 admit=7334 config_delta=3 input_span=513 input_last_to_output_first=781 commit_delta=1810
BANK_OUTPUT_START epoch=1 profile=0 block=1 time_ns=52296.300000
BANK_OUTPUT epoch=1 profile=0 block=1 time_ns=57406.300000
BANK_FORWARD_ADMIT epoch=1 profile=0 index=2 fast_cycle=10055 time_ns=57460.002873 interval_cycles=4555
BANK_CAPTURE_START epoch=1 profile=0 block=3 time_ns=60436.300000
BANK_CAPTURE_COMMIT epoch=1 profile=0 block=3 time_ns=65546.300000
BANK_JOB epoch=1 inverse=0 admit=10055 config_delta=3 input_span=513 input_last_to_output_first=781 commit_delta=1810
CHECKED_ACTUAL_LATENCY epoch=1 forward_start=10057 product_final=11869 seal=11871 publication=11872 ack=11882 inverse_start=11891 first_core=11894 last_core=12406 release=12407
BANK_JOB epoch=1 inverse=1 admit=11889 config_delta=3 input_span=513 input_last_to_output_first=781 commit_delta=1810
BANK_OUTPUT_START epoch=1 profile=0 block=2 time_ns=78326.300000
BANK_OUTPUT epoch=1 profile=0 block=2 time_ns=83436.300000
BANK_FORWARD_ADMIT epoch=1 profile=0 index=3 fast_cycle=14610 time_ns=83488.575603 interval_cycles=4555
BANK_CAPTURE_START epoch=1 profile=0 block=4 time_ns=86466.300000
BANK_CAPTURE_COMMIT epoch=1 profile=0 block=4 time_ns=91576.300000
BANK_JOB epoch=1 inverse=0 admit=14610 config_delta=3 input_span=513 input_last_to_output_first=781 commit_delta=1810
CHECKED_ACTUAL_LATENCY epoch=1 forward_start=14612 product_final=16424 seal=16426 publication=16427 ack=16437 inverse_start=16446 first_core=16449 last_core=16961 release=16962
BANK_JOB epoch=1 inverse=1 admit=16444 config_delta=3 input_span=513 input_last_to_output_first=781 commit_delta=1810
BANK_OUTPUT_START epoch=1 profile=0 block=3 time_ns=104356.300000
BANK_OUTPUT epoch=1 profile=0 block=3 time_ns=109466.300000
BANK_FORWARD_ADMIT epoch=1 profile=0 index=4 fast_cycle=19166 time_ns=109522.862619 interval_cycles=4556
BANK_CAPTURE_START epoch=1 profile=0 block=5 time_ns=112506.300000
BANK_CAPTURE_COMMIT epoch=1 profile=0 block=5 time_ns=117616.300000
BANK_JOB epoch=1 inverse=0 admit=19166 config_delta=3 input_span=513 input_last_to_output_first=781 commit_delta=1810
CHECKED_ACTUAL_LATENCY epoch=1 forward_start=19168 product_final=20980 seal=20982 publication=20983 ack=20993 inverse_start=21002 first_core=21005 last_core=21517 release=21518
BANK_JOB epoch=1 inverse=1 admit=21000 config_delta=3 input_span=513 input_last_to_output_first=781 commit_delta=1810
BANK_OUTPUT_START epoch=1 profile=0 block=4 time_ns=130386.300000
BANK_OUTPUT epoch=1 profile=0 block=4 time_ns=135496.300000
BANK_FORWARD_ADMIT epoch=1 profile=0 index=5 fast_cycle=23721 time_ns=135551.435349 interval_cycles=4555
BANK_CAPTURE_START epoch=1 profile=0 block=6 time_ns=138526.300000
BANK_CAPTURE_COMMIT epoch=1 profile=0 block=6 time_ns=143636.300000
BANK_JOB epoch=1 inverse=0 admit=23721 config_delta=3 input_span=513 input_last_to_output_first=781 commit_delta=1810
CHECKED_ACTUAL_LATENCY epoch=1 forward_start=23723 product_final=25535 seal=25537 publication=25538 ack=25548 inverse_start=25557 first_core=25560 last_core=26072 release=26073
BANK_JOB epoch=1 inverse=1 admit=25555 config_delta=3 input_span=513 input_last_to_output_first=781 commit_delta=1810
BANK_OUTPUT_START epoch=1 profile=0 block=5 time_ns=156416.300000
BANK_OUTPUT epoch=1 profile=0 block=5 time_ns=161526.300000
BANK_FORWARD_ADMIT epoch=1 profile=0 index=6 fast_cycle=28276 time_ns=161580.008079 interval_cycles=4555
BANK_CAPTURE_START epoch=1 profile=0 block=7 time_ns=164556.300000
BANK_CAPTURE_COMMIT epoch=1 profile=0 block=7 time_ns=169666.300000
BANK_JOB epoch=1 inverse=0 admit=28276 config_delta=3 input_span=513 input_last_to_output_first=781 commit_delta=1810
CHECKED_ACTUAL_LATENCY epoch=1 forward_start=28278 product_final=30090 seal=30092 publication=30093 ack=30103 inverse_start=30112 first_core=30115 last_core=30627 release=30628
BANK_JOB epoch=1 inverse=1 admit=30110 config_delta=3 input_span=513 input_last_to_output_first=781 commit_delta=1810
BANK_OUTPUT_START epoch=1 profile=0 block=6 time_ns=182446.300000
BANK_OUTPUT epoch=1 profile=0 block=6 time_ns=187556.300000
BANK_FORWARD_ADMIT epoch=1 profile=0 index=7 fast_cycle=32831 time_ns=187608.580809 interval_cycles=4555
BANK_CAPTURE_START epoch=1 profile=0 block=8 time_ns=190586.300000
BANK_CAPTURE_COMMIT epoch=1 profile=0 block=8 time_ns=195696.300000
BANK_JOB epoch=1 inverse=0 admit=32831 config_delta=3 input_span=513 input_last_to_output_first=781 commit_delta=1810
CHECKED_ACTUAL_LATENCY epoch=1 forward_start=32833 product_final=34645 seal=34647 publication=34648 ack=34658 inverse_start=34667 first_core=34670 last_core=35182 release=35183
BANK_JOB epoch=1 inverse=1 admit=34665 config_delta=3 input_span=513 input_last_to_output_first=781 commit_delta=1810
BANK_OUTPUT_START epoch=1 profile=0 block=7 time_ns=208476.300000
BANK_OUTPUT epoch=1 profile=0 block=7 time_ns=213586.300000
BANK_FORWARD_ADMIT epoch=1 profile=0 index=8 fast_cycle=37387 time_ns=213642.867825 interval_cycles=4556
BANK_CAPTURE_START epoch=1 profile=0 block=9 time_ns=216626.300000
BANK_CAPTURE_COMMIT epoch=1 profile=0 block=9 time_ns=221736.300000
BANK_JOB epoch=1 inverse=0 admit=37387 config_delta=3 input_span=513 input_last_to_output_first=781 commit_delta=1810
CHECKED_ACTUAL_LATENCY epoch=1 forward_start=37389 product_final=39201 seal=39203 publication=39204 ack=39214 inverse_start=39223 first_core=39226 last_core=39738 release=39739
BANK_JOB epoch=1 inverse=1 admit=39221 config_delta=3 input_span=513 input_last_to_output_first=781 commit_delta=1810
BANK_OUTPUT_START epoch=1 profile=0 block=8 time_ns=234506.300000
BANK_OUTPUT epoch=1 profile=0 block=8 time_ns=239616.300000
BANK_FORWARD_ADMIT epoch=1 profile=0 index=9 fast_cycle=41942 time_ns=239671.440555 interval_cycles=4555
BANK_CAPTURE_START epoch=1 profile=0 block=10 time_ns=242646.300000
BANK_CAPTURE_COMMIT epoch=1 profile=0 block=10 time_ns=247756.300000
BANK_JOB epoch=1 inverse=0 admit=41942 config_delta=3 input_span=513 input_last_to_output_first=781 commit_delta=1810
CHECKED_ACTUAL_LATENCY epoch=1 forward_start=41944 product_final=43756 seal=43758 publication=43759 ack=43769 inverse_start=43778 first_core=43781 last_core=44293 release=44294
BANK_JOB epoch=1 inverse=1 admit=43776 config_delta=3 input_span=513 input_last_to_output_first=781 commit_delta=1810
BANK_OUTPUT_START epoch=1 profile=0 block=9 time_ns=260536.300000
BANK_OUTPUT epoch=1 profile=0 block=9 time_ns=265646.300000
BANK_FORWARD_ADMIT epoch=1 profile=0 index=10 fast_cycle=46497 time_ns=265700.013285 interval_cycles=4555
BANK_CAPTURE_START epoch=1 profile=0 block=11 time_ns=268676.300000
BANK_CAPTURE_COMMIT epoch=1 profile=0 block=11 time_ns=273786.300000
BANK_JOB epoch=1 inverse=0 admit=46497 config_delta=3 input_span=513 input_last_to_output_first=781 commit_delta=1810
CHECKED_ACTUAL_LATENCY epoch=1 forward_start=46499 product_final=48311 seal=48313 publication=48314 ack=48324 inverse_start=48333 first_core=48336 last_core=48848 release=48849
BANK_JOB epoch=1 inverse=1 admit=48331 config_delta=3 input_span=513 input_last_to_output_first=781 commit_delta=1810
BANK_OUTPUT_START epoch=1 profile=0 block=10 time_ns=286566.300000
BANK_OUTPUT epoch=1 profile=0 block=10 time_ns=291676.300000
BANK_FORWARD_ADMIT epoch=1 profile=0 index=11 fast_cycle=51052 time_ns=291728.586015 interval_cycles=4555
BANK_CAPTURE_START epoch=1 profile=0 block=12 time_ns=294706.300000
BANK_CAPTURE_COMMIT epoch=1 profile=0 block=12 time_ns=299816.300000
BANK_JOB epoch=1 inverse=0 admit=51052 config_delta=3 input_span=513 input_last_to_output_first=781 commit_delta=1810
CHECKED_ACTUAL_LATENCY epoch=1 forward_start=51054 product_final=52866 seal=52868 publication=52869 ack=52879 inverse_start=52888 first_core=52891 last_core=53403 release=53404
BANK_JOB epoch=1 inverse=1 admit=52886 config_delta=3 input_span=513 input_last_to_output_first=781 commit_delta=1810
BANK_OUTPUT_START epoch=1 profile=0 block=11 time_ns=312596.300000
BANK_OUTPUT epoch=1 profile=0 block=11 time_ns=317706.300000
BANK_FORWARD_ADMIT epoch=1 profile=0 index=12 fast_cycle=55608 time_ns=317762.873031 interval_cycles=4556
BANK_CAPTURE_START epoch=1 profile=0 block=13 time_ns=320746.300000
BANK_CAPTURE_COMMIT epoch=1 profile=0 block=13 time_ns=325856.300000
BANK_JOB epoch=1 inverse=0 admit=55608 config_delta=3 input_span=513 input_last_to_output_first=781 commit_delta=1810
CHECKED_ACTUAL_LATENCY epoch=1 forward_start=55610 product_final=57422 seal=57424 publication=57425 ack=57435 inverse_start=57444 first_core=57447 last_core=57959 release=57960
BANK_JOB epoch=1 inverse=1 admit=57442 config_delta=3 input_span=513 input_last_to_output_first=781 commit_delta=1810
BANK_OUTPUT_START epoch=1 profile=0 block=12 time_ns=338626.300000
BANK_OUTPUT epoch=1 profile=0 block=12 time_ns=343736.300000
BANK_FORWARD_ADMIT epoch=1 profile=0 index=13 fast_cycle=60163 time_ns=343791.445761 interval_cycles=4555
BANK_CAPTURE_START epoch=1 profile=0 block=14 time_ns=346766.300000
BANK_CAPTURE_COMMIT epoch=1 profile=0 block=14 time_ns=351876.300000
BANK_JOB epoch=1 inverse=0 admit=60163 config_delta=3 input_span=513 input_last_to_output_first=781 commit_delta=1810
CHECKED_ACTUAL_LATENCY epoch=1 forward_start=60165 product_final=61977 seal=61979 publication=61980 ack=61990 inverse_start=61999 first_core=62002 last_core=62514 release=62515
BANK_JOB epoch=1 inverse=1 admit=61997 config_delta=3 input_span=513 input_last_to_output_first=781 commit_delta=1810
BANK_OUTPUT_START epoch=1 profile=0 block=13 time_ns=364656.300000
BANK_OUTPUT epoch=1 profile=0 block=13 time_ns=369766.300000
BANK_FORWARD_ADMIT epoch=1 profile=0 index=14 fast_cycle=64718 time_ns=369820.018491 interval_cycles=4555
BANK_CAPTURE_START epoch=1 profile=0 block=15 time_ns=372796.300000
BANK_CAPTURE_COMMIT epoch=1 profile=0 block=15 time_ns=377906.300000
BANK_JOB epoch=1 inverse=0 admit=64718 config_delta=3 input_span=513 input_last_to_output_first=781 commit_delta=1810
CHECKED_ACTUAL_LATENCY epoch=1 forward_start=64720 product_final=66532 seal=66534 publication=66535 ack=66545 inverse_start=66554 first_core=66557 last_core=67069 release=67070
BANK_JOB epoch=1 inverse=1 admit=66552 config_delta=3 input_span=513 input_last_to_output_first=781 commit_delta=1810
BANK_OUTPUT_START epoch=1 profile=0 block=14 time_ns=390686.300000
BANK_OUTPUT epoch=1 profile=0 block=14 time_ns=395796.300000
BANK_FORWARD_ADMIT epoch=1 profile=0 index=15 fast_cycle=69273 time_ns=395848.591221 interval_cycles=4555
BANK_CAPTURE_START epoch=1 profile=0 block=16 time_ns=398826.300000
BANK_CAPTURE_COMMIT epoch=1 profile=0 block=16 time_ns=403936.300000
BANK_JOB epoch=1 inverse=0 admit=69273 config_delta=3 input_span=513 input_last_to_output_first=781 commit_delta=1810
CHECKED_ACTUAL_LATENCY epoch=1 forward_start=69275 product_final=71087 seal=71089 publication=71090 ack=71100 inverse_start=71109 first_core=71112 last_core=71624 release=71625
BANK_JOB epoch=1 inverse=1 admit=71107 config_delta=3 input_span=513 input_last_to_output_first=781 commit_delta=1810
BANK_OUTPUT_START epoch=1 profile=0 block=15 time_ns=416716.300000
BANK_OUTPUT epoch=1 profile=0 block=15 time_ns=421826.300000
BANK_FORWARD_ADMIT epoch=1 profile=0 index=16 fast_cycle=73829 time_ns=421882.878237 interval_cycles=4556
BANK_CAPTURE_START epoch=1 profile=0 block=17 time_ns=424866.300000
BANK_CAPTURE_COMMIT epoch=1 profile=0 block=17 time_ns=429976.300000
BANK_JOB epoch=1 inverse=0 admit=73829 config_delta=3 input_span=513 input_last_to_output_first=781 commit_delta=1810
CHECKED_ACTUAL_LATENCY epoch=1 forward_start=73831 product_final=75643 seal=75645 publication=75646 ack=75656 inverse_start=75665 first_core=75668 last_core=76180 release=76181
BANK_JOB epoch=1 inverse=1 admit=75663 config_delta=3 input_span=513 input_last_to_output_first=781 commit_delta=1810
BANK_OUTPUT_START epoch=1 profile=0 block=16 time_ns=442746.300000
BANK_OUTPUT epoch=1 profile=0 block=16 time_ns=447856.300000
BANK_FORWARD_ADMIT epoch=1 profile=0 index=17 fast_cycle=78384 time_ns=447911.450967 interval_cycles=4555
BANK_CAPTURE_START epoch=1 profile=0 block=18 time_ns=450886.300000
BANK_CAPTURE_COMMIT epoch=1 profile=0 block=18 time_ns=455996.300000
BANK_JOB epoch=1 inverse=0 admit=78384 config_delta=3 input_span=513 input_last_to_output_first=781 commit_delta=1810
CHECKED_ACTUAL_LATENCY epoch=1 forward_start=78386 product_final=80198 seal=80200 publication=80201 ack=80211 inverse_start=80220 first_core=80223 last_core=80735 release=80736
BANK_JOB epoch=1 inverse=1 admit=80218 config_delta=3 input_span=513 input_last_to_output_first=781 commit_delta=1810
BANK_OUTPUT_START epoch=1 profile=0 block=17 time_ns=468776.300000
BANK_OUTPUT epoch=1 profile=0 block=17 time_ns=473886.300000
BANK_FORWARD_ADMIT epoch=1 profile=0 index=18 fast_cycle=82939 time_ns=473940.023697 interval_cycles=4555
BANK_CAPTURE_START epoch=1 profile=0 block=19 time_ns=476916.300000
BANK_CAPTURE_COMMIT epoch=1 profile=0 block=19 time_ns=482026.300000
BANK_JOB epoch=1 inverse=0 admit=82939 config_delta=3 input_span=513 input_last_to_output_first=781 commit_delta=1810
CHECKED_ACTUAL_LATENCY epoch=1 forward_start=82941 product_final=84753 seal=84755 publication=84756 ack=84766 inverse_start=84775 first_core=84778 last_core=85290 release=85291
BANK_JOB epoch=1 inverse=1 admit=84773 config_delta=3 input_span=513 input_last_to_output_first=781 commit_delta=1810
BANK_OUTPUT_START epoch=1 profile=0 block=18 time_ns=494806.300000
BANK_OUTPUT epoch=1 profile=0 block=18 time_ns=499916.300000
BANK_FORWARD_ADMIT epoch=1 profile=0 index=19 fast_cycle=87494 time_ns=499968.596427 interval_cycles=4555
BANK_CAPTURE_START epoch=1 profile=0 block=20 time_ns=502946.300000
BANK_CAPTURE_COMMIT epoch=1 profile=0 block=20 time_ns=508056.300000
BANK_JOB epoch=1 inverse=0 admit=87494 config_delta=3 input_span=513 input_last_to_output_first=781 commit_delta=1810
CHECKED_ACTUAL_LATENCY epoch=1 forward_start=87496 product_final=89308 seal=89310 publication=89311 ack=89321 inverse_start=89330 first_core=89333 last_core=89845 release=89846
BANK_JOB epoch=1 inverse=1 admit=89328 config_delta=3 input_span=513 input_last_to_output_first=781 commit_delta=1810
BANK_OUTPUT_START epoch=1 profile=0 block=19 time_ns=520836.300000
BANK_OUTPUT epoch=1 profile=0 block=19 time_ns=525946.300000
BANK_FORWARD_ADMIT epoch=1 profile=0 index=20 fast_cycle=92050 time_ns=526002.883443 interval_cycles=4556
BANK_CAPTURE_START epoch=1 profile=0 block=21 time_ns=528986.300000
BANK_CAPTURE_COMMIT epoch=1 profile=0 block=21 time_ns=534096.300000
BANK_JOB epoch=1 inverse=0 admit=92050 config_delta=3 input_span=513 input_last_to_output_first=781 commit_delta=1810
CHECKED_ACTUAL_LATENCY epoch=1 forward_start=92052 product_final=93864 seal=93866 publication=93867 ack=93877 inverse_start=93886 first_core=93889 last_core=94401 release=94402
BANK_JOB epoch=1 inverse=1 admit=93884 config_delta=3 input_span=513 input_last_to_output_first=781 commit_delta=1810
BANK_OUTPUT_START epoch=1 profile=0 block=20 time_ns=546866.300000
BANK_OUTPUT epoch=1 profile=0 block=20 time_ns=551976.300000
BANK_FORWARD_ADMIT epoch=1 profile=0 index=21 fast_cycle=96605 time_ns=552031.456173 interval_cycles=4555
BANK_CAPTURE_START epoch=1 profile=0 block=22 time_ns=555006.300000
BANK_CAPTURE_COMMIT epoch=1 profile=0 block=22 time_ns=560116.300000
BANK_JOB epoch=1 inverse=0 admit=96605 config_delta=3 input_span=513 input_last_to_output_first=781 commit_delta=1810
CHECKED_ACTUAL_LATENCY epoch=1 forward_start=96607 product_final=98419 seal=98421 publication=98422 ack=98432 inverse_start=98441 first_core=98444 last_core=98956 release=98957
BANK_JOB epoch=1 inverse=1 admit=98439 config_delta=3 input_span=513 input_last_to_output_first=781 commit_delta=1810
BANK_OUTPUT_START epoch=1 profile=0 block=21 time_ns=572896.300000
BANK_OUTPUT epoch=1 profile=0 block=21 time_ns=578006.300000
BANK_FORWARD_ADMIT epoch=1 profile=0 index=22 fast_cycle=101160 time_ns=578060.028903 interval_cycles=4555
BANK_CAPTURE_START epoch=1 profile=0 block=23 time_ns=581036.300000
BANK_CAPTURE_COMMIT epoch=1 profile=0 block=23 time_ns=586146.300000
BANK_JOB epoch=1 inverse=0 admit=101160 config_delta=3 input_span=513 input_last_to_output_first=781 commit_delta=1810
CHECKED_ACTUAL_LATENCY epoch=1 forward_start=101162 product_final=102974 seal=102976 publication=102977 ack=102987 inverse_start=102996 first_core=102999 last_core=103511 release=103512
BANK_JOB epoch=1 inverse=1 admit=102994 config_delta=3 input_span=513 input_last_to_output_first=781 commit_delta=1810
BANK_OUTPUT_START epoch=1 profile=0 block=22 time_ns=598926.300000
BANK_OUTPUT epoch=1 profile=0 block=22 time_ns=604036.300000
BANK_FORWARD_ADMIT epoch=1 profile=0 index=23 fast_cycle=105715 time_ns=604088.601633 interval_cycles=4555
BANK_CAPTURE_START epoch=1 profile=0 block=24 time_ns=607066.300000
BANK_CAPTURE_COMMIT epoch=1 profile=0 block=24 time_ns=612176.300000
BANK_JOB epoch=1 inverse=0 admit=105715 config_delta=3 input_span=513 input_last_to_output_first=781 commit_delta=1810
CHECKED_ACTUAL_LATENCY epoch=1 forward_start=105717 product_final=107529 seal=107531 publication=107532 ack=107542 inverse_start=107551 first_core=107554 last_core=108066 release=108067
BANK_JOB epoch=1 inverse=1 admit=107549 config_delta=3 input_span=513 input_last_to_output_first=781 commit_delta=1810
BANK_OUTPUT_START epoch=1 profile=0 block=23 time_ns=624956.300000
BANK_OUTPUT epoch=1 profile=0 block=23 time_ns=630066.300000
BANK_FORWARD_ADMIT epoch=1 profile=0 index=24 fast_cycle=110271 time_ns=630122.888649 interval_cycles=4556
BANK_CAPTURE_START epoch=1 profile=0 block=25 time_ns=633106.300000
BANK_CAPTURE_COMMIT epoch=1 profile=0 block=25 time_ns=638216.300000
BANK_JOB epoch=1 inverse=0 admit=110271 config_delta=3 input_span=513 input_last_to_output_first=781 commit_delta=1810
CHECKED_ACTUAL_LATENCY epoch=1 forward_start=110273 product_final=112085 seal=112087 publication=112088 ack=112098 inverse_start=112107 first_core=112110 last_core=112622 release=112623
BANK_JOB epoch=1 inverse=1 admit=112105 config_delta=3 input_span=513 input_last_to_output_first=781 commit_delta=1810
BANK_OUTPUT_START epoch=1 profile=0 block=24 time_ns=650986.300000
BANK_OUTPUT epoch=1 profile=0 block=24 time_ns=656096.300000
BANK_FORWARD_ADMIT epoch=1 profile=0 index=25 fast_cycle=114826 time_ns=656151.461379 interval_cycles=4555
BANK_CAPTURE_START epoch=1 profile=0 block=26 time_ns=659126.300000
BANK_CAPTURE_COMMIT epoch=1 profile=0 block=26 time_ns=664236.300000
BANK_JOB epoch=1 inverse=0 admit=114826 config_delta=3 input_span=513 input_last_to_output_first=781 commit_delta=1810
CHECKED_ACTUAL_LATENCY epoch=1 forward_start=114828 product_final=116640 seal=116642 publication=116643 ack=116653 inverse_start=116662 first_core=116665 last_core=117177 release=117178
BANK_JOB epoch=1 inverse=1 admit=116660 config_delta=3 input_span=513 input_last_to_output_first=781 commit_delta=1810
BANK_OUTPUT_START epoch=1 profile=0 block=25 time_ns=677016.300000
BANK_OUTPUT epoch=1 profile=0 block=25 time_ns=682126.300000
BANK_FORWARD_ADMIT epoch=1 profile=0 index=26 fast_cycle=119381 time_ns=682180.034109 interval_cycles=4555
BANK_CAPTURE_START epoch=1 profile=0 block=27 time_ns=685156.300000
BANK_CAPTURE_COMMIT epoch=1 profile=0 block=27 time_ns=690266.300000
BANK_JOB epoch=1 inverse=0 admit=119381 config_delta=3 input_span=513 input_last_to_output_first=781 commit_delta=1810
CHECKED_ACTUAL_LATENCY epoch=1 forward_start=119383 product_final=121195 seal=121197 publication=121198 ack=121208 inverse_start=121217 first_core=121220 last_core=121732 release=121733
BANK_JOB epoch=1 inverse=1 admit=121215 config_delta=3 input_span=513 input_last_to_output_first=781 commit_delta=1810
BANK_OUTPUT_START epoch=1 profile=0 block=26 time_ns=703046.300000
BANK_OUTPUT epoch=1 profile=0 block=26 time_ns=708156.300000
BANK_FORWARD_ADMIT epoch=1 profile=0 index=27 fast_cycle=123936 time_ns=708208.606839 interval_cycles=4555
BANK_CAPTURE_START epoch=1 profile=0 block=28 time_ns=711186.300000
BANK_CAPTURE_COMMIT epoch=1 profile=0 block=28 time_ns=716296.300000
BANK_JOB epoch=1 inverse=0 admit=123936 config_delta=3 input_span=513 input_last_to_output_first=781 commit_delta=1810
CHECKED_ACTUAL_LATENCY epoch=1 forward_start=123938 product_final=125750 seal=125752 publication=125753 ack=125763 inverse_start=125772 first_core=125775 last_core=126287 release=126288
BANK_JOB epoch=1 inverse=1 admit=125770 config_delta=3 input_span=513 input_last_to_output_first=781 commit_delta=1810
BANK_OUTPUT_START epoch=1 profile=0 block=27 time_ns=729076.300000
BANK_OUTPUT epoch=1 profile=0 block=27 time_ns=734186.300000
BANK_FORWARD_ADMIT epoch=1 profile=0 index=28 fast_cycle=128492 time_ns=734242.893855 interval_cycles=4556
BANK_CAPTURE_START epoch=1 profile=0 block=29 time_ns=737226.300000
BANK_CAPTURE_COMMIT epoch=1 profile=0 block=29 time_ns=742336.300000
BANK_JOB epoch=1 inverse=0 admit=128492 config_delta=3 input_span=513 input_last_to_output_first=781 commit_delta=1810
CHECKED_ACTUAL_LATENCY epoch=1 forward_start=128494 product_final=130306 seal=130308 publication=130309 ack=130319 inverse_start=130328 first_core=130331 last_core=130843 release=130844
BANK_JOB epoch=1 inverse=1 admit=130326 config_delta=3 input_span=513 input_last_to_output_first=781 commit_delta=1810
BANK_OUTPUT_START epoch=1 profile=0 block=28 time_ns=755106.300000
BANK_OUTPUT epoch=1 profile=0 block=28 time_ns=760216.300000
BANK_FORWARD_ADMIT epoch=1 profile=0 index=29 fast_cycle=133047 time_ns=760271.466585 interval_cycles=4555
BANK_CAPTURE_START epoch=1 profile=0 block=30 time_ns=763246.300000
BANK_CAPTURE_COMMIT epoch=1 profile=0 block=30 time_ns=768356.300000
BANK_JOB epoch=1 inverse=0 admit=133047 config_delta=3 input_span=513 input_last_to_output_first=781 commit_delta=1810
CHECKED_ACTUAL_LATENCY epoch=1 forward_start=133049 product_final=134861 seal=134863 publication=134864 ack=134874 inverse_start=134883 first_core=134886 last_core=135398 release=135399
BANK_JOB epoch=1 inverse=1 admit=134881 config_delta=3 input_span=513 input_last_to_output_first=781 commit_delta=1810
BANK_OUTPUT_START epoch=1 profile=0 block=29 time_ns=781136.300000
BANK_OUTPUT epoch=1 profile=0 block=29 time_ns=786246.300000
BANK_FORWARD_ADMIT epoch=1 profile=0 index=30 fast_cycle=137602 time_ns=786300.039315 interval_cycles=4555
BANK_CAPTURE_START epoch=1 profile=0 block=31 time_ns=789276.300000
BANK_CAPTURE_COMMIT epoch=1 profile=0 block=31 time_ns=794386.300000
BANK_JOB epoch=1 inverse=0 admit=137602 config_delta=3 input_span=513 input_last_to_output_first=781 commit_delta=1810
CHECKED_ACTUAL_LATENCY epoch=1 forward_start=137604 product_final=139416 seal=139418 publication=139419 ack=139429 inverse_start=139438 first_core=139441 last_core=139953 release=139954
BANK_JOB epoch=1 inverse=1 admit=139436 config_delta=3 input_span=513 input_last_to_output_first=781 commit_delta=1810
BANK_OUTPUT_START epoch=1 profile=0 block=30 time_ns=807166.300000
BANK_OUTPUT epoch=1 profile=0 block=30 time_ns=812276.300000
BANK_FORWARD_ADMIT epoch=1 profile=0 index=31 fast_cycle=142157 time_ns=812328.612045 interval_cycles=4555
BANK_JOB epoch=1 inverse=0 admit=142157 config_delta=3 input_span=513 input_last_to_output_first=781 commit_delta=1810
CHECKED_ACTUAL_LATENCY epoch=1 forward_start=142159 product_final=143971 seal=143973 publication=143974 ack=143984 inverse_start=143993 first_core=143996 last_core=144508 release=144509
BANK_JOB epoch=1 inverse=1 admit=143991 config_delta=3 input_span=513 input_last_to_output_first=781 commit_delta=1810
BANK_OUTPUT_START epoch=1 profile=0 block=31 time_ns=833196.300000
BANK_OUTPUT epoch=1 profile=0 block=31 time_ns=838306.300000
BANK_CAPTURE_START epoch=2 profile=1 block=0 time_ns=838586.300000
BANK_CAPTURE_COMMIT epoch=2 profile=1 block=0 time_ns=844896.300000
BANK_FORWARD_ADMIT epoch=2 profile=1 index=0 fast_cycle=147863 time_ns=844934.327961 interval_cycles=0
BANK_CAPTURE_START epoch=2 profile=1 block=1 time_ns=847916.300000
BANK_CAPTURE_COMMIT epoch=2 profile=1 block=1 time_ns=854226.300000
BANK_JOB epoch=2 inverse=0 admit=147863 config_delta=3 input_span=513 input_last_to_output_first=781 commit_delta=1810
CHECKED_ACTUAL_LATENCY epoch=2 forward_start=147865 product_final=149677 seal=149679 publication=149680 ack=149690 inverse_start=149699 first_core=149702 last_core=150214 release=150215
BANK_JOB epoch=2 inverse=1 admit=149697 config_delta=3 input_span=513 input_last_to_output_first=781 commit_delta=1810
BANK_OUTPUT_START epoch=2 profile=1 block=0 time_ns=865816.300000
BANK_OUTPUT epoch=2 profile=1 block=0 time_ns=872486.300000
BANK_FORWARD_ADMIT epoch=2 profile=1 index=1 fast_cycle=152694 time_ns=872540.043627 interval_cycles=4831
BANK_CAPTURE_START epoch=2 profile=1 block=2 time_ns=875516.300000
BANK_CAPTURE_COMMIT epoch=2 profile=1 block=2 time_ns=881826.300000
BANK_JOB epoch=2 inverse=0 admit=152694 config_delta=3 input_span=513 input_last_to_output_first=781 commit_delta=1810
CHECKED_ACTUAL_LATENCY epoch=2 forward_start=152696 product_final=154508 seal=154510 publication=154511 ack=154521 inverse_start=154530 first_core=154533 last_core=155045 release=155046
BANK_JOB epoch=2 inverse=1 admit=154528 config_delta=3 input_span=513 input_last_to_output_first=781 commit_delta=1810
BANK_OUTPUT_START epoch=2 profile=1 block=1 time_ns=893406.300000
BANK_OUTPUT epoch=2 profile=1 block=1 time_ns=900076.300000
BANK_FORWARD_ADMIT epoch=2 profile=1 index=2 fast_cycle=157522 time_ns=900128.616435 interval_cycles=4828
BANK_CAPTURE_START epoch=2 profile=1 block=3 time_ns=903106.300000
BANK_CAPTURE_COMMIT epoch=2 profile=1 block=3 time_ns=909416.300000
BANK_JOB epoch=2 inverse=0 admit=157522 config_delta=3 input_span=513 input_last_to_output_first=781 commit_delta=1810
CHECKED_ACTUAL_LATENCY epoch=2 forward_start=157524 product_final=159336 seal=159338 publication=159339 ack=159349 inverse_start=159358 first_core=159361 last_core=159873 release=159874
BANK_JOB epoch=2 inverse=1 admit=159356 config_delta=3 input_span=513 input_last_to_output_first=781 commit_delta=1810
BANK_OUTPUT_START epoch=2 profile=1 block=2 time_ns=920996.300000
BANK_OUTPUT epoch=2 profile=1 block=2 time_ns=927706.300000
BANK_FORWARD_ADMIT epoch=2 profile=1 index=3 fast_cycle=162358 time_ns=927762.903531 interval_cycles=4836
BANK_CAPTURE_START epoch=2 profile=1 block=4 time_ns=930746.300000
BANK_CAPTURE_COMMIT epoch=2 profile=1 block=4 time_ns=937056.300000
BANK_JOB epoch=2 inverse=0 admit=162358 config_delta=3 input_span=513 input_last_to_output_first=781 commit_delta=1810
CHECKED_ACTUAL_LATENCY epoch=2 forward_start=162360 product_final=164172 seal=164174 publication=164175 ack=164185 inverse_start=164194 first_core=164197 last_core=164709 release=164710
BANK_JOB epoch=2 inverse=1 admit=164192 config_delta=3 input_span=513 input_last_to_output_first=781 commit_delta=1810
BANK_OUTPUT_START epoch=2 profile=1 block=3 time_ns=948626.300000
BANK_OUTPUT epoch=2 profile=1 block=3 time_ns=955296.300000
BANK_FORWARD_ADMIT epoch=2 profile=1 index=4 fast_cycle=167186 time_ns=955351.476339 interval_cycles=4828
BANK_CAPTURE_START epoch=2 profile=1 block=5 time_ns=958326.300000
BANK_CAPTURE_COMMIT epoch=2 profile=1 block=5 time_ns=964636.300000
BANK_JOB epoch=2 inverse=0 admit=167186 config_delta=3 input_span=513 input_last_to_output_first=781 commit_delta=1810
CHECKED_ACTUAL_LATENCY epoch=2 forward_start=167188 product_final=169000 seal=169002 publication=169003 ack=169013 inverse_start=169022 first_core=169025 last_core=169537 release=169538
BANK_JOB epoch=2 inverse=1 admit=169020 config_delta=3 input_span=513 input_last_to_output_first=781 commit_delta=1810
BANK_OUTPUT_START epoch=2 profile=1 block=4 time_ns=976216.300000
BANK_OUTPUT epoch=2 profile=1 block=4 time_ns=982886.300000
BANK_FORWARD_ADMIT epoch=2 profile=1 index=5 fast_cycle=172014 time_ns=982940.049147 interval_cycles=4828
BANK_JOB epoch=2 inverse=0 admit=172014 config_delta=3 input_span=513 input_last_to_output_first=781 commit_delta=1810
CHECKED_ACTUAL_LATENCY epoch=2 forward_start=172016 product_final=173828 seal=173830 publication=173831 ack=173841 inverse_start=173850 first_core=173853 last_core=174365 release=174366
BANK_JOB epoch=2 inverse=1 admit=173848 config_delta=3 input_span=513 input_last_to_output_first=781 commit_delta=1810
BANK_OUTPUT_START epoch=2 profile=1 block=5 time_ns=1003806.300000
BANK_OUTPUT epoch=2 profile=1 block=5 time_ns=1010516.300000
BANK_CAPTURE_START epoch=3 profile=0 block=0 time_ns=1010806.300000
BANK_CAPTURE_START epoch=4 profile=0 block=0 time_ns=1012336.300000
BANK_CAPTURE_COMMIT epoch=4 profile=0 block=0 time_ns=1017446.300000
BANK_FORWARD_ADMIT epoch=4 profile=0 index=0 fast_cycle=178059 time_ns=1017482.908017 interval_cycles=0
BANK_JOB epoch=4 inverse=0 admit=178059 config_delta=3 input_span=513 input_last_to_output_first=781 commit_delta=1810
CHECKED_ACTUAL_LATENCY epoch=4 forward_start=178061 product_final=179873 seal=179875 publication=179876 ack=179886 inverse_start=179895 first_core=179898 last_core=180410 release=180411
BANK_JOB epoch=4 inverse=1 admit=179893 config_delta=3 input_span=513 input_last_to_output_first=781 commit_delta=1810
BANK_OUTPUT_START epoch=4 profile=0 block=0 time_ns=1038346.300000
BANK_OUTPUT epoch=4 profile=0 block=0 time_ns=1043456.300000
BANK_CAPTURE_START epoch=5 profile=0 block=0 time_ns=1043746.300000
BANK_CAPTURE_COMMIT epoch=5 profile=0 block=0 time_ns=1048856.300000
BANK_FORWARD_ADMIT epoch=5 profile=0 index=0 fast_cycle=183556 time_ns=1048894.338159 interval_cycles=0
BANK_CAPTURE_START epoch=6 profile=0 block=0 time_ns=1049896.300000
BANK_CAPTURE_COMMIT epoch=6 profile=0 block=0 time_ns=1055006.300000
BANK_FORWARD_ADMIT epoch=6 profile=0 index=0 fast_cycle=184632 time_ns=1055042.909895 interval_cycles=0
BANK_JOB epoch=6 inverse=0 admit=184632 config_delta=3 input_span=513 input_last_to_output_first=781 commit_delta=1810
CHECKED_ACTUAL_LATENCY epoch=6 forward_start=184634 product_final=186446 seal=186448 publication=186449 ack=186459 inverse_start=186468 first_core=186471 last_core=186983 release=186984
BANK_JOB epoch=6 inverse=1 admit=186466 config_delta=3 input_span=513 input_last_to_output_first=781 commit_delta=1810
BANK_OUTPUT_START epoch=6 profile=0 block=0 time_ns=1075906.300000
BANK_OUTPUT epoch=6 profile=0 block=0 time_ns=1081016.300000
BANK_CAPTURE_START epoch=7 profile=0 block=0 time_ns=1081306.300000
BANK_CAPTURE_COMMIT epoch=7 profile=0 block=0 time_ns=1086416.300000
BANK_FORWARD_ADMIT epoch=7 profile=0 index=0 fast_cycle=190129 time_ns=1086454.340037 interval_cycles=0
BANK_JOB epoch=7 inverse=0 admit=190129 config_delta=3 input_span=513 input_last_to_output_first=781 commit_delta=1810
BANK_CAPTURE_START epoch=8 profile=0 block=0 time_ns=1097936.300000
BANK_CAPTURE_COMMIT epoch=8 profile=0 block=0 time_ns=1103046.300000
BANK_FORWARD_ADMIT epoch=8 profile=0 index=0 fast_cycle=193039 time_ns=1103082.912297 interval_cycles=0
BANK_JOB epoch=8 inverse=0 admit=193039 config_delta=3 input_span=513 input_last_to_output_first=781 commit_delta=1810
CHECKED_ACTUAL_LATENCY epoch=8 forward_start=193041 product_final=194853 seal=194855 publication=194856 ack=194866 inverse_start=194875 first_core=194878 last_core=195390 release=195391
BANK_JOB epoch=8 inverse=1 admit=194873 config_delta=3 input_span=513 input_last_to_output_first=781 commit_delta=1810
BANK_OUTPUT_START epoch=8 profile=0 block=0 time_ns=1123946.300000
BANK_OUTPUT epoch=8 profile=0 block=0 time_ns=1129056.300000
BANK_CAPTURE_START epoch=9 profile=0 block=0 time_ns=1129346.300000
BANK_CAPTURE_COMMIT epoch=9 profile=0 block=0 time_ns=1134456.300000
BANK_FORWARD_ADMIT epoch=9 profile=0 index=0 fast_cycle=198536 time_ns=1134494.342439 interval_cycles=0
BANK_JOB epoch=9 inverse=0 admit=198536 config_delta=3 input_span=513 input_last_to_output_first=781 commit_delta=1810
CHECKED_ACTUAL_LATENCY epoch=9 forward_start=198538 product_final=200350 seal=200352 publication=200353 ack=200363 inverse_start=200372 first_core=200375 last_core=200887 release=200888
BANK_JOB epoch=9 inverse=1 admit=200370 config_delta=3 input_span=513 input_last_to_output_first=781 commit_delta=1810
BANK_CAPTURE_START epoch=10 profile=0 block=0 time_ns=1155566.300000
BANK_CAPTURE_COMMIT epoch=10 profile=0 block=0 time_ns=1160676.300000
BANK_FORWARD_ADMIT epoch=10 profile=0 index=0 fast_cycle=203124 time_ns=1160711.486607 interval_cycles=0
BANK_JOB epoch=10 inverse=0 admit=203124 config_delta=3 input_span=513 input_last_to_output_first=781 commit_delta=1810
CHECKED_ACTUAL_LATENCY epoch=10 forward_start=203126 product_final=204938 seal=204940 publication=204941 ack=204951 inverse_start=204960 first_core=204963 last_core=205475 release=205476
BANK_JOB epoch=10 inverse=1 admit=204958 config_delta=3 input_span=513 input_last_to_output_first=781 commit_delta=1810
BANK_OUTPUT_START epoch=10 profile=0 block=0 time_ns=1181576.300000
BANK_OUTPUT epoch=10 profile=0 block=0 time_ns=1186686.300000
BANK_CAPTURE_START epoch=11 profile=0 block=0 time_ns=1186976.300000
BANK_CAPTURE_COMMIT epoch=11 profile=0 block=0 time_ns=1192086.300000
BANK_FORWARD_ADMIT epoch=11 profile=0 index=0 fast_cycle=208621 time_ns=1192122.916749 interval_cycles=0
BANK_JOB epoch=11 inverse=0 admit=208621 config_delta=3 input_span=513 input_last_to_output_first=781 commit_delta=1830
CHECKED_ACTUAL_LATENCY epoch=11 forward_start=208623 product_final=210455 seal=210457 publication=210458 ack=210468 inverse_start=210477 first_core=210480 last_core=210992 release=210993
BANK_JOB epoch=11 inverse=1 admit=210475 config_delta=3 input_span=513 input_last_to_output_first=781 commit_delta=1810
BANK_OUTPUT_START epoch=11 profile=0 block=0 time_ns=1213106.300000
BANK_OUTPUT epoch=11 profile=0 block=0 time_ns=1218216.300000
BANK_CAPTURE_START epoch=12 profile=0 block=0 time_ns=1218506.300000
BANK_CAPTURE_COMMIT epoch=12 profile=0 block=0 time_ns=1223616.300000
BANK_FORWARD_ADMIT epoch=12 profile=0 index=0 fast_cycle=214139 time_ns=1223654.346897 interval_cycles=0
BANK_JOB epoch=12 inverse=0 admit=214139 config_delta=3 input_span=513 input_last_to_output_first=781 commit_delta=1810
BANK_CAPTURE_START epoch=13 profile=0 block=0 time_ns=1234576.300000
BANK_CAPTURE_COMMIT epoch=13 profile=0 block=0 time_ns=1239686.300000
BANK_FORWARD_ADMIT epoch=13 profile=0 index=0 fast_cycle=216951 time_ns=1239722.919129 interval_cycles=0
BANK_JOB epoch=13 inverse=0 admit=216951 config_delta=3 input_span=513 input_last_to_output_first=781 commit_delta=1810
BANK_CAPTURE_START epoch=14 profile=0 block=0 time_ns=1250736.300000
BANK_CAPTURE_COMMIT epoch=14 profile=0 block=0 time_ns=1255846.300000
BANK_FORWARD_ADMIT epoch=14 profile=0 index=0 fast_cycle=219779 time_ns=1255882.919937 interval_cycles=0
BANK_CAPTURE_START epoch=15 profile=0 block=0 time_ns=1264266.300000
BANK_CAPTURE_COMMIT epoch=15 profile=0 block=0 time_ns=1269376.300000
BANK_FORWARD_ADMIT epoch=15 profile=0 index=0 fast_cycle=222147 time_ns=1269414.349185 interval_cycles=0
BANK_CAPTURE_START epoch=16 profile=0 block=0 time_ns=1277786.300000
BANK_CAPTURE_COMMIT epoch=16 profile=0 block=0 time_ns=1282896.300000
BANK_FORWARD_ADMIT epoch=16 profile=0 index=0 fast_cycle=224513 time_ns=1282934.349861 interval_cycles=0
BANK_CAPTURE_START epoch=17 profile=0 block=0 time_ns=1291306.300000
BANK_CAPTURE_COMMIT epoch=17 profile=0 block=0 time_ns=1296416.300000
BANK_FORWARD_ADMIT epoch=17 profile=0 index=0 fast_cycle=226879 time_ns=1296454.350537 interval_cycles=0
BANK_CAPTURE_START epoch=18 profile=0 block=0 time_ns=1297786.300000
BANK_CAPTURE_COMMIT epoch=18 profile=0 block=0 time_ns=1302896.300000
BANK_FORWARD_ADMIT epoch=18 profile=0 index=0 fast_cycle=228013 time_ns=1302934.350861 interval_cycles=0
BANK_CAPTURE_START epoch=19 profile=0 block=0 time_ns=1310926.300000
BANK_CAPTURE_COMMIT epoch=19 profile=0 block=0 time_ns=1316036.300000
BANK_FORWARD_ADMIT epoch=19 profile=0 index=0 fast_cycle=230312 time_ns=1316071.494375 interval_cycles=0
BANK_JOB epoch=19 inverse=0 admit=230312 config_delta=3 input_span=513 input_last_to_output_first=781 commit_delta=1810
CHECKED_ACTUAL_LATENCY epoch=19 forward_start=230314 product_final=232126 seal=232128 publication=232129 ack=232139 inverse_start=232148 first_core=232151 last_core=232663 release=232664
BANK_CAPTURE_START epoch=20 profile=0 block=0 time_ns=1337466.300000
BANK_CAPTURE_COMMIT epoch=20 profile=0 block=0 time_ns=1342576.300000
BANK_FORWARD_ADMIT epoch=20 profile=0 index=0 fast_cycle=234957 time_ns=1342614.352845 interval_cycles=0
BANK_JOB epoch=20 inverse=0 admit=234957 config_delta=3 input_span=513 input_last_to_output_first=781 commit_delta=1810
CHECKED_ACTUAL_LATENCY epoch=20 forward_start=234959 product_final=236771 seal=236773 publication=236774 ack=236784 inverse_start=236793 first_core=236796 last_core=237308 release=237309
BANK_JOB epoch=20 inverse=1 admit=236791 config_delta=3 input_span=513 input_last_to_output_first=781 commit_delta=1810
BANK_CAPTURE_START epoch=21 profile=0 block=0 time_ns=1364016.300000
BANK_CAPTURE_COMMIT epoch=21 profile=0 block=0 time_ns=1369126.300000
BANK_FORWARD_ADMIT epoch=21 profile=0 index=0 fast_cycle=239603 time_ns=1369162.925601 interval_cycles=0
BANK_CAPTURE_START epoch=21 profile=0 block=1 time_ns=1372146.300000
BANK_CAPTURE_COMMIT epoch=21 profile=0 block=1 time_ns=1377256.300000
BANK_JOB epoch=21 inverse=0 admit=239603 config_delta=3 input_span=513 input_last_to_output_first=781 commit_delta=1810
CHECKED_ACTUAL_LATENCY epoch=21 forward_start=239605 product_final=241417 seal=241419 publication=241420 ack=241430 inverse_start=241439 first_core=241442 last_core=241954 release=241955
BANK_JOB epoch=21 inverse=1 admit=241437 config_delta=3 input_span=513 input_last_to_output_first=781 commit_delta=1810
BANK_OUTPUT_START epoch=21 profile=0 block=0 time_ns=1390026.300000
BANK_PREFIX_FAULT_INJECT fast_cycle=243477 slow_cycle=139129 accepted_words=128 time_ns=1391297.212422
BANK_PREFIX_FAULT_QUARANTINED accepted_words=130 complete_blocks=0 queued_source_blocks=1
BANK_CAPTURE_START epoch=22 profile=0 block=0 time_ns=1391866.300000
BANK_CAPTURE_COMMIT epoch=22 profile=0 block=0 time_ns=1396976.300000
BANK_FORWARD_ADMIT epoch=22 profile=0 index=0 fast_cycle=244477 time_ns=1397014.355565 interval_cycles=0
BANK_JOB epoch=22 inverse=0 admit=244477 config_delta=3 input_span=513 input_last_to_output_first=781 commit_delta=1810
CHECKED_ACTUAL_LATENCY epoch=22 forward_start=244479 product_final=246291 seal=246293 publication=246294 ack=246304 inverse_start=246313 first_core=246316 last_core=246828 release=246829
BANK_JOB epoch=22 inverse=1 admit=246311 config_delta=3 input_span=513 input_last_to_output_first=781 commit_delta=1810
BANK_OUTPUT_START epoch=22 profile=0 block=0 time_ns=1417886.300000
BANK_OUTPUT epoch=22 profile=0 block=0 time_ns=1422996.300000
CHECKED_PORT_FED_GUARD_PASS return_checks=101840 full_shadow_checks=497079
FFT_BANK_OWNED_SLICE_PASS fast_mhz=175 healthy_blocks=44 inverse_words=22658 forward_words=24064 product_words=24064 purge_cases=4 fault_cases=10 overlap_loads=37 acceptance_equality_witnesses=2 closed_input_prefetch_witnesses=13452 held_final_ready_witnesses=3 provisional_prefix_words=130 nominal_max_forward_interval_cycles=4556
BANK_CAPTURE_START epoch=23 profile=0 block=0 time_ns=1423286.300000
BANK_CAPTURE_COMMIT epoch=23 profile=0 block=0 time_ns=1428396.300000
BANK_FORWARD_ADMIT epoch=23 profile=0 index=0 fast_cycle=249975 time_ns=1428431.499993 interval_cycles=0
BANK_JOB epoch=23 inverse=0 admit=249975 config_delta=3 input_span=513 input_last_to_output_first=781 commit_delta=1810
BANK_CAPTURE_START epoch=24 profile=0 block=0 time_ns=1439446.300000
BANK_CAPTURE_COMMIT epoch=24 profile=0 block=0 time_ns=1444556.300000
BANK_FORWARD_ADMIT epoch=24 profile=0 index=0 fast_cycle=252803 time_ns=1444591.500801 interval_cycles=0
BANK_JOB epoch=24 inverse=0 admit=252803 config_delta=3 input_span=513 input_last_to_output_first=781 commit_delta=1810
BANK_CAPTURE_START epoch=25 profile=0 block=0 time_ns=1455606.300000
BANK_CAPTURE_COMMIT epoch=25 profile=0 block=0 time_ns=1460716.300000
BANK_FORWARD_ADMIT epoch=25 profile=0 index=0 fast_cycle=255631 time_ns=1460751.501609 interval_cycles=0
BANK_JOB epoch=25 inverse=0 admit=255631 config_delta=3 input_span=513 input_last_to_output_first=781 commit_delta=1810
BANK_CAPTURE_START epoch=26 profile=0 block=0 time_ns=1471766.300000
BANK_CAPTURE_COMMIT epoch=26 profile=0 block=0 time_ns=1476876.300000
BANK_FORWARD_ADMIT epoch=26 profile=0 index=0 fast_cycle=258459 time_ns=1476911.502417 interval_cycles=0
BANK_JOB epoch=26 inverse=0 admit=258459 config_delta=3 input_span=513 input_last_to_output_first=781 commit_delta=1810
BANK_CAPTURE_START epoch=27 profile=0 block=0 time_ns=1487926.300000
BANK_CAPTURE_COMMIT epoch=27 profile=0 block=0 time_ns=1493036.300000
BANK_FORWARD_ADMIT epoch=27 profile=0 index=0 fast_cycle=261287 time_ns=1493071.503225 interval_cycles=0
BANK_JOB epoch=27 inverse=0 admit=261287 config_delta=3 input_span=513 input_last_to_output_first=781 commit_delta=1810
BANK_CAPTURE_START epoch=28 profile=0 block=0 time_ns=1504086.300000
BANK_CAPTURE_COMMIT epoch=28 profile=0 block=0 time_ns=1509196.300000
BANK_FORWARD_ADMIT epoch=28 profile=0 index=0 fast_cycle=264115 time_ns=1509231.504033 interval_cycles=0
BANK_JOB epoch=28 inverse=0 admit=264115 config_delta=3 input_span=513 input_last_to_output_first=781 commit_delta=1810
BANK_CAPTURE_START epoch=29 profile=0 block=0 time_ns=1520246.300000
BANK_CAPTURE_COMMIT epoch=29 profile=0 block=0 time_ns=1525356.300000
BANK_FORWARD_ADMIT epoch=29 profile=0 index=0 fast_cycle=266943 time_ns=1525391.504841 interval_cycles=0
BANK_JOB epoch=29 inverse=0 admit=266943 config_delta=3 input_span=513 input_last_to_output_first=781 commit_delta=1810
BANK_CAPTURE_START epoch=30 profile=0 block=0 time_ns=1536406.300000
BANK_CAPTURE_COMMIT epoch=30 profile=0 block=0 time_ns=1541516.300000
BANK_FORWARD_ADMIT epoch=30 profile=0 index=0 fast_cycle=269771 time_ns=1541551.505649 interval_cycles=0
BANK_JOB epoch=30 inverse=0 admit=269771 config_delta=3 input_span=513 input_last_to_output_first=781 commit_delta=1810
BANK_CAPTURE_START epoch=31 profile=0 block=0 time_ns=1552566.300000
BANK_CAPTURE_COMMIT epoch=31 profile=0 block=0 time_ns=1557676.300000
BANK_FORWARD_ADMIT epoch=31 profile=0 index=0 fast_cycle=272599 time_ns=1557711.506457 interval_cycles=0
BANK_JOB epoch=31 inverse=0 admit=272599 config_delta=3 input_span=513 input_last_to_output_first=781 commit_delta=1810
BANK_CAPTURE_START epoch=32 profile=0 block=0 time_ns=1568726.300000
BANK_CAPTURE_COMMIT epoch=32 profile=0 block=0 time_ns=1573836.300000
BANK_FORWARD_ADMIT epoch=32 profile=0 index=0 fast_cycle=275427 time_ns=1573871.507265 interval_cycles=0
BANK_JOB epoch=32 inverse=0 admit=275427 config_delta=3 input_span=513 input_last_to_output_first=781 commit_delta=1810
BANK_CAPTURE_START epoch=33 profile=0 block=0 time_ns=1584886.300000
BANK_CAPTURE_COMMIT epoch=33 profile=0 block=0 time_ns=1589996.300000
BANK_FORWARD_ADMIT epoch=33 profile=0 index=0 fast_cycle=278255 time_ns=1590031.508073 interval_cycles=0
BANK_JOB epoch=33 inverse=0 admit=278255 config_delta=3 input_span=513 input_last_to_output_first=781 commit_delta=1810
BANK_CAPTURE_START epoch=34 profile=0 block=0 time_ns=1601046.300000
BANK_CAPTURE_COMMIT epoch=34 profile=0 block=0 time_ns=1606156.300000
BANK_FORWARD_ADMIT epoch=34 profile=0 index=0 fast_cycle=281083 time_ns=1606191.508881 interval_cycles=0
BANK_JOB epoch=34 inverse=0 admit=281083 config_delta=3 input_span=513 input_last_to_output_first=781 commit_delta=1810
BANK_CAPTURE_START epoch=35 profile=0 block=0 time_ns=1616866.300000
BANK_CAPTURE_COMMIT epoch=35 profile=0 block=0 time_ns=1621976.300000
BANK_FORWARD_ADMIT epoch=35 profile=0 index=0 fast_cycle=283852 time_ns=1622014.366815 interval_cycles=0
BANK_JOB epoch=35 inverse=0 admit=283852 config_delta=3 input_span=513 input_last_to_output_first=781 commit_delta=1810
CHECKED_ACTUAL_LATENCY epoch=35 forward_start=283854 product_final=285666 seal=285668 publication=285669 ack=285679 inverse_start=285688 first_core=285691 last_core=286203 release=286204
BANK_JOB epoch=35 inverse=1 admit=285686 config_delta=3 input_span=513 input_last_to_output_first=781 commit_delta=1810
BANK_OUTPUT_START epoch=35 profile=0 block=0 time_ns=1642886.300000
BANK_OUTPUT epoch=35 profile=0 block=0 time_ns=1647996.300000
CHECKED_CAPACITY_ACTUAL_ACK_PASS handoff_fault_cases=11 raw_ready_differences=0 late_ack_witnesses=4 late_orphan_private_advances=0 handoff_reset_recovery=1 full_shadow_checks=575259
BANK_CAPTURE_START epoch=36 profile=0 block=0 time_ns=1648286.300000
BANK_CAPTURE_COMMIT epoch=36 profile=0 block=0 time_ns=1653396.300000
BANK_CAPTURE_START epoch=37 profile=0 block=0 time_ns=1653986.300000
BANK_CAPTURE_COMMIT epoch=37 profile=0 block=0 time_ns=1659096.300000
BANK_CAPTURE_START epoch=38 profile=0 block=0 time_ns=1659696.300000
BANK_CAPTURE_COMMIT epoch=38 profile=0 block=0 time_ns=1664806.300000
BANK_FORWARD_ADMIT epoch=38 profile=0 index=0 fast_cycle=291347 time_ns=1664842.940385 interval_cycles=0
BANK_CAPTURE_START epoch=39 profile=0 block=0 time_ns=1665416.300000
BANK_CAPTURE_COMMIT epoch=39 profile=0 block=0 time_ns=1670526.300000
BANK_FORWARD_ADMIT epoch=39 profile=0 index=0 fast_cycle=292348 time_ns=1670562.940671 interval_cycles=0
BANK_CAPTURE_START epoch=40 profile=0 block=0 time_ns=1671136.300000
BANK_CAPTURE_COMMIT epoch=40 profile=0 block=0 time_ns=1676246.300000
BANK_FORWARD_ADMIT epoch=40 profile=0 index=0 fast_cycle=293349 time_ns=1676282.940957 interval_cycles=0
BANK_CAPTURE_START epoch=41 profile=0 block=0 time_ns=1676856.300000
BANK_CAPTURE_COMMIT epoch=41 profile=0 block=0 time_ns=1681966.300000
BANK_FORWARD_ADMIT epoch=41 profile=0 index=0 fast_cycle=294350 time_ns=1682002.941243 interval_cycles=0
BANK_JOB epoch=41 inverse=0 admit=294350 config_delta=3 input_span=513 input_last_to_output_first=781 commit_delta=1810
BANK_CAPTURE_START epoch=42 profile=0 block=0 time_ns=1693016.300000
BANK_CAPTURE_COMMIT epoch=42 profile=0 block=0 time_ns=1698126.300000
BANK_FORWARD_ADMIT epoch=42 profile=0 index=0 fast_cycle=297178 time_ns=1698162.942051 interval_cycles=0
BANK_JOB epoch=42 inverse=0 admit=297178 config_delta=3 input_span=513 input_last_to_output_first=781 commit_delta=1810
BANK_CAPTURE_START epoch=43 profile=0 block=0 time_ns=1709186.300000
BANK_CAPTURE_COMMIT epoch=43 profile=0 block=0 time_ns=1714296.300000
BANK_FORWARD_ADMIT epoch=43 profile=0 index=0 fast_cycle=300008 time_ns=1714334.371431 interval_cycles=0
BANK_JOB epoch=43 inverse=0 admit=300008 config_delta=3 input_span=513 input_last_to_output_first=781 commit_delta=1810
BANK_CAPTURE_START epoch=44 profile=0 block=0 time_ns=1725346.300000
BANK_CAPTURE_COMMIT epoch=44 profile=0 block=0 time_ns=1730456.300000
BANK_CAPTURE_START epoch=45 profile=0 block=0 time_ns=1730736.300000
BANK_CAPTURE_COMMIT epoch=45 profile=0 block=0 time_ns=1735846.300000
BANK_FORWARD_ADMIT epoch=45 profile=0 index=0 fast_cycle=303779 time_ns=1735882.943937 interval_cycles=0
BANK_JOB epoch=45 inverse=0 admit=303779 config_delta=3 input_span=513 input_last_to_output_first=781 commit_delta=1810
CHECKED_ACTUAL_LATENCY epoch=45 forward_start=303781 product_final=305593 seal=305595 publication=305596 ack=305606 inverse_start=305615 first_core=305618 last_core=306130 release=306131
BANK_JOB epoch=45 inverse=1 admit=305613 config_delta=3 input_span=513 input_last_to_output_first=781 commit_delta=1810
BANK_OUTPUT_START epoch=45 profile=0 block=0 time_ns=1756746.300000
BANK_OUTPUT epoch=45 profile=0 block=0 time_ns=1761856.300000
BANK_CAPTURE_START epoch=46 profile=0 block=0 time_ns=1762146.300000
BANK_CAPTURE_COMMIT epoch=46 profile=0 block=0 time_ns=1767256.300000
BANK_CAPTURE_START epoch=47 profile=0 block=0 time_ns=1767536.300000
BANK_CAPTURE_COMMIT epoch=47 profile=0 block=0 time_ns=1772646.300000
BANK_FORWARD_ADMIT epoch=47 profile=0 index=0 fast_cycle=310219 time_ns=1772682.945777 interval_cycles=0
BANK_JOB epoch=47 inverse=0 admit=310219 config_delta=3 input_span=513 input_last_to_output_first=781 commit_delta=1810
CHECKED_ACTUAL_LATENCY epoch=47 forward_start=310221 product_final=312033 seal=312035 publication=312036 ack=312046 inverse_start=312055 first_core=312058 last_core=312570 release=312571
BANK_JOB epoch=47 inverse=1 admit=312053 config_delta=3 input_span=513 input_last_to_output_first=781 commit_delta=1810
BANK_OUTPUT_START epoch=47 profile=0 block=0 time_ns=1793546.300000
BANK_OUTPUT epoch=47 profile=0 block=0 time_ns=1798656.300000
BANK_CAPTURE_START epoch=48 profile=0 block=0 time_ns=1798946.300000
BANK_CAPTURE_COMMIT epoch=48 profile=0 block=0 time_ns=1804056.300000
BANK_FORWARD_ADMIT epoch=48 profile=0 index=0 fast_cycle=315716 time_ns=1804094.375919 interval_cycles=0
BANK_CAPTURE_START epoch=49 profile=0 block=0 time_ns=1804346.300000
BANK_CAPTURE_COMMIT epoch=49 profile=0 block=0 time_ns=1809456.300000
BANK_FORWARD_ADMIT epoch=49 profile=0 index=0 fast_cycle=316661 time_ns=1809494.376189 interval_cycles=0
BANK_JOB epoch=49 inverse=0 admit=316661 config_delta=3 input_span=513 input_last_to_output_first=781 commit_delta=1810
CHECKED_ACTUAL_LATENCY epoch=49 forward_start=316663 product_final=318475 seal=318477 publication=318478 ack=318488 inverse_start=318497 first_core=318500 last_core=319012 release=319013
BANK_JOB epoch=49 inverse=1 admit=318495 config_delta=3 input_span=513 input_last_to_output_first=781 commit_delta=1810
BANK_OUTPUT_START epoch=49 profile=0 block=0 time_ns=1830366.300000
BANK_OUTPUT epoch=49 profile=0 block=0 time_ns=1835476.300000
BANK_CAPTURE_START epoch=50 profile=0 block=0 time_ns=1835766.300000
BANK_CAPTURE_COMMIT epoch=50 profile=0 block=0 time_ns=1840876.300000
BANK_FORWARD_ADMIT epoch=50 profile=0 index=0 fast_cycle=322159 time_ns=1840911.520617 interval_cycles=0
BANK_JOB epoch=50 inverse=0 admit=322159 config_delta=3 input_span=513 input_last_to_output_first=781 commit_delta=1810
BANK_CAPTURE_START epoch=51 profile=0 block=0 time_ns=1851606.300000
BANK_CAPTURE_COMMIT epoch=51 profile=0 block=0 time_ns=1856716.300000
BANK_FORWARD_ADMIT epoch=51 profile=0 index=0 fast_cycle=324931 time_ns=1856751.521409 interval_cycles=0
BANK_JOB epoch=51 inverse=0 admit=324931 config_delta=3 input_span=513 input_last_to_output_first=781 commit_delta=1810
CHECKED_ACTUAL_LATENCY epoch=51 forward_start=324933 product_final=326745 seal=326747 publication=326748 ack=326758 inverse_start=326767 first_core=326770 last_core=327282 release=327283
BANK_JOB epoch=51 inverse=1 admit=326765 config_delta=3 input_span=513 input_last_to_output_first=781 commit_delta=1810
BANK_OUTPUT_START epoch=51 profile=0 block=0 time_ns=1877616.300000
BANK_OUTPUT epoch=51 profile=0 block=0 time_ns=1882726.300000
REGISTERED_SCHEDULING_PASS boundary_fault_cases=8 boundary_reset_cases=4 snapshot_to_admission_cycles=2 completion_receipt_consumptions=105 nominal_max_forward_interval_cycles=4556
BANK_CAPTURE_START epoch=52 profile=0 block=0 time_ns=1883016.300000
BANK_CAPTURE_COMMIT epoch=52 profile=0 block=0 time_ns=1888126.300000
BANK_CAPTURE_START epoch=53 profile=0 block=0 time_ns=1888736.300000
BANK_CAPTURE_COMMIT epoch=53 profile=0 block=0 time_ns=1893846.300000
BANK_CAPTURE_START epoch=54 profile=0 block=0 time_ns=1894456.300000
BANK_CAPTURE_COMMIT epoch=54 profile=0 block=0 time_ns=1899566.300000
BANK_CAPTURE_START epoch=55 profile=0 block=0 time_ns=1900176.300000
BANK_CAPTURE_COMMIT epoch=55 profile=0 block=0 time_ns=1905286.300000
BANK_CAPTURE_START epoch=56 profile=0 block=0 time_ns=1905896.300000
BANK_CAPTURE_COMMIT epoch=56 profile=0 block=0 time_ns=1911006.300000
BANK_CAPTURE_START epoch=57 profile=0 block=0 time_ns=1911616.300000
BANK_CAPTURE_COMMIT epoch=57 profile=0 block=0 time_ns=1916726.300000
BANK_CAPTURE_START epoch=58 profile=0 block=0 time_ns=1917336.300000
BANK_CAPTURE_COMMIT epoch=58 profile=0 block=0 time_ns=1922446.300000
BANK_CAPTURE_START epoch=59 profile=0 block=0 time_ns=1923056.300000
BANK_CAPTURE_COMMIT epoch=59 profile=0 block=0 time_ns=1928166.300000
BANK_CAPTURE_START epoch=60 profile=0 block=0 time_ns=1928776.300000
BANK_CAPTURE_COMMIT epoch=60 profile=0 block=0 time_ns=1933886.300000
BANK_CAPTURE_START epoch=61 profile=0 block=0 time_ns=1934496.300000
BANK_CAPTURE_COMMIT epoch=61 profile=0 block=0 time_ns=1939606.300000
BANK_CAPTURE_START epoch=62 profile=0 block=0 time_ns=1940216.300000
BANK_CAPTURE_COMMIT epoch=62 profile=0 block=0 time_ns=1945326.300000
BANK_CAPTURE_START epoch=63 profile=0 block=0 time_ns=1945936.300000
BANK_CAPTURE_COMMIT epoch=63 profile=0 block=0 time_ns=1951046.300000
BANK_CAPTURE_START epoch=64 profile=0 block=0 time_ns=1951656.300000
BANK_CAPTURE_COMMIT epoch=64 profile=0 block=0 time_ns=1956766.300000
BANK_CAPTURE_START epoch=65 profile=0 block=0 time_ns=1957376.300000
BANK_CAPTURE_COMMIT epoch=65 profile=0 block=0 time_ns=1962486.300000
BANK_CAPTURE_START epoch=66 profile=0 block=0 time_ns=1963096.300000
BANK_CAPTURE_COMMIT epoch=66 profile=0 block=0 time_ns=1968206.300000
BANK_CAPTURE_START epoch=67 profile=0 block=0 time_ns=1968816.300000
BANK_CAPTURE_COMMIT epoch=67 profile=0 block=0 time_ns=1973926.300000
BANK_FORWARD_ADMIT epoch=67 profile=0 index=0 fast_cycle=345443 time_ns=1973962.955841 interval_cycles=0
BANK_CAPTURE_START epoch=68 profile=0 block=0 time_ns=1974536.300000
BANK_CAPTURE_COMMIT epoch=68 profile=0 block=0 time_ns=1979646.300000
BANK_CAPTURE_START epoch=69 profile=0 block=0 time_ns=1980256.300000
BANK_CAPTURE_COMMIT epoch=69 profile=0 block=0 time_ns=1985366.300000
BANK_FORWARD_ADMIT epoch=69 profile=0 index=0 fast_cycle=347445 time_ns=1985402.956413 interval_cycles=0
BANK_CAPTURE_START epoch=70 profile=0 block=0 time_ns=1985976.300000
BANK_CAPTURE_COMMIT epoch=70 profile=0 block=0 time_ns=1991086.300000
BANK_CAPTURE_START epoch=71 profile=0 block=0 time_ns=1991696.300000
BANK_CAPTURE_COMMIT epoch=71 profile=0 block=0 time_ns=1996806.300000
BANK_FORWARD_ADMIT epoch=71 profile=0 index=0 fast_cycle=349447 time_ns=1996842.956985 interval_cycles=0
BANK_CAPTURE_START epoch=72 profile=0 block=0 time_ns=1997416.300000
BANK_CAPTURE_COMMIT epoch=72 profile=0 block=0 time_ns=2002526.300000
BANK_CAPTURE_START epoch=73 profile=0 block=0 time_ns=2003136.300000
BANK_CAPTURE_COMMIT epoch=73 profile=0 block=0 time_ns=2008246.300000
BANK_FORWARD_ADMIT epoch=73 profile=0 index=0 fast_cycle=351449 time_ns=2008282.957557 interval_cycles=0
BANK_CAPTURE_START epoch=74 profile=0 block=0 time_ns=2008856.300000
BANK_CAPTURE_COMMIT epoch=74 profile=0 block=0 time_ns=2013966.300000
BANK_CAPTURE_START epoch=75 profile=0 block=0 time_ns=2014576.300000
BANK_CAPTURE_COMMIT epoch=75 profile=0 block=0 time_ns=2019686.300000
BANK_FORWARD_ADMIT epoch=75 profile=0 index=0 fast_cycle=353451 time_ns=2019722.958129 interval_cycles=0
BANK_CAPTURE_START epoch=76 profile=0 block=0 time_ns=2020296.300000
BANK_CAPTURE_COMMIT epoch=76 profile=0 block=0 time_ns=2025406.300000
BANK_CAPTURE_START epoch=77 profile=0 block=0 time_ns=2026016.300000
BANK_CAPTURE_COMMIT epoch=77 profile=0 block=0 time_ns=2031126.300000
BANK_FORWARD_ADMIT epoch=77 profile=0 index=0 fast_cycle=355453 time_ns=2031162.958701 interval_cycles=0
BANK_CAPTURE_START epoch=78 profile=0 block=0 time_ns=2031736.300000
BANK_CAPTURE_COMMIT epoch=78 profile=0 block=0 time_ns=2036846.300000
BANK_CAPTURE_START epoch=79 profile=0 block=0 time_ns=2037456.300000
BANK_CAPTURE_COMMIT epoch=79 profile=0 block=0 time_ns=2042566.300000
BANK_FORWARD_ADMIT epoch=79 profile=0 index=0 fast_cycle=357455 time_ns=2042602.959273 interval_cycles=0
BANK_CAPTURE_START epoch=80 profile=0 block=0 time_ns=2043176.300000
BANK_CAPTURE_COMMIT epoch=80 profile=0 block=0 time_ns=2048286.300000
BANK_FORWARD_ADMIT epoch=80 profile=0 index=0 fast_cycle=358456 time_ns=2048322.959559 interval_cycles=0
BANK_CAPTURE_START epoch=81 profile=0 block=0 time_ns=2048906.300000
BANK_CAPTURE_COMMIT epoch=81 profile=0 block=0 time_ns=2054016.300000
BANK_FORWARD_ADMIT epoch=81 profile=0 index=0 fast_cycle=359459 time_ns=2054054.388417 interval_cycles=0
BANK_CAPTURE_START epoch=82 profile=0 block=0 time_ns=2054626.300000
BANK_CAPTURE_COMMIT epoch=82 profile=0 block=0 time_ns=2059736.300000
BANK_FORWARD_ADMIT epoch=82 profile=0 index=0 fast_cycle=360460 time_ns=2059774.388703 interval_cycles=0
BANK_CAPTURE_START epoch=83 profile=0 block=0 time_ns=2060346.300000
BANK_CAPTURE_COMMIT epoch=83 profile=0 block=0 time_ns=2065456.300000
BANK_FORWARD_ADMIT epoch=83 profile=0 index=0 fast_cycle=361461 time_ns=2065494.388989 interval_cycles=0
BANK_CAPTURE_START epoch=84 profile=0 block=0 time_ns=2066066.300000
BANK_CAPTURE_COMMIT epoch=84 profile=0 block=0 time_ns=2071176.300000
BANK_FORWARD_ADMIT epoch=84 profile=0 index=0 fast_cycle=362462 time_ns=2071214.389275 interval_cycles=0
BANK_CAPTURE_START epoch=85 profile=0 block=0 time_ns=2071786.300000
BANK_CAPTURE_COMMIT epoch=85 profile=0 block=0 time_ns=2076896.300000
BANK_FORWARD_ADMIT epoch=85 profile=0 index=0 fast_cycle=363463 time_ns=2076934.389561 interval_cycles=0
BANK_CAPTURE_START epoch=86 profile=0 block=0 time_ns=2077506.300000
BANK_CAPTURE_COMMIT epoch=86 profile=0 block=0 time_ns=2082616.300000
BANK_FORWARD_ADMIT epoch=86 profile=0 index=0 fast_cycle=364464 time_ns=2082654.389847 interval_cycles=0
BANK_CAPTURE_START epoch=87 profile=0 block=0 time_ns=2083226.300000
BANK_CAPTURE_COMMIT epoch=87 profile=0 block=0 time_ns=2088336.300000
BANK_FORWARD_ADMIT epoch=87 profile=0 index=0 fast_cycle=365465 time_ns=2088374.390133 interval_cycles=0
BANK_CAPTURE_START epoch=88 profile=0 block=0 time_ns=2088946.300000
BANK_CAPTURE_COMMIT epoch=88 profile=0 block=0 time_ns=2094056.300000
BANK_FORWARD_ADMIT epoch=88 profile=0 index=0 fast_cycle=366466 time_ns=2094094.390419 interval_cycles=0
BANK_CAPTURE_START epoch=89 profile=0 block=0 time_ns=2094666.300000
BANK_CAPTURE_COMMIT epoch=89 profile=0 block=0 time_ns=2099776.300000
BANK_FORWARD_ADMIT epoch=89 profile=0 index=0 fast_cycle=367467 time_ns=2099814.390705 interval_cycles=0
BANK_CAPTURE_START epoch=90 profile=0 block=0 time_ns=2100386.300000
BANK_CAPTURE_COMMIT epoch=90 profile=0 block=0 time_ns=2105496.300000
BANK_FORWARD_ADMIT epoch=90 profile=0 index=0 fast_cycle=368468 time_ns=2105534.390991 interval_cycles=0
BANK_CAPTURE_START epoch=91 profile=0 block=0 time_ns=2106106.300000
BANK_CAPTURE_COMMIT epoch=91 profile=0 block=0 time_ns=2111216.300000
BANK_FORWARD_ADMIT epoch=91 profile=0 index=0 fast_cycle=369469 time_ns=2111254.391277 interval_cycles=0
BANK_CAPTURE_START epoch=92 profile=0 block=0 time_ns=2111826.300000
BANK_CAPTURE_COMMIT epoch=92 profile=0 block=0 time_ns=2116936.300000
BANK_FORWARD_ADMIT epoch=92 profile=0 index=0 fast_cycle=370470 time_ns=2116974.391563 interval_cycles=0
BANK_CAPTURE_START epoch=93 profile=0 block=0 time_ns=2117546.300000
BANK_CAPTURE_COMMIT epoch=93 profile=0 block=0 time_ns=2122656.300000
BANK_FORWARD_ADMIT epoch=93 profile=0 index=0 fast_cycle=371471 time_ns=2122694.391849 interval_cycles=0
BANK_CAPTURE_START epoch=94 profile=0 block=0 time_ns=2123266.300000
BANK_CAPTURE_COMMIT epoch=94 profile=0 block=0 time_ns=2128376.300000
BANK_FORWARD_ADMIT epoch=94 profile=0 index=0 fast_cycle=372472 time_ns=2128414.392135 interval_cycles=0
BANK_JOB epoch=94 inverse=0 admit=372472 config_delta=3 input_span=513 input_last_to_output_first=781 commit_delta=1810
BANK_CAPTURE_START epoch=95 profile=0 block=0 time_ns=2139466.300000
BANK_CAPTURE_COMMIT epoch=95 profile=0 block=0 time_ns=2144576.300000
BANK_FORWARD_ADMIT epoch=95 profile=0 index=0 fast_cycle=375307 time_ns=2144614.392945 interval_cycles=0
BANK_JOB epoch=95 inverse=0 admit=375307 config_delta=3 input_span=513 input_last_to_output_first=781 commit_delta=1810
BANK_CAPTURE_START epoch=96 profile=0 block=0 time_ns=2155666.300000
BANK_CAPTURE_COMMIT epoch=96 profile=0 block=0 time_ns=2160776.300000
BANK_FORWARD_ADMIT epoch=96 profile=0 index=0 fast_cycle=378142 time_ns=2160814.393755 interval_cycles=0
BANK_JOB epoch=96 inverse=0 admit=378142 config_delta=3 input_span=513 input_last_to_output_first=781 commit_delta=1810
BANK_CAPTURE_START epoch=97 profile=0 block=0 time_ns=2171866.300000
BANK_CAPTURE_COMMIT epoch=97 profile=0 block=0 time_ns=2176976.300000
BANK_FORWARD_ADMIT epoch=97 profile=0 index=0 fast_cycle=380977 time_ns=2177014.394565 interval_cycles=0
BANK_JOB epoch=97 inverse=0 admit=380977 config_delta=3 input_span=513 input_last_to_output_first=781 commit_delta=1810
BANK_CAPTURE_START epoch=98 profile=0 block=0 time_ns=2188066.300000
BANK_CAPTURE_COMMIT epoch=98 profile=0 block=0 time_ns=2193176.300000
BANK_FORWARD_ADMIT epoch=98 profile=0 index=0 fast_cycle=383812 time_ns=2193214.395375 interval_cycles=0
BANK_JOB epoch=98 inverse=0 admit=383812 config_delta=3 input_span=513 input_last_to_output_first=781 commit_delta=1810
BANK_CAPTURE_START epoch=99 profile=0 block=0 time_ns=2204266.300000
BANK_CAPTURE_COMMIT epoch=99 profile=0 block=0 time_ns=2209376.300000
BANK_FORWARD_ADMIT epoch=99 profile=0 index=0 fast_cycle=386647 time_ns=2209414.396185 interval_cycles=0
BANK_JOB epoch=99 inverse=0 admit=386647 config_delta=3 input_span=513 input_last_to_output_first=781 commit_delta=1810
BANK_CAPTURE_START epoch=100 profile=0 block=0 time_ns=2220466.300000
BANK_CAPTURE_COMMIT epoch=100 profile=0 block=0 time_ns=2225576.300000
BANK_FORWARD_ADMIT epoch=100 profile=0 index=0 fast_cycle=389482 time_ns=2225614.396995 interval_cycles=0
BANK_JOB epoch=100 inverse=0 admit=389482 config_delta=3 input_span=513 input_last_to_output_first=781 commit_delta=1810
BANK_CAPTURE_START epoch=101 profile=0 block=0 time_ns=2236666.300000
BANK_CAPTURE_COMMIT epoch=101 profile=0 block=0 time_ns=2241776.300000
BANK_FORWARD_ADMIT epoch=101 profile=0 index=0 fast_cycle=392317 time_ns=2241814.397805 interval_cycles=0
BANK_JOB epoch=101 inverse=0 admit=392317 config_delta=3 input_span=513 input_last_to_output_first=781 commit_delta=1810
BANK_CAPTURE_START epoch=102 profile=0 block=0 time_ns=2252866.300000
BANK_CAPTURE_COMMIT epoch=102 profile=0 block=0 time_ns=2257976.300000
BANK_FORWARD_ADMIT epoch=102 profile=0 index=0 fast_cycle=395152 time_ns=2258014.398615 interval_cycles=0
BANK_JOB epoch=102 inverse=0 admit=395152 config_delta=3 input_span=513 input_last_to_output_first=781 commit_delta=1810
BANK_CAPTURE_START epoch=103 profile=0 block=0 time_ns=2269066.300000
BANK_CAPTURE_COMMIT epoch=103 profile=0 block=0 time_ns=2274176.300000
BANK_FORWARD_ADMIT epoch=103 profile=0 index=0 fast_cycle=397987 time_ns=2274214.399425 interval_cycles=0
BANK_JOB epoch=103 inverse=0 admit=397987 config_delta=3 input_span=513 input_last_to_output_first=781 commit_delta=1810
BANK_CAPTURE_START epoch=104 profile=0 block=0 time_ns=2285266.300000
BANK_CAPTURE_COMMIT epoch=104 profile=0 block=0 time_ns=2290376.300000
BANK_FORWARD_ADMIT epoch=104 profile=0 index=0 fast_cycle=400822 time_ns=2290414.400235 interval_cycles=0
BANK_JOB epoch=104 inverse=0 admit=400822 config_delta=3 input_span=513 input_last_to_output_first=781 commit_delta=1810
BANK_CAPTURE_START epoch=105 profile=0 block=0 time_ns=2301466.300000
BANK_CAPTURE_COMMIT epoch=105 profile=0 block=0 time_ns=2306576.300000
BANK_FORWARD_ADMIT epoch=105 profile=0 index=0 fast_cycle=403657 time_ns=2306614.401045 interval_cycles=0
BANK_JOB epoch=105 inverse=0 admit=403657 config_delta=3 input_span=513 input_last_to_output_first=781 commit_delta=1810
BANK_CAPTURE_START epoch=106 profile=0 block=0 time_ns=2317666.300000
BANK_CAPTURE_COMMIT epoch=106 profile=0 block=0 time_ns=2322776.300000
BANK_FORWARD_ADMIT epoch=106 profile=0 index=0 fast_cycle=406492 time_ns=2322814.401855 interval_cycles=0
BANK_JOB epoch=106 inverse=0 admit=406492 config_delta=3 input_span=513 input_last_to_output_first=781 commit_delta=1810
BANK_CAPTURE_START epoch=107 profile=0 block=0 time_ns=2333866.300000
BANK_CAPTURE_COMMIT epoch=107 profile=0 block=0 time_ns=2338976.300000
BANK_FORWARD_ADMIT epoch=107 profile=0 index=0 fast_cycle=409327 time_ns=2339014.402665 interval_cycles=0
BANK_JOB epoch=107 inverse=0 admit=409327 config_delta=3 input_span=513 input_last_to_output_first=781 commit_delta=1810
BANK_CAPTURE_START epoch=108 profile=0 block=0 time_ns=2350066.300000
BANK_CAPTURE_COMMIT epoch=108 profile=0 block=0 time_ns=2355176.300000
BANK_FORWARD_ADMIT epoch=108 profile=0 index=0 fast_cycle=412162 time_ns=2355214.403475 interval_cycles=0
BANK_JOB epoch=108 inverse=0 admit=412162 config_delta=3 input_span=513 input_last_to_output_first=781 commit_delta=1810
BANK_CAPTURE_START epoch=109 profile=0 block=0 time_ns=2366266.300000
BANK_CAPTURE_COMMIT epoch=109 profile=0 block=0 time_ns=2371376.300000
BANK_FORWARD_ADMIT epoch=109 profile=0 index=0 fast_cycle=414997 time_ns=2371414.404285 interval_cycles=0
BANK_JOB epoch=109 inverse=0 admit=414997 config_delta=3 input_span=513 input_last_to_output_first=781 commit_delta=1810
BANK_CAPTURE_START epoch=110 profile=0 block=0 time_ns=2382466.300000
BANK_CAPTURE_COMMIT epoch=110 profile=0 block=0 time_ns=2387576.300000
BANK_FORWARD_ADMIT epoch=110 profile=0 index=0 fast_cycle=417832 time_ns=2387614.405095 interval_cycles=0
BANK_JOB epoch=110 inverse=0 admit=417832 config_delta=3 input_span=513 input_last_to_output_first=781 commit_delta=1810
BANK_CAPTURE_START epoch=111 profile=0 block=0 time_ns=2398666.300000
BANK_CAPTURE_COMMIT epoch=111 profile=0 block=0 time_ns=2403776.300000
BANK_FORWARD_ADMIT epoch=111 profile=0 index=0 fast_cycle=420667 time_ns=2403814.405905 interval_cycles=0
BANK_JOB epoch=111 inverse=0 admit=420667 config_delta=3 input_span=513 input_last_to_output_first=781 commit_delta=1810
BANK_CAPTURE_START epoch=112 profile=0 block=0 time_ns=2414866.300000
BANK_CAPTURE_COMMIT epoch=112 profile=0 block=0 time_ns=2419976.300000
BANK_FORWARD_ADMIT epoch=112 profile=0 index=0 fast_cycle=423502 time_ns=2420014.406715 interval_cycles=0
BANK_JOB epoch=112 inverse=0 admit=423502 config_delta=3 input_span=513 input_last_to_output_first=781 commit_delta=1810
BANK_CAPTURE_START epoch=113 profile=0 block=0 time_ns=2431066.300000
BANK_CAPTURE_COMMIT epoch=113 profile=0 block=0 time_ns=2436176.300000
BANK_FORWARD_ADMIT epoch=113 profile=0 index=0 fast_cycle=426337 time_ns=2436214.407525 interval_cycles=0
BANK_JOB epoch=113 inverse=0 admit=426337 config_delta=3 input_span=513 input_last_to_output_first=781 commit_delta=1810
BANK_CAPTURE_START epoch=114 profile=0 block=0 time_ns=2447266.300000
BANK_CAPTURE_COMMIT epoch=114 profile=0 block=0 time_ns=2452376.300000
BANK_FORWARD_ADMIT epoch=114 profile=0 index=0 fast_cycle=429172 time_ns=2452414.408335 interval_cycles=0
BANK_JOB epoch=114 inverse=0 admit=429172 config_delta=3 input_span=513 input_last_to_output_first=781 commit_delta=1810
BANK_CAPTURE_START epoch=115 profile=0 block=0 time_ns=2463466.300000
BANK_CAPTURE_COMMIT epoch=115 profile=0 block=0 time_ns=2468576.300000
BANK_FORWARD_ADMIT epoch=115 profile=0 index=0 fast_cycle=432007 time_ns=2468614.409145 interval_cycles=0
BANK_JOB epoch=115 inverse=0 admit=432007 config_delta=3 input_span=513 input_last_to_output_first=781 commit_delta=1810
BANK_CAPTURE_START epoch=116 profile=0 block=0 time_ns=2479666.300000
BANK_CAPTURE_COMMIT epoch=116 profile=0 block=0 time_ns=2484776.300000
BANK_FORWARD_ADMIT epoch=116 profile=0 index=0 fast_cycle=434842 time_ns=2484814.409955 interval_cycles=0
BANK_JOB epoch=116 inverse=0 admit=434842 config_delta=3 input_span=513 input_last_to_output_first=781 commit_delta=1810
BANK_CAPTURE_START epoch=117 profile=0 block=0 time_ns=2495866.300000
BANK_CAPTURE_COMMIT epoch=117 profile=0 block=0 time_ns=2500976.300000
BANK_FORWARD_ADMIT epoch=117 profile=0 index=0 fast_cycle=437677 time_ns=2501014.410765 interval_cycles=0
BANK_JOB epoch=117 inverse=0 admit=437677 config_delta=3 input_span=513 input_last_to_output_first=781 commit_delta=1810
BANK_CAPTURE_START epoch=118 profile=0 block=0 time_ns=2512066.300000
BANK_CAPTURE_COMMIT epoch=118 profile=0 block=0 time_ns=2517176.300000
BANK_FORWARD_ADMIT epoch=118 profile=0 index=0 fast_cycle=440512 time_ns=2517214.411575 interval_cycles=0
BANK_JOB epoch=118 inverse=0 admit=440512 config_delta=3 input_span=513 input_last_to_output_first=781 commit_delta=1810
BANK_CAPTURE_START epoch=119 profile=0 block=0 time_ns=2528266.300000
BANK_CAPTURE_COMMIT epoch=119 profile=0 block=0 time_ns=2533376.300000
BANK_FORWARD_ADMIT epoch=119 profile=0 index=0 fast_cycle=443347 time_ns=2533414.412385 interval_cycles=0
BANK_JOB epoch=119 inverse=0 admit=443347 config_delta=3 input_span=513 input_last_to_output_first=781 commit_delta=1810
BANK_CAPTURE_START epoch=120 profile=0 block=0 time_ns=2544466.300000
BANK_CAPTURE_COMMIT epoch=120 profile=0 block=0 time_ns=2549576.300000
BANK_FORWARD_ADMIT epoch=120 profile=0 index=0 fast_cycle=446182 time_ns=2549614.413195 interval_cycles=0
BANK_JOB epoch=120 inverse=0 admit=446182 config_delta=3 input_span=513 input_last_to_output_first=781 commit_delta=1810
BANK_CAPTURE_START epoch=121 profile=0 block=0 time_ns=2560666.300000
BANK_CAPTURE_COMMIT epoch=121 profile=0 block=0 time_ns=2565776.300000
BANK_FORWARD_ADMIT epoch=121 profile=0 index=0 fast_cycle=449017 time_ns=2565814.414005 interval_cycles=0
BANK_JOB epoch=121 inverse=0 admit=449017 config_delta=3 input_span=513 input_last_to_output_first=781 commit_delta=1810
BANK_CAPTURE_START epoch=122 profile=0 block=0 time_ns=2576866.300000
BANK_CAPTURE_COMMIT epoch=122 profile=0 block=0 time_ns=2581976.300000
BANK_FORWARD_ADMIT epoch=122 profile=0 index=0 fast_cycle=451852 time_ns=2582014.414815 interval_cycles=0
BANK_JOB epoch=122 inverse=0 admit=451852 config_delta=3 input_span=513 input_last_to_output_first=781 commit_delta=1810
BANK_CAPTURE_START epoch=123 profile=0 block=0 time_ns=2593066.300000
BANK_CAPTURE_COMMIT epoch=123 profile=0 block=0 time_ns=2598176.300000
BANK_FORWARD_ADMIT epoch=123 profile=0 index=0 fast_cycle=454687 time_ns=2598214.415625 interval_cycles=0
BANK_JOB epoch=123 inverse=0 admit=454687 config_delta=3 input_span=513 input_last_to_output_first=781 commit_delta=1810
BANK_CAPTURE_START epoch=124 profile=0 block=0 time_ns=2609266.300000
BANK_CAPTURE_COMMIT epoch=124 profile=0 block=0 time_ns=2614376.300000
BANK_FORWARD_ADMIT epoch=124 profile=0 index=0 fast_cycle=457522 time_ns=2614414.416435 interval_cycles=0
BANK_JOB epoch=124 inverse=0 admit=457522 config_delta=3 input_span=513 input_last_to_output_first=781 commit_delta=1810
BANK_CAPTURE_START epoch=125 profile=0 block=0 time_ns=2625466.300000
BANK_CAPTURE_COMMIT epoch=125 profile=0 block=0 time_ns=2630576.300000
BANK_FORWARD_ADMIT epoch=125 profile=0 index=0 fast_cycle=460357 time_ns=2630614.417245 interval_cycles=0
BANK_JOB epoch=125 inverse=0 admit=460357 config_delta=3 input_span=513 input_last_to_output_first=781 commit_delta=1810
BANK_CAPTURE_START epoch=126 profile=0 block=0 time_ns=2641666.300000
BANK_CAPTURE_COMMIT epoch=126 profile=0 block=0 time_ns=2646776.300000
BANK_FORWARD_ADMIT epoch=126 profile=0 index=0 fast_cycle=463192 time_ns=2646814.418055 interval_cycles=0
BANK_JOB epoch=126 inverse=0 admit=463192 config_delta=3 input_span=513 input_last_to_output_first=781 commit_delta=1810
BANK_CAPTURE_START epoch=127 profile=0 block=0 time_ns=2657866.300000
BANK_CAPTURE_COMMIT epoch=127 profile=0 block=0 time_ns=2662976.300000
BANK_FORWARD_ADMIT epoch=127 profile=0 index=0 fast_cycle=466027 time_ns=2663014.418865 interval_cycles=0
BANK_JOB epoch=127 inverse=0 admit=466027 config_delta=3 input_span=513 input_last_to_output_first=781 commit_delta=1810
BANK_CAPTURE_START epoch=128 profile=0 block=0 time_ns=2674066.300000
BANK_CAPTURE_COMMIT epoch=128 profile=0 block=0 time_ns=2679176.300000
BANK_FORWARD_ADMIT epoch=128 profile=0 index=0 fast_cycle=468862 time_ns=2679214.419675 interval_cycles=0
BANK_JOB epoch=128 inverse=0 admit=468862 config_delta=3 input_span=513 input_last_to_output_first=781 commit_delta=1810
BANK_CAPTURE_START epoch=129 profile=0 block=0 time_ns=2690266.300000
BANK_CAPTURE_COMMIT epoch=129 profile=0 block=0 time_ns=2695376.300000
BANK_FORWARD_ADMIT epoch=129 profile=0 index=0 fast_cycle=471697 time_ns=2695414.420485 interval_cycles=0
BANK_JOB epoch=129 inverse=0 admit=471697 config_delta=3 input_span=513 input_last_to_output_first=781 commit_delta=1810
BANK_CAPTURE_START epoch=130 profile=0 block=0 time_ns=2706466.300000
BANK_CAPTURE_COMMIT epoch=130 profile=0 block=0 time_ns=2711576.300000
BANK_FORWARD_ADMIT epoch=130 profile=0 index=0 fast_cycle=474532 time_ns=2711614.421295 interval_cycles=0
BANK_JOB epoch=130 inverse=0 admit=474532 config_delta=3 input_span=513 input_last_to_output_first=781 commit_delta=1810
BANK_CAPTURE_START epoch=131 profile=0 block=0 time_ns=2722666.300000
BANK_CAPTURE_COMMIT epoch=131 profile=0 block=0 time_ns=2727776.300000
BANK_FORWARD_ADMIT epoch=131 profile=0 index=0 fast_cycle=477367 time_ns=2727814.422105 interval_cycles=0
BANK_JOB epoch=131 inverse=0 admit=477367 config_delta=3 input_span=513 input_last_to_output_first=781 commit_delta=1810
BANK_CAPTURE_START epoch=132 profile=0 block=0 time_ns=2738866.300000
BANK_CAPTURE_COMMIT epoch=132 profile=0 block=0 time_ns=2743976.300000
BANK_FORWARD_ADMIT epoch=132 profile=0 index=0 fast_cycle=480202 time_ns=2744014.422915 interval_cycles=0
BANK_JOB epoch=132 inverse=0 admit=480202 config_delta=3 input_span=513 input_last_to_output_first=781 commit_delta=1810
BANK_CAPTURE_START epoch=133 profile=0 block=0 time_ns=2755066.300000
BANK_CAPTURE_COMMIT epoch=133 profile=0 block=0 time_ns=2760176.300000
BANK_FORWARD_ADMIT epoch=133 profile=0 index=0 fast_cycle=483037 time_ns=2760214.423725 interval_cycles=0
BANK_JOB epoch=133 inverse=0 admit=483037 config_delta=3 input_span=513 input_last_to_output_first=781 commit_delta=1810
BANK_CAPTURE_START epoch=134 profile=0 block=0 time_ns=2771266.300000
BANK_CAPTURE_COMMIT epoch=134 profile=0 block=0 time_ns=2776376.300000
BANK_FORWARD_ADMIT epoch=134 profile=0 index=0 fast_cycle=485872 time_ns=2776414.424535 interval_cycles=0
BANK_JOB epoch=134 inverse=0 admit=485872 config_delta=3 input_span=513 input_last_to_output_first=781 commit_delta=1810
BANK_CAPTURE_START epoch=135 profile=0 block=0 time_ns=2787466.300000
BANK_CAPTURE_COMMIT epoch=135 profile=0 block=0 time_ns=2792576.300000
BANK_FORWARD_ADMIT epoch=135 profile=0 index=0 fast_cycle=488707 time_ns=2792614.425345 interval_cycles=0
BANK_JOB epoch=135 inverse=0 admit=488707 config_delta=3 input_span=513 input_last_to_output_first=781 commit_delta=1810
BANK_CAPTURE_START epoch=136 profile=0 block=0 time_ns=2803666.300000
BANK_CAPTURE_COMMIT epoch=136 profile=0 block=0 time_ns=2808776.300000
BANK_FORWARD_ADMIT epoch=136 profile=0 index=0 fast_cycle=491542 time_ns=2808814.426155 interval_cycles=0
BANK_JOB epoch=136 inverse=0 admit=491542 config_delta=3 input_span=513 input_last_to_output_first=781 commit_delta=1810
CHECKED_ACTUAL_LATENCY epoch=136 forward_start=491544 product_final=493356 seal=493358 publication=493359 ack=493369 inverse_start=493378 first_core=493381 last_core=493893 release=493894
BANK_JOB epoch=136 inverse=1 admit=493376 config_delta=3 input_span=513 input_last_to_output_first=781 commit_delta=1810
BANK_OUTPUT_START epoch=136 profile=0 block=0 time_ns=2829686.300000
BANK_OUTPUT epoch=136 profile=0 block=0 time_ns=2834796.300000
BANK_CAPTURE_START epoch=137 profile=0 block=0 time_ns=2835086.300000
BANK_CAPTURE_COMMIT epoch=137 profile=0 block=0 time_ns=2840196.300000
BANK_FORWARD_ADMIT epoch=137 profile=0 index=0 fast_cycle=497040 time_ns=2840231.570583 interval_cycles=0
BANK_CAPTURE_START epoch=138 profile=0 block=0 time_ns=2840806.300000
BANK_CAPTURE_COMMIT epoch=138 profile=0 block=0 time_ns=2845916.300000
BANK_FORWARD_ADMIT epoch=138 profile=0 index=0 fast_cycle=498041 time_ns=2845951.570869 interval_cycles=0
BANK_JOB epoch=138 inverse=0 admit=498041 config_delta=3 input_span=513 input_last_to_output_first=781 commit_delta=1810
CHECKED_ACTUAL_LATENCY epoch=138 forward_start=498043 product_final=499855 seal=499857 publication=499858 ack=499868 inverse_start=499877 first_core=499880 last_core=500392 release=500393
BANK_JOB epoch=138 inverse=1 admit=499875 config_delta=3 input_span=513 input_last_to_output_first=781 commit_delta=1810
BANK_OUTPUT_START epoch=138 profile=0 block=0 time_ns=2866816.300000
BANK_OUTPUT epoch=138 profile=0 block=0 time_ns=2871926.300000
PREFLIGHT_REASON_SPLIT_PASS matrix_cases=84 transform_phases=2 reason_bits=6 simultaneous_orphan_and_next_status=1 one_sided_fault_recoveries=2 private_ready_differences=54 private_admits=11 masked_start_samples=60 exact_public_and_reason_shadow=1
BANK_CAPTURE_START epoch=139 profile=0 block=0 time_ns=2872216.300000
BANK_CAPTURE_COMMIT epoch=139 profile=0 block=0 time_ns=2877326.300000
BANK_FORWARD_ADMIT epoch=139 profile=0 index=0 fast_cycle=503538 time_ns=2877363.001011 interval_cycles=0
BANK_JOB epoch=139 inverse=0 admit=503538 config_delta=3 input_span=513 input_last_to_output_first=781 commit_delta=1810
CHECKED_ACTUAL_LATENCY epoch=139 forward_start=503540 product_final=505352 seal=505354 publication=505355 ack=505365 inverse_start=505374 first_core=505377 last_core=505889 release=505890
BANK_JOB epoch=139 inverse=1 admit=505372 config_delta=3 input_span=513 input_last_to_output_first=781 commit_delta=1810
BANK_OUTPUT_START epoch=139 profile=0 block=0 time_ns=2898226.300000
BANK_OUTPUT epoch=139 profile=0 block=0 time_ns=2903336.300000
BANK_CAPTURE_START epoch=140 profile=0 block=0 time_ns=2903626.300000
BANK_CAPTURE_COMMIT epoch=140 profile=0 block=0 time_ns=2908736.300000
BANK_FORWARD_ADMIT epoch=140 profile=0 index=0 fast_cycle=509035 time_ns=2908774.431153 interval_cycles=0
BANK_JOB epoch=140 inverse=0 admit=509035 config_delta=3 input_span=513 input_last_to_output_first=781 commit_delta=1810
CHECKED_ACTUAL_LATENCY epoch=140 forward_start=509037 product_final=510849 seal=510851 publication=510852 ack=510862 inverse_start=510871 first_core=510874 last_core=511386 release=511387
BANK_JOB epoch=140 inverse=1 admit=510869 config_delta=3 input_span=513 input_last_to_output_first=781 commit_delta=1810
BANK_OUTPUT_START epoch=140 profile=0 block=0 time_ns=2929646.300000
BANK_OUTPUT epoch=140 profile=0 block=0 time_ns=2934756.300000
BANK_CAPTURE_START epoch=141 profile=0 block=0 time_ns=2935046.300000
BANK_CAPTURE_COMMIT epoch=141 profile=0 block=0 time_ns=2940156.300000
BANK_FORWARD_ADMIT epoch=141 profile=0 index=0 fast_cycle=514533 time_ns=2940191.575581 interval_cycles=0
BANK_JOB epoch=141 inverse=0 admit=514533 config_delta=3 input_span=513 input_last_to_output_first=781 commit_delta=1810
CHECKED_ACTUAL_LATENCY epoch=141 forward_start=514535 product_final=516347 seal=516349 publication=516350 ack=516360 inverse_start=516369 first_core=516372 last_core=516884 release=516885
BANK_JOB epoch=141 inverse=1 admit=516367 config_delta=3 input_span=513 input_last_to_output_first=781 commit_delta=1810
BANK_OUTPUT_START epoch=141 profile=0 block=0 time_ns=2961056.300000
BANK_OUTPUT epoch=141 profile=0 block=0 time_ns=2966166.300000
BANK_CAPTURE_START epoch=142 profile=0 block=0 time_ns=2966456.300000
BANK_CAPTURE_COMMIT epoch=142 profile=0 block=0 time_ns=2971566.300000
BANK_FORWARD_ADMIT epoch=142 profile=0 index=0 fast_cycle=520030 time_ns=2971603.005723 interval_cycles=0
BANK_JOB epoch=142 inverse=0 admit=520030 config_delta=3 input_span=513 input_last_to_output_first=781 commit_delta=1810
CHECKED_ACTUAL_LATENCY epoch=142 forward_start=520032 product_final=521844 seal=521846 publication=521847 ack=521857 inverse_start=521866 first_core=521869 last_core=522381 release=522382
BANK_JOB epoch=142 inverse=1 admit=521864 config_delta=3 input_span=513 input_last_to_output_first=781 commit_delta=1810
BANK_OUTPUT_START epoch=142 profile=0 block=0 time_ns=2992466.300000
BANK_OUTPUT epoch=142 profile=0 block=0 time_ns=2997576.300000
BANK_CAPTURE_START epoch=143 profile=0 block=0 time_ns=2997866.300000
BANK_CAPTURE_COMMIT epoch=143 profile=0 block=0 time_ns=3002976.300000
BANK_FORWARD_ADMIT epoch=143 profile=0 index=0 fast_cycle=525527 time_ns=3003014.435865 interval_cycles=0
BANK_JOB epoch=143 inverse=0 admit=525527 config_delta=3 input_span=513 input_last_to_output_first=781 commit_delta=1810
CHECKED_ACTUAL_LATENCY epoch=143 forward_start=525529 product_final=527341 seal=527343 publication=527344 ack=527354 inverse_start=527363 first_core=527366 last_core=527878 release=527879
BANK_JOB epoch=143 inverse=1 admit=527361 config_delta=3 input_span=513 input_last_to_output_first=781 commit_delta=1810
BANK_OUTPUT_START epoch=143 profile=0 block=0 time_ns=3023886.300000
BANK_OUTPUT epoch=143 profile=0 block=0 time_ns=3028996.300000
BANK_CAPTURE_START epoch=144 profile=0 block=0 time_ns=3029286.300000
BANK_CAPTURE_COMMIT epoch=144 profile=0 block=0 time_ns=3034396.300000
BANK_FORWARD_ADMIT epoch=144 profile=0 index=0 fast_cycle=531025 time_ns=3034431.580293 interval_cycles=0
BANK_JOB epoch=144 inverse=0 admit=531025 config_delta=3 input_span=513 input_last_to_output_first=781 commit_delta=1810
CHECKED_ACTUAL_LATENCY epoch=144 forward_start=531027 product_final=532839 seal=532841 publication=532842 ack=532852 inverse_start=532861 first_core=532864 last_core=533376 release=533377
BANK_JOB epoch=144 inverse=1 admit=532859 config_delta=3 input_span=513 input_last_to_output_first=781 commit_delta=1810
BANK_OUTPUT_START epoch=144 profile=0 block=0 time_ns=3055296.300000
BANK_OUTPUT epoch=144 profile=0 block=0 time_ns=3060406.300000
BANK_CAPTURE_START epoch=145 profile=0 block=0 time_ns=3060696.300000
BANK_CAPTURE_COMMIT epoch=145 profile=0 block=0 time_ns=3065806.300000
BANK_FORWARD_ADMIT epoch=145 profile=0 index=0 fast_cycle=536522 time_ns=3065843.010435 interval_cycles=0
BANK_JOB epoch=145 inverse=0 admit=536522 config_delta=3 input_span=513 input_last_to_output_first=781 commit_delta=1810
BANK_CAPTURE_START epoch=146 profile=0 block=0 time_ns=3076886.300000
BANK_CAPTURE_COMMIT epoch=146 profile=0 block=0 time_ns=3081996.300000
BANK_FORWARD_ADMIT epoch=146 profile=0 index=0 fast_cycle=539355 time_ns=3082031.582673 interval_cycles=0
BANK_JOB epoch=146 inverse=0 admit=539355 config_delta=3 input_span=513 input_last_to_output_first=781 commit_delta=1810
BANK_CAPTURE_START epoch=147 profile=0 block=0 time_ns=3093066.300000
BANK_CAPTURE_COMMIT epoch=147 profile=0 block=0 time_ns=3098176.300000
BANK_FORWARD_ADMIT epoch=147 profile=0 index=0 fast_cycle=542187 time_ns=3098214.440625 interval_cycles=0
BANK_JOB epoch=147 inverse=0 admit=542187 config_delta=3 input_span=513 input_last_to_output_first=781 commit_delta=1810
BANK_CAPTURE_START epoch=148 profile=0 block=0 time_ns=3109266.300000
BANK_CAPTURE_COMMIT epoch=148 profile=0 block=0 time_ns=3114376.300000
BANK_FORWARD_ADMIT epoch=148 profile=0 index=0 fast_cycle=545022 time_ns=3114414.441435 interval_cycles=0
BANK_JOB epoch=148 inverse=0 admit=545022 config_delta=3 input_span=513 input_last_to_output_first=781 commit_delta=1810
BANK_CAPTURE_START epoch=149 profile=0 block=0 time_ns=3125466.300000
BANK_CAPTURE_COMMIT epoch=149 profile=0 block=0 time_ns=3130576.300000
BANK_FORWARD_ADMIT epoch=149 profile=0 index=0 fast_cycle=547857 time_ns=3130614.442245 interval_cycles=0
BANK_JOB epoch=149 inverse=0 admit=547857 config_delta=3 input_span=513 input_last_to_output_first=781 commit_delta=1810
BANK_CAPTURE_START epoch=150 profile=0 block=0 time_ns=3141666.300000
BANK_CAPTURE_COMMIT epoch=150 profile=0 block=0 time_ns=3146776.300000
BANK_FORWARD_ADMIT epoch=150 profile=0 index=0 fast_cycle=550692 time_ns=3146814.443055 interval_cycles=0
BANK_JOB epoch=150 inverse=0 admit=550692 config_delta=3 input_span=513 input_last_to_output_first=781 commit_delta=1810
BANK_CAPTURE_START epoch=151 profile=0 block=0 time_ns=3157866.300000
BANK_CAPTURE_COMMIT epoch=151 profile=0 block=0 time_ns=3162976.300000
BANK_FORWARD_ADMIT epoch=151 profile=0 index=0 fast_cycle=553527 time_ns=3163014.443865 interval_cycles=0
BANK_CAPTURE_START epoch=152 profile=0 block=0 time_ns=3163826.300000
BANK_CAPTURE_COMMIT epoch=152 profile=0 block=0 time_ns=3168936.300000
BANK_FORWARD_ADMIT epoch=152 profile=0 index=0 fast_cycle=554570 time_ns=3168974.444163 interval_cycles=0
BANK_CAPTURE_START epoch=153 profile=0 block=0 time_ns=3169786.300000
BANK_CAPTURE_COMMIT epoch=153 profile=0 block=0 time_ns=3174896.300000
BANK_FORWARD_ADMIT epoch=153 profile=0 index=0 fast_cycle=555613 time_ns=3174934.444461 interval_cycles=0
BANK_CAPTURE_START epoch=154 profile=0 block=0 time_ns=3175746.300000
BANK_CAPTURE_COMMIT epoch=154 profile=0 block=0 time_ns=3180856.300000
BANK_FORWARD_ADMIT epoch=154 profile=0 index=0 fast_cycle=556656 time_ns=3180894.444759 interval_cycles=0
BANK_CAPTURE_START epoch=155 profile=0 block=0 time_ns=3181706.300000
BANK_CAPTURE_COMMIT epoch=155 profile=0 block=0 time_ns=3186816.300000
BANK_FORWARD_ADMIT epoch=155 profile=0 index=0 fast_cycle=557699 time_ns=3186854.445057 interval_cycles=0
BANK_CAPTURE_START epoch=156 profile=0 block=0 time_ns=3187666.300000
BANK_CAPTURE_COMMIT epoch=156 profile=0 block=0 time_ns=3192776.300000
BANK_FORWARD_ADMIT epoch=156 profile=0 index=0 fast_cycle=558742 time_ns=3192814.445355 interval_cycles=0
BANK_CAPTURE_START epoch=157 profile=0 block=0 time_ns=3193626.300000
BANK_CAPTURE_COMMIT epoch=157 profile=0 block=0 time_ns=3198736.300000
BANK_FORWARD_ADMIT epoch=157 profile=0 index=0 fast_cycle=559785 time_ns=3198774.445653 interval_cycles=0
BANK_JOB epoch=157 inverse=0 admit=559785 config_delta=3 input_span=513 input_last_to_output_first=781 commit_delta=1810
BANK_CAPTURE_START epoch=158 profile=0 block=0 time_ns=3210066.300000
BANK_CAPTURE_COMMIT epoch=158 profile=0 block=0 time_ns=3215176.300000
BANK_FORWARD_ADMIT epoch=158 profile=0 index=0 fast_cycle=562662 time_ns=3215214.446475 interval_cycles=0
BANK_JOB epoch=158 inverse=0 admit=562662 config_delta=3 input_span=513 input_last_to_output_first=781 commit_delta=1810
BANK_CAPTURE_START epoch=159 profile=0 block=0 time_ns=3226506.300000
BANK_CAPTURE_COMMIT epoch=159 profile=0 block=0 time_ns=3231616.300000
BANK_FORWARD_ADMIT epoch=159 profile=0 index=0 fast_cycle=565539 time_ns=3231654.447297 interval_cycles=0
BANK_JOB epoch=159 inverse=0 admit=565539 config_delta=3 input_span=513 input_last_to_output_first=781 commit_delta=1810
BANK_CAPTURE_START epoch=160 profile=0 block=0 time_ns=3242946.300000
BANK_CAPTURE_COMMIT epoch=160 profile=0 block=0 time_ns=3248056.300000
BANK_FORWARD_ADMIT epoch=160 profile=0 index=0 fast_cycle=568416 time_ns=3248094.448119 interval_cycles=0
BANK_JOB epoch=160 inverse=0 admit=568416 config_delta=3 input_span=513 input_last_to_output_first=781 commit_delta=1810
BANK_CAPTURE_START epoch=161 profile=0 block=0 time_ns=3259386.300000
BANK_CAPTURE_COMMIT epoch=161 profile=0 block=0 time_ns=3264496.300000
BANK_FORWARD_ADMIT epoch=161 profile=0 index=0 fast_cycle=571293 time_ns=3264534.448941 interval_cycles=0
BANK_JOB epoch=161 inverse=0 admit=571293 config_delta=3 input_span=513 input_last_to_output_first=781 commit_delta=1810
BANK_CAPTURE_START epoch=162 profile=0 block=0 time_ns=3275826.300000
BANK_CAPTURE_COMMIT epoch=162 profile=0 block=0 time_ns=3280936.300000
BANK_FORWARD_ADMIT epoch=162 profile=0 index=0 fast_cycle=574170 time_ns=3280974.449763 interval_cycles=0
BANK_JOB epoch=162 inverse=0 admit=574170 config_delta=3 input_span=513 input_last_to_output_first=781 commit_delta=1810
BANK_CAPTURE_START epoch=163 profile=0 block=0 time_ns=3292266.300000
BANK_CAPTURE_COMMIT epoch=163 profile=0 block=0 time_ns=3297376.300000
BANK_FORWARD_ADMIT epoch=163 profile=0 index=0 fast_cycle=577047 time_ns=3297414.450585 interval_cycles=0
BANK_CAPTURE_START epoch=164 profile=0 block=0 time_ns=3298246.300000
BANK_CAPTURE_COMMIT epoch=164 profile=0 block=0 time_ns=3303356.300000
BANK_FORWARD_ADMIT epoch=164 profile=0 index=0 fast_cycle=578093 time_ns=3303391.593741 interval_cycles=0
BANK_JOB epoch=164 inverse=0 admit=578093 config_delta=3 input_span=513 input_last_to_output_first=781 commit_delta=1810
BANK_CAPTURE_START epoch=165 profile=0 block=0 time_ns=3314706.300000
BANK_CAPTURE_COMMIT epoch=165 profile=0 block=0 time_ns=3319816.300000
BANK_FORWARD_ADMIT epoch=165 profile=0 index=0 fast_cycle=580974 time_ns=3319854.451707 interval_cycles=0
BANK_JOB epoch=165 inverse=0 admit=580974 config_delta=3 input_span=513 input_last_to_output_first=781 commit_delta=1810
CHECKED_ACTUAL_LATENCY epoch=165 forward_start=580976 product_final=582788 seal=582790 publication=582791 ack=582801 inverse_start=582810 first_core=582813 last_core=583325 release=583326
BANK_JOB epoch=165 inverse=1 admit=582808 config_delta=3 input_span=513 input_last_to_output_first=781 commit_delta=1810
BANK_OUTPUT_START epoch=165 profile=0 block=0 time_ns=3340726.300000
BANK_OUTPUT epoch=165 profile=0 block=0 time_ns=3345836.300000
BANK_CAPTURE_START epoch=166 profile=0 block=0 time_ns=3346126.300000
BANK_CAPTURE_COMMIT epoch=166 profile=0 block=0 time_ns=3351236.300000
BANK_FORWARD_ADMIT epoch=166 profile=0 index=0 fast_cycle=586472 time_ns=3351271.596135 interval_cycles=0
BANK_JOB epoch=166 inverse=0 admit=586472 config_delta=3 input_span=513 input_last_to_output_first=781 commit_delta=1810
CHECKED_ACTUAL_LATENCY epoch=166 forward_start=586474 product_final=588286 seal=588288 publication=588289 ack=588299 inverse_start=588308 first_core=588311 last_core=588823 release=588824
BANK_JOB epoch=166 inverse=1 admit=588306 config_delta=3 input_span=513 input_last_to_output_first=781 commit_delta=1810
BANK_OUTPUT_START epoch=166 profile=0 block=0 time_ns=3372136.300000
BANK_OUTPUT epoch=166 profile=0 block=0 time_ns=3377246.300000
CHECKED_INPUT_PHASE_PASS registered=1 active_fault_cases=12 vendor_open_quarantine_cases=2 reset_recoveries=2 input_shadow_checks=1174702 full_open_tuple_checks=212068 quarantine_open_checks=18 exact_certified_and_bank_reads=1
CHECKED_SOURCE_IDENTITY_ACTUAL_PASS enabled=1 legacy_input_shadow_checks=1174702 exact_per_beat_fault_reasons=1
CHECKED_PREFLIGHT_ACTUAL_PASS registered=1 global_current_cause_checks=1182048 preparing_tuple_checks=1852 expected_cache_cases=12 raw_bank_boundary_rows=84 independent_old_reason_shadow=1
PAYLOAD_BUBBLES_ACTUAL_PASS registered=1 checks=587298 join_occupied=70352 product_occupied=70572 invalid_join=134985 invalid_product=134734 frozen_old_chain=1 logical_retirement_unchanged=1
FORWARD_RETIREMENT_ACTUAL_PASS registered=1 checks=1182049 forward=140709 inverse_current=0 sticky_forward=0 all_old_outputs_literal=1 frozen_old_guard_chain=1
BANK_CAPTURE_START epoch=167 profile=0 block=0 time_ns=3377536.300000
BANK_CAPTURE_COMMIT epoch=167 profile=0 block=0 time_ns=3382646.300000
BANK_FORWARD_ADMIT epoch=167 profile=0 index=0 fast_cycle=591969 time_ns=3382683.026277 interval_cycles=0
BANK_CAPTURE_START epoch=168 profile=0 block=0 time_ns=3393586.300000
BANK_CAPTURE_COMMIT epoch=168 profile=0 block=0 time_ns=3398696.300000
BANK_FORWARD_ADMIT epoch=168 profile=0 index=0 fast_cycle=594778 time_ns=3398734.455651 interval_cycles=0
BANK_JOB epoch=168 inverse=0 admit=594778 config_delta=3 input_span=513 input_last_to_output_first=781 commit_delta=1810
CHECKED_ACTUAL_LATENCY epoch=168 forward_start=594780 product_final=596592 seal=596594 publication=596595 ack=596605 inverse_start=596614 first_core=596617 last_core=597129 release=597130
BANK_JOB epoch=168 inverse=1 admit=596612 config_delta=3 input_span=513 input_last_to_output_first=781 commit_delta=1810
BANK_OUTPUT_START epoch=168 profile=0 block=0 time_ns=3419606.300000
BANK_OUTPUT epoch=168 profile=0 block=0 time_ns=3424716.300000
BANK_CAPTURE_START epoch=169 profile=0 block=0 time_ns=3425006.300000
BANK_CAPTURE_COMMIT epoch=169 profile=0 block=0 time_ns=3430116.300000
BANK_FORWARD_ADMIT epoch=169 profile=0 index=0 fast_cycle=600276 time_ns=3430151.600079 interval_cycles=0
BANK_CAPTURE_START epoch=170 profile=0 block=0 time_ns=3441086.300000
BANK_CAPTURE_COMMIT epoch=170 profile=0 block=0 time_ns=3446196.300000
BANK_FORWARD_ADMIT epoch=170 profile=0 index=0 fast_cycle=603090 time_ns=3446231.600883 interval_cycles=0
BANK_JOB epoch=170 inverse=0 admit=603090 config_delta=3 input_span=513 input_last_to_output_first=781 commit_delta=1810
CHECKED_ACTUAL_LATENCY epoch=170 forward_start=603092 product_final=604904 seal=604906 publication=604907 ack=604917 inverse_start=604926 first_core=604929 last_core=605441 release=605442
BANK_JOB epoch=170 inverse=1 admit=604924 config_delta=3 input_span=513 input_last_to_output_first=781 commit_delta=1810
BANK_OUTPUT_START epoch=170 profile=0 block=0 time_ns=3467096.300000
BANK_OUTPUT epoch=170 profile=0 block=0 time_ns=3472206.300000
BANK_CAPTURE_START epoch=171 profile=0 block=0 time_ns=3472496.300000
BANK_CAPTURE_COMMIT epoch=171 profile=0 block=0 time_ns=3477606.300000
BANK_FORWARD_ADMIT epoch=171 profile=0 index=0 fast_cycle=608587 time_ns=3477643.031025 interval_cycles=0
BANK_CAPTURE_START epoch=173 profile=0 block=0 time_ns=3488486.300000
BANK_CAPTURE_COMMIT epoch=173 profile=0 block=0 time_ns=3493596.300000
BANK_FORWARD_ADMIT epoch=173 profile=0 index=0 fast_cycle=611385 time_ns=3493631.603253 interval_cycles=0
BANK_JOB epoch=173 inverse=0 admit=611385 config_delta=3 input_span=513 input_last_to_output_first=781 commit_delta=1810
CHECKED_ACTUAL_LATENCY epoch=173 forward_start=611387 product_final=613199 seal=613201 publication=613202 ack=613212 inverse_start=613221 first_core=613224 last_core=613736 release=613737
BANK_JOB epoch=173 inverse=1 admit=613219 config_delta=3 input_span=513 input_last_to_output_first=781 commit_delta=1810
BANK_OUTPUT_START epoch=173 profile=0 block=0 time_ns=3514496.300000
BANK_OUTPUT epoch=173 profile=0 block=0 time_ns=3519606.300000
BANK_CAPTURE_START epoch=174 profile=0 block=0 time_ns=3519896.300000
BANK_CAPTURE_COMMIT epoch=174 profile=0 block=0 time_ns=3525006.300000
BANK_FORWARD_ADMIT epoch=174 profile=0 index=0 fast_cycle=616882 time_ns=3525043.033395 interval_cycles=0
BANK_CAPTURE_START epoch=176 profile=0 block=0 time_ns=3535886.300000
BANK_CAPTURE_COMMIT epoch=176 profile=0 block=0 time_ns=3540996.300000
BANK_FORWARD_ADMIT epoch=176 profile=0 index=0 fast_cycle=619680 time_ns=3541031.605623 interval_cycles=0
BANK_JOB epoch=176 inverse=0 admit=619680 config_delta=3 input_span=513 input_last_to_output_first=781 commit_delta=1810
CHECKED_ACTUAL_LATENCY epoch=176 forward_start=619682 product_final=621494 seal=621496 publication=621497 ack=621507 inverse_start=621516 first_core=621519 last_core=622031 release=622032
BANK_JOB epoch=176 inverse=1 admit=621514 config_delta=3 input_span=513 input_last_to_output_first=781 commit_delta=1810
BANK_OUTPUT_START epoch=176 profile=0 block=0 time_ns=3561896.300000
BANK_OUTPUT epoch=176 profile=0 block=0 time_ns=3567006.300000
EXACT_CONTROL_EXTRA_EPOCHS_PASS final_faults=2 held_final_stalls=3 one_sided_resets=2 healthy_recoveries=4
FAULT_CDC_ACTUAL_PASS enabled=1 checks=713408 stage0_high=8924 stage1_high=8652 reset_samples=4683 current_fault_edges=7883 final_fault_edges=115 private_core_reset_samples=4250 scalar_source=actual_fast_fault reference_reset=slow_running
ROM_READ_AHEAD_ACTUAL_PASS word=1 metadata=1 pre=624233 post=624233 accepts=74444 first=148 last=141 stalls=11 resets=4015 current_fault_edges=7883 final_fault_edges=115 private_reset_edges=164661 old_source=C1 input_ports_only=1 unconditional_old_state=1
CHECKED_PRODUCT_ACTUAL_PASS enabled=1 pre=624233 post=624233 jobs=184 products=74418 seals=140 publications=140 acks=131 starts=75 raw_offers=36568 raw_takes=34897 raw_bad_offers=17 core_takes=34678 releases=67 resets=4367 current_faults=7883 statuses=303 purge_checks=624233 capacity_receipts=253 retained_checks=8494 source=actual_ports_and_independent_origin changed_latency=1 raw217_claim=0
$finish called at time : 3567043039495 fs : File "/home/mouse9911/gits/starlink-build-recovery-20260910.vHzUVnBz/checked-product-actual-prepared-v1/frozen_sources/tb_starlink_pss_fft_bank_owned_slice.sv" Line 1031
run: Time (s): cpu = 00:00:11 ; elapsed = 00:03:53 . Memory (MB): peak = 1412.594 ; gain = 0.000 ; free physical = 15165 ; free virtual = 123066
xsim: Time (s): cpu = 00:00:11 ; elapsed = 00:03:54 . Memory (MB): peak = 1412.594 ; gain = 11.934 ; free physical = 15165 ; free virtual = 123066
INFO: [USF-XSim-96] XSim completed. Design snapshot 'tb_starlink_pss_fft_bank_owned_slice_behav' loaded.
INFO: [USF-XSim-97] XSim simulation ran for all
launch_simulation: Time (s): cpu = 00:00:27 ; elapsed = 00:04:06 . Memory (MB): peak = 1412.594 ; gain = 75.965 ; free physical = 15165 ; free virtual = 123066
INFO: xsimkernel Simulation Memory Usage: 136740 KB (Peak: 185692 KB), Simulation CPU Usage: 233370 ms
INFO: [Simtcl 6-16] Simulation closed
Traceback (most recent call last):
  File "/home/mouse9911/gits/starlink-build-recovery-20260910.vHzUVnBz/checked-product-actual-prepared-v1/prepare_checked_product_actual_run.py", line 189, in <module>
    result = runpy.run_path(str(Path(__file__).with_name(RESULT)))["verify_result"](args.verify_result)
             ^^^^^^^^^^^^^^^^^^^^^^^^^^^^^^^^^^^^^^^^^^^^^^^^^^^^^^^^^^^^^^^^^^^^^^^^^^^^^^^^^^^^^^^^^^
  File "/home/mouse9911/gits/starlink-build-recovery-20260910.vHzUVnBz/checked-product-actual-prepared-v1/checked_product_actual_result.py", line 248, in verify_result
    streams, service = verify_cycles(simulation, owner)
                       ^^^^^^^^^^^^^^^^^^^^^^^^^^^^^^^^
  File "/home/mouse9911/gits/starlink-build-recovery-20260910.vHzUVnBz/checked-product-actual-prepared-v1/checked_product_actual_result.py", line 169, in verify_cycles
    raise ValueError("incomplete full trace/service profile or observer accounting")
ValueError: incomplete full trace/service profile or observer accounting
    while executing
"exec env -u PYTHONHOME -u PYTHONPATH -u LD_LIBRARY_PATH /home/mouse9911/gits/pluto-plus-utils/.venv/bin/python -B [file join $output_dir prepare_check..."
    invoked from within
"puts [exec env -u PYTHONHOME -u PYTHONPATH -u LD_LIBRARY_PATH /home/mouse9911/gits/pluto-plus-utils/.venv/bin/python -B [file join $output_dir prepare..."
    (file "/home/mouse9911/gits/starlink-build-recovery-20260910.vHzUVnBz/checked-product-actual-prepared-v1/frozen_sources/simulate_exact_control_prepared.tcl" line 136)
INFO: [Common 17-206] Exiting Vivado at Thu Sep 10 21:00:16 2026...
